time,open,high,low,close
2025-09-24T06:00:00Z,97.925003,98.088997,97.922997,97.952003
2025-09-24T07:00:00Z,97.949997,98.067001,97.916000,98.004997
2025-09-24T08:00:00Z,98.004997,98.054001,97.910004,98.043999
2025-09-24T09:00:00Z,98.042999,98.093002,98.004997,98.037003
2025-09-24T10:00:00Z,98.035004,98.071999,97.996002,98.019997
2025-09-24T11:00:00Z,98.022003,98.054001,98.000999,98.039001
2025-09-24T12:00:00Z,98.039001,98.182999,97.998001,98.027000
2025-09-24T13:00:00Z,98.027000,98.069000,97.962997,98.030998
2025-09-24T14:00:00Z,98.031998,98.063004,97.921997,98.014999
2025-09-24T15:00:00Z,98.014000,98.045998,97.928001,97.933998
2025-09-24T16:00:00Z,97.941002,97.947998,97.806999,97.831001
2025-09-24T17:00:00Z,97.829002,97.933998,97.823997,97.886002
2025-09-24T18:00:00Z,97.889000,97.941002,97.866997,97.931000
2025-09-24T19:00:00Z,97.931999,98.000000,97.931000,97.988998
2025-09-24T20:00:00Z,97.990997,98.026001,97.947998,97.989998
2025-09-24T21:00:00Z,97.946999,98.003998,97.841003,97.874001
2025-09-24T22:00:00Z,97.874001,98.007004,97.874001,97.992996
2025-09-24T23:00:00Z,97.994003,98.004997,97.927002,97.985001
2025-09-25T00:00:00Z,97.985001,98.003998,97.883003,97.949997
2025-09-25T01:00:00Z,97.948997,98.037003,97.931000,97.987000
2025-09-25T02:00:00Z,97.987000,98.149002,97.955002,98.143997
2025-09-25T03:00:00Z,98.147003,98.153999,98.070000,98.108002
2025-09-25T04:00:00Z,98.108002,98.119003,98.031998,98.040001
2025-09-25T05:00:00Z,98.040001,98.138000,98.017998,98.130997
2025-09-25T06:00:00Z,98.126999,98.213997,98.091003,98.113998
2025-09-25T07:00:00Z,98.113998,98.122002,97.959000,98.002998
2025-09-25T08:00:00Z,98.008003,98.162003,97.990997,98.141998
2025-09-25T09:00:00Z,98.140999,98.223999,98.140999,98.180000
2025-09-25T10:00:00Z,98.181000,98.181999,98.042000,98.059998
2025-09-25T11:00:00Z,98.057999,98.112000,97.957001,97.970001
2025-09-25T12:00:00Z,97.971001,97.991997,97.786003,97.906998
2025-09-25T13:00:00Z,97.907997,97.931999,97.744003,97.807999
2025-09-25T14:00:00Z,97.818001,97.984001,97.807999,97.972000
2025-09-25T15:00:00Z,97.973999,98.127998,97.925003,98.103996
2025-09-25T16:00:00Z,98.102997,98.135002,97.981003,98.014999
2025-09-25T17:00:00Z,98.018997,98.028999,97.847000,97.862999
2025-09-25T18:00:00Z,97.862999,97.953003,97.751999,97.931000
2025-09-25T19:00:00Z,97.926003,97.941002,97.847000,97.899002
2025-09-25T20:00:00Z,97.898003,97.977997,97.884003,97.940002
2025-09-25T21:00:00Z,97.928001,98.043999,97.775002,97.852997
2025-09-25T22:00:00Z,97.850998,97.977997,97.821999,97.915001
2025-09-25T23:00:00Z,97.903000,97.992996,97.878998,97.984001
2025-09-26T00:00:00Z,97.985001,97.986000,97.825996,97.852997
2025-09-26T01:00:00Z,97.850998,97.932999,97.822998,97.884003
2025-09-26T02:00:00Z,97.886002,97.981003,97.875999,97.922997
2025-09-26T03:00:00Z,97.921997,97.953003,97.914001,97.935997
2025-09-26T04:00:00Z,97.935997,97.941002,97.876999,97.890999
2025-09-26T05:00:00Z,97.889000,97.932999,97.851997,97.912003
2025-09-26T06:00:00Z,97.908997,97.996002,97.848000,97.875999
2025-09-26T07:00:00Z,97.875000,97.942001,97.805000,97.865997
2025-09-26T08:00:00Z,97.862999,97.882004,97.750000,97.810997
2025-09-26T09:00:00Z,97.809998,97.857002,97.746002,97.771004
2025-09-26T10:00:00Z,97.765999,97.794998,97.726997,97.764999
2025-09-26T11:00:00Z,97.766998,97.815002,97.724998,97.763000
2025-09-26T12:00:00Z,97.760002,97.853996,97.717003,97.823997
2025-09-26T13:00:00Z,97.819000,97.978996,97.802002,97.952003
2025-09-26T14:00:00Z,97.952003,97.973000,97.773003,97.813004
2025-09-26T15:00:00Z,97.813004,97.869003,97.788002,97.846001
2025-09-26T16:00:00Z,97.845001,97.943001,97.841003,97.931999
2025-09-26T17:00:00Z,97.931999,97.954002,97.891998,97.917999
2025-09-26T18:00:00Z,97.917000,97.942001,97.864998,97.885002
2025-09-26T19:00:00Z,97.884003,97.947998,97.873001,97.939003
2025-09-26T20:00:00Z,97.940002,97.944000,97.727997,97.727997
2025-09-26T21:00:00Z,97.741997,97.866997,97.741997,97.866997
2025-09-28T23:00:00Z,97.889000,97.894997,97.817001,97.892998
2025-09-29T00:00:00Z,97.889999,97.897003,97.775002,97.803001
2025-09-29T01:00:00Z,97.804001,97.810997,97.667999,97.709999
2025-09-29T02:00:00Z,97.709999,97.750000,97.660004,97.731003
2025-09-29T03:00:00Z,97.730003,97.800003,97.677002,97.796997
2025-09-29T04:00:00Z,97.792000,97.883003,97.753998,97.869003
2025-09-29T05:00:00Z,97.867996,97.889999,97.730003,97.751999
2025-09-29T06:00:00Z,97.750000,97.779999,97.690002,97.694000
2025-09-29T07:00:00Z,97.693001,97.728996,97.577003,97.596001
2025-09-29T08:00:00Z,97.597000,97.622002,97.533997,97.572998
2025-09-29T09:00:00Z,97.569000,97.612999,97.528000,97.577003
2025-09-29T10:00:00Z,97.577003,97.623001,97.553001,97.565002
2025-09-29T11:00:00Z,97.563004,97.627998,97.557999,97.609001
2025-09-29T12:00:00Z,97.606003,97.661003,97.577003,97.599998
2025-09-29T13:00:00Z,97.601997,97.658997,97.515999,97.557999
2025-09-29T14:00:00Z,97.563004,97.752998,97.514999,97.746002
2025-09-29T15:00:00Z,97.746002,97.786003,97.679001,97.698997
2025-09-29T16:00:00Z,97.697998,97.748001,97.677002,97.700996
2025-09-29T17:00:00Z,97.700996,97.744003,97.671997,97.684998
2025-09-29T18:00:00Z,97.688004,97.820000,97.675003,97.818001
2025-09-29T19:00:00Z,97.816002,97.820000,97.716003,97.767998
2025-09-29T20:00:00Z,97.769997,97.788002,97.656998,97.686996
2025-09-29T21:00:00Z,97.657997,97.773003,97.635002,97.680000
2025-09-29T22:00:00Z,97.682999,97.764000,97.649002,97.737000
2025-09-29T23:00:00Z,97.737999,97.769997,97.705002,97.754997
2025-09-30T00:00:00Z,97.757004,97.892998,97.688004,97.879997
2025-09-30T01:00:00Z,97.877998,97.976997,97.828003,97.843002
2025-09-30T02:00:00Z,97.843002,98.047997,97.810997,98.043999
2025-09-30T03:00:00Z,98.043999,98.081001,97.843002,97.847000
2025-09-30T04:00:00Z,97.846001,98.146004,97.777000,98.039001
2025-09-30T05:00:00Z,98.036003,98.042000,97.853996,97.872002
2025-09-30T06:00:00Z,97.872002,97.908997,97.694000,97.706001
2025-09-30T07:00:00Z,97.700996,97.806999,97.418999,97.739998
2025-09-30T08:00:00Z,97.739998,97.807999,97.683998,97.723999
2025-09-30T09:00:00Z,97.723999,97.842003,97.654999,97.837997
2025-09-30T10:00:00Z,97.834999,97.847000,97.755997,97.832001
2025-09-30T11:00:00Z,97.827003,97.877998,97.761002,97.806000
2025-09-30T12:00:00Z,97.805000,97.906998,97.773003,97.833000
2025-09-30T13:00:00Z,97.827003,97.924004,97.782997,97.876999
2025-09-30T14:00:00Z,97.875000,97.984001,97.801003,97.875999
2025-09-30T15:00:00Z,97.876999,97.877998,97.782997,97.848000
2025-09-30T16:00:00Z,97.848999,97.850998,97.760002,97.794998
2025-09-30T17:00:00Z,97.794998,97.863998,97.748001,97.790001
2025-09-30T18:00:00Z,97.792999,97.835999,97.768997,97.834000
2025-09-30T19:00:00Z,97.829002,97.857002,97.775002,97.827003
2025-09-30T20:00:00Z,97.829002,97.848999,97.731003,97.731003
2025-09-30T21:00:00Z,97.740997,97.820000,97.636002,97.725998
2025-09-30T22:00:00Z,97.730003,97.839996,97.695999,97.806000
2025-09-30T23:00:00Z,97.813004,97.862000,97.766998,97.852997
2025-10-01T00:00:00Z,97.848000,97.920998,97.769997,97.811996
2025-10-01T01:00:00Z,97.817001,97.827003,97.601997,97.666000
2025-10-01T02:00:00Z,97.666000,97.679001,97.563004,97.567001
2025-10-01T03:00:00Z,97.567001,97.577003,97.480003,97.549004
2025-10-01T04:00:00Z,97.551003,97.594002,97.401001,97.429001
2025-10-01T05:00:00Z,97.433998,97.494003,97.341003,97.361000
2025-10-01T06:00:00Z,97.363998,97.396004,97.257004,97.297997
2025-10-01T07:00:00Z,97.297997,97.348999,97.196999,97.255997
2025-10-01T08:00:00Z,97.255997,97.333000,97.230003,97.330002
2025-10-01T09:00:00Z,97.322998,97.341003,97.252998,97.338997
2025-10-01T10:00:00Z,97.334999,97.375000,97.207001,97.213997
2025-10-01T11:00:00Z,97.213997,97.338997,97.204002,97.237999
2025-10-01T12:00:00Z,97.237999,97.250000,97.100998,97.172997
2025-10-01T13:00:00Z,97.170998,97.193001,97.028000,97.057999
2025-10-01T14:00:00Z,97.064003,97.263000,97.036003,97.071999
2025-10-01T15:00:00Z,97.070000,97.179001,97.068001,97.154999
2025-10-01T16:00:00Z,97.157997,97.272003,97.156998,97.251999
2025-10-01T17:00:00Z,97.251999,97.291000,97.240997,97.261002
2025-10-01T18:00:00Z,97.255997,97.348999,97.253998,97.328003
2025-10-01T19:00:00Z,97.332001,97.333000,97.269997,97.277000
2025-10-01T20:00:00Z,97.277000,97.288002,97.181999,97.208000
2025-10-01T21:00:00Z,97.202003,97.274002,97.136002,97.213997
2025-10-01T22:00:00Z,97.219002,97.259003,97.183998,97.188004
2025-10-01T23:00:00Z,97.190002,97.316002,97.182999,97.307999
2025-10-02T00:00:00Z,97.306999,97.358002,97.223999,97.235001
2025-10-02T01:00:00Z,97.237000,97.331001,97.141998,97.283997
2025-10-02T02:00:00Z,97.286003,97.410004,97.247002,97.371002
2025-10-02T03:00:00Z,97.367996,97.373001,97.254997,97.291000
2025-10-02T04:00:00Z,97.294998,97.398003,97.276001,97.380997
2025-10-02T05:00:00Z,97.375999,97.445999,97.336998,97.372002
2025-10-02T06:00:00Z,97.367996,97.459999,97.213997,97.394997
2025-10-02T07:00:00Z,97.387001,97.452003,97.349998,97.390999
2025-10-02T08:00:00Z,97.396004,97.398003,97.125999,97.179001
2025-10-02T09:00:00Z,97.179001,97.189003,96.970001,96.987999
2025-10-02T10:00:00Z,96.987999,97.043999,96.954002,96.973999
2025-10-02T11:00:00Z,96.970001,97.000000,96.849998,96.959999
2025-10-02T12:00:00Z,96.959999,97.174004,96.948997,97.144997
2025-10-02T13:00:00Z,97.143997,97.174004,96.994003,97.055000
2025-10-02T14:00:00Z,97.052002,97.070999,96.936996,97.021004
2025-10-02T15:00:00Z,97.021004,97.094002,96.978996,97.025002
2025-10-02T16:00:00Z,97.024002,97.069000,97.003998,97.024002
2025-10-02T17:00:00Z,97.025002,97.050003,97.004997,97.012001
2025-10-02T18:00:00Z,97.012001,97.126999,97.008003,97.111000
2025-10-02T19:00:00Z,97.107002,97.128998,97.063004,97.112999
2025-10-02T20:00:00Z,97.111000,97.139000,97.063004,97.067001
2025-10-02T21:00:00Z,97.028000,97.121002,96.966003,97.017998
2025-10-02T22:00:00Z,97.024002,97.103996,97.013000,97.061996
2025-10-02T23:00:00Z,97.065002,97.102997,97.011002,97.097000
2025-10-03T00:00:00Z,97.092003,97.274002,97.087997,97.250000
2025-10-03T01:00:00Z,97.249001,97.417000,97.172997,97.382004
2025-10-03T02:00:00Z,97.382004,97.431000,97.336998,97.363998
2025-10-03T03:00:00Z,97.363998,97.431999,97.358002,97.390999
2025-10-03T04:00:00Z,97.390999,97.420998,97.347000,97.352997
2025-10-03T05:00:00Z,97.348999,97.398003,97.275002,97.377998
2025-10-03T06:00:00Z,97.372002,97.421997,97.313004,97.364998
2025-10-03T07:00:00Z,97.361000,97.477997,97.351997,97.358002
2025-10-03T08:00:00Z,97.358002,97.403000,97.295998,97.320000
2025-10-03T09:00:00Z,97.320000,97.353996,97.265999,97.341003
2025-10-03T10:00:00Z,97.341003,97.347000,97.265999,97.275002
2025-10-03T11:00:00Z,97.277000,97.320999,97.224998,97.264000
2025-10-03T12:00:00Z,97.264000,97.295998,97.232002,97.275002
2025-10-03T13:00:00Z,97.275002,97.292000,97.181000,97.260002
2025-10-03T14:00:00Z,97.267998,97.399002,97.107002,97.352997
2025-10-03T15:00:00Z,97.352997,97.438004,97.306999,97.421997
2025-10-03T16:00:00Z,97.421997,97.500000,97.408997,97.473000
2025-10-03T17:00:00Z,97.475998,97.475998,97.289001,97.339996
2025-10-03T18:00:00Z,97.338997,97.396004,97.283997,97.373001
2025-10-03T19:00:00Z,97.374001,97.412003,97.356003,97.364998
2025-10-03T20:00:00Z,97.369003,97.385002,97.263000,97.263000
2025-10-03T21:00:00Z,97.372002,97.372002,97.372002,97.372002
2025-10-05T23:00:00Z,98.375999,98.675003,98.339996,98.632004
2025-10-06T00:00:00Z,98.625999,98.843002,98.555000,98.778000
2025-10-06T01:00:00Z,98.772003,98.959999,98.644997,98.948997
2025-10-06T02:00:00Z,98.949997,99.070999,98.938004,99.043999
2025-10-06T03:00:00Z,99.046997,99.193001,99.014000,99.166000
2025-10-06T04:00:00Z,99.163002,99.305000,99.044998,99.246002
2025-10-06T05:00:00Z,99.246002,99.342003,99.191002,99.237999
2025-10-06T06:00:00Z,99.237999,99.257004,99.102997,99.157997
2025-10-06T07:00:00Z,99.160004,99.360001,99.073997,99.083000
2025-10-06T08:00:00Z,99.083000,99.263000,99.060997,99.227997
2025-10-06T09:00:00Z,99.227997,99.238998,99.105003,99.207001
2025-10-06T10:00:00Z,99.207001,99.210999,99.067001,99.103996
2025-10-06T11:00:00Z,99.103996,99.225998,99.072998,99.210999
2025-10-06T12:00:00Z,99.210999,99.217003,98.885002,99.000999
2025-10-06T13:00:00Z,99.000999,99.227997,98.977997,99.196999
2025-10-06T14:00:00Z,99.197998,99.334999,99.129997,99.236000
2025-10-06T15:00:00Z,99.228996,99.327003,99.219002,99.286003
2025-10-06T16:00:00Z,99.281998,99.365997,99.213997,99.359001
2025-10-06T17:00:00Z,99.364998,99.416000,99.316002,99.394997
2025-10-06T18:00:00Z,99.401001,99.475998,99.370003,99.458000
2025-10-06T19:00:00Z,99.458000,99.480003,99.414001,99.446999
2025-10-06T20:00:00Z,99.440002,99.538002,99.419998,99.419998
2025-10-06T21:00:00Z,99.386002,99.488998,99.288002,99.304001
2025-10-06T22:00:00Z,99.498001,99.507004,99.457001,99.491997
2025-10-06T23:00:00Z,99.484001,99.527000,99.445000,99.481003
2025-10-07T00:00:00Z,99.486000,99.679001,99.398003,99.456001
2025-10-07T01:00:00Z,99.456001,99.552002,99.420998,99.540001
2025-10-07T02:00:00Z,99.539001,99.637001,99.483002,99.628998
2025-10-07T03:00:00Z,99.625999,99.640999,99.514000,99.518997
2025-10-07T04:00:00Z,99.518997,99.533997,99.404999,99.441002
2025-10-07T05:00:00Z,99.442001,99.464996,99.319000,99.355003
2025-10-07T06:00:00Z,99.361000,99.412003,99.306999,99.374001
2025-10-07T07:00:00Z,99.375000,99.387001,99.154999,99.264999
2025-10-07T08:00:00Z,99.264999,99.403999,99.204002,99.376999
2025-10-07T09:00:00Z,99.376999,99.426003,99.339996,99.420998
2025-10-07T10:00:00Z,99.424004,99.445000,99.361000,99.399002
2025-10-07T11:00:00Z,99.399002,99.426003,99.350998,99.386002
2025-10-07T12:00:00Z,99.383003,99.424004,99.320000,99.347000
2025-10-07T13:00:00Z,99.347000,99.523003,99.293999,99.500000
2025-10-07T14:00:00Z,99.499001,99.637001,99.483002,99.594002
2025-10-07T15:00:00Z,99.594002,99.651001,99.468002,99.550003
2025-10-07T16:00:00Z,99.550003,99.752998,99.538002,99.654999
2025-10-07T17:00:00Z,99.654999,99.848000,99.650002,99.797997
2025-10-07T18:00:00Z,99.802002,100.044998,99.786003,99.967003
2025-10-07T19:00:00Z,99.969002,99.978996,99.879997,99.944000
2025-10-07T20:00:00Z,99.942001,100.043999,99.908997,99.938004
2025-10-07T21:00:00Z,99.933998,100.031998,99.889000,99.908997
2025-10-07T22:00:00Z,99.920998,99.991997,99.878998,99.991997
2025-10-07T23:00:00Z,99.973999,100.122002,99.961998,100.047997
2025-10-08T00:00:00Z,100.047997,100.194000,100.045998,100.152000
2025-10-08T01:00:00Z,100.153000,100.204002,99.991997,100.168999
2025-10-08T02:00:00Z,100.163002,100.188004,99.972000,100.071999
2025-10-08T03:00:00Z,100.073997,100.130997,100.027000,100.082001
2025-10-08T04:00:00Z,100.082001,100.125999,99.949997,100.001999
2025-10-08T05:00:00Z,100.001999,100.026001,99.915001,100.026001
2025-10-08T06:00:00Z,100.026001,100.095001,99.914001,99.954002
2025-10-08T07:00:00Z,99.959999,100.179001,99.945000,100.164001
2025-10-08T08:00:00Z,100.169998,100.223000,100.028000,100.207001
2025-10-08T09:00:00Z,100.209999,100.413002,100.199997,100.363998
2025-10-08T10:00:00Z,100.359001,100.540001,100.348000,100.426003
2025-10-08T11:00:00Z,100.431999,100.483002,100.317001,100.337997
2025-10-08T12:00:00Z,100.337997,100.446999,100.300003,100.338997
2025-10-08T13:00:00Z,100.337997,100.485001,100.336998,100.418999
2025-10-08T14:00:00Z,100.427002,100.497002,100.330002,100.391998
2025-10-08T15:00:00Z,100.393997,100.572998,100.384003,100.500999
2025-10-08T16:00:00Z,100.505997,100.513000,100.428001,100.502998
2025-10-08T17:00:00Z,100.501999,100.591003,100.485001,100.584000
2025-10-08T18:00:00Z,100.584999,100.612999,100.500999,100.545998
2025-10-08T19:00:00Z,100.546997,100.605003,100.529999,100.579002
2025-10-08T20:00:00Z,100.582001,100.611000,100.487000,100.535004
2025-10-08T21:00:00Z,100.535004,100.544998,100.379997,100.498001
2025-10-08T22:00:00Z,100.489998,100.559998,100.481003,100.528999
2025-10-08T23:00:00Z,100.519997,100.574997,100.421997,100.550003
2025-10-09T00:00:00Z,100.545998,100.692001,100.448997,100.685997
2025-10-09T01:00:00Z,100.685997,100.734001,100.533997,100.543999
2025-10-09T02:00:00Z,100.545998,100.643997,100.518997,100.599998
2025-10-09T03:00:00Z,100.598999,100.681999,100.595001,100.669998
2025-10-09T04:00:00Z,100.667000,100.813004,100.657997,100.723999
2025-10-09T05:00:00Z,100.721001,100.830002,100.720001,100.778000
2025-10-09T06:00:00Z,100.778999,100.903999,100.568001,100.580002
2025-10-09T07:00:00Z,100.580002,100.814003,100.561996,100.767998
2025-10-09T08:00:00Z,100.766998,100.769997,100.487000,100.553001
2025-10-09T09:00:00Z,100.553001,100.661003,100.435997,100.608002
2025-10-09T10:00:00Z,100.610001,100.732002,100.577003,100.692001
2025-10-09T11:00:00Z,100.689003,100.836998,100.672997,100.799004
2025-10-09T12:00:00Z,100.802002,100.945999,100.764000,100.900002
2025-10-09T13:00:00Z,100.900002,100.945999,100.530998,100.663002
2025-10-09T14:00:00Z,100.664001,100.665001,100.313004,100.440002
2025-10-09T15:00:00Z,100.440002,100.472000,100.226997,100.308998
2025-10-09T16:00:00Z,100.313004,100.371002,100.171997,100.194000
2025-10-09T17:00:00Z,100.188004,100.278999,100.139999,100.266998
2025-10-09T18:00:00Z,100.269997,100.281998,100.178001,100.233002
2025-10-09T19:00:00Z,100.232002,100.325996,100.198997,100.271004
2025-10-09T20:00:00Z,100.276001,100.355003,100.276001,100.314003
2025-10-09T21:00:00Z,100.318001,100.365997,100.174004,100.299004
2025-10-09T22:00:00Z,100.318001,100.360001,100.241997,100.343002
2025-10-09T23:00:00Z,100.338997,100.460999,100.338997,100.390999
2025-10-10T00:00:00Z,100.390999,100.504997,100.342003,100.432999
2025-10-10T01:00:00Z,100.430000,100.514999,100.396004,100.471001
2025-10-10T02:00:00Z,100.470001,100.527000,100.428001,100.461998
2025-10-10T03:00:00Z,100.461998,100.483002,100.253998,100.278999
2025-10-10T04:00:00Z,100.274002,100.358002,100.234001,100.304001
2025-10-10T05:00:00Z,100.304001,100.371002,100.223999,100.351997
2025-10-10T06:00:00Z,100.356003,100.391998,99.870003,99.968002
2025-10-10T07:00:00Z,99.962997,100.223000,99.953003,100.204002
2025-10-10T08:00:00Z,100.207001,100.250999,100.085999,100.097000
2025-10-10T09:00:00Z,100.091003,100.175003,100.019997,100.105003
2025-10-10T10:00:00Z,100.112000,100.113998,100.025002,100.045998
2025-10-10T11:00:00Z,100.046997,100.084000,99.955002,100.000000
2025-10-10T12:00:00Z,100.000000,100.069000,99.947998,99.996002
2025-10-10T13:00:00Z,100.000000,100.031998,99.925003,99.940002
2025-10-10T14:00:00Z,99.945000,99.971001,99.650002,99.680000
2025-10-10T15:00:00Z,99.682999,99.684998,98.255997,98.653000
2025-10-10T16:00:00Z,98.653999,98.819000,98.472000,98.483002
2025-10-10T17:00:00Z,98.480003,98.628998,98.294998,98.528000
2025-10-10T18:00:00Z,98.532997,98.556999,98.322998,98.363998
2025-10-10T19:00:00Z,98.374001,98.442001,98.230003,98.296997
2025-10-10T20:00:00Z,98.302002,98.377998,97.761002,97.807999
2025-10-10T21:00:00Z,97.831001,97.831001,97.831001,97.831001
2025-10-12T23:00:00Z,98.722000,98.834999,98.556000,98.809998
2025-10-13T00:00:00Z,98.811996,98.920998,98.761002,98.917999
2025-10-13T01:00:00Z,98.917999,99.233002,98.903999,99.175003
2025-10-13T02:00:00Z,99.175003,99.219002,99.123001,99.139000
2025-10-13T03:00:00Z,99.136002,99.210999,98.980003,99.008003
2025-10-13T04:00:00Z,99.008003,99.095001,99.002998,99.079002
2025-10-13T05:00:00Z,99.082001,99.106003,99.015999,99.057999
2025-10-13T06:00:00Z,99.056000,99.107002,98.925003,99.024002
2025-10-13T07:00:00Z,99.022003,99.384003,98.999001,99.322998
2025-10-13T08:00:00Z,99.323997,99.389000,99.263000,99.339996
2025-10-13T09:00:00Z,99.338997,99.371002,99.223000,99.258003
2025-10-13T10:00:00Z,99.263000,99.275002,99.206001,99.221001
2025-10-13T11:00:00Z,99.217003,99.237999,98.933998,98.976997
2025-10-13T12:00:00Z,98.976997,99.087997,98.941002,99.069000
2025-10-13T13:00:00Z,99.069000,99.209000,99.023003,99.202003
2025-10-13T14:00:00Z,99.199997,99.319000,99.112000,99.221001
2025-10-13T15:00:00Z,99.222000,99.346001,99.191002,99.237999
2025-10-13T16:00:00Z,99.238998,99.362000,99.217003,99.343002
2025-10-13T17:00:00Z,99.342003,99.356003,99.244003,99.267998
2025-10-13T18:00:00Z,99.271004,99.327003,99.214996,99.223999
2025-10-13T19:00:00Z,99.218002,99.274002,99.209000,99.249001
2025-10-13T20:00:00Z,99.247002,99.264000,99.162003,99.178001
2025-10-13T21:00:00Z,99.073997,99.261002,99.033997,99.142998
2025-10-13T22:00:00Z,99.163002,99.301003,99.105003,99.287003
2025-10-13T23:00:00Z,99.287003,99.301003,99.193001,99.272003
2025-10-14T00:00:00Z,99.272003,99.485001,99.267998,99.383003
2025-10-14T01:00:00Z,99.385002,99.393997,99.213997,99.255997
2025-10-14T02:00:00Z,99.257004,99.330002,99.183998,99.185997
2025-10-14T03:00:00Z,99.185997,99.216003,98.792000,98.860001
2025-10-14T04:00:00Z,98.863998,98.873001,98.302002,98.404999
2025-10-14T05:00:00Z,98.404999,98.419998,98.037003,98.138000
2025-10-14T06:00:00Z,98.138000,98.346001,98.071999,98.237000
2025-10-14T07:00:00Z,98.238998,98.287003,97.970001,98.084999
2025-10-14T08:00:00Z,98.084999,98.324997,98.081001,98.139999
2025-10-14T09:00:00Z,98.142998,98.232002,98.041000,98.084000
2025-10-14T10:00:00Z,98.084000,98.091003,97.856003,97.927002
2025-10-14T11:00:00Z,97.931000,98.202003,97.905998,98.162003
2025-10-14T12:00:00Z,98.162003,98.181000,97.876999,98.018997
2025-10-14T13:00:00Z,98.018997,98.216003,97.952003,98.181999
2025-10-14T14:00:00Z,98.181999,98.567001,98.181999,98.450996
2025-10-14T15:00:00Z,98.450996,98.577003,98.349998,98.509003
2025-10-14T16:00:00Z,98.509003,98.570999,98.456001,98.497002
2025-10-14T17:00:00Z,98.503998,98.570000,98.406998,98.494003
2025-10-14T18:00:00Z,98.489998,98.533997,98.453003,98.504997
2025-10-14T19:00:00Z,98.504997,98.547997,98.225998,98.339996
2025-10-14T20:00:00Z,98.345001,98.512001,98.329002,98.455002
2025-10-14T21:00:00Z,98.439003,98.454002,98.290001,98.377998
2025-10-14T22:00:00Z,98.360001,98.588997,98.337997,98.554001
2025-10-14T23:00:00Z,98.542999,98.584999,98.462997,98.466003
2025-10-15T00:00:00Z,98.466003,98.554001,98.376999,98.453003
2025-10-15T01:00:00Z,98.454002,98.482002,98.310997,98.375000
2025-10-15T02:00:00Z,98.375000,98.488998,98.283997,98.302002
2025-10-15T03:00:00Z,98.302002,98.480003,98.259003,98.428001
2025-10-15T04:00:00Z,98.428001,98.560997,98.394997,98.519997
2025-10-15T05:00:00Z,98.528999,98.570000,98.448997,98.476997
2025-10-15T06:00:00Z,98.473000,98.532997,98.370003,98.475998
2025-10-15T07:00:00Z,98.477997,98.588997,98.434998,98.556000
2025-10-15T08:00:00Z,98.556000,98.695999,98.508003,98.556999
2025-10-15T09:00:00Z,98.558998,98.703003,98.549004,98.688004
2025-10-15T10:00:00Z,98.694000,98.773003,98.646004,98.707001
2025-10-15T11:00:00Z,98.710999,98.731003,98.657997,98.691002
2025-10-15T12:00:00Z,98.689003,98.816002,98.657997,98.686996
2025-10-15T13:00:00Z,98.686996,98.796997,98.521004,98.557999
2025-10-15T14:00:00Z,98.556000,98.690002,98.523003,98.662003
2025-10-15T15:00:00Z,98.656998,98.690002,98.393997,98.473999
2025-10-15T16:00:00Z,98.473000,98.545998,98.442001,98.473999
2025-10-15T17:00:00Z,98.471001,98.480003,98.056999,98.383003
2025-10-15T18:00:00Z,98.385002,98.486000,98.345001,98.464996
2025-10-15T19:00:00Z,98.470001,98.485001,98.398003,98.463997
2025-10-15T20:00:00Z,98.460999,98.501999,98.311996,98.327003
2025-10-15T21:00:00Z,98.343002,98.476997,98.165001,98.324997
2025-10-15T22:00:00Z,98.324997,98.408997,98.191002,98.283997
2025-10-15T23:00:00Z,98.283997,98.314003,98.153999,98.251999
2025-10-16T00:00:00Z,98.251999,98.334999,97.544998,97.785004
2025-10-16T01:00:00Z,97.787003,98.042999,97.735001,97.804001
2025-10-16T02:00:00Z,97.802002,97.945999,97.749001,97.890999
2025-10-16T03:00:00Z,97.889000,97.915001,97.773003,97.865997
2025-10-16T04:00:00Z,97.865997,98.056999,97.849998,98.029999
2025-10-16T05:00:00Z,98.032997,98.152000,98.013000,98.086998
2025-10-16T06:00:00Z,98.084000,98.343002,98.065002,98.302002
2025-10-16T07:00:00Z,98.299004,98.480003,98.192001,98.408997
2025-10-16T08:00:00Z,98.410004,98.459000,98.346001,98.404999
2025-10-16T09:00:00Z,98.402000,98.488998,98.350998,98.436996
2025-10-16T10:00:00Z,98.443001,98.471001,98.362999,98.376999
2025-10-16T11:00:00Z,98.378998,98.477997,98.362000,98.403000
2025-10-16T12:00:00Z,98.403000,98.421997,98.176003,98.217003
2025-10-16T13:00:00Z,98.217003,98.296997,97.985001,98.010002
2025-10-16T14:00:00Z,98.004997,98.152000,97.848999,98.044998
2025-10-16T15:00:00Z,98.044998,98.101997,97.819000,97.844002
2025-10-16T16:00:00Z,97.845001,97.935997,97.314003,97.613998
2025-10-16T17:00:00Z,97.613998,97.727997,97.376999,97.476997
2025-10-16T18:00:00Z,97.476997,97.528000,97.237000,97.473999
2025-10-16T19:00:00Z,97.478996,97.542000,97.334000,97.524002
2025-10-16T20:00:00Z,97.519997,97.591003,97.460999,97.510002
2025-10-16T21:00:00Z,97.510002,97.569000,97.405998,97.522003
2025-10-16T22:00:00Z,97.495003,97.596001,97.435997,97.455002
2025-10-16T23:00:00Z,97.445000,97.481003,97.169998,97.320000
2025-10-17T00:00:00Z,97.316002,97.406998,97.226997,97.404999
2025-10-17T01:00:00Z,97.403000,97.554001,97.251999,97.282997
2025-10-17T02:00:00Z,97.282997,97.318001,97.089996,97.150002
2025-10-17T03:00:00Z,97.154999,97.177002,96.884003,97.010002
2025-10-17T04:00:00Z,97.005997,97.184998,97.005997,97.084000
2025-10-17T05:00:00Z,97.084000,97.102997,96.945000,96.980003
2025-10-17T06:00:00Z,96.981003,97.114998,96.767998,96.780998
2025-10-17T07:00:00Z,96.778999,96.786003,96.247002,96.741997
2025-10-17T08:00:00Z,96.738998,96.785004,96.568001,96.746002
2025-10-17T09:00:00Z,96.747002,96.901001,96.705002,96.794998
2025-10-17T10:00:00Z,96.801003,97.171997,96.720001,97.122002
2025-10-17T11:00:00Z,97.120003,97.723000,97.037003,97.446999
2025-10-17T12:00:00Z,97.446999,97.658997,97.319000,97.367996
2025-10-17T13:00:00Z,97.367996,97.529999,97.198997,97.387001
2025-10-17T14:00:00Z,97.385002,97.601997,97.331001,97.542000
2025-10-17T15:00:00Z,97.539001,97.608002,97.250000,97.494003
2025-10-17T16:00:00Z,97.495003,97.642998,97.480003,97.536003
2025-10-17T17:00:00Z,97.530998,97.678001,97.490997,97.656998
2025-10-17T18:00:00Z,97.655998,97.830002,97.653999,97.785004
2025-10-17T19:00:00Z,97.782997,97.843002,97.771004,97.806000
2025-10-17T20:00:00Z,97.806000,97.850998,97.731003,97.741997
2025-10-17T21:00:00Z,97.855003,97.855003,97.855003,97.855003
2025-10-19T23:00:00Z,98.121002,98.157997,98.008003,98.112000
2025-10-20T00:00:00Z,98.112000,98.189003,97.968002,98.168999
2025-10-20T01:00:00Z,98.170998,98.480003,98.150002,98.191002
2025-10-20T02:00:00Z,98.196999,98.305000,98.156998,98.168999
2025-10-20T03:00:00Z,98.166000,98.195999,97.941002,98.019997
2025-10-20T04:00:00Z,98.019997,98.073997,97.857002,97.920998
2025-10-20T05:00:00Z,97.928001,98.056000,97.894997,98.021004
2025-10-20T06:00:00Z,98.017998,98.025002,97.823997,97.903999
2025-10-20T07:00:00Z,97.903999,98.060997,97.845001,97.917999
2025-10-20T08:00:00Z,97.916000,98.000999,97.821999,97.830002
2025-10-20T09:00:00Z,97.829002,97.898003,97.609001,97.858002
2025-10-20T10:00:00Z,97.859001,97.927002,97.776001,97.808998
2025-10-20T11:00:00Z,97.806000,97.882004,97.772003,97.806999
2025-10-20T12:00:00Z,97.809998,97.841003,97.728996,97.819000
2025-10-20T13:00:00Z,97.821999,98.056000,97.765999,97.994003
2025-10-20T14:00:00Z,97.988998,98.071999,97.869003,98.052002
2025-10-20T15:00:00Z,98.050003,98.196999,98.000000,98.112000
2025-10-20T16:00:00Z,98.112999,98.165001,98.085999,98.150002
2025-10-20T17:00:00Z,98.146004,98.244003,98.135002,98.195000
2025-10-20T18:00:00Z,98.196999,98.251999,98.153999,98.169998
2025-10-20T19:00:00Z,98.166000,98.202003,98.133003,98.156998
2025-10-20T20:00:00Z,98.155998,98.194000,98.127998,98.140999
2025-10-20T21:00:00Z,98.124001,98.192001,98.042999,98.133003
2025-10-20T22:00:00Z,98.134003,98.237000,98.110001,98.223999
2025-10-20T23:00:00Z,98.216003,98.278999,98.189003,98.268997
2025-10-21T00:00:00Z,98.268997,98.289001,98.073997,98.283997
2025-10-21T01:00:00Z,98.280998,98.353996,98.140999,98.333000
2025-10-21T02:00:00Z,98.331001,98.403999,98.300003,98.339996
2025-10-21T03:00:00Z,98.339996,98.375000,98.217003,98.251999
2025-10-21T04:00:00Z,98.258003,98.372002,98.082001,98.249001
2025-10-21T05:00:00Z,98.246002,98.439003,98.103996,98.353996
2025-10-21T06:00:00Z,98.352997,98.386002,98.209999,98.244003
2025-10-21T07:00:00Z,98.242996,98.250000,98.003998,98.059998
2025-10-21T08:00:00Z,98.064003,98.362999,97.912003,98.319000
2025-10-21T09:00:00Z,98.319000,98.488998,98.292000,98.460999
2025-10-21T10:00:00Z,98.460999,98.609001,98.442001,98.566002
2025-10-21T11:00:00Z,98.567001,98.698997,98.518997,98.649002
2025-10-21T12:00:00Z,98.653000,98.777000,98.627998,98.738998
2025-10-21T13:00:00Z,98.746002,98.746002,98.174004,98.180000
2025-10-21T14:00:00Z,98.181000,98.587997,98.070000,98.571999
2025-10-21T15:00:00Z,98.569000,98.675003,98.487000,98.588997
2025-10-21T16:00:00Z,98.587997,98.707001,98.540001,98.577003
2025-10-21T17:00:00Z,98.575996,98.616997,98.498001,98.591003
2025-10-21T18:00:00Z,98.586998,98.624001,98.566002,98.596001
2025-10-21T19:00:00Z,98.594002,98.624001,98.573997,98.585999
2025-10-21T20:00:00Z,98.584000,98.601997,98.521004,98.540001
2025-10-21T21:00:00Z,98.532997,98.612999,98.458000,98.552002
2025-10-21T22:00:00Z,98.547997,98.614998,98.505997,98.607002
2025-10-21T23:00:00Z,98.620003,98.651001,98.570999,98.578003
2025-10-22T00:00:00Z,98.578003,98.620003,98.330002,98.338997
2025-10-22T01:00:00Z,98.331001,98.487999,98.292999,98.471001
2025-10-22T02:00:00Z,98.467003,98.572998,98.396004,98.470001
2025-10-22T03:00:00Z,98.466003,98.609001,98.448997,98.591003
2025-10-22T04:00:00Z,98.585999,98.732002,98.582001,98.634003
2025-10-22T05:00:00Z,98.634003,98.778000,98.626999,98.777000
2025-10-22T06:00:00Z,98.773003,98.869003,98.718002,98.727997
2025-10-22T07:00:00Z,98.723000,98.755997,98.626999,98.724998
2025-10-22T08:00:00Z,98.725998,98.737000,98.488998,98.514999
2025-10-22T09:00:00Z,98.514999,98.630997,98.448997,98.611000
2025-10-22T10:00:00Z,98.610001,98.617996,98.472000,98.481003
2025-10-22T11:00:00Z,98.480003,98.528999,98.359001,98.417999
2025-10-22T12:00:00Z,98.425003,98.591003,98.417000,98.572998
2025-10-22T13:00:00Z,98.572998,98.709000,98.540001,98.668999
2025-10-22T14:00:00Z,98.667000,98.763000,98.513000,98.612999
2025-10-22T15:00:00Z,98.612999,98.736000,98.527000,98.677002
2025-10-22T16:00:00Z,98.676003,98.697998,98.197998,98.564003
2025-10-22T17:00:00Z,98.570000,98.594002,98.218002,98.292000
2025-10-22T18:00:00Z,98.292000,98.517998,98.272003,98.502998
2025-10-22T19:00:00Z,98.501999,98.654999,98.466003,98.639000
2025-10-22T20:00:00Z,98.638000,98.656998,98.552002,98.554001
2025-10-22T21:00:00Z,98.556000,98.626999,98.469002,98.571999
2025-10-22T22:00:00Z,98.579002,98.605003,98.522003,98.585999
2025-10-22T23:00:00Z,98.584999,98.615997,98.555000,98.609001
2025-10-23T00:00:00Z,98.603996,98.796997,98.566002,98.772003
2025-10-23T01:00:00Z,98.776001,98.976997,98.765999,98.856003
2025-10-23T02:00:00Z,98.848999,98.885002,98.759003,98.848000
2025-10-23T03:00:00Z,98.851997,98.921997,98.764000,98.787003
2025-10-23T04:00:00Z,98.787003,98.893997,98.787003,98.837997
2025-10-23T05:00:00Z,98.837997,98.900002,98.790001,98.893997
2025-10-23T06:00:00Z,98.889000,99.238998,98.888000,99.219002
2025-10-23T07:00:00Z,99.223000,99.285004,99.095001,99.199997
2025-10-23T08:00:00Z,99.195000,99.375000,99.186996,99.320000
2025-10-23T09:00:00Z,99.323997,99.405998,99.236000,99.349998
2025-10-23T10:00:00Z,99.349998,99.379997,99.293999,99.375999
2025-10-23T11:00:00Z,99.371002,99.383003,99.250000,99.255997
2025-10-23T12:00:00Z,99.255997,99.295998,99.174004,99.216003
2025-10-23T13:00:00Z,99.216003,99.461998,99.190002,99.375000
2025-10-23T14:00:00Z,99.378998,99.470001,99.313004,99.445999
2025-10-23T15:00:00Z,99.450996,99.533997,99.390999,99.491997
2025-10-23T16:00:00Z,99.491997,99.551003,99.434998,99.439003
2025-10-23T17:00:00Z,99.442001,99.540001,99.328003,99.445000
2025-10-23T18:00:00Z,99.452003,99.477997,99.388000,99.399002
2025-10-23T19:00:00Z,99.399002,99.408997,99.322998,99.339996
2025-10-23T20:00:00Z,99.337997,99.397003,99.301003,99.306999
2025-10-23T21:00:00Z,99.303001,99.341003,99.207001,99.280998
2025-10-23T22:00:00Z,99.242996,99.433998,99.238998,99.412003
2025-10-23T23:00:00Z,99.396004,99.444000,99.393997,99.413002
2025-10-24T00:00:00Z,99.412003,99.440002,99.322998,99.426003
2025-10-24T01:00:00Z,99.431000,99.532997,99.424004,99.510002
2025-10-24T02:00:00Z,99.510002,99.542999,99.287003,99.319000
2025-10-24T03:00:00Z,99.320000,99.414001,99.319000,99.383003
2025-10-24T04:00:00Z,99.383003,99.433998,99.357002,99.403999
2025-10-24T05:00:00Z,99.399002,99.454002,99.308998,99.387001
2025-10-24T06:00:00Z,99.387001,99.542000,99.387001,99.514000
2025-10-24T07:00:00Z,99.514000,99.517998,99.322998,99.376999
2025-10-24T08:00:00Z,99.376999,99.400002,99.314003,99.347000
2025-10-24T09:00:00Z,99.347000,99.379997,99.292999,99.348999
2025-10-24T10:00:00Z,99.348999,99.397003,99.331001,99.380997
2025-10-24T11:00:00Z,99.384003,99.431999,99.339996,99.411003
2025-10-24T12:00:00Z,99.407997,99.527000,99.225998,99.502998
2025-10-24T13:00:00Z,99.510002,99.592003,99.470001,99.524002
2025-10-24T14:00:00Z,99.530998,99.552002,99.209000,99.280998
2025-10-24T15:00:00Z,99.280998,99.500000,99.280998,99.472000
2025-10-24T16:00:00Z,99.472000,99.498001,99.433998,99.484001
2025-10-24T17:00:00Z,99.484001,99.514000,99.454002,99.471001
2025-10-24T18:00:00Z,99.464996,99.530998,99.448997,99.510002
2025-10-24T19:00:00Z,99.510002,99.532997,99.477997,99.504997
2025-10-24T20:00:00Z,99.507004,99.583000,99.480003,99.509003
2025-10-24T21:00:00Z,99.556000,99.556000,99.556000,99.556000
2025-10-27T00:00:00Z,100.000000,100.102997,99.820999,99.848999
2025-10-27T01:00:00Z,99.845001,99.940002,99.789001,99.862000
2025-10-27T02:00:00Z,99.862000,100.001999,99.850998,99.998001
2025-10-27T03:00:00Z,99.998001,100.027000,99.924004,99.948997
2025-10-27T04:00:00Z,99.954002,100.030998,99.936996,100.024002
2025-10-27T05:00:00Z,100.024002,100.138000,100.023003,100.103996
2025-10-27T06:00:00Z,100.108002,100.170998,100.042999,100.047997
2025-10-27T07:00:00Z,100.049004,100.057999,99.925003,99.987000
2025-10-27T08:00:00Z,99.982002,100.162003,99.917000,100.136002
2025-10-27T09:00:00Z,100.141998,100.172997,100.036003,100.156998
2025-10-27T10:00:00Z,100.156998,100.190002,100.123001,100.141998
2025-10-27T11:00:00Z,100.144997,100.174004,100.046997,100.081001
2025-10-27T12:00:00Z,100.081001,100.227997,100.032997,100.190002
2025-10-27T13:00:00Z,100.190002,100.299004,100.141998,100.276001
2025-10-27T14:00:00Z,100.272003,100.306000,100.180000,100.198997
2025-10-27T15:00:00Z,100.198997,100.336998,100.164001,100.314003
2025-10-27T16:00:00Z,100.316002,100.335999,100.271004,100.299004
2025-10-27T17:00:00Z,100.299004,100.370003,100.266998,100.336998
2025-10-27T18:00:00Z,100.335999,100.339996,100.163002,100.190002
2025-10-27T19:00:00Z,100.190002,100.237999,100.168999,100.221001
2025-10-27T20:00:00Z,100.221001,100.257004,100.167000,100.193001
2025-10-27T21:00:00Z,100.195999,100.217003,100.082001,100.144997
2025-10-27T22:00:00Z,100.138000,100.226997,100.123001,100.190002
2025-10-27T23:00:00Z,100.184998,100.214996,100.106003,100.144997
2025-10-28T00:00:00Z,100.141998,100.155998,99.959999,100.004997
2025-10-28T01:00:00Z,100.000000,100.010002,99.856003,99.933998
2025-10-28T02:00:00Z,99.933998,100.023003,99.899002,99.962997
2025-10-28T03:00:00Z,99.962997,99.988998,99.830002,99.889999
2025-10-28T04:00:00Z,99.890999,99.950996,99.661003,99.683998
2025-10-28T05:00:00Z,99.679001,99.710999,99.529999,99.600998
2025-10-28T06:00:00Z,99.600998,99.653999,99.512001,99.560997
2025-10-28T07:00:00Z,99.557999,99.775002,99.557999,99.656998
2025-10-28T08:00:00Z,99.654999,99.670998,99.406998,99.468002
2025-10-28T09:00:00Z,99.471001,99.628998,99.462997,99.598999
2025-10-28T10:00:00Z,99.597000,99.641998,99.559998,99.619003
2025-10-28T11:00:00Z,99.616997,99.727997,99.597000,99.657997
2025-10-28T12:00:00Z,99.653000,99.778999,99.639999,99.706001
2025-10-28T13:00:00Z,99.705002,99.861000,99.696999,99.831001
2025-10-28T14:00:00Z,99.829002,100.016998,99.821999,99.958000
2025-10-28T15:00:00Z,99.958000,100.181000,99.890999,100.170998
2025-10-28T16:00:00Z,100.167000,100.349998,100.150002,100.213997
2025-10-28T17:00:00Z,100.218002,100.271004,100.191002,100.259003
2025-10-28T18:00:00Z,100.259003,100.288002,100.203003,100.223000
2025-10-28T19:00:00Z,100.223000,100.223999,100.070000,100.132004
2025-10-28T20:00:00Z,100.125999,100.172997,100.109001,100.129997
2025-10-28T21:00:00Z,100.129997,100.171997,100.017998,100.060997
2025-10-28T22:00:00Z,100.056999,100.197998,100.053001,100.152000
2025-10-28T23:00:00Z,100.154999,100.192001,99.939003,99.962997
2025-10-29T00:00:00Z,99.914001,100.317001,99.727997,100.041000
2025-10-29T01:00:00Z,100.035004,100.237999,99.972000,100.169998
2025-10-29T02:00:00Z,100.167999,100.344002,100.106003,100.292000
2025-10-29T03:00:00Z,100.287003,100.359001,100.242996,100.352997
2025-10-29T04:00:00Z,100.356003,100.384003,100.261002,100.306999
2025-10-29T05:00:00Z,100.303001,100.718002,100.288002,100.574997
2025-10-29T06:00:00Z,100.570000,100.675003,100.477997,100.542999
2025-10-29T07:00:00Z,100.542000,100.639999,100.508003,100.542000
2025-10-29T08:00:00Z,100.540001,100.667999,100.426003,100.459999
2025-10-29T09:00:00Z,100.459999,100.536003,100.438004,100.464996
2025-10-29T10:00:00Z,100.461998,100.550003,100.440002,100.491997
2025-10-29T11:00:00Z,100.491997,100.513000,100.342003,100.407997
2025-10-29T12:00:00Z,100.408997,100.436996,100.294998,100.431000
2025-10-29T13:00:00Z,100.431000,100.448997,100.264000,100.366997
2025-10-29T14:00:00Z,100.366997,100.418999,100.253998,100.414001
2025-10-29T15:00:00Z,100.414001,100.555000,100.385002,100.433998
2025-10-29T16:00:00Z,100.433998,100.621002,100.432999,100.600998
2025-10-29T17:00:00Z,100.605003,100.714996,100.560997,100.653999
2025-10-29T18:00:00Z,100.655998,100.755997,100.287003,100.515999
2025-10-29T19:00:00Z,100.525002,100.560997,100.311996,100.444000
2025-10-29T20:00:00Z,100.446999,100.533997,100.333000,100.376999
2025-10-29T21:00:00Z,100.379997,100.397003,100.179001,100.328003
2025-10-29T22:00:00Z,100.282997,100.367996,100.268997,100.286003
2025-10-29T23:00:00Z,100.282997,100.448997,100.266998,100.436996
2025-10-30T00:00:00Z,100.440002,100.594002,100.400002,100.526001
2025-10-30T01:00:00Z,100.525002,100.571999,100.351997,100.447998
2025-10-30T02:00:00Z,100.447998,100.525002,100.353996,100.383003
2025-10-30T03:00:00Z,100.382004,100.891998,100.314003,100.806000
2025-10-30T04:00:00Z,100.803001,100.889000,100.342003,100.730003
2025-10-30T05:00:00Z,100.730003,100.876999,100.608002,100.873001
2025-10-30T06:00:00Z,100.875999,101.044998,100.706001,100.916000
2025-10-30T07:00:00Z,100.920998,101.124001,100.850998,100.940002
2025-10-30T08:00:00Z,100.940002,101.209999,100.940002,101.125000
2025-10-30T09:00:00Z,101.120003,101.170998,100.939003,101.010002
2025-10-30T10:00:00Z,101.009003,101.123001,101.000999,101.072998
2025-10-30T11:00:00Z,101.078003,101.120003,100.989998,101.029999
2025-10-30T12:00:00Z,101.023003,101.070999,100.842003,100.879997
2025-10-30T13:00:00Z,100.885002,101.012001,100.737000,100.959000
2025-10-30T14:00:00Z,100.957001,101.065002,100.925003,101.035004
2025-10-30T15:00:00Z,101.031998,101.121002,100.953003,101.042000
2025-10-30T16:00:00Z,101.043999,101.091003,100.966003,100.998001
2025-10-30T17:00:00Z,101.000999,101.082001,100.918999,101.014000
2025-10-30T18:00:00Z,101.014000,101.024002,100.929001,100.967003
2025-10-30T19:00:00Z,100.970001,100.970001,100.860001,100.890999
2025-10-30T20:00:00Z,100.897003,101.046997,100.866997,100.999001
2025-10-30T21:00:00Z,100.982002,101.029999,100.866997,100.949997
2025-10-30T22:00:00Z,100.948997,101.008003,100.903000,100.981003
2025-10-30T23:00:00Z,100.982002,101.018997,100.894997,100.943001
2025-10-31T00:00:00Z,100.947998,101.028000,100.865997,100.904999
2025-10-31T01:00:00Z,100.901001,100.947998,100.660004,100.805000
2025-10-31T02:00:00Z,100.805000,100.848999,100.694000,100.815002
2025-10-31T03:00:00Z,100.818001,100.911003,100.759003,100.893997
2025-10-31T04:00:00Z,100.889999,100.920998,100.786003,100.830002
2025-10-31T05:00:00Z,100.828003,100.832001,100.633003,100.671997
2025-10-31T06:00:00Z,100.671997,100.848999,100.663002,100.811996
2025-10-31T07:00:00Z,100.811996,100.936996,100.786003,100.910004
2025-10-31T08:00:00Z,100.906998,100.982002,100.863998,100.929001
2025-10-31T09:00:00Z,100.931000,100.949997,100.760002,100.820999
2025-10-31T10:00:00Z,100.824997,100.875000,100.792000,100.822998
2025-10-31T11:00:00Z,100.822998,100.870003,100.768997,100.829002
2025-10-31T12:00:00Z,100.825996,100.874001,100.643997,100.750000
2025-10-31T13:00:00Z,100.750000,100.873001,100.730003,100.867996
2025-10-31T14:00:00Z,100.871002,100.883003,100.723999,100.862999
2025-10-31T15:00:00Z,100.862999,100.891998,100.723000,100.825996
2025-10-31T16:00:00Z,100.824997,100.852997,100.725998,100.792999
2025-10-31T17:00:00Z,100.790001,100.803001,100.706001,100.747002
2025-10-31T18:00:00Z,100.749001,100.829002,100.728996,100.813004
2025-10-31T19:00:00Z,100.814003,100.879997,100.791000,100.830002
2025-10-31T20:00:00Z,100.828003,100.871002,100.692001,100.699997
2025-10-31T21:00:00Z,100.797997,100.797997,100.797997,100.797997
2025-10-31T22:00:00Z,100.797997,100.797997,100.797997,100.797997
2025-11-03T00:00:00Z,100.926003,100.936996,100.845001,100.870003
2025-11-03T01:00:00Z,100.873001,100.932999,100.788002,100.841003
2025-11-03T02:00:00Z,100.841003,100.904999,100.806000,100.888000
2025-11-03T03:00:00Z,100.888000,100.962997,100.808998,100.959000
2025-11-03T04:00:00Z,100.956001,100.983002,100.913002,100.975998
2025-11-03T05:00:00Z,100.972000,101.130997,100.966003,101.079002
2025-11-03T06:00:00Z,101.079002,101.139999,101.050003,101.094002
2025-11-03T07:00:00Z,101.094002,101.133003,100.969002,100.992996
2025-11-03T08:00:00Z,100.994003,101.050003,100.883003,101.005997
2025-11-03T09:00:00Z,101.010002,101.043999,100.916000,100.927002
2025-11-03T10:00:00Z,100.927002,100.964996,100.879997,100.896004
2025-11-03T11:00:00Z,100.899002,100.960999,100.886002,100.944000
2025-11-03T12:00:00Z,100.940002,100.998001,100.933998,100.943001
2025-11-03T13:00:00Z,100.943001,100.954002,100.847000,100.860001
2025-11-03T14:00:00Z,100.861000,100.890999,100.579002,100.616997
2025-11-03T15:00:00Z,100.621002,100.644997,100.390999,100.575996
2025-11-03T16:00:00Z,100.574997,100.750000,100.574997,100.731003
2025-11-03T17:00:00Z,100.730003,100.822998,100.683998,100.779999
2025-11-03T18:00:00Z,100.779999,100.848999,100.753998,100.815002
2025-11-03T19:00:00Z,100.816002,100.875999,100.771004,100.827003
2025-11-03T20:00:00Z,100.828003,100.839996,100.778000,100.816002
2025-11-03T21:00:00Z,100.815002,100.832001,100.757004,100.792000
2025-11-03T22:00:00Z,100.788002,100.859001,100.697998,100.799004
2025-11-03T23:00:00Z,100.783997,100.835999,100.774002,100.815002
2025-11-04T00:00:00Z,100.821999,100.899002,100.759003,100.888000
2025-11-04T01:00:00Z,100.882004,100.912003,100.792000,100.837997
2025-11-04T02:00:00Z,100.837997,100.843002,100.527000,100.532997
2025-11-04T03:00:00Z,100.529999,100.723999,100.434998,100.640999
2025-11-04T04:00:00Z,100.640999,100.651001,100.501999,100.620003
2025-11-04T05:00:00Z,100.615997,100.639999,100.098000,100.107002
2025-11-04T06:00:00Z,100.107002,100.175003,99.871002,100.040001
2025-11-04T07:00:00Z,100.037003,100.079002,99.882004,100.059998
2025-11-04T08:00:00Z,100.058998,100.143997,99.902000,100.016998
2025-11-04T09:00:00Z,100.016998,100.079002,99.654999,99.684998
2025-11-04T10:00:00Z,99.684998,99.882004,99.538002,99.846001
2025-11-04T11:00:00Z,99.847000,99.886002,99.723999,99.783997
2025-11-04T12:00:00Z,99.780998,99.795998,99.665001,99.709999
2025-11-04T13:00:00Z,99.711998,99.746002,99.541000,99.581001
2025-11-04T14:00:00Z,99.580002,99.700996,99.459000,99.647003
2025-11-04T15:00:00Z,99.652000,99.799004,99.643997,99.730003
2025-11-04T16:00:00Z,99.733002,99.816002,99.666000,99.810997
2025-11-04T17:00:00Z,99.810997,99.822998,99.661003,99.709999
2025-11-04T18:00:00Z,99.704002,99.732002,99.610001,99.625999
2025-11-04T19:00:00Z,99.625999,99.702003,99.565002,99.617996
2025-11-04T20:00:00Z,99.620003,99.710999,99.597000,99.650002
2025-11-04T21:00:00Z,99.642998,99.748001,99.613998,99.684998
2025-11-04T22:00:00Z,99.705002,99.788002,99.640999,99.734001
2025-11-04T23:00:00Z,99.723000,99.786003,99.551003,99.591003
2025-11-05T00:00:00Z,99.569000,99.672997,99.203003,99.211998
2025-11-05T01:00:00Z,99.211998,99.228996,98.818001,99.055000
2025-11-05T02:00:00Z,99.047997,99.363998,98.983002,99.361000
2025-11-05T03:00:00Z,99.356003,99.720001,99.356003,99.666000
2025-11-05T04:00:00Z,99.666000,99.688004,99.488998,99.635002
2025-11-05T05:00:00Z,99.635002,99.794998,99.568001,99.630997
2025-11-05T06:00:00Z,99.630997,99.811996,99.578003,99.741997
2025-11-05T07:00:00Z,99.740997,99.755997,99.510002,99.622002
2025-11-05T08:00:00Z,99.615997,99.808998,99.565002,99.620003
2025-11-05T09:00:00Z,99.614998,99.704002,99.532997,99.611000
2025-11-05T10:00:00Z,99.611000,99.685997,99.509003,99.528999
2025-11-05T11:00:00Z,99.528999,99.556000,99.481003,99.523003
2025-11-05T12:00:00Z,99.519997,99.642998,99.458000,99.634003
2025-11-05T13:00:00Z,99.634003,99.889000,99.615997,99.861000
2025-11-05T14:00:00Z,99.859001,100.017998,99.806999,99.984001
2025-11-05T15:00:00Z,99.992996,100.293999,99.975998,100.291000
2025-11-05T16:00:00Z,100.289001,100.391998,100.171997,100.333000
2025-11-05T17:00:00Z,100.333000,100.371002,100.209999,100.247002
2025-11-05T18:00:00Z,100.247002,100.306000,100.198997,100.293999
2025-11-05T19:00:00Z,100.293999,100.307999,100.239998,100.262001
2025-11-05T20:00:00Z,100.255997,100.331001,100.224998,100.244003
2025-11-05T21:00:00Z,100.246002,100.290001,100.177002,100.196999
2025-11-05T22:00:00Z,100.194000,100.278999,100.154999,100.222000
2025-11-05T23:00:00Z,100.204002,100.319000,100.180000,100.301003
2025-11-06T00:00:00Z,100.296997,100.306999,100.059998,100.101997
2025-11-06T01:00:00Z,100.099998,100.198997,99.921997,100.168999
2025-11-06T02:00:00Z,100.169998,100.276001,100.080002,100.174004
2025-11-06T03:00:00Z,100.174004,100.276001,100.151001,100.194000
2025-11-06T04:00:00Z,100.194000,100.327003,100.162003,100.271004
2025-11-06T05:00:00Z,100.271004,100.306000,100.089996,100.138000
2025-11-06T06:00:00Z,100.138000,100.231003,100.123001,100.180000
2025-11-06T07:00:00Z,100.180000,100.259003,100.100998,100.181999
2025-11-06T08:00:00Z,100.183998,100.189003,99.974998,100.056000
2025-11-06T09:00:00Z,100.053001,100.177002,100.051003,100.124001
2025-11-06T10:00:00Z,100.119003,100.163002,100.030998,100.049004
2025-11-06T11:00:00Z,100.044998,100.079002,99.941002,99.983002
2025-11-06T12:00:00Z,99.985001,100.106003,99.953003,100.053001
2025-11-06T13:00:00Z,100.053001,100.116997,99.903000,99.913002
2025-11-06T14:00:00Z,99.908997,99.919998,99.421997,99.425003
2025-11-06T15:00:00Z,99.430000,99.485001,98.997002,99.005997
2025-11-06T16:00:00Z,99.000000,99.093002,98.918999,98.934998
2025-11-06T17:00:00Z,98.936996,99.165001,98.820000,99.112999
2025-11-06T18:00:00Z,99.112999,99.266998,98.976997,99.188004
2025-11-06T19:00:00Z,99.188004,99.365997,99.171997,99.289001
2025-11-06T20:00:00Z,99.283997,99.306999,99.105003,99.142998
2025-11-06T21:00:00Z,99.142998,99.199997,99.092003,99.155998
2025-11-06T22:00:00Z,99.059998,99.221001,99.054001,99.192001
2025-11-06T23:00:00Z,99.175003,99.205002,99.119003,99.182999
2025-11-07T00:00:00Z,99.164001,99.351997,99.086998,99.268997
2025-11-07T01:00:00Z,99.266998,99.345001,99.033997,99.186996
2025-11-07T02:00:00Z,99.193001,99.206001,99.042000,99.160004
2025-11-07T03:00:00Z,99.160004,99.191002,98.986000,99.055000
2025-11-07T04:00:00Z,99.056000,99.175003,98.961998,99.141998
2025-11-07T05:00:00Z,99.138000,99.370003,99.137001,99.360001
2025-11-07T06:00:00Z,99.362999,99.536003,99.358002,99.516998
2025-11-07T07:00:00Z,99.521004,99.579002,99.456001,99.459000
2025-11-07T08:00:00Z,99.461998,99.558998,99.335999,99.549004
2025-11-07T09:00:00Z,99.553001,99.564003,99.416000,99.500999
2025-11-07T10:00:00Z,99.498001,99.556999,99.389999,99.450996
2025-11-07T11:00:00Z,99.446999,99.457001,99.132004,99.307999
2025-11-07T12:00:00Z,99.313004,99.335999,99.106003,99.196999
2025-11-07T13:00:00Z,99.197998,99.550003,99.136002,99.482002
2025-11-07T14:00:00Z,99.487000,99.577003,99.127998,99.394997
2025-11-07T15:00:00Z,99.406998,99.412003,99.037003,99.109001
2025-11-07T16:00:00Z,99.112999,99.214996,99.025002,99.105003
2025-11-07T17:00:00Z,99.102997,99.306999,99.028000,99.261002
2025-11-07T18:00:00Z,99.261002,99.408997,99.209999,99.379997
2025-11-07T19:00:00Z,99.382004,99.760002,99.363998,99.727997
2025-11-07T20:00:00Z,99.728996,99.753998,99.565002,99.691002
2025-11-07T21:00:00Z,99.695000,99.737000,99.542999,99.545998
2025-11-07T22:00:00Z,99.623001,99.623001,99.623001,99.623001
2025-11-10T00:00:00Z,100.017998,100.162003,99.719002,100.107002
2025-11-10T01:00:00Z,100.112999,100.311996,100.098999,100.248001
2025-11-10T02:00:00Z,100.248001,100.346001,100.168999,100.315002
2025-11-10T03:00:00Z,100.315002,100.384003,100.251999,100.260002
2025-11-10T04:00:00Z,100.260002,100.401001,100.258003,100.398003
2025-11-10T05:00:00Z,100.391998,100.557999,100.378998,100.471001
2025-11-10T06:00:00Z,100.471001,100.563004,100.455002,100.502998
2025-11-10T07:00:00Z,100.501999,100.636002,100.489998,100.565002
2025-11-10T08:00:00Z,100.568001,100.694000,100.503998,100.680000
2025-11-10T09:00:00Z,100.674004,100.824997,100.662003,100.767998
2025-11-10T10:00:00Z,100.767998,100.776001,100.668999,100.697998
2025-11-10T11:00:00Z,100.697998,100.749001,100.653000,100.700996
2025-11-10T12:00:00Z,100.700996,100.730003,100.639000,100.664001
2025-11-10T13:00:00Z,100.666000,100.734001,100.528000,100.582001
2025-11-10T14:00:00Z,100.583000,100.609001,100.473000,100.567001
2025-11-10T15:00:00Z,100.569000,100.613998,100.351997,100.369003
2025-11-10T16:00:00Z,100.364998,100.436996,100.294998,100.429001
2025-11-10T17:00:00Z,100.429001,100.695000,100.410004,100.653000
2025-11-10T18:00:00Z,100.651001,100.723000,100.622002,100.666000
2025-11-10T19:00:00Z,100.666000,100.738998,100.650002,100.706001
2025-11-10T20:00:00Z,100.709999,100.748001,100.683998,100.698997
2025-11-10T21:00:00Z,100.697998,100.765999,100.691002,100.730003
2025-11-10T22:00:00Z,100.725998,100.725998,100.523003,100.681000
2025-11-10T23:00:00Z,100.680000,100.740997,100.646004,100.717003
2025-11-11T00:00:00Z,100.721001,100.810997,100.698997,100.804001
2025-11-11T01:00:00Z,100.806000,100.875999,100.778000,100.781998
2025-11-11T02:00:00Z,100.779999,100.846001,100.700996,100.760002
2025-11-11T03:00:00Z,100.760002,100.772003,100.652000,100.714996
2025-11-11T04:00:00Z,100.714996,100.774002,100.644997,100.654999
2025-11-11T05:00:00Z,100.653000,100.660004,100.450996,100.457001
2025-11-11T06:00:00Z,100.453003,100.629997,100.448997,100.500000
2025-11-11T07:00:00Z,100.505997,100.551003,100.455002,100.524002
2025-11-11T08:00:00Z,100.525002,100.704002,100.514999,100.616997
2025-11-11T09:00:00Z,100.616997,100.672997,100.551003,100.598999
2025-11-11T10:00:00Z,100.598000,100.646004,100.572998,100.610001
2025-11-11T11:00:00Z,100.607002,100.665001,100.582001,100.655998
2025-11-11T12:00:00Z,100.657997,100.685997,100.559998,100.565002
2025-11-11T13:00:00Z,100.564003,100.632004,100.392998,100.494003
2025-11-11T14:00:00Z,100.488998,100.661003,100.435997,100.658997
2025-11-11T15:00:00Z,100.654999,100.697998,100.400002,100.408997
2025-11-11T16:00:00Z,100.412003,100.560997,100.402000,100.490997
2025-11-11T17:00:00Z,100.490997,100.627998,100.482002,100.625999
2025-11-11T18:00:00Z,100.622002,100.682999,100.602997,100.638000
2025-11-11T19:00:00Z,100.638000,100.682999,100.598999,100.632004
2025-11-11T20:00:00Z,100.632004,100.655998,100.603996,100.637001
2025-11-11T21:00:00Z,100.634003,100.646004,100.556999,100.598000
2025-11-11T22:00:00Z,100.489998,100.600998,100.447998,100.512001
2025-11-11T23:00:00Z,100.512001,100.680000,100.503998,100.608002
2025-11-12T00:00:00Z,100.597000,100.703003,100.556999,100.614998
2025-11-12T01:00:00Z,100.612999,100.691002,100.595001,100.665001
2025-11-12T02:00:00Z,100.665001,100.782997,100.638000,100.656998
2025-11-12T03:00:00Z,100.656998,100.704002,100.626999,100.681000
2025-11-12T04:00:00Z,100.680000,100.903999,100.641998,100.893997
2025-11-12T05:00:00Z,100.893997,100.995003,100.787003,100.960999
2025-11-12T06:00:00Z,100.968002,101.091003,100.961998,101.035004
2025-11-12T07:00:00Z,101.029999,101.148003,100.985001,101.077003
2025-11-12T08:00:00Z,101.077003,101.277000,101.050003,101.224998
2025-11-12T09:00:00Z,101.228996,101.271004,101.151001,101.157997
2025-11-12T10:00:00Z,101.153999,101.192001,101.106003,101.152000
2025-11-12T11:00:00Z,101.152000,101.203003,101.139000,101.167000
2025-11-12T12:00:00Z,101.170998,101.304001,101.154999,101.293999
2025-11-12T13:00:00Z,101.290001,101.321999,101.222000,101.288002
2025-11-12T14:00:00Z,101.282997,101.315002,101.147003,101.176003
2025-11-12T15:00:00Z,101.174004,101.273003,101.123001,101.188004
2025-11-12T16:00:00Z,101.192001,101.278000,101.112000,101.134003
2025-11-12T17:00:00Z,101.135002,101.191002,101.068001,101.139000
2025-11-12T18:00:00Z,101.143997,101.296997,101.123001,101.285004
2025-11-12T19:00:00Z,101.285004,101.292999,101.149002,101.241997
2025-11-12T20:00:00Z,101.247002,101.263000,101.188004,101.223999
2025-11-12T21:00:00Z,101.223999,101.277000,101.214996,101.214996
2025-11-12T22:00:00Z,101.226997,101.269997,101.094002,101.125999
2025-11-12T23:00:00Z,101.095001,101.184998,101.067001,101.120003
2025-11-13T00:00:00Z,101.112000,101.637001,101.041000,101.519997
2025-11-13T01:00:00Z,101.519997,101.663002,101.440002,101.462997
2025-11-13T02:00:00Z,101.461998,101.594002,101.408997,101.490997
2025-11-13T03:00:00Z,101.492996,101.559998,101.448997,101.470001
2025-11-13T04:00:00Z,101.464996,101.528999,101.356003,101.511002
2025-11-13T05:00:00Z,101.505997,101.643997,101.500000,101.598999
2025-11-13T06:00:00Z,101.605003,101.649002,101.549004,101.579002
2025-11-13T07:00:00Z,101.579002,101.825996,101.573997,101.722000
2025-11-13T08:00:00Z,101.722000,101.819000,101.650002,101.652000
2025-11-13T09:00:00Z,101.654999,101.677002,101.449997,101.565002
2025-11-13T10:00:00Z,101.565002,101.628998,101.517998,101.583000
2025-11-13T11:00:00Z,101.580002,101.629997,101.512001,101.540001
2025-11-13T12:00:00Z,101.541000,101.558998,101.457001,101.495003
2025-11-13T13:00:00Z,101.486000,101.498001,101.297997,101.338997
2025-11-13T14:00:00Z,101.339996,101.361000,100.956001,101.084999
2025-11-13T15:00:00Z,101.087997,101.276001,100.917999,101.037003
2025-11-13T16:00:00Z,101.037003,101.227997,101.001999,101.170998
2025-11-13T17:00:00Z,101.169998,101.234001,101.013000,101.064003
2025-11-13T18:00:00Z,101.057999,101.085999,100.680000,100.831001
2025-11-13T19:00:00Z,100.825996,100.943001,100.740997,100.836998
2025-11-13T20:00:00Z,100.836998,100.907997,100.807999,100.893997
2025-11-13T21:00:00Z,100.898003,100.939003,100.857002,100.880997
2025-11-13T22:00:00Z,100.861000,100.996002,100.774002,100.970001
2025-11-13T23:00:00Z,100.961998,100.990997,100.902000,100.931000
2025-11-14T00:00:00Z,100.922997,101.056999,100.900002,100.983002
2025-11-14T01:00:00Z,100.983002,101.092003,100.955002,101.047997
2025-11-14T02:00:00Z,101.043999,101.233002,101.042000,101.064003
2025-11-14T03:00:00Z,101.060997,101.151001,101.005997,101.096001
2025-11-14T04:00:00Z,101.091003,101.101997,100.864998,100.874001
2025-11-14T05:00:00Z,100.873001,101.022003,100.806000,101.003998
2025-11-14T06:00:00Z,101.003998,101.041000,100.943001,100.994003
2025-11-14T07:00:00Z,100.991997,100.999001,100.783997,100.974998
2025-11-14T08:00:00Z,100.974998,100.983002,100.754997,100.914001
2025-11-14T09:00:00Z,100.914001,100.991997,100.823997,100.873001
2025-11-14T10:00:00Z,100.876999,100.959000,100.789001,100.814003
2025-11-14T11:00:00Z,100.809998,100.834999,100.601997,100.671997
2025-11-14T12:00:00Z,100.671997,100.681000,100.313004,100.378998
2025-11-14T13:00:00Z,100.383003,100.547997,100.222000,100.523003
2025-11-14T14:00:00Z,100.517998,100.862999,100.433998,100.858002
2025-11-14T15:00:00Z,100.853996,101.106003,100.695999,101.087997
2025-11-14T16:00:00Z,101.087997,101.292000,100.987999,101.240997
2025-11-14T17:00:00Z,101.239998,101.297997,101.120003,101.161003
2025-11-14T18:00:00Z,101.160004,101.168999,100.983002,101.028999
2025-11-14T19:00:00Z,101.028000,101.070000,100.959999,101.044998
2025-11-14T20:00:00Z,101.051003,101.061996,100.958000,100.999001
2025-11-14T21:00:00Z,100.999001,101.067001,100.942001,100.975998
2025-11-14T22:00:00Z,101.012001,101.012001,101.012001,101.012001
2025-11-17T00:00:00Z,100.982002,101.023003,100.790001,100.922997
2025-11-17T01:00:00Z,100.917999,100.928001,100.754997,100.757004
2025-11-17T02:00:00Z,100.757004,100.874001,100.732002,100.848999
2025-11-17T03:00:00Z,100.848999,100.927002,100.738998,100.822998
2025-11-17T04:00:00Z,100.821999,100.887001,100.800003,100.855003
2025-11-17T05:00:00Z,100.848000,100.932999,100.821999,100.891998
2025-11-17T06:00:00Z,100.891998,100.986000,100.874001,100.930000
2025-11-17T07:00:00Z,100.930000,101.136002,100.907997,101.101997
2025-11-17T08:00:00Z,101.108002,101.133003,100.883003,100.921997
2025-11-17T09:00:00Z,100.917000,100.939003,100.865997,100.893997
2025-11-17T10:00:00Z,100.900002,100.939003,100.796997,100.820000
2025-11-17T11:00:00Z,100.820000,100.913002,100.772003,100.884003
2025-11-17T12:00:00Z,100.884003,100.983002,100.860001,100.936996
2025-11-17T13:00:00Z,100.936996,100.981003,100.768997,100.834000
2025-11-17T14:00:00Z,100.834999,100.959000,100.794998,100.952003
2025-11-17T15:00:00Z,100.952003,101.108002,100.925003,101.008003
2025-11-17T16:00:00Z,101.008003,101.112000,100.807999,101.106003
2025-11-17T17:00:00Z,101.112999,101.151001,100.978996,100.997002
2025-11-17T18:00:00Z,100.994003,101.014000,100.800003,100.800003
2025-11-17T19:00:00Z,100.802002,100.819000,100.623001,100.647003
2025-11-17T20:00:00Z,100.652000,100.787003,100.602997,100.769997
2025-11-17T21:00:00Z,100.765999,100.824997,100.746002,100.780998
2025-11-17T22:00:00Z,100.727997,100.837997,100.658997,100.791000
2025-11-17T23:00:00Z,100.791000,100.897003,100.777000,100.806999
2025-11-18T00:00:00Z,100.808998,100.832001,100.614998,100.662003
2025-11-18T01:00:00Z,100.662003,100.786003,100.647003,100.730003
2025-11-18T02:00:00Z,100.731003,100.860001,100.696999,100.699997
2025-11-18T03:00:00Z,100.699997,100.705002,100.500999,100.529999
2025-11-18T04:00:00Z,100.529999,100.533997,100.139999,100.482002
2025-11-18T05:00:00Z,100.476997,100.584999,100.370003,100.516998
2025-11-18T06:00:00Z,100.513000,100.584000,100.360001,100.486000
2025-11-18T07:00:00Z,100.485001,100.589996,100.321999,100.512001
2025-11-18T08:00:00Z,100.512001,100.858002,100.511002,100.707001
2025-11-18T09:00:00Z,100.707001,100.866997,100.678001,100.834000
2025-11-18T10:00:00Z,100.833000,101.027000,100.788002,101.023003
2025-11-18T11:00:00Z,101.022003,101.100998,100.972000,101.069000
2025-11-18T12:00:00Z,101.072998,101.072998,100.879997,100.894997
2025-11-18T13:00:00Z,100.894997,101.051003,100.884003,100.949997
2025-11-18T14:00:00Z,100.947998,101.124001,100.856003,100.867996
2025-11-18T15:00:00Z,100.862999,100.907997,100.625999,100.716003
2025-11-18T16:00:00Z,100.723999,101.210999,100.663002,101.089996
2025-11-18T17:00:00Z,101.086998,101.370003,100.994003,101.349998
2025-11-18T18:00:00Z,101.349998,101.433998,101.313004,101.345001
2025-11-18T19:00:00Z,101.341003,101.413002,101.287003,101.352997
2025-11-18T20:00:00Z,101.348999,101.366997,101.240997,101.250999
2025-11-18T21:00:00Z,101.250000,101.261002,101.137001,101.137001
2025-11-18T22:00:00Z,101.070000,101.246002,101.028000,101.212997
2025-11-18T23:00:00Z,101.199997,101.282997,101.190002,101.234001
2025-11-19T00:00:00Z,101.222000,101.240997,101.016998,101.081001
2025-11-19T01:00:00Z,101.078003,101.093002,100.906998,100.948997
2025-11-19T02:00:00Z,100.949997,101.027000,100.824997,100.837997
2025-11-19T03:00:00Z,100.832001,100.837997,100.630997,100.668999
2025-11-19T04:00:00Z,100.667999,100.803001,100.585999,100.690002
2025-11-19T05:00:00Z,100.684998,100.829002,100.647003,100.820999
2025-11-19T06:00:00Z,100.820999,100.945999,100.800003,100.894997
2025-11-19T07:00:00Z,100.890999,100.999001,100.867996,100.972000
2025-11-19T08:00:00Z,100.970001,100.988998,100.795998,100.818001
2025-11-19T09:00:00Z,100.818001,101.179001,100.795998,101.166000
2025-11-19T10:00:00Z,101.164001,101.353996,101.120003,101.329002
2025-11-19T11:00:00Z,101.334999,101.370003,101.267998,101.300003
2025-11-19T12:00:00Z,101.300003,101.436996,101.283997,101.393997
2025-11-19T13:00:00Z,101.393997,101.398003,101.236000,101.334999
2025-11-19T14:00:00Z,101.332001,101.685997,101.292000,101.667999
2025-11-19T15:00:00Z,101.669998,101.688004,101.154999,101.178001
2025-11-19T16:00:00Z,101.182999,101.304001,101.101997,101.304001
2025-11-19T17:00:00Z,101.296997,101.348000,101.140999,101.265999
2025-11-19T18:00:00Z,101.259003,101.457001,101.255997,101.362000
2025-11-19T19:00:00Z,101.361000,101.511002,101.297997,101.499001
2025-11-19T20:00:00Z,101.500000,101.612000,101.470001,101.513000
2025-11-19T21:00:00Z,101.519997,101.860001,101.492996,101.789001
2025-11-19T22:00:00Z,101.781998,101.810997,101.626999,101.749001
2025-11-19T23:00:00Z,101.710999,101.948997,101.684998,101.876999
2025-11-20T00:00:00Z,101.889999,101.974998,101.721001,101.841003
2025-11-20T01:00:00Z,101.847000,102.045998,101.793999,102.001999
2025-11-20T02:00:00Z,102.000999,102.037003,101.848000,101.911003
2025-11-20T03:00:00Z,101.912003,102.099998,101.912003,102.033997
2025-11-20T04:00:00Z,102.028999,102.106003,101.953003,102.084999
2025-11-20T05:00:00Z,102.084999,102.207001,102.017998,102.075996
2025-11-20T06:00:00Z,102.080002,102.239998,102.035004,102.232002
2025-11-20T07:00:00Z,102.230003,102.233002,101.927002,101.964996
2025-11-20T08:00:00Z,101.958000,101.980003,101.748001,101.778000
2025-11-20T09:00:00Z,101.778000,101.901001,101.775002,101.898003
2025-11-20T10:00:00Z,101.896004,102.065002,101.883003,102.031998
2025-11-20T11:00:00Z,102.035004,102.075996,101.953003,102.000000
2025-11-20T12:00:00Z,101.995003,102.153000,101.989998,102.148003
2025-11-20T13:00:00Z,102.148003,102.456001,102.007004,102.275002
2025-11-20T14:00:00Z,102.275002,102.487999,102.261002,102.404999
2025-11-20T15:00:00Z,102.393997,102.442001,102.113998,102.127998
2025-11-20T16:00:00Z,102.122002,102.132004,101.462997,101.492996
2025-11-20T17:00:00Z,101.489998,101.679001,101.297997,101.527000
2025-11-20T18:00:00Z,101.528000,101.879997,101.414001,101.459000
2025-11-20T19:00:00Z,101.464996,101.717003,101.417999,101.709999
2025-11-20T20:00:00Z,101.709999,101.749001,101.512001,101.532997
2025-11-20T21:00:00Z,101.535004,101.543999,101.374001,101.397003
2025-11-20T22:00:00Z,101.383003,101.532997,101.348999,101.519997
2025-11-20T23:00:00Z,101.505997,101.540001,101.281998,101.497002
2025-11-21T00:00:00Z,101.494003,101.624001,101.478996,101.552002
2025-11-21T01:00:00Z,101.552002,101.661003,101.463997,101.639000
2025-11-21T02:00:00Z,101.632004,101.658997,101.435997,101.440002
2025-11-21T03:00:00Z,101.440002,101.544998,101.410004,101.411003
2025-11-21T04:00:00Z,101.411003,101.417000,101.233002,101.367996
2025-11-21T05:00:00Z,101.362999,101.482002,101.314003,101.353996
2025-11-21T06:00:00Z,101.353996,101.445000,101.278000,101.391998
2025-11-21T07:00:00Z,101.388000,101.411003,100.782997,100.873001
2025-11-21T08:00:00Z,100.879997,101.278999,100.789001,101.222000
2025-11-21T09:00:00Z,101.220001,101.242996,100.885002,100.892998
2025-11-21T10:00:00Z,100.890999,100.917999,100.600998,100.890999
2025-11-21T11:00:00Z,100.885002,101.047997,100.800003,100.866997
2025-11-21T12:00:00Z,100.866997,101.115997,100.713997,101.021004
2025-11-21T13:00:00Z,101.025002,101.214996,100.942001,101.132004
2025-11-21T14:00:00Z,101.132004,101.146004,100.779999,100.850998
2025-11-21T15:00:00Z,100.843002,100.917999,100.349998,100.696999
2025-11-21T16:00:00Z,100.695000,101.073997,100.588997,101.068001
2025-11-21T17:00:00Z,101.070999,101.209999,101.003998,101.036003
2025-11-21T18:00:00Z,101.040001,101.189003,100.872002,101.041000
2025-11-21T19:00:00Z,101.040001,101.084999,100.884003,100.917000
2025-11-21T20:00:00Z,100.917999,101.042000,100.904999,100.985001
2025-11-21T21:00:00Z,100.985001,101.064003,100.848000,100.917000
2025-11-21T22:00:00Z,100.976997,100.976997,100.976997,100.976997
2025-11-24T00:00:00Z,101.236000,101.250999,101.115997,101.144997
2025-11-24T01:00:00Z,101.144997,101.166000,101.064003,101.137001
2025-11-24T02:00:00Z,101.137001,101.291000,101.106003,101.218002
2025-11-24T03:00:00Z,101.220001,101.250999,101.153000,101.202003
2025-11-24T04:00:00Z,101.202003,101.254997,101.110001,101.130997
2025-11-24T05:00:00Z,101.130997,101.212997,101.098999,101.192001
2025-11-24T06:00:00Z,101.192001,101.291000,101.180000,101.237000
2025-11-24T07:00:00Z,101.233002,101.371002,101.183998,101.330002
2025-11-24T08:00:00Z,101.327003,101.343002,101.217003,101.304001
2025-11-24T09:00:00Z,101.304001,101.318001,100.959000,101.045998
2025-11-24T10:00:00Z,101.045998,101.123001,100.994003,101.081001
2025-11-24T11:00:00Z,101.075996,101.220001,101.037003,101.166000
2025-11-24T12:00:00Z,101.164001,101.261002,101.058998,101.249001
2025-11-24T13:00:00Z,101.251999,101.383003,101.214996,101.268997
2025-11-24T14:00:00Z,101.268997,101.464996,101.190002,101.345001
2025-11-24T15:00:00Z,101.353996,101.474998,101.197998,101.253998
2025-11-24T16:00:00Z,101.249001,101.364998,101.249001,101.296997
2025-11-24T17:00:00Z,101.296997,101.364998,101.234001,101.334999
2025-11-24T18:00:00Z,101.334999,101.398003,101.321999,101.361000
2025-11-24T19:00:00Z,101.359001,101.396004,101.263000,101.282997
2025-11-24T20:00:00Z,101.278999,101.421997,101.278000,101.399002
2025-11-24T21:00:00Z,101.388000,101.467003,101.351997,101.373001
2025-11-24T22:00:00Z,101.345001,101.417999,101.246002,101.389999
2025-11-24T23:00:00Z,101.403000,101.509003,101.389999,101.450996
2025-11-25T00:00:00Z,101.439003,101.441002,101.236000,101.252998
2025-11-25T01:00:00Z,101.248001,101.328003,101.195999,101.241997
2025-11-25T02:00:00Z,101.241997,101.314003,101.193001,101.299004
2025-11-25T03:00:00Z,101.301003,101.306000,101.119003,101.165001
2025-11-25T04:00:00Z,101.167000,101.252998,101.164001,101.195999
2025-11-25T05:00:00Z,101.195999,101.267998,101.123001,101.211998
2025-11-25T06:00:00Z,101.214996,101.272003,101.055000,101.070000
2025-11-25T07:00:00Z,101.070999,101.122002,101.005997,101.081001
2025-11-25T08:00:00Z,101.084000,101.132004,100.915001,100.954002
2025-11-25T09:00:00Z,100.954002,100.994003,100.835999,100.941002
2025-11-25T10:00:00Z,100.945000,101.004997,100.875999,100.927002
2025-11-25T11:00:00Z,100.927002,100.954002,100.832001,100.888000
2025-11-25T12:00:00Z,100.883003,101.040001,100.827003,100.888000
2025-11-25T13:00:00Z,100.886002,101.014999,100.858002,100.886002
2025-11-25T14:00:00Z,100.891998,100.891998,100.342003,100.706001
2025-11-25T15:00:00Z,100.710999,100.742996,100.495003,100.669998
2025-11-25T16:00:00Z,100.668999,100.842003,100.639999,100.834999
2025-11-25T17:00:00Z,100.837997,100.997002,100.788002,100.889999
2025-11-25T18:00:00Z,100.889999,100.955002,100.878998,100.897003
2025-11-25T19:00:00Z,100.897003,100.927002,100.807999,100.878998
2025-11-25T20:00:00Z,100.875000,101.014999,100.875000,100.945000
2025-11-25T21:00:00Z,100.945000,101.016998,100.891998,100.921997
2025-11-25T22:00:00Z,100.921997,100.955002,100.677002,100.931000
2025-11-25T23:00:00Z,100.929001,101.083000,100.915001,101.056000
2025-11-26T00:00:00Z,101.063004,101.311996,101.011002,101.240997
2025-11-26T01:00:00Z,101.239998,101.420998,101.150002,101.218002
2025-11-26T02:00:00Z,101.210999,101.269997,101.075996,101.180000
2025-11-26T03:00:00Z,101.179001,101.400002,101.166000,101.338997
2025-11-26T04:00:00Z,101.338997,101.515999,101.336998,101.459999
2025-11-26T05:00:00Z,101.454002,101.603996,101.448997,101.560997
2025-11-26T06:00:00Z,101.560997,101.700996,101.560997,101.591003
2025-11-26T07:00:00Z,101.592003,101.747002,101.579002,101.667999
2025-11-26T08:00:00Z,101.667999,101.723999,101.468002,101.633003
2025-11-26T09:00:00Z,101.633003,101.716003,101.542000,101.686996
2025-11-26T10:00:00Z,101.681000,101.688004,101.542999,101.570000
2025-11-26T11:00:00Z,101.574997,101.643997,101.512001,101.570000
2025-11-26T12:00:00Z,101.571999,101.621002,101.490997,101.588997
2025-11-26T13:00:00Z,101.593002,101.723999,101.556000,101.681999
2025-11-26T14:00:00Z,101.683998,101.836998,101.627998,101.728996
2025-11-26T15:00:00Z,101.736000,101.862999,101.664001,101.808998
2025-11-26T16:00:00Z,101.813004,101.914001,101.806000,101.885002
2025-11-26T17:00:00Z,101.879997,101.913002,101.835999,101.892998
2025-11-26T18:00:00Z,101.887001,102.014000,101.815002,101.998001
2025-11-26T19:00:00Z,101.996002,102.031998,101.954002,101.983002
2025-11-26T20:00:00Z,101.987000,102.014000,101.938004,101.966003
2025-11-26T21:00:00Z,101.963997,101.992996,101.897003,101.958000
2025-11-26T22:00:00Z,101.931000,102.008003,101.878998,101.900002
2025-11-26T23:00:00Z,101.902000,102.022003,101.891998,101.917999
2025-11-27T00:00:00Z,101.903999,101.931000,101.710999,101.823997
2025-11-27T01:00:00Z,101.824997,101.939003,101.635002,101.917000
2025-11-27T02:00:00Z,101.917999,102.049004,101.871002,101.922997
2025-11-27T03:00:00Z,101.922997,101.966003,101.851997,101.945000
2025-11-27T04:00:00Z,101.945000,101.989998,101.889999,101.954002
2025-11-27T05:00:00Z,101.948997,101.966003,101.849998,101.904999
2025-11-27T06:00:00Z,101.903000,101.967003,101.846001,101.904999
2025-11-27T07:00:00Z,101.903000,102.015999,101.897003,101.970001
2025-11-27T08:00:00Z,101.973999,102.036003,101.892998,101.991997
2025-11-27T09:00:00Z,101.996002,102.069000,101.948997,102.001999
2025-11-27T10:00:00Z,101.999001,102.033997,101.931999,101.952003
2025-11-27T11:00:00Z,101.950996,102.050003,101.927002,102.022003
2025-11-27T12:00:00Z,102.028000,102.070999,102.003998,102.042999
2025-11-27T13:00:00Z,102.042999,102.054001,101.981003,101.990997
2025-11-27T14:00:00Z,101.984001,102.051003,101.975998,102.042999
2025-11-27T15:00:00Z,102.038002,102.137001,102.019997,102.116997
2025-11-27T16:00:00Z,102.116997,102.133003,102.053001,102.065002
2025-11-27T17:00:00Z,102.070000,102.117996,102.065002,102.101997
2025-11-27T18:00:00Z,102.101997,102.126999,102.084999,102.093002
2025-11-27T19:00:00Z,102.093002,102.111000,102.079002,102.082001
2025-11-27T20:00:00Z,102.082001,102.098999,102.058998,102.083000
2025-11-27T21:00:00Z,102.087997,102.125999,102.016998,102.087997
2025-11-27T22:00:00Z,102.087997,102.133003,101.929001,102.087997
2025-11-27T23:00:00Z,102.098999,102.156998,102.033997,102.142998
2025-11-28T00:00:00Z,102.144997,102.310997,102.098999,102.254997
2025-11-28T01:00:00Z,102.259003,102.283997,102.181000,102.190002
2025-11-28T02:00:00Z,102.184998,102.232002,102.022003,102.151001
2025-11-28T03:00:00Z,102.142998,102.217003,102.028999,102.106003
2025-11-28T04:00:00Z,102.096001,102.139999,102.003998,102.035004
2025-11-28T05:00:00Z,102.035004,102.146004,101.983002,102.077003
2025-11-28T06:00:00Z,102.071999,102.134003,101.996002,102.056000
2025-11-28T07:00:00Z,102.056999,102.113998,101.932999,101.940002
2025-11-28T08:00:00Z,101.941002,102.022003,101.896004,101.954002
2025-11-28T09:00:00Z,101.954002,102.051003,101.933998,101.992996
2025-11-28T10:00:00Z,101.984001,102.052002,101.894997,101.917000
2025-11-28T11:00:00Z,101.930000,101.959000,101.848999,101.893997
2025-11-28T12:00:00Z,101.893997,101.947998,101.834000,101.877998
2025-11-28T13:00:00Z,101.872002,102.033997,101.860001,101.963997
2025-11-28T14:00:00Z,101.961998,102.212997,101.936996,102.136002
2025-11-28T15:00:00Z,102.130997,102.364998,102.105003,102.320000
2025-11-28T16:00:00Z,102.324997,102.350998,102.232002,102.299004
2025-11-28T17:00:00Z,102.301003,102.348999,102.189003,102.334999
2025-11-28T18:00:00Z,102.341003,102.353996,102.222000,102.261002
2025-11-28T19:00:00Z,102.253998,102.289001,102.219002,102.259003
2025-11-28T20:00:00Z,102.259003,102.295998,102.223000,102.276001
2025-11-28T21:00:00Z,102.273003,102.334000,102.152000,102.203003
2025-11-28T22:00:00Z,102.292999,102.292999,102.292999,102.292999
2025-12-01T00:00:00Z,102.133003,102.151001,101.816002,101.926003
2025-12-01T01:00:00Z,101.926003,102.084999,101.772003,101.973999
2025-12-01T02:00:00Z,101.974998,101.987999,101.658997,101.735001
2025-12-01T03:00:00Z,101.735001,101.790001,101.665001,101.778999
2025-12-01T04:00:00Z,101.778999,101.874001,101.704002,101.786003
2025-12-01T05:00:00Z,101.783997,101.796997,101.611000,101.778000
2025-12-01T06:00:00Z,101.778000,101.836998,101.771004,101.790001
2025-12-01T07:00:00Z,101.781998,101.823997,101.722000,101.764000
2025-12-01T08:00:00Z,101.764999,101.889999,101.696999,101.822998
2025-12-01T09:00:00Z,101.822998,101.828003,101.691002,101.702003
2025-12-01T10:00:00Z,101.708000,101.731003,101.585999,101.677002
2025-12-01T11:00:00Z,101.676003,101.733002,101.612000,101.651001
2025-12-01T12:00:00Z,101.655998,101.695000,101.519997,101.587997
2025-12-01T13:00:00Z,101.587997,101.632004,101.502998,101.571999
2025-12-01T14:00:00Z,101.571999,101.709000,101.522003,101.672997
2025-12-01T15:00:00Z,101.675003,101.788002,101.563004,101.643997
2025-12-01T16:00:00Z,101.643997,101.805000,101.636002,101.759003
2025-12-01T17:00:00Z,101.755997,101.838997,101.727997,101.792999
2025-12-01T18:00:00Z,101.792999,101.825996,101.753998,101.815002
2025-12-01T19:00:00Z,101.815002,101.818001,101.681999,101.723999
2025-12-01T20:00:00Z,101.725998,101.744003,101.674004,101.704002
2025-12-01T21:00:00Z,101.708000,101.758003,101.676003,101.686996
2025-12-01T22:00:00Z,101.688004,101.755997,101.553001,101.653000
2025-12-01T23:00:00Z,101.650002,101.800003,101.626999,101.757004
2025-12-02T00:00:00Z,101.755997,101.838997,101.689003,101.820000
2025-12-02T01:00:00Z,101.823997,101.882004,101.807999,101.860001
2025-12-02T02:00:00Z,101.860001,101.994003,101.817001,101.959999
2025-12-02T03:00:00Z,101.954002,102.009003,101.852997,101.945999
2025-12-02T04:00:00Z,101.945999,101.985001,101.896004,101.924004
2025-12-02T05:00:00Z,101.928001,102.066002,101.917000,101.996002
2025-12-02T06:00:00Z,102.000999,102.105003,101.987000,102.077003
2025-12-02T07:00:00Z,102.073997,102.172997,102.068001,102.110001
2025-12-02T08:00:00Z,102.103996,102.269997,102.099998,102.242996
2025-12-02T09:00:00Z,102.242996,102.268997,102.116997,102.123001
2025-12-02T10:00:00Z,102.128998,102.158997,102.100998,102.133003
2025-12-02T11:00:00Z,102.137001,102.183998,102.084000,102.099998
2025-12-02T12:00:00Z,102.100998,102.269997,102.096001,102.257004
2025-12-02T13:00:00Z,102.252998,102.367996,102.239998,102.362999
2025-12-02T14:00:00Z,102.359001,102.499001,102.293999,102.336998
2025-12-02T15:00:00Z,102.344002,102.468002,102.228996,102.400002
2025-12-02T16:00:00Z,102.402000,102.419998,102.130997,102.198997
2025-12-02T17:00:00Z,102.202003,102.372002,102.193001,102.223999
2025-12-02T18:00:00Z,102.219002,102.291000,102.192001,102.281998
2025-12-02T19:00:00Z,102.278999,102.347000,102.250999,102.339996
2025-12-02T20:00:00Z,102.335999,102.346001,102.286003,102.300003
2025-12-02T21:00:00Z,102.300003,102.349998,102.197998,102.197998
2025-12-02T22:00:00Z,102.141998,102.350998,102.138000,102.334999
2025-12-02T23:00:00Z,102.321999,102.431999,102.321999,102.408997
2025-12-03T00:00:00Z,102.388000,102.425003,102.014000,102.297997
2025-12-03T01:00:00Z,102.292000,102.351997,102.199997,102.331001
2025-12-03T02:00:00Z,102.331001,102.450996,102.310997,102.385002
2025-12-03T03:00:00Z,102.385002,102.436996,102.373001,102.401001
2025-12-03T04:00:00Z,102.401001,102.473999,102.388000,102.421997
2025-12-03T05:00:00Z,102.421997,102.511002,102.393997,102.491997
2025-12-03T06:00:00Z,102.487999,102.490997,102.360001,102.420998
2025-12-03T07:00:00Z,102.424004,102.453003,102.363998,102.394997
2025-12-03T08:00:00Z,102.394997,102.485001,102.347000,102.462997
2025-12-03T09:00:00Z,102.460999,102.478996,102.386002,102.417999
2025-12-03T10:00:00Z,102.417999,102.502998,102.411003,102.459000
2025-12-03T11:00:00Z,102.458000,102.462997,102.362999,102.403999
2025-12-03T12:00:00Z,102.402000,102.443001,102.358002,102.392998
2025-12-03T13:00:00Z,102.392998,102.487000,102.320000,102.474998
2025-12-03T14:00:00Z,102.470001,102.488998,102.097000,102.309998
2025-12-03T15:00:00Z,102.304001,102.501999,102.260002,102.399002
2025-12-03T16:00:00Z,102.401001,102.427002,102.236000,102.264999
2025-12-03T17:00:00Z,102.264999,102.361000,102.235001,102.319000
2025-12-03T18:00:00Z,102.319000,102.389999,102.285004,102.367996
2025-12-03T19:00:00Z,102.363998,102.413002,102.336998,102.407997
2025-12-03T20:00:00Z,102.407997,102.486000,102.387001,102.473999
2025-12-03T21:00:00Z,102.475998,102.519997,102.431999,102.442001
2025-12-03T22:00:00Z,102.432999,102.459999,102.286003,102.383003
2025-12-03T23:00:00Z,102.360001,102.464996,102.360001,102.430000
2025-12-04T00:00:00Z,102.431000,102.600998,102.403999,102.518997
2025-12-04T01:00:00Z,102.515999,102.621002,102.495003,102.569000
2025-12-04T02:00:00Z,102.567001,102.708000,102.566002,102.676003
2025-12-04T03:00:00Z,102.676003,102.740997,102.639999,102.695000
2025-12-04T04:00:00Z,102.695000,102.833000,102.671997,102.811996
2025-12-04T05:00:00Z,102.814003,102.851997,102.578003,102.616997
2025-12-04T06:00:00Z,102.622002,102.705002,102.609001,102.660004
2025-12-04T07:00:00Z,102.660004,102.737000,102.627998,102.706001
2025-12-04T08:00:00Z,102.699997,102.710999,102.369003,102.457001
2025-12-04T09:00:00Z,102.456001,102.497002,102.404999,102.417999
2025-12-04T10:00:00Z,102.417999,102.457001,102.286003,102.297997
2025-12-04T11:00:00Z,102.293999,102.308998,102.093002,102.161003
2025-12-04T12:00:00Z,102.164001,102.262001,102.142998,102.202003
2025-12-04T13:00:00Z,102.202003,102.398003,102.199997,102.286003
2025-12-04T14:00:00Z,102.286003,102.382004,102.255997,102.313004
2025-12-04T15:00:00Z,102.313004,102.459999,102.303001,102.359001
2025-12-04T16:00:00Z,102.361000,102.526001,102.343002,102.508003
2025-12-04T17:00:00Z,102.510002,102.527000,102.455002,102.500000
2025-12-04T18:00:00Z,102.500000,102.531998,102.473999,102.529999
2025-12-04T19:00:00Z,102.524002,102.536003,102.414001,102.525002
2025-12-04T20:00:00Z,102.519997,102.577003,102.464996,102.570999
2025-12-04T21:00:00Z,102.568001,102.581001,102.474998,102.478996
2025-12-04T22:00:00Z,102.490997,102.529999,102.367996,102.421997
2025-12-04T23:00:00Z,102.422997,102.535004,102.402000,102.488998
2025-12-05T00:00:00Z,102.482002,102.570999,102.425003,102.441002
2025-12-05T01:00:00Z,102.435997,102.588997,102.432999,102.516998
2025-12-05T02:00:00Z,102.516998,102.608002,102.514999,102.573997
2025-12-05T03:00:00Z,102.582001,102.619003,102.522003,102.601997
2025-12-05T04:00:00Z,102.598999,102.625000,102.445999,102.537003
2025-12-05T05:00:00Z,102.537003,102.547997,102.321999,102.376999
2025-12-05T06:00:00Z,102.372002,102.482002,102.334999,102.412003
2025-12-05T07:00:00Z,102.406998,102.466003,102.285004,102.439003
2025-12-05T08:00:00Z,102.435997,102.700996,102.408997,102.612000
2025-12-05T09:00:00Z,102.608002,102.737999,102.580002,102.716003
2025-12-05T10:00:00Z,102.718002,102.955002,102.663002,102.931999
2025-12-05T11:00:00Z,102.931000,102.963997,102.805000,102.850998
2025-12-05T12:00:00Z,102.849998,103.021004,102.845001,103.003998
2025-12-05T13:00:00Z,103.003998,103.124001,102.988998,103.067001
2025-12-05T14:00:00Z,103.069000,103.142998,102.990997,103.121002
2025-12-05T15:00:00Z,103.124001,103.190002,103.075996,103.123001
2025-12-05T16:00:00Z,103.120003,103.136002,102.938004,103.016998
2025-12-05T17:00:00Z,103.024002,103.125999,102.981003,103.099998
2025-12-05T18:00:00Z,103.102997,103.120003,103.046997,103.079002
2025-12-05T19:00:00Z,103.084999,103.111000,103.043999,103.094002
2025-12-05T20:00:00Z,103.094002,103.125999,103.054001,103.108002
2025-12-05T21:00:00Z,103.106003,103.182999,103.069000,103.147003
2025-12-05T22:00:00Z,103.147003,103.149002,103.147003,103.149002
2025-12-08T00:00:00Z,103.044998,103.060997,102.954002,102.968002
2025-12-08T01:00:00Z,102.971001,103.021004,102.902000,102.912003
2025-12-08T02:00:00Z,102.907997,103.049004,102.900002,103.041000
2025-12-08T03:00:00Z,103.040001,103.056999,102.987000,103.026001
2025-12-08T04:00:00Z,103.024002,103.072998,103.007004,103.035004
2025-12-08T05:00:00Z,103.035004,103.178001,103.017998,103.132004
2025-12-08T06:00:00Z,103.133003,103.193001,103.098000,103.128998
2025-12-08T07:00:00Z,103.133003,103.163002,103.039001,103.108002
2025-12-08T08:00:00Z,103.109001,103.188004,103.072998,103.171997
2025-12-08T09:00:00Z,103.166000,103.226997,103.138000,103.171997
2025-12-08T10:00:00Z,103.168999,103.211998,103.149002,103.193001
2025-12-08T11:00:00Z,103.197998,103.222000,103.160004,103.207001
2025-12-08T12:00:00Z,103.205002,103.296997,103.176003,103.269997
2025-12-08T13:00:00Z,103.269997,103.314003,103.253998,103.285004
2025-12-08T14:00:00Z,103.285004,103.371002,103.179001,103.318001
2025-12-08T15:00:00Z,103.315002,103.320999,103.119003,103.139000
2025-12-08T16:00:00Z,103.133003,103.266998,103.085999,103.221001
2025-12-08T17:00:00Z,103.221001,103.259003,103.125000,103.227997
2025-12-08T18:00:00Z,103.231003,103.258003,103.092003,103.115997
2025-12-08T19:00:00Z,103.115997,103.274002,103.098000,103.263000
2025-12-08T20:00:00Z,103.258003,103.304001,103.214996,103.296997
2025-12-08T21:00:00Z,103.296997,103.320999,103.260002,103.260002
2025-12-08T22:00:00Z,103.275002,103.275002,103.092003,103.234001
2025-12-08T23:00:00Z,103.231003,103.339996,103.192001,103.277000
2025-12-09T00:00:00Z,103.272003,103.320000,103.212997,103.296997
2025-12-09T01:00:00Z,103.296997,103.309998,103.203003,103.226997
2025-12-09T02:00:00Z,103.222000,103.319000,103.195999,103.295998
2025-12-09T03:00:00Z,103.300003,103.347000,102.985001,103.237999
2025-12-09T04:00:00Z,103.238998,103.669998,103.195999,103.620003
2025-12-09T05:00:00Z,103.616997,103.679001,103.560997,103.637001
2025-12-09T06:00:00Z,103.636002,103.679001,103.514000,103.611000
2025-12-09T07:00:00Z,103.611000,103.692001,103.559998,103.672997
2025-12-09T08:00:00Z,103.667000,103.795998,103.663002,103.752998
2025-12-09T09:00:00Z,103.747002,103.773003,103.629997,103.714996
2025-12-09T10:00:00Z,103.720001,103.764999,103.580002,103.613998
2025-12-09T11:00:00Z,103.612000,103.695999,103.578003,103.677002
2025-12-09T12:00:00Z,103.679001,103.796997,103.672997,103.774002
2025-12-09T13:00:00Z,103.774002,103.869003,103.750999,103.786003
2025-12-09T14:00:00Z,103.780998,103.988998,103.768997,103.963997
2025-12-09T15:00:00Z,103.955002,104.262001,103.931000,104.219002
2025-12-09T16:00:00Z,104.213997,104.394997,104.196999,104.334000
2025-12-09T17:00:00Z,104.334999,104.360001,104.133003,104.164001
2025-12-09T18:00:00Z,104.166000,104.172997,104.083000,104.157997
2025-12-09T19:00:00Z,104.158997,104.184998,104.108002,104.116997
2025-12-09T20:00:00Z,104.116997,104.193001,104.115997,104.166000
2025-12-09T21:00:00Z,104.172997,104.225998,104.147003,104.161003
2025-12-09T22:00:00Z,104.172997,104.206001,103.969002,104.168999
2025-12-09T23:00:00Z,104.161003,104.228996,104.116997,104.128998
2025-12-10T00:00:00Z,104.108002,104.233002,104.096001,104.101997
2025-12-10T01:00:00Z,104.100998,104.114998,103.922997,103.935997
2025-12-10T02:00:00Z,103.935997,104.023003,103.833000,103.959999
2025-12-10T03:00:00Z,103.959999,104.007004,103.896004,103.929001
2025-12-10T04:00:00Z,103.929001,104.010002,103.922997,103.997002
2025-12-10T05:00:00Z,103.997002,104.100998,103.917999,104.086998
2025-12-10T06:00:00Z,104.083000,104.190002,104.073997,104.150002
2025-12-10T07:00:00Z,104.148003,104.219002,104.116997,104.128998
2025-12-10T08:00:00Z,104.129997,104.237000,104.071999,104.226997
2025-12-10T09:00:00Z,104.220001,104.311996,104.188004,104.268997
2025-12-10T10:00:00Z,104.264999,104.303001,104.155998,104.196999
2025-12-10T11:00:00Z,104.196999,104.228996,104.111000,104.165001
2025-12-10T12:00:00Z,104.165001,104.209999,104.136002,104.155998
2025-12-10T13:00:00Z,104.155998,104.163002,103.949997,103.980003
2025-12-10T14:00:00Z,103.980003,104.013000,103.834000,103.890999
2025-12-10T15:00:00Z,103.888000,103.896004,103.722000,103.844002
2025-12-10T16:00:00Z,103.844002,103.866997,103.761002,103.825996
2025-12-10T17:00:00Z,103.820999,103.869003,103.779999,103.834000
2025-12-10T18:00:00Z,103.833000,103.931999,103.831001,103.889000
2025-12-10T19:00:00Z,103.874001,104.192001,103.800003,104.170998
2025-12-10T20:00:00Z,104.175003,104.231003,104.095001,104.153999
2025-12-10T21:00:00Z,104.153999,104.224998,104.042000,104.122002
2025-12-10T22:00:00Z,104.119003,104.138000,103.952003,104.009003
2025-12-10T23:00:00Z,104.032997,104.110001,103.839996,103.941002
2025-12-11T00:00:00Z,103.944000,103.955002,103.648003,103.802002
2025-12-11T01:00:00Z,103.802002,103.879997,103.732002,103.850998
2025-12-11T02:00:00Z,103.858002,103.871002,103.524002,103.622002
2025-12-11T03:00:00Z,103.615997,103.637001,103.320000,103.334000
2025-12-11T04:00:00Z,103.329002,103.468002,103.181000,103.445999
2025-12-11T05:00:00Z,103.449997,103.567001,103.414001,103.542000
2025-12-11T06:00:00Z,103.542000,103.591003,103.446999,103.483002
2025-12-11T07:00:00Z,103.476997,103.667999,103.459000,103.639999
2025-12-11T08:00:00Z,103.639999,103.696999,103.527000,103.587997
2025-12-11T09:00:00Z,103.587997,103.695999,103.552002,103.672997
2025-12-11T10:00:00Z,103.669998,103.723000,103.608002,103.718002
2025-12-11T11:00:00Z,103.717003,103.768997,103.663002,103.699997
2025-12-11T12:00:00Z,103.699997,103.747002,103.490997,103.582001
2025-12-11T13:00:00Z,103.585999,103.607002,103.459999,103.482002
2025-12-11T14:00:00Z,103.482002,103.499001,103.200996,103.204002
2025-12-11T15:00:00Z,103.208000,103.540001,103.179001,103.528999
2025-12-11T16:00:00Z,103.528999,103.585999,103.394997,103.478996
2025-12-11T17:00:00Z,103.484001,103.606003,103.471001,103.533997
2025-12-11T18:00:00Z,103.538002,103.691002,103.525002,103.627998
2025-12-11T19:00:00Z,103.626999,103.720001,103.622002,103.713997
2025-12-11T20:00:00Z,103.713997,103.732002,103.622002,103.674004
2025-12-11T21:00:00Z,103.677002,103.733002,103.617996,103.653000
2025-12-11T22:00:00Z,103.638000,103.704002,103.517998,103.637001
2025-12-11T23:00:00Z,103.625999,103.677002,103.592003,103.614998
2025-12-12T00:00:00Z,103.597000,103.869003,103.569000,103.830002
2025-12-12T01:00:00Z,103.830002,103.875000,103.713997,103.778999
2025-12-12T02:00:00Z,103.782997,103.822998,103.734001,103.755997
2025-12-12T03:00:00Z,103.757004,103.806999,103.735001,103.769997
2025-12-12T04:00:00Z,103.765999,103.803001,103.713997,103.725998
2025-12-12T05:00:00Z,103.725998,103.841003,103.718002,103.838997
2025-12-12T06:00:00Z,103.834000,103.929001,103.753998,103.754997
2025-12-12T07:00:00Z,103.759003,103.803001,103.667999,103.792999
2025-12-12T08:00:00Z,103.799004,104.022003,103.776001,104.000999
2025-12-12T09:00:00Z,104.004997,104.025002,103.891998,103.964996
2025-12-12T10:00:00Z,103.962997,103.973999,103.862999,103.962997
2025-12-12T11:00:00Z,103.962997,103.987999,103.903000,103.940002
2025-12-12T12:00:00Z,103.934998,104.024002,103.853996,103.962997
2025-12-12T13:00:00Z,103.962997,104.016998,103.865997,103.973000
2025-12-12T14:00:00Z,103.975998,104.049004,103.870003,103.922997
2025-12-12T15:00:00Z,103.928001,103.929001,103.529999,103.552002
2025-12-12T16:00:00Z,103.556000,103.587997,103.317001,103.446999
2025-12-12T17:00:00Z,103.447998,103.696999,103.431000,103.635002
2025-12-12T18:00:00Z,103.635002,103.749001,103.624001,103.647003
2025-12-12T19:00:00Z,103.648003,103.716003,103.597000,103.709000
2025-12-12T20:00:00Z,103.707001,103.719002,103.599998,103.679001
2025-12-12T21:00:00Z,103.675003,103.697998,103.552002,103.628998
2025-12-12T22:00:00Z,103.622002,103.622002,103.622002,103.622002
2025-12-15T00:00:00Z,103.605003,103.676003,103.584999,103.620003
2025-12-15T01:00:00Z,103.625999,103.655998,103.515999,103.535004
2025-12-15T02:00:00Z,103.528000,103.557999,103.262001,103.295998
2025-12-15T03:00:00Z,103.295998,103.349998,103.234001,103.266998
2025-12-15T04:00:00Z,103.261002,103.265999,103.083000,103.161003
2025-12-15T05:00:00Z,103.160004,103.168999,103.019997,103.022003
2025-12-15T06:00:00Z,103.021004,103.140999,102.969002,103.102997
2025-12-15T07:00:00Z,103.102997,103.228996,103.077003,103.195999
2025-12-15T08:00:00Z,103.199997,103.237000,103.101997,103.179001
2025-12-15T09:00:00Z,103.179001,103.185997,103.004997,103.023003
2025-12-15T10:00:00Z,103.024002,103.096001,103.008003,103.069000
2025-12-15T11:00:00Z,103.069000,103.081001,102.995003,103.022003
2025-12-15T12:00:00Z,103.018997,103.183998,103.000000,103.178001
2025-12-15T13:00:00Z,103.180000,103.219002,103.102997,103.175003
2025-12-15T14:00:00Z,103.181999,103.216003,102.957001,102.976997
2025-12-15T15:00:00Z,102.976997,103.205002,102.875999,103.195999
2025-12-15T16:00:00Z,103.192001,103.247002,103.083000,103.144997
2025-12-15T17:00:00Z,103.138000,103.176003,103.042999,103.092003
2025-12-15T18:00:00Z,103.085999,103.129997,103.029999,103.102997
2025-12-15T19:00:00Z,103.102997,103.140999,103.084000,103.112000
2025-12-15T20:00:00Z,103.112000,103.115997,103.043999,103.067001
2025-12-15T21:00:00Z,103.066002,103.080002,102.977997,103.036003
2025-12-15T22:00:00Z,103.038002,103.098000,102.914001,103.044998
2025-12-15T23:00:00Z,103.049004,103.125000,102.931999,102.940002
2025-12-16T00:00:00Z,102.957001,102.975998,102.658997,102.806000
2025-12-16T01:00:00Z,102.807999,102.873001,102.521004,102.545998
2025-12-16T02:00:00Z,102.553001,102.774002,102.512001,102.606003
2025-12-16T03:00:00Z,102.606003,102.793999,102.585999,102.771004
2025-12-16T04:00:00Z,102.767998,102.834999,102.726997,102.745003
2025-12-16T05:00:00Z,102.744003,102.796997,102.635002,102.695999
2025-12-16T06:00:00Z,102.697998,102.829002,102.676003,102.814003
2025-12-16T07:00:00Z,102.820999,102.920998,102.760002,102.805000
2025-12-16T08:00:00Z,102.808998,102.917000,102.790001,102.833000
2025-12-16T09:00:00Z,102.830002,102.833000,102.719002,102.720001
2025-12-16T10:00:00Z,102.725998,102.814003,102.694000,102.764000
2025-12-16T11:00:00Z,102.766998,102.792999,102.726997,102.755997
2025-12-16T12:00:00Z,102.754997,102.763000,102.572998,102.623001
2025-12-16T13:00:00Z,102.623001,102.931999,102.601997,102.817001
2025-12-16T14:00:00Z,102.820999,103.038002,102.763000,102.889000
2025-12-16T15:00:00Z,102.894997,102.915001,102.434998,102.759003
2025-12-16T16:00:00Z,102.758003,102.823997,102.649002,102.724998
2025-12-16T17:00:00Z,102.730003,102.778999,102.610001,102.619003
2025-12-16T18:00:00Z,102.617996,102.725998,102.523003,102.693001
2025-12-16T19:00:00Z,102.691002,102.699997,102.552002,102.644997
2025-12-16T20:00:00Z,102.648003,102.709000,102.593002,102.677002
2025-12-16T21:00:00Z,102.672997,102.688004,102.557999,102.589996
2025-12-16T22:00:00Z,102.589996,102.640999,102.471001,102.597000
2025-12-16T23:00:00Z,102.597000,102.697998,102.591003,102.663002
2025-12-17T00:00:00Z,102.647003,102.677002,102.315002,102.360001
2025-12-17T01:00:00Z,102.361000,102.601997,102.361000,102.588997
2025-12-17T02:00:00Z,102.589996,102.713997,102.503998,102.696999
2025-12-17T03:00:00Z,102.691002,102.710999,102.557999,102.629997
2025-12-17T04:00:00Z,102.629997,102.698997,102.591003,102.633003
2025-12-17T05:00:00Z,102.635002,102.699997,102.574997,102.698997
2025-12-17T06:00:00Z,102.691002,102.872002,102.676003,102.773003
2025-12-17T07:00:00Z,102.773003,102.931999,102.748001,102.888000
2025-12-17T08:00:00Z,102.884003,102.963997,102.831001,102.959999
2025-12-17T09:00:00Z,102.957001,103.001999,102.863998,102.871002
2025-12-17T10:00:00Z,102.871002,102.921997,102.848000,102.902000
2025-12-17T11:00:00Z,102.898003,102.945999,102.844002,102.919998
2025-12-17T12:00:00Z,102.916000,102.995003,102.891998,102.987000
2025-12-17T13:00:00Z,102.987000,103.039001,102.855003,102.940002
2025-12-17T14:00:00Z,102.947998,103.035004,102.904999,103.012001
2025-12-17T15:00:00Z,103.016998,103.058998,102.682999,102.735001
2025-12-17T16:00:00Z,102.737000,102.910004,102.719002,102.800003
2025-12-17T17:00:00Z,102.799004,102.842003,102.732002,102.766998
2025-12-17T18:00:00Z,102.760002,102.832001,102.682999,102.723999
2025-12-17T19:00:00Z,102.723999,102.822998,102.711998,102.792000
2025-12-17T20:00:00Z,102.797997,102.900002,102.773003,102.818001
2025-12-17T21:00:00Z,102.821999,102.884003,102.787003,102.796997
2025-12-17T22:00:00Z,102.778999,102.865997,102.676003,102.762001
2025-12-17T23:00:00Z,102.766998,102.817001,102.625999,102.632004
2025-12-18T00:00:00Z,102.624001,102.698997,102.555000,102.654999
2025-12-18T01:00:00Z,102.650002,102.764999,102.605003,102.764999
2025-12-18T02:00:00Z,102.825996,102.833000,102.740997,102.793999
2025-12-18T03:00:00Z,102.792999,102.804001,102.684998,102.704002
2025-12-18T04:00:00Z,102.704002,102.810997,102.677002,102.803001
2025-12-18T05:00:00Z,102.804001,102.959999,102.779999,102.906998
2025-12-18T06:00:00Z,102.906998,103.024002,102.863998,103.002998
2025-12-18T07:00:00Z,103.002998,103.105003,102.987000,103.032997
2025-12-18T08:00:00Z,103.036003,103.042000,102.906998,102.963997
2025-12-18T09:00:00Z,102.963997,103.050003,102.926003,102.987999
2025-12-18T10:00:00Z,102.987999,103.064003,102.960999,102.974998
2025-12-18T11:00:00Z,102.980003,103.002998,102.891998,102.946999
2025-12-18T12:00:00Z,102.950996,102.990997,102.874001,102.920998
2025-12-18T13:00:00Z,102.920998,103.086998,102.874001,103.044998
2025-12-18T14:00:00Z,103.039001,103.064003,102.796997,102.978996
2025-12-18T15:00:00Z,102.975998,103.045998,102.852997,102.886002
2025-12-18T16:00:00Z,102.888000,103.007004,102.873001,102.919998
2025-12-18T17:00:00Z,102.917999,102.961998,102.787003,102.931000
2025-12-18T18:00:00Z,102.933998,103.049004,102.903000,102.957001
2025-12-18T19:00:00Z,102.953003,102.972000,102.834999,102.861000
2025-12-18T20:00:00Z,102.861000,102.921997,102.838997,102.865997
2025-12-18T21:00:00Z,102.866997,102.900002,102.811996,102.841003
2025-12-18T22:00:00Z,102.830002,102.856003,102.707001,102.817001
2025-12-18T23:00:00Z,102.810997,102.941002,102.806000,102.894997
2025-12-19T00:00:00Z,102.887001,103.149002,102.883003,103.120003
2025-12-19T01:00:00Z,103.122002,103.129997,102.941002,102.973000
2025-12-19T02:00:00Z,102.973999,103.026001,102.904999,103.008003
2025-12-19T03:00:00Z,103.014000,103.237999,102.832001,103.042000
2025-12-19T04:00:00Z,103.040001,103.147003,102.943001,103.139000
2025-12-19T05:00:00Z,103.133003,103.149002,102.968002,103.016998
2025-12-19T06:00:00Z,103.013000,103.344002,102.987999,103.037003
2025-12-19T07:00:00Z,103.033997,103.495003,103.004997,103.491997
2025-12-19T08:00:00Z,103.483002,103.727997,103.462997,103.670998
2025-12-19T09:00:00Z,103.668999,103.897003,103.620003,103.877998
2025-12-19T10:00:00Z,103.879997,104.013000,103.816002,103.969002
2025-12-19T11:00:00Z,103.961998,103.964996,103.862000,103.921997
2025-12-19T12:00:00Z,103.916000,103.932999,103.818001,103.828003
2025-12-19T13:00:00Z,103.828003,104.002998,103.795998,103.995003
2025-12-19T14:00:00Z,103.995003,104.254997,103.820000,104.245003
2025-12-19T15:00:00Z,104.240997,104.317001,104.037003,104.054001
2025-12-19T16:00:00Z,104.057999,104.232002,104.038002,104.134003
2025-12-19T17:00:00Z,104.141998,104.257004,104.123001,104.139999
2025-12-19T18:00:00Z,104.139999,104.244003,104.130997,104.204002
2025-12-19T19:00:00Z,104.207001,104.282997,104.194000,104.264000
2025-12-19T20:00:00Z,104.265999,104.283997,104.193001,104.239998
2025-12-19T21:00:00Z,104.236000,104.283997,104.174004,104.210999
2025-12-19T22:00:00Z,104.226997,104.307999,104.226997,104.307999
2025-12-22T00:00:00Z,104.213997,104.315002,104.150002,104.264999
2025-12-22T01:00:00Z,104.260002,104.309998,104.074997,104.143997
2025-12-22T02:00:00Z,104.135002,104.255997,104.098999,104.247002
2025-12-22T03:00:00Z,104.238998,104.313004,104.132004,104.165001
2025-12-22T04:00:00Z,104.160004,104.271004,104.157997,104.250000
2025-12-22T05:00:00Z,104.253998,104.314003,104.206001,104.252998
2025-12-22T06:00:00Z,104.253998,104.362999,104.213997,104.291000
2025-12-22T07:00:00Z,104.283997,104.612999,104.283997,104.556000
2025-12-22T08:00:00Z,104.563004,104.610001,104.443001,104.605003
2025-12-22T09:00:00Z,104.599998,104.616997,104.509003,104.537003
2025-12-22T10:00:00Z,104.537003,104.552002,104.480003,104.521004
2025-12-22T11:00:00Z,104.519997,104.571999,104.464996,104.566002
2025-12-22T12:00:00Z,104.566002,104.611000,104.522003,104.603996
2025-12-22T13:00:00Z,104.603996,104.611000,104.294998,104.463997
2025-12-22T14:00:00Z,104.462997,104.476997,104.344002,104.431000
2025-12-22T15:00:00Z,104.439003,104.531998,104.417999,104.500000
2025-12-22T16:00:00Z,104.494003,104.526001,104.419998,104.452003
2025-12-22T17:00:00Z,104.452003,104.464996,104.360001,104.408997
2025-12-22T18:00:00Z,104.407997,104.496002,104.400002,104.430000
2025-12-22T19:00:00Z,104.422997,104.464996,104.390999,104.398003
2025-12-22T20:00:00Z,104.404999,104.492996,104.399002,104.475998
2025-12-22T21:00:00Z,104.475998,104.563004,104.475998,104.530998
2025-12-22T22:00:00Z,104.530998,104.568001,104.297997,104.480003
2025-12-22T23:00:00Z,104.501999,104.573997,104.391998,104.417000
2025-12-23T00:00:00Z,104.432999,104.490997,104.252998,104.274002
2025-12-23T01:00:00Z,104.276001,104.342003,104.181999,104.222000
2025-12-23T02:00:00Z,104.222000,104.330002,104.175003,104.242996
2025-12-23T03:00:00Z,104.238998,104.265999,104.125000,104.136002
2025-12-23T04:00:00Z,104.135002,104.139999,103.977997,103.987999
2025-12-23T05:00:00Z,103.997002,104.054001,103.885002,103.969002
2025-12-23T06:00:00Z,103.964996,104.105003,103.954002,104.042000
2025-12-23T07:00:00Z,104.043999,104.211998,104.042000,104.153000
2025-12-23T08:00:00Z,104.153000,104.330002,104.117996,104.271004
2025-12-23T09:00:00Z,104.268997,104.391998,104.094002,104.357002
2025-12-23T10:00:00Z,104.351997,104.448997,104.332001,104.366997
2025-12-23T11:00:00Z,104.365997,104.408997,104.316002,104.348000
2025-12-23T12:00:00Z,104.349998,104.443001,104.309998,104.402000
2025-12-23T13:00:00Z,104.401001,104.642998,104.401001,104.495003
2025-12-23T14:00:00Z,104.498001,104.612000,104.405998,104.432999
2025-12-23T15:00:00Z,104.428001,104.640999,104.379997,104.617996
2025-12-23T16:00:00Z,104.621002,104.668999,104.572998,104.598999
2025-12-23T17:00:00Z,104.598999,104.629997,104.503998,104.513000
2025-12-23T18:00:00Z,104.513000,104.627998,104.511002,104.574997
2025-12-23T19:00:00Z,104.570000,104.651001,104.566002,104.593002
2025-12-23T20:00:00Z,104.594002,104.708000,104.563004,104.677002
2025-12-23T21:00:00Z,104.685997,104.738998,104.628998,104.643997
2025-12-23T22:00:00Z,104.584999,104.678001,104.514000,104.570999
2025-12-23T23:00:00Z,104.556000,104.731003,104.542000,104.621002
2025-12-24T00:00:00Z,104.626999,104.713997,104.487000,104.496002
2025-12-24T01:00:00Z,104.494003,104.634003,104.349998,104.419998
2025-12-24T02:00:00Z,104.419998,104.498001,104.359001,104.431000
2025-12-24T03:00:00Z,104.431000,104.569000,104.418999,104.528000
2025-12-24T04:00:00Z,104.528999,104.620003,104.445000,104.492996
2025-12-24T05:00:00Z,104.492996,104.572998,104.452003,104.527000
2025-12-24T06:00:00Z,104.526001,104.632004,104.436996,104.540001
2025-12-24T07:00:00Z,104.540001,104.654999,104.512001,104.544998
2025-12-24T08:00:00Z,104.542000,104.637001,104.461998,104.509003
2025-12-24T09:00:00Z,104.505997,104.615997,104.459000,104.567001
2025-12-24T10:00:00Z,104.561996,104.676003,104.545998,104.632004
2025-12-24T11:00:00Z,104.637001,104.680000,104.566002,104.589996
2025-12-24T12:00:00Z,104.588997,104.681000,104.481003,104.558998
2025-12-24T13:00:00Z,104.559998,104.621002,104.500000,104.577003
2025-12-24T14:00:00Z,104.573997,104.628998,104.344002,104.405998
2025-12-24T15:00:00Z,104.399002,104.595001,104.350998,104.540001
2025-12-24T16:00:00Z,104.535004,104.616997,104.450996,104.468002
2025-12-24T17:00:00Z,104.468002,104.666000,104.468002,104.558998
2025-12-24T18:00:00Z,104.570000,104.621002,104.499001,104.514000
2025-12-24T19:00:00Z,104.513000,104.571999,104.392998,104.452003
2025-12-24T20:00:00Z,104.456001,104.565002,104.431999,104.467003
2025-12-24T21:00:00Z,104.467003,104.586998,104.375999,104.458000
2025-12-24T22:00:00Z,104.627998,104.627998,104.514999,104.532997
2025-12-24T23:00:00Z,104.572998,104.619003,104.482002,104.514000
2025-12-25T00:00:00Z,104.603996,104.625999,104.376999,104.450996
2025-12-25T01:00:00Z,104.450996,104.527000,104.367996,104.487999
2025-12-25T02:00:00Z,104.463997,104.596001,104.348000,104.523003
2025-12-25T03:00:00Z,104.523003,104.584000,104.431999,104.440002
2025-12-25T04:00:00Z,104.440002,104.559998,104.335999,104.490997
2025-12-25T05:00:00Z,104.488998,104.556999,104.339996,104.483002
2025-12-25T06:00:00Z,104.478996,104.650002,104.344002,104.542999
2025-12-25T07:00:00Z,104.591003,104.704002,104.360001,104.704002
2025-12-25T08:00:00Z,104.427002,104.427002,104.403000,104.403000
2025-12-25T11:00:00Z,104.574997,104.574997,104.574997,104.574997
2025-12-25T18:00:00Z,104.376999,104.376999,104.376999,104.376999
2025-12-25T22:00:00Z,104.431999,104.553001,104.355003,104.458000
2025-12-25T23:00:00Z,104.458000,104.681000,104.374001,104.656998
2025-12-26T00:00:00Z,104.658997,104.974998,104.654999,104.931999
2025-12-26T01:00:00Z,104.931999,104.990997,104.816002,104.858002
2025-12-26T02:00:00Z,104.860001,104.969002,104.857002,104.929001
2025-12-26T03:00:00Z,104.936996,104.948997,104.653000,104.664001
2025-12-26T04:00:00Z,104.655998,104.744003,104.630997,104.736000
2025-12-26T05:00:00Z,104.737000,104.839996,104.667999,104.797997
2025-12-26T06:00:00Z,104.797997,104.860001,104.694000,104.804001
2025-12-26T07:00:00Z,104.813004,104.857002,104.710999,104.806999
2025-12-26T08:00:00Z,104.802002,104.821999,104.714996,104.799004
2025-12-26T09:00:00Z,104.793999,104.832001,104.762001,104.794998
2025-12-26T10:00:00Z,104.788002,104.858002,104.766998,104.824997
2025-12-26T11:00:00Z,104.819000,104.864998,104.805000,104.855003
2025-12-26T12:00:00Z,104.855003,104.915001,104.835999,104.898003
2025-12-26T13:00:00Z,104.898003,105.005997,104.862000,104.987000
2025-12-26T14:00:00Z,104.987000,105.137001,104.982002,105.095001
2025-12-26T15:00:00Z,105.095001,105.166000,105.014000,105.038002
2025-12-26T16:00:00Z,105.043999,105.084999,104.982002,105.068001
2025-12-26T17:00:00Z,105.060997,105.112999,105.017998,105.035004
2025-12-26T18:00:00Z,105.035004,105.067001,104.997002,105.046997
2025-12-26T19:00:00Z,105.039001,105.068001,105.022003,105.024002
2025-12-26T20:00:00Z,105.025002,105.087997,105.005997,105.065002
2025-12-26T21:00:00Z,105.063004,105.138000,104.999001,105.086998
2025-12-26T22:00:00Z,105.144997,105.144997,105.144997,105.144997
2025-12-29T00:00:00Z,105.067001,105.073997,104.792999,104.957001
2025-12-29T01:00:00Z,104.957001,105.061996,104.946999,105.028999
2025-12-29T02:00:00Z,105.028000,105.177002,105.017998,105.155998
2025-12-29T03:00:00Z,105.155998,105.213997,105.099998,105.165001
2025-12-29T04:00:00Z,105.165001,105.214996,105.057999,105.106003
2025-12-29T05:00:00Z,105.106003,105.121002,104.962997,104.969002
2025-12-29T06:00:00Z,104.964996,104.987000,104.838997,104.880997
2025-12-29T07:00:00Z,104.875999,104.958000,104.757004,104.760002
2025-12-29T08:00:00Z,104.762001,104.861000,104.642998,104.762001
2025-12-29T09:00:00Z,104.758003,104.781998,104.612999,104.738998
2025-12-29T10:00:00Z,104.730003,104.790001,104.712997,104.736000
2025-12-29T11:00:00Z,104.742996,104.745003,104.663002,104.714996
2025-12-29T12:00:00Z,104.713997,104.727997,104.484001,104.580002
2025-12-29T13:00:00Z,104.579002,104.642998,104.511002,104.574997
2025-12-29T14:00:00Z,104.574997,104.625000,104.412003,104.522003
2025-12-29T15:00:00Z,104.525002,104.558998,104.390999,104.408997
2025-12-29T16:00:00Z,104.415001,104.502998,104.348999,104.434998
2025-12-29T17:00:00Z,104.436996,104.487000,104.393997,104.467003
2025-12-29T18:00:00Z,104.464996,104.544998,104.439003,104.486000
2025-12-29T19:00:00Z,104.483002,104.524002,104.460999,104.484001
2025-12-29T20:00:00Z,104.487000,104.495003,104.424004,104.438004
2025-12-29T21:00:00Z,104.443001,104.482002,104.407997,104.434998
2025-12-29T22:00:00Z,104.425003,104.473999,104.306999,104.389999
2025-12-29T23:00:00Z,104.394997,104.511002,104.369003,104.452003
2025-12-30T00:00:00Z,104.433998,104.653000,104.377998,104.626999
2025-12-30T01:00:00Z,104.624001,104.761002,104.565002,104.734001
2025-12-30T02:00:00Z,104.731003,104.815002,104.654999,104.795998
2025-12-30T03:00:00Z,104.789001,104.839996,104.761002,104.788002
2025-12-30T04:00:00Z,104.793999,104.834000,104.708000,104.733002
2025-12-30T05:00:00Z,104.732002,104.820000,104.667000,104.763000
2025-12-30T06:00:00Z,104.762001,104.835999,104.695999,104.805000
2025-12-30T07:00:00Z,104.801003,104.806000,104.575996,104.611000
2025-12-30T08:00:00Z,104.614998,104.662003,104.480003,104.592003
2025-12-30T09:00:00Z,104.595001,104.665001,104.519997,104.542000
2025-12-30T10:00:00Z,104.535004,104.600998,104.503998,104.547997
2025-12-30T11:00:00Z,104.542999,104.558998,104.431999,104.453003
2025-12-30T12:00:00Z,104.460999,104.560997,104.433998,104.512001
2025-12-30T13:00:00Z,104.512001,104.698997,104.511002,104.556999
2025-12-30T14:00:00Z,104.559998,104.727997,104.538002,104.697998
2025-12-30T15:00:00Z,104.706001,104.790001,104.640999,104.749001
2025-12-30T16:00:00Z,104.749001,104.778999,104.656998,104.716003
2025-12-30T17:00:00Z,104.711998,104.820000,104.705002,104.789001
2025-12-30T18:00:00Z,104.791000,104.815002,104.745003,104.745003
2025-12-30T19:00:00Z,104.755997,104.803001,104.725998,104.788002
2025-12-30T20:00:00Z,104.789001,104.795998,104.716003,104.720001
2025-12-30T21:00:00Z,104.721001,104.745003,104.671997,104.671997
2025-12-30T22:00:00Z,104.660004,104.719002,104.564003,104.656998
2025-12-30T23:00:00Z,104.655998,104.748001,104.644997,104.737000
2025-12-31T00:00:00Z,104.717003,104.797997,104.688004,104.758003
2025-12-31T01:00:00Z,104.766998,104.811996,104.695999,104.713997
2025-12-31T02:00:00Z,104.718002,104.818001,104.669998,104.779999
2025-12-31T03:00:00Z,104.775002,104.821999,104.735001,104.790001
2025-12-31T04:00:00Z,104.783997,104.833000,104.768997,104.795998
2025-12-31T05:00:00Z,104.794998,104.834000,104.723999,104.752998
2025-12-31T06:00:00Z,104.753998,104.764999,104.707001,104.750999
2025-12-31T07:00:00Z,104.745003,104.775002,104.653999,104.709999
2025-12-31T08:00:00Z,104.709999,104.725998,104.570000,104.625000
2025-12-31T09:00:00Z,104.625999,104.735001,104.613998,104.679001
2025-12-31T10:00:00Z,104.677002,104.730003,104.557999,104.625999
2025-12-31T11:00:00Z,104.625999,104.766998,104.624001,104.698997
2025-12-31T12:00:00Z,104.699997,104.772003,104.686996,104.724998
2025-12-31T13:00:00Z,104.720001,104.839996,104.617996,104.802002
2025-12-31T14:00:00Z,104.795998,104.811996,104.705002,104.719002
2025-12-31T15:00:00Z,104.722000,104.728996,104.459000,104.522003
2025-12-31T16:00:00Z,104.516998,104.599998,104.461998,104.553001
2025-12-31T17:00:00Z,104.557999,104.640999,104.528000,104.628998
2025-12-31T18:00:00Z,104.625000,104.679001,104.617996,104.663002
2025-12-31T19:00:00Z,104.662003,104.675003,104.545998,104.586998
2025-12-31T20:00:00Z,104.586998,104.623001,104.505997,104.517998
2025-12-31T21:00:00Z,104.514000,104.603996,104.487999,104.507004
2025-12-31T22:00:00Z,104.621002,104.621002,104.549004,104.551003
2025-12-31T23:00:00Z,104.492996,104.492996,104.492996,104.492996
2026-01-01T01:00:00Z,104.492996,104.492996,104.492996,104.492996
2026-01-01T04:00:00Z,104.492996,104.492996,104.492996,104.492996
2026-01-01T10:00:00Z,104.492996,104.492996,104.492996,104.492996
2026-01-01T18:00:00Z,104.473999,104.473999,104.473999,104.473999
2026-01-01T21:00:00Z,104.544998,104.622002,104.508003,104.508003
2026-01-01T22:00:00Z,104.448997,104.625000,104.420998,104.431999
2026-01-01T23:00:00Z,104.417000,104.739998,104.408997,104.667999
2026-01-02T00:00:00Z,104.658997,104.708000,104.625000,104.669998
2026-01-02T01:00:00Z,104.669998,104.862999,104.666000,104.830002
2026-01-02T02:00:00Z,104.834000,104.902000,104.779999,104.892998
2026-01-02T03:00:00Z,104.891998,105.010002,104.882004,104.968002
2026-01-02T04:00:00Z,104.969002,105.084000,104.966003,105.031998
2026-01-02T05:00:00Z,105.031998,105.078003,104.996002,105.056999
2026-01-02T06:00:00Z,105.055000,105.130997,105.037003,105.065002
2026-01-02T07:00:00Z,105.067001,105.112000,104.933998,105.029999
2026-01-02T08:00:00Z,105.033997,105.278999,105.026001,105.139000
2026-01-02T09:00:00Z,105.146004,105.208000,105.039001,105.109001
2026-01-02T10:00:00Z,105.112999,105.120003,104.975998,105.050003
2026-01-02T11:00:00Z,105.043999,105.058998,104.950996,104.986000
2026-01-02T12:00:00Z,104.986000,105.057999,104.961998,105.014000
2026-01-02T13:00:00Z,105.014000,105.066002,104.917000,104.932999
2026-01-02T14:00:00Z,104.932999,105.004997,104.884003,104.980003
2026-01-02T15:00:00Z,104.973999,105.024002,104.693001,104.723000
2026-01-02T16:00:00Z,104.723999,104.817001,104.628998,104.736000
2026-01-02T17:00:00Z,104.732002,104.855003,104.719002,104.794998
2026-01-02T18:00:00Z,104.794998,104.862999,104.773003,104.795998
2026-01-02T19:00:00Z,104.795998,104.936996,104.790001,104.911003
2026-01-02T20:00:00Z,104.917000,105.027000,104.902000,105.019997
2026-01-02T21:00:00Z,105.022003,105.044998,104.903000,104.904999
2026-01-02T22:00:00Z,104.939003,104.999001,104.914001,104.999001
2026-01-05T00:00:00Z,104.924004,105.068001,104.874001,104.941002
2026-01-05T01:00:00Z,104.945999,105.094002,104.834999,104.903000
2026-01-05T02:00:00Z,104.902000,105.084000,104.797997,105.023003
2026-01-05T03:00:00Z,105.028000,105.064003,104.865997,104.892998
2026-01-05T04:00:00Z,104.887001,104.958000,104.829002,104.924004
2026-01-05T05:00:00Z,104.922997,104.932999,104.838997,104.920998
2026-01-05T06:00:00Z,104.920998,104.966003,104.859001,104.904999
2026-01-05T07:00:00Z,104.903999,104.933998,104.780998,104.811996
2026-01-05T08:00:00Z,104.815002,104.839996,104.662003,104.702003
2026-01-05T09:00:00Z,104.702003,104.807999,104.674004,104.753998
2026-01-05T10:00:00Z,104.753998,104.806000,104.650002,104.681000
2026-01-05T11:00:00Z,104.681000,104.730003,104.619003,104.684998
2026-01-05T12:00:00Z,104.681000,104.709000,104.596001,104.607002
2026-01-05T13:00:00Z,104.611000,104.720001,104.558998,104.711998
2026-01-05T14:00:00Z,104.711998,104.898003,104.683998,104.828003
2026-01-05T15:00:00Z,104.844002,105.078003,104.814003,105.026001
2026-01-05T16:00:00Z,105.026001,105.073997,104.970001,104.997002
2026-01-05T17:00:00Z,105.002998,105.036003,104.910004,104.931000
2026-01-05T18:00:00Z,104.927002,104.940002,104.835999,104.851997
2026-01-05T19:00:00Z,104.851997,104.935997,104.805000,104.929001
2026-01-05T20:00:00Z,104.927002,104.996002,104.890999,104.988998
2026-01-05T21:00:00Z,104.987999,105.047997,104.906998,104.924004
2026-01-05T22:00:00Z,104.924004,105.115997,104.846001,105.077003
2026-01-05T23:00:00Z,105.078003,105.156998,105.038002,105.148003
2026-01-06T00:00:00Z,105.139000,105.253998,105.027000,105.031998
2026-01-06T01:00:00Z,105.030998,105.129997,104.969002,105.061996
2026-01-06T02:00:00Z,105.067001,105.117996,105.019997,105.088997
2026-01-06T03:00:00Z,105.082001,105.161003,105.059998,105.109001
2026-01-06T04:00:00Z,105.102997,105.189003,105.032997,105.164001
2026-01-06T05:00:00Z,105.160004,105.241997,105.141998,105.231003
2026-01-06T06:00:00Z,105.223999,105.369003,105.186996,105.335999
2026-01-06T07:00:00Z,105.335999,105.345001,105.177002,105.228996
2026-01-06T08:00:00Z,105.222000,105.293999,105.083000,105.100998
2026-01-06T09:00:00Z,105.103996,105.172997,104.973000,105.042000
2026-01-06T10:00:00Z,105.040001,105.120003,105.000000,105.082001
2026-01-06T11:00:00Z,105.074997,105.120003,105.044998,105.098999
2026-01-06T12:00:00Z,105.097000,105.139999,105.036003,105.117996
2026-01-06T13:00:00Z,105.114998,105.207001,105.091003,105.181000
2026-01-06T14:00:00Z,105.181000,105.341003,105.155998,105.288002
2026-01-06T15:00:00Z,105.282997,105.388000,105.258003,105.371002
2026-01-06T16:00:00Z,105.375000,105.492996,105.353996,105.473000
2026-01-06T17:00:00Z,105.474998,105.564003,105.461998,105.537003
2026-01-06T18:00:00Z,105.535004,105.594002,105.529999,105.561996
2026-01-06T19:00:00Z,105.563004,105.570000,105.436996,105.444000
2026-01-06T20:00:00Z,105.445999,105.561996,105.417000,105.532997
2026-01-06T21:00:00Z,105.560997,105.595001,105.467003,105.532997
2026-01-06T22:00:00Z,105.532997,105.564003,105.407997,105.564003
2026-01-06T23:00:00Z,105.529999,105.617996,105.494003,105.522003
2026-01-07T00:00:00Z,105.502998,105.603996,105.227997,105.478996
2026-01-07T01:00:00Z,105.478996,105.797997,105.369003,105.746002
2026-01-07T02:00:00Z,105.739998,105.788002,105.653999,105.695000
2026-01-07T03:00:00Z,105.695000,105.815002,105.671997,105.781998
2026-01-07T04:00:00Z,105.779999,105.935997,105.765999,105.816002
2026-01-07T05:00:00Z,105.810997,105.819000,105.557999,105.595001
2026-01-07T06:00:00Z,105.595001,105.628998,105.496002,105.544998
2026-01-07T07:00:00Z,105.551003,105.556000,105.400002,105.468002
2026-01-07T08:00:00Z,105.464996,105.514999,105.410004,105.472000
2026-01-07T09:00:00Z,105.474998,105.488998,105.386002,105.418999
2026-01-07T10:00:00Z,105.427002,105.480003,105.389000,105.462997
2026-01-07T11:00:00Z,105.459999,105.529999,105.454002,105.467003
2026-01-07T12:00:00Z,105.470001,105.485001,105.332001,105.374001
2026-01-07T13:00:00Z,105.369003,105.427002,105.303001,105.406998
2026-01-07T14:00:00Z,105.406998,105.575996,105.375999,105.440002
2026-01-07T15:00:00Z,105.435997,105.505997,105.336998,105.403999
2026-01-07T16:00:00Z,105.402000,105.443001,105.357002,105.431999
2026-01-07T17:00:00Z,105.427002,105.433998,105.366997,105.386002
2026-01-07T18:00:00Z,105.383003,105.499001,105.369003,105.474998
2026-01-07T19:00:00Z,105.475998,105.496002,105.405998,105.458000
2026-01-07T20:00:00Z,105.454002,105.461998,105.363998,105.363998
2026-01-07T21:00:00Z,105.365997,105.374001,105.247002,105.334000
2026-01-07T22:00:00Z,105.332001,105.389999,105.181000,105.320999
2026-01-07T23:00:00Z,105.320999,105.366997,105.286003,105.336998
2026-01-08T00:00:00Z,105.327003,105.404999,105.285004,105.352997
2026-01-08T01:00:00Z,105.357002,105.531998,105.337997,105.511002
2026-01-08T02:00:00Z,105.514000,105.516998,105.254997,105.264000
2026-01-08T03:00:00Z,105.266998,105.273003,105.112000,105.206001
2026-01-08T04:00:00Z,105.197998,105.218002,105.070000,105.077003
2026-01-08T05:00:00Z,105.079002,105.089996,104.973000,105.024002
2026-01-08T06:00:00Z,105.021004,105.028000,104.717003,104.917000
2026-01-08T07:00:00Z,104.917000,105.037003,104.771004,104.771004
2026-01-08T08:00:00Z,104.778000,105.024002,104.761002,104.932999
2026-01-08T09:00:00Z,104.931999,104.963997,104.842003,104.904999
2026-01-08T10:00:00Z,104.904999,104.960999,104.867996,104.955002
2026-01-08T11:00:00Z,104.949997,105.001999,104.933998,104.980003
2026-01-08T12:00:00Z,104.981003,105.003998,104.899002,104.957001
2026-01-08T13:00:00Z,104.956001,105.072998,104.917999,105.042000
2026-01-08T14:00:00Z,105.046997,105.094002,104.922997,105.021004
2026-01-08T15:00:00Z,105.015999,105.183998,104.988998,105.067001
2026-01-08T16:00:00Z,105.071999,105.078003,104.963997,105.014000
2026-01-08T17:00:00Z,105.016998,105.024002,104.870003,104.978996
2026-01-08T18:00:00Z,104.983002,104.994003,104.932999,104.947998
2026-01-08T19:00:00Z,104.948997,105.071999,104.931999,105.055000
2026-01-08T20:00:00Z,105.055000,105.138000,105.053001,105.111000
2026-01-08T21:00:00Z,105.115997,105.151001,105.031998,105.066002
2026-01-08T22:00:00Z,105.055000,105.144997,104.893997,105.111000
2026-01-08T23:00:00Z,105.100998,105.148003,105.070000,105.081001
2026-01-09T00:00:00Z,105.078003,105.176003,105.063004,105.128998
2026-01-09T01:00:00Z,105.129997,105.203003,105.042000,105.180000
2026-01-09T02:00:00Z,105.180000,105.293999,105.175003,105.234001
2026-01-09T03:00:00Z,105.227997,105.273003,105.185997,105.253998
2026-01-09T04:00:00Z,105.253998,105.327003,105.246002,105.278999
2026-01-09T05:00:00Z,105.278999,105.379997,105.278000,105.352997
2026-01-09T06:00:00Z,105.352997,105.397003,105.282997,105.293999
2026-01-09T07:00:00Z,105.293999,105.331001,105.220001,105.224998
2026-01-09T08:00:00Z,105.221001,105.345001,105.181999,105.333000
2026-01-09T09:00:00Z,105.329002,105.393997,105.306000,105.357002
2026-01-09T10:00:00Z,105.359001,105.405998,105.287003,105.303001
2026-01-09T11:00:00Z,105.302002,105.371002,105.287003,105.301003
2026-01-09T12:00:00Z,105.301003,105.320999,105.221001,105.240997
2026-01-09T13:00:00Z,105.236000,105.517998,105.158997,105.349998
2026-01-09T14:00:00Z,105.357002,105.626999,105.262001,105.509003
2026-01-09T15:00:00Z,105.501999,105.629997,105.320999,105.462997
2026-01-09T16:00:00Z,105.463997,105.639000,105.445999,105.619003
2026-01-09T17:00:00Z,105.619003,105.656998,105.564003,105.602997
2026-01-09T18:00:00Z,105.598999,105.624001,105.545998,105.568001
2026-01-09T19:00:00Z,105.568001,105.587997,105.512001,105.566002
2026-01-09T20:00:00Z,105.568001,105.632004,105.565002,105.622002
2026-01-09T21:00:00Z,105.620003,105.647003,105.519997,105.538002
2026-01-09T22:00:00Z,105.583000,105.583000,105.583000,105.583000
2026-01-12T00:00:00Z,105.722000,105.780998,105.584999,105.613998
2026-01-12T01:00:00Z,105.616997,105.676003,105.589996,105.657997
2026-01-12T02:00:00Z,105.656998,105.824997,105.634003,105.811996
2026-01-12T03:00:00Z,105.811996,105.911003,105.769997,105.910004
2026-01-12T04:00:00Z,105.903000,105.945000,105.824997,105.859001
2026-01-12T05:00:00Z,105.858002,105.903000,105.808998,105.837997
2026-01-12T06:00:00Z,105.837997,105.885002,105.794998,105.853996
2026-01-12T07:00:00Z,105.853996,105.903999,105.806000,105.835999
2026-01-12T08:00:00Z,105.834999,105.893997,105.717003,105.777000
2026-01-12T09:00:00Z,105.782997,105.908997,105.749001,105.887001
2026-01-12T10:00:00Z,105.892998,105.968002,105.833000,105.943001
2026-01-12T11:00:00Z,105.938004,105.946999,105.866997,105.878998
2026-01-12T12:00:00Z,105.887001,105.948997,105.816002,105.910004
2026-01-12T13:00:00Z,105.916000,106.000999,105.896004,105.997002
2026-01-12T14:00:00Z,105.994003,106.002998,105.872002,105.973999
2026-01-12T15:00:00Z,105.969002,106.163002,105.932999,106.148003
2026-01-12T16:00:00Z,106.148003,106.279999,106.120003,106.195999
2026-01-12T17:00:00Z,106.195000,106.210999,106.100998,106.137001
2026-01-12T18:00:00Z,106.136002,106.148003,106.098000,106.126999
2026-01-12T19:00:00Z,106.127998,106.183998,106.120003,106.172997
2026-01-12T20:00:00Z,106.172997,106.211998,106.148003,106.194000
2026-01-12T21:00:00Z,106.193001,106.217003,106.056999,106.087997
2026-01-12T22:00:00Z,106.061996,106.157997,105.921997,106.014000
2026-01-12T23:00:00Z,106.023003,106.122002,105.942001,105.948997
2026-01-13T00:00:00Z,105.962997,106.197998,105.961998,106.132004
2026-01-13T01:00:00Z,106.135002,106.399002,106.130997,106.351997
2026-01-13T02:00:00Z,106.351997,106.525002,106.317001,106.480003
2026-01-13T03:00:00Z,106.480003,106.570000,106.472000,106.557999
2026-01-13T04:00:00Z,106.556999,106.633003,106.461998,106.508003
2026-01-13T05:00:00Z,106.508003,106.553001,106.460999,106.532997
2026-01-13T06:00:00Z,106.531998,106.602997,106.477997,106.492996
2026-01-13T07:00:00Z,106.487000,106.572998,106.466003,106.564003
2026-01-13T08:00:00Z,106.558998,106.593002,106.496002,106.513000
2026-01-13T09:00:00Z,106.514999,106.589996,106.495003,106.550003
2026-01-13T10:00:00Z,106.544998,106.565002,106.370003,106.373001
2026-01-13T11:00:00Z,106.373001,106.508003,106.365997,106.495003
2026-01-13T12:00:00Z,106.495003,106.505997,106.439003,106.448997
2026-01-13T13:00:00Z,106.448997,106.697998,106.374001,106.589996
2026-01-13T14:00:00Z,106.591003,106.665001,106.418999,106.436996
2026-01-13T15:00:00Z,106.442001,106.455002,106.169998,106.266998
2026-01-13T16:00:00Z,106.273003,106.333000,106.204002,106.299004
2026-01-13T17:00:00Z,106.296997,106.342003,106.220001,106.244003
2026-01-13T18:00:00Z,106.238998,106.332001,106.182999,106.279999
2026-01-13T19:00:00Z,106.285004,106.327003,106.250000,106.306000
2026-01-13T20:00:00Z,106.308998,106.345001,106.271004,106.323997
2026-01-13T21:00:00Z,106.329002,106.342003,106.272003,106.287003
2026-01-13T22:00:00Z,106.321999,106.429001,106.200996,106.386002
2026-01-13T23:00:00Z,106.387001,106.454002,106.365997,106.387001
2026-01-14T00:00:00Z,106.380997,106.445999,106.320000,106.353996
2026-01-14T01:00:00Z,106.349998,106.514999,106.349998,106.473000
2026-01-14T02:00:00Z,106.466003,106.605003,106.447998,106.554001
2026-01-14T03:00:00Z,106.547997,106.629997,106.516998,106.617996
2026-01-14T04:00:00Z,106.617996,106.656998,106.587997,106.612999
2026-01-14T05:00:00Z,106.610001,106.716003,106.573997,106.669998
2026-01-14T06:00:00Z,106.668999,106.709000,106.591003,106.628998
2026-01-14T07:00:00Z,106.633003,106.678001,106.532997,106.561996
2026-01-14T08:00:00Z,106.559998,106.575996,106.268997,106.389000
2026-01-14T09:00:00Z,106.382004,106.406998,106.242996,106.302002
2026-01-14T10:00:00Z,106.300003,106.304001,105.988998,106.078003
2026-01-14T11:00:00Z,106.065002,106.116997,105.950996,106.042000
2026-01-14T12:00:00Z,106.046997,106.063004,105.709000,105.987000
2026-01-14T13:00:00Z,105.982002,105.999001,105.875999,105.927002
2026-01-14T14:00:00Z,105.932999,105.988998,105.713997,105.741997
2026-01-14T15:00:00Z,105.747002,105.943001,105.636002,105.669998
2026-01-14T16:00:00Z,105.674004,105.839996,105.583000,105.598000
2026-01-14T17:00:00Z,105.598000,105.723999,105.591003,105.646004
2026-01-14T18:00:00Z,105.646004,105.824997,105.642998,105.820000
2026-01-14T19:00:00Z,105.824997,105.882004,105.787003,105.874001
2026-01-14T20:00:00Z,105.866997,106.009003,105.833000,106.004997
2026-01-14T21:00:00Z,106.007004,106.023003,105.752998,105.828003
2026-01-14T22:00:00Z,105.747002,105.864998,105.608002,105.704002
2026-01-14T23:00:00Z,105.730003,105.876999,105.666000,105.857002
2026-01-15T00:00:00Z,105.848999,106.018997,105.848999,105.890999
2026-01-15T01:00:00Z,105.891998,105.915001,105.667999,105.785004
2026-01-15T02:00:00Z,105.782997,105.898003,105.738998,105.834000
2026-01-15T03:00:00Z,105.834000,105.862999,105.700996,105.758003
2026-01-15T04:00:00Z,105.758003,105.894997,105.722000,105.843002
2026-01-15T05:00:00Z,105.839996,105.863998,105.751999,105.776001
2026-01-15T06:00:00Z,105.776001,105.980003,105.757004,105.959999
2026-01-15T07:00:00Z,105.958000,106.056000,105.896004,105.973000
2026-01-15T08:00:00Z,105.973999,106.190002,105.898003,106.182999
2026-01-15T09:00:00Z,106.181000,106.233002,106.007004,106.047997
2026-01-15T10:00:00Z,106.046997,106.169998,106.015999,106.144997
2026-01-15T11:00:00Z,106.144997,106.197998,106.120003,106.186996
2026-01-15T12:00:00Z,106.184998,106.221001,106.060997,106.089996
2026-01-15T13:00:00Z,106.088997,106.095001,105.944000,106.058998
2026-01-15T14:00:00Z,106.056000,106.142998,106.027000,106.105003
2026-01-15T15:00:00Z,106.103996,106.223000,106.018997,106.212997
2026-01-15T16:00:00Z,106.212997,106.330002,106.204002,106.262001
2026-01-15T17:00:00Z,106.259003,106.311996,106.242996,106.268997
2026-01-15T18:00:00Z,106.272003,106.328003,106.267998,106.285004
2026-01-15T19:00:00Z,106.278999,106.294998,106.214996,106.253998
2026-01-15T20:00:00Z,106.247002,106.255997,106.184998,106.241997
2026-01-15T21:00:00Z,106.247002,106.301003,106.224998,106.250999
2026-01-15T22:00:00Z,106.208000,106.290001,106.137001,106.248001
2026-01-15T23:00:00Z,106.245003,106.320000,106.214996,106.277000
2026-01-16T00:00:00Z,106.266998,106.294998,106.222000,106.253998
2026-01-16T01:00:00Z,106.260002,106.305000,106.190002,106.221001
2026-01-16T02:00:00Z,106.220001,106.225998,105.869003,106.051003
2026-01-16T03:00:00Z,106.046997,106.068001,105.967003,105.990997
2026-01-16T04:00:00Z,105.992996,106.156998,105.982002,106.135002
2026-01-16T05:00:00Z,106.134003,106.142998,106.056000,106.134003
2026-01-16T06:00:00Z,106.129997,106.163002,106.031998,106.113998
2026-01-16T07:00:00Z,106.116997,106.139999,105.945000,105.977997
2026-01-16T08:00:00Z,105.973999,106.063004,105.904999,106.024002
2026-01-16T09:00:00Z,106.021004,106.033997,105.953003,106.014999
2026-01-16T10:00:00Z,106.014999,106.089996,105.946999,106.028999
2026-01-16T11:00:00Z,106.050003,106.070999,105.962997,105.974998
2026-01-16T12:00:00Z,105.974998,106.065002,105.939003,105.959999
2026-01-16T13:00:00Z,105.959000,105.961998,105.720001,105.782997
2026-01-16T14:00:00Z,105.778999,105.808998,105.560997,105.577003
2026-01-16T15:00:00Z,105.577003,105.713997,105.518997,105.577003
2026-01-16T16:00:00Z,105.577003,105.644997,105.540001,105.573997
2026-01-16T17:00:00Z,105.573997,105.674004,105.563004,105.652000
2026-01-16T18:00:00Z,105.650002,105.737999,105.640999,105.703003
2026-01-16T19:00:00Z,105.697998,105.758003,105.663002,105.686996
2026-01-16T20:00:00Z,105.681999,105.704002,105.624001,105.669998
2026-01-16T21:00:00Z,105.667000,105.682999,105.543999,105.632004
2026-01-16T22:00:00Z,105.653000,105.653000,105.648003,105.648003
2026-01-19T00:00:00Z,105.366997,105.492996,105.302002,105.376999
2026-01-19T01:00:00Z,105.374001,105.489998,105.232002,105.382004
2026-01-19T02:00:00Z,105.374001,105.570999,105.370003,105.511002
2026-01-19T03:00:00Z,105.516998,105.625000,105.471001,105.574997
2026-01-19T04:00:00Z,105.581001,105.648003,105.547997,105.607002
2026-01-19T05:00:00Z,105.608002,105.795998,105.553001,105.724998
2026-01-19T06:00:00Z,105.724998,105.754997,105.630997,105.647003
2026-01-19T07:00:00Z,105.640999,105.780998,105.603996,105.741997
2026-01-19T08:00:00Z,105.750000,105.900002,105.735001,105.806000
2026-01-19T09:00:00Z,105.800003,105.893997,105.680000,105.757004
2026-01-19T10:00:00Z,105.754997,105.848000,105.742996,105.780998
2026-01-19T11:00:00Z,105.780998,105.950996,105.779999,105.926003
2026-01-19T12:00:00Z,105.926003,105.949997,105.846001,105.931000
2026-01-19T13:00:00Z,105.926003,105.947998,105.859001,105.889999
2026-01-19T14:00:00Z,105.890999,105.952003,105.813004,105.935997
2026-01-19T15:00:00Z,105.938004,106.095001,105.924004,106.073997
2026-01-19T16:00:00Z,106.074997,106.174004,106.042000,106.138000
2026-01-19T17:00:00Z,106.140999,106.166000,106.106003,106.140999
2026-01-19T18:00:00Z,106.135002,106.141998,106.103996,106.111000
2026-01-19T19:00:00Z,106.113998,106.164001,106.112000,106.135002
2026-01-19T20:00:00Z,106.132004,106.183998,106.126999,106.179001
2026-01-19T21:00:00Z,106.175003,106.196999,106.052002,106.144997
2026-01-19T22:00:00Z,106.099998,106.182999,105.978996,106.106003
2026-01-19T23:00:00Z,106.106003,106.190002,106.106003,106.121002
2026-01-20T00:00:00Z,106.115997,106.211998,105.944000,105.971001
2026-01-20T01:00:00Z,105.969002,106.174004,105.908997,106.000000
2026-01-20T02:00:00Z,106.004997,106.163002,105.962997,106.125999
2026-01-20T03:00:00Z,106.126999,106.278000,106.120003,106.269997
2026-01-20T04:00:00Z,106.264000,106.504997,106.241997,106.473000
2026-01-20T05:00:00Z,106.473000,106.556999,106.431000,106.492996
2026-01-20T06:00:00Z,106.498001,106.714996,106.478996,106.637001
2026-01-20T07:00:00Z,106.629997,106.822998,106.629997,106.797997
2026-01-20T08:00:00Z,106.793999,106.814003,106.249001,106.292999
2026-01-20T09:00:00Z,106.295998,106.333000,105.973000,106.124001
2026-01-20T10:00:00Z,106.113998,106.323997,106.083000,106.237000
2026-01-20T11:00:00Z,106.234001,106.294998,106.213997,106.241997
2026-01-20T12:00:00Z,106.248001,106.280998,106.172997,106.254997
2026-01-20T13:00:00Z,106.254997,106.323997,106.079002,106.224998
2026-01-20T14:00:00Z,106.228996,106.422997,106.153000,106.418999
2026-01-20T15:00:00Z,106.413002,106.541000,106.333000,106.468002
2026-01-20T16:00:00Z,106.464996,106.577003,106.404999,106.456001
2026-01-20T17:00:00Z,106.450996,106.519997,106.412003,106.445999
2026-01-20T18:00:00Z,106.448997,106.518997,106.374001,106.443001
2026-01-20T19:00:00Z,106.436996,106.573997,106.434998,106.561996
2026-01-20T20:00:00Z,106.563004,106.589996,106.510002,106.551003
2026-01-20T21:00:00Z,106.547997,106.587997,106.505997,106.522003
2026-01-20T22:00:00Z,106.522003,106.524002,106.341003,106.472000
2026-01-20T23:00:00Z,106.472000,106.539001,106.380997,106.471001
2026-01-21T00:00:00Z,106.446999,106.549004,106.440002,106.445999
2026-01-21T01:00:00Z,106.442001,106.516998,106.410004,106.501999
2026-01-21T02:00:00Z,106.507004,106.568001,106.355003,106.364998
2026-01-21T03:00:00Z,106.361000,106.483002,106.360001,106.424004
2026-01-21T04:00:00Z,106.422997,106.459000,106.292999,106.392998
2026-01-21T05:00:00Z,106.388000,106.587997,106.375999,106.569000
2026-01-21T06:00:00Z,106.564003,106.787003,106.558998,106.753998
2026-01-21T07:00:00Z,106.752998,106.758003,106.600998,106.636002
2026-01-21T08:00:00Z,106.638000,106.711998,106.553001,106.591003
2026-01-21T09:00:00Z,106.591003,106.708000,106.587997,106.602997
2026-01-21T10:00:00Z,106.602997,106.639999,106.558998,106.600998
2026-01-21T11:00:00Z,106.600998,106.681999,106.574997,106.584999
2026-01-21T12:00:00Z,106.582001,106.806000,106.563004,106.782997
2026-01-21T13:00:00Z,106.782997,106.942001,106.764000,106.902000
2026-01-21T14:00:00Z,106.901001,107.099998,106.841003,107.083000
2026-01-21T15:00:00Z,107.081001,107.204002,107.052002,107.116997
2026-01-21T16:00:00Z,107.122002,107.186996,106.928001,106.969002
2026-01-21T17:00:00Z,106.966003,107.015999,106.811996,106.889000
2026-01-21T18:00:00Z,106.894997,106.976997,106.822998,106.950996
2026-01-21T19:00:00Z,106.950996,107.180000,106.892998,107.115997
2026-01-21T20:00:00Z,107.122002,107.146004,107.031998,107.083000
2026-01-21T21:00:00Z,107.086998,107.132004,106.994003,106.994003
2026-01-21T22:00:00Z,107.001999,107.049004,106.882004,106.968002
2026-01-21T23:00:00Z,106.970001,107.037003,106.932999,107.023003
2026-01-22T00:00:00Z,107.014000,107.513000,106.958000,107.408997
2026-01-22T01:00:00Z,107.405998,107.658997,107.392998,107.624001
2026-01-22T02:00:00Z,107.620003,107.700996,107.552002,107.699997
2026-01-22T03:00:00Z,107.695999,107.905998,107.682999,107.890999
2026-01-22T04:00:00Z,107.894997,108.033997,107.883003,107.945999
2026-01-22T05:00:00Z,107.945000,108.016998,107.875000,107.996002
2026-01-22T06:00:00Z,107.996002,108.063004,107.935997,108.054001
2026-01-22T07:00:00Z,108.063004,108.194000,108.009003,108.021004
2026-01-22T08:00:00Z,108.021004,108.066002,107.919998,107.977997
2026-01-22T09:00:00Z,107.973000,108.072998,107.849998,107.931999
2026-01-22T10:00:00Z,107.931999,107.976997,107.858002,107.900002
2026-01-22T11:00:00Z,107.900002,107.956001,107.839996,107.866997
2026-01-22T12:00:00Z,107.873001,108.105003,107.848999,108.091003
2026-01-22T13:00:00Z,108.091003,108.153999,108.010002,108.141998
2026-01-22T14:00:00Z,108.135002,108.195999,108.014999,108.057999
2026-01-22T15:00:00Z,108.049004,108.144997,107.924004,108.101997
2026-01-22T16:00:00Z,108.102997,108.212997,108.077003,108.208000
2026-01-22T17:00:00Z,108.211998,108.289001,108.101997,108.271004
2026-01-22T18:00:00Z,108.272003,108.348999,108.228996,108.319000
2026-01-22T19:00:00Z,108.314003,108.407997,108.299004,108.341003
2026-01-22T20:00:00Z,108.336998,108.357002,108.264999,108.328003
2026-01-22T21:00:00Z,108.323997,108.398003,108.292000,108.301003
2026-01-22T22:00:00Z,108.288002,108.359001,108.223999,108.308998
2026-01-22T23:00:00Z,108.308998,108.418999,108.282997,108.402000
2026-01-23T00:00:00Z,108.380997,108.500999,108.369003,108.461998
2026-01-23T01:00:00Z,108.456001,108.639000,108.441002,108.577003
2026-01-23T02:00:00Z,108.570999,108.600998,108.399002,108.482002
2026-01-23T03:00:00Z,108.482002,108.542999,108.387001,108.539001
2026-01-23T04:00:00Z,108.532997,108.635002,108.450996,108.578003
2026-01-23T05:00:00Z,108.584000,108.644997,108.504997,108.624001
2026-01-23T06:00:00Z,108.625000,108.910004,108.560997,108.822998
2026-01-23T07:00:00Z,108.820999,109.002998,107.707001,108.374001
2026-01-23T08:00:00Z,108.370003,108.455002,108.183998,108.278999
2026-01-23T09:00:00Z,108.286003,108.294998,108.041000,108.063004
2026-01-23T10:00:00Z,108.056000,108.295998,108.025002,108.290001
2026-01-23T11:00:00Z,108.287003,108.452003,108.244003,108.337997
2026-01-23T12:00:00Z,108.343002,108.589996,108.309998,108.556000
2026-01-23T13:00:00Z,108.552002,108.615997,108.379997,108.396004
2026-01-23T14:00:00Z,108.396004,108.628998,108.396004,108.594002
2026-01-23T15:00:00Z,108.603996,108.736000,108.566002,108.646004
2026-01-23T16:00:00Z,108.650002,108.678001,108.262001,108.336998
2026-01-23T17:00:00Z,108.335999,108.366997,107.559998,107.603996
2026-01-23T18:00:00Z,107.600998,107.691002,107.370003,107.452003
2026-01-23T19:00:00Z,107.452003,107.567001,107.200996,107.345001
2026-01-23T20:00:00Z,107.344002,107.436996,107.305000,107.406998
2026-01-23T21:00:00Z,107.411003,107.472000,107.295998,107.307999
2026-01-23T22:00:00Z,107.385002,107.385002,107.385002,107.385002
2026-01-26T00:00:00Z,107.274002,107.316002,106.973999,107.125000
2026-01-26T01:00:00Z,107.129997,107.160004,106.790001,106.848999
2026-01-26T02:00:00Z,106.855003,106.884003,106.533997,106.537003
2026-01-26T03:00:00Z,106.537003,106.786003,106.495003,106.593002
2026-01-26T04:00:00Z,106.587997,106.605003,106.376999,106.484001
2026-01-26T05:00:00Z,106.484001,106.563004,106.405998,106.556999
2026-01-26T06:00:00Z,106.550003,106.705002,106.530998,106.621002
2026-01-26T07:00:00Z,106.627998,106.640999,106.403999,106.595001
2026-01-26T08:00:00Z,106.596001,106.671997,106.185997,106.531998
2026-01-26T09:00:00Z,106.531998,106.671997,106.276001,106.362999
2026-01-26T10:00:00Z,106.362999,106.565002,106.266998,106.283997
2026-01-26T11:00:00Z,106.277000,106.410004,106.072998,106.406998
2026-01-26T12:00:00Z,106.407997,106.619003,106.398003,106.575996
2026-01-26T13:00:00Z,106.580002,106.615997,106.496002,106.569000
2026-01-26T14:00:00Z,106.570000,106.731003,106.519997,106.684998
2026-01-26T15:00:00Z,106.681000,106.727997,106.461998,106.727997
2026-01-26T16:00:00Z,106.732002,106.751999,106.616997,106.669998
2026-01-26T17:00:00Z,106.672997,106.850998,106.652000,106.772003
2026-01-26T18:00:00Z,106.767998,106.888000,106.723999,106.845001
2026-01-26T19:00:00Z,106.845001,106.875999,106.566002,106.573997
2026-01-26T20:00:00Z,106.570000,106.625000,106.449997,106.595001
2026-01-26T21:00:00Z,106.595001,106.717003,106.592003,106.592003
2026-01-26T22:00:00Z,106.586998,106.652000,106.416000,106.476997
2026-01-26T23:00:00Z,106.476997,106.769997,106.468002,106.727997
2026-01-27T00:00:00Z,106.730003,106.771004,106.488998,106.581001
2026-01-27T01:00:00Z,106.579002,106.775002,106.563004,106.767998
2026-01-27T02:00:00Z,106.764000,106.844002,106.721001,106.783997
2026-01-27T03:00:00Z,106.787003,106.831001,106.667999,106.781998
2026-01-27T04:00:00Z,106.780998,106.887001,106.708000,106.842003
2026-01-27T05:00:00Z,106.850998,106.885002,106.731003,106.806999
2026-01-27T06:00:00Z,106.801003,106.912003,106.800003,106.884003
2026-01-27T07:00:00Z,106.884003,107.092003,106.846001,107.001999
2026-01-27T08:00:00Z,106.998001,107.007004,106.841003,106.888000
2026-01-27T09:00:00Z,106.880997,106.925003,106.064003,106.502998
2026-01-27T10:00:00Z,106.496002,106.734001,106.431000,106.508003
2026-01-27T11:00:00Z,106.500999,106.572998,106.417000,106.551003
2026-01-27T12:00:00Z,106.557999,106.595001,106.431999,106.478996
2026-01-27T13:00:00Z,106.486000,106.579002,106.305000,106.433998
2026-01-27T14:00:00Z,106.432999,106.742996,106.374001,106.635002
2026-01-27T15:00:00Z,106.633003,106.843002,106.528999,106.730003
2026-01-27T16:00:00Z,106.735001,106.836998,106.690002,106.778000
2026-01-27T17:00:00Z,106.771004,106.806000,106.460999,106.602997
2026-01-27T18:00:00Z,106.598000,106.650002,106.443001,106.578003
2026-01-27T19:00:00Z,106.569000,106.664001,106.568001,106.584999
2026-01-27T20:00:00Z,106.584999,106.787003,106.390999,106.759003
2026-01-27T21:00:00Z,106.755997,106.806000,106.637001,106.675003
2026-01-27T22:00:00Z,106.677002,106.804001,106.612999,106.709999
2026-01-27T23:00:00Z,106.716003,106.801003,106.596001,106.663002
2026-01-28T00:00:00Z,106.686996,107.142998,106.597000,106.820999
2026-01-28T01:00:00Z,106.818001,106.932999,106.760002,106.875000
2026-01-28T02:00:00Z,106.876999,106.903000,106.792000,106.876999
2026-01-28T03:00:00Z,106.876999,106.893997,106.737999,106.750999
2026-01-28T04:00:00Z,106.755997,106.771004,106.667999,106.695000
2026-01-28T05:00:00Z,106.694000,106.896004,106.611000,106.880997
2026-01-28T06:00:00Z,106.887001,106.998001,106.839996,106.853996
2026-01-28T07:00:00Z,106.848999,106.936996,106.780998,106.832001
2026-01-28T08:00:00Z,106.831001,106.933998,106.720001,106.764999
2026-01-28T09:00:00Z,106.759003,106.935997,106.695000,106.926003
2026-01-28T10:00:00Z,106.931000,106.987999,106.841003,106.929001
2026-01-28T11:00:00Z,106.929001,106.955002,106.800003,106.846001
2026-01-28T12:00:00Z,106.847000,106.872002,106.738998,106.825996
2026-01-28T13:00:00Z,106.822998,106.962997,106.768997,106.932999
2026-01-28T14:00:00Z,106.932999,107.052002,106.851997,106.956001
2026-01-28T15:00:00Z,106.960999,107.429001,106.946999,107.403000
2026-01-28T16:00:00Z,107.404999,107.542999,107.324997,107.388000
2026-01-28T17:00:00Z,107.390999,107.533997,107.358002,107.473000
2026-01-28T18:00:00Z,107.476997,107.653000,107.461998,107.522003
2026-01-28T19:00:00Z,107.523003,107.653000,107.447998,107.582001
2026-01-28T20:00:00Z,107.585999,107.820999,107.558998,107.782997
2026-01-28T21:00:00Z,107.787003,108.050003,107.738998,107.988998
2026-01-28T22:00:00Z,107.949997,108.016998,107.805000,107.963997
2026-01-28T23:00:00Z,107.956001,107.972000,107.709000,107.734001
2026-01-29T00:00:00Z,107.753998,107.897003,107.572998,107.709999
2026-01-29T01:00:00Z,107.710999,107.789001,107.535004,107.707001
2026-01-29T02:00:00Z,107.707001,107.942001,107.652000,107.902000
2026-01-29T03:00:00Z,107.900002,108.250999,107.889999,108.250000
2026-01-29T04:00:00Z,108.245003,108.531998,108.196999,108.460999
2026-01-29T05:00:00Z,108.460999,108.572998,108.396004,108.450996
2026-01-29T06:00:00Z,108.450996,108.512001,108.304001,108.393997
2026-01-29T07:00:00Z,108.402000,108.476997,108.330002,108.369003
2026-01-29T08:00:00Z,108.375999,108.418999,108.134003,108.249001
2026-01-29T09:00:00Z,108.245003,108.343002,108.153000,108.172997
2026-01-29T10:00:00Z,108.172997,108.182999,107.865997,107.903000
2026-01-29T11:00:00Z,107.899002,108.054001,107.824997,108.005997
2026-01-29T12:00:00Z,108.013000,108.200996,107.963997,108.171997
2026-01-29T13:00:00Z,108.171997,108.364998,108.168999,108.333000
2026-01-29T14:00:00Z,108.332001,108.488998,108.056999,108.063004
2026-01-29T15:00:00Z,108.070000,108.100998,106.513000,106.625000
2026-01-29T16:00:00Z,106.625999,107.292000,106.611000,107.158997
2026-01-29T17:00:00Z,107.161003,107.610001,107.152000,107.310997
2026-01-29T18:00:00Z,107.309998,107.674004,107.266998,107.593002
2026-01-29T19:00:00Z,107.598999,107.735001,107.527000,107.550003
2026-01-29T20:00:00Z,107.553001,107.893997,107.546997,107.875000
2026-01-29T21:00:00Z,107.872002,108.017998,107.827003,107.878998
2026-01-29T22:00:00Z,107.877998,107.987999,107.681999,107.822998
2026-01-29T23:00:00Z,107.825996,107.992996,107.667999,107.933998
2026-01-30T00:00:00Z,107.916000,108.058998,107.834999,107.834999
2026-01-30T01:00:00Z,107.833000,107.995003,107.649002,107.710999
2026-01-30T02:00:00Z,107.710999,107.785004,107.289001,107.730003
2026-01-30T03:00:00Z,107.727997,107.793999,107.621002,107.722000
2026-01-30T04:00:00Z,107.722000,107.896004,107.685997,107.794998
2026-01-30T05:00:00Z,107.800003,107.862999,107.695999,107.734001
2026-01-30T06:00:00Z,107.728996,107.776001,107.471001,107.473999
2026-01-30T07:00:00Z,107.473999,107.735001,107.469002,107.630997
2026-01-30T08:00:00Z,107.636002,107.856003,107.459999,107.828003
2026-01-30T09:00:00Z,107.830002,107.972000,107.482002,107.620003
2026-01-30T10:00:00Z,107.620003,107.921997,107.608002,107.850998
2026-01-30T11:00:00Z,107.855003,108.080002,107.847000,108.052002
2026-01-30T12:00:00Z,108.053001,108.167999,107.864998,107.893997
2026-01-30T13:00:00Z,107.899002,108.157997,107.819000,107.912003
2026-01-30T14:00:00Z,107.917000,108.532997,107.903000,108.319000
2026-01-30T15:00:00Z,108.319000,108.473999,108.250000,108.358002
2026-02-02T19:00:00Z,108.021004,108.146004,108.012001,108.082001
2026-02-02T20:00:00Z,108.082001,108.150002,108.041000,108.136002
2026-02-02T21:00:00Z,108.137001,108.193001,108.073997,108.107002
2026-02-02T22:00:00Z,108.106003,108.233002,107.961998,108.051003
2026-02-02T23:00:00Z,108.074997,108.192001,108.053001,108.137001
2026-02-03T00:00:00Z,108.161003,108.418999,108.153999,108.334999
2026-02-03T01:00:00Z,108.334000,108.503998,108.307999,108.477997
2026-02-03T02:00:00Z,108.472000,108.484001,108.184998,108.268997
2026-02-03T03:00:00Z,108.269997,109.234001,108.235001,109.180000
2026-02-03T04:00:00Z,109.172997,109.357002,108.790001,108.910004
2026-02-03T05:00:00Z,108.910004,109.037003,108.829002,108.897003
2026-02-03T06:00:00Z,108.889000,109.137001,108.820999,109.067001
2026-02-03T07:00:00Z,109.066002,109.555000,109.021004,109.446999
2026-02-03T08:00:00Z,109.445000,109.543999,109.277000,109.336998
2026-02-03T09:00:00Z,109.332001,109.375999,109.032997,109.202003
2026-02-03T10:00:00Z,109.195999,109.276001,109.153999,109.174004
2026-02-03T11:00:00Z,109.172997,109.282997,109.125000,109.147003
2026-02-03T12:00:00Z,109.151001,109.345001,109.146004,109.301003
2026-02-03T13:00:00Z,109.294998,109.315002,109.160004,109.238998
2026-02-03T14:00:00Z,109.246002,109.252998,108.956001,108.961998
2026-02-03T15:00:00Z,108.972000,109.273003,108.821999,109.217003
2026-02-03T16:00:00Z,109.212997,109.372002,109.163002,109.290001
2026-02-03T17:00:00Z,109.285004,109.297997,109.050003,109.165001
2026-02-03T18:00:00Z,109.167000,109.281998,108.938004,108.943001
2026-02-03T19:00:00Z,108.947998,109.202003,108.870003,109.144997
2026-02-03T20:00:00Z,109.147003,109.375000,109.101997,109.332001
2026-02-03T21:00:00Z,109.333000,109.454002,109.300003,109.301003
2026-02-03T22:00:00Z,109.304001,109.373001,109.089996,109.242996
2026-02-03T23:00:00Z,109.278999,109.414001,109.252998,109.401001
2026-02-04T00:00:00Z,109.412003,109.560997,109.337997,109.510002
2026-02-04T01:00:00Z,109.502998,109.829002,109.497002,109.730003
2026-02-04T02:00:00Z,109.726997,109.848999,109.587997,109.651001
2026-02-04T03:00:00Z,109.651001,109.778999,109.629997,109.738998
2026-02-04T04:00:00Z,109.738998,109.803001,109.678001,109.752998
2026-02-04T05:00:00Z,109.752998,109.905998,109.748001,109.862000
2026-02-04T06:00:00Z,109.857002,109.971001,109.822998,109.961998
2026-02-04T07:00:00Z,109.955002,110.066002,109.889999,110.023003
2026-02-04T08:00:00Z,110.023003,110.177002,110.003998,110.105003
2026-02-04T09:00:00Z,110.097000,110.135002,109.861000,109.973999
2026-02-04T10:00:00Z,109.968002,110.063004,109.941002,110.005997
2026-02-04T11:00:00Z,110.005997,110.103996,109.935997,110.101997
2026-02-04T12:00:00Z,110.101997,110.189003,110.043999,110.095001
2026-02-04T13:00:00Z,110.100998,110.181999,110.019997,110.042999
2026-02-04T14:00:00Z,110.047997,110.070000,109.658997,109.708000
2026-02-04T15:00:00Z,109.709000,109.906998,109.610001,109.625000
2026-02-04T16:00:00Z,109.624001,109.674004,109.322998,109.547997
2026-02-04T17:00:00Z,109.546997,109.640999,109.180000,109.334999
2026-02-04T18:00:00Z,109.336998,109.498001,109.214996,109.425003
2026-02-04T19:00:00Z,109.418999,109.793999,109.330002,109.742996
2026-02-04T20:00:00Z,109.742996,109.829002,109.697998,109.785004
2026-02-04T21:00:00Z,109.786003,109.841003,109.731003,109.749001
2026-02-04T22:00:00Z,109.691002,109.782997,109.557999,109.730003
2026-02-04T23:00:00Z,109.716003,109.802002,109.663002,109.724998
2026-02-05T00:00:00Z,109.744003,109.962997,109.713997,109.793999
2026-02-05T01:00:00Z,109.794998,109.935997,109.724998,109.749001
2026-02-05T02:00:00Z,109.753998,109.786003,109.172997,109.200996
2026-02-05T03:00:00Z,109.198997,109.404999,109.074997,109.188004
2026-02-05T04:00:00Z,109.186996,109.397003,109.186996,109.297997
2026-02-05T05:00:00Z,109.297997,109.447998,109.216003,109.436996
2026-02-05T06:00:00Z,109.442001,109.555000,109.339996,109.547997
2026-02-05T07:00:00Z,109.554001,109.706001,109.535004,109.585999
2026-02-05T08:00:00Z,109.587997,109.821999,109.543999,109.555000
2026-02-05T09:00:00Z,109.558998,109.737000,109.379997,109.610001
2026-02-05T10:00:00Z,109.603996,109.684998,109.554001,109.671997
2026-02-05T11:00:00Z,109.678001,109.787003,109.624001,109.703003
2026-02-05T12:00:00Z,109.699997,109.802002,109.257004,109.386002
2026-02-05T13:00:00Z,109.392998,109.406998,109.117996,109.138000
2026-02-05T14:00:00Z,109.137001,109.523003,109.082001,109.332001
2026-02-05T15:00:00Z,109.327003,109.341003,108.657997,109.036003
2026-02-05T16:00:00Z,109.033997,109.452003,108.953003,109.415001
2026-02-05T17:00:00Z,109.410004,109.497002,109.204002,109.306999
2026-02-05T18:00:00Z,109.300003,109.361000,109.107002,109.161003
2026-02-05T19:00:00Z,109.166000,109.337997,109.147003,109.193001
2026-02-05T20:00:00Z,109.195000,109.348000,109.003998,109.042000
2026-02-05T21:00:00Z,109.042000,109.105003,108.722000,108.744003
2026-02-05T22:00:00Z,108.747002,108.874001,108.632004,108.769997
2026-02-05T23:00:00Z,108.761002,108.801003,108.348000,108.428001
2026-02-06T00:00:00Z,108.435997,108.502998,108.040001,108.430000
2026-02-06T01:00:00Z,108.419998,108.682999,108.233002,108.630997
2026-02-06T02:00:00Z,108.634003,108.904999,108.627998,108.730003
2026-02-06T03:00:00Z,108.737000,108.806000,108.655998,108.778999
2026-02-06T04:00:00Z,108.788002,108.821999,108.675003,108.755997
2026-02-06T05:00:00Z,108.753998,109.032997,108.699997,109.026001
2026-02-06T06:00:00Z,109.025002,109.239998,109.010002,109.110001
2026-02-06T07:00:00Z,109.100998,109.199997,108.930000,109.169998
2026-02-06T08:00:00Z,109.106003,109.320000,109.084999,109.313004
2026-02-06T09:00:00Z,109.311996,109.575996,109.281998,109.553001
2026-02-06T10:00:00Z,109.545998,109.573997,109.360001,109.459000
2026-02-06T11:00:00Z,109.458000,109.742996,109.458000,109.708000
2026-02-06T12:00:00Z,109.700996,109.739998,109.589996,109.697998
2026-02-06T13:00:00Z,109.689003,109.856003,109.654999,109.751999
2026-02-06T14:00:00Z,109.751999,109.987999,109.679001,109.934998
2026-02-06T15:00:00Z,109.945999,110.109001,109.857002,109.872002
2026-02-06T16:00:00Z,109.872002,110.263000,109.872002,110.168999
2026-02-06T17:00:00Z,110.174004,110.305000,110.149002,110.255997
2026-02-06T18:00:00Z,110.255997,110.309998,110.228996,110.232002
2026-02-06T19:00:00Z,110.232002,110.273003,110.188004,110.235001
2026-02-06T20:00:00Z,110.236000,110.313004,110.206001,110.254997
2026-02-06T21:00:00Z,110.255997,110.366997,110.193001,110.193001
2026-02-06T22:00:00Z,110.264999,110.313004,110.264999,110.313004
2026-02-09T00:00:00Z,110.626999,110.642998,110.099998,110.195999
2026-02-09T01:00:00Z,110.182999,110.211998,109.644997,109.924004
2026-02-09T02:00:00Z,109.934998,110.308998,109.917999,110.199997
2026-02-09T03:00:00Z,110.199997,110.308998,110.120003,110.151001
2026-02-09T04:00:00Z,110.148003,110.190002,110.000999,110.061996
2026-02-09T05:00:00Z,110.055000,110.123001,109.990997,110.078003
2026-02-09T06:00:00Z,110.077003,110.177002,109.904999,110.164001
2026-02-09T07:00:00Z,110.175003,110.242996,109.946999,110.128998
2026-02-09T08:00:00Z,110.126999,110.299004,110.081001,110.211998
2026-02-09T09:00:00Z,110.211998,110.290001,110.149002,110.167999
2026-02-09T10:00:00Z,110.175003,110.183998,109.892998,109.995003
2026-02-09T11:00:00Z,110.001999,110.100998,109.925003,110.086998
2026-02-09T12:00:00Z,110.082001,110.287003,110.026001,110.232002
2026-02-09T13:00:00Z,110.227997,110.273003,110.016998,110.024002
2026-02-09T14:00:00Z,110.027000,110.228996,109.879997,110.180000
2026-02-09T15:00:00Z,110.168999,110.476997,110.163002,110.472000
2026-02-09T16:00:00Z,110.473000,110.629997,110.440002,110.606003
2026-02-09T17:00:00Z,110.606003,110.641998,110.531998,110.539001
2026-02-09T18:00:00Z,110.538002,110.622002,110.496002,110.596001
2026-02-09T19:00:00Z,110.588997,110.605003,110.462997,110.498001
2026-02-09T20:00:00Z,110.498001,110.585999,110.466003,110.556999
2026-02-09T21:00:00Z,110.558998,110.600998,110.476997,110.530998
2026-02-09T22:00:00Z,110.530998,110.599998,110.335999,110.431999
2026-02-09T23:00:00Z,110.431999,110.628998,110.431999,110.603996
2026-02-10T00:00:00Z,110.584000,110.665001,110.420998,110.430000
2026-02-10T01:00:00Z,110.431999,110.463997,110.306999,110.378998
2026-02-10T02:00:00Z,110.377998,110.432999,110.079002,110.088997
2026-02-10T03:00:00Z,110.088997,110.117996,109.814003,109.903000
2026-02-10T04:00:00Z,109.904999,109.959999,109.765999,109.815002
2026-02-10T05:00:00Z,109.816002,109.851997,109.671997,109.838997
2026-02-10T06:00:00Z,109.834000,109.875000,109.728996,109.844002
2026-02-10T07:00:00Z,109.847000,110.004997,109.778999,110.002998
2026-02-10T08:00:00Z,109.998001,110.063004,109.922997,109.987000
2026-02-10T09:00:00Z,109.992996,110.019997,109.820999,109.843002
2026-02-10T10:00:00Z,109.845001,109.851997,109.684998,109.733002
2026-02-10T11:00:00Z,109.739998,109.861000,109.699997,109.835999
2026-02-10T12:00:00Z,109.830002,109.872002,109.658997,109.712997
2026-02-10T13:00:00Z,109.708000,109.734001,109.447998,109.483002
2026-02-10T14:00:00Z,109.485001,109.570999,109.066002,109.367996
2026-02-10T15:00:00Z,109.361000,109.414001,109.098000,109.253998
2026-02-10T16:00:00Z,109.255997,109.303001,109.015999,109.093002
2026-02-10T17:00:00Z,109.088997,109.235001,109.050003,109.202003
2026-02-10T18:00:00Z,109.207001,109.255997,109.135002,109.238998
2026-02-10T19:00:00Z,109.238998,109.319000,109.214996,109.238998
2026-02-10T20:00:00Z,109.244003,109.255997,109.123001,109.167999
2026-02-10T21:00:00Z,109.163002,109.253998,109.137001,109.204002
2026-02-10T22:00:00Z,109.212997,109.250999,108.995003,109.117996
2026-02-10T23:00:00Z,109.111000,109.290001,109.106003,109.281998
2026-02-11T00:00:00Z,109.280998,109.301003,109.081001,109.087997
2026-02-11T01:00:00Z,109.087997,109.329002,109.016998,109.241997
2026-02-11T02:00:00Z,109.241997,109.529999,109.176003,109.345001
2026-02-11T03:00:00Z,109.345001,109.514999,109.278999,109.429001
2026-02-11T04:00:00Z,109.422997,109.455002,109.014999,109.029999
2026-02-11T05:00:00Z,109.031998,109.077003,108.835999,108.893997
2026-02-11T06:00:00Z,108.888000,108.901001,108.688004,108.828003
2026-02-11T07:00:00Z,108.834000,108.940002,108.785004,108.827003
2026-02-11T08:00:00Z,108.821999,108.948997,108.765999,108.905998
2026-02-11T09:00:00Z,108.906998,109.097000,108.885002,108.986000
2026-02-11T10:00:00Z,108.984001,109.185997,108.907997,109.161003
2026-02-11T11:00:00Z,109.157997,109.262001,109.129997,109.158997
2026-02-11T12:00:00Z,109.160004,109.241997,109.139000,109.228996
2026-02-11T13:00:00Z,109.224998,109.555000,108.533997,109.441002
2026-02-11T14:00:00Z,109.445000,109.642998,109.237999,109.345001
2026-02-11T15:00:00Z,109.346001,109.384003,108.776001,109.185997
2026-02-11T16:00:00Z,109.192001,109.220001,108.967003,109.008003
2026-02-11T17:00:00Z,109.013000,109.144997,108.928001,109.103996
2026-02-11T18:00:00Z,109.106003,109.155998,108.866997,108.933998
2026-02-11T19:00:00Z,108.934998,109.079002,108.927002,109.038002
2026-02-11T20:00:00Z,109.043999,109.194000,109.024002,109.152000
2026-02-11T21:00:00Z,109.149002,109.264000,109.133003,109.202003
2026-02-11T22:00:00Z,109.202003,109.223999,108.992996,109.089996
2026-02-11T23:00:00Z,109.053001,109.234001,109.042000,109.206001
2026-02-12T00:00:00Z,109.186996,109.403999,109.099998,109.254997
2026-02-12T01:00:00Z,109.254997,109.393997,109.114998,109.195000
2026-02-12T02:00:00Z,109.185997,109.227997,108.816002,108.849998
2026-02-12T03:00:00Z,108.843002,108.849998,108.667999,108.769997
2026-02-12T04:00:00Z,108.766998,108.822998,108.641998,108.746002
2026-02-12T05:00:00Z,108.746002,109.085999,108.745003,109.080002
2026-02-12T06:00:00Z,109.075996,109.223999,108.837997,109.016998
2026-02-12T07:00:00Z,109.008003,109.071999,108.853996,108.948997
2026-02-12T08:00:00Z,108.950996,108.996002,108.721001,108.831001
2026-02-12T09:00:00Z,108.832001,108.931000,108.769997,108.926003
2026-02-12T10:00:00Z,108.920998,109.082001,108.869003,109.065002
2026-02-12T11:00:00Z,109.057999,109.314003,109.007004,109.292999
2026-02-12T12:00:00Z,109.287003,109.483002,109.260002,109.442001
2026-02-12T13:00:00Z,109.438004,109.485001,109.323997,109.441002
2026-02-12T14:00:00Z,109.445999,109.452003,108.946999,108.990997
2026-02-12T15:00:00Z,108.992996,109.080002,108.693001,108.886002
2026-02-12T16:00:00Z,108.889000,108.914001,107.967003,108.343002
2026-02-12T17:00:00Z,108.334000,108.413002,108.153000,108.314003
2026-02-12T18:00:00Z,108.306000,108.500000,108.141998,108.428001
2026-02-12T19:00:00Z,108.428001,108.561996,108.382004,108.492996
2026-02-12T20:00:00Z,108.494003,108.531998,108.193001,108.204002
2026-02-12T21:00:00Z,108.204002,108.330002,108.198997,108.252998
2026-02-12T22:00:00Z,108.253998,108.385002,108.082001,108.139000
2026-02-12T23:00:00Z,108.139000,108.397003,108.129997,108.278999
2026-02-13T00:00:00Z,108.293999,108.474998,108.172997,108.204002
2026-02-13T01:00:00Z,108.204002,108.792999,108.204002,108.612999
2026-02-13T02:00:00Z,108.616997,108.679001,108.468002,108.581001
2026-02-13T03:00:00Z,108.587997,108.599998,108.285004,108.335999
2026-02-13T04:00:00Z,108.335999,108.551003,108.286003,108.541000
2026-02-13T05:00:00Z,108.540001,108.635002,108.251999,108.375999
2026-02-13T06:00:00Z,108.366997,108.415001,108.057999,108.251999
2026-02-13T07:00:00Z,108.250999,108.348000,108.135002,108.304001
2026-02-13T08:00:00Z,108.307999,108.680000,108.293999,108.668999
2026-02-13T09:00:00Z,108.668999,108.717003,108.522003,108.555000
2026-02-13T10:00:00Z,108.552002,108.610001,108.357002,108.358002
2026-02-13T11:00:00Z,108.367996,108.370003,107.990997,108.117996
2026-02-13T12:00:00Z,108.124001,108.192001,108.014999,108.084999
2026-02-13T13:00:00Z,108.084000,108.318001,107.950996,108.225998
2026-02-13T14:00:00Z,108.216003,108.316002,107.685997,107.905998
2026-02-13T15:00:00Z,107.910004,108.362999,107.823997,108.120003
2026-02-13T16:00:00Z,108.113998,108.223000,107.927002,107.966003
2026-02-13T17:00:00Z,107.964996,108.181999,107.946999,108.125000
2026-02-13T18:00:00Z,108.126999,108.297997,108.056999,108.205002
2026-02-13T19:00:00Z,108.205002,108.257004,108.009003,108.029999
2026-02-13T20:00:00Z,108.036003,108.121002,107.896004,108.065002
2026-02-13T21:00:00Z,108.069000,108.077003,107.900002,107.919998
2026-02-13T22:00:00Z,108.023003,108.023003,108.023003,108.023003
2026-02-16T00:00:00Z,108.042000,108.356003,108.001999,108.352997
2026-02-16T01:00:00Z,108.348000,108.443001,108.302002,108.400002
2026-02-16T02:00:00Z,108.400002,108.460999,108.348000,108.374001
2026-02-16T03:00:00Z,108.370003,108.461998,108.320000,108.433998
2026-02-16T04:00:00Z,108.425003,108.607002,108.391998,108.588997
2026-02-16T05:00:00Z,108.582001,108.599998,108.512001,108.574997
2026-02-16T06:00:00Z,108.570000,108.634003,108.524002,108.543999
2026-02-16T07:00:00Z,108.533997,108.733002,108.511002,108.683998
2026-02-16T08:00:00Z,108.684998,108.803001,108.639999,108.774002
2026-02-16T09:00:00Z,108.774002,108.811996,108.719002,108.778000
2026-02-16T10:00:00Z,108.776001,108.890999,108.744003,108.786003
2026-02-16T11:00:00Z,108.781998,108.797997,108.607002,108.629997
2026-02-16T12:00:00Z,108.628998,108.690002,108.583000,108.664001
2026-02-16T13:00:00Z,108.663002,108.682999,108.572998,108.608002
2026-02-16T14:00:00Z,108.607002,108.637001,108.411003,108.542999
2026-02-16T15:00:00Z,108.543999,108.575996,108.375000,108.473000
2026-02-16T16:00:00Z,108.475998,108.611000,108.454002,108.554001
2026-02-16T17:00:00Z,108.554001,108.634003,108.531998,108.542000
2026-02-16T18:00:00Z,108.541000,108.610001,108.536003,108.572998
2026-02-16T19:00:00Z,108.573997,108.607002,108.566002,108.591003
2026-02-16T20:00:00Z,108.589996,108.610001,108.569000,108.609001
2026-02-16T21:00:00Z,108.603996,108.613998,108.478996,108.480003
2026-02-16T22:00:00Z,108.487999,108.606003,108.359001,108.560997
2026-02-16T23:00:00Z,108.546997,108.738998,108.528000,108.598999
2026-02-17T00:00:00Z,108.594002,108.626999,108.223000,108.223999
2026-02-17T01:00:00Z,108.225998,108.463997,108.066002,108.098999
2026-02-17T02:00:00Z,108.093002,108.209999,107.973999,108.089996
2026-02-17T03:00:00Z,108.083000,108.095001,107.846001,108.058998
2026-02-17T04:00:00Z,108.066002,108.202003,108.021004,108.193001
2026-02-17T05:00:00Z,108.193001,108.223999,107.913002,107.999001
2026-02-17T06:00:00Z,107.999001,108.116997,107.974998,108.099998
2026-02-17T07:00:00Z,108.092003,108.149002,107.889000,108.139000
2026-02-17T08:00:00Z,108.134003,108.272003,107.886002,107.932999
2026-02-17T09:00:00Z,107.929001,108.171997,107.912003,108.136002
2026-02-17T10:00:00Z,108.134003,108.261002,108.080002,108.084000
2026-02-17T11:00:00Z,108.084000,108.193001,108.068001,108.130997
2026-02-17T12:00:00Z,108.130997,108.202003,107.961998,107.973000
2026-02-17T13:00:00Z,107.969002,108.251999,107.842003,107.976997
2026-02-17T14:00:00Z,107.975998,108.339996,107.968002,107.996002
2026-02-17T15:00:00Z,108.000000,108.363998,107.983002,108.324997
2026-02-17T16:00:00Z,108.320999,108.593002,108.315002,108.463997
2026-02-17T17:00:00Z,108.463997,108.498001,108.293999,108.435997
2026-02-17T18:00:00Z,108.442001,108.716003,108.400002,108.684998
2026-02-17T19:00:00Z,108.685997,108.727997,108.511002,108.532997
2026-02-17T20:00:00Z,108.528000,108.578003,108.502998,108.556999
2026-02-17T21:00:00Z,108.561996,108.620003,108.526001,108.608002
2026-02-17T22:00:00Z,108.599998,108.643997,108.418999,108.550003
2026-02-17T23:00:00Z,108.583000,108.616997,108.447998,108.459000
2026-02-18T00:00:00Z,108.443001,108.553001,108.365997,108.430000
2026-02-18T01:00:00Z,108.433998,108.588997,108.412003,108.570999
2026-02-18T02:00:00Z,108.564003,108.680000,108.490997,108.497002
2026-02-18T03:00:00Z,108.495003,108.598999,108.457001,108.574997
2026-02-18T04:00:00Z,108.572998,108.610001,108.519997,108.571999
2026-02-18T05:00:00Z,108.573997,108.616997,108.462997,108.472000
2026-02-18T06:00:00Z,108.466003,108.526001,108.418999,108.473999
2026-02-18T07:00:00Z,108.483002,108.653999,108.457001,108.639999
2026-02-18T08:00:00Z,108.634003,108.766998,108.595001,108.683998
2026-02-18T09:00:00Z,108.680000,108.853996,108.669998,108.806000
2026-02-18T10:00:00Z,108.799004,108.878998,108.758003,108.785004
2026-02-18T11:00:00Z,108.787003,108.797997,108.643997,108.679001
2026-02-18T12:00:00Z,108.679001,108.835999,108.579002,108.651001
2026-02-18T13:00:00Z,108.656998,108.754997,108.589996,108.620003
2026-02-18T14:00:00Z,108.626999,109.060997,108.594002,109.028000
2026-02-18T15:00:00Z,109.019997,109.171997,109.015999,109.114998
2026-02-18T16:00:00Z,109.103996,109.199997,109.075996,109.099998
2026-02-18T17:00:00Z,109.102997,109.205002,109.073997,109.157997
2026-02-18T18:00:00Z,109.166000,109.203003,109.050003,109.095001
2026-02-18T19:00:00Z,109.074997,109.132004,108.832001,108.888000
2026-02-18T20:00:00Z,108.887001,109.047997,108.875000,109.021004
2026-02-18T21:00:00Z,109.018997,109.063004,108.957001,108.986000
2026-02-18T22:00:00Z,108.956001,109.065002,108.853996,108.994003
2026-02-18T23:00:00Z,108.989998,109.056999,108.946999,108.958000
2026-02-19T00:00:00Z,108.941002,109.147003,108.876999,109.045998
2026-02-19T01:00:00Z,109.040001,109.509003,109.040001,109.501999
2026-02-19T02:00:00Z,109.498001,109.559998,109.292999,109.554001
2026-02-19T03:00:00Z,109.549004,109.696999,109.526001,109.582001
2026-02-19T04:00:00Z,109.586998,109.639999,109.358002,109.371002
2026-02-19T05:00:00Z,109.364998,109.544998,109.302002,109.539001
2026-02-19T06:00:00Z,109.539001,109.589996,109.400002,109.589996
2026-02-19T07:00:00Z,109.583000,109.764999,109.575996,109.635002
2026-02-19T08:00:00Z,109.628998,109.688004,109.317001,109.441002
2026-02-19T09:00:00Z,109.446999,109.588997,109.216003,109.290001
2026-02-19T10:00:00Z,109.296997,109.334000,109.069000,109.124001
2026-02-19T11:00:00Z,109.117996,109.202003,108.867996,108.942001
2026-02-19T12:00:00Z,108.942001,109.129997,108.848000,109.084000
2026-02-19T13:00:00Z,109.084000,109.274002,108.987999,109.254997
2026-02-19T14:00:00Z,109.250999,109.272003,108.998001,109.195000
2026-02-19T15:00:00Z,109.192001,109.542000,109.124001,109.383003
2026-02-19T16:00:00Z,109.383003,109.403000,109.192001,109.224998
2026-02-19T17:00:00Z,109.220001,109.341003,109.158997,109.276001
2026-02-19T18:00:00Z,109.276001,109.345001,109.198997,109.268997
2026-02-19T19:00:00Z,109.263000,109.332001,109.231003,109.292999
2026-02-19T20:00:00Z,109.295998,109.424004,109.279999,109.418999
2026-02-19T21:00:00Z,109.416000,109.462997,109.347000,109.363998
2026-02-19T22:00:00Z,109.375999,109.375999,109.175003,109.346001
2026-02-19T23:00:00Z,109.342003,109.529999,109.333000,109.475998
2026-02-20T00:00:00Z,109.500000,109.517998,109.295998,109.402000
2026-02-20T01:00:00Z,109.402000,109.452003,108.990997,109.081001
2026-02-20T02:00:00Z,109.085999,109.116997,108.873001,108.970001
2026-02-20T03:00:00Z,108.973999,109.099998,108.949997,109.059998
2026-02-20T04:00:00Z,109.060997,109.161003,109.014999,109.134003
2026-02-20T05:00:00Z,109.133003,109.391998,109.119003,109.375000
2026-02-20T06:00:00Z,109.375000,109.410004,109.272003,109.331001
2026-02-20T07:00:00Z,109.322998,109.500999,109.197998,109.491997
2026-02-20T08:00:00Z,109.487000,109.755997,109.371002,109.733002
2026-02-20T09:00:00Z,109.740997,109.861000,109.643997,109.676003
2026-02-20T10:00:00Z,109.681000,109.712997,109.431999,109.460999
2026-02-20T11:00:00Z,109.463997,109.519997,109.374001,109.388000
2026-02-20T12:00:00Z,109.390999,109.495003,109.288002,109.348999
2026-02-20T13:00:00Z,109.343002,109.624001,109.306999,109.601997
2026-02-20T14:00:00Z,109.600998,109.728996,109.436996,109.686996
2026-02-20T15:00:00Z,109.686996,110.072998,109.436996,109.721001
2026-02-20T16:00:00Z,109.721001,109.814003,109.504997,109.737999
2026-02-20T17:00:00Z,109.737000,109.791000,109.553001,109.679001
2026-02-20T18:00:00Z,109.671997,109.876999,109.513000,109.863998
2026-02-20T19:00:00Z,109.862999,109.889000,109.734001,109.806999
2026-02-20T20:00:00Z,109.806999,109.853996,109.746002,109.829002
2026-02-20T21:00:00Z,109.828003,109.875000,109.741997,109.809998
2026-02-20T22:00:00Z,109.811996,109.811996,109.811996,109.811996
2026-02-23T00:00:00Z,109.764000,109.774002,109.203003,109.249001
2026-02-23T01:00:00Z,109.247002,109.253998,109.074997,109.191002
2026-02-23T02:00:00Z,109.181999,109.198997,108.980003,109.081001
2026-02-23T03:00:00Z,109.084999,109.188004,109.055000,109.058998
2026-02-23T04:00:00Z,109.065002,109.203003,109.010002,109.155998
2026-02-23T05:00:00Z,109.154999,109.262001,109.127998,109.233002
2026-02-23T06:00:00Z,109.234001,109.373001,109.163002,109.370003
2026-02-23T07:00:00Z,109.363998,109.466003,109.322998,109.378998
2026-02-23T08:00:00Z,109.375999,109.626999,109.369003,109.588997
2026-02-23T09:00:00Z,109.581001,109.731003,109.555000,109.669998
2026-02-23T10:00:00Z,109.664001,109.672997,109.535004,109.544998
2026-02-23T11:00:00Z,109.543999,109.575996,109.499001,109.538002
2026-02-23T12:00:00Z,109.530998,109.567001,109.327003,109.426003
2026-02-23T13:00:00Z,109.426003,109.455002,109.253998,109.292000
2026-02-23T14:00:00Z,109.290001,109.584000,109.275002,109.375999
2026-02-23T15:00:00Z,109.375999,109.404999,108.996002,109.027000
2026-02-23T16:00:00Z,109.025002,109.077003,108.847000,108.936996
2026-02-23T17:00:00Z,108.938004,109.005997,108.799004,108.977997
2026-02-23T18:00:00Z,108.978996,109.239998,108.967003,109.065002
2026-02-23T19:00:00Z,109.069000,109.130997,109.049004,109.082001
2026-02-23T20:00:00Z,109.086998,109.178001,109.055000,109.168999
2026-02-23T21:00:00Z,109.167999,109.234001,109.042000,109.086998
2026-02-23T22:00:00Z,109.073997,109.110001,108.946999,109.051003
2026-02-23T23:00:00Z,109.074997,109.221001,109.005997,109.195999
2026-02-24T00:00:00Z,109.178001,109.387001,109.175003,109.377998
2026-02-24T01:00:00Z,109.377998,109.421997,109.281998,109.379997
2026-02-24T02:00:00Z,109.375000,109.541000,109.308998,109.521004
2026-02-24T03:00:00Z,109.527000,109.599998,109.499001,109.597000
2026-02-24T04:00:00Z,109.594002,109.670998,109.560997,109.593002
2026-02-24T05:00:00Z,109.587997,109.652000,109.543999,109.627998
2026-02-24T06:00:00Z,109.623001,109.664001,109.489998,109.489998
2026-02-24T07:00:00Z,109.489998,110.372002,109.478996,110.325996
2026-02-24T08:00:00Z,110.330002,110.438004,110.082001,110.158997
2026-02-24T09:00:00Z,110.153000,110.209999,110.022003,110.081001
2026-02-24T10:00:00Z,110.081001,110.121002,109.919998,109.975998
2026-02-24T11:00:00Z,109.969002,109.981003,109.722000,109.839996
2026-02-24T12:00:00Z,109.839996,109.912003,109.671997,109.777000
2026-02-24T13:00:00Z,109.774002,109.873001,109.734001,109.774002
2026-02-24T14:00:00Z,109.773003,109.969002,109.630997,109.754997
2026-02-24T15:00:00Z,109.778000,110.056999,109.708000,109.952003
2026-02-24T16:00:00Z,109.954002,110.084999,109.904999,109.992996
2026-02-24T17:00:00Z,109.997002,110.084000,109.955002,110.035004
2026-02-24T18:00:00Z,110.040001,110.042000,109.961998,109.994003
2026-02-24T19:00:00Z,109.994003,110.008003,109.950996,109.977997
2026-02-24T20:00:00Z,109.981003,110.061996,109.946999,110.044998
2026-02-24T21:00:00Z,110.042000,110.053001,109.948997,109.948997
2026-02-24T22:00:00Z,109.948997,110.070000,109.884003,109.996002
2026-02-24T23:00:00Z,109.964996,110.073997,109.945000,110.033997
2026-02-25T00:00:00Z,110.039001,110.427002,110.019997,110.165001
2026-02-25T01:00:00Z,110.155998,110.342003,110.115997,110.257004
2026-02-25T02:00:00Z,110.264000,110.332001,110.126999,110.290001
2026-02-25T03:00:00Z,110.300003,110.732002,110.209000,110.641998
2026-02-25T04:00:00Z,110.641998,110.838997,110.636002,110.674004
2026-02-25T05:00:00Z,110.667000,110.750999,110.610001,110.630997
2026-02-25T06:00:00Z,110.630997,110.820999,110.571999,110.764999
2026-02-25T07:00:00Z,110.760002,110.883003,110.654999,110.757004
2026-02-25T08:00:00Z,110.757004,110.915001,110.754997,110.905998
2026-02-25T09:00:00Z,110.911003,111.213997,110.819000,110.943001
2026-02-25T10:00:00Z,110.934998,111.068001,110.916000,111.036003
2026-02-25T11:00:00Z,111.030998,111.042999,110.894997,111.009003
2026-02-25T12:00:00Z,111.009003,111.137001,110.973000,111.114998
2026-02-25T13:00:00Z,111.114998,111.178001,111.002998,111.091003
2026-02-25T14:00:00Z,111.084000,111.195000,110.962997,111.081001
2026-02-25T15:00:00Z,111.075996,111.207001,110.970001,111.154999
2026-02-25T16:00:00Z,111.162003,111.303001,111.148003,111.206001
2026-02-25T17:00:00Z,111.198997,111.344002,111.198997,111.283997
2026-02-25T18:00:00Z,111.282997,111.350998,111.251999,111.334000
2026-02-25T19:00:00Z,111.334000,111.475998,111.325996,111.415001
2026-02-25T20:00:00Z,111.415001,111.426003,111.321999,111.378998
2026-02-25T21:00:00Z,111.379997,111.463997,111.302002,111.347000
2026-02-25T22:00:00Z,111.328003,111.405998,111.180000,111.271004
2026-02-25T23:00:00Z,111.274002,111.334999,111.143997,111.192001
2026-02-26T00:00:00Z,111.183998,111.240997,111.137001,111.190002
2026-02-26T01:00:00Z,111.190002,111.278000,111.089996,111.125999
2026-02-26T02:00:00Z,111.121002,111.129997,110.986000,111.066002
2026-02-26T03:00:00Z,111.069000,111.129997,110.984001,111.072998
2026-02-26T04:00:00Z,111.071999,111.212997,111.051003,111.084999
2026-02-26T05:00:00Z,111.084999,111.246002,111.032997,111.237999
2026-02-26T06:00:00Z,111.241997,111.303001,111.203003,111.208000
2026-02-26T07:00:00Z,111.204002,111.282997,111.116997,111.143997
2026-02-26T08:00:00Z,111.150002,111.153999,110.908997,110.952003
2026-02-26T09:00:00Z,110.956001,111.142998,110.922997,111.095001
2026-02-26T10:00:00Z,111.093002,111.101997,110.929001,110.941002
2026-02-26T11:00:00Z,110.942001,111.053001,110.938004,110.980003
2026-02-26T12:00:00Z,110.975998,111.155998,110.956001,111.112000
2026-02-26T13:00:00Z,111.112000,111.142998,110.974998,111.038002
2026-02-26T14:00:00Z,111.037003,111.054001,110.736000,110.768997
2026-02-26T15:00:00Z,110.769997,110.820999,110.259003,110.774002
2026-02-26T16:00:00Z,110.769997,110.920998,110.662003,110.706001
2026-02-26T17:00:00Z,110.710999,110.782997,110.601997,110.682999
2026-02-26T18:00:00Z,110.678001,111.000000,110.639000,110.982002
2026-02-26T19:00:00Z,110.987000,111.063004,110.963997,110.980003
2026-02-26T20:00:00Z,110.984001,111.028000,110.949997,111.027000
2026-02-26T21:00:00Z,111.021004,111.044998,110.898003,110.907997
2026-02-26T22:00:00Z,110.889000,110.959000,110.755997,110.817001
2026-02-26T23:00:00Z,110.819000,110.862000,110.653999,110.696999
2026-02-27T00:00:00Z,110.697998,110.811996,110.503998,110.650002
2026-02-27T01:00:00Z,110.650002,110.813004,110.583000,110.804001
2026-02-27T02:00:00Z,110.804001,110.875000,110.763000,110.857002
2026-02-27T03:00:00Z,110.850998,110.946999,110.820999,110.875999
2026-02-27T04:00:00Z,110.883003,110.940002,110.790001,110.852997
2026-02-27T05:00:00Z,110.848999,111.092003,110.839996,111.043999
2026-02-27T06:00:00Z,111.038002,111.110001,110.973000,111.060997
2026-02-27T07:00:00Z,111.060997,111.226997,111.060997,111.177002
2026-02-27T08:00:00Z,111.180000,111.218002,111.046997,111.070999
2026-02-27T09:00:00Z,111.067001,111.206001,111.007004,111.021004
2026-02-27T10:00:00Z,111.028000,111.042000,110.790001,110.888000
2026-02-27T11:00:00Z,110.886002,110.904999,110.766998,110.806999
2026-02-27T12:00:00Z,110.807999,110.879997,110.726997,110.748001
2026-02-27T13:00:00Z,110.748001,110.886002,110.639000,110.839996
2026-02-27T14:00:00Z,110.847000,111.021004,110.830002,110.975998
2026-02-27T15:00:00Z,110.972000,111.296997,110.953003,111.210999
2026-02-27T16:00:00Z,111.219002,111.259003,111.078003,111.111000
2026-02-27T17:00:00Z,111.116997,111.216003,110.969002,111.035004
2026-02-27T18:00:00Z,111.035004,111.068001,110.971001,111.035004
2026-02-27T19:00:00Z,111.035004,111.075996,110.894997,110.987000
2026-02-27T20:00:00Z,110.991997,111.166000,110.980003,111.148003
2026-02-27T21:00:00Z,111.151001,111.155998,110.927002,111.000999
2026-02-27T22:00:00Z,111.042000,111.042000,111.042000,111.042000
2026-03-02T00:00:00Z,110.510002,110.821999,110.441002,110.791000
2026-03-02T01:00:00Z,110.792999,111.226997,110.781998,111.010002
2026-03-02T02:00:00Z,111.017998,111.112999,110.862999,111.056000
2026-03-02T03:00:00Z,111.066002,111.196999,111.014999,111.134003
2026-03-02T04:00:00Z,111.134003,111.200996,110.950996,111.049004
2026-03-02T05:00:00Z,111.039001,111.139999,110.950996,110.989998
2026-03-02T06:00:00Z,110.989998,111.082001,110.817001,110.870003
2026-03-02T07:00:00Z,110.869003,110.973999,110.662003,110.790001
2026-03-02T08:00:00Z,110.795998,111.013000,110.712997,110.931000
2026-03-02T09:00:00Z,110.936996,111.204002,110.889999,111.137001
2026-03-02T10:00:00Z,111.132004,111.332001,111.116997,111.235001
2026-03-02T11:00:00Z,111.237999,111.262001,111.097000,111.188004
2026-03-02T12:00:00Z,111.181999,111.257004,111.028999,111.091003
2026-03-02T13:00:00Z,111.088997,111.367996,111.077003,111.163002
2026-03-02T14:00:00Z,111.170998,111.537003,111.085999,111.447998
2026-03-02T15:00:00Z,111.431999,111.699997,111.287003,111.330002
2026-03-02T16:00:00Z,111.328003,111.441002,111.102997,111.273003
2026-03-02T17:00:00Z,111.282997,111.471001,111.208000,111.457001
2026-03-02T18:00:00Z,111.456001,111.496002,111.383003,111.452003
2026-03-02T19:00:00Z,111.449997,111.688004,111.441002,111.637001
2026-03-02T20:00:00Z,111.630997,111.637001,111.365997,111.500999
2026-03-02T21:00:00Z,111.502998,111.636002,111.489998,111.558998
2026-03-02T22:00:00Z,111.505997,111.796997,111.458000,111.703003
2026-03-02T23:00:00Z,111.719002,111.800003,111.588997,111.723000
2026-03-03T00:00:00Z,111.690002,111.856003,111.582001,111.810997
2026-03-03T01:00:00Z,111.811996,112.091003,111.671997,111.684998
2026-03-03T02:00:00Z,111.680000,111.781998,111.494003,111.709999
2026-03-03T03:00:00Z,111.709999,111.879997,111.649002,111.804001
2026-03-03T04:00:00Z,111.802002,111.890999,111.752998,111.811996
2026-03-03T05:00:00Z,111.807999,111.869003,111.498001,111.556999
2026-03-03T06:00:00Z,111.556000,111.637001,111.353996,111.490997
2026-03-03T07:00:00Z,111.486000,111.653000,111.342003,111.405998
2026-03-03T08:00:00Z,111.408997,111.512001,111.082001,111.093002
2026-03-03T09:00:00Z,111.098000,111.325996,110.985001,110.997002
2026-03-03T10:00:00Z,110.995003,111.071999,110.716003,110.857002
2026-03-03T11:00:00Z,110.852997,110.947998,110.654999,110.781998
2026-03-03T12:00:00Z,110.792000,110.996002,110.709000,110.831001
2026-03-03T13:00:00Z,110.834999,110.852997,110.440002,110.644997
2026-03-03T14:00:00Z,110.638000,110.759003,109.988998,110.005997
2026-03-03T15:00:00Z,110.013000,110.441002,109.518997,110.413002
2026-03-03T16:00:00Z,110.421997,110.829002,110.394997,110.771004
2026-03-03T17:00:00Z,110.774002,110.914001,110.636002,110.809998
2026-03-03T18:00:00Z,110.816002,111.111000,110.807999,111.036003
2026-03-03T19:00:00Z,111.037003,111.200996,110.883003,111.032997
2026-03-03T20:00:00Z,111.031998,111.108002,110.906998,111.040001
2026-03-03T21:00:00Z,111.038002,111.070000,110.871002,110.934998
2026-03-03T22:00:00Z,110.914001,110.934998,110.675003,110.855003
2026-03-03T23:00:00Z,110.848000,111.096001,110.848000,111.089996
2026-03-04T00:00:00Z,111.044998,111.075996,110.347000,110.454002
2026-03-04T01:00:00Z,110.454002,110.614998,110.180000,110.399002
2026-03-04T02:00:00Z,110.394997,110.633003,110.335999,110.484001
2026-03-04T03:00:00Z,110.473999,110.537003,110.155998,110.295998
2026-03-04T04:00:00Z,110.295998,110.357002,109.918999,110.047997
2026-03-04T05:00:00Z,110.049004,110.421997,110.026001,110.303001
2026-03-04T06:00:00Z,110.293999,110.598000,110.211998,110.522003
2026-03-04T07:00:00Z,110.515999,110.859001,110.486000,110.700996
2026-03-04T08:00:00Z,110.693001,110.777000,110.447998,110.490997
2026-03-04T09:00:00Z,110.498001,110.711998,110.403999,110.640999
2026-03-04T10:00:00Z,110.640999,111.047997,110.636002,110.828003
2026-03-04T11:00:00Z,110.825996,110.931000,110.753998,110.831001
2026-03-04T12:00:00Z,110.835999,110.959999,110.647003,110.781998
2026-03-04T13:00:00Z,110.786003,110.990997,110.766998,110.959999
2026-03-04T14:00:00Z,110.960999,111.021004,110.699997,110.779999
2026-03-04T15:00:00Z,110.793999,111.169998,110.723000,111.101997
2026-03-04T16:00:00Z,111.102997,111.141998,110.887001,110.966003
2026-03-04T17:00:00Z,110.966003,111.028999,110.810997,110.992996
2026-03-04T18:00:00Z,110.989998,111.146004,110.930000,111.111000
2026-03-04T19:00:00Z,111.114998,111.209999,111.105003,111.197998
2026-03-04T20:00:00Z,111.192001,111.218002,111.112000,111.182999
2026-03-04T21:00:00Z,111.176003,111.212997,111.058998,111.060997
2026-03-04T22:00:00Z,111.053001,111.147003,111.003998,111.051003
2026-03-04T23:00:00Z,111.039001,111.181000,111.031998,111.071999
2026-03-05T00:00:00Z,111.065002,111.109001,110.874001,110.914001
2026-03-05T01:00:00Z,110.914001,111.045998,110.675003,110.745003
2026-03-05T02:00:00Z,110.750000,110.978996,110.682999,110.972000
2026-03-05T03:00:00Z,110.972000,111.035004,110.640999,110.709999
2026-03-05T04:00:00Z,110.709999,110.858002,110.682999,110.813004
2026-03-05T05:00:00Z,110.813004,110.875000,110.639999,110.649002
2026-03-05T06:00:00Z,110.647003,110.703003,110.460999,110.668999
2026-03-05T07:00:00Z,110.657997,110.739998,110.541000,110.625000
2026-03-05T08:00:00Z,110.623001,110.644997,110.223000,110.572998
2026-03-05T09:00:00Z,110.569000,110.964996,110.538002,110.709999
2026-03-05T10:00:00Z,110.709000,110.863998,110.638000,110.828003
2026-03-05T11:00:00Z,110.830002,111.024002,110.806999,110.915001
2026-03-05T12:00:00Z,110.917999,111.055000,110.839996,110.996002
2026-03-05T13:00:00Z,110.996002,111.055000,110.774002,110.898003
2026-03-05T14:00:00Z,110.897003,110.924004,110.587997,110.869003
2026-03-05T15:00:00Z,110.877998,110.948997,110.434998,110.539001
2026-03-05T16:00:00Z,110.531998,110.552002,110.166000,110.362000
2026-03-05T17:00:00Z,110.357002,110.483002,110.059998,110.135002
2026-03-05T18:00:00Z,110.133003,110.328003,110.081001,110.217003
2026-03-05T19:00:00Z,110.216003,110.264000,110.068001,110.179001
2026-03-05T20:00:00Z,110.180000,110.497002,110.125999,110.461998
2026-03-05T21:00:00Z,110.462997,110.464996,110.357002,110.396004
2026-03-05T22:00:00Z,110.400002,110.491997,110.235001,110.301003
2026-03-05T23:00:00Z,110.343002,110.524002,110.266998,110.452003
2026-03-06T00:00:00Z,110.434998,110.597000,110.331001,110.552002
2026-03-06T01:00:00Z,110.546997,110.764999,110.515999,110.724998
2026-03-06T02:00:00Z,110.732002,110.878998,110.726997,110.814003
2026-03-06T03:00:00Z,110.806999,110.879997,110.792999,110.862000
2026-03-06T04:00:00Z,110.853996,110.901001,110.806000,110.819000
2026-03-06T05:00:00Z,110.818001,111.014000,110.803001,110.938004
2026-03-06T06:00:00Z,110.936996,111.110001,110.935997,111.025002
2026-03-06T07:00:00Z,111.011002,111.101997,110.957001,110.959000
2026-03-06T08:00:00Z,110.963997,110.987000,110.791000,110.962997
2026-03-06T09:00:00Z,110.967003,110.981003,110.467003,110.487000
2026-03-06T10:00:00Z,110.491997,110.686996,110.476997,110.671997
2026-03-06T11:00:00Z,110.667000,110.740997,110.419998,110.458000
2026-03-06T12:00:00Z,110.455002,110.651001,110.387001,110.603996
2026-03-06T13:00:00Z,110.606003,110.681000,110.214996,110.250000
2026-03-06T14:00:00Z,110.246002,110.498001,110.114998,110.205002
2026-03-06T15:00:00Z,110.209999,110.740997,110.198997,110.374001
2026-03-06T16:00:00Z,110.372002,110.732002,110.358002,110.686996
2026-03-06T17:00:00Z,110.686996,110.751999,110.593002,110.612999
2026-03-06T18:00:00Z,110.619003,110.835999,110.606003,110.774002
2026-03-06T19:00:00Z,110.768997,110.913002,110.741997,110.906998
2026-03-06T20:00:00Z,110.908997,110.970001,110.769997,110.879997
2026-03-06T21:00:00Z,110.875999,110.947998,110.809998,110.883003
2026-03-06T22:00:00Z,110.919998,110.919998,110.919998,110.919998
2026-03-09T00:00:00Z,110.389000,110.524002,110.260002,110.476997
2026-03-09T01:00:00Z,110.472000,110.634003,110.386002,110.552002
2026-03-09T02:00:00Z,110.554001,111.038002,110.554001,111.023003
2026-03-09T03:00:00Z,111.029999,111.093002,110.912003,111.055000
2026-03-09T04:00:00Z,111.055000,111.181000,110.936996,110.978996
2026-03-09T05:00:00Z,110.983002,111.283997,110.921997,111.069000
2026-03-09T06:00:00Z,111.063004,111.206001,110.984001,111.008003
2026-03-09T07:00:00Z,111.000999,111.108002,110.932999,111.073997
2026-03-09T08:00:00Z,111.073997,111.102997,110.747002,110.919998
2026-03-09T09:00:00Z,110.927002,111.303001,110.801003,111.140999
2026-03-09T10:00:00Z,111.148003,111.226997,111.066002,111.171997
2026-03-09T11:00:00Z,111.165001,111.269997,111.120003,111.146004
2026-03-09T12:00:00Z,111.144997,111.214996,111.095001,111.167999
2026-03-09T13:00:00Z,111.169998,111.303001,111.125999,111.244003
2026-03-09T14:00:00Z,111.242996,111.507004,111.163002,111.415001
2026-03-09T15:00:00Z,111.414001,111.470001,111.313004,111.356003
2026-03-09T16:00:00Z,111.360001,111.550003,111.320999,111.491997
2026-03-09T17:00:00Z,111.494003,111.504997,111.351997,111.378998
2026-03-09T18:00:00Z,111.378998,111.580002,111.353996,111.538002
2026-03-09T19:00:00Z,111.542999,111.760002,111.484001,111.592003
2026-03-09T20:00:00Z,111.583000,111.640999,111.463997,111.528000
2026-03-09T21:00:00Z,111.514000,111.629997,111.407997,111.605003
2026-03-09T22:00:00Z,111.568001,111.693001,111.545998,111.624001
2026-03-09T23:00:00Z,111.616997,111.708000,111.544998,111.566002
2026-03-10T00:00:00Z,111.578003,111.601997,111.356003,111.412003
2026-03-10T01:00:00Z,111.414001,111.502998,111.283997,111.461998
2026-03-10T02:00:00Z,111.456001,111.533997,111.325996,111.376999
2026-03-10T03:00:00Z,111.375999,111.499001,111.357002,111.447998
2026-03-10T04:00:00Z,111.446999,111.486000,111.353996,111.408997
2026-03-10T05:00:00Z,111.408997,111.579002,111.280998,111.546997
2026-03-10T06:00:00Z,111.547997,111.824997,111.487999,111.750000
2026-03-10T07:00:00Z,111.742996,111.981003,111.723999,111.885002
2026-03-10T08:00:00Z,111.889000,112.033997,111.758003,111.897003
2026-03-10T09:00:00Z,111.889000,112.175003,111.874001,112.134003
2026-03-10T10:00:00Z,112.133003,112.302002,112.071999,112.178001
2026-03-10T11:00:00Z,112.171997,112.400002,112.142998,112.345001
2026-03-10T12:00:00Z,112.352997,112.415001,112.172997,112.280998
2026-03-10T13:00:00Z,112.279999,112.375999,112.214996,112.280998
2026-03-10T14:00:00Z,112.285004,112.708000,112.219002,112.682999
2026-03-10T15:00:00Z,112.683998,112.749001,112.612999,112.674004
2026-03-10T16:00:00Z,112.667999,112.692001,112.530998,112.662003
2026-03-10T17:00:00Z,112.655998,112.843002,112.650002,112.769997
2026-03-10T18:00:00Z,112.769997,112.847000,112.516998,112.602997
2026-03-10T19:00:00Z,112.602997,112.639999,112.482002,112.514999
2026-03-10T20:00:00Z,112.510002,112.557999,112.448997,112.509003
2026-03-10T21:00:00Z,112.505997,112.596001,112.428001,112.501999
2026-03-10T22:00:00Z,112.487000,112.565002,112.454002,112.542999
2026-03-10T23:00:00Z,112.539001,112.581001,112.498001,112.564003
2026-03-11T00:00:00Z,112.551003,112.861000,112.537003,112.785004
2026-03-11T01:00:00Z,112.791000,113.188004,112.788002,113.156998
2026-03-11T02:00:00Z,113.164001,113.533997,113.089996,113.393997
2026-03-11T03:00:00Z,113.399002,113.509003,113.325996,113.481003
2026-03-11T04:00:00Z,113.486000,113.630997,113.469002,113.545998
2026-03-11T05:00:00Z,113.542000,113.581001,113.318001,113.460999
2026-03-11T06:00:00Z,113.461998,113.480003,113.244003,113.333000
2026-03-11T07:00:00Z,113.337997,113.444000,113.218002,113.345001
2026-03-11T08:00:00Z,113.341003,113.545998,113.303001,113.428001
2026-03-11T09:00:00Z,113.429001,113.462997,113.211998,113.250000
2026-03-11T10:00:00Z,113.250999,113.414001,113.248001,113.371002
2026-03-11T11:00:00Z,113.371002,113.592003,113.341003,113.454002
2026-03-11T12:00:00Z,113.454002,113.505997,113.296997,113.341003
2026-03-11T13:00:00Z,113.346001,113.617996,113.311996,113.591003
2026-03-11T14:00:00Z,113.586998,113.954002,113.574997,113.914001
2026-03-11T15:00:00Z,113.917999,113.958000,113.547997,113.554001
2026-03-11T16:00:00Z,113.556999,113.675003,113.498001,113.608002
2026-03-11T17:00:00Z,113.608002,113.711998,113.454002,113.490997
2026-03-11T18:00:00Z,113.487999,113.675003,113.424004,113.622002
2026-03-11T19:00:00Z,113.623001,113.753998,113.551003,113.739998
2026-03-11T20:00:00Z,113.753998,113.762001,113.625999,113.637001
2026-03-11T21:00:00Z,113.654999,113.722000,113.477997,113.596001
2026-03-11T22:00:00Z,113.596001,113.642998,113.406998,113.431000
2026-03-11T23:00:00Z,113.431999,113.513000,113.349998,113.406998
2026-03-12T00:00:00Z,113.412003,113.609001,113.390999,113.593002
2026-03-12T01:00:00Z,113.588997,113.739998,113.477997,113.587997
2026-03-12T02:00:00Z,113.591003,113.683998,113.418999,113.478996
2026-03-12T03:00:00Z,113.478996,113.504997,113.350998,113.486000
2026-03-12T04:00:00Z,113.486000,113.498001,113.336998,113.356003
2026-03-12T05:00:00Z,113.348000,113.441002,113.246002,113.331001
2026-03-12T06:00:00Z,113.329002,113.335999,113.113998,113.210999
2026-03-12T07:00:00Z,113.210999,113.333000,113.171997,113.294998
2026-03-12T08:00:00Z,113.289001,113.413002,113.262001,113.350998
2026-03-12T09:00:00Z,113.356003,113.366997,113.198997,113.300003
2026-03-12T10:00:00Z,113.306000,113.309998,113.188004,113.225998
2026-03-12T11:00:00Z,113.225998,113.358002,113.186996,113.249001
2026-03-12T12:00:00Z,113.248001,113.317001,113.161003,113.302002
2026-03-12T13:00:00Z,113.299004,113.343002,112.822998,112.832001
2026-03-12T14:00:00Z,112.829002,113.021004,112.714996,112.862999
2026-03-12T15:00:00Z,112.859001,112.934998,112.616997,112.856003
2026-03-12T16:00:00Z,112.853996,112.999001,112.699997,112.834000
2026-03-12T17:00:00Z,112.839996,112.952003,112.813004,112.858002
2026-03-12T18:00:00Z,112.857002,112.948997,112.792000,112.862999
2026-03-12T19:00:00Z,112.866997,112.905998,112.771004,112.792000
2026-03-12T20:00:00Z,112.796997,112.861000,112.719002,112.719002
2026-03-12T21:00:00Z,112.718002,112.795998,112.598999,112.612999
2026-03-12T22:00:00Z,112.612999,112.776001,112.592003,112.748001
2026-03-12T23:00:00Z,112.742996,112.786003,112.629997,112.668999
2026-03-13T00:00:00Z,112.671997,112.777000,112.486000,112.705002
2026-03-13T01:00:00Z,112.699997,112.844002,112.689003,112.786003
2026-03-13T02:00:00Z,112.785004,112.890999,112.680000,112.728996
2026-03-13T03:00:00Z,112.730003,112.787003,112.543999,112.672997
2026-03-13T04:00:00Z,112.672997,112.741997,112.594002,112.646004
2026-03-13T05:00:00Z,112.646004,112.663002,112.489998,112.594002
2026-03-13T06:00:00Z,112.598000,112.602997,112.169998,112.197998
2026-03-13T07:00:00Z,112.196999,112.220001,111.941002,112.025002
2026-03-13T08:00:00Z,112.017998,112.170998,111.821999,112.120003
2026-03-13T09:00:00Z,112.120003,112.272003,112.105003,112.198997
2026-03-13T10:00:00Z,112.197998,112.309998,112.172997,112.199997
2026-03-13T11:00:00Z,112.195999,112.317001,112.081001,112.282997
2026-03-13T12:00:00Z,112.285004,112.449997,112.246002,112.421997
2026-03-13T13:00:00Z,112.427002,112.441002,112.073997,112.146004
2026-03-13T14:00:00Z,112.149002,112.223000,111.883003,111.932999
2026-03-13T15:00:00Z,111.941002,112.029999,111.708000,111.711998
2026-03-13T16:00:00Z,111.708000,111.887001,111.694000,111.814003
2026-03-13T17:00:00Z,111.820999,111.950996,111.725998,111.750000
2026-03-13T18:00:00Z,111.753998,111.869003,111.731003,111.806999
2026-03-13T19:00:00Z,111.805000,111.806999,111.611000,111.625000
2026-03-13T20:00:00Z,111.621002,111.637001,111.412003,111.475998
2026-03-13T21:00:00Z,111.502998,111.502998,111.502998,111.502998
2026-03-13T22:00:00Z,111.502998,111.502998,111.502998,111.502998
2026-03-16T00:00:00Z,111.764000,111.915001,111.667999,111.752998
2026-03-16T01:00:00Z,111.760002,111.834999,111.569000,111.788002
2026-03-16T02:00:00Z,111.799004,111.905998,111.758003,111.820000
2026-03-16T03:00:00Z,111.820000,111.885002,111.752998,111.818001
2026-03-16T04:00:00Z,111.810997,111.893997,111.749001,111.752998
2026-03-16T05:00:00Z,111.753998,111.852997,111.681000,111.765999
2026-03-16T06:00:00Z,111.775002,111.867996,111.719002,111.790001
2026-03-16T07:00:00Z,111.782997,111.806999,111.616997,111.706001
2026-03-16T08:00:00Z,111.700996,111.904999,111.666000,111.893997
2026-03-16T09:00:00Z,111.888000,111.931999,111.813004,111.910004
2026-03-16T10:00:00Z,111.914001,112.260002,111.883003,112.251999
2026-03-16T11:00:00Z,112.247002,112.310997,112.138000,112.180000
2026-03-16T12:00:00Z,112.181999,112.253998,112.150002,112.189003
2026-03-16T13:00:00Z,112.193001,112.431999,112.188004,112.392998
2026-03-16T14:00:00Z,112.401001,112.433998,112.264000,112.398003
2026-03-16T15:00:00Z,112.392998,112.439003,112.279999,112.380997
2026-03-16T16:00:00Z,112.375999,112.443001,112.232002,112.338997
2026-03-16T17:00:00Z,112.338997,112.418999,112.333000,112.364998
2026-03-16T18:00:00Z,112.357002,112.502998,112.357002,112.475998
2026-03-16T19:00:00Z,112.463997,112.581001,112.454002,112.566002
2026-03-16T20:00:00Z,112.569000,112.574997,112.415001,112.425003
2026-03-16T21:00:00Z,112.428001,112.527000,112.278999,112.412003
2026-03-16T22:00:00Z,112.403000,112.473000,112.385002,112.418999
2026-03-16T23:00:00Z,112.411003,112.500999,112.404999,112.455002
2026-03-17T00:00:00Z,112.454002,112.514000,112.403000,112.502998
2026-03-17T01:00:00Z,112.501999,112.857002,112.481003,112.857002
2026-03-17T02:00:00Z,112.850998,112.950996,112.750000,112.763000
2026-03-17T03:00:00Z,112.754997,113.004997,112.278999,112.600998
2026-03-17T04:00:00Z,112.591003,112.757004,112.489998,112.622002
2026-03-17T05:00:00Z,112.622002,112.922997,112.587997,112.680000
2026-03-17T06:00:00Z,112.672997,112.726997,112.487000,112.676003
2026-03-17T07:00:00Z,112.682999,112.698997,112.466003,112.527000
2026-03-17T08:00:00Z,112.528999,112.704002,112.373001,112.689003
2026-03-17T09:00:00Z,112.690002,112.816002,112.658997,112.808998
2026-03-17T10:00:00Z,112.804001,112.841003,112.635002,112.731003
2026-03-17T11:00:00Z,112.726997,112.758003,112.624001,112.634003
2026-03-17T12:00:00Z,112.628998,112.878998,112.613998,112.875000
2026-03-17T13:00:00Z,112.866997,113.082001,112.845001,112.974998
2026-03-17T14:00:00Z,112.975998,113.008003,112.814003,112.877998
2026-03-17T15:00:00Z,112.871002,112.912003,112.707001,112.900002
2026-03-17T16:00:00Z,112.905998,112.968002,112.848999,112.886002
2026-03-17T17:00:00Z,112.880997,113.075996,112.876999,113.051003
2026-03-17T18:00:00Z,113.058998,113.082001,112.953003,112.992996
2026-03-17T19:00:00Z,112.996002,112.998001,112.919998,112.987999
2026-03-17T20:00:00Z,112.982002,113.014999,112.905998,112.905998
2026-03-17T21:00:00Z,112.934998,112.988998,112.707001,112.863998
2026-03-17T22:00:00Z,112.855003,113.005997,112.827003,112.968002
2026-03-17T23:00:00Z,112.966003,113.009003,112.904999,112.943001
2026-03-18T00:00:00Z,112.958000,113.115997,112.886002,113.035004
2026-03-18T01:00:00Z,113.035004,113.213997,113.035004,113.092003
2026-03-18T02:00:00Z,113.092003,113.100998,112.805000,112.838997
2026-03-18T03:00:00Z,112.839996,113.035004,112.822998,113.022003
2026-03-18T04:00:00Z,113.018997,113.086998,112.932999,112.976997
2026-03-18T05:00:00Z,112.975998,113.004997,112.862000,112.958000
2026-03-18T06:00:00Z,112.952003,113.012001,112.893997,112.990997
2026-03-18T07:00:00Z,112.990997,113.011002,112.889999,112.911003
2026-03-18T08:00:00Z,112.907997,112.989998,112.851997,112.973000
2026-03-18T09:00:00Z,112.972000,113.052002,112.950996,113.013000
2026-03-18T10:00:00Z,113.011002,113.061996,112.926003,112.950996
2026-03-18T11:00:00Z,112.946999,112.973999,112.809998,112.858002
2026-03-18T12:00:00Z,112.859001,112.876999,112.517998,112.525002
2026-03-18T13:00:00Z,112.526001,112.700996,112.418999,112.690002
2026-03-18T14:00:00Z,112.688004,112.837997,112.565002,112.809998
2026-03-18T15:00:00Z,112.809998,112.969002,112.801003,112.848999
2026-03-18T16:00:00Z,112.851997,112.946999,112.821999,112.902000
2026-03-18T17:00:00Z,112.903000,112.912003,112.819000,112.859001
2026-03-18T18:00:00Z,112.855003,112.942001,112.587997,112.622002
2026-03-18T19:00:00Z,112.621002,112.674004,112.387001,112.438004
2026-03-18T20:00:00Z,112.442001,112.469002,112.197998,112.211998
2026-03-18T21:00:00Z,112.230003,112.452003,112.144997,112.292999
2026-03-18T22:00:00Z,112.302002,112.348000,112.205002,112.209999
2026-03-18T23:00:00Z,112.217003,112.330002,112.181999,112.329002
2026-03-19T00:00:00Z,112.327003,112.554001,112.273003,112.549004
2026-03-19T01:00:00Z,112.546997,112.611000,112.379997,112.431000
2026-03-19T02:00:00Z,112.438004,112.601997,112.296997,112.484001
2026-03-19T03:00:00Z,112.478996,112.609001,112.444000,112.473000
2026-03-19T04:00:00Z,112.473999,112.482002,112.334999,112.350998
2026-03-19T05:00:00Z,112.351997,112.464996,112.307999,112.322998
2026-03-19T06:00:00Z,112.323997,112.459000,112.241997,112.378998
2026-03-19T07:00:00Z,112.379997,112.403000,111.836998,111.879997
2026-03-19T08:00:00Z,111.882004,112.170998,111.769997,112.013000
2026-03-19T09:00:00Z,112.013000,112.385002,112.007004,112.325996
2026-03-19T10:00:00Z,112.323997,112.325996,112.172997,112.192001
2026-03-19T11:00:00Z,112.189003,112.238998,111.875000,112.014000
2026-03-19T12:00:00Z,112.019997,112.026001,111.477997,111.526001
2026-03-19T13:00:00Z,111.527000,111.558998,111.154999,111.372002
2026-03-19T14:00:00Z,111.370003,111.625999,111.313004,111.573997
2026-03-19T15:00:00Z,111.573997,111.746002,111.260002,111.286003
2026-03-19T16:00:00Z,111.282997,111.503998,111.267998,111.366997
2026-03-19T17:00:00Z,111.371002,111.453003,111.245003,111.337997
2026-03-19T18:00:00Z,111.345001,111.570999,111.296997,111.564003
2026-03-19T19:00:00Z,111.563004,111.985001,111.557999,111.681000
2026-03-19T20:00:00Z,111.682999,111.783997,111.660004,111.733002
2026-03-19T21:00:00Z,111.734001,111.886002,111.566002,111.797997
2026-03-19T22:00:00Z,111.768997,111.889000,111.764000,111.811996
2026-03-19T23:00:00Z,111.808998,111.946999,111.793999,111.795998
2026-03-20T00:00:00Z,111.807999,111.899002,111.641998,111.803001
2026-03-20T01:00:00Z,111.795998,112.056999,111.788002,111.998001
2026-03-20T02:00:00Z,111.999001,112.225998,111.990997,112.211998
2026-03-20T03:00:00Z,112.207001,112.230003,112.074997,112.167999
2026-03-20T04:00:00Z,112.174004,112.286003,112.093002,112.250999
2026-03-20T05:00:00Z,112.250999,112.373001,112.202003,112.223000
2026-03-20T06:00:00Z,112.223000,112.316002,112.111000,112.143997
2026-03-20T07:00:00Z,112.151001,112.384003,112.089996,112.239998
2026-03-20T08:00:00Z,112.250999,112.355003,112.207001,112.303001
2026-03-20T09:00:00Z,112.305000,112.363998,112.169998,112.207001
2026-03-20T10:00:00Z,112.214996,112.227997,112.030998,112.128998
2026-03-20T11:00:00Z,112.128998,112.300003,112.105003,112.259003
2026-03-20T12:00:00Z,112.264000,112.362000,112.199997,112.264000
2026-03-20T13:00:00Z,112.269997,112.279999,111.957001,111.989998
2026-03-20T14:00:00Z,111.992996,112.095001,111.819000,111.938004
2026-03-20T15:00:00Z,111.944000,112.134003,111.905998,111.988998
2026-03-20T16:00:00Z,111.990997,112.206001,111.973999,112.097000
2026-03-20T17:00:00Z,112.102997,112.163002,111.931000,111.995003
2026-03-20T18:00:00Z,111.995003,112.011002,111.698997,111.708000
2026-03-20T19:00:00Z,111.711998,111.817001,111.607002,111.773003
2026-03-20T20:00:00Z,111.781998,111.903999,111.681000,111.806000
2026-03-20T21:00:00Z,111.828003,111.828003,111.828003,111.828003
2026-03-20T22:00:00Z,111.828003,111.828003,111.828003,111.828003
2026-03-23T00:00:00Z,111.552002,111.621002,111.379997,111.554001
2026-03-23T01:00:00Z,111.564003,111.753998,111.410004,111.542000
2026-03-23T02:00:00Z,111.542999,111.624001,111.300003,111.362000
2026-03-23T03:00:00Z,111.362000,111.464996,111.191002,111.311996
2026-03-23T04:00:00Z,111.320999,111.353996,111.216003,111.242996
2026-03-23T05:00:00Z,111.242996,111.304001,111.028999,111.084999
2026-03-23T06:00:00Z,111.085999,111.110001,110.917000,110.922997
2026-03-23T07:00:00Z,110.930000,111.099998,110.821999,110.969002
2026-03-23T08:00:00Z,110.969002,111.240997,110.950996,111.070999
2026-03-23T09:00:00Z,111.070999,111.088997,110.732002,110.763000
2026-03-23T10:00:00Z,110.759003,110.783997,110.273003,110.500000
2026-03-23T11:00:00Z,110.499001,111.541000,110.497002,111.014000
2026-03-23T12:00:00Z,111.007004,111.513000,110.853996,111.426003
2026-03-23T13:00:00Z,111.438004,111.466003,111.057999,111.380997
2026-03-23T14:00:00Z,111.386002,111.775002,111.278999,111.634003
2026-03-23T15:00:00Z,111.637001,111.766998,110.958000,110.976997
2026-03-23T16:00:00Z,110.973999,111.183998,110.878998,111.139999
2026-03-23T17:00:00Z,111.130997,111.334000,111.078003,111.126999
2026-03-23T18:00:00Z,111.123001,111.133003,110.898003,111.065002
2026-03-23T19:00:00Z,111.069000,111.113998,110.973999,111.060997
2026-03-23T20:00:00Z,111.070999,111.112000,110.987999,111.044998
2026-03-23T21:00:00Z,111.046997,111.166000,110.862999,110.897003
2026-03-23T22:00:00Z,110.912003,111.223000,110.858002,111.105003
2026-03-23T23:00:00Z,111.109001,111.122002,110.992996,111.046997
2026-03-24T00:00:00Z,111.068001,111.079002,110.485001,110.796997
2026-03-24T01:00:00Z,110.791000,110.844002,110.474998,110.522003
2026-03-24T02:00:00Z,110.529999,110.693001,110.466003,110.560997
2026-03-24T03:00:00Z,110.561996,110.653999,110.484001,110.602997
2026-03-24T04:00:00Z,110.596001,110.635002,110.497002,110.583000
2026-03-24T05:00:00Z,110.583000,110.608002,110.408997,110.500999
2026-03-24T06:00:00Z,110.507004,110.815002,110.487000,110.802002
2026-03-24T07:00:00Z,110.804001,111.124001,110.714996,110.771004
2026-03-24T08:00:00Z,110.775002,110.780998,110.361000,110.469002
2026-03-24T09:00:00Z,110.463997,110.632004,110.341003,110.606003
2026-03-24T10:00:00Z,110.612000,110.710999,110.521004,110.695999
2026-03-24T11:00:00Z,110.703003,110.751999,110.460999,110.644997
2026-03-24T12:00:00Z,110.647003,110.667999,110.402000,110.473999
2026-03-24T13:00:00Z,110.478996,110.574997,110.364998,110.570000
2026-03-24T14:00:00Z,110.569000,110.815002,110.462997,110.559998
2026-03-24T15:00:00Z,110.561996,110.713997,110.471001,110.658997
2026-03-24T16:00:00Z,110.656998,110.763000,110.596001,110.688004
2026-03-24T17:00:00Z,110.689003,110.716003,110.425003,110.594002
2026-03-24T18:00:00Z,110.592003,110.808998,110.555000,110.735001
2026-03-24T19:00:00Z,110.735001,110.887001,110.734001,110.788002
2026-03-24T20:00:00Z,110.781998,111.174004,110.776001,110.995003
2026-03-24T21:00:00Z,110.986000,111.046997,110.748001,110.917999
2026-03-24T22:00:00Z,110.949997,111.065002,110.892998,111.050003
2026-03-24T23:00:00Z,111.061996,111.098999,110.954002,111.019997
2026-03-25T00:00:00Z,111.010002,111.156998,110.835999,110.969002
2026-03-25T01:00:00Z,110.968002,111.058998,110.797997,110.808998
2026-03-25T02:00:00Z,110.810997,110.878998,110.695000,110.722000
2026-03-25T03:00:00Z,110.722000,110.805000,110.678001,110.795998
2026-03-25T04:00:00Z,110.792999,110.913002,110.775002,110.806000
2026-03-25T05:00:00Z,110.806000,110.898003,110.778999,110.838997
2026-03-25T06:00:00Z,110.831001,110.903999,110.789001,110.849998
2026-03-25T07:00:00Z,110.848000,110.915001,110.764000,110.862000
2026-03-25T08:00:00Z,110.866997,110.967003,110.800003,110.824997
2026-03-25T09:00:00Z,110.824997,110.908997,110.644997,110.724998
2026-03-25T10:00:00Z,110.717003,110.778999,110.614998,110.692001
2026-03-25T11:00:00Z,110.695999,110.763000,110.586998,110.655998
2026-03-25T12:00:00Z,110.662003,110.721001,110.533997,110.658997
2026-03-25T13:00:00Z,110.660004,110.773003,110.552002,110.570999
2026-03-25T14:00:00Z,110.569000,110.824997,110.514000,110.794998
2026-03-25T15:00:00Z,110.799004,110.873001,110.587997,110.822998
2026-03-25T16:00:00Z,110.820000,110.903000,110.728996,110.822998
2026-03-25T17:00:00Z,110.829002,110.946999,110.795998,110.872002
2026-03-25T18:00:00Z,110.874001,110.935997,110.740997,110.817001
2026-03-25T19:00:00Z,110.818001,110.842003,110.750000,110.799004
2026-03-25T20:00:00Z,110.801003,110.830002,110.737999,110.750999
2026-03-25T21:00:00Z,110.774002,110.838997,110.657997,110.674004
2026-03-25T22:00:00Z,110.706001,110.822998,110.633003,110.726997
2026-03-25T23:00:00Z,110.723999,110.742996,110.587997,110.639000
2026-03-26T00:00:00Z,110.657997,110.749001,110.593002,110.636002
2026-03-26T01:00:00Z,110.644997,110.741997,110.621002,110.713997
2026-03-26T02:00:00Z,110.713997,110.740997,110.564003,110.639999
2026-03-26T03:00:00Z,110.643997,110.856003,110.640999,110.820999
2026-03-26T04:00:00Z,110.820000,110.918999,110.776001,110.864998
2026-03-26T05:00:00Z,110.863998,110.903000,110.768997,110.799004
2026-03-26T06:00:00Z,110.801003,110.836998,110.712997,110.758003
2026-03-26T07:00:00Z,110.749001,110.762001,110.612999,110.672997
2026-03-26T08:00:00Z,110.669998,110.719002,110.552002,110.709999
2026-03-26T09:00:00Z,110.703003,110.727997,110.512001,110.625000
2026-03-26T10:00:00Z,110.630997,110.705002,110.553001,110.573997
2026-03-26T11:00:00Z,110.575996,110.617996,110.306999,110.320999
2026-03-26T12:00:00Z,110.321999,110.455002,110.194000,110.213997
2026-03-26T13:00:00Z,110.213997,110.511002,110.209000,110.455002
2026-03-26T14:00:00Z,110.459999,110.531998,110.214996,110.339996
2026-03-26T15:00:00Z,110.338997,110.434998,110.246002,110.337997
2026-03-26T16:00:00Z,110.334999,110.364998,110.125999,110.150002
2026-03-26T17:00:00Z,110.146004,110.195999,109.987999,109.991997
2026-03-26T18:00:00Z,109.991997,110.151001,109.991997,110.132004
2026-03-26T19:00:00Z,110.125999,110.137001,109.896004,109.908997
2026-03-26T20:00:00Z,109.915001,110.314003,109.888000,109.998001
2026-03-26T21:00:00Z,109.948997,110.106003,109.829002,109.976997
2026-03-26T22:00:00Z,109.975998,110.070000,109.954002,110.044998
2026-03-26T23:00:00Z,110.040001,110.092003,109.967003,109.980003
2026-03-27T00:00:00Z,109.989998,110.033997,109.620003,109.684998
2026-03-27T01:00:00Z,109.684998,109.889999,109.617996,109.857002
2026-03-27T02:00:00Z,109.850998,110.001999,109.849998,109.952003
2026-03-27T03:00:00Z,109.959000,110.227997,109.926003,110.217003
2026-03-27T04:00:00Z,110.212997,110.323997,110.158997,110.304001
2026-03-27T05:00:00Z,110.295998,110.322998,110.077003,110.108002
2026-03-27T06:00:00Z,110.111000,110.246002,110.043999,110.217003
2026-03-27T07:00:00Z,110.223000,110.246002,110.093002,110.194000
2026-03-27T08:00:00Z,110.193001,110.276001,110.058998,110.221001
2026-03-27T09:00:00Z,110.226997,110.280998,110.123001,110.197998
2026-03-27T10:00:00Z,110.206001,110.279999,110.151001,110.230003
2026-03-27T11:00:00Z,110.225998,110.249001,110.098000,110.101997
2026-03-27T12:00:00Z,110.101997,110.126999,109.989998,110.101997
2026-03-27T13:00:00Z,110.095001,110.250999,109.977997,110.093002
2026-03-27T14:00:00Z,110.085999,110.226997,110.064003,110.161003
2026-03-27T15:00:00Z,110.158997,110.333000,110.087997,110.321999
2026-03-27T16:00:00Z,110.325996,110.407997,110.158997,110.235001
2026-03-27T17:00:00Z,110.237999,110.365997,110.057999,110.129997
2026-03-27T18:00:00Z,110.125000,110.219002,110.102997,110.121002
2026-03-27T19:00:00Z,110.121002,110.147003,110.043999,110.072998
2026-03-27T20:00:00Z,110.072998,110.252998,110.018997,110.132004
2026-03-27T21:00:00Z,110.167999,110.167999,110.167999,110.167999
2026-03-29T23:00:00Z,109.888000,109.945000,109.740997,109.759003
2026-03-30T00:00:00Z,109.764999,109.779999,109.491997,109.556000
2026-03-30T01:00:00Z,109.556000,109.750000,109.536003,109.584000
2026-03-30T02:00:00Z,109.593002,109.672997,109.512001,109.607002
2026-03-30T03:00:00Z,109.599998,109.794998,109.570999,109.762001
2026-03-30T04:00:00Z,109.755997,109.764000,109.678001,109.725998
2026-03-30T05:00:00Z,109.724998,109.757004,109.653999,109.716003
2026-03-30T06:00:00Z,109.706001,109.815002,109.646004,109.654999
2026-03-30T07:00:00Z,109.648003,109.663002,109.336998,109.457001
2026-03-30T08:00:00Z,109.450996,109.532997,109.400002,109.438004
2026-03-30T09:00:00Z,109.438004,109.473000,109.328003,109.436996
2026-03-30T10:00:00Z,109.432999,109.484001,109.393997,109.431000
2026-03-30T11:00:00Z,109.426003,109.502998,109.344002,109.413002
2026-03-30T12:00:00Z,109.414001,109.478996,109.344002,109.355003
2026-03-30T13:00:00Z,109.361000,109.394997,109.124001,109.161003
2026-03-30T14:00:00Z,109.155998,109.363998,109.041000,109.361000
2026-03-30T15:00:00Z,109.361000,109.418999,109.236000,109.347000
2026-03-30T16:00:00Z,109.356003,109.362999,109.241997,109.306999
2026-03-30T17:00:00Z,109.311996,109.416000,109.292000,109.366997
2026-03-30T18:00:00Z,109.365997,109.403000,109.308998,109.375000
2026-03-30T19:00:00Z,109.376999,109.394997,109.238998,109.377998
2026-03-30T20:00:00Z,109.375000,109.462997,109.333000,109.392998
2026-03-30T21:00:00Z,109.405998,109.480003,109.188004,109.402000
2026-03-30T22:00:00Z,109.362000,109.543999,109.362000,109.519997
2026-03-30T23:00:00Z,109.507004,109.516998,109.362999,109.408997
2026-03-31T00:00:00Z,109.408997,109.665001,109.260002,109.627998
2026-03-31T01:00:00Z,109.621002,109.804001,109.577003,109.690002
2026-03-31T02:00:00Z,109.697998,109.697998,109.450996,109.452003
2026-03-31T03:00:00Z,109.455002,109.498001,109.324997,109.389999
2026-03-31T04:00:00Z,109.384003,109.450996,109.234001,109.237999
2026-03-31T05:00:00Z,109.237999,109.403000,109.070000,109.335999
2026-03-31T06:00:00Z,109.343002,109.476997,109.260002,109.464996
2026-03-31T07:00:00Z,109.468002,109.636002,109.279999,109.612999
2026-03-31T08:00:00Z,109.612999,109.666000,109.417999,109.487999
2026-03-31T09:00:00Z,109.487000,109.533997,109.413002,109.444000
2026-03-31T10:00:00Z,109.435997,109.500999,109.413002,109.429001
2026-03-31T11:00:00Z,109.432999,109.765999,109.407997,109.723999
2026-03-31T12:00:00Z,109.718002,109.869003,109.570999,109.577003
2026-03-31T13:00:00Z,109.577003,109.602997,109.382004,109.498001
2026-03-31T14:00:00Z,109.494003,109.560997,108.767998,108.961998
2026-03-31T15:00:00Z,108.959000,109.151001,108.928001,109.029999
2026-03-31T16:00:00Z,109.024002,109.575996,109.009003,109.440002
2026-03-31T17:00:00Z,109.440002,109.560997,109.376999,109.401001
2026-03-31T18:00:00Z,109.411003,109.538002,109.398003,109.466003
2026-03-31T19:00:00Z,109.460999,109.575996,109.445999,109.503998
2026-03-31T20:00:00Z,109.500999,109.587997,109.442001,109.499001
2026-03-31T21:00:00Z,109.490997,109.609001,109.327003,109.463997
2026-03-31T22:00:00Z,109.461998,109.598999,109.422997,109.522003
2026-03-31T23:00:00Z,109.530998,109.722000,109.480003,109.702003
2026-04-01T00:00:00Z,109.702003,109.992996,109.633003,109.952003
2026-04-01T01:00:00Z,109.953003,110.008003,109.695999,109.726997
2026-04-01T02:00:00Z,109.726997,109.811996,109.652000,109.658997
2026-04-01T03:00:00Z,109.658997,109.706001,109.482002,109.641998
2026-04-01T04:00:00Z,109.636002,109.710999,109.557999,109.566002
2026-04-01T05:00:00Z,109.565002,109.814003,109.509003,109.533997
2026-04-01T06:00:00Z,109.529999,109.922997,109.484001,109.908997
2026-04-01T07:00:00Z,109.903999,110.014000,109.723000,109.973000
2026-04-01T08:00:00Z,109.973000,110.193001,109.924004,110.028000
2026-04-01T09:00:00Z,110.026001,110.200996,109.967003,110.133003
2026-04-01T10:00:00Z,110.136002,110.206001,110.027000,110.036003
2026-04-01T11:00:00Z,110.036003,110.234001,110.015999,110.083000
2026-04-01T12:00:00Z,110.078003,110.217003,109.938004,109.987000
2026-04-01T13:00:00Z,109.989998,110.209999,109.922997,110.084000
2026-04-01T14:00:00Z,110.098000,110.155998,109.966003,109.997002
2026-04-01T15:00:00Z,109.997002,110.168999,109.935997,110.103996
2026-04-01T16:00:00Z,110.112000,110.167000,110.022003,110.094002
2026-04-01T17:00:00Z,110.098999,110.155998,109.966003,109.973000
2026-04-01T18:00:00Z,109.964996,110.002998,109.735001,109.823997
2026-04-01T19:00:00Z,109.828003,110.057999,109.811996,109.968002
2026-04-01T20:00:00Z,109.961998,110.036003,109.932999,109.956001
2026-04-01T21:00:00Z,109.956001,110.042999,109.716003,109.904999
2026-04-01T22:00:00Z,109.910004,109.981003,109.762001,109.792000
2026-04-01T23:00:00Z,109.808998,109.907997,109.779999,109.856003
2026-04-02T00:00:00Z,109.858002,109.995003,109.790001,109.949997
2026-04-02T01:00:00Z,109.945000,110.084999,109.510002,109.648003
2026-04-02T02:00:00Z,109.639999,109.820000,109.610001,109.776001
2026-04-02T03:00:00Z,109.779999,109.796997,109.655998,109.671997
2026-04-02T04:00:00Z,109.674004,109.691002,109.536003,109.588997
2026-04-02T05:00:00Z,109.584999,109.664001,109.446999,109.464996
2026-04-02T06:00:00Z,109.464996,109.587997,109.396004,109.556000
2026-04-02T07:00:00Z,109.556000,109.861000,109.547997,109.836998
2026-04-02T08:00:00Z,109.836998,109.865997,109.698997,109.750000
2026-04-02T09:00:00Z,109.746002,109.774002,109.652000,109.695999
2026-04-02T10:00:00Z,109.695999,109.718002,109.550003,109.577003
2026-04-02T11:00:00Z,109.571999,109.666000,109.552002,109.632004
2026-04-02T12:00:00Z,109.626999,109.896004,109.607002,109.822998
2026-04-02T13:00:00Z,109.822998,109.980003,109.750999,109.927002
2026-04-02T14:00:00Z,109.924004,110.178001,109.828003,110.125999
2026-04-02T15:00:00Z,110.134003,110.160004,110.005997,110.078003
2026-04-02T16:00:00Z,110.075996,110.239998,110.033997,110.188004
2026-04-02T17:00:00Z,110.180000,110.302002,110.164001,110.188004
2026-04-02T18:00:00Z,110.197998,110.273003,110.181000,110.211998
2026-04-02T19:00:00Z,110.212997,110.280998,110.163002,110.248001
2026-04-02T20:00:00Z,110.252998,110.301003,110.162003,110.167000
2026-04-02T21:00:00Z,110.140999,110.247002,110.032997,110.085999
2026-04-02T22:00:00Z,110.040001,110.268997,110.040001,110.224998
2026-04-02T23:00:00Z,110.223999,110.262001,110.202003,110.203003
2026-04-03T00:00:00Z,110.203003,110.321999,110.191002,110.308998
2026-04-03T01:00:00Z,110.308998,110.337997,110.260002,110.280998
2026-04-03T02:00:00Z,110.280998,110.311996,110.232002,110.281998
2026-04-03T03:00:00Z,110.288002,110.310997,110.196999,110.200996
2026-04-03T04:00:00Z,110.203003,110.244003,110.149002,110.233002
2026-04-03T05:00:00Z,110.226997,110.286003,110.180000,110.283997
2026-04-03T06:00:00Z,110.275002,110.310997,110.218002,110.286003
2026-04-03T07:00:00Z,110.286003,110.339996,110.224998,110.241997
2026-04-03T08:00:00Z,110.237000,110.266998,110.188004,110.260002
2026-04-03T09:00:00Z,110.257004,110.272003,110.184998,110.209000
2026-04-03T10:00:00Z,110.202003,110.242996,110.162003,110.208000
2026-04-03T11:00:00Z,110.208000,110.244003,110.169998,110.202003
2026-04-03T12:00:00Z,110.200996,110.282997,110.008003,110.113998
2026-04-03T13:00:00Z,110.121002,110.190002,110.052002,110.105003
2026-04-03T14:00:00Z,110.098999,110.120003,109.967003,109.996002
2026-04-03T15:00:00Z,109.996002,110.038002,109.945000,110.011002
2026-04-03T16:00:00Z,110.005997,110.064003,109.966003,109.990997
2026-04-03T17:00:00Z,109.985001,110.052002,109.941002,109.994003
2026-04-03T18:00:00Z,109.994003,110.023003,109.943001,109.973999
2026-04-03T19:00:00Z,109.961998,110.002998,109.851997,109.880997
2026-04-03T20:00:00Z,109.880997,110.124001,109.775002,109.998001
2026-04-03T21:00:00Z,110.098000,110.098000,110.025002,110.025002
2026-04-05T23:00:00Z,109.982002,110.046997,109.942001,110.002998
2026-04-06T00:00:00Z,110.005997,110.164001,109.992996,110.151001
2026-04-06T01:00:00Z,110.141998,110.165001,110.027000,110.099998
2026-04-06T02:00:00Z,110.093002,110.341003,110.092003,110.166000
2026-04-06T03:00:00Z,110.158997,110.205002,110.102997,110.189003
2026-04-06T04:00:00Z,110.181999,110.254997,110.165001,110.244003
2026-04-06T05:00:00Z,110.239998,110.296997,110.214996,110.217003
2026-04-06T06:00:00Z,110.216003,110.397003,110.190002,110.334000
2026-04-06T07:00:00Z,110.338997,110.521004,110.294998,110.435997
2026-04-06T08:00:00Z,110.443001,110.503998,110.386002,110.462997
2026-04-06T09:00:00Z,110.459000,110.549004,110.401001,110.411003
2026-04-06T10:00:00Z,110.403999,110.516998,110.379997,110.455002
2026-04-06T11:00:00Z,110.459000,110.586998,110.433998,110.541000
2026-04-06T12:00:00Z,110.541000,110.555000,110.413002,110.438004
2026-04-06T13:00:00Z,110.439003,110.551003,110.408997,110.514999
2026-04-06T14:00:00Z,110.517998,110.591003,110.336998,110.540001
2026-04-06T15:00:00Z,110.539001,110.558998,110.392998,110.483002
2026-04-06T16:00:00Z,110.474998,110.501999,110.390999,110.421997
2026-04-06T17:00:00Z,110.428001,110.507004,110.339996,110.462997
2026-04-06T18:00:00Z,110.462997,110.528999,110.432999,110.488998
2026-04-06T19:00:00Z,110.488998,110.526001,110.464996,110.487000
2026-04-06T20:00:00Z,110.492996,110.510002,110.421997,110.433998
2026-04-06T21:00:00Z,110.404999,110.490997,110.303001,110.403000
2026-04-06T22:00:00Z,110.445000,110.459999,110.389999,110.407997
2026-04-06T23:00:00Z,110.406998,110.488998,110.393997,110.444000
2026-04-07T00:00:00Z,110.444000,110.589996,110.416000,110.458000
2026-04-07T01:00:00Z,110.458000,110.564003,110.310997,110.348999
2026-04-07T02:00:00Z,110.350998,110.455002,110.297997,110.431000
2026-04-07T03:00:00Z,110.431000,110.521004,110.414001,110.468002
2026-04-07T04:00:00Z,110.461998,110.563004,110.410004,110.487999
2026-04-07T05:00:00Z,110.496002,110.518997,110.405998,110.495003
2026-04-07T06:00:00Z,110.495003,110.595001,110.483002,110.546997
2026-04-07T07:00:00Z,110.552002,110.574997,110.450996,110.550003
2026-04-07T08:00:00Z,110.555000,110.821999,110.509003,110.774002
2026-04-07T09:00:00Z,110.772003,110.823997,110.734001,110.794998
2026-04-07T10:00:00Z,110.794998,110.831001,110.596001,110.717003
2026-04-07T11:00:00Z,110.710999,110.864998,110.664001,110.861000
2026-04-07T12:00:00Z,110.852997,110.948997,110.772003,110.839996
2026-04-07T13:00:00Z,110.846001,110.887001,110.748001,110.776001
2026-04-07T14:00:00Z,110.780998,111.102997,110.734001,110.971001
2026-04-07T15:00:00Z,110.971001,111.065002,110.843002,111.014000
2026-04-07T16:00:00Z,111.014000,111.099998,110.952003,111.061996
2026-04-07T17:00:00Z,111.068001,111.158997,111.040001,111.108002
2026-04-07T18:00:00Z,111.108002,111.114998,111.008003,111.039001
2026-04-07T19:00:00Z,111.032997,111.287003,111.007004,111.230003
2026-04-07T20:00:00Z,111.236000,111.397003,111.209000,111.244003
2026-04-07T21:00:00Z,111.222000,111.415001,111.125000,111.223999
2026-04-07T22:00:00Z,111.200996,112.021004,111.186996,111.961998
2026-04-07T23:00:00Z,112.004997,112.343002,111.935997,112.307999
2026-04-08T00:00:00Z,112.314003,112.374001,111.821999,111.922997
2026-04-08T01:00:00Z,111.929001,112.054001,111.874001,111.891998
2026-04-08T02:00:00Z,111.891998,111.958000,111.717003,111.737000
2026-04-08T03:00:00Z,111.734001,111.760002,111.572998,111.747002
2026-04-08T04:00:00Z,111.739998,111.968002,111.718002,111.911003
2026-04-08T05:00:00Z,111.905998,112.049004,111.865997,111.921997
2026-04-08T06:00:00Z,111.917000,111.945999,111.776001,111.865997
2026-04-08T07:00:00Z,111.871002,111.873001,111.679001,111.710999
2026-04-08T08:00:00Z,111.708000,111.708000,111.427002,111.564003
2026-04-08T09:00:00Z,111.552002,111.597000,111.466003,111.492996
2026-04-08T10:00:00Z,111.492996,111.594002,111.469002,111.513000
2026-04-08T11:00:00Z,111.505997,111.667000,111.454002,111.630997
2026-04-08T12:00:00Z,111.625999,111.755997,111.498001,111.727997
2026-04-08T13:00:00Z,111.723000,111.814003,111.554001,111.670998
2026-04-08T14:00:00Z,111.666000,111.737999,111.573997,111.725998
2026-04-08T15:00:00Z,111.726997,111.849998,111.678001,111.832001
2026-04-08T16:00:00Z,111.825996,111.873001,111.720001,111.851997
2026-04-08T17:00:00Z,111.844002,111.882004,111.667000,111.748001
2026-04-08T18:00:00Z,111.749001,111.790001,111.599998,111.624001
2026-04-08T19:00:00Z,111.626999,111.816002,111.573997,111.806000
2026-04-08T20:00:00Z,111.815002,111.837997,111.603996,111.639999
2026-04-08T21:00:00Z,111.616997,111.821999,111.526001,111.660004
2026-04-08T22:00:00Z,111.660004,111.740997,111.636002,111.724998
2026-04-08T23:00:00Z,111.723999,111.752998,111.666000,111.667000
2026-04-09T00:00:00Z,111.669998,111.792000,111.561996,111.754997
2026-04-09T01:00:00Z,111.751999,111.782997,111.627998,111.716003
2026-04-09T02:00:00Z,111.716003,111.767998,111.654999,111.699997
2026-04-09T03:00:00Z,111.707001,111.797997,111.667999,111.763000
2026-04-09T04:00:00Z,111.755997,111.817001,111.731003,111.753998
2026-04-09T05:00:00Z,111.750000,111.832001,111.713997,111.734001
2026-04-09T06:00:00Z,111.742996,111.800003,111.702003,111.787003
2026-04-09T07:00:00Z,111.781998,111.804001,111.686996,111.737999
2026-04-09T08:00:00Z,111.731003,111.791000,111.680000,111.720001
2026-04-09T09:00:00Z,111.719002,111.818001,111.680000,111.808998
2026-04-09T10:00:00Z,111.801003,111.867996,111.775002,111.822998
2026-04-09T11:00:00Z,111.820999,111.948997,111.808998,111.946999
2026-04-09T12:00:00Z,111.944000,112.017998,111.889999,111.948997
2026-04-09T13:00:00Z,111.956001,112.192001,111.925003,112.166000
2026-04-09T14:00:00Z,112.167999,112.417000,112.153999,112.387001
2026-04-09T15:00:00Z,112.380997,112.598000,112.324997,112.565002
2026-04-09T16:00:00Z,112.551003,112.608002,112.456001,112.492996
2026-04-09T17:00:00Z,112.487000,112.596001,112.464996,112.557999
2026-04-09T18:00:00Z,112.558998,112.570000,112.449997,112.542000
2026-04-09T19:00:00Z,112.549004,112.719002,112.542000,112.713997
2026-04-09T20:00:00Z,112.714996,112.735001,112.469002,112.469002
2026-04-09T21:00:00Z,112.473999,112.671997,112.421997,112.568001
2026-04-09T22:00:00Z,112.558998,112.650002,112.511002,112.614998
2026-04-09T23:00:00Z,112.614998,112.639000,112.546997,112.556999
2026-04-10T00:00:00Z,112.556000,112.646004,112.530998,112.625999
2026-04-10T01:00:00Z,112.633003,112.676003,112.528999,112.533997
2026-04-10T02:00:00Z,112.524002,112.587997,112.478996,112.500999
2026-04-10T03:00:00Z,112.509003,112.547997,112.462997,112.505997
2026-04-10T04:00:00Z,112.503998,112.528999,112.456001,112.491997
2026-04-10T05:00:00Z,112.488998,112.607002,112.466003,112.601997
2026-04-10T06:00:00Z,112.603996,112.623001,112.453003,112.487999
2026-04-10T07:00:00Z,112.486000,112.528000,112.386002,112.411003
2026-04-10T08:00:00Z,112.406998,112.512001,112.385002,112.445999
2026-04-10T09:00:00Z,112.443001,112.568001,112.417000,112.545998
2026-04-10T10:00:00Z,112.540001,112.561996,112.492996,112.514999
2026-04-10T11:00:00Z,112.512001,112.572998,112.505997,112.558998
2026-04-10T12:00:00Z,112.557999,112.646004,112.428001,112.614998
2026-04-10T13:00:00Z,112.622002,112.763000,112.594002,112.647003
2026-04-10T14:00:00Z,112.655998,112.864998,112.606003,112.709999
2026-04-10T15:00:00Z,112.714996,112.748001,112.611000,112.672997
2026-04-10T16:00:00Z,112.672997,112.694000,112.570000,112.615997
2026-04-10T17:00:00Z,112.615997,112.710999,112.586998,112.679001
2026-04-10T18:00:00Z,112.679001,112.781998,112.635002,112.757004
2026-04-10T19:00:00Z,112.752998,112.769997,112.720001,112.738998
2026-04-10T20:00:00Z,112.734001,112.759003,112.316002,112.489998
2026-04-10T21:00:00Z,112.473000,112.473000,112.473000,112.473000
2026-04-12T23:00:00Z,112.181000,112.203003,112.012001,112.085999
2026-04-13T00:00:00Z,112.081001,112.401001,112.057999,112.323997
2026-04-13T01:00:00Z,112.331001,112.453003,112.255997,112.313004
2026-04-13T02:00:00Z,112.313004,112.411003,112.278000,112.377998
2026-04-13T03:00:00Z,112.376999,112.418999,112.324997,112.382004
2026-04-13T04:00:00Z,112.382004,112.475998,112.357002,112.387001
2026-04-13T05:00:00Z,112.386002,112.487000,112.365997,112.404999
2026-04-13T06:00:00Z,112.397003,112.486000,112.356003,112.476997
2026-04-13T07:00:00Z,112.484001,112.684998,112.475998,112.620003
2026-04-13T08:00:00Z,112.615997,112.668999,112.582001,112.622002
2026-04-13T09:00:00Z,112.632004,112.662003,112.522003,112.557999
2026-04-13T10:00:00Z,112.554001,112.598000,112.518997,112.575996
2026-04-13T11:00:00Z,112.580002,112.649002,112.402000,112.449997
2026-04-13T12:00:00Z,112.445999,112.530998,112.338997,112.511002
2026-04-13T13:00:00Z,112.518997,112.708000,112.504997,112.588997
2026-04-13T14:00:00Z,112.588997,112.802002,112.572998,112.737999
2026-04-13T15:00:00Z,112.735001,112.834999,112.699997,112.801003
2026-04-13T16:00:00Z,112.806999,112.969002,112.742996,112.966003
2026-04-13T17:00:00Z,112.958000,113.024002,112.931999,113.000000
2026-04-13T18:00:00Z,112.996002,113.123001,112.962997,113.112999
2026-04-13T19:00:00Z,113.112999,113.129997,113.046997,113.102997
2026-04-13T20:00:00Z,113.111000,113.162003,113.067001,113.088997
2026-04-13T21:00:00Z,113.091003,113.120003,112.948997,112.990997
2026-04-13T22:00:00Z,113.035004,113.195999,112.942001,113.148003
2026-04-13T23:00:00Z,113.151001,113.160004,112.990997,113.029999
2026-04-14T00:00:00Z,113.028999,113.044998,112.799004,112.843002
2026-04-14T01:00:00Z,112.849998,112.901001,112.688004,112.704002
2026-04-14T02:00:00Z,112.704002,112.806000,112.675003,112.699997
2026-04-14T03:00:00Z,112.699997,112.787003,112.675003,112.704002
2026-04-14T04:00:00Z,112.703003,112.811996,112.686996,112.716003
2026-04-14T05:00:00Z,112.723000,112.731003,112.608002,112.685997
2026-04-14T06:00:00Z,112.677002,112.905998,112.677002,112.878998
2026-04-14T07:00:00Z,112.883003,112.954002,112.828003,112.875000
2026-04-14T08:00:00Z,112.875000,113.073997,112.829002,112.998001
2026-04-14T09:00:00Z,112.998001,113.087997,112.877998,113.082001
2026-04-14T10:00:00Z,113.078003,113.132004,113.016998,113.061996
2026-04-14T11:00:00Z,113.064003,113.181000,113.043999,113.146004
2026-04-14T12:00:00Z,113.139000,113.267998,113.094002,113.255997
2026-04-14T13:00:00Z,113.262001,113.391998,113.241997,113.382004
2026-04-14T14:00:00Z,113.387001,113.413002,113.277000,113.377998
2026-04-14T15:00:00Z,113.380997,113.392998,113.285004,113.307999
2026-04-14T16:00:00Z,113.305000,113.330002,113.220001,113.230003
2026-04-14T17:00:00Z,113.236000,113.288002,113.203003,113.218002
2026-04-14T18:00:00Z,113.219002,113.223999,113.111000,113.183998
2026-04-14T19:00:00Z,113.176003,113.253998,113.172997,113.209000
2026-04-14T20:00:00Z,113.200996,113.230003,113.047997,113.047997
2026-04-14T21:00:00Z,112.968002,113.186996,112.961998,113.149002
2026-04-14T22:00:00Z,113.115997,113.226997,113.047997,113.223999
2026-04-14T23:00:00Z,113.211998,113.277000,113.183998,113.200996
2026-04-15T00:00:00Z,113.206001,113.241997,113.102997,113.162003
2026-04-15T01:00:00Z,113.167000,113.293999,113.157997,113.255997
2026-04-15T02:00:00Z,113.258003,113.404999,113.250999,113.380997
2026-04-15T03:00:00Z,113.379997,113.408997,113.315002,113.357002
2026-04-15T04:00:00Z,113.357002,113.415001,113.346001,113.396004
2026-04-15T05:00:00Z,113.403000,113.537003,113.393997,113.460999
2026-04-15T06:00:00Z,113.456001,113.540001,113.416000,113.490997
2026-04-15T07:00:00Z,113.487999,113.603996,113.447998,113.514000
2026-04-15T08:00:00Z,113.512001,113.531998,113.363998,113.417999
2026-04-15T09:00:00Z,113.415001,113.508003,113.334999,113.500000
2026-04-15T10:00:00Z,113.502998,113.537003,113.372002,113.461998
2026-04-15T11:00:00Z,113.459999,113.567001,113.432999,113.553001
2026-04-15T12:00:00Z,113.546997,113.597000,113.504997,113.575996
2026-04-15T13:00:00Z,113.577003,113.676003,113.565002,113.623001
2026-04-15T14:00:00Z,113.621002,113.835999,113.617996,113.768997
2026-04-15T15:00:00Z,113.768997,113.877998,113.734001,113.859001
2026-04-15T16:00:00Z,113.860001,113.924004,113.779999,113.849998
2026-04-15T17:00:00Z,113.858002,114.013000,113.846001,113.995003
2026-04-15T18:00:00Z,113.990997,114.096001,113.976997,114.086998
2026-04-15T19:00:00Z,114.085999,114.109001,114.028000,114.051003
2026-04-15T20:00:00Z,114.051003,114.051003,113.876999,113.961998
2026-04-15T21:00:00Z,113.934998,114.041000,113.802002,113.893997
2026-04-15T22:00:00Z,113.940002,113.995003,113.884003,113.948997
2026-04-15T23:00:00Z,113.949997,113.967003,113.889000,113.956001
2026-04-16T00:00:00Z,113.950996,113.958000,113.848999,113.906998
2026-04-16T01:00:00Z,113.901001,113.950996,113.749001,113.924004
2026-04-16T02:00:00Z,113.935997,114.149002,113.921997,113.958000
2026-04-16T03:00:00Z,113.958000,114.133003,113.814003,114.116997
2026-04-16T04:00:00Z,114.110001,114.193001,114.070999,114.095001
2026-04-16T05:00:00Z,114.086998,114.206001,114.022003,114.170998
2026-04-16T06:00:00Z,114.179001,114.204002,114.042000,114.139999
2026-04-16T07:00:00Z,114.136002,114.181999,114.075996,114.113998
2026-04-16T08:00:00Z,114.113998,114.132004,114.000999,114.059998
2026-04-16T09:00:00Z,114.053001,114.078003,113.957001,114.005997
2026-04-16T10:00:00Z,114.008003,114.033997,113.933998,113.966003
2026-04-16T11:00:00Z,113.964996,114.045998,113.945999,114.025002
2026-04-16T12:00:00Z,114.031998,114.140999,113.985001,114.111000
2026-04-16T13:00:00Z,114.111000,114.204002,114.045998,114.191002
2026-04-16T14:00:00Z,114.192001,114.245003,114.042999,114.070000
2026-04-16T15:00:00Z,114.071999,114.147003,114.022003,114.046997
2026-04-16T16:00:00Z,114.040001,114.101997,113.911003,113.947998
2026-04-16T17:00:00Z,113.950996,114.001999,113.897003,113.962997
2026-04-16T18:00:00Z,113.964996,114.002998,113.905998,113.954002
2026-04-16T19:00:00Z,113.957001,113.994003,113.935997,113.985001
2026-04-16T20:00:00Z,113.977997,114.025002,113.907997,113.929001
2026-04-16T21:00:00Z,113.929001,114.035004,113.805000,113.882004
2026-04-16T22:00:00Z,113.872002,113.987000,113.841003,113.966003
2026-04-16T23:00:00Z,113.956001,114.025002,113.952003,113.961998
2026-04-17T00:00:00Z,113.968002,114.117996,113.908997,114.092003
2026-04-17T01:00:00Z,114.089996,114.175003,114.047997,114.137001
2026-04-17T02:00:00Z,114.128998,114.192001,114.115997,114.139999
2026-04-17T03:00:00Z,114.144997,114.219002,114.127998,114.196999
2026-04-17T04:00:00Z,114.196999,114.324997,114.189003,114.307999
2026-04-17T05:00:00Z,114.307999,114.374001,114.282997,114.320000
2026-04-17T06:00:00Z,114.323997,114.334999,114.136002,114.151001
2026-04-17T07:00:00Z,114.153999,114.263000,114.098000,114.233002
2026-04-17T08:00:00Z,114.226997,114.307999,114.149002,114.250999
2026-04-17T09:00:00Z,114.249001,114.303001,114.035004,114.064003
2026-04-17T10:00:00Z,114.065002,114.168999,114.042999,114.132004
2026-04-17T11:00:00Z,114.127998,114.227997,114.071999,114.164001
2026-04-17T12:00:00Z,114.168999,114.318001,114.138000,114.228996
2026-04-17T13:00:00Z,114.230003,114.268997,114.026001,114.061996
2026-04-17T14:00:00Z,114.066002,114.079002,113.537003,113.669998
2026-04-17T15:00:00Z,113.676003,113.750000,113.491997,113.672997
2026-04-17T16:00:00Z,113.674004,113.721001,113.570000,113.601997
2026-04-17T17:00:00Z,113.595001,113.670998,113.552002,113.648003
2026-04-17T18:00:00Z,113.648003,113.680000,113.579002,113.651001
2026-04-17T19:00:00Z,113.641998,113.722000,113.625000,113.699997
2026-04-17T20:00:00Z,113.694000,113.739998,113.603996,113.680000
2026-04-17T21:00:00Z,113.736000,113.736000,113.703003,113.703003
2026-04-19T23:00:00Z,113.545998,113.643997,113.509003,113.546997
2026-04-20T00:00:00Z,113.547997,113.697998,113.524002,113.683998
2026-04-20T01:00:00Z,113.681999,113.722000,113.549004,113.558998
2026-04-20T02:00:00Z,113.557999,113.695000,113.542000,113.662003
2026-04-20T03:00:00Z,113.661003,113.708000,113.611000,113.664001
2026-04-20T04:00:00Z,113.656998,113.740997,113.630997,113.705002
2026-04-20T05:00:00Z,113.695999,113.746002,113.563004,113.600998
2026-04-20T06:00:00Z,113.599998,113.636002,113.539001,113.581001
2026-04-20T09:00:00Z,113.689003,113.755997,113.676003,113.747002
2026-04-20T10:00:00Z,113.747002,113.778999,113.703003,113.720001
2026-04-20T11:00:00Z,113.720001,113.778000,113.664001,113.741997
2026-04-20T12:00:00Z,113.745003,113.765999,113.709999,113.730003
2026-04-20T13:00:00Z,113.731003,113.746002,113.656998,113.721001
2026-04-20T14:00:00Z,113.721001,113.800003,113.649002,113.685997
2026-04-20T15:00:00Z,113.688004,113.831001,113.632004,113.831001
2026-04-20T16:00:00Z,113.821999,113.848999,113.767998,113.794998
2026-04-20T17:00:00Z,113.794998,113.894997,113.788002,113.893997
2026-04-20T18:00:00Z,113.889000,114.028999,113.873001,114.012001
2026-04-20T19:00:00Z,114.015999,114.042999,113.976997,114.029999
2026-04-20T20:00:00Z,114.030998,114.074997,113.908997,113.941002
2026-04-20T21:00:00Z,113.901001,113.974998,113.801003,113.863998
2026-04-20T22:00:00Z,113.901001,114.030998,113.845001,114.021004
2026-04-20T23:00:00Z,114.027000,114.042999,113.943001,113.949997
2026-04-21T00:00:00Z,113.956001,114.060997,113.922997,114.028999
2026-04-21T01:00:00Z,114.023003,114.154999,114.009003,114.049004
2026-04-21T02:00:00Z,114.038002,114.089996,113.957001,114.014999
2026-04-21T03:00:00Z,114.014999,114.031998,113.901001,113.935997
2026-04-21T04:00:00Z,113.934998,113.957001,113.907997,113.914001
2026-04-21T05:00:00Z,113.917000,113.967003,113.866997,113.867996
2026-04-21T06:00:00Z,113.866997,113.889000,113.741997,113.762001
2026-04-21T07:00:00Z,113.750000,113.850998,113.735001,113.737999
2026-04-21T08:00:00Z,113.738998,113.921997,113.683998,113.891998
2026-04-21T09:00:00Z,113.889999,113.915001,113.806999,113.858002
2026-04-21T10:00:00Z,113.851997,113.964996,113.846001,113.947998
2026-04-21T11:00:00Z,113.948997,114.037003,113.880997,113.959999
2026-04-21T12:00:00Z,113.947998,113.984001,113.872002,113.972000
2026-04-21T13:00:00Z,113.966003,114.148003,113.938004,114.138000
2026-04-21T14:00:00Z,114.139999,114.300003,114.112000,114.209000
2026-04-21T15:00:00Z,114.210999,114.261002,114.046997,114.163002
2026-04-21T16:00:00Z,114.169998,114.223000,114.011002,114.025002
2026-04-21T17:00:00Z,114.018997,114.043999,113.801003,113.948997
2026-04-21T18:00:00Z,113.948997,114.028999,113.896004,113.990997
2026-04-21T19:00:00Z,113.992996,114.049004,113.795998,113.882004
2026-04-21T20:00:00Z,113.886002,114.140999,113.874001,113.945000
2026-04-21T21:00:00Z,113.939003,114.028999,113.823997,113.972000
2026-04-21T22:00:00Z,113.950996,114.041000,113.927002,113.997002
2026-04-21T23:00:00Z,113.994003,114.093002,113.988998,114.050003
2026-04-22T00:00:00Z,114.038002,114.098000,114.013000,114.059998
2026-04-22T01:00:00Z,114.056999,114.071999,113.976997,114.005997
2026-04-22T02:00:00Z,113.999001,114.091003,113.999001,114.019997
2026-04-22T03:00:00Z,114.019997,114.130997,113.998001,114.042999
2026-04-22T04:00:00Z,114.042000,114.073997,114.007004,114.031998
2026-04-22T05:00:00Z,114.038002,114.183998,114.022003,114.155998
2026-04-22T06:00:00Z,114.163002,114.185997,114.059998,114.068001
2026-04-22T07:00:00Z,114.060997,114.164001,114.022003,114.134003
2026-04-22T08:00:00Z,114.140999,114.225998,114.111000,114.178001
2026-04-22T09:00:00Z,114.171997,114.220001,114.077003,114.116997
2026-04-22T10:00:00Z,114.116997,114.125000,114.012001,114.038002
2026-04-22T11:00:00Z,114.038002,114.054001,113.875000,113.897003
2026-04-22T12:00:00Z,113.904999,113.952003,113.838997,113.914001
2026-04-22T13:00:00Z,113.906998,114.067001,113.879997,114.046997
2026-04-22T14:00:00Z,114.046997,114.128998,114.012001,114.121002
2026-04-22T15:00:00Z,114.125000,114.239998,114.068001,114.206001
2026-04-22T16:00:00Z,114.206001,114.223999,114.125999,114.167000
2026-04-22T17:00:00Z,114.164001,114.257004,114.157997,114.168999
2026-04-22T18:00:00Z,114.168999,114.209000,114.123001,114.169998
2026-04-22T19:00:00Z,114.169998,114.223999,114.132004,114.209999
2026-04-22T20:00:00Z,114.209999,114.233002,114.112000,114.149002
2026-04-22T21:00:00Z,114.125000,114.172997,113.997002,114.083000
2026-04-22T22:00:00Z,114.091003,114.180000,114.091003,114.140999
2026-04-22T23:00:00Z,114.129997,114.172997,114.108002,114.141998
2026-04-23T00:00:00Z,114.143997,114.218002,113.934998,114.103996
2026-04-23T01:00:00Z,114.100998,114.116997,113.972000,114.045998
2026-04-23T02:00:00Z,114.051003,114.125000,113.958000,113.987999
2026-04-23T03:00:00Z,113.980003,114.015999,113.842003,113.903000
2026-04-23T04:00:00Z,113.906998,114.046997,113.885002,114.038002
2026-04-23T05:00:00Z,114.038002,114.140999,114.012001,114.128998
2026-04-23T06:00:00Z,114.120003,114.194000,114.091003,114.169998
2026-04-23T07:00:00Z,114.177002,114.230003,114.106003,114.223000
2026-04-23T08:00:00Z,114.217003,114.262001,114.168999,114.227997
2026-04-23T09:00:00Z,114.223000,114.231003,114.123001,114.149002
2026-04-23T10:00:00Z,114.152000,114.180000,113.907997,113.959000
2026-04-23T11:00:00Z,113.955002,114.112000,113.939003,114.070999
2026-04-23T12:00:00Z,114.079002,114.098000,113.913002,113.968002
2026-04-23T13:00:00Z,113.970001,114.099998,113.902000,114.028999
2026-04-23T14:00:00Z,114.028999,114.209000,113.959999,114.130997
2026-04-23T15:00:00Z,114.132004,114.155998,114.039001,114.070000
2026-04-23T16:00:00Z,114.067001,114.099998,114.023003,114.073997
2026-04-23T17:00:00Z,114.072998,114.102997,113.646004,113.943001
2026-04-23T18:00:00Z,113.935997,114.023003,113.872002,113.896004
2026-04-23T19:00:00Z,113.901001,113.924004,113.831001,113.900002
2026-04-23T20:00:00Z,113.903999,113.925003,113.741997,113.793999
2026-04-23T21:00:00Z,113.747002,113.914001,113.643997,113.810997
2026-04-23T22:00:00Z,113.765999,113.926003,113.726997,113.885002
2026-04-23T23:00:00Z,113.891998,113.950996,113.857002,113.870003
2026-04-24T00:00:00Z,113.869003,113.959000,113.842003,113.940002
2026-04-24T01:00:00Z,113.947998,113.999001,113.863998,113.932999
2026-04-24T02:00:00Z,113.928001,113.941002,113.740997,113.763000
2026-04-24T03:00:00Z,113.757004,113.806999,113.692001,113.733002
2026-04-24T04:00:00Z,113.737999,113.837997,113.693001,113.817001
2026-04-24T05:00:00Z,113.808998,113.889000,113.752998,113.839996
2026-04-24T06:00:00Z,113.833000,113.907997,113.676003,113.740997
2026-04-24T07:00:00Z,113.733002,113.900002,113.689003,113.879997
2026-04-24T08:00:00Z,113.871002,113.950996,113.794998,113.889000
2026-04-24T09:00:00Z,113.889000,113.922997,113.815002,113.877998
2026-04-24T10:00:00Z,113.872002,113.957001,113.858002,113.875999
2026-04-24T11:00:00Z,113.875000,113.958000,113.837997,113.867996
2026-04-24T12:00:00Z,113.869003,113.913002,113.788002,113.819000
2026-04-24T13:00:00Z,113.823997,113.866997,113.734001,113.846001
2026-04-24T14:00:00Z,113.819000,113.910004,113.749001,113.862000
2026-04-24T15:00:00Z,113.857002,113.998001,113.836998,113.960999
2026-04-24T16:00:00Z,113.956001,113.968002,113.883003,113.940002
2026-04-24T17:00:00Z,113.932999,113.999001,113.931000,113.942001
2026-04-24T18:00:00Z,113.940002,114.013000,113.928001,113.985001
2026-04-24T19:00:00Z,113.987000,114.025002,113.959000,113.984001
2026-04-24T20:00:00Z,113.984001,114.010002,113.801003,113.921997
2026-04-24T21:00:00Z,113.953003,113.953003,113.953003,113.953003
2026-04-26T23:00:00Z,113.981003,114.017998,113.966003,113.974998
2026-04-27T00:00:00Z,113.968002,114.143997,113.952003,114.137001
2026-04-27T01:00:00Z,114.139999,114.237000,114.117996,114.199997
2026-04-27T02:00:00Z,114.205002,114.282997,114.146004,114.240997
2026-04-27T03:00:00Z,114.240997,114.275002,114.205002,114.217003
2026-04-27T04:00:00Z,114.214996,114.225998,114.105003,114.135002
2026-04-27T05:00:00Z,114.141998,114.222000,114.120003,114.200996
2026-04-27T06:00:00Z,114.203003,114.219002,114.091003,114.110001
2026-04-27T07:00:00Z,114.101997,114.288002,114.092003,114.267998
2026-04-27T08:00:00Z,114.267998,114.410004,114.235001,114.392998
2026-04-27T09:00:00Z,114.393997,114.435997,114.333000,114.393997
2026-04-27T10:00:00Z,114.393997,114.439003,114.357002,114.375999
2026-04-27T11:00:00Z,114.374001,114.385002,114.315002,114.377998
2026-04-27T12:00:00Z,114.374001,114.511002,114.374001,114.443001
2026-04-27T13:00:00Z,114.449997,114.526001,114.379997,114.483002
2026-04-27T14:00:00Z,114.474998,114.564003,114.441002,114.519997
2026-04-27T15:00:00Z,114.514999,114.580002,114.446999,114.564003
2026-04-27T16:00:00Z,114.559998,114.611000,114.542999,114.583000
2026-04-27T17:00:00Z,114.584999,114.637001,114.543999,114.578003
2026-04-27T18:00:00Z,114.577003,114.612000,114.546997,114.578003
2026-04-27T19:00:00Z,114.573997,114.596001,114.531998,114.560997
2026-04-27T20:00:00Z,114.560997,114.569000,114.461998,114.531998
2026-04-27T21:00:00Z,114.543999,114.564003,114.388000,114.507004
2026-04-27T22:00:00Z,114.485001,114.588997,114.472000,114.557999
2026-04-27T23:00:00Z,114.555000,114.620003,114.531998,114.584999
2026-04-28T00:00:00Z,114.584000,114.714996,114.547997,114.667000
2026-04-28T01:00:00Z,114.682999,114.686996,114.489998,114.531998
2026-04-28T02:00:00Z,114.538002,114.546997,114.428001,114.488998
2026-04-28T03:00:00Z,114.478996,114.510002,114.198997,114.280998
2026-04-28T04:00:00Z,114.288002,114.302002,114.210999,114.255997
2026-04-28T05:00:00Z,114.250999,114.275002,114.153000,114.240997
2026-04-28T06:00:00Z,114.248001,114.260002,114.070999,114.160004
2026-04-28T07:00:00Z,114.153999,114.538002,114.142998,114.512001
2026-04-28T08:00:00Z,114.500999,114.586998,114.448997,114.463997
2026-04-28T09:00:00Z,114.471001,114.514999,114.357002,114.482002
2026-04-28T10:00:00Z,114.489998,114.498001,114.323997,114.364998
2026-04-28T11:00:00Z,114.357002,114.410004,114.250000,114.275002
2026-04-28T12:00:00Z,114.283997,114.331001,114.195000,114.248001
2026-04-28T13:00:00Z,114.248001,114.457001,114.221001,114.372002
2026-04-28T14:00:00Z,114.382004,114.523003,114.343002,114.474998
2026-04-28T15:00:00Z,114.480003,114.558998,114.433998,114.549004
2026-04-28T16:00:00Z,114.543999,114.584999,114.507004,114.575996
2026-04-28T17:00:00Z,114.569000,114.634003,114.533997,114.627998
2026-04-28T18:00:00Z,114.622002,114.675003,114.606003,114.657997
2026-04-28T19:00:00Z,114.656998,114.666000,114.611000,114.633003
2026-04-28T20:00:00Z,114.632004,114.646004,114.512001,114.597000
2026-04-28T21:00:00Z,114.599998,114.660004,114.417999,114.532997
2026-04-28T22:00:00Z,114.526001,114.648003,114.519997,114.607002
2026-04-28T23:00:00Z,114.605003,114.678001,114.580002,114.663002
2026-04-29T00:00:00Z,114.663002,114.709000,114.639999,114.651001
2026-04-29T01:00:00Z,114.649002,114.654999,114.387001,114.430000
2026-04-29T02:00:00Z,114.430000,114.525002,114.275002,114.285004
2026-04-29T03:00:00Z,114.285004,114.379997,114.283997,114.302002
2026-04-29T04:00:00Z,114.306999,114.374001,114.297997,114.344002
2026-04-29T05:00:00Z,114.342003,114.393997,114.320999,114.362999
2026-04-29T06:00:00Z,114.356003,114.389999,114.259003,114.304001
2026-04-29T07:00:00Z,114.309998,114.412003,114.257004,114.376999
2026-04-29T08:00:00Z,114.375999,114.389000,114.275002,114.329002
2026-04-29T09:00:00Z,114.329002,114.364998,114.250999,114.282997
2026-04-29T10:00:00Z,114.278999,114.401001,114.261002,114.374001
2026-04-29T11:00:00Z,114.365997,114.431000,114.348999,114.426003
2026-04-29T12:00:00Z,114.430000,114.547997,114.398003,114.467003
2026-04-29T13:00:00Z,114.461998,114.527000,114.128998,114.189003
2026-04-29T14:00:00Z,114.182999,114.365997,114.100998,114.334000
2026-04-29T15:00:00Z,114.334999,114.363998,114.114998,114.227997
2026-04-29T16:00:00Z,114.223000,114.319000,114.210999,114.247002
2026-04-29T17:00:00Z,114.248001,114.325996,114.195999,114.195999
2026-04-29T18:00:00Z,114.230003,114.286003,113.917999,114.069000
2026-04-29T19:00:00Z,114.065002,114.165001,113.977997,114.138000
2026-04-29T20:00:00Z,114.141998,114.210999,114.075996,114.089996
2026-04-29T21:00:00Z,114.046997,114.128998,113.922997,114.036003
2026-04-29T22:00:00Z,114.055000,114.178001,114.010002,114.120003
2026-04-29T23:00:00Z,114.124001,114.195000,114.107002,114.181999
2026-04-30T00:00:00Z,114.179001,114.228996,114.064003,114.150002
2026-04-30T01:00:00Z,114.150002,114.196999,114.079002,114.166000
2026-04-30T02:00:00Z,114.160004,114.282997,114.110001,114.261002
2026-04-30T03:00:00Z,114.250999,114.350998,114.248001,114.305000
2026-04-30T04:00:00Z,114.299004,114.320000,114.185997,114.223999
2026-04-30T05:00:00Z,114.223999,114.330002,114.207001,114.264999
2026-04-30T06:00:00Z,114.259003,114.348999,114.219002,114.320999
2026-04-30T07:00:00Z,114.324997,114.443001,113.914001,114.132004
2026-04-30T08:00:00Z,114.138000,114.248001,113.668999,113.762001
2026-04-30T09:00:00Z,113.767998,113.916000,113.595001,113.841003
2026-04-30T10:00:00Z,113.832001,113.863998,112.328003,112.472000
2026-04-30T11:00:00Z,112.466003,112.681999,111.297997,111.849998
2026-04-30T12:00:00Z,111.853996,112.275002,111.763000,112.119003
2026-04-30T13:00:00Z,112.105003,112.461998,111.766998,112.385002
2026-04-30T14:00:00Z,112.380997,112.692001,112.292000,112.617996
2026-04-30T15:00:00Z,112.611000,112.723999,112.515999,112.516998
2026-04-30T16:00:00Z,112.521004,112.551003,112.412003,112.450996
2026-04-30T17:00:00Z,112.445999,112.524002,112.403000,112.413002
2026-04-30T18:00:00Z,112.408997,112.613998,112.398003,112.581001
2026-04-30T19:00:00Z,112.586998,112.705002,112.559998,112.672997
2026-04-30T20:00:00Z,112.684998,112.792000,112.660004,112.723999
2026-04-30T21:00:00Z,112.724998,112.750000,112.516998,112.675003
2026-04-30T22:00:00Z,112.762001,112.836998,112.626999,112.777000
2026-04-30T23:00:00Z,112.780998,113.113998,112.777000,113.028999
2026-05-01T00:00:00Z,113.026001,113.241997,113.015999,113.097000
2026-05-01T01:00:00Z,113.098999,113.228996,113.056999,113.202003
2026-05-01T02:00:00Z,113.200996,113.236000,113.148003,113.194000
2026-05-01T03:00:00Z,113.197998,113.237000,113.041000,113.097000
2026-05-01T04:00:00Z,113.095001,113.107002,112.988998,113.063004
2026-05-01T05:00:00Z,113.061996,113.129997,113.032997,113.060997
2026-05-01T06:00:00Z,113.066002,113.126999,111.924004,112.216003
2026-05-01T07:00:00Z,112.349998,112.747002,112.144997,112.689003
2026-05-01T08:00:00Z,112.684998,112.723999,112.457001,112.570999
2026-05-01T09:00:00Z,112.574997,112.681999,112.473000,112.491997
2026-05-01T10:00:00Z,112.491997,112.599998,112.482002,112.584000
2026-05-01T11:00:00Z,112.578003,112.692001,112.567001,112.680000
2026-05-01T12:00:00Z,112.674004,112.797997,112.637001,112.778000
2026-05-01T13:00:00Z,112.775002,112.889000,112.654999,112.837997
2026-05-01T14:00:00Z,112.867996,113.087997,112.811996,113.030998
2026-05-01T15:00:00Z,113.027000,113.206001,113.015999,113.128998
2026-05-01T16:00:00Z,113.128998,113.188004,113.072998,113.171997
2026-05-01T17:00:00Z,113.164001,113.210999,113.120003,113.139000
2026-05-01T18:00:00Z,113.139000,113.212997,113.084000,113.184998
2026-05-01T19:00:00Z,113.193001,113.209999,113.148003,113.155998
2026-05-01T20:00:00Z,113.154999,113.169998,112.946999,113.059998
2026-05-01T21:00:00Z,113.165001,113.165001,113.165001,113.165001
2026-05-04T04:00:00Z,112.934998,112.998001,112.898003,112.963997
2026-05-04T05:00:00Z,112.957001,113.014999,112.781998,112.998001
2026-05-04T06:00:00Z,112.989998,113.060997,112.864998,112.946999
2026-05-04T07:00:00Z,112.944000,112.953003,112.740997,112.814003
2026-05-04T08:00:00Z,112.810997,112.962997,112.780998,112.910004
2026-05-04T09:00:00Z,112.912003,113.023003,112.908997,112.960999
2026-05-04T10:00:00Z,112.956001,112.974998,112.644997,112.871002
2026-05-04T11:00:00Z,112.871002,112.912003,112.764999,112.822998
2026-05-04T12:00:00Z,112.817001,112.986000,112.814003,112.938004
2026-05-04T13:00:00Z,112.931999,112.950996,112.785004,112.820999
2026-05-04T14:00:00Z,112.824997,112.940002,112.792000,112.853996
2026-05-04T15:00:00Z,112.849998,112.884003,112.611000,112.637001
2026-05-04T16:00:00Z,112.630997,112.664001,112.505997,112.560997
2026-05-04T17:00:00Z,112.563004,112.737999,112.556000,112.705002
2026-05-04T18:00:00Z,112.705002,112.763000,112.257004,112.405998
2026-05-04T19:00:00Z,112.402000,112.676003,112.388000,112.650002
2026-05-04T20:00:00Z,112.655998,112.695999,112.606003,112.656998
2026-05-04T21:00:00Z,112.649002,112.737000,112.542000,112.578003
2026-05-04T22:00:00Z,112.578003,112.705002,112.554001,112.680000
2026-05-04T23:00:00Z,112.679001,112.703003,112.646004,112.674004
2026-05-05T00:00:00Z,112.667999,112.740997,112.539001,112.552002
2026-05-05T01:00:00Z,112.552002,112.579002,112.475998,112.514000
2026-05-05T02:00:00Z,112.503998,112.635002,112.492996,112.561996
2026-05-05T03:00:00Z,112.569000,112.591003,112.475998,112.485001
2026-05-05T04:00:00Z,112.486000,112.765999,112.463997,112.473000
2026-05-05T05:00:00Z,112.477997,112.513000,112.188004,112.277000
2026-05-05T06:00:00Z,112.276001,112.417000,112.266998,112.315002
2026-05-05T07:00:00Z,112.306000,112.510002,112.295998,112.452003
2026-05-05T08:00:00Z,112.453003,112.657997,112.442001,112.570000
2026-05-05T09:00:00Z,112.563004,112.950996,112.511002,112.824997
2026-05-05T10:00:00Z,112.820999,113.000000,112.805000,112.969002
2026-05-05T11:00:00Z,112.968002,113.176003,112.953003,113.134003
2026-05-05T12:00:00Z,113.125000,113.265999,113.085999,113.195999
2026-05-05T13:00:00Z,113.194000,113.324997,113.191002,113.263000
2026-05-05T14:00:00Z,113.236000,113.384003,113.216003,113.345001
2026-05-05T15:00:00Z,113.338997,113.469002,113.303001,113.433998
2026-05-05T16:00:00Z,113.433998,113.445000,113.372002,113.400002
2026-05-05T17:00:00Z,113.392998,113.475998,113.392998,113.454002
2026-05-05T18:00:00Z,113.446999,113.512001,113.440002,113.474998
2026-05-05T19:00:00Z,113.473999,113.483002,113.366997,113.396004
2026-05-05T20:00:00Z,113.402000,113.426003,113.342003,113.370003
2026-05-05T21:00:00Z,113.366997,113.425003,113.227997,113.388000
2026-05-05T22:00:00Z,113.388000,113.513000,113.344002,113.485001
2026-05-05T23:00:00Z,113.501999,113.636002,113.435997,113.579002
2026-05-06T00:00:00Z,113.570000,113.845001,113.567001,113.839996
2026-05-06T01:00:00Z,113.832001,114.043999,113.822998,113.997002
2026-05-06T02:00:00Z,113.992996,114.161003,113.957001,114.158997
2026-05-06T03:00:00Z,114.154999,114.316002,114.088997,114.108002
2026-05-06T04:00:00Z,114.100998,114.198997,112.357002,112.959999
2026-05-06T05:00:00Z,112.960999,113.325996,112.846001,113.297997
2026-05-06T06:00:00Z,113.308998,113.363998,113.237999,113.362000
2026-05-06T07:00:00Z,113.353996,113.413002,112.742996,112.839996
2026-05-06T08:00:00Z,112.837997,113.322998,112.814003,113.246002
2026-05-06T09:00:00Z,113.245003,113.310997,113.149002,113.222000
2026-05-06T10:00:00Z,113.226997,113.296997,113.070999,113.208000
2026-05-06T11:00:00Z,113.205002,113.245003,113.111000,113.163002
2026-05-06T12:00:00Z,113.162003,113.181000,112.992996,113.105003
2026-05-06T13:00:00Z,113.114998,113.119003,112.912003,112.942001
2026-05-06T14:00:00Z,112.936996,113.175003,112.931999,113.140999
2026-05-06T15:00:00Z,113.142998,113.217003,113.071999,113.165001
2026-05-06T16:00:00Z,113.158997,113.181999,113.011002,113.038002
2026-05-06T17:00:00Z,113.041000,113.178001,113.022003,113.172997
2026-05-06T18:00:00Z,113.166000,113.206001,113.125000,113.193001
2026-05-06T19:00:00Z,113.189003,113.240997,113.177002,113.205002
2026-05-06T20:00:00Z,113.213997,113.231003,113.106003,113.107002
2026-05-06T21:00:00Z,113.084999,113.226997,112.948997,113.092003
2026-05-06T22:00:00Z,113.061996,113.185997,113.054001,113.148003
2026-05-06T23:00:00Z,113.151001,113.247002,113.102997,113.245003
2026-05-07T00:00:00Z,113.236000,113.275002,113.046997,113.100998
2026-05-07T01:00:00Z,113.100998,113.194000,113.008003,113.175003
2026-05-07T02:00:00Z,113.172997,113.250000,113.123001,113.233002
2026-05-07T03:00:00Z,113.224998,113.288002,113.170998,113.278000
2026-05-07T04:00:00Z,113.268997,113.362000,113.249001,113.320999
2026-05-07T05:00:00Z,113.310997,113.375999,113.282997,113.313004
2026-05-07T06:00:00Z,113.311996,113.369003,113.230003,113.309998
2026-05-07T07:00:00Z,113.309998,113.476997,113.265999,113.468002
2026-05-07T08:00:00Z,113.472000,113.509003,113.391998,113.469002
2026-05-07T09:00:00Z,113.473000,113.536003,113.435997,113.526001
2026-05-07T10:00:00Z,113.527000,113.583000,113.466003,113.474998
2026-05-07T11:00:00Z,113.472000,113.554001,113.404999,113.526001
2026-05-07T12:00:00Z,113.515999,113.530998,113.325996,113.348000
2026-05-07T13:00:00Z,113.342003,113.383003,113.267998,113.319000
2026-05-07T14:00:00Z,113.315002,113.444000,113.255997,113.406998
2026-05-07T15:00:00Z,113.403000,113.459999,113.274002,113.283997
2026-05-07T16:00:00Z,113.285004,113.401001,113.259003,113.380997
2026-05-07T17:00:00Z,113.371002,113.431999,113.280998,113.335999
2026-05-07T18:00:00Z,113.334000,113.375999,113.252998,113.316002
2026-05-07T19:00:00Z,113.316002,113.334000,113.167000,113.179001
2026-05-07T20:00:00Z,113.178001,113.294998,113.043999,113.047997
2026-05-07T21:00:00Z,113.002998,113.158997,112.856003,112.955002
2026-05-07T22:00:00Z,112.955002,113.092003,112.931000,113.014999
2026-05-07T23:00:00Z,113.000999,113.092003,112.998001,113.056000
2026-05-08T00:00:00Z,113.064003,113.163002,112.961998,113.139000
2026-05-08T01:00:00Z,113.128998,113.219002,113.102997,113.126999
2026-05-08T02:00:00Z,113.128998,113.194000,113.063004,113.117996
2026-05-08T03:00:00Z,113.117996,113.218002,113.105003,113.155998
2026-05-08T04:00:00Z,113.154999,113.297997,113.153999,113.252998
2026-05-08T05:00:00Z,113.247002,113.332001,113.213997,113.282997
2026-05-08T06:00:00Z,113.282997,113.347000,113.244003,113.327003
2026-05-08T07:00:00Z,113.324997,113.334999,113.239998,113.292999
2026-05-08T08:00:00Z,113.289001,113.365997,113.264999,113.360001
2026-05-08T09:00:00Z,113.364998,113.435997,113.296997,113.334000
2026-05-08T10:00:00Z,113.334000,113.485001,113.320000,113.440002
2026-05-08T11:00:00Z,113.444000,113.488998,113.366997,113.417999
2026-05-08T12:00:00Z,113.417999,113.502998,113.245003,113.376999
2026-05-08T13:00:00Z,113.376999,113.415001,113.264000,113.362000
2026-05-08T14:00:00Z,113.370003,113.485001,113.336998,113.452003
2026-05-08T15:00:00Z,113.448997,113.491997,113.351997,113.431999
2026-05-08T16:00:00Z,113.431000,113.496002,113.417999,113.454002
2026-05-08T17:00:00Z,113.454002,113.500000,113.447998,113.477997
2026-05-08T18:00:00Z,113.478996,113.523003,113.460999,113.480003
2026-05-08T19:00:00Z,113.473999,113.597000,113.473999,113.570000
2026-05-08T20:00:00Z,113.566002,113.595001,113.428001,113.486000
2026-05-08T21:00:00Z,113.545998,113.545998,113.545998,113.545998
2026-05-10T23:00:00Z,113.490997,113.557999,113.458000,113.473999
2026-05-11T00:00:00Z,113.475998,113.646004,113.461998,113.588997
2026-05-11T01:00:00Z,113.580002,113.635002,113.494003,113.627998
2026-05-11T02:00:00Z,113.627998,113.691002,113.593002,113.614998
2026-05-11T03:00:00Z,113.607002,113.647003,113.586998,113.602997
2026-05-11T04:00:00Z,113.602997,113.611000,113.513000,113.552002
2026-05-11T05:00:00Z,113.552002,113.623001,113.532997,113.595001
2026-05-11T06:00:00Z,113.594002,113.728996,113.570000,113.685997
2026-05-11T07:00:00Z,113.680000,113.765999,113.646004,113.762001
2026-05-11T08:00:00Z,113.757004,113.810997,113.668999,113.706001
2026-05-11T09:00:00Z,113.698997,113.761002,113.694000,113.718002
2026-05-11T10:00:00Z,113.718002,113.824997,113.691002,113.809998
2026-05-11T11:00:00Z,113.805000,113.857002,113.752998,113.804001
2026-05-11T12:00:00Z,113.797997,113.822998,113.703003,113.802002
2026-05-11T13:00:00Z,113.796997,113.954002,113.794998,113.916000
2026-05-11T14:00:00Z,113.912003,113.992996,113.862999,113.910004
2026-05-11T15:00:00Z,113.908997,113.996002,113.884003,113.975998
2026-05-11T16:00:00Z,113.970001,113.999001,113.874001,113.945000
2026-05-11T17:00:00Z,113.941002,113.985001,113.913002,113.944000
2026-05-11T18:00:00Z,113.938004,113.995003,113.934998,113.950996
2026-05-11T19:00:00Z,113.952003,114.003998,113.945000,113.982002
2026-05-11T20:00:00Z,113.985001,113.987000,113.889000,113.918999
2026-05-11T21:00:00Z,113.884003,113.974998,113.787003,113.878998
2026-05-11T22:00:00Z,113.877998,113.996002,113.852997,113.963997
2026-05-11T23:00:00Z,113.953003,113.997002,113.913002,113.932999
2026-05-12T00:00:00Z,113.925003,113.933998,113.820000,113.883003
2026-05-12T01:00:00Z,113.888000,113.959999,113.788002,113.917000
2026-05-12T02:00:00Z,113.917000,114.039001,113.902000,114.024002
2026-05-12T03:00:00Z,114.016998,114.027000,113.899002,113.931999
2026-05-12T04:00:00Z,113.932999,114.049004,113.930000,113.964996
2026-05-12T05:00:00Z,113.959999,114.046997,113.378998,113.733002
2026-05-12T06:00:00Z,113.733002,113.774002,113.550003,113.596001
2026-05-12T07:00:00Z,113.601997,113.736000,113.552002,113.674004
2026-05-12T08:00:00Z,113.669998,113.817001,113.634003,113.752998
2026-05-12T09:00:00Z,113.752998,113.861000,113.727997,113.806000
2026-05-12T10:00:00Z,113.813004,113.877998,113.777000,113.824997
2026-05-12T11:00:00Z,113.825996,113.916000,113.786003,113.897003
2026-05-12T12:00:00Z,113.900002,113.947998,113.755997,113.916000
2026-05-12T13:00:00Z,113.921997,113.941002,113.737999,113.786003
2026-05-12T14:00:00Z,113.778999,113.975998,113.772003,113.959999
2026-05-12T15:00:00Z,113.958000,113.990997,113.793999,113.899002
2026-05-12T16:00:00Z,113.899002,113.944000,113.799004,113.821999
2026-05-12T17:00:00Z,113.829002,113.943001,113.817001,113.932999
2026-05-12T18:00:00Z,113.939003,114.055000,113.907997,114.014999
2026-05-12T19:00:00Z,114.008003,114.108002,113.995003,114.108002
2026-05-12T20:00:00Z,114.101997,114.122002,114.054001,114.079002
2026-05-12T21:00:00Z,114.101997,114.130997,113.977997,114.011002
2026-05-12T22:00:00Z,114.044998,114.144997,113.978996,114.102997
2026-05-12T23:00:00Z,114.098000,114.148003,114.072998,114.102997
2026-05-13T00:00:00Z,114.110001,114.147003,114.058998,114.125999
2026-05-13T01:00:00Z,114.115997,114.228996,114.041000,114.194000
2026-05-13T02:00:00Z,114.197998,114.245003,114.111000,114.116997
2026-05-13T03:00:00Z,114.116997,114.125999,114.013000,114.081001
2026-05-13T04:00:00Z,114.081001,114.124001,114.053001,114.105003
2026-05-13T05:00:00Z,114.098999,114.192001,114.091003,114.153000
2026-05-13T06:00:00Z,114.160004,114.223999,114.097000,114.163002
2026-05-13T07:00:00Z,114.162003,114.204002,114.095001,114.172997
2026-05-13T08:00:00Z,114.172997,114.283997,114.129997,114.265999
2026-05-13T09:00:00Z,114.263000,114.352997,114.216003,114.342003
2026-05-13T10:00:00Z,114.344002,114.401001,114.274002,114.384003
2026-05-13T11:00:00Z,114.383003,114.430000,114.346001,114.374001
2026-05-13T12:00:00Z,114.373001,114.412003,114.214996,114.301003
2026-05-13T13:00:00Z,114.313004,114.386002,114.237999,114.328003
2026-05-13T14:00:00Z,114.335999,114.571999,114.309998,114.564003
2026-05-13T15:00:00Z,114.561996,114.736000,114.519997,114.614998
2026-05-13T16:00:00Z,114.614998,114.692001,114.595001,114.602997
2026-05-13T17:00:00Z,114.602997,114.664001,114.578003,114.598000
2026-05-13T18:00:00Z,114.597000,114.658997,114.508003,114.586998
2026-05-13T19:00:00Z,114.585999,114.613998,114.494003,114.504997
2026-05-13T20:00:00Z,114.500999,114.612999,114.464996,114.550003
2026-05-13T21:00:00Z,114.542999,114.613998,114.352997,114.503998
2026-05-13T22:00:00Z,114.448997,114.580002,114.448997,114.559998
2026-05-13T23:00:00Z,114.558998,114.571999,114.466003,114.503998
2026-05-14T00:00:00Z,114.504997,114.536003,114.385002,114.462997
2026-05-14T01:00:00Z,114.457001,114.482002,114.389000,114.415001
2026-05-14T02:00:00Z,114.415001,114.541000,114.389000,114.522003
2026-05-14T03:00:00Z,114.522003,114.580002,114.462997,114.550003
2026-05-14T04:00:00Z,114.550003,114.592003,114.261002,114.556000
2026-05-14T05:00:00Z,114.551003,114.658997,114.502998,114.568001
2026-05-14T06:00:00Z,114.568001,114.657997,114.545998,114.606003
2026-05-14T07:00:00Z,114.603996,114.620003,114.335999,114.360001
2026-05-14T08:00:00Z,114.359001,114.519997,114.353996,114.514000
2026-05-14T09:00:00Z,114.508003,114.540001,114.352997,114.425003
2026-05-14T10:00:00Z,114.425003,114.471001,114.313004,114.385002
2026-05-14T11:00:00Z,114.388000,114.412003,114.318001,114.350998
2026-05-14T12:00:00Z,114.352997,114.389999,114.281998,114.290001
2026-05-14T13:00:00Z,114.283997,114.309998,113.712997,114.017998
2026-05-14T14:00:00Z,114.013000,114.314003,113.989998,114.313004
2026-05-14T15:00:00Z,114.314003,114.319000,114.178001,114.202003
2026-05-14T16:00:00Z,114.200996,114.254997,114.138000,114.213997
2026-05-14T17:00:00Z,114.209000,114.310997,114.199997,114.268997
2026-05-14T18:00:00Z,114.268997,114.288002,114.184998,114.283997
2026-05-14T19:00:00Z,114.283997,114.350998,114.263000,114.333000
2026-05-14T20:00:00Z,114.325996,114.375999,114.277000,114.328003
2026-05-14T21:00:00Z,114.306000,114.371002,114.190002,114.301003
2026-05-14T22:00:00Z,114.273003,114.392998,114.238998,114.362000
2026-05-14T23:00:00Z,114.365997,114.402000,114.236000,114.252998
2026-05-15T00:00:00Z,114.255997,114.309998,114.120003,114.185997
2026-05-15T01:00:00Z,114.181999,114.198997,113.905998,113.942001
2026-05-15T02:00:00Z,113.940002,114.083000,113.917000,114.022003
2026-05-15T03:00:00Z,114.021004,114.059998,113.940002,114.000999
2026-05-15T04:00:00Z,114.009003,114.014000,113.825996,113.835999
2026-05-15T05:00:00Z,113.827003,113.842003,113.514000,113.538002
2026-05-15T06:00:00Z,113.542000,113.650002,113.426003,113.432999
2026-05-15T07:00:00Z,113.432999,113.654999,113.424004,113.557999
2026-05-15T08:00:00Z,113.553001,113.574997,113.386002,113.480003
2026-05-15T09:00:00Z,113.476997,113.489998,113.172997,113.292000
2026-05-15T10:00:00Z,113.288002,113.685997,113.280998,113.585999
2026-05-15T11:00:00Z,113.582001,113.612000,113.369003,113.412003
2026-05-15T12:00:00Z,113.406998,113.448997,113.264999,113.431000
2026-05-15T13:00:00Z,113.430000,113.494003,113.334999,113.417999
2026-05-15T14:00:00Z,113.413002,113.678001,113.392998,113.459999
2026-05-15T15:00:00Z,113.459999,113.505997,113.400002,113.469002
2026-05-15T16:00:00Z,113.473999,113.608002,113.445000,113.574997
2026-05-15T17:00:00Z,113.570999,113.644997,113.555000,113.626999
2026-05-15T18:00:00Z,113.625999,113.647003,113.463997,113.523003
2026-05-15T19:00:00Z,113.515999,113.530998,113.457001,113.514999
2026-05-15T20:00:00Z,113.518997,113.523003,113.351997,113.436996
2026-05-15T21:00:00Z,113.509003,113.509003,113.509003,113.509003
2026-05-17T23:00:00Z,113.522003,113.561996,113.232002,113.255997
2026-05-18T00:00:00Z,113.250999,113.292000,113.117996,113.236000
2026-05-18T01:00:00Z,113.227997,113.323997,113.166000,113.293999
2026-05-18T02:00:00Z,113.294998,113.333000,113.190002,113.223999
2026-05-18T03:00:00Z,113.217003,113.472000,113.217003,113.455002
2026-05-18T04:00:00Z,113.455002,113.504997,113.336998,113.379997
2026-05-18T05:00:00Z,113.373001,113.410004,113.292999,113.350998
2026-05-18T06:00:00Z,113.351997,113.594002,113.309998,113.585999
2026-05-18T07:00:00Z,113.585999,113.682999,113.529999,113.655998
2026-05-18T08:00:00Z,113.652000,113.779999,113.582001,113.685997
2026-05-18T09:00:00Z,113.684998,113.759003,113.660004,113.724998
2026-05-18T10:00:00Z,113.727997,113.744003,113.598000,113.608002
2026-05-18T11:00:00Z,113.607002,113.809998,113.580002,113.723000
2026-05-18T12:00:00Z,113.723000,113.977997,113.702003,113.910004
2026-05-18T13:00:00Z,113.907997,113.955002,113.773003,113.872002
2026-05-18T14:00:00Z,113.872002,113.878998,113.703003,113.709999
2026-05-18T15:00:00Z,113.704002,113.727997,113.570000,113.702003
2026-05-18T16:00:00Z,113.707001,113.870003,113.665001,113.821999
2026-05-18T17:00:00Z,113.821999,113.867996,113.788002,113.823997
2026-05-18T18:00:00Z,113.830002,113.836998,113.691002,113.712997
2026-05-18T19:00:00Z,113.716003,113.960999,113.698997,113.891998
2026-05-18T20:00:00Z,113.889999,113.907997,113.775002,113.810997
2026-05-18T21:00:00Z,113.761002,113.882004,113.598000,113.744003
2026-05-18T22:00:00Z,113.744003,113.928001,113.744003,113.913002
2026-05-18T23:00:00Z,113.914001,113.969002,113.888000,113.906998
2026-05-19T00:00:00Z,113.907997,113.947998,113.681999,113.702003
2026-05-19T01:00:00Z,113.702003,113.710999,113.489998,113.598000
2026-05-19T02:00:00Z,113.593002,113.598999,113.459999,113.527000
2026-05-19T03:00:00Z,113.522003,113.558998,113.434998,113.450996
2026-05-19T04:00:00Z,113.448997,113.456001,113.311996,113.351997
2026-05-19T05:00:00Z,113.347000,113.442001,113.282997,113.406998
2026-05-19T06:00:00Z,113.402000,113.510002,113.386002,113.477997
2026-05-19T07:00:00Z,113.484001,113.539001,113.317001,113.323997
2026-05-19T08:00:00Z,113.316002,113.327003,113.163002,113.262001
2026-05-19T09:00:00Z,113.261002,113.273003,113.129997,113.197998
2026-05-19T10:00:00Z,113.197998,113.297997,113.144997,113.219002
2026-05-19T11:00:00Z,113.214996,113.305000,113.209000,113.247002
2026-05-19T12:00:00Z,113.252998,113.327003,112.955002,113.174004
2026-05-19T13:00:00Z,113.167999,113.220001,112.931000,113.066002
2026-05-19T14:00:00Z,113.065002,113.123001,112.639000,112.693001
2026-05-19T15:00:00Z,112.692001,112.982002,112.628998,112.963997
2026-05-19T16:00:00Z,112.969002,112.988998,112.709999,112.931000
2026-05-19T17:00:00Z,112.940002,113.018997,112.922997,112.986000
2026-05-19T18:00:00Z,112.990997,113.086998,112.987000,113.022003
2026-05-19T19:00:00Z,113.024002,113.089996,113.016998,113.063004
2026-05-19T20:00:00Z,113.063004,113.084999,112.953003,113.012001
2026-05-19T21:00:00Z,113.000000,113.102997,112.945999,113.040001
2026-05-19T22:00:00Z,113.030998,113.092003,112.985001,113.050003
2026-05-19T23:00:00Z,113.051003,113.094002,112.978996,112.978996
2026-05-20T00:00:00Z,112.972000,112.987000,112.758003,112.760002
2026-05-20T01:00:00Z,112.758003,112.954002,112.721001,112.933998
2026-05-20T02:00:00Z,112.931000,112.980003,112.740997,112.768997
2026-05-20T03:00:00Z,112.769997,112.892998,112.734001,112.848000
2026-05-20T04:00:00Z,112.841003,112.927002,112.804001,112.864998
2026-05-20T05:00:00Z,112.873001,112.948997,112.817001,112.898003
2026-05-20T06:00:00Z,112.898003,113.028999,112.884003,112.946999
2026-05-20T07:00:00Z,112.947998,113.063004,112.928001,113.040001
2026-05-20T08:00:00Z,113.041000,113.184998,113.018997,113.103996
2026-05-20T09:00:00Z,113.099998,113.153999,113.057999,113.127998
2026-05-20T10:00:00Z,113.128998,113.299004,113.125999,113.278999
2026-05-20T11:00:00Z,113.283997,113.429001,113.261002,113.350998
2026-05-20T12:00:00Z,113.350998,113.410004,113.264000,113.285004
2026-05-20T13:00:00Z,113.285004,113.380997,113.220001,113.293999
2026-05-20T14:00:00Z,113.299004,113.650002,113.236000,113.643997
2026-05-20T15:00:00Z,113.639999,113.816002,113.554001,113.584999
2026-05-20T16:00:00Z,113.578003,113.702003,113.577003,113.632004
2026-05-20T17:00:00Z,113.633003,113.709999,113.613998,113.653000
2026-05-20T18:00:00Z,113.658997,113.730003,113.600998,113.697998
2026-05-20T19:00:00Z,113.697998,113.740997,113.678001,113.726997
2026-05-20T20:00:00Z,113.725998,113.726997,113.572998,113.586998
2026-05-20T21:00:00Z,113.563004,113.702003,113.489998,113.619003
2026-05-20T22:00:00Z,113.600998,113.661003,113.567001,113.599998
2026-05-20T23:00:00Z,113.599998,113.632004,113.569000,113.586998
2026-05-21T00:00:00Z,113.587997,113.610001,113.512001,113.552002
2026-05-21T01:00:00Z,113.552002,113.677002,112.985001,113.114998
2026-05-21T02:00:00Z,113.109001,113.188004,112.841003,112.983002
2026-05-21T03:00:00Z,112.978996,113.183998,112.977997,113.167999
2026-05-21T04:00:00Z,113.163002,113.357002,113.153000,113.318001
2026-05-21T05:00:00Z,113.316002,113.342003,113.153000,113.281998
2026-05-21T06:00:00Z,113.276001,113.342003,113.067001,113.138000
2026-05-21T07:00:00Z,113.142998,113.251999,113.049004,113.202003
2026-05-21T08:00:00Z,113.195000,113.473000,113.143997,113.376999
2026-05-21T09:00:00Z,113.382004,113.511002,113.365997,113.436996
2026-05-21T10:00:00Z,113.435997,113.500999,113.227997,113.366997
2026-05-21T11:00:00Z,113.366997,113.525002,113.362999,113.412003
2026-05-21T12:00:00Z,113.403000,113.498001,113.358002,113.402000
2026-05-21T13:00:00Z,113.401001,113.543999,113.339996,113.519997
2026-05-21T14:00:00Z,113.519997,113.613998,113.414001,113.580002
2026-05-21T15:00:00Z,113.577003,113.602997,113.431000,113.528999
2026-05-21T16:00:00Z,113.525002,113.611000,113.523003,113.571999
2026-05-21T17:00:00Z,113.571999,113.866997,113.553001,113.802002
2026-05-21T18:00:00Z,113.801003,113.839996,113.626999,113.697998
2026-05-21T19:00:00Z,113.697998,113.753998,113.654999,113.692001
2026-05-21T20:00:00Z,113.692001,113.710999,113.612000,113.620003
2026-05-21T21:00:00Z,113.616997,113.778999,113.522003,113.594002
2026-05-21T22:00:00Z,113.595001,113.722000,113.563004,113.695000
2026-05-21T23:00:00Z,113.698997,113.714996,113.635002,113.667999
2026-05-22T00:00:00Z,113.664001,113.674004,113.577003,113.611000
2026-05-22T01:00:00Z,113.606003,113.637001,113.522003,113.543999
2026-05-22T02:00:00Z,113.546997,113.607002,113.499001,113.542999
2026-05-22T03:00:00Z,113.539001,113.558998,113.463997,113.549004
2026-05-22T04:00:00Z,113.542999,113.585999,113.514000,113.582001
2026-05-22T05:00:00Z,113.578003,113.683998,113.563004,113.577003
2026-05-22T06:00:00Z,113.571999,113.607002,113.450996,113.533997
2026-05-22T07:00:00Z,113.532997,113.542999,113.414001,113.524002
2026-05-22T08:00:00Z,113.523003,113.635002,113.455002,113.480003
2026-05-22T09:00:00Z,113.481003,113.498001,113.369003,113.427002
2026-05-22T10:00:00Z,113.426003,113.467003,113.337997,113.374001
2026-05-22T11:00:00Z,113.374001,113.397003,113.295998,113.333000
2026-05-22T12:00:00Z,113.329002,113.492996,113.300003,113.448997
2026-05-22T13:00:00Z,113.441002,113.570000,113.346001,113.418999
2026-05-22T14:00:00Z,113.421997,113.432999,113.259003,113.388000
2026-05-22T15:00:00Z,113.391998,113.561996,113.370003,113.516998
2026-05-22T16:00:00Z,113.521004,113.591003,113.502998,113.569000
2026-05-22T17:00:00Z,113.568001,113.615997,113.527000,113.579002
2026-05-22T18:00:00Z,113.579002,113.610001,113.500000,113.591003
2026-05-22T19:00:00Z,113.580002,113.588997,113.487999,113.510002
2026-05-22T20:00:00Z,113.514000,113.518997,113.360001,113.371002
2026-05-22T21:00:00Z,113.450996,113.450996,113.450996,113.450996
2026-05-24T23:00:00Z,113.717003,113.806999,113.717003,113.761002
2026-05-25T00:00:00Z,113.757004,113.820000,113.692001,113.746002
2026-05-25T01:00:00Z,113.741997,113.877998,113.734001,113.850998
2026-05-25T02:00:00Z,113.846001,113.922997,113.787003,113.794998
2026-05-25T03:00:00Z,113.797997,113.822998,113.758003,113.774002
2026-05-25T04:00:00Z,113.774002,113.910004,113.772003,113.882004
2026-05-25T05:00:00Z,113.880997,113.921997,113.843002,113.867996
2026-05-25T06:00:00Z,113.872002,113.911003,113.846001,113.866997
2026-05-25T07:00:00Z,113.872002,113.882004,113.737000,113.825996
2026-05-25T08:00:00Z,113.828003,113.908997,113.799004,113.888000
2026-05-25T09:00:00Z,113.888000,113.942001,113.879997,113.901001
2026-05-25T10:00:00Z,113.894997,113.947998,113.885002,113.900002
2026-05-25T11:00:00Z,113.901001,114.007004,113.872002,113.945999
2026-05-25T12:00:00Z,113.950996,113.995003,113.911003,113.921997
2026-05-25T13:00:00Z,113.918999,113.973000,113.892998,113.922997
2026-05-25T14:00:00Z,113.917999,114.082001,113.917999,114.070000
2026-05-25T15:00:00Z,114.073997,114.120003,113.964996,113.973000
2026-05-25T16:00:00Z,113.969002,113.987999,113.932999,113.974998
2026-05-25T17:00:00Z,113.975998,114.035004,113.969002,114.010002
2026-05-25T18:00:00Z,114.009003,114.017998,113.989998,114.008003
2026-05-25T19:00:00Z,114.008003,114.042000,114.002998,114.024002
2026-05-25T20:00:00Z,114.024002,114.045998,113.928001,113.939003
2026-05-25T21:00:00Z,113.950996,114.028999,113.806999,113.915001
2026-05-25T22:00:00Z,113.911003,114.019997,113.845001,114.002998
2026-05-25T23:00:00Z,113.999001,114.046997,113.930000,113.932999
2026-05-26T00:00:00Z,113.938004,113.987999,113.886002,113.984001
2026-05-26T01:00:00Z,113.980003,114.010002,113.846001,113.898003
2026-05-26T02:00:00Z,113.900002,113.924004,113.855003,113.889999
2026-05-26T03:00:00Z,113.892998,113.980003,113.883003,113.969002
2026-05-26T04:00:00Z,113.970001,113.982002,113.836998,113.856003
2026-05-26T05:00:00Z,113.848999,113.870003,113.773003,113.848999
2026-05-26T06:00:00Z,113.849998,114.045998,113.834000,113.989998
2026-05-26T07:00:00Z,113.994003,114.046997,113.886002,114.038002
2026-05-26T08:00:00Z,114.040001,114.115997,113.994003,114.047997
2026-05-26T09:00:00Z,114.047997,114.065002,113.967003,114.014999
2026-05-26T10:00:00Z,114.015999,114.070000,113.967003,114.036003
2026-05-26T11:00:00Z,114.031998,114.091003,113.988998,114.050003
2026-05-26T12:00:00Z,114.043999,114.141998,114.018997,114.132004
2026-05-26T13:00:00Z,114.134003,114.280998,114.095001,114.178001
2026-05-26T14:00:00Z,114.181999,114.254997,114.111000,114.197998
2026-05-26T15:00:00Z,114.196999,114.203003,114.059998,114.105003
2026-05-26T16:00:00Z,114.111000,114.156998,114.087997,114.103996
2026-05-26T17:00:00Z,114.101997,114.153000,114.089996,114.133003
2026-05-26T18:00:00Z,114.139000,114.218002,114.125999,114.210999
2026-05-26T19:00:00Z,114.209999,114.233002,114.172997,114.206001
2026-05-26T20:00:00Z,114.209000,114.219002,114.103996,114.147003
2026-05-26T21:00:00Z,114.133003,114.257004,114.060997,114.093002
2026-05-26T22:00:00Z,114.096001,114.181000,114.082001,114.154999
2026-05-26T23:00:00Z,114.143997,114.223000,114.140999,114.191002
2026-05-27T00:00:00Z,114.183998,114.350998,114.129997,114.290001
2026-05-27T01:00:00Z,114.290001,114.307999,113.927002,113.976997
2026-05-27T02:00:00Z,113.992996,114.107002,113.927002,114.027000
2026-05-27T03:00:00Z,114.027000,114.099998,113.953003,113.981003
2026-05-27T04:00:00Z,113.983002,114.071999,113.948997,114.028999
2026-05-27T05:00:00Z,114.029999,114.070000,113.976997,114.002998
2026-05-27T06:00:00Z,114.002998,114.026001,113.867996,113.878998
2026-05-27T07:00:00Z,113.874001,113.931000,113.721001,113.747002
2026-05-27T08:00:00Z,113.747002,113.836998,113.706001,113.824997
2026-05-27T09:00:00Z,113.829002,113.860001,113.783997,113.811996
2026-05-27T10:00:00Z,113.818001,113.856003,113.669998,113.696999
2026-05-27T11:00:00Z,113.702003,113.737000,113.647003,113.710999
2026-05-27T12:00:00Z,113.710999,113.889999,113.581001,113.723000
2026-05-27T13:00:00Z,113.719002,113.795998,113.675003,113.760002
2026-05-27T14:00:00Z,113.753998,113.830002,113.636002,113.683998
2026-05-27T15:00:00Z,113.678001,113.831001,113.675003,113.786003
2026-05-27T16:00:00Z,113.786003,113.889000,113.750999,113.864998
2026-05-27T17:00:00Z,113.865997,113.875999,113.778000,113.822998
2026-05-27T18:00:00Z,113.821999,113.884003,113.797997,113.871002
2026-05-27T19:00:00Z,113.865997,113.939003,113.855003,113.936996
2026-05-27T20:00:00Z,113.938004,113.946999,113.818001,113.834000
2026-05-27T21:00:00Z,113.834000,113.903000,113.723999,113.758003
2026-05-27T22:00:00Z,113.808998,113.926003,113.750000,113.911003
2026-05-27T23:00:00Z,113.906998,113.958000,113.806999,113.815002
2026-05-28T00:00:00Z,113.818001,113.847000,113.737000,113.788002
2026-05-28T01:00:00Z,113.787003,113.813004,113.591003,113.611000
2026-05-28T02:00:00Z,113.612000,113.686996,113.594002,113.667999
2026-05-28T03:00:00Z,113.667999,113.723999,113.333000,113.351997
2026-05-28T04:00:00Z,113.350998,113.385002,113.264999,113.364998
2026-05-28T05:00:00Z,113.362000,113.600998,113.319000,113.540001
2026-05-28T06:00:00Z,113.543999,113.670998,113.535004,113.555000
2026-05-28T07:00:00Z,113.555000,113.657997,113.535004,113.579002
2026-05-28T08:00:00Z,113.577003,113.597000,113.470001,113.485001
2026-05-28T09:00:00Z,113.485001,113.556000,113.472000,113.503998
2026-05-28T10:00:00Z,113.503998,113.539001,113.337997,113.406998
2026-05-28T11:00:00Z,113.406998,113.516998,113.401001,113.500999
2026-05-28T12:00:00Z,113.504997,113.660004,113.432999,113.657997
2026-05-28T13:00:00Z,113.655998,113.699997,113.584000,113.643997
2026-05-28T14:00:00Z,113.642998,113.931999,113.619003,113.813004
2026-05-28T15:00:00Z,113.813004,114.042999,113.813004,114.013000
2026-05-28T16:00:00Z,114.017998,114.112999,114.011002,114.086998
2026-05-28T17:00:00Z,114.083000,114.100998,114.050003,114.065002
2026-05-28T18:00:00Z,114.067001,114.098000,114.042000,114.070000
2026-05-28T19:00:00Z,114.070000,114.103996,114.037003,114.049004
2026-05-28T20:00:00Z,114.046997,114.075996,113.990997,114.028000
2026-05-28T21:00:00Z,114.035004,114.074997,113.891998,114.042999
2026-05-28T22:00:00Z,114.039001,114.101997,113.963997,114.058998
2026-05-28T23:00:00Z,114.070000,114.113998,114.024002,114.082001
2026-05-29T00:00:00Z,114.082001,114.148003,114.024002,114.045998
2026-05-29T01:00:00Z,114.045998,114.123001,114.004997,114.081001
2026-05-29T02:00:00Z,114.077003,114.094002,113.992996,114.024002
2026-05-29T03:00:00Z,114.019997,114.047997,113.982002,114.003998
2026-05-29T04:00:00Z,114.004997,114.120003,114.001999,114.107002
2026-05-29T05:00:00Z,114.107002,114.174004,114.082001,114.116997
2026-05-29T06:00:00Z,114.112000,114.184998,113.988998,114.000999
2026-05-29T07:00:00Z,114.005997,114.067001,113.924004,114.042999
2026-05-29T08:00:00Z,114.046997,114.046997,113.878998,113.941002
2026-05-29T09:00:00Z,113.933998,113.987000,113.897003,113.980003
2026-05-29T10:00:00Z,113.986000,114.022003,113.942001,114.012001
2026-05-29T11:00:00Z,114.007004,114.183998,114.000999,114.175003
2026-05-29T12:00:00Z,114.180000,114.333000,114.148003,114.328003
2026-05-29T13:00:00Z,114.325996,114.528000,114.309998,114.496002
2026-05-29T14:00:00Z,114.498001,114.583000,114.341003,114.524002
2026-05-29T15:00:00Z,114.522003,114.577003,114.441002,114.481003
2026-05-29T16:00:00Z,114.478996,114.494003,114.407997,114.438004
2026-05-29T17:00:00Z,114.438004,114.454002,114.383003,114.391998
2026-05-29T18:00:00Z,114.391998,114.449997,114.375000,114.384003
2026-05-29T19:00:00Z,114.378998,114.491997,114.364998,114.457001
2026-05-29T20:00:00Z,114.456001,114.464996,114.297997,114.357002
2026-05-29T21:00:00Z,114.407997,114.407997,114.407997,114.407997
2026-05-31T23:00:00Z,114.414001,114.487000,114.399002,114.415001
2026-06-01T00:00:00Z,114.415001,114.570999,114.398003,114.542000
2026-06-01T01:00:00Z,114.546997,114.609001,114.537003,114.596001
2026-06-01T02:00:00Z,114.589996,114.630997,114.539001,114.563004
2026-06-01T03:00:00Z,114.561996,114.580002,114.429001,114.507004
2026-06-01T04:00:00Z,114.501999,114.589996,114.500999,114.575996
2026-06-01T05:00:00Z,114.571999,114.653999,114.556999,114.596001
2026-06-01T06:00:00Z,114.592003,114.639000,114.463997,114.492996
2026-06-01T07:00:00Z,114.495003,114.563004,114.445999,114.486000
2026-06-01T08:00:00Z,114.487000,114.551003,114.471001,114.545998
2026-06-01T09:00:00Z,114.542999,114.581001,114.435997,114.470001
2026-06-01T10:00:00Z,114.463997,114.480003,114.399002,114.419998
2026-06-01T11:00:00Z,114.419998,114.445999,114.370003,114.393997
2026-06-01T12:00:00Z,114.393997,114.419998,114.305000,114.346001
2026-06-01T13:00:00Z,114.339996,114.362000,113.966003,113.966003
2026-06-01T14:00:00Z,114.013000,114.085999,113.941002,114.066002
2026-06-01T15:00:00Z,114.065002,114.274002,114.050003,114.189003
2026-06-01T16:00:00Z,114.188004,114.292999,114.141998,114.275002
2026-06-01T17:00:00Z,114.277000,114.444000,114.249001,114.400002
2026-06-01T18:00:00Z,114.400002,114.425003,114.349998,114.418999
2026-06-01T19:00:00Z,114.415001,114.421997,114.343002,114.360001
2026-06-01T20:00:00Z,114.361000,114.375000,114.221001,114.221001
2026-06-01T21:00:00Z,114.198997,114.411003,114.182999,114.292999
2026-06-01T22:00:00Z,114.292999,114.356003,114.250999,114.323997
2026-06-01T23:00:00Z,114.333000,114.375999,114.307999,114.369003
2026-06-02T00:00:00Z,114.369003,114.420998,114.276001,114.300003
2026-06-02T01:00:00Z,114.303001,114.433998,114.231003,114.254997
2026-06-02T02:00:00Z,114.254997,114.355003,114.231003,114.324997
2026-06-02T03:00:00Z,114.324997,114.358002,114.264000,114.350998
2026-06-02T04:00:00Z,114.351997,114.403999,114.324997,114.394997
2026-06-02T05:00:00Z,114.394997,114.462997,114.379997,114.393997
2026-06-02T06:00:00Z,114.391998,114.666000,114.391998,114.628998
2026-06-02T07:00:00Z,114.623001,114.734001,114.612999,114.679001
2026-06-02T08:00:00Z,114.679001,114.762001,114.652000,114.681999
2026-06-02T09:00:00Z,114.681000,114.739998,114.616997,114.736000
2026-06-02T10:00:00Z,114.734001,114.755997,114.672997,114.725998
2026-06-02T11:00:00Z,114.733002,114.754997,114.682999,114.709999
2026-06-02T12:00:00Z,114.709999,114.737999,114.649002,114.669998
2026-06-02T13:00:00Z,114.675003,114.709999,114.610001,114.634003
2026-06-02T14:00:00Z,114.662003,114.862000,114.519997,114.859001
2026-06-02T15:00:00Z,114.853996,114.915001,114.806000,114.864998
2026-06-02T16:00:00Z,114.863998,114.904999,114.776001,114.792999
2026-06-02T17:00:00Z,114.792999,114.810997,114.723000,114.736000
2026-06-02T18:00:00Z,114.736000,114.804001,114.722000,114.789001
2026-06-02T19:00:00Z,114.789001,114.864998,114.788002,114.851997
2026-06-02T20:00:00Z,114.856003,114.869003,114.744003,114.769997
2026-06-02T21:00:00Z,114.764999,114.831001,114.658997,114.792000
2026-06-02T22:00:00Z,114.775002,114.825996,114.700996,114.814003
2026-06-02T23:00:00Z,114.801003,114.820999,114.727997,114.754997
2026-06-03T00:00:00Z,114.753998,114.859001,114.739998,114.848000
2026-06-03T01:00:00Z,114.847000,114.853996,114.635002,114.726997
2026-06-03T02:00:00Z,114.727997,114.774002,114.617996,114.683998
2026-06-03T03:00:00Z,114.683998,114.719002,114.633003,114.655998
2026-06-03T04:00:00Z,114.655998,114.688004,114.592003,114.615997
2026-06-03T05:00:00Z,114.617996,114.660004,114.526001,114.551003
2026-06-03T06:00:00Z,114.550003,114.583000,114.389999,114.535004
2026-06-03T07:00:00Z,114.541000,114.615997,114.356003,114.432999
2026-06-03T08:00:00Z,114.429001,114.476997,114.196999,114.391998
2026-06-03T09:00:00Z,114.389999,114.545998,114.389000,114.461998
2026-06-03T10:00:00Z,114.460999,114.626999,114.446999,114.533997
2026-06-03T11:00:00Z,114.532997,114.581001,114.510002,114.530998
2026-06-03T12:00:00Z,114.528999,114.545998,114.334999,114.385002
2026-06-03T13:00:00Z,114.380997,114.413002,114.161003,114.214996
2026-06-03T14:00:00Z,114.212997,114.345001,114.152000,114.308998
2026-06-03T15:00:00Z,114.315002,114.325996,114.164001,114.190002
2026-06-03T16:00:00Z,114.182999,114.191002,114.088997,114.151001
2026-06-03T17:00:00Z,114.148003,114.184998,114.084999,114.147003
2026-06-03T18:00:00Z,114.147003,114.164001,114.098000,114.111000
2026-06-03T19:00:00Z,114.111000,114.143997,114.082001,114.125000
2026-06-03T20:00:00Z,114.132004,114.137001,114.042999,114.058998
2026-06-03T21:00:00Z,114.053001,114.177002,113.958000,114.011002
2026-06-03T22:00:00Z,114.011002,114.138000,113.994003,114.127998
2026-06-03T23:00:00Z,114.102997,114.117996,113.983002,114.095001
2026-06-04T00:00:00Z,114.096001,114.127998,114.004997,114.012001
2026-06-04T01:00:00Z,114.012001,114.093002,113.931999,114.000999
2026-06-04T02:00:00Z,114.000999,114.011002,113.877998,113.952003
2026-06-04T03:00:00Z,113.954002,114.018997,113.914001,114.010002
2026-06-04T04:00:00Z,114.015999,114.051003,113.815002,113.960999
2026-06-04T05:00:00Z,113.960999,114.003998,113.899002,113.982002
2026-06-04T06:00:00Z,113.984001,114.096001,113.966003,114.081001
2026-06-04T07:00:00Z,114.084999,114.110001,113.954002,114.005997
2026-06-04T08:00:00Z,114.009003,114.047997,113.940002,113.989998
2026-06-04T09:00:00Z,113.995003,114.079002,113.954002,114.028000
2026-06-04T10:00:00Z,114.028000,114.119003,114.010002,114.054001
2026-06-04T11:00:00Z,114.053001,114.198997,114.046997,114.170998
2026-06-04T12:00:00Z,114.168999,114.206001,114.029999,114.147003
2026-06-04T13:00:00Z,114.149002,114.247002,114.133003,114.214996
2026-06-04T14:00:00Z,114.210999,114.235001,114.125999,114.216003
2026-06-04T15:00:00Z,114.216003,114.251999,114.164001,114.233002
2026-06-04T16:00:00Z,114.231003,114.252998,114.192001,114.203003
2026-06-04T17:00:00Z,114.208000,114.233002,114.183998,114.209000
2026-06-04T18:00:00Z,114.205002,114.224998,114.168999,114.191002
2026-06-04T19:00:00Z,114.185997,114.204002,114.144997,114.168999
2026-06-04T20:00:00Z,114.167000,114.178001,114.078003,114.095001
2026-06-04T21:00:00Z,114.114998,114.233002,114.002998,114.043999
2026-06-04T22:00:00Z,114.027000,114.152000,114.019997,114.123001
2026-06-04T23:00:00Z,114.124001,114.165001,114.044998,114.075996
2026-06-05T00:00:00Z,114.072998,114.075996,113.925003,113.934998
2026-06-05T01:00:00Z,113.930000,113.945000,113.639999,113.866997
2026-06-05T02:00:00Z,113.863998,114.012001,113.834999,113.978996
2026-06-05T03:00:00Z,113.974998,114.026001,113.892998,113.912003
2026-06-05T04:00:00Z,113.911003,114.042999,113.903999,113.999001
2026-06-05T05:00:00Z,113.999001,114.019997,113.846001,113.869003
2026-06-05T06:00:00Z,113.875000,113.973000,113.806000,113.944000
2026-06-05T07:00:00Z,113.942001,114.098000,113.932999,114.035004
2026-06-05T08:00:00Z,114.038002,114.146004,114.027000,114.039001
2026-06-05T09:00:00Z,114.038002,114.186996,114.028999,114.153000
2026-06-05T10:00:00Z,114.153999,114.226997,114.141998,114.181000
2026-06-05T11:00:00Z,114.181000,114.222000,114.123001,114.148003
2026-06-05T12:00:00Z,114.150002,114.172997,113.775002,113.782997
2026-06-05T13:00:00Z,113.782997,113.822998,113.386002,113.396004
2026-06-05T14:00:00Z,113.394997,113.476997,113.195999,113.473000
2026-06-05T15:00:00Z,113.475998,113.487999,113.042999,113.105003
2026-06-05T16:00:00Z,113.105003,113.153000,112.989998,113.149002
2026-06-05T17:00:00Z,113.151001,113.168999,113.033997,113.092003
2026-06-05T18:00:00Z,113.087997,113.096001,112.759003,112.796997
2026-06-05T19:00:00Z,112.792999,112.887001,112.740997,112.835999
2026-06-05T20:00:00Z,112.839996,112.919998,112.739998,112.901001
2026-06-05T21:00:00Z,112.970001,112.970001,112.970001,112.970001
2026-06-07T23:00:00Z,112.735001,112.926003,112.735001,112.912003
2026-06-08T00:00:00Z,112.915001,113.167000,112.875999,113.160004
2026-06-08T01:00:00Z,113.157997,113.205002,112.801003,113.036003
2026-06-08T02:00:00Z,113.033997,113.109001,112.921997,113.075996
2026-06-08T03:00:00Z,113.071999,113.108002,112.973999,113.032997
2026-06-08T04:00:00Z,113.032997,113.079002,112.936996,112.952003
2026-06-08T05:00:00Z,112.950996,113.056999,112.742996,112.768997
2026-06-08T06:00:00Z,112.767998,112.948997,112.760002,112.862999
2026-06-08T07:00:00Z,112.863998,113.114998,112.839996,112.925003
2026-06-08T08:00:00Z,112.925003,112.992996,112.607002,112.778999
2026-06-08T09:00:00Z,112.778000,112.853996,112.627998,112.833000
2026-06-08T10:00:00Z,112.834000,112.980003,112.791000,112.931999
2026-06-08T11:00:00Z,112.927002,113.186996,112.900002,113.087997
2026-06-08T12:00:00Z,113.089996,113.186996,113.029999,113.095001
2026-06-08T13:00:00Z,113.091003,113.155998,112.918999,112.932999
2026-06-08T14:00:00Z,112.935997,113.023003,112.843002,112.985001
2026-06-08T15:00:00Z,112.985001,113.064003,112.889999,112.936996
2026-06-08T16:00:00Z,112.935997,112.976997,112.888000,112.922997
2026-06-08T17:00:00Z,112.922997,112.930000,112.835999,112.894997
2026-06-08T18:00:00Z,112.894997,112.969002,112.876999,112.901001
2026-06-08T19:00:00Z,112.894997,112.915001,112.844002,112.867996
2026-06-08T20:00:00Z,112.874001,112.886002,112.790001,112.790001
2026-06-08T21:00:00Z,112.763000,112.860001,112.693001,112.794998
2026-06-08T22:00:00Z,112.794998,112.844002,112.750999,112.831001
2026-06-08T23:00:00Z,112.830002,112.852997,112.723000,112.746002
2026-06-09T00:00:00Z,112.745003,112.866997,112.642998,112.851997
2026-06-09T01:00:00Z,112.853996,113.057999,112.838997,113.055000
2026-06-09T02:00:00Z,113.054001,113.080002,112.882004,112.926003
2026-06-09T03:00:00Z,112.925003,112.943001,112.808998,112.897003
2026-06-09T04:00:00Z,112.896004,113.056000,112.858002,113.019997
2026-06-09T05:00:00Z,113.018997,113.063004,112.927002,113.014999
2026-06-09T06:00:00Z,113.017998,113.181000,112.995003,113.061996
2026-06-09T07:00:00Z,113.061996,113.091003,112.933998,112.953003
2026-06-09T08:00:00Z,112.953003,113.023003,112.887001,112.957001
2026-06-09T09:00:00Z,112.952003,113.014999,112.901001,112.929001
2026-06-09T10:00:00Z,112.929001,113.047997,112.886002,113.017998
2026-06-09T11:00:00Z,113.016998,113.092003,113.001999,113.074997
2026-06-09T12:00:00Z,113.075996,113.122002,113.045998,113.093002
2026-06-09T13:00:00Z,113.091003,113.134003,112.876999,112.931999
2026-06-09T14:00:00Z,112.932999,113.041000,112.669998,112.832001
2026-06-09T15:00:00Z,112.831001,112.907997,112.553001,112.598000
2026-06-09T16:00:00Z,112.585999,112.660004,112.384003,112.535004
2026-06-09T17:00:00Z,112.533997,112.727997,112.519997,112.710999
2026-06-09T18:00:00Z,112.707001,112.813004,112.689003,112.769997
2026-06-09T19:00:00Z,112.769997,112.780998,112.636002,112.720001
2026-06-09T20:00:00Z,112.722000,112.755997,112.593002,112.660004
2026-06-09T21:00:00Z,112.664001,112.764999,112.464996,112.623001
2026-06-09T22:00:00Z,112.593002,112.672997,112.553001,112.584000
2026-06-09T23:00:00Z,112.578003,112.664001,112.529999,112.656998
2026-06-10T00:00:00Z,112.656998,112.775002,112.545998,112.723999
2026-06-10T01:00:00Z,112.723999,112.759003,112.599998,112.682999
2026-06-10T02:00:00Z,112.685997,112.705002,112.575996,112.593002
2026-06-10T03:00:00Z,112.595001,112.695999,112.587997,112.674004
2026-06-10T04:00:00Z,112.674004,112.683998,112.492996,112.537003
2026-06-10T05:00:00Z,112.540001,112.571999,112.386002,112.543999
2026-06-10T06:00:00Z,112.543999,112.654999,112.535004,112.536003
2026-06-10T07:00:00Z,112.536003,112.605003,112.509003,112.561996
2026-06-10T08:00:00Z,112.554001,112.563004,112.438004,112.449997
2026-06-10T09:00:00Z,112.449997,112.487000,112.356003,112.473000
2026-06-10T10:00:00Z,112.472000,112.527000,112.425003,112.502998
2026-06-10T11:00:00Z,112.500999,112.513000,112.315002,112.349998
2026-06-10T12:00:00Z,112.348999,112.674004,112.338997,112.490997
2026-06-10T13:00:00Z,112.488998,112.839996,112.488998,112.738998
2026-06-10T14:00:00Z,112.737000,112.796997,112.625999,112.676003
2026-06-10T15:00:00Z,112.681000,112.763000,112.459000,112.657997
2026-06-10T16:00:00Z,112.662003,112.762001,112.600998,112.620003
2026-06-10T17:00:00Z,112.620003,112.688004,112.507004,112.623001
2026-06-10T18:00:00Z,112.626999,112.698997,112.441002,112.504997
2026-06-10T19:00:00Z,112.505997,112.523003,112.356003,112.372002
2026-06-10T20:00:00Z,112.367996,112.375999,112.292000,112.317001
2026-06-10T21:00:00Z,112.314003,112.408997,112.191002,112.310997
2026-06-10T22:00:00Z,112.271004,112.310997,112.208000,112.238998
2026-06-10T23:00:00Z,112.233002,112.359001,112.176003,112.269997
2026-06-11T00:00:00Z,112.267998,112.396004,112.200996,112.322998
2026-06-11T01:00:00Z,112.320000,112.491997,112.320000,112.452003
2026-06-11T02:00:00Z,112.452003,112.462997,112.347000,112.403999
2026-06-11T03:00:00Z,112.407997,112.429001,112.333000,112.383003
2026-06-11T04:00:00Z,112.389000,112.514000,112.364998,112.484001
2026-06-11T05:00:00Z,112.484001,112.540001,112.455002,112.488998
2026-06-11T06:00:00Z,112.487999,112.528999,112.405998,112.426003
2026-06-11T07:00:00Z,112.419998,112.494003,112.335999,112.365997
2026-06-11T08:00:00Z,112.363998,112.391998,112.219002,112.255997
2026-06-11T09:00:00Z,112.266998,112.377998,112.244003,112.308998
2026-06-11T10:00:00Z,112.307999,112.344002,112.254997,112.293999
2026-06-11T11:00:00Z,112.286003,112.345001,112.248001,112.320999
2026-06-11T12:00:00Z,112.328003,112.353996,112.070000,112.179001
2026-06-11T13:00:00Z,112.181999,112.258003,112.055000,112.179001
2026-06-11T14:00:00Z,112.174004,112.207001,112.029999,112.121002
2026-06-11T15:00:00Z,112.117996,112.324997,112.095001,112.248001
2026-06-11T16:00:00Z,112.252998,112.309998,112.174004,112.177002
2026-06-11T17:00:00Z,112.177002,112.620003,112.124001,112.507004
2026-06-11T18:00:00Z,112.501999,112.561996,112.432999,112.518997
2026-06-11T19:00:00Z,112.518997,112.666000,112.512001,112.613998
2026-06-11T20:00:00Z,112.612000,112.815002,112.607002,112.662003
2026-06-11T21:00:00Z,112.602997,112.792000,112.541000,112.679001
2026-06-11T22:00:00Z,112.686996,112.842003,112.668999,112.834000
2026-06-11T23:00:00Z,112.828003,112.889999,112.746002,112.849998
2026-06-12T00:00:00Z,112.847000,112.890999,112.762001,112.828003
2026-06-12T01:00:00Z,112.827003,112.838997,112.583000,112.736000
2026-06-12T02:00:00Z,112.736000,112.816002,112.656998,112.766998
2026-06-12T03:00:00Z,112.766998,112.844002,112.732002,112.785004
2026-06-12T04:00:00Z,112.789001,112.885002,112.757004,112.828003
2026-06-12T05:00:00Z,112.825996,112.843002,112.635002,112.678001
2026-06-12T06:00:00Z,112.681999,112.848000,112.667999,112.742996
2026-06-12T07:00:00Z,112.745003,112.760002,112.592003,112.708000
2026-06-12T08:00:00Z,112.705002,112.820000,112.666000,112.712997
2026-06-12T09:00:00Z,112.712997,112.864998,112.684998,112.769997
2026-06-12T10:00:00Z,112.766998,112.837997,112.677002,112.748001
2026-06-12T11:00:00Z,112.749001,112.795998,112.705002,112.750999
2026-06-12T12:00:00Z,112.746002,112.797997,112.680000,112.736000
2026-06-12T13:00:00Z,112.736000,112.907997,112.717003,112.778999
2026-06-12T14:00:00Z,112.779999,112.994003,112.747002,112.992996
2026-06-12T15:00:00Z,112.990997,113.085999,112.897003,112.903999
2026-06-12T16:00:00Z,112.903000,113.000999,112.876999,112.941002
2026-06-12T17:00:00Z,112.943001,112.992996,112.894997,112.908997
2026-06-12T18:00:00Z,112.908997,112.971001,112.878998,112.933998
2026-06-12T19:00:00Z,112.933998,112.958000,112.877998,112.945999
2026-06-12T20:00:00Z,112.943001,112.967003,112.781998,112.872002
2026-06-12T21:00:00Z,112.862000,112.900002,112.862000,112.900002
2026-06-14T23:00:00Z,113.176003,113.221001,113.081001,113.162003
2026-06-15T00:00:00Z,113.163002,113.339996,113.141998,113.157997
2026-06-15T01:00:00Z,113.158997,113.347000,113.129997,113.315002
2026-06-15T02:00:00Z,113.315002,113.362999,113.264999,113.319000
2026-06-15T03:00:00Z,113.316002,113.397003,113.300003,113.339996
2026-06-15T04:00:00Z,113.341003,113.352997,113.291000,113.334000
2026-06-15T05:00:00Z,113.334000,113.410004,113.306999,113.323997
2026-06-15T06:00:00Z,113.323997,113.355003,113.224998,113.283997
2026-06-15T07:00:00Z,113.283997,113.296997,113.117996,113.226997
2026-06-15T08:00:00Z,113.223000,113.292000,113.171997,113.226997
2026-06-15T09:00:00Z,113.230003,113.300003,113.205002,113.211998
2026-06-15T10:00:00Z,113.212997,113.281998,113.186996,113.239998
2026-06-15T11:00:00Z,113.239998,113.287003,113.217003,113.264000
2026-06-15T12:00:00Z,113.263000,113.269997,113.151001,113.245003
2026-06-15T13:00:00Z,113.250000,113.293999,113.204002,113.230003
2026-06-15T14:00:00Z,113.228996,113.482002,113.181999,113.473000
2026-06-15T15:00:00Z,113.471001,113.513000,113.382004,113.417999
2026-06-15T16:00:00Z,113.418999,113.455002,113.403999,113.443001
2026-06-15T17:00:00Z,113.436996,113.458000,113.388000,113.431999
2026-06-15T18:00:00Z,113.426003,113.436996,113.362999,113.402000
2026-06-15T19:00:00Z,113.406998,113.417000,113.349998,113.398003
2026-06-15T20:00:00Z,113.401001,113.403999,113.328003,113.348000
2026-06-15T21:00:00Z,113.349998,113.460999,113.295998,113.371002
2026-06-15T22:00:00Z,113.334999,113.391998,113.291000,113.334999
2026-06-15T23:00:00Z,113.337997,113.380997,113.300003,113.313004
2026-06-16T00:00:00Z,113.307999,113.329002,113.209999,113.277000
2026-06-16T01:00:00Z,113.276001,113.301003,113.087997,113.101997
2026-06-16T02:00:00Z,113.102997,113.107002,113.023003,113.091003
2026-06-16T03:00:00Z,113.091003,113.194000,113.004997,113.128998
2026-06-16T04:00:00Z,113.128998,113.136002,112.904999,112.982002
2026-06-16T05:00:00Z,112.983002,113.057999,112.869003,112.975998
2026-06-16T06:00:00Z,112.976997,113.043999,112.924004,113.023003
2026-06-16T07:00:00Z,113.028999,113.189003,112.997002,113.146004
2026-06-16T08:00:00Z,113.140999,113.330002,113.099998,113.306999
2026-06-16T09:00:00Z,113.310997,113.332001,113.268997,113.320999
2026-06-16T10:00:00Z,113.315002,113.467003,113.313004,113.445000
2026-06-16T11:00:00Z,113.444000,113.452003,113.317001,113.347000
2026-06-16T12:00:00Z,113.347000,113.360001,113.259003,113.333000
2026-06-16T13:00:00Z,113.330002,113.494003,113.323997,113.438004
2026-06-16T14:00:00Z,113.442001,113.544998,113.360001,113.523003
2026-06-16T15:00:00Z,113.523003,113.542999,113.405998,113.496002
2026-06-16T16:00:00Z,113.488998,113.519997,113.445999,113.450996
2026-06-16T17:00:00Z,113.452003,113.477997,113.404999,113.450996
2026-06-16T18:00:00Z,113.450996,113.487000,113.443001,113.463997
2026-06-16T19:00:00Z,113.458000,113.476997,113.377998,113.389000
2026-06-16T20:00:00Z,113.391998,113.400002,113.296997,113.307999
2026-06-16T21:00:00Z,113.285004,113.398003,113.239998,113.318001
2026-06-16T22:00:00Z,113.347000,113.424004,113.318001,113.387001
2026-06-16T23:00:00Z,113.382004,113.408997,113.331001,113.334999
2026-06-17T00:00:00Z,113.334999,113.389999,113.309998,113.348000
2026-06-17T01:00:00Z,113.346001,113.380997,113.275002,113.323997
2026-06-17T02:00:00Z,113.323997,113.339996,113.212997,113.235001
2026-06-17T03:00:00Z,113.230003,113.242996,113.191002,113.197998
2026-06-17T04:00:00Z,113.196999,113.227997,113.150002,113.155998
2026-06-17T05:00:00Z,113.158997,113.204002,113.132004,113.171997
2026-06-17T06:00:00Z,113.168999,113.180000,113.068001,113.099998
2026-06-17T07:00:00Z,113.097000,113.189003,113.081001,113.163002
2026-06-17T08:00:00Z,113.162003,113.167999,113.032997,113.122002
2026-06-17T09:00:00Z,113.117996,113.157997,113.095001,113.112999
2026-06-17T10:00:00Z,113.112999,113.125000,113.053001,113.114998
2026-06-17T11:00:00Z,113.112999,113.184998,113.094002,113.174004
2026-06-17T12:00:00Z,113.170998,113.223999,113.126999,113.210999
2026-06-17T13:00:00Z,113.208000,113.337997,113.197998,113.231003
2026-06-17T14:00:00Z,113.223999,113.352997,113.211998,113.293999
2026-06-17T15:00:00Z,113.292000,113.345001,113.254997,113.283997
2026-06-17T16:00:00Z,113.289001,113.306999,113.232002,113.288002
2026-06-17T17:00:00Z,113.288002,113.357002,113.252998,113.330002
2026-06-17T18:00:00Z,113.264000,113.306999,112.845001,113.010002
2026-06-17T19:00:00Z,113.005997,113.049004,112.466003,112.627998
2026-06-17T20:00:00Z,112.622002,112.713997,112.591003,112.658997
2026-06-17T21:00:00Z,112.640999,112.711998,112.519997,112.582001
2026-06-17T22:00:00Z,112.583000,112.710999,112.570999,112.653000
2026-06-17T23:00:00Z,112.654999,112.730003,112.650002,112.714996
2026-06-18T00:00:00Z,112.711998,112.903000,112.711998,112.849998
2026-06-18T01:00:00Z,112.847000,113.026001,112.837997,112.954002
2026-06-18T02:00:00Z,112.949997,113.036003,112.928001,112.976997
2026-06-18T03:00:00Z,112.975998,113.057999,112.973999,113.042999
2026-06-18T04:00:00Z,113.042999,113.069000,112.939003,112.959999
2026-06-18T05:00:00Z,112.955002,113.007004,112.906998,112.919998
2026-06-18T06:00:00Z,112.917999,113.092003,112.874001,113.056000
2026-06-18T07:00:00Z,113.056999,113.056999,112.877998,112.954002
2026-06-18T08:00:00Z,112.949997,112.958000,112.686996,112.727997
2026-06-18T09:00:00Z,112.726997,112.834000,112.535004,112.797997
2026-06-18T10:00:00Z,112.803001,112.813004,112.694000,112.726997
2026-06-18T11:00:00Z,112.728996,112.765999,112.667999,112.692001
2026-06-18T12:00:00Z,112.688004,112.935997,112.675003,112.900002
2026-06-18T13:00:00Z,112.894997,113.065002,112.847000,113.028999
2026-06-18T14:00:00Z,113.028999,113.192001,112.902000,113.167000
2026-06-18T15:00:00Z,113.167000,113.258003,113.041000,113.250000
2026-06-18T16:00:00Z,113.254997,113.308998,113.153000,113.307999
2026-06-18T17:00:00Z,113.306999,113.385002,113.276001,113.299004
2026-06-18T18:00:00Z,113.292999,113.408997,113.261002,113.407997
2026-06-18T19:00:00Z,113.398003,113.447998,112.803001,113.205002
2026-06-18T20:00:00Z,113.206001,113.259003,113.124001,113.124001
2026-06-18T21:00:00Z,113.101997,113.315002,113.023003,113.112999
2026-06-18T22:00:00Z,113.112999,113.236000,113.056999,113.143997
2026-06-18T23:00:00Z,113.164001,113.214996,113.092003,113.110001
2026-06-19T00:00:00Z,113.103996,113.128998,112.917999,112.959000
2026-06-19T01:00:00Z,112.959000,112.963997,112.865997,112.906998
2026-06-19T02:00:00Z,112.906998,113.037003,112.888000,113.026001
2026-06-19T03:00:00Z,113.026001,113.061996,112.869003,112.897003
2026-06-19T04:00:00Z,112.901001,112.936996,112.811996,112.837997
2026-06-19T05:00:00Z,112.839996,113.051003,112.797997,112.997002
2026-06-19T06:00:00Z,112.999001,113.151001,112.991997,113.070000
2026-06-19T07:00:00Z,113.070000,113.136002,113.000999,113.061996
2026-06-19T08:00:00Z,113.067001,113.208000,113.058998,113.204002
2026-06-19T09:00:00Z,113.200996,113.241997,113.128998,113.137001
2026-06-19T10:00:00Z,113.134003,113.158997,113.077003,113.105003
2026-06-19T11:00:00Z,113.106003,113.139000,113.028999,113.060997
2026-06-19T12:00:00Z,113.060997,113.223000,113.044998,113.158997
2026-06-19T13:00:00Z,113.165001,113.171997,113.031998,113.056000
2026-06-19T14:00:00Z,113.054001,113.096001,112.994003,113.016998
2026-06-19T15:00:00Z,113.018997,113.071999,112.999001,113.051003
2026-06-19T16:00:00Z,113.050003,113.085999,113.039001,113.064003
2026-06-19T17:00:00Z,113.068001,113.098999,113.051003,113.069000
2026-06-19T18:00:00Z,113.064003,113.099998,113.049004,113.083000
2026-06-19T19:00:00Z,113.080002,113.132004,113.011002,113.065002
2026-06-19T20:00:00Z,113.074997,113.135002,112.955002,112.982002
2026-06-19T21:00:00Z,113.122002,113.122002,113.117996,113.117996
2026-06-21T23:00:00Z,113.093002,113.107002,113.004997,113.040001
2026-06-22T00:00:00Z,113.039001,113.245003,113.031998,113.240997
2026-06-22T01:00:00Z,113.239998,113.338997,113.223999,113.225998
2026-06-22T02:00:00Z,113.224998,113.255997,113.108002,113.211998
2026-06-22T03:00:00Z,113.209999,113.288002,113.141998,113.181000
2026-06-22T04:00:00Z,113.179001,113.250999,113.132004,113.236000
2026-06-22T05:00:00Z,113.233002,113.323997,113.195000,113.217003
2026-06-22T06:00:00Z,113.217003,113.277000,113.130997,113.238998
2026-06-22T07:00:00Z,113.241997,113.266998,113.177002,113.193001
2026-06-22T08:00:00Z,113.189003,113.210999,113.117996,113.164001
2026-06-22T09:00:00Z,113.167000,113.264000,113.163002,113.184998
2026-06-22T10:00:00Z,113.190002,113.277000,113.182999,113.216003
2026-06-22T11:00:00Z,113.216003,113.300003,113.202003,113.257004
2026-06-22T12:00:00Z,113.260002,113.417000,113.259003,113.348000
2026-06-22T13:00:00Z,113.348999,113.441002,113.342003,113.374001
2026-06-22T14:00:00Z,113.367996,113.408997,112.894997,113.081001
2026-06-22T15:00:00Z,113.078003,113.136002,112.963997,113.037003
2026-06-22T16:00:00Z,113.042999,113.165001,113.014000,113.123001
2026-06-22T17:00:00Z,113.124001,113.136002,113.072998,113.080002
2026-06-22T18:00:00Z,113.078003,113.098000,112.990997,113.002998
2026-06-22T19:00:00Z,113.007004,113.154999,113.007004,113.106003
2026-06-22T20:00:00Z,113.110001,113.140999,113.041000,113.091003
2026-06-22T21:00:00Z,113.089996,113.177002,113.045998,113.072998
2026-06-22T22:00:00Z,113.081001,113.163002,113.039001,113.079002
2026-06-22T23:00:00Z,113.072998,113.084000,112.990997,113.004997
2026-06-23T00:00:00Z,113.002998,113.008003,112.806999,112.912003
2026-06-23T01:00:00Z,112.915001,112.934998,112.778000,112.828003
2026-06-23T02:00:00Z,112.831001,112.862000,112.681000,112.695000
2026-06-23T03:00:00Z,112.692001,112.717003,112.584000,112.707001
2026-06-23T04:00:00Z,112.712997,112.738998,112.561996,112.593002
2026-06-23T05:00:00Z,112.589996,112.622002,112.507004,112.563004
2026-06-23T06:00:00Z,112.560997,112.609001,112.351997,112.403999
2026-06-23T07:00:00Z,112.399002,112.431000,112.125999,112.176003
2026-06-23T08:00:00Z,112.170998,112.191002,112.051003,112.135002
2026-06-23T09:00:00Z,112.134003,112.278999,112.094002,112.268997
2026-06-23T10:00:00Z,112.271004,112.331001,112.103996,112.121002
2026-06-23T11:00:00Z,112.120003,112.189003,112.007004,112.011002
2026-06-23T12:00:00Z,112.010002,112.097000,111.935997,112.066002
2026-06-23T13:00:00Z,112.064003,112.133003,111.931000,112.047997
2026-06-23T14:00:00Z,112.049004,112.071999,111.914001,111.953003
2026-06-23T15:00:00Z,111.950996,111.986000,111.793999,111.857002
2026-06-23T16:00:00Z,111.857002,111.901001,111.760002,111.785004
2026-06-23T17:00:00Z,111.779999,111.804001,111.668999,111.688004
2026-06-23T18:00:00Z,111.681999,111.711998,111.584999,111.649002
2026-06-23T19:00:00Z,111.650002,111.738998,111.634003,111.688004
2026-06-23T20:00:00Z,111.688004,111.750000,111.677002,111.695999
2026-06-23T21:00:00Z,111.670998,111.783997,111.603996,111.723999
2026-06-23T22:00:00Z,111.686996,111.787003,111.670998,111.709999
2026-06-23T23:00:00Z,111.703003,111.754997,111.632004,111.744003
2026-06-24T00:00:00Z,111.746002,111.855003,111.709999,111.820000
2026-06-24T01:00:00Z,111.819000,111.858002,111.625000,111.751999
2026-06-24T02:00:00Z,111.753998,111.790001,111.514000,111.518997
2026-06-24T03:00:00Z,111.518997,111.630997,111.500999,111.568001
2026-06-24T04:00:00Z,111.567001,111.656998,111.498001,111.625999
2026-06-24T05:00:00Z,111.625999,111.761002,111.621002,111.694000
2026-06-24T06:00:00Z,111.693001,111.813004,111.632004,111.682999
2026-06-24T07:00:00Z,111.677002,111.686996,111.567001,111.575996
2026-06-24T08:00:00Z,111.567001,111.592003,111.468002,111.568001
2026-06-24T09:00:00Z,111.561996,111.575996,111.412003,111.417000
2026-06-24T10:00:00Z,111.416000,111.431000,111.341003,111.391998
2026-06-24T11:00:00Z,111.391998,111.528000,111.371002,111.474998
2026-06-24T12:00:00Z,111.474998,111.570000,111.386002,111.449997
2026-06-24T13:00:00Z,111.448997,111.609001,111.415001,111.589996
2026-06-24T14:00:00Z,111.589996,111.601997,111.370003,111.519997
2026-06-24T15:00:00Z,111.516998,111.611000,111.481003,111.514000
2026-06-24T16:00:00Z,111.512001,111.670998,111.496002,111.634003
2026-06-24T17:00:00Z,111.634003,111.646004,111.384003,111.394997
2026-06-24T18:00:00Z,111.399002,111.513000,111.365997,111.386002
2026-06-24T19:00:00Z,111.383003,111.540001,111.358002,111.535004
2026-06-24T20:00:00Z,111.529999,111.671997,111.509003,111.587997
2026-06-24T21:00:00Z,111.596001,111.653000,111.400002,111.599998
2026-06-24T22:00:00Z,111.597000,111.627998,111.515999,111.553001
2026-06-24T23:00:00Z,111.555000,111.623001,111.543999,111.592003
2026-06-25T00:00:00Z,111.592003,111.608002,111.416000,111.476997
2026-06-25T01:00:00Z,111.483002,111.652000,111.403999,111.461998
2026-06-25T02:00:00Z,111.463997,111.507004,111.371002,111.480003
2026-06-25T03:00:00Z,111.481003,111.571999,111.445999,111.537003
2026-06-25T04:00:00Z,111.538002,111.653000,111.529999,111.642998
2026-06-25T05:00:00Z,111.636002,111.672997,111.491997,111.513000
2026-06-25T06:00:00Z,111.523003,111.584000,111.450996,111.530998
2026-06-25T07:00:00Z,111.535004,111.648003,111.487999,111.639000
2026-06-25T08:00:00Z,111.641998,111.741997,111.628998,111.663002
2026-06-25T09:00:00Z,111.662003,111.735001,111.612999,111.649002
2026-06-25T10:00:00Z,111.653000,111.656998,111.533997,111.569000
2026-06-25T11:00:00Z,111.572998,111.610001,111.500000,111.528000
2026-06-25T12:00:00Z,111.528999,111.863998,111.450996,111.748001
2026-06-25T13:00:00Z,111.753998,111.806000,111.464996,111.483002
2026-06-25T14:00:00Z,111.477997,111.699997,111.474998,111.650002
2026-06-25T15:00:00Z,111.653000,111.903999,111.644997,111.884003
2026-06-25T16:00:00Z,111.884003,111.996002,111.834999,111.884003
2026-06-25T17:00:00Z,111.878998,111.939003,111.860001,111.913002
2026-06-25T18:00:00Z,111.913002,111.945999,111.843002,111.875999
2026-06-25T19:00:00Z,111.875000,111.892998,111.757004,111.817001
2026-06-25T20:00:00Z,111.820999,111.859001,111.762001,111.763000
2026-06-25T21:00:00Z,111.750000,111.887001,111.633003,111.713997
2026-06-25T22:00:00Z,111.700996,111.785004,111.695999,111.758003
2026-06-25T23:00:00Z,111.754997,111.789001,111.620003,111.639999
2026-06-26T00:00:00Z,111.648003,111.688004,111.582001,111.636002
2026-06-26T01:00:00Z,111.630997,111.704002,111.431999,111.481003
2026-06-26T02:00:00Z,111.481003,111.509003,111.240997,111.304001
2026-06-26T03:00:00Z,111.308998,111.406998,111.235001,111.405998
2026-06-26T04:00:00Z,111.401001,111.452003,111.273003,111.295998
2026-06-26T05:00:00Z,111.292000,111.432999,111.282997,111.351997
2026-06-26T06:00:00Z,111.357002,111.585999,111.301003,111.539001
2026-06-26T07:00:00Z,111.535004,111.544998,111.352997,111.385002
2026-06-26T08:00:00Z,111.378998,111.491997,111.294998,111.415001
2026-06-26T09:00:00Z,111.416000,111.583000,111.372002,111.526001
2026-06-26T10:00:00Z,111.527000,111.583000,111.474998,111.561996
2026-06-26T11:00:00Z,111.570000,111.606003,111.505997,111.542000
2026-06-26T12:00:00Z,111.542999,111.625999,111.499001,111.586998
2026-06-26T13:00:00Z,111.588997,111.727997,111.507004,111.685997
2026-06-26T14:00:00Z,111.696999,111.772003,111.575996,111.584000
2026-06-26T15:00:00Z,111.584000,111.693001,111.551003,111.641998
2026-06-26T16:00:00Z,111.635002,111.657997,111.556999,111.621002
2026-06-26T17:00:00Z,111.615997,111.637001,111.559998,111.579002
2026-06-26T18:00:00Z,111.579002,111.619003,111.487999,111.495003
2026-06-26T19:00:00Z,111.495003,111.609001,111.485001,111.557999
2026-06-26T20:00:00Z,111.557999,111.594002,111.411003,111.492996
2026-06-26T21:00:00Z,111.496002,111.589996,111.496002,111.589996
2026-06-28T23:00:00Z,111.539001,111.594002,111.525002,111.567001
2026-06-29T00:00:00Z,111.565002,111.571999,111.316002,111.373001
2026-06-29T01:00:00Z,111.371002,111.483002,111.304001,111.382004
2026-06-29T02:00:00Z,111.382004,111.533997,111.350998,111.472000
2026-06-29T03:00:00Z,111.473999,111.547997,111.446999,111.453003
2026-06-29T04:00:00Z,111.446999,111.497002,111.431999,111.464996
2026-06-29T05:00:00Z,111.464996,111.582001,111.445000,111.566002
2026-06-29T06:00:00Z,111.566002,111.707001,111.526001,111.670998
2026-06-29T07:00:00Z,111.668999,111.711998,111.567001,111.573997
2026-06-29T08:00:00Z,111.579002,111.601997,111.494003,111.533997
2026-06-29T09:00:00Z,111.538002,111.685997,111.522003,111.680000
2026-06-29T10:00:00Z,111.675003,111.699997,111.640999,111.674004
2026-06-29T11:00:00Z,111.674004,111.709999,111.615997,111.677002
2026-06-29T12:00:00Z,111.678001,111.708000,111.598999,111.646004
2026-06-29T13:00:00Z,111.648003,111.663002,111.531998,111.558998
2026-06-29T14:00:00Z,111.556999,111.566002,111.352997,111.406998
2026-06-29T15:00:00Z,111.405998,111.487999,111.391998,111.474998
2026-06-29T16:00:00Z,111.469002,111.574997,111.460999,111.517998
2026-06-29T17:00:00Z,111.517998,111.559998,111.499001,111.542000
2026-06-29T18:00:00Z,111.537003,111.630997,111.533997,111.597000
2026-06-29T19:00:00Z,111.596001,111.606003,111.542000,111.577003
2026-06-29T20:00:00Z,111.575996,111.588997,111.412003,111.478996
2026-06-29T21:00:00Z,111.482002,111.591003,111.383003,111.495003
2026-06-29T22:00:00Z,111.497002,111.558998,111.450996,111.516998
2026-06-29T23:00:00Z,111.514000,111.552002,111.424004,111.431999
2026-06-30T00:00:00Z,111.431999,111.539001,111.285004,111.428001
2026-06-30T01:00:00Z,111.421997,111.569000,111.374001,111.416000
2026-06-30T02:00:00Z,111.419998,111.452003,111.296997,111.359001
2026-06-30T03:00:00Z,111.360001,111.446999,111.299004,111.389999
2026-06-30T04:00:00Z,111.389000,111.476997,111.380997,111.403000
2026-06-30T05:00:00Z,111.404999,111.556999,111.390999,111.466003
2026-06-30T06:00:00Z,111.463997,111.616997,111.463997,111.565002
2026-06-30T07:00:00Z,111.566002,111.612000,111.514000,111.592003
2026-06-30T08:00:00Z,111.581001,111.730003,111.572998,111.683998
2026-06-30T09:00:00Z,111.684998,111.775002,111.672997,111.717003
2026-06-30T10:00:00Z,111.717003,111.839996,111.698997,111.829002
2026-06-30T11:00:00Z,111.832001,111.892998,111.796997,111.861000
2026-06-30T12:00:00Z,111.861000,111.892998,111.565002,111.800003
2026-06-30T13:00:00Z,111.803001,111.997002,111.802002,111.976997
2026-06-30T14:00:00Z,111.964996,112.614998,111.925003,112.542999
2026-06-30T15:00:00Z,112.543999,112.629997,112.396004,112.428001
2026-06-30T16:00:00Z,112.431000,112.452003,112.348999,112.418999
2026-06-30T17:00:00Z,112.415001,112.486000,112.402000,112.473999
2026-06-30T18:00:00Z,112.474998,112.545998,112.473999,112.528999
2026-06-30T19:00:00Z,112.528999,112.578003,112.497002,112.556999
2026-06-30T20:00:00Z,112.556999,112.571999,112.364998,112.364998
2026-06-30T21:00:00Z,112.363998,112.500000,112.314003,112.422997
2026-06-30T22:00:00Z,112.422997,112.511002,112.402000,112.461998
2026-06-30T23:00:00Z,112.476997,112.487999,112.397003,112.413002
2026-07-01T00:00:00Z,112.405998,112.456001,112.258003,112.268997
2026-07-01T01:00:00Z,112.269997,112.299004,112.033997,112.117996
2026-07-01T02:00:00Z,112.115997,112.183998,111.976997,112.112999
2026-07-01T03:00:00Z,112.119003,112.193001,112.100998,112.185997
2026-07-01T04:00:00Z,112.185997,112.195000,111.984001,112.153000
2026-07-01T05:00:00Z,112.148003,112.223000,112.119003,112.167999
2026-07-01T06:00:00Z,112.166000,112.194000,112.053001,112.105003
2026-07-01T07:00:00Z,112.099998,112.162003,111.991997,112.124001
2026-07-01T08:00:00Z,112.123001,112.141998,112.063004,112.096001
2026-07-01T09:00:00Z,112.096001,112.157997,112.082001,112.114998
2026-07-01T10:00:00Z,112.108002,112.246002,112.071999,112.223000
2026-07-01T11:00:00Z,112.221001,112.237999,112.136002,112.144997
2026-07-01T12:00:00Z,112.147003,112.219002,112.085999,112.127998
2026-07-01T13:00:00Z,112.127998,112.265999,112.026001,112.097000
2026-07-01T14:00:00Z,112.097000,112.193001,112.007004,112.112000
2026-07-01T15:00:00Z,112.106003,112.123001,112.025002,112.102997
2026-07-01T16:00:00Z,112.097000,112.167000,112.070999,112.112000
2026-07-01T17:00:00Z,112.111000,112.157997,112.066002,112.123001
2026-07-01T18:00:00Z,112.121002,112.138000,112.039001,112.059998
2026-07-01T19:00:00Z,112.059998,112.107002,112.038002,112.069000
2026-07-01T20:00:00Z,112.059998,112.095001,112.028999,112.037003
2026-07-01T21:00:00Z,112.039001,112.124001,111.894997,112.059998
2026-07-01T22:00:00Z,112.029999,112.066002,111.989998,112.026001
2026-07-01T23:00:00Z,112.026001,112.050003,111.968002,111.989998
2026-07-02T00:00:00Z,111.986000,112.009003,111.866997,111.987999
2026-07-02T01:00:00Z,111.987000,112.106003,111.978996,112.056000
2026-07-02T02:00:00Z,112.052002,112.162003,112.027000,112.040001
2026-07-02T03:00:00Z,112.033997,112.074997,111.889000,111.978996
2026-07-02T04:00:00Z,111.974998,111.996002,111.910004,111.988998
2026-07-02T05:00:00Z,111.985001,111.992996,111.876999,111.896004
2026-07-02T06:00:00Z,111.896004,111.932999,111.198997,111.585999
2026-07-02T07:00:00Z,111.591003,111.639999,111.205002,111.223999
2026-07-02T08:00:00Z,111.222000,111.410004,111.123001,111.247002
2026-07-02T09:00:00Z,111.247002,111.373001,111.223000,111.293999
2026-07-02T10:00:00Z,111.293999,111.431000,111.261002,111.294998
2026-07-02T11:00:00Z,111.301003,111.307999,111.217003,111.219002
2026-07-02T12:00:00Z,111.217003,111.612000,111.166000,111.500000
2026-07-02T13:00:00Z,111.498001,111.739998,111.407997,111.612999
2026-07-02T14:00:00Z,111.620003,111.702003,111.511002,111.682999
2026-07-02T15:00:00Z,111.677002,111.689003,111.490997,111.513000
2026-07-02T16:00:00Z,111.516998,111.553001,111.445000,111.456001
2026-07-02T17:00:00Z,111.448997,111.496002,111.384003,111.389999
2026-07-02T18:00:00Z,111.389999,111.495003,111.375000,111.445999
2026-07-02T19:00:00Z,111.441002,111.528000,111.385002,111.515999
2026-07-02T20:00:00Z,111.521004,111.535004,111.455002,111.457001
2026-07-02T21:00:00Z,111.456001,111.568001,111.250000,111.414001
2026-07-02T22:00:00Z,111.416000,111.598999,111.399002,111.572998
2026-07-02T23:00:00Z,111.566002,111.662003,111.546997,111.649002
2026-07-03T00:00:00Z,111.652000,111.682999,111.510002,111.519997
2026-07-03T01:00:00Z,111.518997,111.758003,111.508003,111.734001
2026-07-03T02:00:00Z,111.734001,111.825996,111.691002,111.793999
2026-07-03T03:00:00Z,111.793999,111.819000,111.727997,111.771004
2026-07-03T04:00:00Z,111.776001,111.879997,111.754997,111.794998
2026-07-03T05:00:00Z,111.793999,111.851997,111.752998,111.830002
2026-07-03T06:00:00Z,111.825996,111.871002,111.487000,111.695000
2026-07-03T07:00:00Z,111.686996,111.787003,111.611000,111.669998
2026-07-03T08:00:00Z,111.675003,111.778000,111.638000,111.768997
2026-07-03T09:00:00Z,111.769997,111.793999,111.732002,111.764000
2026-07-03T10:00:00Z,111.761002,111.833000,111.758003,111.778000
2026-07-03T11:00:00Z,111.772003,111.838997,111.758003,111.802002
2026-07-03T12:00:00Z,111.802002,111.825996,111.773003,111.797997
2026-07-03T13:00:00Z,111.797997,111.869003,111.797997,111.839996
2026-07-03T14:00:00Z,111.839996,111.877998,111.796997,111.849998
2026-07-03T15:00:00Z,111.848999,111.902000,111.843002,111.899002
2026-07-03T16:00:00Z,111.891998,111.941002,111.883003,111.933998
2026-07-03T17:00:00Z,111.932999,111.954002,111.877998,111.903999
2026-07-03T18:00:00Z,111.908997,111.947998,111.889000,111.935997
2026-07-03T19:00:00Z,111.938004,111.970001,111.896004,111.918999
2026-07-03T20:00:00Z,111.913002,111.995003,111.836998,111.871002
2026-07-03T21:00:00Z,111.999001,111.999001,111.999001,111.999001
2026-07-05T23:00:00Z,111.963997,112.027000,111.955002,111.989998
2026-07-06T00:00:00Z,111.990997,112.115997,111.921997,112.011002
2026-07-06T01:00:00Z,112.008003,112.162003,111.977997,112.121002
2026-07-06T02:00:00Z,112.123001,112.167999,112.067001,112.086998
2026-07-06T03:00:00Z,112.086998,112.105003,111.997002,112.094002
2026-07-06T04:00:00Z,112.091003,112.285004,112.079002,112.271004
2026-07-06T05:00:00Z,112.269997,112.327003,112.223999,112.304001
2026-07-06T06:00:00Z,112.302002,112.428001,112.300003,112.406998
2026-07-06T07:00:00Z,112.411003,112.511002,112.375999,112.490997
2026-07-06T08:00:00Z,112.485001,112.542999,112.424004,112.471001
2026-07-06T09:00:00Z,112.470001,112.513000,112.442001,112.494003
2026-07-06T10:00:00Z,112.494003,112.598999,112.487999,112.542999
2026-07-06T11:00:00Z,112.542999,112.579002,112.505997,112.550003
2026-07-06T12:00:00Z,112.552002,112.587997,112.420998,112.473000
2026-07-06T13:00:00Z,112.473000,112.589996,112.445999,112.498001
2026-07-06T14:00:00Z,112.500000,112.657997,112.469002,112.632004
2026-07-06T15:00:00Z,112.633003,112.707001,112.596001,112.670998
2026-07-06T16:00:00Z,112.677002,112.727997,112.661003,112.710999
2026-07-06T17:00:00Z,112.706001,112.785004,112.704002,112.720001
2026-07-06T18:00:00Z,112.723999,112.810997,112.721001,112.738998
2026-07-06T19:00:00Z,112.739998,112.777000,112.704002,112.730003
2026-07-06T20:00:00Z,112.723999,112.763000,112.609001,112.625999
2026-07-06T21:00:00Z,112.626999,112.774002,112.511002,112.685997
2026-07-06T22:00:00Z,112.691002,112.772003,112.683998,112.757004
2026-07-06T23:00:00Z,112.754997,112.792000,112.723999,112.736000
2026-07-07T00:00:00Z,112.728996,112.791000,112.649002,112.661003
2026-07-07T01:00:00Z,112.658997,112.670998,112.427002,112.603996
2026-07-07T02:00:00Z,112.601997,112.612999,112.511002,112.528999
2026-07-07T03:00:00Z,112.528000,112.570000,112.361000,112.441002
2026-07-07T04:00:00Z,112.439003,112.485001,112.285004,112.314003
2026-07-07T05:00:00Z,112.313004,112.379997,112.208000,112.361000
2026-07-07T06:00:00Z,112.355003,112.521004,112.314003,112.516998
2026-07-07T07:00:00Z,112.518997,112.546997,112.264000,112.365997
2026-07-07T08:00:00Z,112.365997,112.452003,112.348999,112.382004
2026-07-07T09:00:00Z,112.387001,112.457001,112.355003,112.432999
2026-07-07T10:00:00Z,112.425003,112.485001,112.415001,112.477997
2026-07-07T11:00:00Z,112.477997,112.532997,112.446999,112.505997
2026-07-07T12:00:00Z,112.500999,112.513000,112.428001,112.487999
2026-07-07T13:00:00Z,112.483002,112.498001,112.343002,112.360001
2026-07-07T14:00:00Z,112.361000,112.430000,112.327003,112.372002
2026-07-07T15:00:00Z,112.370003,112.387001,112.254997,112.281998
2026-07-07T16:00:00Z,112.278000,112.336998,112.264000,112.335999
2026-07-07T17:00:00Z,112.331001,112.384003,112.316002,112.383003
2026-07-07T18:00:00Z,112.378998,112.391998,112.264999,112.268997
2026-07-07T19:00:00Z,112.268997,112.362999,112.204002,112.362000
2026-07-07T20:00:00Z,112.355003,112.362000,112.221001,112.274002
2026-07-07T21:00:00Z,112.274002,112.348000,112.137001,112.197998
2026-07-07T22:00:00Z,112.197998,112.342003,112.193001,112.332001
2026-07-07T23:00:00Z,112.328003,112.450996,112.325996,112.382004
2026-07-08T00:00:00Z,112.387001,112.598000,112.341003,112.596001
2026-07-08T01:00:00Z,112.591003,112.663002,112.532997,112.611000
2026-07-08T02:00:00Z,112.612999,112.746002,112.544998,112.649002
2026-07-08T03:00:00Z,112.649002,112.740997,112.643997,112.667999
2026-07-08T04:00:00Z,112.667999,112.735001,112.622002,112.685997
2026-07-08T05:00:00Z,112.680000,112.752998,112.619003,112.667000
2026-07-08T06:00:00Z,112.660004,112.675003,112.473000,112.525002
2026-07-08T07:00:00Z,112.524002,112.625999,112.455002,112.561996
2026-07-08T08:00:00Z,112.563004,112.595001,112.239998,112.361000
2026-07-08T09:00:00Z,112.355003,112.445000,112.202003,112.371002
2026-07-08T10:00:00Z,112.370003,112.524002,112.358002,112.473999
2026-07-08T11:00:00Z,112.467003,112.481003,112.268997,112.422997
2026-07-08T12:00:00Z,112.419998,112.601997,112.374001,112.476997
2026-07-08T13:00:00Z,112.466003,112.598999,112.466003,112.522003
2026-07-08T14:00:00Z,112.518997,112.584000,112.446999,112.494003
2026-07-08T15:00:00Z,112.499001,112.571999,112.365997,112.402000
2026-07-08T16:00:00Z,112.400002,112.595001,112.380997,112.573997
2026-07-08T17:00:00Z,112.577003,112.710999,112.560997,112.598999
2026-07-08T18:00:00Z,112.617996,112.724998,112.579002,112.692001
2026-07-08T19:00:00Z,112.689003,112.754997,112.685997,112.721001
2026-07-08T20:00:00Z,112.710999,112.726997,112.602997,112.602997
2026-07-08T21:00:00Z,112.565002,112.769997,112.485001,112.550003
2026-07-08T22:00:00Z,112.550003,112.707001,112.529999,112.647003
2026-07-08T23:00:00Z,112.642998,112.755997,112.632004,112.737999
2026-07-09T00:00:00Z,112.731003,112.747002,112.577003,112.617996
2026-07-09T01:00:00Z,112.625000,112.650002,112.549004,112.591003
2026-07-09T02:00:00Z,112.591003,112.698997,112.570999,112.606003
2026-07-09T03:00:00Z,112.605003,112.676003,112.559998,112.640999
2026-07-09T04:00:00Z,112.641998,112.689003,112.575996,112.676003
2026-07-09T05:00:00Z,112.681000,112.699997,112.571999,112.646004
2026-07-09T06:00:00Z,112.646004,112.708000,112.602997,112.626999
2026-07-09T07:00:00Z,112.621002,112.651001,112.569000,112.629997
2026-07-09T08:00:00Z,112.630997,112.655998,112.581001,112.612999
2026-07-09T09:00:00Z,112.612999,112.677002,112.581001,112.664001
2026-07-09T10:00:00Z,112.664001,112.682999,112.593002,112.623001
2026-07-09T11:00:00Z,112.625999,112.677002,112.597000,112.667999
2026-07-09T12:00:00Z,112.667999,112.712997,112.585999,112.599998
2026-07-09T13:00:00Z,112.607002,112.676003,112.598000,112.669998
2026-07-09T14:00:00Z,112.671997,112.725998,112.637001,112.641998
2026-07-09T15:00:00Z,112.644997,112.759003,112.638000,112.679001
2026-07-09T16:00:00Z,112.684998,112.727997,112.643997,112.658997
2026-07-09T17:00:00Z,112.657997,112.723999,112.649002,112.698997
2026-07-09T18:00:00Z,112.698997,112.721001,112.685997,112.698997
2026-07-09T19:00:00Z,112.698997,112.716003,112.667000,112.683998
2026-07-09T20:00:00Z,112.683998,112.725998,112.652000,112.677002
2026-07-09T21:00:00Z,112.660004,112.751999,112.577003,112.607002
2026-07-09T22:00:00Z,112.611000,112.726997,112.587997,112.679001
2026-07-09T23:00:00Z,112.677002,112.732002,112.677002,112.727997
2026-07-10T00:00:00Z,112.722000,112.739998,112.429001,112.546997
2026-07-10T01:00:00Z,112.544998,112.574997,112.320000,112.400002
2026-07-10T02:00:00Z,112.399002,112.494003,112.266998,112.485001
2026-07-10T03:00:00Z,112.482002,112.503998,112.331001,112.418999
2026-07-10T04:00:00Z,112.415001,112.473999,112.389999,112.401001
2026-07-10T05:00:00Z,112.401001,112.413002,112.225998,112.272003
2026-07-10T06:00:00Z,112.272003,112.337997,112.227997,112.291000
2026-07-10T07:00:00Z,112.291000,112.406998,112.269997,112.294998
2026-07-10T08:00:00Z,112.295998,112.329002,112.179001,112.250999
2026-07-10T09:00:00Z,112.248001,112.433998,112.227997,112.392998
2026-07-10T10:00:00Z,112.396004,112.445999,112.388000,112.392998
2026-07-10T11:00:00Z,112.401001,112.473000,112.344002,112.464996
2026-07-10T12:00:00Z,112.463997,112.511002,112.384003,112.445000
2026-07-10T13:00:00Z,112.442001,112.499001,112.388000,112.394997
2026-07-10T14:00:00Z,112.401001,112.462997,112.245003,112.396004
2026-07-10T15:00:00Z,112.401001,112.431000,112.216003,112.250000
2026-07-10T16:00:00Z,112.245003,112.431000,112.245003,112.382004
2026-07-10T17:00:00Z,112.375000,112.412003,112.361000,112.392998
2026-07-10T18:00:00Z,112.386002,112.445000,112.380997,112.405998
2026-07-10T19:00:00Z,112.405998,112.445000,112.391998,112.440002
2026-07-10T20:00:00Z,112.442001,112.462997,112.302002,112.357002
2026-07-10T21:00:00Z,112.417000,112.417000,112.417000,112.417000
2026-07-12T23:00:00Z,112.394997,112.444000,112.349998,112.375999
2026-07-13T00:00:00Z,112.376999,112.433998,112.334000,112.388000
2026-07-13T01:00:00Z,112.383003,112.397003,112.292000,112.331001
2026-07-13T02:00:00Z,112.323997,112.420998,112.303001,112.337997
2026-07-13T03:00:00Z,112.331001,112.342003,112.248001,112.308998
2026-07-13T04:00:00Z,112.307999,112.314003,112.233002,112.302002
2026-07-13T05:00:00Z,112.296997,112.483002,112.232002,112.426003
2026-07-13T06:00:00Z,112.424004,112.488998,112.379997,112.403999
2026-07-13T07:00:00Z,112.406998,112.471001,112.216003,112.450996
2026-07-13T08:00:00Z,112.452003,112.570000,112.442001,112.516998
2026-07-13T09:00:00Z,112.512001,112.523003,112.404999,112.445000
2026-07-13T10:00:00Z,112.445000,112.575996,112.445000,112.568001
2026-07-13T11:00:00Z,112.570000,112.649002,112.544998,112.587997
2026-07-13T12:00:00Z,112.588997,112.603996,112.511002,112.598000
2026-07-13T13:00:00Z,112.598999,112.613998,112.478996,112.517998
2026-07-13T14:00:00Z,112.516998,112.612999,112.444000,112.603996
2026-07-13T15:00:00Z,112.599998,112.647003,112.545998,112.550003
2026-07-13T16:00:00Z,112.555000,112.594002,112.372002,112.440002
2026-07-13T17:00:00Z,112.440002,112.514000,112.417999,112.440002
2026-07-13T18:00:00Z,112.443001,112.452003,112.371002,112.382004
2026-07-13T19:00:00Z,112.385002,112.401001,112.318001,112.382004
2026-07-13T20:00:00Z,112.374001,112.391998,112.257004,112.310997
2026-07-13T21:00:00Z,112.293999,112.411003,112.222000,112.313004
2026-07-13T22:00:00Z,112.347000,112.417999,112.281998,112.353996
2026-07-13T23:00:00Z,112.355003,112.384003,112.309998,112.378998
2026-07-14T00:00:00Z,112.378998,112.401001,112.268997,112.345001
2026-07-14T01:00:00Z,112.343002,112.416000,112.301003,112.377998
2026-07-14T02:00:00Z,112.379997,112.474998,112.367996,112.384003
2026-07-14T03:00:00Z,112.383003,112.488998,112.364998,112.463997
2026-07-14T04:00:00Z,112.464996,112.538002,112.452003,112.527000
2026-07-14T05:00:00Z,112.528000,112.601997,112.513000,112.532997
2026-07-14T06:00:00Z,112.528000,112.570000,112.474998,112.475998
2026-07-14T07:00:00Z,112.477997,112.695999,112.473999,112.672997
2026-07-14T08:00:00Z,112.677002,112.711998,112.510002,112.668999
2026-07-14T09:00:00Z,112.668999,112.767998,112.660004,112.736000
2026-07-14T10:00:00Z,112.737000,112.757004,112.607002,112.610001
2026-07-14T11:00:00Z,112.609001,112.652000,112.561996,112.639000
2026-07-14T12:00:00Z,112.634003,112.935997,112.556999,112.832001
2026-07-14T13:00:00Z,112.834000,113.073997,112.832001,113.042000
2026-07-14T14:00:00Z,113.042999,113.188004,113.005997,113.162003
2026-07-14T15:00:00Z,113.155998,113.236000,113.042999,113.056999
2026-07-14T16:00:00Z,113.058998,113.132004,113.021004,113.119003
2026-07-14T17:00:00Z,113.116997,113.146004,113.075996,113.132004
2026-07-14T18:00:00Z,113.125000,113.153000,113.091003,113.125000
2026-07-14T19:00:00Z,113.117996,113.128998,113.061996,113.095001
2026-07-14T20:00:00Z,113.096001,113.167000,113.070000,113.143997
2026-07-14T21:00:00Z,113.127998,113.191002,112.932999,113.094002
2026-07-14T22:00:00Z,113.094002,113.155998,113.037003,113.120003
2026-07-14T23:00:00Z,113.114998,113.155998,113.100998,113.142998
2026-07-15T00:00:00Z,113.147003,113.244003,113.125000,113.222000
2026-07-15T01:00:00Z,113.220001,113.259003,113.110001,113.245003
2026-07-15T02:00:00Z,113.246002,113.337997,113.190002,113.331001
2026-07-15T03:00:00Z,113.325996,113.341003,113.251999,113.281998
2026-07-15T04:00:00Z,113.282997,113.315002,113.246002,113.278999
2026-07-15T05:00:00Z,113.279999,113.356003,113.240997,113.324997
2026-07-15T06:00:00Z,113.322998,113.356003,113.247002,113.299004
2026-07-15T07:00:00Z,113.297997,113.391998,113.242996,113.363998
2026-07-15T08:00:00Z,113.365997,113.434998,113.357002,113.415001
2026-07-15T09:00:00Z,113.406998,113.448997,113.371002,113.417999
2026-07-15T10:00:00Z,113.418999,113.441002,113.336998,113.360001
2026-07-15T11:00:00Z,113.355003,113.428001,113.344002,113.403000
2026-07-15T12:00:00Z,113.403999,113.482002,113.317001,113.446999
2026-07-15T13:00:00Z,113.445999,113.495003,113.401001,113.446999
2026-07-15T14:00:00Z,113.446999,113.501999,113.408997,113.484001
2026-07-15T15:00:00Z,113.475998,113.514999,113.445999,113.452003
2026-07-15T16:00:00Z,113.452003,113.471001,113.334000,113.403999
2026-07-15T17:00:00Z,113.396004,113.664001,113.396004,113.620003
2026-07-15T18:00:00Z,113.621002,113.675003,113.560997,113.560997
2026-07-15T19:00:00Z,113.560997,113.686996,113.559998,113.667000
2026-07-15T20:00:00Z,113.667999,113.680000,113.512001,113.513000
2026-07-15T21:00:00Z,113.445999,113.632004,113.424004,113.512001
2026-07-15T22:00:00Z,113.512001,113.605003,113.472000,113.565002
2026-07-15T23:00:00Z,113.574997,113.615997,113.549004,113.568001
2026-07-16T00:00:00Z,113.568001,113.638000,113.396004,113.433998
2026-07-16T01:00:00Z,113.433998,113.447998,113.269997,113.338997
2026-07-16T02:00:00Z,113.337997,113.436996,113.267998,113.422997
2026-07-16T03:00:00Z,113.422997,113.473999,113.402000,113.463997
2026-07-16T04:00:00Z,113.463997,113.533997,113.427002,113.444000
2026-07-16T05:00:00Z,113.444000,113.496002,113.385002,113.419998
2026-07-16T06:00:00Z,113.413002,113.487999,113.400002,113.470001
2026-07-16T07:00:00Z,113.476997,113.485001,113.367996,113.408997
2026-07-16T08:00:00Z,113.408997,113.481003,113.377998,113.475998
2026-07-16T09:00:00Z,113.470001,113.536003,113.462997,113.502998
2026-07-16T10:00:00Z,113.501999,113.599998,113.500000,113.551003
2026-07-16T11:00:00Z,113.551003,113.630997,113.468002,113.619003
2026-07-16T12:00:00Z,113.619003,113.681999,113.526001,113.565002
2026-07-16T13:00:00Z,113.557999,113.719002,113.557999,113.671997
2026-07-16T14:00:00Z,113.670998,113.878998,113.654999,113.780998
2026-07-16T15:00:00Z,113.780998,113.795998,113.705002,113.723999
2026-07-16T16:00:00Z,113.716003,113.732002,113.609001,113.624001
2026-07-16T17:00:00Z,113.629997,113.638000,113.559998,113.566002
2026-07-16T18:00:00Z,113.566002,113.605003,113.541000,113.592003
2026-07-16T19:00:00Z,113.584999,113.610001,113.539001,113.601997
2026-07-16T20:00:00Z,113.601997,113.616997,113.533997,113.533997
2026-07-16T21:00:00Z,113.523003,113.667999,113.472000,113.528000
2026-07-16T22:00:00Z,113.528000,113.602997,113.519997,113.596001
2026-07-16T23:00:00Z,113.574997,113.667999,113.570000,113.666000
2026-07-17T00:00:00Z,113.657997,113.686996,113.517998,113.666000
2026-07-17T01:00:00Z,113.671997,113.713997,113.398003,113.444000
2026-07-17T02:00:00Z,113.445999,113.468002,113.274002,113.313004
2026-07-17T03:00:00Z,113.315002,113.456001,113.314003,113.383003
2026-07-17T04:00:00Z,113.384003,113.392998,113.304001,113.346001
2026-07-17T05:00:00Z,113.344002,113.382004,113.283997,113.316002
2026-07-17T06:00:00Z,113.319000,113.499001,113.259003,113.346001
2026-07-17T07:00:00Z,113.346001,113.378998,113.286003,113.331001
2026-07-17T08:00:00Z,113.332001,113.394997,113.196999,113.223999
2026-07-17T09:00:00Z,113.222000,113.295998,113.134003,113.188004
2026-07-17T10:00:00Z,113.195999,113.230003,113.156998,113.161003
2026-07-17T11:00:00Z,113.161003,113.271004,113.097000,113.234001
2026-07-17T12:00:00Z,113.238998,113.253998,113.166000,113.188004
2026-07-17T13:00:00Z,113.182999,113.311996,113.141998,113.282997
2026-07-17T14:00:00Z,113.275002,113.389000,113.254997,113.369003
2026-07-17T15:00:00Z,113.373001,113.442001,113.332001,113.432999
2026-07-17T16:00:00Z,113.434998,113.531998,113.386002,113.439003
2026-07-17T17:00:00Z,113.427002,113.474998,113.402000,113.417999
2026-07-17T18:00:00Z,113.410004,113.447998,113.387001,113.408997
2026-07-17T19:00:00Z,113.414001,113.467003,113.380997,113.411003
2026-07-17T20:00:00Z,113.417000,113.417000,113.247002,113.350998
2026-07-17T21:00:00Z,113.383003,113.383003,113.383003,113.383003
2026-07-19T23:00:00Z,113.349998,113.418999,113.332001,113.410004
2026-07-20T00:00:00Z,113.410004,113.498001,113.343002,113.378998
2026-07-20T01:00:00Z,113.376999,113.474998,113.374001,113.452003
2026-07-20T02:00:00Z,113.452003,113.564003,113.431000,113.528000
2026-07-20T03:00:00Z,113.525002,113.571999,113.473999,113.553001
2026-07-20T04:00:00Z,113.547997,113.634003,113.544998,113.584999
2026-07-20T05:00:00Z,113.584999,113.595001,113.487999,113.504997
2026-07-20T06:00:00Z,113.504997,113.544998,113.431999,113.514000
2026-07-20T07:00:00Z,113.516998,113.711998,113.510002,113.656998
2026-07-20T08:00:00Z,113.653999,113.704002,113.609001,113.658997
2026-07-20T09:00:00Z,113.664001,113.684998,113.601997,113.664001
2026-07-20T10:00:00Z,113.665001,113.804001,113.649002,113.786003
2026-07-20T11:00:00Z,113.786003,113.870003,113.760002,113.789001
2026-07-20T12:00:00Z,113.789001,113.805000,113.694000,113.758003
2026-07-20T13:00:00Z,113.758003,113.912003,113.741997,113.903000
2026-07-20T14:00:00Z,113.902000,114.012001,113.745003,113.763000
2026-07-20T15:00:00Z,113.763000,113.849998,113.749001,113.842003
2026-07-20T16:00:00Z,113.841003,113.903000,113.775002,113.822998
2026-07-20T17:00:00Z,113.815002,113.831001,113.764999,113.779999
2026-07-20T18:00:00Z,113.778000,113.820000,113.748001,113.781998
2026-07-20T19:00:00Z,113.783997,113.795998,113.716003,113.753998
2026-07-20T20:00:00Z,113.754997,113.774002,113.612000,113.612000
2026-07-20T21:00:00Z,113.625000,113.806000,113.565002,113.568001
2026-07-20T22:00:00Z,113.568001,113.705002,113.568001,113.653999
2026-07-20T23:00:00Z,113.664001,113.755997,113.655998,113.749001
2026-07-21T00:00:00Z,113.739998,113.858002,113.667000,113.796997
2026-07-21T01:00:00Z,113.796997,113.870003,113.773003,113.837997
2026-07-21T02:00:00Z,113.837997,113.917999,113.808998,113.848999
2026-07-21T03:00:00Z,113.846001,113.869003,113.795998,113.806000
2026-07-21T04:00:00Z,113.799004,113.871002,113.790001,113.859001
2026-07-21T05:00:00Z,113.860001,113.903999,113.853996,113.884003
2026-07-21T06:00:00Z,113.884003,114.074997,113.884003,114.046997
2026-07-21T07:00:00Z,114.052002,114.148003,114.046997,114.120003
2026-07-21T08:00:00Z,114.120003,114.246002,114.112999,114.233002
2026-07-21T09:00:00Z,114.233002,114.288002,114.220001,114.248001
2026-07-21T10:00:00Z,114.255997,114.293999,114.170998,114.181999
2026-07-21T11:00:00Z,114.172997,114.232002,114.144997,114.195999
2026-07-21T12:00:00Z,114.203003,114.220001,114.122002,114.169998
2026-07-21T13:00:00Z,114.165001,114.197998,114.010002,114.087997
2026-07-21T14:00:00Z,114.087997,114.237000,114.087997,114.181000
2026-07-21T15:00:00Z,114.179001,114.286003,114.142998,114.223999
2026-07-21T16:00:00Z,114.223999,114.241997,114.147003,114.208000
2026-07-21T17:00:00Z,114.208000,114.224998,114.183998,114.208000
2026-07-21T18:00:00Z,114.208000,114.346001,114.184998,114.319000
2026-07-21T19:00:00Z,114.320000,114.343002,114.242996,114.292999
2026-07-21T20:00:00Z,114.291000,114.307999,114.148003,114.181999
2026-07-21T21:00:00Z,114.181999,114.260002,114.097000,114.166000
2026-07-21T22:00:00Z,114.160004,114.230003,114.130997,114.204002
2026-07-21T23:00:00Z,114.205002,114.242996,114.189003,114.231003
2026-07-22T00:00:00Z,114.231003,114.348000,114.177002,114.334000
2026-07-22T01:00:00Z,114.336998,114.397003,114.273003,114.293999
2026-07-22T02:00:00Z,114.287003,114.302002,114.209999,114.248001
2026-07-22T03:00:00Z,114.242996,114.291000,114.170998,114.190002
2026-07-22T04:00:00Z,114.190002,114.213997,114.165001,114.205002
2026-07-22T05:00:00Z,114.198997,114.211998,114.074997,114.106003
2026-07-22T06:00:00Z,114.106003,114.155998,114.004997,114.092003
2026-07-22T07:00:00Z,114.092003,114.220001,113.920998,113.988998
2026-07-22T08:00:00Z,113.989998,114.105003,113.948997,114.026001
2026-07-22T09:00:00Z,114.016998,114.068001,113.986000,114.019997
2026-07-22T10:00:00Z,114.014000,114.066002,113.986000,113.988998
2026-07-22T11:00:00Z,113.997002,114.058998,113.956001,114.054001
2026-07-22T12:00:00Z,114.054001,114.077003,113.860001,113.916000
2026-07-22T13:00:00Z,113.916000,114.107002,113.916000,114.051003
2026-07-22T14:00:00Z,114.051003,114.130997,114.024002,114.113998
2026-07-22T15:00:00Z,114.114998,114.158997,114.091003,114.152000
2026-07-22T16:00:00Z,114.153000,114.166000,114.060997,114.097000
2026-07-22T17:00:00Z,114.096001,114.125999,114.072998,114.080002
2026-07-22T18:00:00Z,114.079002,114.112000,114.054001,114.098000
2026-07-22T19:00:00Z,114.102997,114.134003,114.080002,114.119003
2026-07-22T20:00:00Z,114.117996,114.171997,114.096001,114.123001
2026-07-22T21:00:00Z,114.098000,114.143997,113.878998,114.014999
2026-07-22T22:00:00Z,113.986000,114.070999,113.956001,113.983002
2026-07-22T23:00:00Z,113.985001,114.019997,113.970001,113.987999
2026-07-23T00:00:00Z,113.988998,114.056000,113.972000,114.038002
2026-07-23T01:00:00Z,114.038002,114.445000,114.013000,114.324997
2026-07-23T02:00:00Z,114.318001,114.434998,114.293999,114.403000
2026-07-23T03:00:00Z,114.397003,114.445000,114.329002,114.430000
2026-07-23T04:00:00Z,114.424004,114.482002,114.366997,114.396004
2026-07-23T05:00:00Z,114.391998,114.433998,114.346001,114.370003
2026-07-23T06:00:00Z,114.369003,114.415001,114.260002,114.260002
2026-07-23T07:00:00Z,114.260002,114.384003,114.217003,114.371002
2026-07-23T08:00:00Z,114.371002,114.417999,114.329002,114.338997
2026-07-23T09:00:00Z,114.339996,114.411003,114.318001,114.331001
2026-07-23T10:00:00Z,114.334999,114.362000,114.278999,114.315002
2026-07-23T11:00:00Z,114.315002,114.334000,114.140999,114.320999
2026-07-23T12:00:00Z,114.329002,114.335999,114.091003,114.221001
2026-07-23T13:00:00Z,114.226997,114.362999,114.129997,114.325996
2026-07-23T14:00:00Z,114.320999,114.392998,114.237999,114.306999
2026-07-23T15:00:00Z,114.300003,114.324997,114.141998,114.237999
2026-07-23T16:00:00Z,114.237999,114.301003,114.220001,114.276001
2026-07-23T17:00:00Z,114.271004,114.278999,114.165001,114.179001
2026-07-23T18:00:00Z,114.179001,114.190002,114.082001,114.103996
2026-07-23T19:00:00Z,114.108002,114.124001,114.056999,114.120003
2026-07-23T20:00:00Z,114.119003,114.181999,114.086998,114.126999
2026-07-23T21:00:00Z,114.125999,114.223000,114.004997,114.121002
2026-07-23T22:00:00Z,114.113998,114.178001,114.074997,114.165001
2026-07-23T23:00:00Z,114.166000,114.179001,114.137001,114.147003
2026-07-24T00:00:00Z,114.148003,114.317001,114.135002,114.281998
2026-07-24T01:00:00Z,114.287003,114.300003,114.210999,114.244003
2026-07-24T02:00:00Z,114.244003,114.306000,114.195000,114.195000
2026-07-24T03:00:00Z,114.195999,114.299004,114.191002,114.238998
2026-07-24T04:00:00Z,114.238998,114.294998,114.206001,114.235001
2026-07-24T05:00:00Z,114.235001,114.342003,114.226997,114.248001
2026-07-24T06:00:00Z,114.241997,114.364998,114.228996,114.357002
2026-07-24T07:00:00Z,114.357002,114.411003,114.341003,114.373001
2026-07-24T08:00:00Z,114.374001,114.449997,114.362000,114.403999
2026-07-24T09:00:00Z,114.405998,114.448997,114.389999,114.442001
2026-07-24T10:00:00Z,114.442001,114.528000,114.427002,114.511002
2026-07-24T11:00:00Z,114.512001,114.533997,114.430000,114.464996
2026-07-24T12:00:00Z,114.471001,114.483002,114.268997,114.308998
2026-07-24T13:00:00Z,114.305000,114.330002,114.191002,114.252998
2026-07-24T14:00:00Z,114.264000,114.434998,114.240997,114.421997
2026-07-24T15:00:00Z,114.425003,114.565002,114.419998,114.512001
2026-07-24T16:00:00Z,114.518997,114.538002,114.439003,114.488998
2026-07-24T17:00:00Z,114.480003,114.501999,114.418999,114.429001
2026-07-24T18:00:00Z,114.429001,114.445000,114.375999,114.401001
2026-07-24T19:00:00Z,114.402000,114.407997,114.339996,114.367996
2026-07-24T20:00:00Z,114.367996,114.413002,114.240997,114.240997
2026-07-24T21:00:00Z,114.367996,114.373001,114.367996,114.373001
2026-07-26T23:00:00Z,114.450996,114.487000,114.414001,114.430000
2026-07-27T00:00:00Z,114.436996,114.507004,114.416000,114.429001
2026-07-27T01:00:00Z,114.427002,114.528999,114.392998,114.515999
2026-07-27T02:00:00Z,114.519997,114.529999,114.448997,114.473000
2026-07-27T03:00:00Z,114.473000,114.497002,114.413002,114.469002
2026-07-27T04:00:00Z,114.470001,114.489998,114.403000,114.446999
2026-07-27T05:00:00Z,114.447998,114.570000,114.436996,114.540001
2026-07-27T06:00:00Z,114.540001,114.662003,114.501999,114.553001
2026-07-27T07:00:00Z,114.554001,114.588997,114.411003,114.469002
2026-07-27T08:00:00Z,114.469002,114.525002,114.461998,114.514999
2026-07-27T09:00:00Z,114.508003,114.541000,114.474998,114.503998
2026-07-27T10:00:00Z,114.497002,114.575996,114.491997,114.542000
2026-07-27T11:00:00Z,114.550003,114.602997,114.494003,114.513000
2026-07-27T12:00:00Z,114.513000,114.564003,114.453003,114.518997
2026-07-27T13:00:00Z,114.521004,114.617996,114.490997,114.554001
2026-07-27T14:00:00Z,114.555000,114.565002,114.379997,114.464996
2026-07-27T15:00:00Z,114.473000,114.503998,114.401001,114.466003
2026-07-27T16:00:00Z,114.471001,114.515999,114.435997,114.462997
2026-07-27T17:00:00Z,114.466003,114.473000,114.377998,114.431999
2026-07-27T18:00:00Z,114.431000,114.455002,114.380997,114.453003
2026-07-27T19:00:00Z,114.455002,114.488998,114.432999,114.487000
2026-07-27T20:00:00Z,114.487000,114.495003,114.417000,114.445000
2026-07-27T21:00:00Z,114.432999,114.480003,114.318001,114.398003
2026-07-27T22:00:00Z,114.450996,114.450996,114.364998,114.417999
2026-07-27T23:00:00Z,114.408997,114.431999,114.366997,114.422997
2026-07-28T00:00:00Z,114.422997,114.477997,114.350998,114.443001
2026-07-28T01:00:00Z,114.439003,114.542000,114.396004,114.467003
2026-07-28T02:00:00Z,114.459000,114.564003,114.452003,114.486000
2026-07-28T03:00:00Z,114.489998,114.510002,114.301003,114.323997
2026-07-28T04:00:00Z,114.317001,114.322998,114.138000,114.143997
2026-07-28T05:00:00Z,114.146004,114.167999,114.022003,114.070999
2026-07-28T06:00:00Z,114.070999,114.169998,114.012001,114.122002
2026-07-28T07:00:00Z,114.116997,114.227997,114.094002,114.135002
2026-07-28T08:00:00Z,114.135002,114.240997,114.092003,114.235001
2026-07-28T09:00:00Z,114.235001,114.258003,114.128998,114.142998
2026-07-28T10:00:00Z,114.135002,114.207001,114.113998,114.180000
2026-07-28T11:00:00Z,114.181000,114.206001,114.135002,114.176003
2026-07-28T12:00:00Z,114.176003,114.237000,114.162003,114.205002
2026-07-28T13:00:00Z,114.212997,114.265999,114.128998,114.196999
2026-07-28T14:00:00Z,114.189003,114.264000,114.094002,114.157997
2026-07-28T15:00:00Z,114.161003,114.292000,114.116997,114.272003
2026-07-28T16:00:00Z,114.271004,114.346001,114.260002,114.320000
2026-07-28T17:00:00Z,114.320000,114.344002,114.239998,114.258003
2026-07-28T18:00:00Z,114.253998,114.290001,114.225998,114.283997
2026-07-28T19:00:00Z,114.289001,114.329002,114.275002,114.282997
2026-07-28T20:00:00Z,114.276001,114.299004,114.222000,114.227997
2026-07-28T21:00:00Z,114.220001,114.352997,114.128998,114.206001
2026-07-28T22:00:00Z,114.206001,114.286003,114.181999,114.248001
2026-07-28T23:00:00Z,114.247002,114.336998,114.230003,114.277000
2026-07-29T00:00:00Z,114.278999,114.302002,114.077003,114.092003
2026-07-29T01:00:00Z,114.095001,114.162003,113.581001,113.717003
2026-07-29T02:00:00Z,113.726997,113.877998,113.692001,113.755997
2026-07-29T03:00:00Z,113.751999,113.790001,113.641998,113.667000
2026-07-29T04:00:00Z,113.663002,113.667999,113.422997,113.612999
2026-07-29T05:00:00Z,113.610001,113.724998,113.581001,113.714996
2026-07-29T06:00:00Z,113.712997,113.794998,113.672997,113.686996
2026-07-29T07:00:00Z,113.691002,113.778999,113.670998,113.717003
2026-07-29T08:00:00Z,113.717003,113.730003,113.561996,113.573997
2026-07-29T09:00:00Z,113.574997,113.612999,113.513000,113.564003
2026-07-29T10:00:00Z,113.564003,113.633003,113.556999,113.588997
2026-07-29T11:00:00Z,113.594002,113.663002,113.582001,113.623001
2026-07-29T12:00:00Z,113.620003,113.717003,113.556000,113.713997
2026-07-29T13:00:00Z,113.707001,113.795998,113.670998,113.787003
2026-07-29T14:00:00Z,113.791000,113.827003,113.460999,113.468002
2026-07-29T15:00:00Z,113.468002,113.560997,113.448997,113.541000
2026-07-29T16:00:00Z,113.540001,113.557999,113.447998,113.545998
2026-07-29T17:00:00Z,113.544998,113.607002,113.509003,113.565002
2026-07-29T18:00:00Z,113.573997,114.069000,113.482002,114.064003
2026-07-29T19:00:00Z,114.057999,114.113998,113.579002,113.603996
2026-07-29T20:00:00Z,113.603996,113.695000,113.557999,113.598000
2026-07-29T21:00:00Z,113.620003,113.677002,113.435997,113.461998
2026-07-29T22:00:00Z,113.461998,113.712997,113.461998,113.670998
2026-07-29T23:00:00Z,113.672997,113.723999,113.623001,113.626999
2026-07-30T00:00:00Z,113.627998,113.746002,113.568001,113.723000
2026-07-30T01:00:00Z,113.723000,113.822998,113.681000,113.762001
2026-07-30T02:00:00Z,113.762001,113.833000,113.674004,113.690002
2026-07-30T03:00:00Z,113.683998,113.742996,113.630997,113.633003
2026-07-30T04:00:00Z,113.633003,113.684998,113.612999,113.617996
2026-07-30T05:00:00Z,113.617996,113.723000,113.588997,113.644997
2026-07-30T06:00:00Z,113.644997,113.800003,113.625999,113.771004
2026-07-30T07:00:00Z,113.776001,113.885002,113.761002,113.792999
2026-07-30T08:00:00Z,113.788002,113.930000,113.778999,113.885002
2026-07-30T09:00:00Z,113.885002,113.957001,113.842003,113.860001
2026-07-30T10:00:00Z,113.855003,113.865997,113.297997,113.582001
2026-07-30T11:00:00Z,113.583000,113.754997,113.528999,113.727997
2026-07-30T12:00:00Z,113.723000,113.778999,113.574997,113.653000
2026-07-30T13:00:00Z,113.650002,113.688004,112.084999,112.098999
2026-07-30T14:00:00Z,112.105003,112.164001,110.855003,111.550003
2026-07-30T15:00:00Z,111.550003,111.975998,111.361000,111.955002
2026-07-30T16:00:00Z,111.950996,112.160004,111.945999,112.107002
2026-07-30T17:00:00Z,112.110001,112.274002,111.363998,111.757004
2026-07-30T18:00:00Z,111.764000,111.825996,111.674004,111.681999
2026-07-30T19:00:00Z,111.681000,112.091003,111.681000,112.032997
2026-07-30T20:00:00Z,112.032997,112.186996,111.983002,112.014000
2026-07-30T21:00:00Z,112.011002,112.148003,111.859001,112.042999
2026-07-30T22:00:00Z,112.125999,112.277000,112.021004,112.237999
2026-07-30T23:00:00Z,112.204002,112.545998,112.158997,112.509003
2026-07-31T00:00:00Z,112.513000,112.954002,112.498001,112.845001
2026-07-31T01:00:00Z,112.843002,112.942001,112.707001,112.891998
2026-07-31T02:00:00Z,112.892998,112.896004,112.666000,112.737000
2026-07-31T03:00:00Z,112.738998,112.969002,112.711998,112.820999
2026-07-31T04:00:00Z,112.820999,112.983002,112.787003,112.899002
2026-07-31T05:00:00Z,112.899002,112.972000,112.845001,112.885002
2026-07-31T06:00:00Z,112.878998,112.917000,112.508003,112.716003
2026-07-31T07:00:00Z,112.719002,112.973999,112.616997,112.625000
2026-07-31T08:00:00Z,112.621002,112.761002,111.621002,111.894997
2026-07-31T09:00:00Z,111.900002,112.584000,111.662003,112.531998
2026-07-31T10:00:00Z,112.533997,112.614998,112.434998,112.474998
2026-07-31T11:00:00Z,112.471001,112.538002,112.405998,112.438004
2026-07-31T12:00:00Z,112.441002,112.517998,112.405998,112.445000
2026-07-31T13:00:00Z,112.436996,112.566002,111.657997,111.667000
2026-07-31T14:00:00Z,111.667999,111.980003,111.235001,111.817001
2026-07-31T15:00:00Z,111.820999,111.889999,111.553001,111.780998
2026-07-31T16:00:00Z,111.787003,111.958000,111.763000,111.948997
2026-07-31T17:00:00Z,111.948997,112.122002,111.269997,111.487000
2026-07-31T18:00:00Z,111.487999,111.908997,111.389000,111.801003
2026-07-31T19:00:00Z,111.805000,112.047997,111.780998,111.966003
2026-07-31T20:00:00Z,111.971001,111.994003,110.289001,110.477997
2026-07-31T21:00:00Z,110.563004,110.563004,110.563004,110.563004
2026-08-02T23:00:00Z,110.832001,111.198997,110.658997,111.021004
2026-08-03T00:00:00Z,111.017998,111.172997,109.371002,109.931999
2026-08-03T01:00:00Z,109.934998,110.096001,109.426003,109.970001
2026-08-03T02:00:00Z,109.968002,110.119003,109.848999,110.015999
2026-08-03T03:00:00Z,110.013000,110.097000,109.873001,110.018997
2026-08-03T04:00:00Z,110.016998,110.058998,109.938004,109.992996
2026-08-03T05:00:00Z,109.992996,110.043999,109.939003,110.035004
2026-08-03T06:00:00Z,110.033997,110.238998,109.990997,110.157997
2026-08-03T07:00:00Z,110.163002,110.177002,109.916000,110.011002
2026-08-03T08:00:00Z,110.017998,110.044998,109.818001,110.028999
2026-08-03T09:00:00Z,110.027000,110.110001,109.928001,110.018997
2026-08-03T10:00:00Z,110.015999,110.028000,109.680000,109.777000
2026-08-03T11:00:00Z,109.782997,109.948997,109.690002,109.789001
2026-08-03T12:00:00Z,109.787003,109.822998,109.678001,109.744003
2026-08-03T13:00:00Z,109.744003,109.776001,109.231003,109.361000
2026-08-03T14:00:00Z,109.382004,109.627998,109.231003,109.570000
2026-08-03T15:00:00Z,109.567001,109.910004,109.559998,109.865997
2026-08-03T16:00:00Z,109.864998,109.872002,109.602997,109.777000
2026-08-03T17:00:00Z,109.769997,109.800003,109.735001,109.797997
2026-08-03T18:00:00Z,109.791000,109.825996,109.657997,109.732002
2026-08-03T19:00:00Z,109.726997,109.874001,109.716003,109.859001
2026-08-03T20:00:00Z,109.855003,110.051003,109.802002,109.980003
2026-08-03T21:00:00Z,109.987000,110.069000,109.912003,110.032997
2026-08-03T22:00:00Z,109.989998,110.177002,109.960999,110.136002
2026-08-03T23:00:00Z,110.133003,110.320999,110.067001,110.231003
2026-08-04T00:00:00Z,110.227997,110.306999,110.092003,110.242996
2026-08-04T01:00:00Z,110.242996,110.541000,110.228996,110.532997
2026-08-04T02:00:00Z,110.532997,110.677002,110.516998,110.639000
2026-08-04T03:00:00Z,110.634003,110.692001,110.567001,110.643997
2026-08-04T04:00:00Z,110.646004,110.671997,110.516998,110.577003
2026-08-04T05:00:00Z,110.577003,110.698997,110.528000,110.685997
2026-08-04T06:00:00Z,110.690002,110.691002,110.553001,110.595001
2026-08-04T07:00:00Z,110.596001,110.772003,110.595001,110.740997
2026-08-04T08:00:00Z,110.741997,110.827003,110.725998,110.815002
2026-08-04T09:00:00Z,110.815002,110.987999,110.792999,110.959000
2026-08-04T10:00:00Z,110.959000,111.028000,110.924004,110.971001
2026-08-04T11:00:00Z,110.970001,110.989998,110.670998,110.734001
2026-08-04T12:00:00Z,110.728996,110.807999,110.620003,110.788002
2026-08-04T13:00:00Z,110.790001,110.800003,110.610001,110.760002
2026-08-04T14:00:00Z,110.752998,110.929001,110.661003,110.889000
2026-08-04T15:00:00Z,110.889999,110.916000,110.702003,110.786003
2026-08-04T16:00:00Z,110.781998,110.942001,110.772003,110.903000
2026-08-04T17:00:00Z,110.898003,110.983002,110.883003,110.941002
2026-08-04T18:00:00Z,110.941002,111.088997,110.934998,111.073997
2026-08-04T19:00:00Z,111.068001,111.217003,111.065002,111.154999
2026-08-04T20:00:00Z,111.158997,111.178001,111.031998,111.073997
2026-08-04T21:00:00Z,111.078003,111.165001,110.960999,111.112999
2026-08-04T22:00:00Z,111.128998,111.189003,111.051003,111.157997
2026-08-04T23:00:00Z,111.178001,111.222000,111.096001,111.124001
2026-08-05T00:00:00Z,111.121002,111.180000,110.917000,110.973000
2026-08-05T01:00:00Z,110.973000,111.036003,110.950996,111.029999
2026-08-05T02:00:00Z,111.029999,111.094002,110.844002,110.958000
2026-08-05T03:00:00Z,110.959000,111.046997,110.942001,110.959999
2026-08-05T04:00:00Z,110.959999,111.138000,110.958000,111.115997
2026-08-05T05:00:00Z,111.114998,111.121002,111.056000,111.099998
2026-08-05T06:00:00Z,111.099998,111.160004,111.017998,111.102997
2026-08-05T07:00:00Z,111.101997,111.153000,110.968002,111.139999
2026-08-05T08:00:00Z,111.144997,111.221001,111.122002,111.154999
2026-08-05T09:00:00Z,111.149002,111.208000,111.111000,111.151001
2026-08-05T10:00:00Z,111.152000,111.175003,111.047997,111.055000
2026-08-05T11:00:00Z,111.057999,111.105003,110.966003,111.065002
2026-08-05T12:00:00Z,111.064003,111.134003,111.014999,111.085999
2026-08-05T13:00:00Z,111.085999,111.136002,110.987999,111.110001
2026-08-05T14:00:00Z,111.117996,111.247002,111.026001,111.152000
2026-08-05T15:00:00Z,111.152000,111.202003,111.108002,111.141998
2026-08-05T16:00:00Z,111.149002,111.239998,111.128998,111.234001
2026-08-05T17:00:00Z,111.237999,111.335999,111.213997,111.330002
2026-08-05T18:00:00Z,111.330002,111.355003,111.302002,111.320999
2026-08-05T19:00:00Z,111.320999,111.351997,111.266998,111.267998
2026-08-05T20:00:00Z,111.275002,111.349998,111.245003,111.292999
2026-08-05T21:00:00Z,111.274002,111.330002,111.132004,111.154999
2026-08-05T22:00:00Z,111.153999,111.313004,111.153999,111.271004
2026-08-05T23:00:00Z,111.277000,111.283997,111.195999,111.218002
2026-08-06T00:00:00Z,111.220001,111.352997,111.217003,111.311996
2026-08-06T01:00:00Z,111.307999,111.343002,111.208000,111.262001
2026-08-06T02:00:00Z,111.255997,111.295998,111.221001,111.248001
2026-08-06T03:00:00Z,111.248001,111.266998,111.115997,111.156998
2026-08-06T04:00:00Z,111.161003,111.168999,111.099998,111.163002
2026-08-06T05:00:00Z,111.165001,111.191002,111.098000,111.170998
2026-08-06T06:00:00Z,111.168999,111.182999,111.087997,111.129997
2026-08-06T07:00:00Z,111.134003,111.139999,111.070999,111.096001
2026-08-06T08:00:00Z,111.096001,111.186996,111.074997,111.181000
2026-08-06T09:00:00Z,111.181000,111.188004,111.123001,111.170998
2026-08-06T10:00:00Z,111.167000,111.185997,111.124001,111.176003
2026-08-06T11:00:00Z,111.179001,111.219002,111.111000,111.180000
2026-08-06T12:00:00Z,111.180000,111.200996,111.085999,111.127998
2026-08-06T13:00:00Z,111.129997,111.184998,111.065002,111.140999
2026-08-06T14:00:00Z,111.142998,111.413002,111.141998,111.402000
2026-08-06T15:00:00Z,111.399002,111.489998,111.330002,111.343002
2026-08-06T16:00:00Z,111.345001,111.453003,111.183998,111.452003
2026-08-06T17:00:00Z,111.448997,111.458000,111.377998,111.399002
2026-08-06T18:00:00Z,111.399002,111.438004,111.342003,111.359001
2026-08-06T19:00:00Z,111.352997,111.433998,111.348000,111.400002
2026-08-06T20:00:00Z,111.402000,111.449997,111.336998,111.358002
2026-08-06T21:00:00Z,111.302002,111.469002,111.231003,111.374001
2026-08-06T22:00:00Z,111.370003,111.439003,111.334000,111.391998
2026-08-06T23:00:00Z,111.385002,111.422997,111.343002,111.417999
2026-08-07T00:00:00Z,111.412003,111.444000,111.366997,111.419998
2026-08-07T01:00:00Z,111.418999,111.447998,111.192001,111.278999
2026-08-07T02:00:00Z,111.278999,111.323997,111.189003,111.232002
2026-08-07T03:00:00Z,111.232002,111.302002,111.224998,111.275002
2026-08-07T04:00:00Z,111.273003,111.337997,111.240997,111.275002
2026-08-07T05:00:00Z,111.275002,111.322998,111.258003,111.276001
2026-08-07T06:00:00Z,111.273003,111.378998,111.250000,111.373001
2026-08-07T07:00:00Z,111.369003,111.483002,111.350998,111.433998
2026-08-07T08:00:00Z,111.445999,111.511002,111.410004,111.442001
2026-08-07T09:00:00Z,111.443001,111.510002,111.433998,111.490997
2026-08-07T10:00:00Z,111.487999,111.527000,111.357002,111.379997
2026-08-07T11:00:00Z,111.379997,111.480003,111.375999,111.466003
2026-08-07T12:00:00Z,111.464996,111.513000,110.754997,111.237000
2026-08-07T13:00:00Z,111.232002,111.403999,111.143997,111.356003
2026-08-07T14:00:00Z,111.355003,111.529999,111.322998,111.487000
2026-08-07T15:00:00Z,111.488998,111.514999,111.192001,111.266998
2026-08-07T16:00:00Z,111.271004,111.308998,111.121002,111.235001
2026-08-07T17:00:00Z,111.235001,111.294998,111.221001,111.287003
2026-08-07T18:00:00Z,111.291000,111.374001,111.278999,111.349998
2026-08-07T19:00:00Z,111.348999,111.446999,111.345001,111.382004
2026-08-07T20:00:00Z,111.382004,111.536003,111.362999,111.406998
2026-08-07T21:00:00Z,111.519997,111.519997,111.519997,111.519997
2026-08-09T23:00:00Z,111.570000,111.580002,111.502998,111.507004
2026-08-10T00:00:00Z,111.507004,111.611000,111.501999,111.537003
2026-08-10T01:00:00Z,111.537003,111.822998,111.508003,111.801003
2026-08-10T02:00:00Z,111.800003,111.824997,111.716003,111.720001
2026-08-10T03:00:00Z,111.720001,111.730003,111.627998,111.661003
2026-08-10T04:00:00Z,111.663002,111.800003,111.650002,111.789001
2026-08-10T05:00:00Z,111.789001,111.928001,111.782997,111.918999
2026-08-10T06:00:00Z,111.918999,111.997002,111.888000,111.917000
2026-08-10T07:00:00Z,111.917000,112.067001,111.905998,112.054001
2026-08-10T08:00:00Z,112.056000,112.193001,112.021004,112.165001
2026-08-10T09:00:00Z,112.165001,112.247002,112.141998,112.217003
2026-08-10T10:00:00Z,112.212997,112.244003,112.133003,112.208000
2026-08-10T11:00:00Z,112.206001,112.223000,112.146004,112.174004
2026-08-10T12:00:00Z,112.169998,112.180000,111.875999,112.155998
2026-08-10T13:00:00Z,112.155998,112.211998,112.084000,112.205002
2026-08-10T14:00:00Z,112.209000,112.302002,112.182999,112.249001
2026-08-10T15:00:00Z,112.246002,112.308998,112.193001,112.260002
2026-08-10T16:00:00Z,112.260002,112.301003,112.238998,112.286003
2026-08-10T17:00:00Z,112.286003,112.344002,112.253998,112.262001
2026-08-10T18:00:00Z,112.262001,112.422997,112.246002,112.362999
2026-08-10T19:00:00Z,112.360001,112.450996,112.337997,112.371002
2026-08-10T20:00:00Z,112.371002,112.390999,112.316002,112.320000
2026-08-10T21:00:00Z,112.311996,112.417000,112.253998,112.322998
2026-08-10T22:00:00Z,112.320999,112.389000,112.225998,112.375999
2026-08-10T23:00:00Z,112.362999,112.389000,112.252998,112.280998
2026-08-11T00:00:00Z,112.279999,112.356003,112.166000,112.285004
2026-08-11T01:00:00Z,112.280998,112.361000,112.206001,112.343002
2026-08-11T02:00:00Z,112.343002,112.414001,112.325996,112.330002
2026-08-11T03:00:00Z,112.331001,112.373001,112.315002,112.353996
2026-08-11T04:00:00Z,112.359001,112.387001,112.047997,112.226997
2026-08-11T05:00:00Z,112.223999,112.362000,112.078003,112.316002
2026-08-11T06:00:00Z,112.316002,112.370003,112.253998,112.275002
2026-08-11T07:00:00Z,112.275002,112.392998,112.266998,112.303001
2026-08-11T08:00:00Z,112.302002,112.407997,112.282997,112.378998
2026-08-11T09:00:00Z,112.378998,112.406998,112.338997,112.398003
2026-08-11T10:00:00Z,112.398003,112.461998,112.388000,112.431999
2026-08-11T11:00:00Z,112.431999,112.454002,112.367996,112.438004
2026-08-11T12:00:00Z,112.439003,112.552002,112.436996,112.505997
2026-08-11T13:00:00Z,112.501999,112.553001,112.460999,112.531998
2026-08-11T14:00:00Z,112.532997,112.570999,112.472000,112.473999
2026-08-11T15:00:00Z,112.473999,112.489998,112.389999,112.452003
2026-08-11T16:00:00Z,112.445000,112.472000,112.407997,112.466003
2026-08-11T17:00:00Z,112.461998,112.482002,112.436996,112.454002
2026-08-11T18:00:00Z,112.459000,112.462997,112.380997,112.420998
2026-08-11T19:00:00Z,112.414001,112.478996,112.411003,112.463997
2026-08-11T20:00:00Z,112.469002,112.524002,112.431000,112.434998
2026-08-11T21:00:00Z,112.417999,112.498001,112.320000,112.418999
2026-08-11T22:00:00Z,112.415001,112.508003,112.371002,112.496002
2026-08-11T23:00:00Z,112.503998,112.531998,112.488998,112.501999
2026-08-12T00:00:00Z,112.503998,112.579002,112.467003,112.566002
2026-08-12T01:00:00Z,112.564003,112.571999,112.436996,112.464996
2026-08-12T02:00:00Z,112.464996,112.529999,112.413002,112.500999
2026-08-12T03:00:00Z,112.500999,112.556999,112.473999,112.499001
2026-08-12T04:00:00Z,112.499001,112.521004,112.444000,112.485001
2026-08-12T05:00:00Z,112.483002,112.542000,112.419998,112.536003
2026-08-12T06:00:00Z,112.535004,112.554001,112.464996,112.521004
2026-08-12T07:00:00Z,112.516998,112.565002,112.444000,112.475998
2026-08-12T08:00:00Z,112.478996,112.499001,112.418999,112.467003
2026-08-12T09:00:00Z,112.468002,112.511002,112.123001,112.435997
2026-08-12T10:00:00Z,112.431999,112.528000,112.418999,112.461998
2026-08-12T11:00:00Z,112.461998,112.496002,112.390999,112.488998
2026-08-12T12:00:00Z,112.488998,112.601997,112.170998,112.556999
2026-08-12T13:00:00Z,112.557999,112.656998,112.469002,112.653000
2026-08-12T14:00:00Z,112.653000,112.752998,112.549004,112.593002
2026-08-12T15:00:00Z,112.593002,112.654999,112.541000,112.565002
2026-08-12T16:00:00Z,112.560997,112.595001,112.542000,112.575996
2026-08-12T17:00:00Z,112.582001,112.654999,112.567001,112.625999
2026-08-12T18:00:00Z,112.630997,112.664001,112.609001,112.625999
2026-08-12T19:00:00Z,112.621002,112.661003,112.589996,112.650002
2026-08-12T20:00:00Z,112.657997,112.666000,112.522003,112.542999
2026-08-12T21:00:00Z,112.523003,112.587997,112.459000,112.517998
2026-08-12T22:00:00Z,112.516998,112.588997,112.480003,112.571999
2026-08-12T23:00:00Z,112.560997,112.581001,112.521004,112.543999
2026-08-13T00:00:00Z,112.543999,112.602997,112.469002,112.499001
2026-08-13T01:00:00Z,112.496002,112.505997,112.419998,112.443001
2026-08-13T02:00:00Z,112.438004,112.473000,112.390999,112.438004
2026-08-13T03:00:00Z,112.438004,112.444000,112.351997,112.363998
2026-08-13T04:00:00Z,112.361000,112.390999,112.210999,112.257004
2026-08-13T05:00:00Z,112.257004,112.359001,112.239998,112.280998
2026-08-13T06:00:00Z,112.280998,112.378998,112.274002,112.344002
2026-08-13T07:00:00Z,112.345001,112.371002,112.302002,112.328003
2026-08-13T08:00:00Z,112.325996,112.363998,112.293999,112.346001
2026-08-13T09:00:00Z,112.345001,112.457001,112.334999,112.453003
2026-08-13T10:00:00Z,112.453003,112.462997,112.388000,112.405998
2026-08-13T11:00:00Z,112.405998,112.411003,112.341003,112.372002
2026-08-13T12:00:00Z,112.372002,112.458000,112.278000,112.449997
2026-08-13T13:00:00Z,112.452003,112.485001,112.388000,112.391998
2026-08-13T14:00:00Z,112.393997,112.480003,112.317001,112.440002
2026-08-13T15:00:00Z,112.446999,112.494003,112.425003,112.454002
2026-08-13T16:00:00Z,112.457001,112.595001,112.447998,112.580002
2026-08-13T17:00:00Z,112.580002,112.608002,112.556000,112.560997
2026-08-13T18:00:00Z,112.560997,112.578003,112.530998,112.567001
2026-08-13T19:00:00Z,112.570999,112.621002,112.556000,112.612999
2026-08-13T20:00:00Z,112.612999,112.640999,112.484001,112.569000
2026-08-13T21:00:00Z,112.553001,112.598999,112.422997,112.539001
2026-08-13T22:00:00Z,112.539001,112.636002,112.495003,112.615997
2026-08-13T23:00:00Z,112.605003,112.638000,112.598999,112.613998
2026-08-14T00:00:00Z,112.610001,112.681000,112.519997,112.539001
2026-08-14T01:00:00Z,112.539001,112.577003,112.481003,112.516998
2026-08-14T02:00:00Z,112.514999,112.542999,112.470001,112.482002
2026-08-14T03:00:00Z,112.482002,112.555000,112.445000,112.536003
2026-08-14T04:00:00Z,112.537003,112.559998,112.515999,112.540001
2026-08-14T05:00:00Z,112.537003,112.564003,112.441002,112.556999
2026-08-14T06:00:00Z,112.557999,112.567001,112.455002,112.554001
2026-08-14T07:00:00Z,112.554001,112.620003,112.531998,112.587997
2026-08-14T08:00:00Z,112.587997,112.612999,112.476997,112.575996
2026-08-14T09:00:00Z,112.575996,112.610001,112.543999,112.593002
2026-08-14T10:00:00Z,112.592003,112.629997,112.569000,112.625000
2026-08-14T11:00:00Z,112.625999,112.708000,112.620003,112.661003
2026-08-14T12:00:00Z,112.661003,112.670998,112.384003,112.527000
2026-08-14T13:00:00Z,112.525002,112.706001,112.514999,112.700996
2026-08-14T14:00:00Z,112.700996,112.803001,112.640999,112.772003
2026-08-14T15:00:00Z,112.766998,112.902000,112.745003,112.879997
2026-08-14T16:00:00Z,112.879997,112.947998,112.875000,112.884003
2026-08-14T17:00:00Z,112.883003,112.896004,112.815002,112.839996
2026-08-14T18:00:00Z,112.835999,112.882004,112.815002,112.863998
2026-08-14T19:00:00Z,112.865997,112.906998,112.853996,112.890999
2026-08-14T20:00:00Z,112.890999,112.896004,112.786003,112.828003
2026-08-14T21:00:00Z,112.878998,112.878998,112.878998,112.878998
2026-08-16T23:00:00Z,112.799004,112.874001,112.799004,112.806000
2026-08-17T00:00:00Z,112.805000,112.872002,112.750000,112.782997
2026-08-17T01:00:00Z,112.777000,112.904999,112.741997,112.873001
2026-08-17T02:00:00Z,112.873001,112.884003,112.771004,112.788002
2026-08-17T03:00:00Z,112.788002,112.966003,112.787003,112.957001
2026-08-17T04:00:00Z,112.958000,113.052002,112.948997,112.997002
2026-08-17T05:00:00Z,112.997002,113.189003,112.973999,113.146004
2026-08-17T06:00:00Z,113.148003,113.224998,113.093002,113.207001
2026-08-17T07:00:00Z,113.211998,113.234001,113.132004,113.181000
2026-08-17T08:00:00Z,113.178001,113.320000,113.126999,113.296997
2026-08-17T09:00:00Z,113.292999,113.433998,113.292999,113.416000
2026-08-17T10:00:00Z,113.416000,113.436996,113.379997,113.408997
2026-08-17T11:00:00Z,113.411003,113.483002,113.402000,113.457001
2026-08-17T12:00:00Z,113.457001,113.466003,113.345001,113.408997
2026-08-17T13:00:00Z,113.407997,113.424004,113.288002,113.320000
2026-08-17T14:00:00Z,113.320000,113.440002,113.259003,113.277000
2026-08-17T15:00:00Z,113.277000,113.334999,113.269997,113.323997
2026-08-17T16:00:00Z,113.324997,113.383003,113.319000,113.336998
2026-08-17T17:00:00Z,113.332001,113.349998,113.280998,113.307999
2026-08-17T18:00:00Z,113.307999,113.353996,113.294998,113.335999
2026-08-17T19:00:00Z,113.339996,113.339996,113.260002,113.283997
2026-08-17T20:00:00Z,113.289001,113.311996,113.237999,113.266998
2026-08-17T21:00:00Z,113.250999,113.350998,113.115997,113.225998
2026-08-17T22:00:00Z,113.225998,113.292999,113.151001,113.264999
2026-08-17T23:00:00Z,113.273003,113.277000,113.225998,113.255997
2026-08-18T00:00:00Z,113.251999,113.413002,113.250000,113.339996
2026-08-18T01:00:00Z,113.339996,113.402000,113.310997,113.357002
2026-08-18T02:00:00Z,113.353996,113.412003,113.319000,113.385002
2026-08-18T03:00:00Z,113.388000,113.410004,113.301003,113.320999
2026-08-18T04:00:00Z,113.324997,113.441002,113.316002,113.383003
2026-08-18T05:00:00Z,113.383003,113.387001,113.317001,113.359001
2026-08-18T06:00:00Z,113.361000,113.426003,113.320000,113.403000
2026-08-18T07:00:00Z,113.406998,113.459999,113.390999,113.436996
2026-08-18T08:00:00Z,113.436996,113.454002,113.383003,113.424004
2026-08-18T09:00:00Z,113.419998,113.471001,113.370003,113.463997
2026-08-18T10:00:00Z,113.468002,113.497002,113.446999,113.491997
2026-08-18T11:00:00Z,113.489998,113.553001,113.483002,113.549004
2026-08-18T12:00:00Z,113.547997,113.580002,113.511002,113.541000
2026-08-18T13:00:00Z,113.535004,113.612000,113.486000,113.531998
2026-08-18T14:00:00Z,113.528000,113.538002,113.244003,113.264000
2026-08-18T15:00:00Z,113.260002,113.313004,113.211998,113.241997
2026-08-18T16:00:00Z,113.242996,113.253998,113.154999,113.174004
2026-08-18T17:00:00Z,113.175003,113.176003,113.098000,113.099998
2026-08-18T18:00:00Z,113.099998,113.106003,113.028000,113.064003
2026-08-18T19:00:00Z,113.064003,113.125999,113.049004,113.092003
2026-08-18T20:00:00Z,113.086998,113.110001,113.038002,113.092003
2026-08-18T21:00:00Z,113.092003,113.139999,112.933998,113.030998
2026-08-18T22:00:00Z,113.031998,113.101997,113.000999,113.044998
2026-08-18T23:00:00Z,113.044998,113.056000,112.956001,112.984001
2026-08-19T00:00:00Z,112.978996,113.005997,112.797997,112.804001
2026-08-19T01:00:00Z,112.800003,112.876999,112.740997,112.822998
2026-08-19T02:00:00Z,112.820000,112.862999,112.759003,112.805000
2026-08-19T03:00:00Z,112.806000,112.822998,112.750999,112.751999
2026-08-19T04:00:00Z,112.751999,112.772003,112.585999,112.689003
2026-08-19T05:00:00Z,112.685997,112.698997,112.547997,112.602997
2026-08-19T06:00:00Z,112.602997,112.662003,112.527000,112.646004
2026-08-19T07:00:00Z,112.650002,112.696999,112.505997,112.543999
2026-08-19T08:00:00Z,112.542999,112.653999,112.510002,112.648003
2026-08-19T09:00:00Z,112.647003,112.750999,112.619003,112.622002
2026-08-19T10:00:00Z,112.626999,112.626999,112.545998,112.577003
2026-08-19T11:00:00Z,112.577003,112.614998,112.521004,112.571999
2026-08-19T12:00:00Z,112.571999,112.623001,112.222000,112.586998
2026-08-19T13:00:00Z,112.584000,112.889000,112.568001,112.779999
2026-08-19T14:00:00Z,112.781998,112.843002,112.630997,112.738998
2026-08-19T15:00:00Z,112.741997,112.899002,112.734001,112.844002
2026-08-19T16:00:00Z,112.844002,112.903999,112.789001,112.810997
2026-08-19T17:00:00Z,112.810997,112.848999,112.771004,112.807999
2026-08-19T18:00:00Z,112.802002,112.828003,112.685997,112.753998
2026-08-19T19:00:00Z,112.753998,112.799004,112.610001,112.658997
2026-08-19T20:00:00Z,112.658997,112.705002,112.582001,112.672997
2026-08-19T21:00:00Z,112.676003,112.676003,112.466003,112.581001
2026-08-19T22:00:00Z,112.581001,112.720001,112.578003,112.704002
2026-08-19T23:00:00Z,112.697998,112.772003,112.697998,112.725998
2026-08-20T00:00:00Z,112.723000,112.816002,112.689003,112.730003
2026-08-20T01:00:00Z,112.726997,112.850998,112.472000,112.790001
2026-08-20T02:00:00Z,112.788002,112.811996,112.653999,112.711998
2026-08-20T03:00:00Z,112.711998,112.814003,112.696999,112.790001
2026-08-20T04:00:00Z,112.790001,112.859001,112.750999,112.801003
2026-08-20T05:00:00Z,112.802002,112.916000,112.790001,112.862999
2026-08-20T06:00:00Z,112.862999,112.902000,112.759003,112.792999
2026-08-20T07:00:00Z,112.792000,112.894997,112.730003,112.861000
2026-08-20T08:00:00Z,112.861000,112.957001,112.841003,112.906998
2026-08-20T09:00:00Z,112.907997,112.925003,112.807999,112.869003
2026-08-20T10:00:00Z,112.869003,112.894997,112.817001,112.880997
2026-08-20T11:00:00Z,112.885002,112.941002,112.780998,112.787003
2026-08-20T12:00:00Z,112.790001,112.907997,112.720001,112.896004
2026-08-20T13:00:00Z,112.900002,113.036003,112.888000,113.026001
2026-08-20T14:00:00Z,113.024002,113.112000,113.008003,113.026001
2026-08-20T15:00:00Z,113.023003,113.152000,112.963997,113.088997
2026-08-20T16:00:00Z,113.087997,113.165001,113.070000,113.086998
2026-08-20T17:00:00Z,113.086998,113.139000,113.052002,113.122002
2026-08-20T18:00:00Z,113.120003,113.170998,113.083000,113.161003
2026-08-20T19:00:00Z,113.161003,113.189003,113.126999,113.167999
2026-08-20T20:00:00Z,113.171997,113.189003,113.067001,113.101997
2026-08-20T21:00:00Z,113.098999,113.160004,112.982002,113.080002
2026-08-20T22:00:00Z,113.060997,113.139999,113.014000,113.096001
2026-08-20T23:00:00Z,113.095001,113.144997,113.064003,113.110001
2026-08-21T00:00:00Z,113.110001,113.356003,113.097000,113.292999
2026-08-21T01:00:00Z,113.291000,113.402000,113.280998,113.389000
2026-08-21T02:00:00Z,113.386002,113.531998,113.373001,113.490997
2026-08-21T03:00:00Z,113.487999,113.596001,113.477997,113.539001
2026-08-21T04:00:00Z,113.539001,113.578003,113.509003,113.532997
2026-08-21T05:00:00Z,113.532997,113.542000,113.443001,113.480003
2026-08-21T06:00:00Z,113.480003,113.594002,113.438004,113.528000
2026-08-21T07:00:00Z,113.528000,113.570000,113.403000,113.564003
2026-08-21T08:00:00Z,113.564003,113.681000,113.500000,113.522003
2026-08-21T09:00:00Z,113.521004,113.578003,113.427002,113.532997
2026-08-21T10:00:00Z,113.536003,113.637001,113.533997,113.617996
2026-08-21T11:00:00Z,113.616997,113.680000,113.599998,113.675003
2026-08-21T12:00:00Z,113.677002,113.776001,113.668999,113.754997
2026-08-21T13:00:00Z,113.754997,113.888000,113.742996,113.848999
2026-08-21T14:00:00Z,113.850998,113.920998,113.817001,113.867996
2026-08-21T15:00:00Z,113.869003,114.056999,113.858002,114.027000
2026-08-21T16:00:00Z,114.027000,114.056000,113.956001,114.011002
2026-08-21T17:00:00Z,114.015999,114.134003,114.011002,114.128998
2026-08-21T18:00:00Z,114.128998,114.162003,114.126999,114.144997
2026-08-21T19:00:00Z,114.144997,114.157997,114.033997,114.041000
2026-08-21T20:00:00Z,114.041000,114.055000,113.914001,113.956001
2026-08-21T21:00:00Z,113.963997,113.963997,113.963997,113.963997
2026-08-23T23:00:00Z,113.957001,113.983002,113.927002,113.933998
2026-08-24T00:00:00Z,113.939003,113.983002,113.810997,113.897003
2026-08-24T01:00:00Z,113.897003,113.959999,113.839996,113.848000
2026-08-24T02:00:00Z,113.848999,113.915001,113.810997,113.845001
2026-08-24T03:00:00Z,113.845001,113.898003,113.821999,113.862999
2026-08-24T04:00:00Z,113.857002,113.893997,113.778999,113.850998
2026-08-24T05:00:00Z,113.850998,113.946999,113.848999,113.917000
2026-08-24T06:00:00Z,113.917000,114.004997,113.848999,114.004997
2026-08-24T07:00:00Z,114.000999,114.042000,113.973000,114.025002
2026-08-24T08:00:00Z,114.023003,114.066002,113.981003,113.986000
2026-08-24T09:00:00Z,113.986000,114.054001,113.968002,114.039001
2026-08-24T10:00:00Z,114.043999,114.068001,113.954002,113.984001
2026-08-24T11:00:00Z,113.987999,114.035004,113.922997,113.963997
2026-08-24T12:00:00Z,113.960999,113.970001,113.860001,113.906998
2026-08-24T13:00:00Z,113.906998,114.061996,113.900002,113.983002
2026-08-24T14:00:00Z,113.987000,113.990997,113.857002,113.877998
2026-08-24T15:00:00Z,113.878998,113.890999,113.795998,113.816002
2026-08-24T16:00:00Z,113.817001,113.825996,113.709000,113.727997
2026-08-24T17:00:00Z,113.722000,113.744003,113.653000,113.680000
2026-08-24T18:00:00Z,113.685997,113.802002,113.669998,113.769997
2026-08-24T19:00:00Z,113.774002,113.791000,113.741997,113.764999
2026-08-24T20:00:00Z,113.764999,113.789001,113.657997,113.720001
2026-08-24T21:00:00Z,113.708000,113.781998,113.530998,113.714996
2026-08-24T22:00:00Z,113.696999,113.772003,113.650002,113.758003
2026-08-24T23:00:00Z,113.752998,113.860001,113.709999,113.839996
2026-08-25T00:00:00Z,113.838997,113.944000,113.822998,113.943001
2026-08-25T01:00:00Z,113.942001,113.953003,113.836998,113.905998
2026-08-25T02:00:00Z,113.905998,114.029999,113.891998,113.985001
2026-08-25T03:00:00Z,113.983002,114.049004,113.928001,113.931000
2026-08-25T04:00:00Z,113.931999,113.940002,113.793999,113.879997
2026-08-25T05:00:00Z,113.879997,113.974998,113.865997,113.894997
2026-08-25T06:00:00Z,113.900002,113.935997,113.822998,113.885002
2026-08-25T07:00:00Z,113.885002,113.933998,113.834000,113.894997
2026-08-25T08:00:00Z,113.893997,113.959000,113.827003,113.905998
2026-08-25T09:00:00Z,113.904999,113.991997,113.852997,113.949997
2026-08-25T10:00:00Z,113.949997,113.956001,113.886002,113.929001
2026-08-25T11:00:00Z,113.929001,113.978996,113.899002,113.920998
2026-08-25T12:00:00Z,113.918999,113.969002,113.874001,113.964996
2026-08-25T13:00:00Z,113.962997,114.004997,113.916000,113.959000
2026-08-25T14:00:00Z,113.957001,114.036003,113.906998,113.960999
2026-08-25T15:00:00Z,113.960999,114.004997,113.920998,113.982002
2026-08-25T16:00:00Z,113.986000,114.000999,113.945999,113.962997
2026-08-25T17:00:00Z,113.959000,113.987000,113.948997,113.956001
2026-08-25T18:00:00Z,113.957001,114.008003,113.942001,113.990997
2026-08-25T19:00:00Z,113.994003,114.023003,113.974998,114.017998
2026-08-25T20:00:00Z,114.023003,114.111000,113.977997,113.977997
2026-08-25T21:00:00Z,113.974998,114.059998,113.823997,113.963997
2026-08-25T22:00:00Z,114.023003,114.070000,113.952003,114.063004
2026-08-25T23:00:00Z,114.061996,114.117996,114.053001,114.067001
2026-08-26T00:00:00Z,114.060997,114.152000,113.985001,113.998001
2026-08-26T01:00:00Z,114.000999,114.208000,113.883003,114.136002
2026-08-26T02:00:00Z,114.136002,114.247002,114.014999,114.163002
2026-08-26T03:00:00Z,114.162003,114.233002,114.127998,114.165001
2026-08-26T04:00:00Z,114.162003,114.189003,114.080002,114.137001
2026-08-26T05:00:00Z,114.139999,114.220001,114.133003,114.211998
2026-08-26T06:00:00Z,114.209000,114.292000,114.132004,114.174004
2026-08-26T07:00:00Z,114.172997,114.186996,114.108002,114.169998
2026-08-26T08:00:00Z,114.175003,114.225998,114.132004,114.183998
2026-08-26T09:00:00Z,114.183998,114.208000,114.122002,114.176003
2026-08-26T10:00:00Z,114.171997,114.249001,114.166000,114.230003
2026-08-26T11:00:00Z,114.227997,114.303001,114.208000,114.291000
2026-08-26T12:00:00Z,114.287003,114.324997,114.157997,114.275002
2026-08-26T13:00:00Z,114.275002,114.401001,114.264000,114.372002
2026-08-26T14:00:00Z,114.372002,114.377998,114.206001,114.216003
2026-08-26T15:00:00Z,114.216003,114.250000,114.179001,114.234001
2026-08-26T16:00:00Z,114.234001,114.285004,114.213997,114.279999
2026-08-26T17:00:00Z,114.278999,114.341003,114.263000,114.329002
2026-08-26T18:00:00Z,114.329002,114.350998,114.293999,114.309998
2026-08-26T19:00:00Z,114.308998,114.332001,114.264999,114.297997
2026-08-26T20:00:00Z,114.297997,114.322998,114.167999,114.174004
2026-08-26T21:00:00Z,114.167000,114.303001,113.980003,114.291000
2026-08-26T22:00:00Z,114.279999,114.352997,114.231003,114.337997
2026-08-26T23:00:00Z,114.345001,114.405998,114.333000,114.362999
2026-08-27T00:00:00Z,114.363998,114.370003,114.181999,114.300003
2026-08-27T01:00:00Z,114.300003,114.404999,114.264000,114.403000
2026-08-27T02:00:00Z,114.400002,114.507004,114.385002,114.439003
2026-08-27T03:00:00Z,114.443001,114.481003,114.408997,114.445999
2026-08-27T04:00:00Z,114.445999,114.518997,114.429001,114.500000
2026-08-27T05:00:00Z,114.500000,114.509003,114.399002,114.458000
2026-08-27T06:00:00Z,114.458000,114.519997,114.421997,114.477997
2026-08-27T07:00:00Z,114.480003,114.496002,114.382004,114.427002
2026-08-27T08:00:00Z,114.427002,114.504997,114.421997,114.438004
2026-08-27T09:00:00Z,114.438004,114.466003,114.373001,114.432999
2026-08-27T10:00:00Z,114.436996,114.515999,114.422997,114.492996
2026-08-27T11:00:00Z,114.492996,114.584000,114.475998,114.578003
2026-08-27T12:00:00Z,114.578003,114.633003,114.521004,114.570999
2026-08-27T13:00:00Z,114.568001,114.679001,114.552002,114.612999
2026-08-27T14:00:00Z,114.616997,114.636002,114.513000,114.573997
2026-08-27T15:00:00Z,114.574997,114.633003,114.549004,114.623001
2026-08-27T16:00:00Z,114.620003,114.648003,114.565002,114.641998
2026-08-27T17:00:00Z,114.639999,114.714996,114.625000,114.709999
2026-08-27T18:00:00Z,114.713997,114.730003,114.662003,114.718002
2026-08-27T19:00:00Z,114.714996,114.728996,114.682999,114.712997
2026-08-27T20:00:00Z,114.709000,114.721001,114.547997,114.638000
2026-08-27T21:00:00Z,114.622002,114.692001,114.482002,114.650002
2026-08-27T22:00:00Z,114.663002,114.686996,114.632004,114.663002
2026-08-27T23:00:00Z,114.657997,114.664001,114.613998,114.629997
2026-08-28T00:00:00Z,114.629997,114.716003,114.616997,114.681000
2026-08-28T01:00:00Z,114.684998,114.758003,114.668999,114.741997
2026-08-28T02:00:00Z,114.737999,114.865997,114.736000,114.855003
2026-08-28T03:00:00Z,114.855003,114.884003,114.790001,114.819000
2026-08-28T04:00:00Z,114.820999,114.861000,114.790001,114.807999
2026-08-28T05:00:00Z,114.807999,114.841003,114.747002,114.772003
2026-08-28T06:00:00Z,114.775002,114.841003,114.719002,114.764999
2026-08-28T07:00:00Z,114.764999,114.790001,114.703003,114.769997
2026-08-28T08:00:00Z,114.768997,114.824997,114.755997,114.781998
2026-08-28T09:00:00Z,114.780998,114.931999,114.774002,114.914001
2026-08-28T10:00:00Z,114.915001,114.959000,114.907997,114.938004
2026-08-28T11:00:00Z,114.942001,114.944000,114.838997,114.839996
2026-08-28T12:00:00Z,114.839996,114.917000,114.801003,114.914001
2026-08-28T13:00:00Z,114.913002,114.960999,114.780998,114.816002
2026-08-28T14:00:00Z,114.795998,114.899002,114.580002,114.850998
2026-08-28T15:00:00Z,114.847000,114.864998,114.594002,114.610001
2026-08-28T16:00:00Z,114.607002,114.737999,114.575996,114.703003
2026-08-28T17:00:00Z,114.703003,114.707001,114.627998,114.647003
2026-08-28T18:00:00Z,114.649002,114.662003,114.602997,114.636002
2026-08-28T19:00:00Z,114.639000,114.691002,114.608002,114.662003
2026-08-28T20:00:00Z,114.664001,114.669998,114.560997,114.613998
2026-08-28T21:00:00Z,114.634003,114.634003,114.634003,114.634003
2026-08-30T23:00:00Z,114.646004,114.719002,114.615997,114.623001
2026-08-31T00:00:00Z,114.623001,114.639999,114.499001,114.584000
2026-08-31T01:00:00Z,114.585999,114.596001,114.429001,114.539001
2026-08-31T02:00:00Z,114.531998,114.556999,114.420998,114.490997
2026-08-31T03:00:00Z,114.491997,114.569000,114.481003,114.530998
2026-08-31T04:00:00Z,114.528000,114.536003,114.452003,114.503998
2026-08-31T05:00:00Z,114.504997,114.552002,114.440002,114.535004
2026-08-31T06:00:00Z,114.533997,114.560997,114.429001,114.440002
2026-08-31T07:00:00Z,114.440002,114.449997,114.226997,114.260002
2026-08-31T08:00:00Z,114.264000,114.352997,114.204002,114.341003
2026-08-31T09:00:00Z,114.339996,114.388000,114.320000,114.375000
2026-08-31T10:00:00Z,114.375999,114.413002,114.294998,114.299004
2026-08-31T11:00:00Z,114.299004,114.369003,114.264000,114.348999
2026-08-31T12:00:00Z,114.350998,114.458000,114.345001,114.454002
2026-08-31T13:00:00Z,114.458000,114.498001,114.438004,114.464996
2026-08-31T14:00:00Z,114.468002,114.501999,114.369003,114.420998
2026-08-31T15:00:00Z,114.426003,114.485001,114.390999,114.459999
2026-08-31T16:00:00Z,114.459999,114.476997,114.419998,114.447998
2026-08-31T17:00:00Z,114.448997,114.467003,114.403999,114.428001
2026-08-31T18:00:00Z,114.428001,114.490997,114.407997,114.475998
2026-08-31T19:00:00Z,114.480003,114.512001,114.424004,114.474998
2026-08-31T20:00:00Z,114.474998,114.495003,114.391998,114.457001
2026-08-31T21:00:00Z,114.459000,114.510002,114.347000,114.460999
2026-08-31T22:00:00Z,114.459000,114.494003,114.412003,114.487999
2026-08-31T23:00:00Z,114.486000,114.556999,114.481003,114.547997
2026-09-01T00:00:00Z,114.547997,114.674004,114.546997,114.584000
2026-09-01T01:00:00Z,114.582001,114.641998,114.513000,114.580002
2026-09-01T02:00:00Z,114.582001,114.639999,114.545998,114.617996
2026-09-01T03:00:00Z,114.622002,114.622002,114.505997,114.521004
2026-09-01T04:00:00Z,114.528999,114.606003,114.510002,114.585999
2026-09-01T05:00:00Z,114.585999,114.658997,114.584000,114.611000
2026-09-01T06:00:00Z,114.611000,114.667000,114.570000,114.591003
2026-09-01T07:00:00Z,114.591003,114.609001,114.445000,114.459000
2026-09-01T08:00:00Z,114.459000,114.496002,114.228996,114.246002
2026-09-01T09:00:00Z,114.245003,114.347000,114.175003,114.322998
2026-09-01T10:00:00Z,114.327003,114.382004,114.294998,114.363998
2026-09-01T11:00:00Z,114.359001,114.422997,114.331001,114.393997
2026-09-01T12:00:00Z,114.391998,114.532997,114.345001,114.529999
2026-09-01T13:00:00Z,114.529999,114.546997,114.406998,114.478996
2026-09-01T14:00:00Z,114.487999,114.563004,114.394997,114.522003
2026-09-01T15:00:00Z,114.521004,114.598999,114.473000,114.553001
2026-09-01T16:00:00Z,114.554001,114.579002,114.480003,114.514999
2026-09-01T17:00:00Z,114.514999,114.535004,114.489998,114.518997
2026-09-01T18:00:00Z,114.518997,114.528999,114.464996,114.499001
2026-09-01T19:00:00Z,114.497002,114.504997,114.445000,114.448997
2026-09-01T20:00:00Z,114.447998,114.469002,114.372002,114.414001
2026-09-01T21:00:00Z,114.415001,114.501999,114.286003,114.415001
2026-09-01T22:00:00Z,114.413002,114.500999,114.387001,114.495003
2026-09-01T23:00:00Z,114.491997,114.516998,114.446999,114.466003
2026-09-02T00:00:00Z,114.470001,114.487000,114.398003,114.459000
2026-09-02T01:00:00Z,114.459000,114.672997,114.439003,114.626999
2026-09-02T02:00:00Z,114.626999,114.641998,114.439003,114.459000
2026-09-02T03:00:00Z,114.457001,114.513000,114.362999,114.396004
2026-09-02T04:00:00Z,114.397003,114.403000,114.162003,114.196999
2026-09-02T05:00:00Z,114.195999,114.286003,114.141998,114.147003
2026-09-02T06:00:00Z,114.147003,114.151001,113.851997,113.931999
2026-09-02T07:00:00Z,113.928001,114.125000,113.928001,114.081001
2026-09-02T08:00:00Z,114.081001,114.120003,113.862000,113.926003
2026-09-02T09:00:00Z,113.929001,113.978996,113.831001,113.875000
2026-09-02T10:00:00Z,113.875000,114.045998,113.851997,114.043999
2026-09-02T11:00:00Z,114.044998,114.070999,113.970001,114.051003
2026-09-02T12:00:00Z,114.051003,114.151001,114.000999,114.074997
2026-09-02T13:00:00Z,114.070999,114.162003,113.350998,113.726997
2026-09-02T14:00:00Z,113.723999,113.870003,113.619003,113.816002
2026-09-02T15:00:00Z,113.810997,113.850998,113.758003,113.830002
2026-09-02T16:00:00Z,113.834999,113.878998,113.823997,113.856003
2026-09-02T17:00:00Z,113.863998,113.930000,113.844002,113.894997
2026-09-02T18:00:00Z,113.896004,113.948997,113.871002,113.918999
2026-09-02T19:00:00Z,113.924004,113.974998,113.829002,113.837997
2026-09-02T20:00:00Z,113.838997,113.851997,113.722000,113.749001
2026-09-02T21:00:00Z,113.750000,113.790001,113.491997,113.777000
2026-09-02T22:00:00Z,113.740997,113.847000,113.740997,113.794998
2026-09-02T23:00:00Z,113.792999,113.876999,113.771004,113.821999
2026-09-03T00:00:00Z,113.822998,113.904999,113.612000,113.726997
2026-09-03T01:00:00Z,113.725998,113.736000,113.417999,113.579002
2026-09-03T02:00:00Z,113.574997,113.596001,113.156998,113.177002
2026-09-03T03:00:00Z,113.177002,113.219002,112.947998,113.116997
2026-09-03T04:00:00Z,113.112000,113.186996,112.980003,113.026001
2026-09-03T05:00:00Z,113.021004,113.066002,112.709999,112.727997
2026-09-03T06:00:00Z,112.724998,112.748001,112.514999,112.572998
2026-09-03T07:00:00Z,112.572998,112.797997,112.127998,112.685997
2026-09-03T08:00:00Z,112.680000,112.764999,112.436996,112.528000
2026-09-03T09:00:00Z,112.529999,112.652000,112.223999,112.375000
2026-09-03T10:00:00Z,112.378998,112.403999,112.169998,112.389000
2026-09-03T11:00:00Z,112.393997,112.411003,112.115997,112.258003
2026-09-03T12:00:00Z,112.258003,112.295998,111.907997,112.070999
2026-09-03T13:00:00Z,112.078003,112.183998,111.711998,111.771004
2026-09-03T14:00:00Z,111.773003,111.974998,111.692001,111.776001
2026-09-03T15:00:00Z,111.781998,112.057999,111.771004,111.852997
2026-09-03T16:00:00Z,111.850998,111.955002,111.821999,111.931999
2026-09-03T17:00:00Z,111.931999,112.025002,111.917000,112.000999
2026-09-03T18:00:00Z,112.000999,112.111000,111.977997,112.043999
2026-09-03T19:00:00Z,112.045998,112.224998,112.040001,112.180000
2026-09-03T20:00:00Z,112.180000,112.203003,112.133003,112.170998
2026-09-03T21:00:00Z,112.164001,112.281998,111.988998,112.163002
2026-09-03T22:00:00Z,112.174004,112.400002,112.088997,112.392998
2026-09-03T23:00:00Z,112.390999,112.435997,112.056999,112.064003
2026-09-04T00:00:00Z,112.056999,112.309998,111.829002,112.228996
2026-09-04T01:00:00Z,112.228996,112.580002,112.156998,112.417999
2026-09-04T02:00:00Z,112.422997,112.514000,112.338997,112.497002
2026-09-04T03:00:00Z,112.491997,112.727997,112.459999,112.709999
2026-09-04T04:00:00Z,112.706001,112.791000,112.652000,112.704002
2026-09-04T05:00:00Z,112.708000,112.762001,112.634003,112.705002
2026-09-04T06:00:00Z,112.706001,112.790001,112.472000,112.582001
2026-09-04T07:00:00Z,112.580002,112.658997,112.527000,112.545998
2026-09-04T08:00:00Z,112.547997,112.656998,112.542000,112.626999
2026-09-04T09:00:00Z,112.625000,112.724998,112.523003,112.662003
2026-09-04T10:00:00Z,112.656998,112.669998,112.523003,112.555000
2026-09-04T11:00:00Z,112.550003,112.595001,112.500999,112.564003
2026-09-04T12:00:00Z,112.564003,112.586998,111.752998,111.987999
2026-09-04T13:00:00Z,111.990997,112.249001,111.981003,112.185997
2026-09-04T14:00:00Z,112.189003,112.510002,112.181000,112.454002
2026-09-04T15:00:00Z,112.453003,112.533997,112.399002,112.521004
2026-09-04T16:00:00Z,112.521004,112.557999,112.459000,112.477997
2026-09-04T17:00:00Z,112.497002,112.564003,112.448997,112.472000
2026-09-04T18:00:00Z,112.473999,112.557999,112.449997,112.532997
2026-09-04T19:00:00Z,112.537003,112.613998,112.530998,112.595001
2026-09-04T20:00:00Z,112.594002,112.612999,112.490997,112.513000
2026-09-04T21:00:00Z,112.542999,112.542999,112.542999,112.542999
2026-09-06T23:00:00Z,112.551003,112.600998,112.496002,112.560997
2026-09-07T00:00:00Z,112.567001,112.607002,112.274002,112.357002
2026-09-07T01:00:00Z,112.351997,112.500000,112.329002,112.383003
2026-09-07T02:00:00Z,112.389000,112.496002,112.358002,112.445000
2026-09-07T03:00:00Z,112.445000,112.476997,112.376999,112.420998
2026-09-07T04:00:00Z,112.421997,112.487000,112.392998,112.431999
2026-09-07T05:00:00Z,112.438004,112.477997,112.313004,112.320999
2026-09-07T06:00:00Z,112.323997,112.455002,112.167000,112.446999
2026-09-07T07:00:00Z,112.452003,112.473999,112.313004,112.339996
2026-09-07T08:00:00Z,112.339996,112.352997,111.254997,111.495003
2026-09-07T09:00:00Z,111.501999,111.560997,111.342003,111.504997
2026-09-07T10:00:00Z,111.503998,111.720001,111.488998,111.630997
2026-09-07T11:00:00Z,111.629997,111.695000,111.553001,111.613998
2026-09-07T12:00:00Z,111.613998,111.666000,111.302002,111.469002
2026-09-07T13:00:00Z,111.466003,111.607002,111.388000,111.570999
2026-09-07T14:00:00Z,111.570999,111.658997,111.367996,111.379997
2026-09-07T15:00:00Z,111.379997,111.481003,111.336998,111.430000
2026-09-07T16:00:00Z,111.431999,111.459000,111.383003,111.401001
2026-09-07T17:00:00Z,111.396004,111.441002,111.388000,111.416000
2026-09-07T18:00:00Z,111.416000,111.429001,111.394997,111.396004
2026-09-07T19:00:00Z,111.396004,111.417000,111.382004,111.407997
2026-09-07T20:00:00Z,111.403000,111.440002,111.334000,111.392998
2026-09-07T21:00:00Z,111.362000,111.473999,111.268997,111.398003
2026-09-07T22:00:00Z,111.386002,111.440002,111.273003,111.281998
2026-09-07T23:00:00Z,111.277000,111.289001,111.030998,111.079002
2026-09-08T00:00:00Z,111.083000,111.121002,110.792999,110.994003
2026-09-08T01:00:00Z,110.991997,111.003998,110.647003,110.662003
2026-09-08T02:00:00Z,110.653999,110.660004,110.271004,110.554001
2026-09-08T03:00:00Z,110.554001,110.654999,110.413002,110.626999
2026-09-08T04:00:00Z,110.626999,110.794998,110.551003,110.751999
2026-09-08T05:00:00Z,110.749001,110.796997,110.599998,110.662003
2026-09-08T06:00:00Z,110.663002,110.974998,110.644997,110.886002
2026-09-08T07:00:00Z,110.889000,111.087997,110.876999,110.924004
2026-09-08T08:00:00Z,110.925003,111.213997,110.872002,111.147003
2026-09-08T09:00:00Z,111.149002,111.164001,110.851997,111.018997
2026-09-08T10:00:00Z,111.018997,111.258003,111.014000,111.245003
2026-09-08T11:00:00Z,111.245003,111.370003,111.223000,111.280998
2026-09-08T12:00:00Z,111.280998,111.320999,111.071999,111.103996
2026-09-08T13:00:00Z,111.095001,111.244003,111.045998,111.125999
2026-09-08T14:00:00Z,111.121002,111.360001,111.112000,111.237999
2026-09-08T15:00:00Z,111.237999,111.401001,111.214996,111.323997
2026-09-08T16:00:00Z,111.322998,111.394997,111.280998,111.359001
2026-09-08T17:00:00Z,111.357002,111.413002,111.341003,111.377998
2026-09-08T18:00:00Z,111.377998,111.505997,110.813004,110.933998
2026-09-08T19:00:00Z,110.922997,111.130997,110.922997,111.124001
2026-09-08T20:00:00Z,111.122002,111.144997,111.060997,111.096001
2026-09-08T21:00:00Z,111.083000,111.210999,110.911003,111.061996
2026-09-08T22:00:00Z,111.050003,111.139999,110.886002,110.973000
2026-09-08T23:00:00Z,110.969002,110.974998,110.772003,110.804001
2026-09-09T00:00:00Z,110.804001,111.092003,110.713997,110.969002
2026-09-09T01:00:00Z,110.969002,111.108002,110.900002,110.906998
2026-09-09T02:00:00Z,110.906998,111.000999,110.850998,110.894997
2026-09-09T03:00:00Z,110.890999,110.966003,110.767998,110.833000
2026-09-09T04:00:00Z,110.833000,110.958000,110.739998,110.948997
2026-09-09T05:00:00Z,110.946999,110.967003,110.782997,110.833000
2026-09-09T06:00:00Z,110.834000,110.902000,110.640999,110.892998
2026-09-09T07:00:00Z,110.893997,110.962997,110.717003,110.734001
2026-09-09T08:00:00Z,110.728996,111.026001,110.714996,110.997002
2026-09-09T09:00:00Z,110.994003,110.999001,110.751999,110.867996
2026-09-09T10:00:00Z,110.864998,110.875999,110.735001,110.778999
2026-09-09T11:00:00Z,110.774002,110.804001,110.635002,110.654999
2026-09-09T12:00:00Z,110.654999,110.849998,110.643997,110.754997
2026-09-09T13:00:00Z,110.752998,110.946999,110.718002,110.776001
2026-09-09T14:00:00Z,110.776001,110.843002,110.681000,110.779999
2026-09-09T15:00:00Z,110.777000,110.943001,110.682999,110.814003
2026-09-09T16:00:00Z,110.814003,110.888000,110.778999,110.882004
2026-09-09T17:00:00Z,110.880997,110.893997,110.818001,110.833000
2026-09-09T18:00:00Z,110.832001,110.906998,110.796997,110.855003
2026-09-09T19:00:00Z,110.853996,110.931000,110.836998,110.873001
2026-09-09T20:00:00Z,110.873001,110.894997,110.742996,110.769997
2026-09-09T21:00:00Z,110.769997,110.927002,110.648003,110.744003
2026-09-09T22:00:00Z,110.749001,110.816002,110.667000,110.672997
2026-09-09T23:00:00Z,110.688004,110.918999,110.651001,110.873001
2026-09-10T00:00:00Z,110.877998,110.932999,110.830002,110.878998
2026-09-10T01:00:00Z,110.882004,110.896004,110.709999,110.747002
2026-09-10T02:00:00Z,110.749001,110.846001,110.661003,110.795998
2026-09-10T03:00:00Z,110.790001,110.835999,110.708000,110.728996
2026-09-10T04:00:00Z,110.725998,110.795998,110.696999,110.786003
2026-09-10T05:00:00Z,110.786003,110.919998,110.736000,110.903999
2026-09-10T06:00:00Z,110.903000,110.906998,110.685997,110.697998
2026-09-10T07:00:00Z,110.695999,110.790001,110.619003,110.667000
2026-09-10T08:00:00Z,110.672997,110.834000,110.653000,110.794998
2026-09-10T09:00:00Z,110.794998,110.884003,110.753998,110.833000
2026-09-10T10:00:00Z,110.834000,111.014000,110.749001,110.927002
2026-09-10T11:00:00Z,110.929001,110.953003,110.838997,110.851997
2026-09-10T12:00:00Z,110.850998,110.898003,110.551003,110.586998
2026-09-10T13:00:00Z,110.586998,110.601997,110.306000,110.362999
2026-09-10T14:00:00Z,110.351997,110.416000,110.223999,110.320999
2026-09-10T15:00:00Z,110.320000,110.496002,110.264000,110.459000
2026-09-10T16:00:00Z,110.459000,110.653999,110.445000,110.558998
2026-09-10T17:00:00Z,110.558998,110.602997,110.508003,110.514000
2026-09-10T18:00:00Z,110.514000,110.542000,110.478996,110.492996
2026-09-10T19:00:00Z,110.494003,110.503998,110.427002,110.491997
2026-09-10T20:00:00Z,110.487999,110.566002,110.468002,110.518997
2026-09-10T21:00:00Z,110.510002,110.556999,110.374001,110.461998
2026-09-10T22:00:00Z,110.458000,110.596001,110.401001,110.532997
2026-09-10T23:00:00Z,110.528000,110.709999,110.515999,110.541000
2026-09-11T00:00:00Z,110.545998,110.763000,110.486000,110.699997
2026-09-11T01:00:00Z,110.702003,110.721001,110.434998,110.516998
2026-09-11T02:00:00Z,110.517998,110.587997,110.445999,110.459999
2026-09-11T03:00:00Z,110.459999,110.501999,110.408997,110.459000
2026-09-11T04:00:00Z,110.455002,110.549004,110.410004,110.522003
2026-09-11T05:00:00Z,110.521004,110.528999,110.389000,110.459999
2026-09-11T06:00:00Z,110.456001,110.606003,110.434998,110.594002
2026-09-11T07:00:00Z,110.589996,110.622002,110.525002,110.598000
2026-09-11T08:00:00Z,110.595001,110.637001,110.425003,110.448997
2026-09-11T09:00:00Z,110.450996,110.554001,110.431000,110.480003
2026-09-11T10:00:00Z,110.481003,110.517998,110.362000,110.375999
2026-09-11T11:00:00Z,110.376999,110.539001,110.346001,110.485001
2026-09-11T12:00:00Z,110.485001,110.525002,110.153999,110.273003
2026-09-11T13:00:00Z,110.264000,110.279999,110.077003,110.195000
2026-09-11T14:00:00Z,110.182999,110.264000,110.073997,110.093002
2026-09-11T15:00:00Z,110.084999,110.269997,110.049004,110.258003
2026-09-11T16:00:00Z,110.259003,110.314003,110.246002,110.293999
2026-09-11T17:00:00Z,110.293999,110.307999,110.236000,110.268997
2026-09-11T18:00:00Z,110.268997,110.289001,110.213997,110.260002
2026-09-11T19:00:00Z,110.260002,110.301003,110.226997,110.230003
2026-09-11T20:00:00Z,110.230003,110.238998,110.001999,110.112999
2026-09-11T21:00:00Z,110.116997,110.116997,110.116997,110.116997
2026-09-13T23:00:00Z,110.026001,110.055000,109.707001,109.711998
2026-09-14T00:00:00Z,109.714996,109.892998,109.666000,109.819000
2026-09-14T01:00:00Z,109.823997,109.945000,109.723000,109.908997
2026-09-14T02:00:00Z,109.908997,110.234001,109.907997,110.157997
2026-09-14T03:00:00Z,110.163002,110.226997,110.088997,110.111000
2026-09-14T04:00:00Z,110.110001,110.175003,110.074997,110.134003
2026-09-14T05:00:00Z,110.134003,110.140999,110.012001,110.095001
2026-09-14T06:00:00Z,110.096001,110.198997,110.021004,110.108002
2026-09-14T07:00:00Z,110.111000,110.236000,110.091003,110.185997
2026-09-14T08:00:00Z,110.185997,110.220001,110.143997,110.190002
2026-09-14T09:00:00Z,110.184998,110.197998,110.074997,110.144997
2026-09-14T10:00:00Z,110.144997,110.272003,110.129997,110.182999
2026-09-14T11:00:00Z,110.181000,110.246002,110.144997,110.199997
2026-09-14T12:00:00Z,110.202003,110.235001,110.095001,110.163002
2026-09-14T13:00:00Z,110.161003,110.258003,110.080002,110.183998
2026-09-14T14:00:00Z,110.186996,110.266998,110.092003,110.262001
2026-09-14T15:00:00Z,110.263000,110.303001,110.192001,110.251999
2026-09-14T16:00:00Z,110.247002,110.330002,110.181000,110.288002
2026-09-14T17:00:00Z,110.282997,110.314003,110.266998,110.290001
2026-09-14T18:00:00Z,110.286003,110.301003,110.016998,110.051003
2026-09-14T19:00:00Z,110.052002,110.210999,110.052002,110.200996
2026-09-14T20:00:00Z,110.198997,110.235001,110.140999,110.185997
2026-09-14T21:00:00Z,110.188004,110.188004,109.945000,110.130997
2026-09-14T22:00:00Z,110.139999,110.225998,110.079002,110.143997
2026-09-14T23:00:00Z,110.142998,110.227997,110.082001,110.217003
2026-09-15T00:00:00Z,110.212997,110.332001,110.179001,110.328003
2026-09-15T01:00:00Z,110.322998,110.388000,110.264000,110.365997
2026-09-15T02:00:00Z,110.365997,110.453003,110.327003,110.399002
2026-09-15T03:00:00Z,110.399002,110.417999,110.150002,110.153999
2026-09-15T04:00:00Z,110.158997,110.192001,110.069000,110.180000
2026-09-15T05:00:00Z,110.181999,110.292000,110.114998,110.241997
2026-09-15T06:00:00Z,110.237000,110.303001,110.200996,110.280998
2026-09-15T07:00:00Z,110.280998,110.383003,110.194000,110.371002
2026-09-15T08:00:00Z,110.371002,110.516998,110.300003,110.454002
2026-09-15T09:00:00Z,110.454002,110.472000,110.386002,110.426003
2026-09-15T10:00:00Z,110.424004,110.430000,110.287003,110.361000
2026-09-15T11:00:00Z,110.361000,110.417000,110.313004,110.412003
2026-09-15T12:00:00Z,110.413002,110.499001,110.404999,110.453003
2026-09-15T13:00:00Z,110.454002,110.569000,110.422997,110.553001
2026-09-15T14:00:00Z,110.552002,110.577003,110.397003,110.555000
2026-09-15T15:00:00Z,110.555000,110.636002,110.492996,110.549004
2026-09-15T16:00:00Z,110.544998,110.600998,110.511002,110.597000
2026-09-15T17:00:00Z,110.597000,110.652000,110.575996,110.617996
2026-09-15T18:00:00Z,110.620003,110.655998,110.593002,110.599998
2026-09-15T19:00:00Z,110.599998,110.623001,110.581001,110.613998
2026-09-15T20:00:00Z,110.612999,110.624001,110.487000,110.575996
2026-09-15T21:00:00Z,110.579002,110.748001,110.183998,110.532997
2026-09-15T22:00:00Z,110.533997,110.634003,110.514000,110.578003
2026-09-15T23:00:00Z,110.580002,110.736000,110.564003,110.639000
2026-09-16T00:00:00Z,110.639000,110.754997,110.524002,110.723999
2026-09-16T01:00:00Z,110.723000,110.799004,110.653000,110.664001
2026-09-16T02:00:00Z,110.665001,110.716003,110.598999,110.643997
2026-09-16T03:00:00Z,110.648003,110.728996,110.638000,110.684998
2026-09-16T04:00:00Z,110.684998,110.739998,110.671997,110.718002
2026-09-16T05:00:00Z,110.714996,110.755997,110.675003,110.680000
2026-09-16T06:00:00Z,110.678001,110.681999,110.507004,110.522003
2026-09-16T07:00:00Z,110.515999,110.597000,110.464996,110.489998
2026-09-16T08:00:00Z,110.489998,110.598999,110.458000,110.591003
2026-09-16T09:00:00Z,110.591003,110.621002,110.539001,110.596001
2026-09-16T10:00:00Z,110.596001,110.683998,110.592003,110.609001
2026-09-16T11:00:00Z,110.605003,110.674004,110.529999,110.561996
2026-09-16T12:00:00Z,110.561996,110.702003,110.536003,110.686996
2026-09-16T13:00:00Z,110.689003,110.719002,110.615997,110.668999
2026-09-16T14:00:00Z,110.668999,110.702003,110.581001,110.583000
2026-09-16T15:00:00Z,110.583000,110.619003,110.560997,110.597000
2026-09-16T16:00:00Z,110.597000,110.736000,110.585999,110.605003
2026-09-16T17:00:00Z,110.601997,110.623001,110.504997,110.538002
2026-09-16T18:00:00Z,110.518997,110.685997,110.424004,110.528999
2026-09-16T19:00:00Z,110.531998,110.736000,110.424004,110.724998
2026-09-16T20:00:00Z,110.724998,110.849998,110.634003,110.733002
2026-09-16T21:00:00Z,110.733002,110.780998,110.535004,110.705002
2026-09-16T22:00:00Z,110.707001,110.764999,110.674004,110.719002
2026-09-16T23:00:00Z,110.723999,110.752998,110.575996,110.594002
2026-09-17T00:00:00Z,110.594002,110.722000,110.503998,110.719002
2026-09-17T01:00:00Z,110.713997,110.808998,110.660004,110.776001
2026-09-17T02:00:00Z,110.779999,110.940002,110.760002,110.869003
2026-09-17T03:00:00Z,110.869003,110.929001,110.809998,110.910004
2026-09-17T04:00:00Z,110.910004,110.945000,110.876999,110.911003
2026-09-17T05:00:00Z,110.906998,110.941002,110.638000,110.666000
2026-09-17T06:00:00Z,110.668999,110.808998,110.625000,110.759003
2026-09-17T07:00:00Z,110.755997,110.838997,110.658997,110.791000
2026-09-17T08:00:00Z,110.791000,110.848000,110.751999,110.788002
2026-09-17T09:00:00Z,110.788002,110.820000,110.658997,110.727997
2026-09-17T10:00:00Z,110.727997,110.731003,110.564003,110.657997
2026-09-17T11:00:00Z,110.651001,110.834000,110.629997,110.828003
2026-09-17T12:00:00Z,110.828003,110.851997,110.530998,110.772003
2026-09-17T13:00:00Z,110.771004,110.820000,110.712997,110.759003
2026-09-17T14:00:00Z,110.730003,110.861000,110.721001,110.750000
2026-09-17T15:00:00Z,110.755997,110.859001,110.727997,110.846001
2026-09-17T16:00:00Z,110.846001,110.996002,110.823997,110.987999
2026-09-17T17:00:00Z,110.987999,111.022003,110.934998,110.954002
2026-09-17T18:00:00Z,110.954002,110.970001,110.918999,110.927002
2026-09-17T19:00:00Z,110.928001,110.950996,110.871002,110.900002
2026-09-17T20:00:00Z,110.903999,110.928001,110.824997,110.863998
2026-09-17T21:00:00Z,110.866997,110.987000,110.726997,110.838997
2026-09-17T22:00:00Z,110.874001,110.929001,110.806000,110.857002
2026-09-17T23:00:00Z,110.852997,111.109001,110.813004,111.097000
2026-09-18T00:00:00Z,111.097000,111.181000,111.049004,111.162003
2026-09-18T01:00:00Z,111.155998,111.220001,111.103996,111.196999
2026-09-18T02:00:00Z,111.200996,111.648003,111.100998,111.523003
2026-09-18T03:00:00Z,111.537003,112.084999,111.457001,112.031998
2026-09-18T04:00:00Z,112.032997,112.067001,111.889000,112.013000
2026-09-18T05:00:00Z,112.013000,112.098000,111.883003,111.962997
2026-09-18T06:00:00Z,111.959999,112.098999,111.518997,111.811996
2026-09-18T07:00:00Z,111.814003,112.222000,111.681000,112.191002
2026-09-18T08:00:00Z,112.191002,112.500999,112.190002,112.439003
2026-09-18T09:00:00Z,112.438004,112.616997,112.289001,112.533997
2026-09-18T10:00:00Z,112.532997,112.581001,112.390999,112.417999
2026-09-18T11:00:00Z,112.417999,112.511002,112.345001,112.414001
2026-09-18T12:00:00Z,112.416000,112.424004,112.199997,112.223000
2026-09-18T13:00:00Z,112.217003,112.294998,112.162003,112.236000
2026-09-18T14:00:00Z,112.236000,112.286003,111.627998,111.908997
2026-09-18T15:00:00Z,111.906998,111.952003,111.425003,111.539001
2026-09-18T16:00:00Z,111.535004,111.681000,111.466003,111.661003
2026-09-18T17:00:00Z,111.661003,111.685997,111.574997,111.610001
2026-09-18T18:00:00Z,111.610001,111.731003,111.600998,111.641998
2026-09-18T19:00:00Z,111.641998,111.698997,111.598999,111.682999
2026-09-18T20:00:00Z,111.678001,111.788002,111.640999,111.764000
2026-09-18T21:00:00Z,111.617996,111.678001,111.617996,111.678001
2026-09-20T23:00:00Z,111.875999,111.894997,111.745003,111.795998
2026-09-21T00:00:00Z,111.800003,111.873001,111.689003,111.778000
2026-09-21T01:00:00Z,111.776001,111.811996,111.553001,111.642998
2026-09-21T02:00:00Z,111.639999,111.737000,111.632004,111.728996
2026-09-21T03:00:00Z,111.730003,111.865997,111.722000,111.839996
2026-09-21T04:00:00Z,111.839996,111.972000,111.838997,111.911003
2026-09-21T05:00:00Z,111.907997,111.924004,111.825996,111.863998
2026-09-21T06:00:00Z,111.857002,111.982002,111.837997,111.959000
2026-09-21T07:00:00Z,111.957001,112.087997,111.929001,112.071999
2026-09-21T08:00:00Z,112.069000,112.126999,112.043999,112.108002
2026-09-21T09:00:00Z,112.112000,112.126999,112.069000,112.085999
2026-09-21T10:00:00Z,112.083000,112.130997,112.045998,112.130997
2026-09-21T11:00:00Z,112.127998,112.216003,112.121002,112.200996
2026-09-21T12:00:00Z,112.203003,112.309998,112.185997,112.259003
2026-09-21T13:00:00Z,112.259003,112.267998,112.170998,112.221001
2026-09-21T14:00:00Z,112.218002,112.238998,112.108002,112.196999
2026-09-21T15:00:00Z,112.194000,112.230003,112.132004,112.154999
2026-09-21T16:00:00Z,112.156998,112.167999,112.102997,112.139999
2026-09-21T17:00:00Z,112.136002,112.175003,112.117996,112.153000
2026-09-21T18:00:00Z,112.153999,112.191002,112.091003,112.129997
2026-09-21T19:00:00Z,112.129997,112.170998,112.047997,112.065002
2026-09-21T20:00:00Z,112.065002,112.077003,111.927002,111.980003
2026-09-21T21:00:00Z,111.956001,112.059998,111.819000,111.996002
2026-09-21T22:00:00Z,111.991997,112.094002,111.971001,112.003998
2026-09-21T23:00:00Z,112.000000,112.047997,111.987999,112.011002
2026-09-22T00:00:00Z,112.011002,112.088997,112.005997,112.042000
2026-09-22T01:00:00Z,112.042999,112.055000,111.806999,111.905998
2026-09-22T02:00:00Z,111.911003,112.110001,111.899002,112.096001
2026-09-22T03:00:00Z,112.093002,112.206001,112.057999,112.162003
2026-09-22T04:00:00Z,112.161003,112.219002,112.107002,112.125999
2026-09-22T05:00:00Z,112.121002,112.189003,112.100998,112.147003
2026-09-22T06:00:00Z,112.140999,112.216003,112.129997,112.188004
2026-09-22T07:00:00Z,112.191002,112.216003,112.015999,112.018997
2026-09-22T08:00:00Z,112.023003,112.080002,111.561996,111.764999
2026-09-22T09:00:00Z,111.765999,111.820999,111.654999,111.667999
2026-09-22T10:00:00Z,111.667000,111.766998,111.633003,111.722000
2026-09-22T11:00:00Z,111.721001,111.814003,111.721001,111.761002
2026-09-22T12:00:00Z,111.761002,111.843002,111.733002,111.799004
2026-09-22T13:00:00Z,111.799004,111.921997,111.772003,111.908997
2026-09-22T14:00:00Z,111.904999,111.945000,111.716003,111.746002
2026-09-22T15:00:00Z,111.744003,111.857002,111.731003,111.849998
2026-09-22T16:00:00Z,111.848000,111.903999,111.833000,111.891998
2026-09-22T17:00:00Z,111.886002,111.932999,111.867996,111.917999
2026-09-22T18:00:00Z,111.917999,112.014999,111.896004,112.001999
2026-09-22T19:00:00Z,112.004997,112.033997,111.944000,112.017998
2026-09-22T20:00:00Z,112.012001,112.024002,111.903999,111.936996
2026-09-22T21:00:00Z,111.944000,112.037003,111.794998,111.976997
2026-09-22T22:00:00Z,111.943001,112.060997,111.911003,112.013000
2026-09-22T23:00:00Z,111.999001,112.029999,111.963997,111.986000
2026-09-23T00:00:00Z,111.986000,112.128998,111.961998,112.128998
2026-09-23T01:00:00Z,112.128998,112.143997,111.999001,112.007004
2026-09-23T02:00:00Z,112.007004,112.025002,111.936996,111.964996
2026-09-23T03:00:00Z,111.968002,111.992996,111.889999,111.947998
2026-09-23T04:00:00Z,111.944000,111.980003,111.891998,111.934998
2026-09-23T05:00:00Z,111.931000,111.990997,111.892998,111.933998
2026-09-23T06:00:00Z,111.934998,111.973000,111.875000,111.878998
2026-09-23T07:00:00Z,111.877998,111.899002,111.745003,111.753998
2026-09-23T08:00:00Z,111.747002,111.898003,111.711998,111.896004
2026-09-23T09:00:00Z,111.896004,111.925003,111.747002,111.753998
2026-09-23T10:00:00Z,111.758003,111.795998,111.660004,111.688004
2026-09-23T11:00:00Z,111.691002,111.726997,111.554001,111.634003
2026-09-23T12:00:00Z,111.638000,111.653000,111.507004,111.557999
2026-09-23T13:00:00Z,111.556000,111.566002,111.339996,111.417999
2026-09-23T14:00:00Z,111.420998,111.498001,111.373001,111.474998
2026-09-23T15:00:00Z,111.478996,111.521004,111.356003,111.373001
2026-09-23T16:00:00Z,111.373001,111.394997,111.292999,111.306000
2026-09-23T17:00:00Z,111.306000,111.399002,111.278999,111.388000
2026-09-23T18:00:00Z,111.387001,111.431999,111.359001,111.411003
2026-09-23T19:00:00Z,111.406998,111.491997,111.376999,111.474998
2026-09-23T20:00:00Z,111.482002,111.500000,111.375999,111.393997
2026-09-23T21:00:00Z,111.356003,111.545998,111.247002,111.316002
2026-09-23T22:00:00Z,111.351997,111.460999,111.315002,111.424004
2026-09-23T23:00:00Z,111.411003,111.453003,111.304001,111.306999
2026-09-24T00:00:00Z,111.310997,111.417999,111.004997,111.174004
2026-09-24T01:00:00Z,111.170998,111.184998,110.875000,110.877998
2026-09-24T02:00:00Z,110.877998,111.081001,110.797997,111.078003
2026-09-24T03:00:00Z,111.071999,111.148003,111.050003,111.098000
2026-09-24T04:00:00Z,111.098000,111.110001,111.014999,111.077003
2026-09-24T05:00:00Z,111.075996,111.314003,111.043999,111.230003
2026-09-24T06:00:00Z,111.230003,111.511002,111.226997,111.444000
2026-09-24T07:00:00Z,111.444000,111.500999,111.306999,111.352997
2026-09-24T08:00:00Z,111.349998,111.443001,111.348999,111.422997
2026-09-24T09:00:00Z,111.419998,111.637001,111.419998,111.619003
2026-09-24T10:00:00Z,111.619003,111.647003,111.537003,111.581001
2026-09-24T11:00:00Z,111.575996,111.630997,111.545998,111.610001
2026-09-24T12:00:00Z,111.610001,111.636002,111.528000,111.556000
2026-09-24T13:00:00Z,111.556000,111.642998,111.535004,111.552002
2026-09-24T14:00:00Z,111.552002,111.573997,111.426003,111.560997
2026-09-24T15:00:00Z,111.561996,111.568001,111.371002,111.449997
2026-09-24T16:00:00Z,111.449997,111.600998,111.403000,111.557999
2026-09-24T17:00:00Z,111.560997,111.568001,111.425003,111.445000
2026-09-24T18:00:00Z,111.445000,111.450996,111.384003,111.416000
2026-09-24T19:00:00Z,111.416000,111.456001,111.391998,111.444000
2026-09-24T20:00:00Z,111.447998,111.449997,111.306999,111.375000
2026-09-24T21:00:00Z,111.330002,111.509003,111.238998,111.332001
2026-09-24T22:00:00Z,111.321999,111.384003,111.267998,111.295998
2026-09-24T23:00:00Z,111.292999,111.347000,111.241997,111.252998
2026-09-25T00:00:00Z,111.252998,111.296997,111.182999,111.210999
2026-09-25T01:00:00Z,111.212997,111.318001,111.203003,111.224998
