time,open,high,low,close
2025-09-24T06:00:00Z,0.662559,0.662954,0.661857,0.661901
2025-09-24T07:00:00Z,0.661813,0.662471,0.661813,0.662164
2025-09-24T08:00:00Z,0.661857,0.662339,0.661070,0.661594
2025-09-24T09:00:00Z,0.661551,0.661770,0.661157,0.661463
2025-09-24T10:00:00Z,0.661332,0.661332,0.660677,0.660851
2025-09-24T11:00:00Z,0.660720,0.660851,0.660371,0.660502
2025-09-24T12:00:00Z,0.660546,0.661332,0.659413,0.659718
2025-09-24T13:00:00Z,0.659761,0.659761,0.658935,0.659500
2025-09-24T14:00:00Z,0.659283,0.659848,0.658588,0.659500
2025-09-24T15:00:00Z,0.659326,0.659457,0.658762,0.658762
2025-09-24T16:00:00Z,0.658718,0.658718,0.657895,0.657895
2025-09-24T17:00:00Z,0.657895,0.658631,0.657895,0.658371
2025-09-24T18:00:00Z,0.658415,0.658415,0.658068,0.658111
2025-09-24T19:00:00Z,0.658155,0.658545,0.658155,0.658545
2025-09-24T20:00:00Z,0.658588,0.658588,0.658371,0.658501
2025-09-24T21:00:00Z,0.658458,0.658501,0.658328,0.658371
2025-09-24T22:00:00Z,0.658631,0.658805,0.658588,0.658805
2025-09-24T23:00:00Z,0.658762,0.658848,0.658631,0.658848
2025-09-25T00:00:00Z,0.658848,0.659500,0.658718,0.659500
2025-09-25T01:00:00Z,0.659500,0.659631,0.658762,0.658979
2025-09-25T02:00:00Z,0.659109,0.659805,0.659109,0.659674
2025-09-25T03:00:00Z,0.659892,0.660153,0.659892,0.660153
2025-09-25T04:00:00Z,0.660153,0.660284,0.659935,0.659979
2025-09-25T05:00:00Z,0.659979,0.660022,0.659283,0.659674
2025-09-25T06:00:00Z,0.659674,0.660197,0.659370,0.659674
2025-09-25T07:00:00Z,0.659587,0.659631,0.658848,0.658848
2025-09-25T08:00:00Z,0.658935,0.660284,0.658935,0.660110
2025-09-25T09:00:00Z,0.660153,0.660546,0.659892,0.659979
2025-09-25T10:00:00Z,0.659979,0.660240,0.659283,0.659283
2025-09-25T11:00:00Z,0.659239,0.659326,0.658501,0.658545
2025-09-25T12:00:00Z,0.658415,0.658588,0.655867,0.656254
2025-09-25T13:00:00Z,0.656211,0.656383,0.654750,0.654750
2025-09-25T14:00:00Z,0.654750,0.655437,0.654707,0.655050
2025-09-25T15:00:00Z,0.654922,0.655265,0.654664,0.655179
2025-09-25T16:00:00Z,0.655222,0.655308,0.654407,0.654493
2025-09-25T17:00:00Z,0.654450,0.654450,0.653467,0.653595
2025-09-25T18:00:00Z,0.653509,0.653851,0.652912,0.653638
2025-09-25T19:00:00Z,0.653638,0.653937,0.653638,0.653894
2025-09-25T20:00:00Z,0.653851,0.654322,0.653851,0.654236
2025-09-25T21:00:00Z,0.653894,0.654664,0.653680,0.653979
2025-09-25T22:00:00Z,0.654236,0.654407,0.654022,0.654108
2025-09-25T23:00:00Z,0.654065,0.654065,0.653595,0.653937
2025-09-26T00:00:00Z,0.653638,0.653979,0.653424,0.653979
2025-09-26T01:00:00Z,0.654065,0.654065,0.653552,0.653552
2025-09-26T02:00:00Z,0.653552,0.654622,0.653552,0.654279
2025-09-26T03:00:00Z,0.654322,0.654536,0.654279,0.654493
2025-09-26T04:00:00Z,0.654279,0.654493,0.654151,0.654322
2025-09-26T05:00:00Z,0.654365,0.654536,0.654193,0.654193
2025-09-26T06:00:00Z,0.654193,0.654579,0.653638,0.654022
2025-09-26T07:00:00Z,0.653808,0.654151,0.652912,0.653296
2025-09-26T08:00:00Z,0.653339,0.653808,0.653168,0.653339
2025-09-26T09:00:00Z,0.653339,0.653595,0.652912,0.652955
2025-09-26T10:00:00Z,0.652827,0.652955,0.652316,0.652529
2025-09-26T11:00:00Z,0.652529,0.653253,0.652486,0.652955
2025-09-26T12:00:00Z,0.652912,0.654022,0.652912,0.654022
2025-09-26T13:00:00Z,0.654236,0.654493,0.653595,0.654322
2025-09-26T14:00:00Z,0.654493,0.654750,0.653937,0.654493
2025-09-26T15:00:00Z,0.654536,0.655008,0.654236,0.654664
2025-09-26T16:00:00Z,0.654707,0.655093,0.654450,0.655050
2025-09-26T17:00:00Z,0.655179,0.655308,0.654965,0.655093
2025-09-26T18:00:00Z,0.655136,0.655351,0.654922,0.655351
2025-09-26T19:00:00Z,0.655222,0.655351,0.654922,0.655351
2025-09-26T20:00:00Z,0.655351,0.655351,0.654750,0.654965
2025-09-26T21:00:00Z,0.654879,0.654879,0.654879,0.654879
2025-09-28T23:00:00Z,0.655179,0.655437,0.655093,0.655394
2025-09-29T00:00:00Z,0.655609,0.655953,0.655480,0.655867
2025-09-29T01:00:00Z,0.655609,0.655996,0.655265,0.655609
2025-09-29T02:00:00Z,0.655652,0.656556,0.655652,0.656426
2025-09-29T03:00:00Z,0.656340,0.656944,0.656211,0.656901
2025-09-29T04:00:00Z,0.656814,0.657462,0.656685,0.657333
2025-09-29T05:00:00Z,0.657246,0.657462,0.657030,0.657246
2025-09-29T06:00:00Z,0.657160,0.657376,0.656685,0.656685
2025-09-29T07:00:00Z,0.656642,0.657462,0.656642,0.657160
2025-09-29T08:00:00Z,0.656901,0.657419,0.656642,0.657160
2025-09-29T09:00:00Z,0.657160,0.657333,0.656685,0.656901
2025-09-29T10:00:00Z,0.656858,0.657030,0.656469,0.656469
2025-09-29T11:00:00Z,0.656513,0.656944,0.656254,0.656944
2025-09-29T12:00:00Z,0.656858,0.657419,0.656297,0.657073
2025-09-29T13:00:00Z,0.657117,0.657333,0.656556,0.656814
2025-09-29T14:00:00Z,0.656987,0.657851,0.656599,0.657808
2025-09-29T15:00:00Z,0.657938,0.658155,0.657635,0.657851
2025-09-29T16:00:00Z,0.657765,0.658111,0.657678,0.657808
2025-09-29T17:00:00Z,0.657851,0.657851,0.657678,0.657722
2025-09-29T18:00:00Z,0.657635,0.658328,0.657635,0.658328
2025-09-29T19:00:00Z,0.658285,0.658285,0.658025,0.658068
2025-09-29T20:00:00Z,0.658025,0.658025,0.657765,0.657938
2025-09-29T21:00:00Z,0.657895,0.658025,0.657722,0.657722
2025-09-29T22:00:00Z,0.657938,0.658025,0.657765,0.658025
2025-09-29T23:00:00Z,0.658025,0.658285,0.658025,0.658025
2025-09-30T00:00:00Z,0.657851,0.658198,0.657462,0.658068
2025-09-30T01:00:00Z,0.658718,0.659022,0.658025,0.658025
2025-09-30T02:00:00Z,0.657851,0.659457,0.657851,0.659457
2025-09-30T03:00:00Z,0.659413,0.659674,0.658979,0.659065
2025-09-30T04:00:00Z,0.659196,0.661026,0.658892,0.660851
2025-09-30T05:00:00Z,0.660764,0.661070,0.660197,0.660197
2025-09-30T06:00:00Z,0.660371,0.660633,0.659718,0.660153
2025-09-30T07:00:00Z,0.660066,0.660851,0.657981,0.660458
2025-09-30T08:00:00Z,0.660502,0.661507,0.660502,0.661201
2025-09-30T09:00:00Z,0.661201,0.661419,0.660808,0.661419
2025-09-30T10:00:00Z,0.661551,0.661551,0.660939,0.661113
2025-09-30T11:00:00Z,0.661157,0.661332,0.660720,0.661157
2025-09-30T12:00:00Z,0.661288,0.661770,0.661157,0.661463
2025-09-30T13:00:00Z,0.661463,0.662427,0.661026,0.662208
2025-09-30T14:00:00Z,0.662339,0.663042,0.662208,0.662998
2025-09-30T15:00:00Z,0.662822,0.662822,0.661244,0.661507
2025-09-30T16:00:00Z,0.661507,0.662296,0.661376,0.662164
2025-09-30T17:00:00Z,0.662164,0.662339,0.661945,0.661945
2025-09-30T18:00:00Z,0.661901,0.662120,0.661638,0.661857
2025-09-30T19:00:00Z,0.661726,0.661901,0.661594,0.661857
2025-09-30T20:00:00Z,0.661638,0.661638,0.661376,0.661551
2025-09-30T21:00:00Z,0.661770,0.661770,0.661157,0.661376
2025-09-30T22:00:00Z,0.661638,0.661770,0.661463,0.661463
2025-09-30T23:00:00Z,0.661507,0.662032,0.661244,0.661332
2025-10-01T00:00:00Z,0.661157,0.661157,0.660546,0.660633
2025-10-01T01:00:00Z,0.660677,0.660677,0.659892,0.660327
2025-10-01T02:00:00Z,0.660327,0.660371,0.659631,0.659892
2025-10-01T03:00:00Z,0.659761,0.659848,0.659196,0.659674
2025-10-01T04:00:00Z,0.659761,0.660546,0.659413,0.660546
2025-10-01T05:00:00Z,0.660982,0.660982,0.660153,0.660197
2025-10-01T06:00:00Z,0.660415,0.661376,0.660240,0.661070
2025-10-01T07:00:00Z,0.661463,0.661726,0.660764,0.661288
2025-10-01T08:00:00Z,0.661419,0.662164,0.661419,0.661682
2025-10-01T09:00:00Z,0.661594,0.661857,0.661244,0.661463
2025-10-01T10:00:00Z,0.661551,0.661594,0.660851,0.661201
2025-10-01T11:00:00Z,0.661288,0.662164,0.661288,0.661726
2025-10-01T12:00:00Z,0.661594,0.662998,0.660851,0.662164
2025-10-01T13:00:00Z,0.662164,0.662471,0.661638,0.661813
2025-10-01T14:00:00Z,0.662076,0.662383,0.661026,0.661201
2025-10-01T15:00:00Z,0.661419,0.661419,0.660240,0.660589
2025-10-01T16:00:00Z,0.660458,0.661113,0.660458,0.661113
2025-10-01T17:00:00Z,0.661070,0.661419,0.661070,0.661113
2025-10-01T18:00:00Z,0.661070,0.662252,0.661070,0.661945
2025-10-01T19:00:00Z,0.661989,0.661989,0.661551,0.661551
2025-10-01T20:00:00Z,0.661507,0.661551,0.661244,0.661551
2025-10-01T21:00:00Z,0.661551,0.661682,0.661288,0.661594
2025-10-01T22:00:00Z,0.661594,0.661770,0.661463,0.661463
2025-10-01T23:00:00Z,0.661463,0.661770,0.661376,0.661770
2025-10-02T00:00:00Z,0.661638,0.661638,0.660895,0.660939
2025-10-02T01:00:00Z,0.660808,0.662296,0.660502,0.662208
2025-10-02T02:00:00Z,0.662296,0.662296,0.661770,0.661945
2025-10-02T03:00:00Z,0.661813,0.661857,0.661463,0.661770
2025-10-02T04:00:00Z,0.661770,0.662032,0.661594,0.661945
2025-10-02T05:00:00Z,0.662296,0.662296,0.661638,0.661989
2025-10-02T06:00:00Z,0.662032,0.662164,0.661507,0.662120
2025-10-02T07:00:00Z,0.662296,0.662647,0.662120,0.662471
2025-10-02T08:00:00Z,0.662515,0.662647,0.661901,0.662339
2025-10-02T09:00:00Z,0.662383,0.662383,0.661638,0.661770
2025-10-02T10:00:00Z,0.661507,0.661638,0.661332,0.661594
2025-10-02T11:00:00Z,0.661507,0.661507,0.660677,0.660851
2025-10-02T12:00:00Z,0.660895,0.661070,0.660197,0.660415
2025-10-02T13:00:00Z,0.660677,0.660851,0.659283,0.659544
2025-10-02T14:00:00Z,0.659500,0.659500,0.658675,0.658892
2025-10-02T15:00:00Z,0.658979,0.659022,0.657981,0.658805
2025-10-02T16:00:00Z,0.658718,0.659587,0.658718,0.659587
2025-10-02T17:00:00Z,0.659500,0.659718,0.659370,0.659457
2025-10-02T18:00:00Z,0.659457,0.660022,0.659457,0.660022
2025-10-02T19:00:00Z,0.660066,0.660153,0.659805,0.659892
2025-10-02T20:00:00Z,0.659805,0.660197,0.659674,0.659805
2025-10-02T21:00:00Z,0.659718,0.659805,0.659631,0.659674
2025-10-02T22:00:00Z,0.659892,0.659892,0.659631,0.659805
2025-10-02T23:00:00Z,0.659848,0.660110,0.659805,0.660110
2025-10-03T00:00:00Z,0.660066,0.660502,0.659935,0.660327
2025-10-03T01:00:00Z,0.660415,0.660589,0.659848,0.660458
2025-10-03T02:00:00Z,0.660458,0.660458,0.659631,0.659761
2025-10-03T03:00:00Z,0.659805,0.660110,0.659544,0.660022
2025-10-03T04:00:00Z,0.660022,0.660153,0.659326,0.659326
2025-10-03T05:00:00Z,0.659326,0.659587,0.659196,0.659196
2025-10-03T06:00:00Z,0.659196,0.660502,0.659196,0.659935
2025-10-03T07:00:00Z,0.660110,0.661070,0.660110,0.660764
2025-10-03T08:00:00Z,0.661070,0.661070,0.660633,0.660895
2025-10-03T09:00:00Z,0.660851,0.660851,0.660327,0.660851
2025-10-03T10:00:00Z,0.660808,0.660808,0.660546,0.660633
2025-10-03T11:00:00Z,0.660589,0.660851,0.660327,0.660720
2025-10-03T12:00:00Z,0.660677,0.660939,0.660240,0.660939
2025-10-03T13:00:00Z,0.660720,0.660939,0.660327,0.660371
2025-10-03T14:00:00Z,0.660284,0.661070,0.660284,0.660589
2025-10-03T15:00:00Z,0.660502,0.661551,0.660284,0.661551
2025-10-03T16:00:00Z,0.661551,0.661551,0.661113,0.661113
2025-10-03T17:00:00Z,0.661070,0.661113,0.660022,0.660240
2025-10-03T18:00:00Z,0.660240,0.660502,0.659761,0.660458
2025-10-03T19:00:00Z,0.660589,0.660764,0.660458,0.660633
2025-10-03T20:00:00Z,0.660720,0.660720,0.660240,0.660458
2025-10-03T21:00:00Z,0.660633,0.660633,0.660633,0.660633
2025-10-05T23:00:00Z,0.658979,0.659587,0.658979,0.659500
2025-10-06T00:00:00Z,0.659761,0.660022,0.659544,0.660022
2025-10-06T01:00:00Z,0.659935,0.660982,0.659587,0.660982
2025-10-06T02:00:00Z,0.661113,0.661244,0.660851,0.661113
2025-10-06T03:00:00Z,0.661113,0.661419,0.660939,0.661026
2025-10-06T04:00:00Z,0.661026,0.661157,0.660546,0.660546
2025-10-06T05:00:00Z,0.660502,0.660677,0.660284,0.660633
2025-10-06T06:00:00Z,0.660808,0.661070,0.660240,0.661070
2025-10-06T07:00:00Z,0.660982,0.661857,0.660589,0.660764
2025-10-06T08:00:00Z,0.660633,0.660677,0.659500,0.660153
2025-10-06T09:00:00Z,0.660110,0.660110,0.659326,0.659935
2025-10-06T10:00:00Z,0.659848,0.659848,0.659326,0.659718
2025-10-06T11:00:00Z,0.659587,0.660197,0.659457,0.660022
2025-10-06T12:00:00Z,0.660110,0.661201,0.659848,0.661201
2025-10-06T13:00:00Z,0.661157,0.662076,0.660982,0.661901
2025-10-06T14:00:00Z,0.661813,0.662208,0.661813,0.661945
2025-10-06T15:00:00Z,0.661945,0.662208,0.661813,0.662032
2025-10-06T16:00:00Z,0.661945,0.661945,0.661551,0.661901
2025-10-06T17:00:00Z,0.661901,0.662076,0.661901,0.661989
2025-10-06T18:00:00Z,0.662032,0.662164,0.661813,0.661989
2025-10-06T19:00:00Z,0.662032,0.662252,0.661813,0.661813
2025-10-06T20:00:00Z,0.661682,0.662120,0.661682,0.662032
2025-10-06T21:00:00Z,0.661594,0.662120,0.661594,0.661594
2025-10-06T22:00:00Z,0.662120,0.662120,0.661813,0.662032
2025-10-06T23:00:00Z,0.662076,0.662076,0.661813,0.661813
2025-10-07T00:00:00Z,0.661945,0.662208,0.661070,0.661070
2025-10-07T01:00:00Z,0.660895,0.661682,0.660764,0.661594
2025-10-07T02:00:00Z,0.661638,0.662296,0.661594,0.662076
2025-10-07T03:00:00Z,0.662076,0.662647,0.662076,0.662076
2025-10-07T04:00:00Z,0.662120,0.662164,0.661288,0.661419
2025-10-07T05:00:00Z,0.661463,0.661463,0.660415,0.660502
2025-10-07T06:00:00Z,0.660197,0.660371,0.659631,0.660022
2025-10-07T07:00:00Z,0.659761,0.659761,0.658848,0.659196
2025-10-07T08:00:00Z,0.659152,0.659413,0.658935,0.659196
2025-10-07T09:00:00Z,0.659413,0.659674,0.659109,0.659674
2025-10-07T10:00:00Z,0.659631,0.659848,0.659544,0.659587
2025-10-07T11:00:00Z,0.659544,0.659544,0.658718,0.658892
2025-10-07T12:00:00Z,0.659065,0.659065,0.658458,0.658892
2025-10-07T13:00:00Z,0.658848,0.659935,0.658848,0.659500
2025-10-07T14:00:00Z,0.659326,0.659674,0.659022,0.659109
2025-10-07T15:00:00Z,0.659152,0.659544,0.658718,0.658805
2025-10-07T16:00:00Z,0.658979,0.659283,0.658718,0.658762
2025-10-07T17:00:00Z,0.658848,0.659370,0.658848,0.659022
2025-10-07T18:00:00Z,0.658935,0.658935,0.658588,0.658631
2025-10-07T19:00:00Z,0.658675,0.658675,0.658111,0.658155
2025-10-07T20:00:00Z,0.658198,0.658458,0.658198,0.658328
2025-10-07T21:00:00Z,0.658588,0.658588,0.658198,0.658285
2025-10-07T22:00:00Z,0.658501,0.658718,0.658415,0.658675
2025-10-07T23:00:00Z,0.658805,0.658805,0.658241,0.658241
2025-10-08T00:00:00Z,0.658111,0.658155,0.657722,0.657808
2025-10-08T01:00:00Z,0.657765,0.657981,0.656383,0.656556
2025-10-08T02:00:00Z,0.656513,0.656685,0.656168,0.656469
2025-10-08T03:00:00Z,0.656513,0.656901,0.656254,0.656901
2025-10-08T04:00:00Z,0.656858,0.656858,0.656469,0.656599
2025-10-08T05:00:00Z,0.656426,0.656642,0.656168,0.656254
2025-10-08T06:00:00Z,0.656685,0.656771,0.655953,0.656340
2025-10-08T07:00:00Z,0.656254,0.657160,0.656254,0.656858
2025-10-08T08:00:00Z,0.656858,0.657117,0.656125,0.656254
2025-10-08T09:00:00Z,0.656340,0.656814,0.656211,0.656340
2025-10-08T10:00:00Z,0.656254,0.657765,0.656254,0.657765
2025-10-08T11:00:00Z,0.657808,0.657808,0.657333,0.657333
2025-10-08T12:00:00Z,0.657419,0.658241,0.657419,0.658111
2025-10-08T13:00:00Z,0.658241,0.659022,0.658241,0.658415
2025-10-08T14:00:00Z,0.658371,0.658718,0.658155,0.658458
2025-10-08T15:00:00Z,0.658415,0.658892,0.658285,0.658328
2025-10-08T16:00:00Z,0.658285,0.658285,0.657765,0.658155
2025-10-08T17:00:00Z,0.658111,0.658328,0.658025,0.658198
2025-10-08T18:00:00Z,0.658111,0.658762,0.657981,0.658588
2025-10-08T19:00:00Z,0.658892,0.658979,0.658718,0.658979
2025-10-08T20:00:00Z,0.658848,0.659065,0.658805,0.658805
2025-10-08T21:00:00Z,0.658415,0.658718,0.658415,0.658718
2025-10-08T22:00:00Z,0.658892,0.659413,0.658848,0.659413
2025-10-08T23:00:00Z,0.659109,0.659196,0.658545,0.658675
2025-10-09T00:00:00Z,0.658718,0.659718,0.658718,0.659587
2025-10-09T01:00:00Z,0.659805,0.660284,0.659413,0.659413
2025-10-09T02:00:00Z,0.659326,0.660240,0.659283,0.660022
2025-10-09T03:00:00Z,0.660197,0.660327,0.659805,0.660327
2025-10-09T04:00:00Z,0.660327,0.661113,0.660240,0.660939
2025-10-09T05:00:00Z,0.660895,0.661157,0.660633,0.660633
2025-10-09T06:00:00Z,0.660502,0.660546,0.657419,0.657722
2025-10-09T07:00:00Z,0.657895,0.658631,0.657635,0.658588
2025-10-09T08:00:00Z,0.658501,0.658501,0.657246,0.658285
2025-10-09T09:00:00Z,0.658458,0.659805,0.658458,0.659718
2025-10-09T10:00:00Z,0.659805,0.660022,0.659500,0.659805
2025-10-09T11:00:00Z,0.659544,0.660327,0.659370,0.659979
2025-10-09T12:00:00Z,0.659805,0.661026,0.659805,0.660851
2025-10-09T13:00:00Z,0.660720,0.661288,0.658588,0.658631
2025-10-09T14:00:00Z,0.658025,0.658025,0.656125,0.656556
2025-10-09T15:00:00Z,0.656556,0.656556,0.655008,0.655695
2025-10-09T16:00:00Z,0.655953,0.655953,0.655008,0.655008
2025-10-09T17:00:00Z,0.655265,0.655480,0.654836,0.655351
2025-10-09T18:00:00Z,0.655351,0.655394,0.654322,0.654493
2025-10-09T19:00:00Z,0.654750,0.655394,0.654707,0.655308
2025-10-09T20:00:00Z,0.655437,0.655781,0.655437,0.655695
2025-10-09T21:00:00Z,0.655781,0.655867,0.655480,0.655738
2025-10-09T22:00:00Z,0.655910,0.655910,0.655609,0.655910
2025-10-09T23:00:00Z,0.655996,0.656254,0.655609,0.656254
2025-10-10T00:00:00Z,0.656211,0.656814,0.655910,0.656814
2025-10-10T01:00:00Z,0.656814,0.657203,0.656771,0.656814
2025-10-10T02:00:00Z,0.656814,0.657462,0.656814,0.657203
2025-10-10T03:00:00Z,0.657203,0.657333,0.656987,0.657073
2025-10-10T04:00:00Z,0.657073,0.657073,0.656599,0.656814
2025-10-10T05:00:00Z,0.657030,0.657030,0.656556,0.656858
2025-10-10T06:00:00Z,0.656728,0.656858,0.655265,0.655609
2025-10-10T07:00:00Z,0.655566,0.655867,0.654965,0.655867
2025-10-10T08:00:00Z,0.655652,0.656469,0.655652,0.655910
2025-10-10T09:00:00Z,0.655824,0.655824,0.655222,0.655394
2025-10-10T10:00:00Z,0.655351,0.655953,0.655265,0.655394
2025-10-10T11:00:00Z,0.655394,0.655609,0.655308,0.655480
2025-10-10T12:00:00Z,0.655394,0.656125,0.655394,0.655738
2025-10-10T13:00:00Z,0.655609,0.655695,0.654922,0.654922
2025-10-10T14:00:00Z,0.654793,0.655093,0.654065,0.654065
2025-10-10T15:00:00Z,0.653339,0.653339,0.648635,0.649393
2025-10-10T16:00:00Z,0.649519,0.649646,0.648340,0.648508
2025-10-10T17:00:00Z,0.648635,0.649309,0.648214,0.649014
2025-10-10T18:00:00Z,0.648845,0.649351,0.648593,0.648593
2025-10-10T19:00:00Z,0.648550,0.649098,0.648466,0.648635
2025-10-10T20:00:00Z,0.648635,0.648761,0.647626,0.647668
2025-10-10T21:00:00Z,0.647417,0.647417,0.647417,0.647417
2025-10-12T23:00:00Z,0.649773,0.650280,0.649393,0.650068
2025-10-13T00:00:00Z,0.650237,0.651551,0.650068,0.651551
2025-10-13T01:00:00Z,0.651763,0.653296,0.651636,0.652827
2025-10-13T02:00:00Z,0.652997,0.653467,0.652571,0.652699
2025-10-13T03:00:00Z,0.652699,0.653040,0.651678,0.651890
2025-10-13T04:00:00Z,0.652018,0.652571,0.651933,0.652486
2025-10-13T05:00:00Z,0.652656,0.652869,0.652401,0.652401
2025-10-13T06:00:00Z,0.652486,0.652955,0.652018,0.652018
2025-10-13T07:00:00Z,0.651763,0.652571,0.651466,0.652443
2025-10-13T08:00:00Z,0.652401,0.652699,0.651763,0.652316
2025-10-13T09:00:00Z,0.652316,0.652656,0.652103,0.652614
2025-10-13T10:00:00Z,0.652529,0.652529,0.652103,0.652273
2025-10-13T11:00:00Z,0.652358,0.652571,0.650915,0.650957
2025-10-13T12:00:00Z,0.650872,0.651593,0.650872,0.650999
2025-10-13T13:00:00Z,0.651084,0.651890,0.651042,0.651890
2025-10-13T14:00:00Z,0.652018,0.652103,0.650957,0.651381
2025-10-13T15:00:00Z,0.651466,0.652486,0.651423,0.652103
2025-10-13T16:00:00Z,0.652061,0.652614,0.652018,0.652614
2025-10-13T17:00:00Z,0.652614,0.652614,0.652018,0.652188
2025-10-13T18:00:00Z,0.652316,0.652614,0.651721,0.651721
2025-10-13T19:00:00Z,0.651890,0.652061,0.651763,0.651806
2025-10-13T20:00:00Z,0.651806,0.651848,0.651593,0.651721
2025-10-13T21:00:00Z,0.651593,0.652231,0.651593,0.651806
2025-10-13T22:00:00Z,0.651763,0.652061,0.651763,0.652061
2025-10-13T23:00:00Z,0.652018,0.652018,0.651296,0.651381
2025-10-14T00:00:00Z,0.651678,0.652316,0.651423,0.652061
2025-10-14T01:00:00Z,0.652103,0.652103,0.651169,0.651296
2025-10-14T02:00:00Z,0.651296,0.651636,0.651084,0.651296
2025-10-14T03:00:00Z,0.651126,0.651296,0.649562,0.650026
2025-10-14T04:00:00Z,0.650068,0.650068,0.647962,0.648172
2025-10-14T05:00:00Z,0.648046,0.648088,0.646621,0.647165
2025-10-14T06:00:00Z,0.646998,0.647668,0.646371,0.646789
2025-10-14T07:00:00Z,0.646914,0.646956,0.645245,0.645703
2025-10-14T08:00:00Z,0.645619,0.646789,0.645619,0.645995
2025-10-14T09:00:00Z,0.645786,0.646287,0.644995,0.645078
2025-10-14T10:00:00Z,0.645078,0.645078,0.644288,0.644662
2025-10-14T11:00:00Z,0.644538,0.645911,0.644538,0.645578
2025-10-14T12:00:00Z,0.645661,0.645661,0.644704,0.644870
2025-10-14T13:00:00Z,0.645036,0.646371,0.645036,0.646204
2025-10-14T14:00:00Z,0.646454,0.648719,0.646454,0.648593
2025-10-14T15:00:00Z,0.648677,0.649477,0.648298,0.649266
2025-10-14T16:00:00Z,0.649393,0.649899,0.648929,0.649477
2025-10-14T17:00:00Z,0.649140,0.649519,0.648971,0.649393
2025-10-14T18:00:00Z,0.649351,0.649477,0.649014,0.649266
2025-10-14T19:00:00Z,0.649477,0.649646,0.648214,0.648635
2025-10-14T20:00:00Z,0.648635,0.648845,0.648256,0.648803
2025-10-14T21:00:00Z,0.648761,0.648887,0.648593,0.648887
2025-10-14T22:00:00Z,0.649266,0.649435,0.649014,0.649393
2025-10-14T23:00:00Z,0.649351,0.649730,0.649351,0.649351
2025-10-15T00:00:00Z,0.649224,0.649730,0.648845,0.649730
2025-10-15T01:00:00Z,0.649899,0.650576,0.649477,0.650491
2025-10-15T02:00:00Z,0.650449,0.651466,0.650449,0.651169
2025-10-15T03:00:00Z,0.651042,0.651806,0.650957,0.651423
2025-10-15T04:00:00Z,0.651466,0.652018,0.651423,0.651636
2025-10-15T05:00:00Z,0.651763,0.652018,0.651423,0.651508
2025-10-15T06:00:00Z,0.651381,0.652486,0.651381,0.652231
2025-10-15T07:00:00Z,0.652316,0.652316,0.651636,0.651763
2025-10-15T08:00:00Z,0.651848,0.652188,0.651848,0.652061
2025-10-15T09:00:00Z,0.651933,0.652273,0.651678,0.652273
2025-10-15T10:00:00Z,0.652443,0.652486,0.651848,0.652358
2025-10-15T11:00:00Z,0.652486,0.652486,0.651636,0.651636
2025-10-15T12:00:00Z,0.651678,0.651933,0.651126,0.651211
2025-10-15T13:00:00Z,0.650957,0.651593,0.650745,0.651296
2025-10-15T14:00:00Z,0.651339,0.651848,0.651296,0.651848
2025-10-15T15:00:00Z,0.651848,0.652443,0.651211,0.651466
2025-10-15T16:00:00Z,0.651466,0.651636,0.651211,0.651551
2025-10-15T17:00:00Z,0.651254,0.651254,0.649351,0.650406
2025-10-15T18:00:00Z,0.650406,0.650915,0.650322,0.650915
2025-10-15T19:00:00Z,0.650957,0.651169,0.650787,0.651169
2025-10-15T20:00:00Z,0.651254,0.651508,0.651211,0.651508
2025-10-15T21:00:00Z,0.651339,0.651551,0.650957,0.651339
2025-10-15T22:00:00Z,0.651423,0.651636,0.651423,0.651551
2025-10-15T23:00:00Z,0.651508,0.651551,0.650533,0.650957
2025-10-16T00:00:00Z,0.650999,0.651721,0.648256,0.649014
2025-10-16T01:00:00Z,0.649477,0.650576,0.649477,0.649730
2025-10-16T02:00:00Z,0.649562,0.650576,0.648887,0.649519
2025-10-16T03:00:00Z,0.649435,0.649435,0.648508,0.648929
2025-10-16T04:00:00Z,0.648803,0.649351,0.648803,0.649309
2025-10-16T05:00:00Z,0.649351,0.649730,0.649182,0.649519
2025-10-16T06:00:00Z,0.649604,0.650576,0.649519,0.650406
2025-10-16T07:00:00Z,0.650449,0.650957,0.650406,0.650660
2025-10-16T08:00:00Z,0.650787,0.651423,0.650787,0.650872
2025-10-16T09:00:00Z,0.650872,0.651126,0.650322,0.650957
2025-10-16T10:00:00Z,0.650915,0.651254,0.650830,0.650957
2025-10-16T11:00:00Z,0.651042,0.651126,0.650745,0.650787
2025-10-16T12:00:00Z,0.650830,0.650830,0.649815,0.650322
2025-10-16T13:00:00Z,0.650280,0.650364,0.648971,0.648971
2025-10-16T14:00:00Z,0.649098,0.650957,0.648845,0.650618
2025-10-16T15:00:00Z,0.650533,0.650576,0.649266,0.649266
2025-10-16T16:00:00Z,0.649351,0.649730,0.647752,0.649182
2025-10-16T17:00:00Z,0.648845,0.649815,0.648340,0.648508
2025-10-16T18:00:00Z,0.648719,0.648803,0.647417,0.648803
2025-10-16T19:00:00Z,0.648593,0.648719,0.648046,0.648677
2025-10-16T20:00:00Z,0.648677,0.648887,0.648508,0.648719
2025-10-16T21:00:00Z,0.648761,0.648845,0.648550,0.648845
2025-10-16T22:00:00Z,0.648845,0.649182,0.648761,0.648803
2025-10-16T23:00:00Z,0.648719,0.648887,0.647794,0.648424
2025-10-17T00:00:00Z,0.648298,0.648761,0.648004,0.648635
2025-10-17T01:00:00Z,0.648635,0.649266,0.647333,0.647333
2025-10-17T02:00:00Z,0.647459,0.647459,0.646956,0.646956
2025-10-17T03:00:00Z,0.647207,0.647626,0.646580,0.646830
2025-10-17T04:00:00Z,0.647040,0.647626,0.647040,0.647543
2025-10-17T05:00:00Z,0.647585,0.647920,0.647124,0.647836
2025-10-17T06:00:00Z,0.647752,0.647962,0.647165,0.647165
2025-10-17T07:00:00Z,0.646747,0.646747,0.644662,0.646538
2025-10-17T08:00:00Z,0.646621,0.646621,0.645453,0.646078
2025-10-17T09:00:00Z,0.646120,0.647040,0.646120,0.647040
2025-10-17T10:00:00Z,0.647040,0.647920,0.646454,0.647920
2025-10-17T11:00:00Z,0.648130,0.649815,0.647752,0.648803
2025-10-17T12:00:00Z,0.648761,0.649351,0.647501,0.647710
2025-10-17T13:00:00Z,0.647417,0.648508,0.647417,0.648046
2025-10-17T14:00:00Z,0.647794,0.648719,0.647459,0.648677
2025-10-17T15:00:00Z,0.648761,0.648887,0.647585,0.648803
2025-10-17T16:00:00Z,0.648761,0.649309,0.648677,0.648719
2025-10-17T17:00:00Z,0.648677,0.649477,0.648508,0.649182
2025-10-17T18:00:00Z,0.649224,0.650280,0.649224,0.650026
2025-10-17T19:00:00Z,0.650110,0.650322,0.650068,0.650237
2025-10-17T20:00:00Z,0.650195,0.650195,0.649562,0.649646
2025-10-17T21:00:00Z,0.649899,0.649899,0.649899,0.649899
2025-10-19T23:00:00Z,0.650618,0.650618,0.650110,0.650364
2025-10-20T00:00:00Z,0.650068,0.650745,0.649899,0.650745
2025-10-20T01:00:00Z,0.650787,0.651551,0.650703,0.650745
2025-10-20T02:00:00Z,0.650830,0.651423,0.650830,0.650957
2025-10-20T03:00:00Z,0.650957,0.650999,0.650406,0.650576
2025-10-20T04:00:00Z,0.650660,0.650703,0.650280,0.650533
2025-10-20T05:00:00Z,0.650406,0.651042,0.650406,0.650872
2025-10-20T06:00:00Z,0.650576,0.650787,0.649815,0.649984
2025-10-20T07:00:00Z,0.649773,0.650449,0.649435,0.649857
2025-10-20T08:00:00Z,0.649815,0.650195,0.649730,0.650026
2025-10-20T09:00:00Z,0.649815,0.650322,0.649477,0.649477
2025-10-20T10:00:00Z,0.649562,0.649604,0.649182,0.649224
2025-10-20T11:00:00Z,0.649182,0.649477,0.648719,0.649224
2025-10-20T12:00:00Z,0.649266,0.649604,0.648971,0.649477
2025-10-20T13:00:00Z,0.649435,0.650406,0.649266,0.650068
2025-10-20T14:00:00Z,0.650237,0.651296,0.650110,0.651296
2025-10-20T15:00:00Z,0.651211,0.652316,0.651126,0.651933
2025-10-20T16:00:00Z,0.651763,0.652103,0.651551,0.651678
2025-10-20T17:00:00Z,0.651636,0.651976,0.651551,0.651551
2025-10-20T18:00:00Z,0.651551,0.651763,0.651466,0.651763
2025-10-20T19:00:00Z,0.651763,0.651806,0.651551,0.651551
2025-10-20T20:00:00Z,0.651508,0.651636,0.651423,0.651508
2025-10-20T21:00:00Z,0.651508,0.651933,0.651423,0.651933
2025-10-20T22:00:00Z,0.651806,0.651890,0.651678,0.651806
2025-10-20T23:00:00Z,0.651848,0.651933,0.651636,0.651848
2025-10-21T00:00:00Z,0.651763,0.652656,0.651721,0.652614
2025-10-21T01:00:00Z,0.652571,0.652571,0.651381,0.651593
2025-10-21T02:00:00Z,0.651466,0.651678,0.650915,0.650957
2025-10-21T03:00:00Z,0.650999,0.651211,0.650660,0.650745
2025-10-21T04:00:00Z,0.650576,0.650703,0.650280,0.650533
2025-10-21T05:00:00Z,0.650618,0.650618,0.649351,0.649393
2025-10-21T06:00:00Z,0.649351,0.649857,0.648929,0.649857
2025-10-21T07:00:00Z,0.649730,0.649730,0.648887,0.649014
2025-10-21T08:00:00Z,0.648887,0.648887,0.648046,0.648803
2025-10-21T09:00:00Z,0.648803,0.649140,0.648298,0.648929
2025-10-21T10:00:00Z,0.648971,0.649056,0.648466,0.649014
2025-10-21T11:00:00Z,0.649014,0.649984,0.649014,0.649393
2025-10-21T12:00:00Z,0.649562,0.649646,0.649098,0.649646
2025-10-21T13:00:00Z,0.649688,0.649688,0.647752,0.647962
2025-10-21T14:00:00Z,0.647878,0.649309,0.647794,0.649309
2025-10-21T15:00:00Z,0.649266,0.650153,0.649266,0.650026
2025-10-21T16:00:00Z,0.650110,0.650449,0.649393,0.649435
2025-10-21T17:00:00Z,0.649309,0.649309,0.648803,0.649182
2025-10-21T18:00:00Z,0.649266,0.649393,0.649182,0.649224
2025-10-21T19:00:00Z,0.649266,0.649393,0.649056,0.649266
2025-10-21T20:00:00Z,0.649140,0.649140,0.648887,0.648971
2025-10-21T21:00:00Z,0.649351,0.649435,0.649056,0.649224
2025-10-21T22:00:00Z,0.649140,0.649393,0.649140,0.649309
2025-10-21T23:00:00Z,0.649309,0.649477,0.649266,0.649393
2025-10-22T00:00:00Z,0.649604,0.649604,0.648845,0.648845
2025-10-22T01:00:00Z,0.648971,0.649224,0.648593,0.649224
2025-10-22T02:00:00Z,0.649098,0.649773,0.649098,0.649646
2025-10-22T03:00:00Z,0.649562,0.649773,0.649266,0.649730
2025-10-22T04:00:00Z,0.649815,0.650364,0.649815,0.650153
2025-10-22T05:00:00Z,0.650280,0.650830,0.650280,0.650618
2025-10-22T06:00:00Z,0.650322,0.651381,0.650322,0.650915
2025-10-22T07:00:00Z,0.650957,0.650957,0.650237,0.650618
2025-10-22T08:00:00Z,0.650449,0.650449,0.649562,0.649730
2025-10-22T09:00:00Z,0.649688,0.649815,0.649266,0.649815
2025-10-22T10:00:00Z,0.649773,0.649857,0.648929,0.648929
2025-10-22T11:00:00Z,0.649098,0.649098,0.648508,0.648677
2025-10-22T12:00:00Z,0.648761,0.649182,0.648719,0.649098
2025-10-22T13:00:00Z,0.649140,0.649688,0.648887,0.649519
2025-10-22T14:00:00Z,0.649688,0.650110,0.648719,0.649477
2025-10-22T15:00:00Z,0.649519,0.650406,0.649519,0.650406
2025-10-22T16:00:00Z,0.650280,0.650322,0.648550,0.649899
2025-10-22T17:00:00Z,0.649730,0.649730,0.648214,0.648298
2025-10-22T18:00:00Z,0.648719,0.648845,0.648172,0.648803
2025-10-22T19:00:00Z,0.648803,0.649224,0.648635,0.649140
2025-10-22T20:00:00Z,0.649182,0.649224,0.649014,0.649140
2025-10-22T21:00:00Z,0.649140,0.649309,0.649014,0.649309
2025-10-22T22:00:00Z,0.649098,0.649393,0.649056,0.649266
2025-10-22T23:00:00Z,0.649098,0.649182,0.648887,0.649014
2025-10-23T00:00:00Z,0.648887,0.649393,0.648761,0.649309
2025-10-23T01:00:00Z,0.649646,0.649688,0.648929,0.648929
2025-10-23T02:00:00Z,0.648761,0.648803,0.648340,0.648593
2025-10-23T03:00:00Z,0.648635,0.649014,0.648172,0.648172
2025-10-23T04:00:00Z,0.648340,0.648761,0.648256,0.648761
2025-10-23T05:00:00Z,0.648761,0.649435,0.648677,0.649351
2025-10-23T06:00:00Z,0.649393,0.650449,0.649393,0.650322
2025-10-23T07:00:00Z,0.650280,0.650999,0.650280,0.650703
2025-10-23T08:00:00Z,0.650830,0.651381,0.650830,0.651084
2025-10-23T09:00:00Z,0.651126,0.651466,0.650872,0.651423
2025-10-23T10:00:00Z,0.651423,0.651423,0.650576,0.650703
2025-10-23T11:00:00Z,0.650703,0.650745,0.650406,0.650406
2025-10-23T12:00:00Z,0.650449,0.651042,0.650068,0.650576
2025-10-23T13:00:00Z,0.650703,0.651423,0.650703,0.651169
2025-10-23T14:00:00Z,0.651126,0.651806,0.650915,0.651806
2025-10-23T15:00:00Z,0.651890,0.651890,0.651126,0.651763
2025-10-23T16:00:00Z,0.651890,0.651933,0.651381,0.651381
2025-10-23T17:00:00Z,0.651423,0.651976,0.650957,0.651890
2025-10-23T18:00:00Z,0.651806,0.651933,0.651763,0.651890
2025-10-23T19:00:00Z,0.651976,0.651976,0.651466,0.651466
2025-10-23T20:00:00Z,0.651339,0.651593,0.651296,0.651551
2025-10-23T21:00:00Z,0.651254,0.651254,0.651084,0.651254
2025-10-23T22:00:00Z,0.651551,0.651848,0.651508,0.651763
2025-10-23T23:00:00Z,0.651678,0.651763,0.651508,0.651678
2025-10-24T00:00:00Z,0.651508,0.651933,0.651508,0.651593
2025-10-24T01:00:00Z,0.651551,0.651636,0.650999,0.651084
2025-10-24T02:00:00Z,0.651042,0.651381,0.649984,0.649984
2025-10-24T03:00:00Z,0.650026,0.650830,0.650026,0.650787
2025-10-24T04:00:00Z,0.650787,0.650787,0.650195,0.650322
2025-10-24T05:00:00Z,0.650449,0.650449,0.649688,0.650026
2025-10-24T06:00:00Z,0.650195,0.650915,0.650068,0.650915
2025-10-24T07:00:00Z,0.650872,0.650999,0.650364,0.650491
2025-10-24T08:00:00Z,0.650576,0.650576,0.649562,0.649815
2025-10-24T09:00:00Z,0.649646,0.649899,0.649562,0.649730
2025-10-24T10:00:00Z,0.649773,0.650068,0.649773,0.649899
2025-10-24T11:00:00Z,0.649857,0.650153,0.649730,0.650153
2025-10-24T12:00:00Z,0.650280,0.652912,0.650110,0.651848
2025-10-24T13:00:00Z,0.651678,0.652358,0.650915,0.651551
2025-10-24T14:00:00Z,0.651593,0.651593,0.649899,0.650110
2025-10-24T15:00:00Z,0.650237,0.651169,0.650237,0.651084
2025-10-24T16:00:00Z,0.651254,0.651296,0.650787,0.651126
2025-10-24T17:00:00Z,0.651254,0.651551,0.651169,0.651254
2025-10-24T18:00:00Z,0.651169,0.651339,0.651126,0.651254
2025-10-24T19:00:00Z,0.651296,0.651381,0.651169,0.651339
2025-10-24T20:00:00Z,0.651339,0.651551,0.651211,0.651551
2025-10-24T21:00:00Z,0.651551,0.651551,0.651551,0.651551
2025-10-27T00:00:00Z,0.653766,0.653979,0.653253,0.653253
2025-10-27T01:00:00Z,0.653125,0.654322,0.653125,0.653680
2025-10-27T02:00:00Z,0.653552,0.653851,0.653424,0.653851
2025-10-27T03:00:00Z,0.653937,0.654022,0.653296,0.653296
2025-10-27T04:00:00Z,0.653253,0.653467,0.653168,0.653339
2025-10-27T05:00:00Z,0.653467,0.653894,0.653339,0.653894
2025-10-27T06:00:00Z,0.654065,0.654965,0.654065,0.654279
2025-10-27T07:00:00Z,0.654279,0.654279,0.653680,0.653723
2025-10-27T08:00:00Z,0.653680,0.655695,0.653680,0.655480
2025-10-27T09:00:00Z,0.655480,0.656125,0.655179,0.655910
2025-10-27T10:00:00Z,0.655910,0.656082,0.655609,0.655695
2025-10-27T11:00:00Z,0.655738,0.656039,0.655566,0.655910
2025-10-27T12:00:00Z,0.655824,0.656039,0.655437,0.655781
2025-10-27T13:00:00Z,0.655910,0.656125,0.654750,0.655050
2025-10-27T14:00:00Z,0.655179,0.655437,0.654879,0.655179
2025-10-27T15:00:00Z,0.654965,0.655566,0.654664,0.655480
2025-10-27T16:00:00Z,0.655480,0.655867,0.655394,0.655781
2025-10-27T17:00:00Z,0.655824,0.655867,0.655566,0.655738
2025-10-27T18:00:00Z,0.655738,0.655953,0.655480,0.655953
2025-10-27T19:00:00Z,0.655738,0.655781,0.655566,0.655695
2025-10-27T20:00:00Z,0.655781,0.656039,0.655695,0.655824
2025-10-27T21:00:00Z,0.655824,0.655824,0.655437,0.655781
2025-10-27T22:00:00Z,0.655910,0.656211,0.655910,0.656211
2025-10-27T23:00:00Z,0.656168,0.656254,0.655867,0.655996
2025-10-28T00:00:00Z,0.656039,0.656469,0.655738,0.656039
2025-10-28T01:00:00Z,0.655996,0.656340,0.655609,0.655996
2025-10-28T02:00:00Z,0.655953,0.656556,0.655867,0.655867
2025-10-28T03:00:00Z,0.655953,0.656297,0.655738,0.656211
2025-10-28T04:00:00Z,0.656254,0.656642,0.656168,0.656556
2025-10-28T05:00:00Z,0.656469,0.656599,0.655695,0.655867
2025-10-28T06:00:00Z,0.655867,0.655867,0.655136,0.655179
2025-10-28T07:00:00Z,0.655136,0.655523,0.655050,0.655222
2025-10-28T08:00:00Z,0.655351,0.655351,0.654750,0.654879
2025-10-28T09:00:00Z,0.655050,0.655867,0.654836,0.655824
2025-10-28T10:00:00Z,0.655910,0.656211,0.655824,0.656211
2025-10-28T11:00:00Z,0.656125,0.656125,0.655738,0.655738
2025-10-28T12:00:00Z,0.655652,0.655953,0.655566,0.655652
2025-10-28T13:00:00Z,0.655652,0.656168,0.655351,0.656168
2025-10-28T14:00:00Z,0.656211,0.658068,0.656211,0.657851
2025-10-28T15:00:00Z,0.658068,0.658501,0.657765,0.658501
2025-10-28T16:00:00Z,0.658545,0.659022,0.658501,0.659022
2025-10-28T17:00:00Z,0.659109,0.659109,0.658848,0.659109
2025-10-28T18:00:00Z,0.659065,0.659283,0.658848,0.659152
2025-10-28T19:00:00Z,0.659109,0.659152,0.658718,0.658718
2025-10-28T20:00:00Z,0.658675,0.658805,0.658631,0.658762
2025-10-28T21:00:00Z,0.658631,0.658762,0.658458,0.658545
2025-10-28T22:00:00Z,0.658675,0.658675,0.658458,0.658458
2025-10-28T23:00:00Z,0.658415,0.658675,0.658241,0.658675
2025-10-29T00:00:00Z,0.658675,0.660895,0.658111,0.660022
2025-10-29T01:00:00Z,0.659979,0.660197,0.659370,0.659892
2025-10-29T02:00:00Z,0.659718,0.660110,0.659239,0.660110
2025-10-29T03:00:00Z,0.660153,0.660240,0.660022,0.660110
2025-10-29T04:00:00Z,0.660284,0.660284,0.659631,0.659805
2025-10-29T05:00:00Z,0.659718,0.660633,0.659718,0.660284
2025-10-29T06:00:00Z,0.660371,0.661288,0.660284,0.660982
2025-10-29T07:00:00Z,0.661113,0.661901,0.661113,0.661507
2025-10-29T08:00:00Z,0.661419,0.661419,0.659761,0.659761
2025-10-29T09:00:00Z,0.659805,0.660371,0.659413,0.660240
2025-10-29T10:00:00Z,0.660153,0.660502,0.659979,0.660415
2025-10-29T11:00:00Z,0.660327,0.660327,0.659457,0.659805
2025-10-29T12:00:00Z,0.659935,0.659935,0.658979,0.659848
2025-10-29T13:00:00Z,0.660110,0.660982,0.659979,0.660458
2025-10-29T14:00:00Z,0.660546,0.660546,0.659935,0.660546
2025-10-29T15:00:00Z,0.660851,0.661551,0.660808,0.661376
2025-10-29T16:00:00Z,0.661332,0.661638,0.661157,0.661463
2025-10-29T17:00:00Z,0.661419,0.661770,0.660982,0.661332
2025-10-29T18:00:00Z,0.660982,0.661419,0.656513,0.657895
2025-10-29T19:00:00Z,0.658241,0.658241,0.656254,0.657376
2025-10-29T20:00:00Z,0.657592,0.658111,0.656858,0.657722
2025-10-29T21:00:00Z,0.657678,0.657678,0.657160,0.657505
2025-10-29T22:00:00Z,0.657592,0.657592,0.657073,0.657073
2025-10-29T23:00:00Z,0.657160,0.657895,0.657117,0.657895
2025-10-30T00:00:00Z,0.657981,0.658892,0.657981,0.658892
2025-10-30T01:00:00Z,0.658935,0.658935,0.658198,0.658718
2025-10-30T02:00:00Z,0.658675,0.659457,0.658458,0.659065
2025-10-30T03:00:00Z,0.659326,0.659544,0.658848,0.659065
2025-10-30T04:00:00Z,0.659326,0.659718,0.657981,0.659674
2025-10-30T05:00:00Z,0.659587,0.659718,0.658588,0.659283
2025-10-30T06:00:00Z,0.659370,0.659674,0.658415,0.658501
2025-10-30T07:00:00Z,0.658415,0.659022,0.657765,0.658198
2025-10-30T08:00:00Z,0.658285,0.658285,0.657592,0.657981
2025-10-30T09:00:00Z,0.658025,0.658068,0.657117,0.657117
2025-10-30T10:00:00Z,0.657073,0.657333,0.656685,0.656728
2025-10-30T11:00:00Z,0.656685,0.656944,0.655695,0.655695
2025-10-30T12:00:00Z,0.655437,0.655781,0.654108,0.654108
2025-10-30T13:00:00Z,0.653808,0.655136,0.653552,0.654836
2025-10-30T14:00:00Z,0.655093,0.655867,0.654707,0.654793
2025-10-30T15:00:00Z,0.655093,0.655824,0.655050,0.655609
2025-10-30T16:00:00Z,0.655609,0.655738,0.655351,0.655652
2025-10-30T17:00:00Z,0.655609,0.656039,0.655265,0.655738
2025-10-30T18:00:00Z,0.655695,0.655695,0.655222,0.655394
2025-10-30T19:00:00Z,0.655523,0.655523,0.654879,0.655093
2025-10-30T20:00:00Z,0.655093,0.655781,0.655093,0.655652
2025-10-30T21:00:00Z,0.655695,0.655738,0.655351,0.655609
2025-10-30T22:00:00Z,0.655609,0.655609,0.655437,0.655480
2025-10-30T23:00:00Z,0.655523,0.656211,0.655437,0.656125
2025-10-31T00:00:00Z,0.656125,0.656168,0.655652,0.655867
2025-10-31T01:00:00Z,0.656039,0.656039,0.655308,0.655480
2025-10-31T02:00:00Z,0.655566,0.655996,0.655008,0.655437
2025-10-31T03:00:00Z,0.655437,0.655480,0.654836,0.655136
2025-10-31T04:00:00Z,0.655179,0.655480,0.654965,0.655265
2025-10-31T05:00:00Z,0.655179,0.655179,0.654279,0.654279
2025-10-31T06:00:00Z,0.654365,0.654622,0.653979,0.653979
2025-10-31T07:00:00Z,0.654065,0.654236,0.653680,0.654193
2025-10-31T08:00:00Z,0.654065,0.654579,0.653979,0.654536
2025-10-31T09:00:00Z,0.654407,0.654622,0.653894,0.654322
2025-10-31T10:00:00Z,0.654407,0.654664,0.654279,0.654322
2025-10-31T11:00:00Z,0.654407,0.654750,0.654108,0.654493
2025-10-31T12:00:00Z,0.654365,0.654493,0.653808,0.653937
2025-10-31T13:00:00Z,0.653851,0.654750,0.653552,0.654750
2025-10-31T14:00:00Z,0.655008,0.655308,0.654279,0.655308
2025-10-31T15:00:00Z,0.655351,0.655437,0.654493,0.654879
2025-10-31T16:00:00Z,0.654793,0.654793,0.653808,0.654193
2025-10-31T17:00:00Z,0.654108,0.654151,0.653638,0.654065
2025-10-31T18:00:00Z,0.654022,0.654407,0.654022,0.654407
2025-10-31T19:00:00Z,0.654450,0.654750,0.654450,0.654536
2025-10-31T20:00:00Z,0.654450,0.654879,0.654450,0.654664
2025-10-31T21:00:00Z,0.654793,0.654793,0.654793,0.654793
2025-10-31T22:00:00Z,0.654793,0.654793,0.654793,0.654793
2025-11-03T00:00:00Z,0.654836,0.654836,0.654407,0.654493
2025-11-03T01:00:00Z,0.654450,0.655050,0.654279,0.654622
2025-11-03T02:00:00Z,0.654365,0.655136,0.654365,0.655008
2025-11-03T03:00:00Z,0.654922,0.655523,0.654707,0.655523
2025-11-03T04:00:00Z,0.655437,0.655781,0.655437,0.655609
2025-11-03T05:00:00Z,0.655609,0.656426,0.655609,0.656082
2025-11-03T06:00:00Z,0.656168,0.656168,0.655652,0.655910
2025-11-03T07:00:00Z,0.656039,0.656039,0.655265,0.655523
2025-11-03T08:00:00Z,0.655308,0.655652,0.655008,0.655652
2025-11-03T09:00:00Z,0.655222,0.655738,0.654922,0.654922
2025-11-03T10:00:00Z,0.654836,0.655093,0.654664,0.654707
2025-11-03T11:00:00Z,0.654793,0.655179,0.654750,0.655050
2025-11-03T12:00:00Z,0.655008,0.655394,0.654922,0.654922
2025-11-03T13:00:00Z,0.654879,0.654879,0.654065,0.654151
2025-11-03T14:00:00Z,0.654322,0.654322,0.652827,0.653211
2025-11-03T15:00:00Z,0.653424,0.653680,0.652018,0.652912
2025-11-03T16:00:00Z,0.653125,0.653766,0.653083,0.653766
2025-11-03T17:00:00Z,0.653552,0.654493,0.653552,0.653979
2025-11-03T18:00:00Z,0.654022,0.654236,0.653937,0.654193
2025-11-03T19:00:00Z,0.654108,0.654279,0.653937,0.654151
2025-11-03T20:00:00Z,0.654151,0.654151,0.653851,0.654065
2025-11-03T21:00:00Z,0.654022,0.654022,0.653680,0.653979
2025-11-03T22:00:00Z,0.653808,0.654236,0.653723,0.654022
2025-11-03T23:00:00Z,0.654108,0.654108,0.653894,0.654022
2025-11-04T00:00:00Z,0.653808,0.653894,0.653211,0.653894
2025-11-04T01:00:00Z,0.653766,0.653851,0.653211,0.653638
2025-11-04T02:00:00Z,0.653339,0.653467,0.652358,0.652571
2025-11-04T03:00:00Z,0.652912,0.653595,0.652316,0.653424
2025-11-04T04:00:00Z,0.653211,0.653766,0.652912,0.653339
2025-11-04T05:00:00Z,0.653253,0.653296,0.651423,0.651423
2025-11-04T06:00:00Z,0.651466,0.651678,0.650915,0.651423
2025-11-04T07:00:00Z,0.651296,0.651976,0.651254,0.651721
2025-11-04T08:00:00Z,0.651890,0.652146,0.650999,0.651169
2025-11-04T09:00:00Z,0.651381,0.651381,0.649730,0.649730
2025-11-04T10:00:00Z,0.649562,0.650618,0.649435,0.650406
2025-11-04T11:00:00Z,0.650449,0.650618,0.649942,0.649942
2025-11-04T12:00:00Z,0.649942,0.649942,0.649351,0.649688
2025-11-04T13:00:00Z,0.649730,0.649942,0.649435,0.649435
2025-11-04T14:00:00Z,0.649477,0.649730,0.648382,0.649519
2025-11-04T15:00:00Z,0.649562,0.650618,0.649562,0.650449
2025-11-04T16:00:00Z,0.650576,0.650576,0.650068,0.650237
2025-11-04T17:00:00Z,0.650153,0.650153,0.649351,0.649393
2025-11-04T18:00:00Z,0.649393,0.649477,0.648887,0.649014
2025-11-04T19:00:00Z,0.649056,0.649182,0.648550,0.648635
2025-11-04T20:00:00Z,0.648593,0.649098,0.648550,0.648887
2025-11-04T21:00:00Z,0.648929,0.649224,0.648635,0.649182
2025-11-04T22:00:00Z,0.649477,0.649477,0.648971,0.649477
2025-11-04T23:00:00Z,0.649477,0.649477,0.648719,0.648761
2025-11-05T00:00:00Z,0.648635,0.648845,0.647291,0.647668
2025-11-05T01:00:00Z,0.647333,0.647501,0.646120,0.646914
2025-11-05T02:00:00Z,0.647124,0.648298,0.646998,0.648298
2025-11-05T03:00:00Z,0.648466,0.649435,0.648340,0.649435
2025-11-05T04:00:00Z,0.649266,0.649646,0.648887,0.649393
2025-11-05T05:00:00Z,0.649393,0.650026,0.649266,0.649266
2025-11-05T06:00:00Z,0.649224,0.649730,0.649224,0.649309
2025-11-05T07:00:00Z,0.649098,0.649224,0.648719,0.648971
2025-11-05T08:00:00Z,0.649014,0.649815,0.649014,0.649182
2025-11-05T09:00:00Z,0.649014,0.649477,0.648382,0.648382
2025-11-05T10:00:00Z,0.648172,0.648466,0.648004,0.648130
2025-11-05T11:00:00Z,0.648130,0.648130,0.647668,0.648088
2025-11-05T12:00:00Z,0.648088,0.648424,0.647920,0.648424
2025-11-05T13:00:00Z,0.648424,0.648929,0.648214,0.648761
2025-11-05T14:00:00Z,0.648677,0.649899,0.648508,0.649773
2025-11-05T15:00:00Z,0.649014,0.650195,0.649014,0.650195
2025-11-05T16:00:00Z,0.650068,0.651381,0.649773,0.651254
2025-11-05T17:00:00Z,0.651296,0.651466,0.650703,0.650830
2025-11-05T18:00:00Z,0.650830,0.651084,0.650787,0.650957
2025-11-05T19:00:00Z,0.650872,0.651042,0.650787,0.650787
2025-11-05T20:00:00Z,0.650915,0.651211,0.650660,0.650660
2025-11-05T21:00:00Z,0.650449,0.650957,0.650449,0.650830
2025-11-05T22:00:00Z,0.650830,0.650957,0.650618,0.650745
2025-11-05T23:00:00Z,0.650745,0.651254,0.650745,0.651169
2025-11-06T00:00:00Z,0.650957,0.650957,0.650406,0.650745
2025-11-06T01:00:00Z,0.650449,0.651254,0.650026,0.651254
2025-11-06T02:00:00Z,0.651084,0.651423,0.650915,0.650957
2025-11-06T03:00:00Z,0.650999,0.651508,0.650745,0.651381
2025-11-06T04:00:00Z,0.651254,0.651976,0.651254,0.651551
2025-11-06T05:00:00Z,0.651551,0.651721,0.650915,0.650999
2025-11-06T06:00:00Z,0.651126,0.651381,0.650872,0.650872
2025-11-06T07:00:00Z,0.650957,0.651508,0.650957,0.651339
2025-11-06T08:00:00Z,0.651211,0.651848,0.650660,0.651848
2025-11-06T09:00:00Z,0.651848,0.651933,0.651508,0.651551
2025-11-06T10:00:00Z,0.651466,0.651678,0.650915,0.650957
2025-11-06T11:00:00Z,0.651084,0.651211,0.650830,0.650999
2025-11-06T12:00:00Z,0.651084,0.651678,0.650957,0.651636
2025-11-06T13:00:00Z,0.651763,0.652018,0.651126,0.651126
2025-11-06T14:00:00Z,0.651042,0.651042,0.648382,0.648382
2025-11-06T15:00:00Z,0.648004,0.648761,0.646956,0.647124
2025-11-06T16:00:00Z,0.647165,0.647249,0.646621,0.646872
2025-11-06T17:00:00Z,0.647207,0.648130,0.646789,0.647962
2025-11-06T18:00:00Z,0.648004,0.648677,0.647501,0.648340
2025-11-06T19:00:00Z,0.648466,0.649098,0.648466,0.648593
2025-11-06T20:00:00Z,0.648677,0.648719,0.648004,0.648088
2025-11-06T21:00:00Z,0.648172,0.648256,0.648004,0.648172
2025-11-06T22:00:00Z,0.648466,0.648466,0.647920,0.648298
2025-11-06T23:00:00Z,0.648214,0.648803,0.648214,0.648635
2025-11-07T00:00:00Z,0.648466,0.648635,0.648172,0.648256
2025-11-07T01:00:00Z,0.648214,0.648298,0.647375,0.647962
2025-11-07T02:00:00Z,0.647920,0.648130,0.647501,0.647752
2025-11-07T03:00:00Z,0.647836,0.647836,0.647082,0.647417
2025-11-07T04:00:00Z,0.647333,0.647794,0.646998,0.647710
2025-11-07T05:00:00Z,0.647878,0.648508,0.647878,0.648172
2025-11-07T06:00:00Z,0.648130,0.648635,0.648130,0.648550
2025-11-07T07:00:00Z,0.648593,0.649182,0.648593,0.648677
2025-11-07T08:00:00Z,0.648761,0.648887,0.648130,0.648761
2025-11-07T09:00:00Z,0.648677,0.648803,0.648088,0.648466
2025-11-07T10:00:00Z,0.648424,0.648929,0.648382,0.648761
2025-11-07T11:00:00Z,0.648719,0.648845,0.648004,0.648761
2025-11-07T12:00:00Z,0.648635,0.648971,0.647878,0.648172
2025-11-07T13:00:00Z,0.648088,0.649351,0.648088,0.648929
2025-11-07T14:00:00Z,0.648803,0.649140,0.647543,0.648635
2025-11-07T15:00:00Z,0.648466,0.648761,0.647249,0.647459
2025-11-07T16:00:00Z,0.647626,0.648214,0.647375,0.647710
2025-11-07T17:00:00Z,0.647501,0.648635,0.647333,0.648635
2025-11-07T18:00:00Z,0.648677,0.648971,0.648508,0.648719
2025-11-07T19:00:00Z,0.648761,0.649857,0.648719,0.649688
2025-11-07T20:00:00Z,0.649604,0.650026,0.649266,0.650026
2025-11-07T21:00:00Z,0.650068,0.650110,0.649604,0.649688
2025-11-07T22:00:00Z,0.649604,0.649604,0.649604,0.649604
2025-11-10T00:00:00Z,0.650406,0.651169,0.649899,0.651042
2025-11-10T01:00:00Z,0.651084,0.652316,0.650872,0.651933
2025-11-10T02:00:00Z,0.651806,0.652358,0.651508,0.652188
2025-11-10T03:00:00Z,0.652231,0.652231,0.651508,0.651636
2025-11-10T04:00:00Z,0.651763,0.652699,0.651763,0.652656
2025-11-10T05:00:00Z,0.652656,0.653168,0.652656,0.652827
2025-11-10T06:00:00Z,0.652955,0.653211,0.652614,0.652699
2025-11-10T07:00:00Z,0.652869,0.653467,0.652827,0.653083
2025-11-10T08:00:00Z,0.653168,0.653638,0.653125,0.653296
2025-11-10T09:00:00Z,0.653381,0.654065,0.653211,0.653937
2025-11-10T10:00:00Z,0.653808,0.653937,0.653424,0.653467
2025-11-10T11:00:00Z,0.653424,0.653680,0.653083,0.653638
2025-11-10T12:00:00Z,0.653638,0.653937,0.653211,0.653424
2025-11-10T13:00:00Z,0.653509,0.654022,0.652869,0.653083
2025-11-10T14:00:00Z,0.652912,0.652912,0.652443,0.652869
2025-11-10T15:00:00Z,0.652955,0.653125,0.651806,0.651890
2025-11-10T16:00:00Z,0.651848,0.652358,0.651848,0.652316
2025-11-10T17:00:00Z,0.652486,0.654151,0.652443,0.654108
2025-11-10T18:00:00Z,0.653979,0.654236,0.653894,0.654022
2025-11-10T19:00:00Z,0.653979,0.654151,0.653979,0.653979
2025-11-10T20:00:00Z,0.654065,0.654193,0.653979,0.654065
2025-11-10T21:00:00Z,0.654022,0.654151,0.653808,0.653851
2025-11-10T22:00:00Z,0.653552,0.653851,0.653509,0.653766
2025-11-10T23:00:00Z,0.653851,0.653851,0.653638,0.653723
2025-11-11T00:00:00Z,0.653595,0.653723,0.653424,0.653424
2025-11-11T01:00:00Z,0.653424,0.653424,0.653125,0.653296
2025-11-11T02:00:00Z,0.653296,0.653509,0.652955,0.652955
2025-11-11T03:00:00Z,0.652997,0.653211,0.652912,0.653125
2025-11-11T04:00:00Z,0.653339,0.653424,0.652529,0.652529
2025-11-11T05:00:00Z,0.652614,0.652614,0.652061,0.652061
2025-11-11T06:00:00Z,0.652103,0.652571,0.651763,0.652061
2025-11-11T07:00:00Z,0.652018,0.652231,0.651721,0.652231
2025-11-11T08:00:00Z,0.652103,0.652699,0.652103,0.652103
2025-11-11T09:00:00Z,0.652061,0.652401,0.651976,0.652103
2025-11-11T10:00:00Z,0.652231,0.652529,0.652018,0.652529
2025-11-11T11:00:00Z,0.652529,0.652827,0.652401,0.652827
2025-11-11T12:00:00Z,0.652784,0.652997,0.652443,0.652443
2025-11-11T13:00:00Z,0.652529,0.654022,0.652486,0.653808
2025-11-11T14:00:00Z,0.653808,0.653979,0.653253,0.653851
2025-11-11T15:00:00Z,0.653766,0.653808,0.652358,0.652443
2025-11-11T16:00:00Z,0.652358,0.653083,0.652358,0.652784
2025-11-11T17:00:00Z,0.652912,0.653381,0.652742,0.653339
2025-11-11T18:00:00Z,0.653296,0.653595,0.653253,0.653339
2025-11-11T19:00:00Z,0.653168,0.653424,0.653168,0.653211
2025-11-11T20:00:00Z,0.653125,0.653339,0.653083,0.653083
2025-11-11T21:00:00Z,0.653168,0.653211,0.652955,0.652955
2025-11-11T22:00:00Z,0.652273,0.652955,0.652273,0.652742
2025-11-11T23:00:00Z,0.652955,0.653381,0.652955,0.653253
2025-11-12T00:00:00Z,0.653040,0.653339,0.652316,0.652316
2025-11-12T01:00:00Z,0.652486,0.652656,0.652316,0.652571
2025-11-12T02:00:00Z,0.652614,0.652997,0.652316,0.652401
2025-11-12T03:00:00Z,0.652358,0.652784,0.652273,0.652614
2025-11-12T04:00:00Z,0.652656,0.652656,0.651848,0.652273
2025-11-12T05:00:00Z,0.652188,0.653253,0.652061,0.653168
2025-11-12T06:00:00Z,0.653211,0.653851,0.653211,0.653723
2025-11-12T07:00:00Z,0.653851,0.654279,0.653766,0.653894
2025-11-12T08:00:00Z,0.653851,0.654622,0.653595,0.654450
2025-11-12T09:00:00Z,0.654193,0.654493,0.653467,0.653509
2025-11-12T10:00:00Z,0.653595,0.653638,0.653296,0.653339
2025-11-12T11:00:00Z,0.653467,0.653766,0.653296,0.653766
2025-11-12T12:00:00Z,0.653766,0.654622,0.653766,0.654450
2025-11-12T13:00:00Z,0.654579,0.654579,0.653723,0.653937
2025-11-12T14:00:00Z,0.653851,0.653894,0.653381,0.653467
2025-11-12T15:00:00Z,0.653509,0.654193,0.653509,0.654022
2025-11-12T16:00:00Z,0.654279,0.654536,0.654065,0.654236
2025-11-12T17:00:00Z,0.654236,0.654707,0.654236,0.654493
2025-11-12T18:00:00Z,0.654536,0.655222,0.654450,0.655050
2025-11-12T19:00:00Z,0.654965,0.654965,0.654450,0.654493
2025-11-12T20:00:00Z,0.654579,0.654664,0.654322,0.654322
2025-11-12T21:00:00Z,0.654365,0.654407,0.654108,0.654407
2025-11-12T22:00:00Z,0.654322,0.654579,0.654022,0.654022
2025-11-12T23:00:00Z,0.654108,0.654108,0.653766,0.653808
2025-11-13T00:00:00Z,0.653894,0.656254,0.653552,0.655394
2025-11-13T01:00:00Z,0.655609,0.656469,0.655308,0.655996
2025-11-13T02:00:00Z,0.656082,0.656728,0.655910,0.656513
2025-11-13T03:00:00Z,0.656556,0.656685,0.655824,0.655996
2025-11-13T04:00:00Z,0.655910,0.655953,0.655523,0.655910
2025-11-13T05:00:00Z,0.655910,0.656297,0.655910,0.655996
2025-11-13T06:00:00Z,0.655910,0.656211,0.655867,0.656039
2025-11-13T07:00:00Z,0.656082,0.657765,0.656082,0.657765
2025-11-13T08:00:00Z,0.657765,0.658198,0.657722,0.658111
2025-11-13T09:00:00Z,0.658068,0.658068,0.657160,0.657505
2025-11-13T10:00:00Z,0.657462,0.657505,0.657073,0.657073
2025-11-13T11:00:00Z,0.657030,0.657117,0.656340,0.656383
2025-11-13T12:00:00Z,0.656426,0.656858,0.656254,0.656728
2025-11-13T13:00:00Z,0.656599,0.656599,0.655179,0.655523
2025-11-13T14:00:00Z,0.655695,0.655738,0.654236,0.655008
2025-11-13T15:00:00Z,0.654965,0.655609,0.654707,0.655394
2025-11-13T16:00:00Z,0.655566,0.655996,0.655265,0.655351
2025-11-13T17:00:00Z,0.655566,0.655566,0.655050,0.655136
2025-11-13T18:00:00Z,0.655222,0.655222,0.652699,0.653125
2025-11-13T19:00:00Z,0.653125,0.653638,0.652869,0.653083
2025-11-13T20:00:00Z,0.653040,0.653296,0.652827,0.652997
2025-11-13T21:00:00Z,0.653125,0.653381,0.653083,0.653253
2025-11-13T22:00:00Z,0.653040,0.653638,0.653040,0.653638
2025-11-13T23:00:00Z,0.653424,0.653552,0.652869,0.652997
2025-11-14T00:00:00Z,0.652827,0.653424,0.652656,0.653381
2025-11-14T01:00:00Z,0.653339,0.654450,0.653339,0.654193
2025-11-14T02:00:00Z,0.654279,0.655179,0.654279,0.654707
2025-11-14T03:00:00Z,0.654707,0.655050,0.654322,0.654365
2025-11-14T04:00:00Z,0.654365,0.654365,0.653509,0.653509
2025-11-14T05:00:00Z,0.653424,0.654108,0.653296,0.653979
2025-11-14T06:00:00Z,0.654108,0.654151,0.653211,0.653424
2025-11-14T07:00:00Z,0.653467,0.653467,0.652529,0.653040
2025-11-14T08:00:00Z,0.652827,0.653211,0.652061,0.653168
2025-11-14T09:00:00Z,0.653168,0.653253,0.652358,0.652358
2025-11-14T10:00:00Z,0.652316,0.652827,0.651763,0.651763
2025-11-14T11:00:00Z,0.651848,0.651848,0.650618,0.651169
2025-11-14T12:00:00Z,0.651042,0.652784,0.651042,0.652742
2025-11-14T13:00:00Z,0.653040,0.653083,0.652146,0.652656
2025-11-14T14:00:00Z,0.652443,0.653766,0.652316,0.653595
2025-11-14T15:00:00Z,0.653424,0.654793,0.652997,0.654793
2025-11-14T16:00:00Z,0.654965,0.655265,0.654664,0.655008
2025-11-14T17:00:00Z,0.654879,0.654922,0.654193,0.654407
2025-11-14T18:00:00Z,0.654193,0.654193,0.653595,0.653894
2025-11-14T19:00:00Z,0.653979,0.654108,0.653638,0.653937
2025-11-14T20:00:00Z,0.653979,0.654108,0.653680,0.653723
2025-11-14T21:00:00Z,0.653766,0.654065,0.653723,0.653766
2025-11-14T22:00:00Z,0.653894,0.653894,0.653894,0.653894
2025-11-17T00:00:00Z,0.653552,0.653552,0.652742,0.652827
2025-11-17T01:00:00Z,0.652742,0.652955,0.652061,0.652061
2025-11-17T02:00:00Z,0.651976,0.652486,0.651933,0.652231
2025-11-17T03:00:00Z,0.652146,0.652316,0.651466,0.651848
2025-11-17T04:00:00Z,0.651933,0.652529,0.651933,0.652401
2025-11-17T05:00:00Z,0.652443,0.652656,0.652401,0.652443
2025-11-17T06:00:00Z,0.652529,0.652784,0.652061,0.652784
2025-11-17T07:00:00Z,0.652827,0.653894,0.652784,0.653766
2025-11-17T08:00:00Z,0.653766,0.653937,0.652358,0.652529
2025-11-17T09:00:00Z,0.652401,0.652571,0.652188,0.652273
2025-11-17T10:00:00Z,0.652231,0.652443,0.651381,0.651381
2025-11-17T11:00:00Z,0.651211,0.652146,0.651211,0.651933
2025-11-17T12:00:00Z,0.651890,0.652656,0.651848,0.652061
2025-11-17T13:00:00Z,0.652061,0.652146,0.650957,0.651169
2025-11-17T14:00:00Z,0.651211,0.651593,0.650915,0.651423
2025-11-17T15:00:00Z,0.651296,0.651423,0.650745,0.651042
2025-11-17T16:00:00Z,0.651126,0.651678,0.650406,0.651678
2025-11-17T17:00:00Z,0.651678,0.651933,0.650999,0.651126
2025-11-17T18:00:00Z,0.651084,0.651126,0.650026,0.650026
2025-11-17T19:00:00Z,0.649984,0.649984,0.648593,0.648635
2025-11-17T20:00:00Z,0.648508,0.649435,0.648466,0.649435
2025-11-17T21:00:00Z,0.649519,0.649562,0.649309,0.649562
2025-11-17T22:00:00Z,0.649519,0.649857,0.649393,0.649815
2025-11-17T23:00:00Z,0.649857,0.650068,0.649477,0.649477
2025-11-18T00:00:00Z,0.649477,0.649477,0.648550,0.648593
2025-11-18T01:00:00Z,0.648761,0.649435,0.648593,0.649309
2025-11-18T02:00:00Z,0.649351,0.649899,0.649098,0.649182
2025-11-18T03:00:00Z,0.649140,0.649140,0.647962,0.648046
2025-11-18T04:00:00Z,0.647962,0.648214,0.646747,0.648214
2025-11-18T05:00:00Z,0.648172,0.648719,0.647962,0.648508
2025-11-18T06:00:00Z,0.648340,0.648466,0.647710,0.647710
2025-11-18T07:00:00Z,0.647710,0.648887,0.647710,0.648761
2025-11-18T08:00:00Z,0.648887,0.650026,0.648887,0.649562
2025-11-18T09:00:00Z,0.649435,0.650026,0.649435,0.649815
2025-11-18T10:00:00Z,0.649730,0.650153,0.649477,0.650153
2025-11-18T11:00:00Z,0.650153,0.650618,0.650110,0.650491
2025-11-18T12:00:00Z,0.650406,0.650703,0.650110,0.650322
2025-11-18T13:00:00Z,0.650660,0.651381,0.650068,0.651042
2025-11-18T14:00:00Z,0.650872,0.651084,0.649857,0.650195
2025-11-18T15:00:00Z,0.650068,0.650195,0.649056,0.649056
2025-11-18T16:00:00Z,0.648845,0.651084,0.648635,0.650660
2025-11-18T17:00:00Z,0.650660,0.651296,0.649730,0.651296
2025-11-18T18:00:00Z,0.651339,0.651933,0.651254,0.651466
2025-11-18T19:00:00Z,0.651593,0.652018,0.651593,0.651848
2025-11-18T20:00:00Z,0.652018,0.652018,0.651254,0.651254
2025-11-18T21:00:00Z,0.651211,0.651211,0.650872,0.650999
2025-11-18T22:00:00Z,0.650745,0.651169,0.650660,0.651169
2025-11-18T23:00:00Z,0.651211,0.651381,0.651042,0.651084
2025-11-19T00:00:00Z,0.650999,0.650999,0.650322,0.650364
2025-11-19T01:00:00Z,0.650406,0.650406,0.649309,0.649393
2025-11-19T02:00:00Z,0.649562,0.649984,0.649351,0.649351
2025-11-19T03:00:00Z,0.649266,0.649477,0.648466,0.648466
2025-11-19T04:00:00Z,0.648466,0.648677,0.647920,0.648508
2025-11-19T05:00:00Z,0.648593,0.649140,0.648340,0.649140
2025-11-19T06:00:00Z,0.649140,0.649773,0.649098,0.649224
2025-11-19T07:00:00Z,0.649098,0.649942,0.649098,0.649519
2025-11-19T08:00:00Z,0.649519,0.649519,0.648256,0.648256
2025-11-19T09:00:00Z,0.648046,0.649098,0.648004,0.648929
2025-11-19T10:00:00Z,0.648887,0.648971,0.648382,0.648845
2025-11-19T11:00:00Z,0.648761,0.649351,0.648550,0.649140
2025-11-19T12:00:00Z,0.649351,0.649435,0.649098,0.649182
2025-11-19T13:00:00Z,0.648971,0.649182,0.648508,0.648550
2025-11-19T14:00:00Z,0.648719,0.649435,0.648172,0.649435
2025-11-19T15:00:00Z,0.649309,0.649309,0.646580,0.646580
2025-11-19T16:00:00Z,0.646747,0.646830,0.646162,0.646747
2025-11-19T17:00:00Z,0.647082,0.647082,0.645453,0.646120
2025-11-19T18:00:00Z,0.646329,0.646956,0.646329,0.646789
2025-11-19T19:00:00Z,0.646538,0.646621,0.646037,0.646621
2025-11-19T20:00:00Z,0.646621,0.647417,0.646580,0.647040
2025-11-19T21:00:00Z,0.646956,0.648214,0.646747,0.648172
2025-11-19T22:00:00Z,0.647710,0.648256,0.647710,0.648088
2025-11-19T23:00:00Z,0.648214,0.649351,0.648214,0.649182
2025-11-20T00:00:00Z,0.649182,0.649182,0.648382,0.648466
2025-11-20T01:00:00Z,0.648677,0.648761,0.648130,0.648214
2025-11-20T02:00:00Z,0.648172,0.648172,0.647626,0.648130
2025-11-20T03:00:00Z,0.649014,0.649014,0.648214,0.648382
2025-11-20T04:00:00Z,0.648340,0.648971,0.648340,0.648845
2025-11-20T05:00:00Z,0.648719,0.649014,0.648214,0.648214
2025-11-20T06:00:00Z,0.648046,0.648508,0.647962,0.648424
2025-11-20T07:00:00Z,0.648256,0.648424,0.647794,0.647836
2025-11-20T08:00:00Z,0.647752,0.648130,0.647417,0.647920
2025-11-20T09:00:00Z,0.647794,0.648466,0.647794,0.648466
2025-11-20T10:00:00Z,0.648508,0.648761,0.648424,0.648593
2025-11-20T11:00:00Z,0.648550,0.648635,0.647543,0.647836
2025-11-20T12:00:00Z,0.647794,0.647962,0.647668,0.647794
2025-11-20T13:00:00Z,0.648004,0.650364,0.647710,0.649351
2025-11-20T14:00:00Z,0.649224,0.650237,0.648929,0.649942
2025-11-20T15:00:00Z,0.649730,0.649730,0.647585,0.647878
2025-11-20T16:00:00Z,0.647794,0.647878,0.644828,0.644828
2025-11-20T17:00:00Z,0.645494,0.645494,0.643915,0.644745
2025-11-20T18:00:00Z,0.644704,0.645953,0.644413,0.644621
2025-11-20T19:00:00Z,0.644662,0.645703,0.644413,0.645703
2025-11-20T20:00:00Z,0.645870,0.645870,0.644579,0.644579
2025-11-20T21:00:00Z,0.644621,0.644621,0.644164,0.644205
2025-11-20T22:00:00Z,0.644330,0.644912,0.644288,0.644912
2025-11-20T23:00:00Z,0.644912,0.645203,0.643998,0.645078
2025-11-21T00:00:00Z,0.645203,0.645786,0.644828,0.645786
2025-11-21T01:00:00Z,0.645828,0.645953,0.645411,0.645703
2025-11-21T02:00:00Z,0.645619,0.645953,0.644912,0.644953
2025-11-21T03:00:00Z,0.644995,0.645286,0.644828,0.645078
2025-11-21T04:00:00Z,0.644953,0.645036,0.644371,0.644662
2025-11-21T05:00:00Z,0.644953,0.645369,0.644828,0.644870
2025-11-21T06:00:00Z,0.645036,0.645578,0.644953,0.645328
2025-11-21T07:00:00Z,0.645120,0.645453,0.643791,0.643791
2025-11-21T08:00:00Z,0.643791,0.645453,0.643791,0.645411
2025-11-21T09:00:00Z,0.645328,0.645328,0.644081,0.644081
2025-11-21T10:00:00Z,0.643583,0.643625,0.642550,0.643583
2025-11-21T11:00:00Z,0.643791,0.644205,0.643128,0.643335
2025-11-21T12:00:00Z,0.643294,0.644953,0.642385,0.644662
2025-11-21T13:00:00Z,0.644787,0.645369,0.644413,0.645036
2025-11-21T14:00:00Z,0.644912,0.644912,0.643376,0.643874
2025-11-21T15:00:00Z,0.643956,0.644454,0.642715,0.643625
2025-11-21T16:00:00Z,0.643583,0.645661,0.643045,0.645661
2025-11-21T17:00:00Z,0.645745,0.646037,0.645411,0.645619
2025-11-21T18:00:00Z,0.645661,0.646120,0.644953,0.645578
2025-11-21T19:00:00Z,0.645578,0.646162,0.645578,0.645745
2025-11-21T20:00:00Z,0.645911,0.646078,0.645619,0.645870
2025-11-21T21:00:00Z,0.645911,0.646120,0.645786,0.645870
2025-11-21T22:00:00Z,0.645828,0.645828,0.645828,0.645828
2025-11-24T00:00:00Z,0.646329,0.646329,0.645328,0.645536
2025-11-24T01:00:00Z,0.645453,0.645786,0.645120,0.645453
2025-11-24T02:00:00Z,0.645828,0.646621,0.645453,0.646245
2025-11-24T03:00:00Z,0.646245,0.646663,0.645995,0.646329
2025-11-24T04:00:00Z,0.646287,0.646580,0.646078,0.646287
2025-11-24T05:00:00Z,0.646162,0.646663,0.646162,0.646538
2025-11-24T06:00:00Z,0.646538,0.646872,0.646120,0.646162
2025-11-24T07:00:00Z,0.646162,0.646705,0.646078,0.646287
2025-11-24T08:00:00Z,0.646037,0.646872,0.645911,0.645911
2025-11-24T09:00:00Z,0.645828,0.645911,0.644454,0.644912
2025-11-24T10:00:00Z,0.645078,0.645328,0.644704,0.645203
2025-11-24T11:00:00Z,0.645245,0.645494,0.644912,0.645328
2025-11-24T12:00:00Z,0.645203,0.645786,0.644621,0.645745
2025-11-24T13:00:00Z,0.645953,0.646120,0.645411,0.645619
2025-11-24T14:00:00Z,0.645661,0.645870,0.644912,0.645411
2025-11-24T15:00:00Z,0.645703,0.646162,0.645120,0.645995
2025-11-24T16:00:00Z,0.646078,0.646245,0.645703,0.645703
2025-11-24T17:00:00Z,0.645870,0.646287,0.645411,0.646204
2025-11-24T18:00:00Z,0.646204,0.646747,0.646204,0.646705
2025-11-24T19:00:00Z,0.646747,0.646747,0.646204,0.646412
2025-11-24T20:00:00Z,0.646538,0.646998,0.646538,0.646872
2025-11-24T21:00:00Z,0.646789,0.646872,0.646538,0.646663
2025-11-24T22:00:00Z,0.646412,0.646789,0.646371,0.646789
2025-11-24T23:00:00Z,0.646956,0.647082,0.646747,0.646830
2025-11-25T00:00:00Z,0.646454,0.646454,0.645995,0.646412
2025-11-25T01:00:00Z,0.646621,0.647082,0.646412,0.646496
2025-11-25T02:00:00Z,0.646371,0.646789,0.646204,0.646789
2025-11-25T03:00:00Z,0.646789,0.646830,0.645453,0.645578
2025-11-25T04:00:00Z,0.645578,0.645870,0.645494,0.645619
2025-11-25T05:00:00Z,0.645661,0.646162,0.645536,0.646078
2025-11-25T06:00:00Z,0.645995,0.646120,0.645078,0.645328
2025-11-25T07:00:00Z,0.645578,0.645870,0.645411,0.645578
2025-11-25T08:00:00Z,0.645411,0.645995,0.645286,0.645494
2025-11-25T09:00:00Z,0.645494,0.646329,0.645328,0.646078
2025-11-25T10:00:00Z,0.646037,0.646412,0.645745,0.645745
2025-11-25T11:00:00Z,0.645703,0.645703,0.644745,0.645078
2025-11-25T12:00:00Z,0.645120,0.645870,0.644995,0.645661
2025-11-25T13:00:00Z,0.645870,0.646914,0.645828,0.646329
2025-11-25T14:00:00Z,0.646329,0.646496,0.643956,0.645578
2025-11-25T15:00:00Z,0.645494,0.645786,0.644912,0.644912
2025-11-25T16:00:00Z,0.645036,0.645745,0.644995,0.645328
2025-11-25T17:00:00Z,0.645870,0.647710,0.645786,0.647501
2025-11-25T18:00:00Z,0.647501,0.647710,0.647375,0.647375
2025-11-25T19:00:00Z,0.647459,0.647668,0.646956,0.647585
2025-11-25T20:00:00Z,0.647668,0.647668,0.646872,0.646872
2025-11-25T21:00:00Z,0.647040,0.647417,0.647040,0.647165
2025-11-25T22:00:00Z,0.646998,0.647207,0.646872,0.647207
2025-11-25T23:00:00Z,0.647291,0.647417,0.646998,0.647249
2025-11-26T00:00:00Z,0.647249,0.648803,0.647124,0.648130
2025-11-26T01:00:00Z,0.648046,0.649688,0.648046,0.649266
2025-11-26T02:00:00Z,0.649309,0.649730,0.649182,0.649477
2025-11-26T03:00:00Z,0.649562,0.650703,0.649562,0.650364
2025-11-26T04:00:00Z,0.650491,0.650618,0.650237,0.650449
2025-11-26T05:00:00Z,0.650406,0.650957,0.650406,0.650787
2025-11-26T06:00:00Z,0.650830,0.651339,0.650618,0.650618
2025-11-26T07:00:00Z,0.650915,0.651126,0.649899,0.650406
2025-11-26T08:00:00Z,0.650449,0.650703,0.649393,0.649857
2025-11-26T09:00:00Z,0.649899,0.650703,0.649730,0.650153
2025-11-26T10:00:00Z,0.650153,0.650406,0.649309,0.649309
2025-11-26T11:00:00Z,0.649435,0.649562,0.649014,0.649351
2025-11-26T12:00:00Z,0.649266,0.649435,0.648677,0.649435
2025-11-26T13:00:00Z,0.649562,0.650576,0.648887,0.649309
2025-11-26T14:00:00Z,0.649309,0.650195,0.649056,0.649815
2025-11-26T15:00:00Z,0.649646,0.651169,0.649646,0.651169
2025-11-26T16:00:00Z,0.651169,0.651848,0.651169,0.651721
2025-11-26T17:00:00Z,0.651763,0.651806,0.651423,0.651678
2025-11-26T18:00:00Z,0.651763,0.652146,0.651593,0.652103
2025-11-26T19:00:00Z,0.652146,0.652273,0.651890,0.652103
2025-11-26T20:00:00Z,0.652018,0.652273,0.651933,0.652018
2025-11-26T21:00:00Z,0.652061,0.652146,0.651933,0.652018
2025-11-26T22:00:00Z,0.651933,0.652231,0.651933,0.652018
2025-11-26T23:00:00Z,0.652188,0.652955,0.652146,0.652614
2025-11-27T00:00:00Z,0.652699,0.652912,0.652529,0.652912
2025-11-27T01:00:00Z,0.652955,0.653339,0.652742,0.653339
2025-11-27T02:00:00Z,0.653253,0.653766,0.653083,0.653125
2025-11-27T03:00:00Z,0.653083,0.653424,0.652912,0.653424
2025-11-27T04:00:00Z,0.653381,0.653851,0.653211,0.653723
2025-11-27T05:00:00Z,0.653851,0.654151,0.653595,0.653595
2025-11-27T06:00:00Z,0.653595,0.653638,0.652699,0.652869
2025-11-27T07:00:00Z,0.652955,0.653424,0.652656,0.653424
2025-11-27T08:00:00Z,0.653424,0.653424,0.652529,0.652656
2025-11-27T09:00:00Z,0.652571,0.652955,0.652443,0.652571
2025-11-27T10:00:00Z,0.652614,0.653040,0.652529,0.652699
2025-11-27T11:00:00Z,0.652699,0.653040,0.652486,0.652997
2025-11-27T12:00:00Z,0.652955,0.653125,0.652827,0.652827
2025-11-27T13:00:00Z,0.652784,0.652997,0.652742,0.652912
2025-11-27T14:00:00Z,0.652997,0.653040,0.652614,0.652955
2025-11-27T15:00:00Z,0.652912,0.653638,0.652912,0.653552
2025-11-27T16:00:00Z,0.653552,0.653552,0.653253,0.653339
2025-11-27T17:00:00Z,0.653509,0.653509,0.653125,0.653381
2025-11-27T18:00:00Z,0.653381,0.653424,0.653168,0.653168
2025-11-27T19:00:00Z,0.653168,0.653296,0.653168,0.653211
2025-11-27T20:00:00Z,0.653253,0.653424,0.653253,0.653339
2025-11-27T21:00:00Z,0.653424,0.653595,0.653381,0.653595
2025-11-27T22:00:00Z,0.653424,0.653638,0.653296,0.653638
2025-11-27T23:00:00Z,0.653638,0.653851,0.653381,0.653766
2025-11-28T00:00:00Z,0.653979,0.654065,0.653680,0.653766
2025-11-28T01:00:00Z,0.654022,0.654236,0.653638,0.653680
2025-11-28T02:00:00Z,0.653851,0.654065,0.653595,0.653851
2025-11-28T03:00:00Z,0.653894,0.654193,0.653595,0.653638
2025-11-28T04:00:00Z,0.653723,0.653851,0.653339,0.653424
2025-11-28T05:00:00Z,0.653595,0.653595,0.652827,0.653168
2025-11-28T06:00:00Z,0.653040,0.653168,0.652656,0.652827
2025-11-28T07:00:00Z,0.652997,0.653211,0.652486,0.652486
2025-11-28T08:00:00Z,0.652656,0.652699,0.652316,0.652358
2025-11-28T09:00:00Z,0.652699,0.652955,0.652571,0.652699
2025-11-28T10:00:00Z,0.652656,0.652784,0.652316,0.652529
2025-11-28T11:00:00Z,0.652529,0.652699,0.652358,0.652571
2025-11-28T12:00:00Z,0.652571,0.653083,0.652486,0.652784
2025-11-28T13:00:00Z,0.652869,0.653851,0.652827,0.653766
2025-11-28T14:00:00Z,0.653638,0.654022,0.653467,0.653894
2025-11-28T15:00:00Z,0.654193,0.655996,0.653979,0.655996
2025-11-28T16:00:00Z,0.655695,0.655738,0.654965,0.655308
2025-11-28T17:00:00Z,0.655308,0.655394,0.654707,0.655394
2025-11-28T18:00:00Z,0.655222,0.655265,0.654922,0.655136
2025-11-28T19:00:00Z,0.655179,0.655394,0.655136,0.655265
2025-11-28T20:00:00Z,0.655179,0.655394,0.655179,0.655351
2025-11-28T21:00:00Z,0.655093,0.655394,0.654965,0.655394
2025-11-28T22:00:00Z,0.655222,0.655222,0.655222,0.655222
2025-12-01T00:00:00Z,0.655308,0.655351,0.654322,0.654365
2025-12-01T01:00:00Z,0.654279,0.655867,0.654279,0.655437
2025-12-01T02:00:00Z,0.655308,0.655437,0.654322,0.654493
2025-12-01T03:00:00Z,0.654579,0.654836,0.654151,0.654836
2025-12-01T04:00:00Z,0.654879,0.655222,0.654536,0.654664
2025-12-01T05:00:00Z,0.654536,0.654536,0.653979,0.654322
2025-12-01T06:00:00Z,0.654365,0.654536,0.654108,0.654493
2025-12-01T07:00:00Z,0.654579,0.655566,0.654236,0.655308
2025-12-01T08:00:00Z,0.655050,0.655480,0.654622,0.655093
2025-12-01T09:00:00Z,0.655050,0.655523,0.654793,0.655222
2025-12-01T10:00:00Z,0.655179,0.655437,0.654750,0.655093
2025-12-01T11:00:00Z,0.655351,0.655652,0.654922,0.655652
2025-12-01T12:00:00Z,0.655738,0.656469,0.655351,0.656469
2025-12-01T13:00:00Z,0.656556,0.656771,0.656125,0.656340
2025-12-01T14:00:00Z,0.656168,0.656211,0.655566,0.656211
2025-12-01T15:00:00Z,0.656642,0.656642,0.654922,0.655609
2025-12-01T16:00:00Z,0.655695,0.655910,0.655222,0.655523
2025-12-01T17:00:00Z,0.655566,0.655910,0.655308,0.655523
2025-12-01T18:00:00Z,0.655523,0.655523,0.654879,0.655008
2025-12-01T19:00:00Z,0.654922,0.654922,0.654322,0.654450
2025-12-01T20:00:00Z,0.654579,0.654579,0.654365,0.654450
2025-12-01T21:00:00Z,0.654450,0.654622,0.654365,0.654622
2025-12-01T22:00:00Z,0.654664,0.654750,0.654022,0.654322
2025-12-01T23:00:00Z,0.654450,0.654664,0.654450,0.654450
2025-12-02T00:00:00Z,0.654365,0.654493,0.654151,0.654450
2025-12-02T01:00:00Z,0.654493,0.654793,0.654151,0.654750
2025-12-02T02:00:00Z,0.654622,0.655351,0.654622,0.655265
2025-12-02T03:00:00Z,0.655351,0.655394,0.654879,0.655351
2025-12-02T04:00:00Z,0.655437,0.655566,0.655093,0.655093
2025-12-02T05:00:00Z,0.655222,0.655652,0.655222,0.655566
2025-12-02T06:00:00Z,0.655566,0.655609,0.655308,0.655609
2025-12-02T07:00:00Z,0.655609,0.655953,0.655609,0.655695
2025-12-02T08:00:00Z,0.655867,0.656039,0.655394,0.655609
2025-12-02T09:00:00Z,0.655652,0.655695,0.654879,0.655093
2025-12-02T10:00:00Z,0.655050,0.655093,0.654622,0.654750
2025-12-02T11:00:00Z,0.654793,0.655265,0.654793,0.655093
2025-12-02T12:00:00Z,0.655093,0.655695,0.655050,0.655695
2025-12-02T13:00:00Z,0.655781,0.656426,0.655480,0.656426
2025-12-02T14:00:00Z,0.656556,0.656987,0.656039,0.656556
2025-12-02T15:00:00Z,0.656513,0.657246,0.655609,0.657203
2025-12-02T16:00:00Z,0.657073,0.657073,0.655652,0.655652
2025-12-02T17:00:00Z,0.655824,0.656383,0.655609,0.655867
2025-12-02T18:00:00Z,0.655695,0.656125,0.655609,0.655867
2025-12-02T19:00:00Z,0.655867,0.656728,0.655867,0.656728
2025-12-02T20:00:00Z,0.656814,0.656901,0.656599,0.656814
2025-12-02T21:00:00Z,0.656728,0.656771,0.656556,0.656771
2025-12-02T22:00:00Z,0.656469,0.656901,0.656469,0.656858
2025-12-02T23:00:00Z,0.657030,0.657592,0.656944,0.657592
2025-12-03T00:00:00Z,0.657722,0.657765,0.655523,0.656944
2025-12-03T01:00:00Z,0.657073,0.657678,0.656771,0.657678
2025-12-03T02:00:00Z,0.657635,0.657981,0.657419,0.657765
2025-12-03T03:00:00Z,0.657765,0.658198,0.657765,0.658155
2025-12-03T04:00:00Z,0.658068,0.658198,0.657938,0.658198
2025-12-03T05:00:00Z,0.658198,0.658588,0.658111,0.658458
2025-12-03T06:00:00Z,0.658371,0.658718,0.658328,0.658371
2025-12-03T07:00:00Z,0.658762,0.658848,0.657895,0.658111
2025-12-03T08:00:00Z,0.658068,0.658501,0.657678,0.658501
2025-12-03T09:00:00Z,0.658501,0.658762,0.658285,0.658415
2025-12-03T10:00:00Z,0.658458,0.659109,0.658458,0.659022
2025-12-03T11:00:00Z,0.659022,0.659239,0.658848,0.659152
2025-12-03T12:00:00Z,0.659152,0.659457,0.659022,0.659152
2025-12-03T13:00:00Z,0.659022,0.659674,0.659022,0.659283
2025-12-03T14:00:00Z,0.659239,0.659239,0.657765,0.658631
2025-12-03T15:00:00Z,0.658458,0.660022,0.658458,0.659935
2025-12-03T16:00:00Z,0.660022,0.660153,0.659283,0.659283
2025-12-03T17:00:00Z,0.659370,0.659979,0.659196,0.659848
2025-12-03T18:00:00Z,0.659892,0.660284,0.659761,0.660110
2025-12-03T19:00:00Z,0.660197,0.660284,0.660022,0.660284
2025-12-03T20:00:00Z,0.660327,0.660415,0.660240,0.660371
2025-12-03T21:00:00Z,0.660327,0.660415,0.660284,0.660371
2025-12-03T22:00:00Z,0.660066,0.660284,0.660022,0.660197
2025-12-03T23:00:00Z,0.660327,0.660633,0.660197,0.660633
2025-12-04T00:00:00Z,0.660895,0.661201,0.660720,0.661026
2025-12-04T01:00:00Z,0.661157,0.661201,0.660546,0.660939
2025-12-04T02:00:00Z,0.660851,0.661201,0.660677,0.660939
2025-12-04T03:00:00Z,0.660851,0.661157,0.660502,0.661157
2025-12-04T04:00:00Z,0.661201,0.661638,0.661201,0.661594
2025-12-04T05:00:00Z,0.661594,0.661682,0.661113,0.661113
2025-12-04T06:00:00Z,0.661332,0.661376,0.660851,0.661332
2025-12-04T07:00:00Z,0.661463,0.661770,0.661157,0.661770
2025-12-04T08:00:00Z,0.661857,0.662076,0.661419,0.661419
2025-12-04T09:00:00Z,0.661288,0.661945,0.661201,0.661813
2025-12-04T10:00:00Z,0.661813,0.661901,0.661244,0.661288
2025-12-04T11:00:00Z,0.661201,0.661419,0.660895,0.661376
2025-12-04T12:00:00Z,0.661419,0.661638,0.660808,0.660982
2025-12-04T13:00:00Z,0.661070,0.661201,0.660677,0.661070
2025-12-04T14:00:00Z,0.661070,0.661989,0.660939,0.661376
2025-12-04T15:00:00Z,0.661376,0.662559,0.661201,0.662208
2025-12-04T16:00:00Z,0.662164,0.662296,0.661682,0.662032
2025-12-04T17:00:00Z,0.661989,0.661989,0.661726,0.661770
2025-12-04T18:00:00Z,0.661813,0.661989,0.661594,0.661770
2025-12-04T19:00:00Z,0.661726,0.661770,0.661244,0.661594
2025-12-04T20:00:00Z,0.661463,0.661551,0.661332,0.661463
2025-12-04T21:00:00Z,0.661551,0.661638,0.661070,0.661201
2025-12-04T22:00:00Z,0.661376,0.661376,0.660982,0.660982
2025-12-04T23:00:00Z,0.661070,0.661113,0.660808,0.660808
2025-12-05T00:00:00Z,0.660939,0.661244,0.660939,0.661244
2025-12-05T01:00:00Z,0.661332,0.661770,0.661332,0.661594
2025-12-05T02:00:00Z,0.661682,0.661945,0.661551,0.661813
2025-12-05T03:00:00Z,0.661638,0.661682,0.661332,0.661682
2025-12-05T04:00:00Z,0.661682,0.662120,0.661682,0.662120
2025-12-05T05:00:00Z,0.662120,0.662471,0.662120,0.662427
2025-12-05T06:00:00Z,0.662383,0.662866,0.662296,0.662778
2025-12-05T07:00:00Z,0.662910,0.663174,0.662647,0.662734
2025-12-05T08:00:00Z,0.662515,0.663614,0.662515,0.662998
2025-12-05T09:00:00Z,0.662822,0.663350,0.662691,0.663306
2025-12-05T10:00:00Z,0.663218,0.663790,0.663086,0.663746
2025-12-05T11:00:00Z,0.663746,0.663790,0.662822,0.663174
2025-12-05T12:00:00Z,0.663306,0.663922,0.663306,0.663922
2025-12-05T13:00:00Z,0.664099,0.664496,0.663878,0.664364
2025-12-05T14:00:00Z,0.664143,0.664717,0.664143,0.664628
2025-12-05T15:00:00Z,0.664673,0.665070,0.664143,0.664452
2025-12-05T16:00:00Z,0.664452,0.664452,0.662998,0.663658
2025-12-05T17:00:00Z,0.663570,0.664231,0.663438,0.664231
2025-12-05T18:00:00Z,0.664187,0.664364,0.663878,0.664099
2025-12-05T19:00:00Z,0.663878,0.664099,0.663878,0.664099
2025-12-05T20:00:00Z,0.664055,0.664143,0.663878,0.664011
2025-12-05T21:00:00Z,0.664143,0.664452,0.664011,0.664275
2025-12-05T22:00:00Z,0.664231,0.664231,0.664231,0.664231
2025-12-08T00:00:00Z,0.663570,0.664231,0.663570,0.664187
2025-12-08T01:00:00Z,0.664187,0.664717,0.664187,0.664496
2025-12-08T02:00:00Z,0.664628,0.664982,0.664496,0.664982
2025-12-08T03:00:00Z,0.665026,0.665026,0.664364,0.664408
2025-12-08T04:00:00Z,0.664540,0.664761,0.664540,0.664628
2025-12-08T05:00:00Z,0.664584,0.664849,0.664275,0.664761
2025-12-08T06:00:00Z,0.664982,0.665070,0.664408,0.664628
2025-12-08T07:00:00Z,0.664673,0.664761,0.663702,0.663922
2025-12-08T08:00:00Z,0.663967,0.664231,0.663702,0.664055
2025-12-08T09:00:00Z,0.664011,0.664231,0.663702,0.663834
2025-12-08T10:00:00Z,0.663790,0.664099,0.663702,0.663834
2025-12-08T11:00:00Z,0.663834,0.663878,0.663526,0.663658
2025-12-08T12:00:00Z,0.663570,0.664143,0.663570,0.664055
2025-12-08T13:00:00Z,0.664099,0.664584,0.663790,0.663834
2025-12-08T14:00:00Z,0.663922,0.664275,0.663262,0.663262
2025-12-08T15:00:00Z,0.662998,0.662998,0.661682,0.662032
2025-12-08T16:00:00Z,0.661901,0.662471,0.661726,0.662339
2025-12-08T17:00:00Z,0.662296,0.663042,0.662032,0.663042
2025-12-08T18:00:00Z,0.663086,0.663130,0.662252,0.662252
2025-12-08T19:00:00Z,0.662296,0.662734,0.662120,0.662515
2025-12-08T20:00:00Z,0.662691,0.662691,0.662427,0.662603
2025-12-08T21:00:00Z,0.662515,0.662734,0.662515,0.662647
2025-12-08T22:00:00Z,0.662427,0.662647,0.662296,0.662383
2025-12-08T23:00:00Z,0.662603,0.662954,0.662427,0.662954
2025-12-09T00:00:00Z,0.662822,0.662998,0.662339,0.662339
2025-12-09T01:00:00Z,0.662339,0.662822,0.662076,0.662734
2025-12-09T02:00:00Z,0.662866,0.662954,0.662647,0.662954
2025-12-09T03:00:00Z,0.662998,0.663262,0.661770,0.662822
2025-12-09T04:00:00Z,0.662822,0.664761,0.662559,0.664761
2025-12-09T05:00:00Z,0.664938,0.664938,0.664364,0.664628
2025-12-09T06:00:00Z,0.664364,0.664452,0.663922,0.664452
2025-12-09T07:00:00Z,0.664364,0.664496,0.663746,0.664011
2025-12-09T08:00:00Z,0.664099,0.664099,0.663658,0.663878
2025-12-09T09:00:00Z,0.663834,0.664938,0.663834,0.664761
2025-12-09T10:00:00Z,0.664717,0.664761,0.663967,0.664099
2025-12-09T11:00:00Z,0.664011,0.664231,0.663834,0.664055
2025-12-09T12:00:00Z,0.664055,0.664231,0.663746,0.664011
2025-12-09T13:00:00Z,0.664011,0.664364,0.663438,0.664099
2025-12-09T14:00:00Z,0.664055,0.664894,0.663878,0.664894
2025-12-09T15:00:00Z,0.664275,0.665557,0.663834,0.664584
2025-12-09T16:00:00Z,0.664584,0.665513,0.664584,0.665425
2025-12-09T17:00:00Z,0.665336,0.665513,0.664011,0.664099
2025-12-09T18:00:00Z,0.664011,0.664143,0.663614,0.664143
2025-12-09T19:00:00Z,0.664099,0.664275,0.663922,0.664099
2025-12-09T20:00:00Z,0.664187,0.664275,0.664099,0.664143
2025-12-09T21:00:00Z,0.664187,0.664452,0.664143,0.664452
2025-12-09T22:00:00Z,0.664275,0.664540,0.663922,0.664540
2025-12-09T23:00:00Z,0.664319,0.664496,0.664099,0.664187
2025-12-10T00:00:00Z,0.664231,0.664805,0.664143,0.664628
2025-12-10T01:00:00Z,0.664319,0.664540,0.663526,0.663658
2025-12-10T02:00:00Z,0.663526,0.663967,0.663130,0.663834
2025-12-10T03:00:00Z,0.663967,0.664187,0.663702,0.664011
2025-12-10T04:00:00Z,0.663967,0.664231,0.663922,0.664231
2025-12-10T05:00:00Z,0.664231,0.664452,0.663834,0.664452
2025-12-10T06:00:00Z,0.664452,0.664982,0.664452,0.664982
2025-12-10T07:00:00Z,0.665070,0.665336,0.664805,0.664982
2025-12-10T08:00:00Z,0.664982,0.665602,0.664805,0.665513
2025-12-10T09:00:00Z,0.665469,0.665602,0.664805,0.665115
2025-12-10T10:00:00Z,0.665026,0.665425,0.664673,0.664894
2025-12-10T11:00:00Z,0.664849,0.664938,0.664584,0.664938
2025-12-10T12:00:00Z,0.664982,0.665247,0.664761,0.664894
2025-12-10T13:00:00Z,0.664849,0.664849,0.663922,0.664452
2025-12-10T14:00:00Z,0.664452,0.664452,0.663702,0.664099
2025-12-10T15:00:00Z,0.664187,0.664319,0.663218,0.663834
2025-12-10T16:00:00Z,0.663922,0.664364,0.663570,0.664319
2025-12-10T17:00:00Z,0.664275,0.664717,0.664143,0.664540
2025-12-10T18:00:00Z,0.664628,0.664805,0.664275,0.664275
2025-12-10T19:00:00Z,0.665425,0.666978,0.664584,0.666978
2025-12-10T20:00:00Z,0.666667,0.668717,0.666667,0.668181
2025-12-10T21:00:00Z,0.668137,0.668181,0.667780,0.667780
2025-12-10T22:00:00Z,0.667334,0.667958,0.667200,0.667200
2025-12-10T23:00:00Z,0.667468,0.667780,0.667067,0.667646
2025-12-11T00:00:00Z,0.667557,0.668047,0.666311,0.666489
2025-12-11T01:00:00Z,0.666445,0.667468,0.666445,0.667022
2025-12-11T02:00:00Z,0.667245,0.667512,0.665425,0.665425
2025-12-11T03:00:00Z,0.665513,0.665513,0.664187,0.664275
2025-12-11T04:00:00Z,0.663922,0.664099,0.663218,0.664099
2025-12-11T05:00:00Z,0.663922,0.664143,0.663526,0.663790
2025-12-11T06:00:00Z,0.663658,0.663790,0.662954,0.663614
2025-12-11T07:00:00Z,0.663702,0.664761,0.663526,0.664496
2025-12-11T08:00:00Z,0.664584,0.664982,0.664319,0.664761
2025-12-11T09:00:00Z,0.664717,0.665380,0.664231,0.665380
2025-12-11T10:00:00Z,0.665380,0.665646,0.665115,0.665646
2025-12-11T11:00:00Z,0.665646,0.666267,0.665646,0.666001
2025-12-11T12:00:00Z,0.666045,0.666267,0.665646,0.665912
2025-12-11T13:00:00Z,0.666001,0.666889,0.665779,0.666711
2025-12-11T14:00:00Z,0.666667,0.667690,0.666178,0.666178
2025-12-11T15:00:00Z,0.666045,0.667245,0.666045,0.667245
2025-12-11T16:00:00Z,0.667512,0.667646,0.666223,0.666978
2025-12-11T17:00:00Z,0.667245,0.667646,0.667022,0.667111
2025-12-11T18:00:00Z,0.667200,0.667557,0.667111,0.667289
2025-12-11T19:00:00Z,0.667200,0.667334,0.666800,0.666800
2025-12-11T20:00:00Z,0.666756,0.666756,0.666356,0.666533
2025-12-11T21:00:00Z,0.666622,0.666978,0.666533,0.666667
2025-12-11T22:00:00Z,0.666711,0.666889,0.666400,0.666578
2025-12-11T23:00:00Z,0.666711,0.666800,0.666400,0.666445
2025-12-12T00:00:00Z,0.666445,0.667334,0.666445,0.667245
2025-12-12T01:00:00Z,0.667200,0.667601,0.666844,0.666933
2025-12-12T02:00:00Z,0.666978,0.667156,0.666622,0.666756
2025-12-12T03:00:00Z,0.666756,0.666933,0.666622,0.666711
2025-12-12T04:00:00Z,0.666667,0.666756,0.666223,0.666223
2025-12-12T05:00:00Z,0.666267,0.666933,0.666267,0.666933
2025-12-12T06:00:00Z,0.667022,0.667289,0.666578,0.666667
2025-12-12T07:00:00Z,0.666667,0.667156,0.666356,0.667156
2025-12-12T08:00:00Z,0.667067,0.667824,0.667067,0.667824
2025-12-12T09:00:00Z,0.667601,0.667690,0.666978,0.667200
2025-12-12T10:00:00Z,0.667111,0.667156,0.666356,0.667022
2025-12-12T11:00:00Z,0.667067,0.667067,0.666489,0.666844
2025-12-12T12:00:00Z,0.666800,0.666933,0.666356,0.666533
2025-12-12T13:00:00Z,0.666533,0.667022,0.666356,0.666489
2025-12-12T14:00:00Z,0.666578,0.667200,0.666445,0.667022
2025-12-12T15:00:00Z,0.666711,0.666711,0.664408,0.664452
2025-12-12T16:00:00Z,0.664584,0.664673,0.663526,0.664055
2025-12-12T17:00:00Z,0.664187,0.665735,0.664187,0.665513
2025-12-12T18:00:00Z,0.665513,0.666045,0.665513,0.665557
2025-12-12T19:00:00Z,0.665557,0.665557,0.665070,0.665380
2025-12-12T20:00:00Z,0.665469,0.665779,0.665247,0.665292
2025-12-12T21:00:00Z,0.665336,0.665690,0.665292,0.665557
2025-12-12T22:00:00Z,0.665469,0.665469,0.665469,0.665469
2025-12-15T00:00:00Z,0.664938,0.664982,0.664673,0.664938
2025-12-15T01:00:00Z,0.664938,0.665602,0.664673,0.665602
2025-12-15T02:00:00Z,0.665513,0.665690,0.664540,0.664894
2025-12-15T03:00:00Z,0.664849,0.665336,0.664673,0.664761
2025-12-15T04:00:00Z,0.664628,0.664761,0.664319,0.664717
2025-12-15T05:00:00Z,0.664717,0.664849,0.664628,0.664849
2025-12-15T06:00:00Z,0.664761,0.665026,0.664540,0.664982
2025-12-15T07:00:00Z,0.665026,0.665292,0.664761,0.664938
2025-12-15T08:00:00Z,0.664938,0.665557,0.664673,0.665159
2025-12-15T09:00:00Z,0.665070,0.665513,0.664894,0.665115
2025-12-15T10:00:00Z,0.664982,0.665115,0.664452,0.664849
2025-12-15T11:00:00Z,0.664805,0.665425,0.664717,0.665247
2025-12-15T12:00:00Z,0.665247,0.665646,0.665247,0.665513
2025-12-15T13:00:00Z,0.665690,0.665823,0.665336,0.665380
2025-12-15T14:00:00Z,0.664982,0.665690,0.664938,0.665070
2025-12-15T15:00:00Z,0.665026,0.665469,0.664364,0.665203
2025-12-15T16:00:00Z,0.665380,0.665380,0.664055,0.664452
2025-12-15T17:00:00Z,0.664364,0.664452,0.663834,0.663922
2025-12-15T18:00:00Z,0.664011,0.664143,0.663438,0.663967
2025-12-15T19:00:00Z,0.663922,0.664408,0.663702,0.664408
2025-12-15T20:00:00Z,0.664408,0.664408,0.664011,0.664143
2025-12-15T21:00:00Z,0.664143,0.664275,0.664011,0.664275
2025-12-15T22:00:00Z,0.664452,0.664452,0.663878,0.664364
2025-12-15T23:00:00Z,0.664275,0.665026,0.664275,0.664364
2025-12-16T00:00:00Z,0.664364,0.664452,0.663350,0.663350
2025-12-16T01:00:00Z,0.663438,0.663570,0.662076,0.662383
2025-12-16T02:00:00Z,0.662427,0.663658,0.662296,0.663130
2025-12-16T03:00:00Z,0.663174,0.663834,0.663174,0.663790
2025-12-16T04:00:00Z,0.663746,0.664187,0.663702,0.663878
2025-12-16T05:00:00Z,0.663878,0.664187,0.663526,0.663526
2025-12-16T06:00:00Z,0.663482,0.664231,0.663262,0.664231
2025-12-16T07:00:00Z,0.664364,0.664408,0.663922,0.663922
2025-12-16T08:00:00Z,0.664011,0.664584,0.664011,0.664275
2025-12-16T09:00:00Z,0.664231,0.664231,0.663658,0.663658
2025-12-16T10:00:00Z,0.663614,0.664011,0.663614,0.663702
2025-12-16T11:00:00Z,0.663790,0.663967,0.663570,0.663922
2025-12-16T12:00:00Z,0.663967,0.663967,0.663482,0.663922
2025-12-16T13:00:00Z,0.664099,0.666045,0.663922,0.664761
2025-12-16T14:00:00Z,0.664805,0.665956,0.664496,0.665690
2025-12-16T15:00:00Z,0.665823,0.665823,0.663218,0.664055
2025-12-16T16:00:00Z,0.664143,0.664143,0.663306,0.663702
2025-12-16T17:00:00Z,0.663834,0.664584,0.663614,0.663614
2025-12-16T18:00:00Z,0.663746,0.664099,0.662822,0.663878
2025-12-16T19:00:00Z,0.663658,0.664099,0.662910,0.663834
2025-12-16T20:00:00Z,0.663922,0.664143,0.663570,0.663570
2025-12-16T21:00:00Z,0.663526,0.663614,0.663042,0.663614
2025-12-16T22:00:00Z,0.663394,0.663570,0.663174,0.663394
2025-12-16T23:00:00Z,0.663570,0.663702,0.663262,0.663438
2025-12-17T00:00:00Z,0.663482,0.663482,0.662208,0.662296
2025-12-17T01:00:00Z,0.662515,0.663526,0.662515,0.663526
2025-12-17T02:00:00Z,0.663350,0.663394,0.662471,0.662778
2025-12-17T03:00:00Z,0.662734,0.662998,0.662339,0.662822
2025-12-17T04:00:00Z,0.662866,0.662866,0.661813,0.661813
2025-12-17T05:00:00Z,0.661813,0.662076,0.661682,0.662032
2025-12-17T06:00:00Z,0.662120,0.662296,0.661682,0.661682
2025-12-17T07:00:00Z,0.661682,0.662164,0.661594,0.661989
2025-12-17T08:00:00Z,0.661813,0.662296,0.661551,0.662296
2025-12-17T09:00:00Z,0.662296,0.662515,0.661770,0.661770
2025-12-17T10:00:00Z,0.661594,0.662208,0.661594,0.662076
2025-12-17T11:00:00Z,0.662164,0.662208,0.661507,0.661813
2025-12-17T12:00:00Z,0.661901,0.662559,0.661901,0.662559
2025-12-17T13:00:00Z,0.662647,0.662647,0.661901,0.662427
2025-12-17T14:00:00Z,0.662559,0.662910,0.661945,0.662866
2025-12-17T15:00:00Z,0.662778,0.662998,0.661113,0.661288
2025-12-17T16:00:00Z,0.661332,0.661857,0.660677,0.660851
2025-12-17T17:00:00Z,0.660895,0.661288,0.660633,0.660895
2025-12-17T18:00:00Z,0.660939,0.661332,0.660153,0.660197
2025-12-17T19:00:00Z,0.660240,0.660764,0.660240,0.660677
2025-12-17T20:00:00Z,0.660677,0.661201,0.660589,0.660633
2025-12-17T21:00:00Z,0.660633,0.660895,0.660633,0.660720
2025-12-17T22:00:00Z,0.660633,0.661157,0.660458,0.660720
2025-12-17T23:00:00Z,0.660808,0.660808,0.660327,0.660327
2025-12-18T00:00:00Z,0.660284,0.660546,0.659979,0.660502
2025-12-18T01:00:00Z,0.660589,0.660589,0.659674,0.659848
2025-12-18T02:00:00Z,0.660327,0.660415,0.659848,0.660110
2025-12-18T03:00:00Z,0.660066,0.660327,0.659544,0.659631
2025-12-18T04:00:00Z,0.659631,0.660284,0.659631,0.660197
2025-12-18T05:00:00Z,0.660415,0.660764,0.660284,0.660764
2025-12-18T06:00:00Z,0.660720,0.661113,0.660546,0.661113
2025-12-18T07:00:00Z,0.660939,0.661376,0.660939,0.661026
2025-12-18T08:00:00Z,0.661070,0.661113,0.660720,0.660808
2025-12-18T09:00:00Z,0.660851,0.661201,0.660589,0.660808
2025-12-18T10:00:00Z,0.660677,0.661026,0.660589,0.660939
2025-12-18T11:00:00Z,0.661070,0.661070,0.660808,0.661070
2025-12-18T12:00:00Z,0.661026,0.661332,0.660764,0.660808
2025-12-18T13:00:00Z,0.660764,0.663086,0.660720,0.662515
2025-12-18T14:00:00Z,0.662778,0.663218,0.662076,0.662559
2025-12-18T15:00:00Z,0.662559,0.662822,0.661332,0.661726
2025-12-18T16:00:00Z,0.661726,0.662734,0.661726,0.661989
2025-12-18T17:00:00Z,0.661945,0.661945,0.660589,0.661463
2025-12-18T18:00:00Z,0.661551,0.662164,0.661332,0.661857
2025-12-18T19:00:00Z,0.661726,0.662032,0.661551,0.661638
2025-12-18T20:00:00Z,0.661638,0.661682,0.661376,0.661376
2025-12-18T21:00:00Z,0.661288,0.661507,0.661288,0.661463
2025-12-18T22:00:00Z,0.661463,0.661551,0.661244,0.661288
2025-12-18T23:00:00Z,0.661376,0.661682,0.661376,0.661551
2025-12-19T00:00:00Z,0.661594,0.662383,0.661419,0.662383
2025-12-19T01:00:00Z,0.662383,0.662383,0.661376,0.661551
2025-12-19T02:00:00Z,0.661463,0.661770,0.661070,0.661288
2025-12-19T03:00:00Z,0.661113,0.661507,0.661113,0.661288
2025-12-19T04:00:00Z,0.661288,0.661288,0.660851,0.661026
2025-12-19T05:00:00Z,0.661113,0.661113,0.660764,0.660764
2025-12-19T06:00:00Z,0.660633,0.661113,0.660546,0.660677
2025-12-19T07:00:00Z,0.660589,0.660939,0.660284,0.660371
2025-12-19T08:00:00Z,0.660546,0.661157,0.660502,0.661113
2025-12-19T09:00:00Z,0.660808,0.661157,0.660677,0.661070
2025-12-19T10:00:00Z,0.660851,0.661157,0.660851,0.661070
2025-12-19T11:00:00Z,0.661070,0.661070,0.660589,0.660851
2025-12-19T12:00:00Z,0.660764,0.661070,0.660458,0.660677
2025-12-19T13:00:00Z,0.660589,0.661201,0.660327,0.661157
2025-12-19T14:00:00Z,0.661288,0.662427,0.661288,0.662427
2025-12-19T15:00:00Z,0.662471,0.662603,0.660982,0.661070
2025-12-19T16:00:00Z,0.661026,0.662076,0.661026,0.661594
2025-12-19T17:00:00Z,0.661726,0.661813,0.661507,0.661726
2025-12-19T18:00:00Z,0.661726,0.662252,0.661726,0.661813
2025-12-19T19:00:00Z,0.661770,0.662164,0.661770,0.662164
2025-12-19T20:00:00Z,0.662252,0.662252,0.661201,0.661244
2025-12-19T21:00:00Z,0.661288,0.661376,0.661026,0.661332
2025-12-19T22:00:00Z,0.661288,0.661419,0.661288,0.661419
2025-12-22T00:00:00Z,0.661507,0.661989,0.661288,0.661945
2025-12-22T01:00:00Z,0.662076,0.662471,0.662076,0.662296
2025-12-22T02:00:00Z,0.662339,0.662691,0.662296,0.662471
2025-12-22T03:00:00Z,0.662339,0.662691,0.662296,0.662296
2025-12-22T04:00:00Z,0.662339,0.662998,0.662339,0.662998
2025-12-22T05:00:00Z,0.662954,0.663086,0.662691,0.662822
2025-12-22T06:00:00Z,0.662822,0.663086,0.662822,0.662998
2025-12-22T07:00:00Z,0.663262,0.664231,0.663218,0.664231
2025-12-22T08:00:00Z,0.664055,0.664231,0.663834,0.664187
2025-12-22T09:00:00Z,0.664187,0.664275,0.663834,0.664231
2025-12-22T10:00:00Z,0.664143,0.664496,0.664143,0.664275
2025-12-22T11:00:00Z,0.664275,0.664496,0.664187,0.664496
2025-12-22T12:00:00Z,0.664496,0.664849,0.664364,0.664849
2025-12-22T13:00:00Z,0.664894,0.665203,0.664673,0.664761
2025-12-22T14:00:00Z,0.664849,0.665690,0.664628,0.665380
2025-12-22T15:00:00Z,0.665425,0.665912,0.665380,0.665912
2025-12-22T16:00:00Z,0.665912,0.666001,0.665602,0.665868
2025-12-22T17:00:00Z,0.665956,0.666223,0.665690,0.665956
2025-12-22T18:00:00Z,0.665868,0.665868,0.665602,0.665646
2025-12-22T19:00:00Z,0.665646,0.665690,0.665425,0.665646
2025-12-22T20:00:00Z,0.665602,0.666001,0.665602,0.665735
2025-12-22T21:00:00Z,0.665823,0.666089,0.665823,0.666045
2025-12-22T22:00:00Z,0.665735,0.666178,0.665690,0.666045
2025-12-22T23:00:00Z,0.666267,0.666311,0.665956,0.666001
2025-12-23T00:00:00Z,0.666001,0.666667,0.666001,0.666134
2025-12-23T01:00:00Z,0.666134,0.666844,0.665912,0.666622
2025-12-23T02:00:00Z,0.666622,0.667200,0.666578,0.667067
2025-12-23T03:00:00Z,0.667200,0.667200,0.666667,0.667111
2025-12-23T04:00:00Z,0.667156,0.667245,0.666978,0.666978
2025-12-23T05:00:00Z,0.666978,0.667111,0.666711,0.666800
2025-12-23T06:00:00Z,0.666800,0.667156,0.666756,0.666889
2025-12-23T07:00:00Z,0.666933,0.668003,0.666933,0.667824
2025-12-23T08:00:00Z,0.667780,0.669031,0.667780,0.669031
2025-12-23T09:00:00Z,0.668986,0.669523,0.668986,0.669434
2025-12-23T10:00:00Z,0.669568,0.669972,0.669568,0.669792
2025-12-23T11:00:00Z,0.669792,0.669792,0.669389,0.669389
2025-12-23T12:00:00Z,0.669389,0.669837,0.669389,0.669658
2025-12-23T13:00:00Z,0.669747,0.670196,0.669210,0.669210
2025-12-23T14:00:00Z,0.668807,0.669165,0.668047,0.668137
2025-12-23T15:00:00Z,0.668003,0.669344,0.668003,0.669344
2025-12-23T16:00:00Z,0.669344,0.669703,0.669299,0.669478
2025-12-23T17:00:00Z,0.669434,0.669613,0.669075,0.669075
2025-12-23T18:00:00Z,0.669075,0.669792,0.669075,0.669792
2025-12-23T19:00:00Z,0.669792,0.670107,0.669792,0.670107
2025-12-23T20:00:00Z,0.670017,0.670241,0.669837,0.670241
2025-12-23T21:00:00Z,0.670196,0.670466,0.670196,0.670421
2025-12-23T22:00:00Z,0.670107,0.670331,0.670107,0.670151
2025-12-23T23:00:00Z,0.670196,0.670466,0.670196,0.670421
2025-12-24T00:00:00Z,0.670511,0.670601,0.670196,0.670421
2025-12-24T01:00:00Z,0.670376,0.671321,0.670107,0.671231
2025-12-24T02:00:00Z,0.671366,0.671547,0.670961,0.671141
2025-12-24T03:00:00Z,0.671051,0.671051,0.670601,0.670646
2025-12-24T04:00:00Z,0.670646,0.671096,0.670511,0.671096
2025-12-24T05:00:00Z,0.671006,0.671411,0.671006,0.671411
2025-12-24T06:00:00Z,0.671411,0.671953,0.671411,0.671862
2025-12-24T07:00:00Z,0.671817,0.671862,0.671321,0.671366
2025-12-24T08:00:00Z,0.671547,0.671547,0.670871,0.671411
2025-12-24T09:00:00Z,0.671411,0.671592,0.671141,0.671592
2025-12-24T10:00:00Z,0.671547,0.671592,0.671186,0.671592
2025-12-24T11:00:00Z,0.671456,0.671637,0.671231,0.671366
2025-12-24T12:00:00Z,0.671231,0.671592,0.670376,0.670511
2025-12-24T13:00:00Z,0.670601,0.670916,0.670376,0.670826
2025-12-24T14:00:00Z,0.670781,0.671051,0.670556,0.670871
2025-12-24T15:00:00Z,0.670736,0.671456,0.670736,0.671411
2025-12-24T16:00:00Z,0.671366,0.671637,0.670736,0.670961
2025-12-24T17:00:00Z,0.670961,0.671276,0.670691,0.670691
2025-12-24T18:00:00Z,0.670826,0.670871,0.670601,0.670691
2025-12-24T19:00:00Z,0.670691,0.670826,0.670646,0.670826
2025-12-24T20:00:00Z,0.670826,0.670826,0.670691,0.670691
2025-12-24T21:00:00Z,0.670736,0.670826,0.670691,0.670736
2025-12-24T22:00:00Z,0.671186,0.671186,0.671006,0.671006
2025-12-24T23:00:00Z,0.671276,0.671456,0.670286,0.671006
2025-12-25T00:00:00Z,0.671051,0.671231,0.670331,0.670511
2025-12-25T01:00:00Z,0.670511,0.670826,0.670421,0.670736
2025-12-25T02:00:00Z,0.670556,0.671682,0.670556,0.671366
2025-12-25T03:00:00Z,0.671366,0.671456,0.670781,0.671276
2025-12-25T04:00:00Z,0.671231,0.671456,0.671231,0.671276
2025-12-25T05:00:00Z,0.671321,0.671547,0.670691,0.671141
2025-12-25T06:00:00Z,0.671006,0.671547,0.670556,0.670691
2025-12-25T07:00:00Z,0.671006,0.671141,0.670151,0.671141
2025-12-25T08:00:00Z,0.671141,0.671141,0.669613,0.669613
2025-12-25T09:00:00Z,0.669613,0.670286,0.669613,0.670286
2025-12-25T10:00:00Z,0.670286,0.670286,0.670286,0.670286
2025-12-25T11:00:00Z,0.670286,0.670286,0.670286,0.670286
2025-12-25T12:00:00Z,0.670286,0.670286,0.670286,0.670286
2025-12-25T13:00:00Z,0.670286,0.670286,0.670286,0.670286
2025-12-25T14:00:00Z,0.670286,0.670286,0.670286,0.670286
2025-12-25T15:00:00Z,0.670286,0.670286,0.670286,0.670286
2025-12-25T16:00:00Z,0.670286,0.670286,0.670286,0.670286
2025-12-25T17:00:00Z,0.670286,0.670286,0.670286,0.670286
2025-12-25T18:00:00Z,0.670286,0.670286,0.670286,0.670286
2025-12-25T22:00:00Z,0.670286,0.670781,0.670241,0.670781
2025-12-25T23:00:00Z,0.670511,0.670781,0.670421,0.670781
2025-12-26T00:00:00Z,0.670736,0.671637,0.670736,0.671006
2025-12-26T01:00:00Z,0.671231,0.671682,0.671141,0.671231
2025-12-26T02:00:00Z,0.671231,0.671998,0.671231,0.671953
2025-12-26T03:00:00Z,0.671998,0.671998,0.670961,0.670961
2025-12-26T04:00:00Z,0.670961,0.671276,0.670871,0.670916
2025-12-26T05:00:00Z,0.670916,0.671321,0.670646,0.671276
2025-12-26T06:00:00Z,0.671276,0.671321,0.670826,0.670871
2025-12-26T07:00:00Z,0.670871,0.670961,0.670421,0.670466
2025-12-26T08:00:00Z,0.670421,0.670601,0.670151,0.670601
2025-12-26T09:00:00Z,0.670601,0.670601,0.669972,0.670017
2025-12-26T10:00:00Z,0.670017,0.670601,0.669972,0.670511
2025-12-26T11:00:00Z,0.670466,0.670826,0.670466,0.670646
2025-12-26T12:00:00Z,0.670691,0.670961,0.670511,0.670961
2025-12-26T13:00:00Z,0.670916,0.671998,0.670871,0.671862
2025-12-26T14:00:00Z,0.671998,0.672314,0.671862,0.672088
2025-12-26T15:00:00Z,0.671998,0.672676,0.671727,0.671727
2025-12-26T16:00:00Z,0.671772,0.671772,0.670871,0.671006
2025-12-26T17:00:00Z,0.670916,0.671231,0.670826,0.671186
2025-12-26T18:00:00Z,0.671186,0.671456,0.671141,0.671321
2025-12-26T19:00:00Z,0.671276,0.671321,0.671096,0.671276
2025-12-26T20:00:00Z,0.671411,0.671637,0.671366,0.671592
2025-12-26T21:00:00Z,0.671682,0.671817,0.671321,0.671817
2025-12-26T22:00:00Z,0.671772,0.671772,0.671772,0.671772
2025-12-29T00:00:00Z,0.671817,0.672088,0.671727,0.671817
2025-12-29T01:00:00Z,0.671772,0.672450,0.671772,0.672133
2025-12-29T02:00:00Z,0.672179,0.672585,0.671862,0.672495
2025-12-29T03:00:00Z,0.672450,0.672948,0.672314,0.672721
2025-12-29T04:00:00Z,0.672676,0.672812,0.672405,0.672495
2025-12-29T05:00:00Z,0.672314,0.672540,0.671817,0.671817
2025-12-29T06:00:00Z,0.671908,0.671908,0.671411,0.671637
2025-12-29T07:00:00Z,0.671727,0.672359,0.671547,0.671547
2025-12-29T08:00:00Z,0.671366,0.671366,0.670466,0.670646
2025-12-29T09:00:00Z,0.670511,0.670646,0.669613,0.670151
2025-12-29T10:00:00Z,0.670376,0.670781,0.670241,0.670331
2025-12-29T11:00:00Z,0.670151,0.670241,0.669747,0.669792
2025-12-29T12:00:00Z,0.669658,0.669703,0.668583,0.669165
2025-12-29T13:00:00Z,0.669165,0.669747,0.669165,0.669747
2025-12-29T14:00:00Z,0.669434,0.670466,0.668941,0.669703
2025-12-29T15:00:00Z,0.669613,0.670017,0.668896,0.669747
2025-12-29T16:00:00Z,0.669837,0.670017,0.669120,0.669210
2025-12-29T17:00:00Z,0.669165,0.669254,0.668896,0.669120
2025-12-29T18:00:00Z,0.669075,0.669478,0.669075,0.669075
2025-12-29T19:00:00Z,0.669031,0.669927,0.668986,0.669927
2025-12-29T20:00:00Z,0.669837,0.669882,0.669344,0.669389
2025-12-29T21:00:00Z,0.669344,0.669658,0.669344,0.669613
2025-12-29T22:00:00Z,0.669568,0.669613,0.669254,0.669478
2025-12-29T23:00:00Z,0.669658,0.669703,0.669478,0.669703
2025-12-30T00:00:00Z,0.669747,0.669837,0.669613,0.669658
2025-12-30T01:00:00Z,0.669747,0.670556,0.669523,0.670511
2025-12-30T02:00:00Z,0.670691,0.670736,0.669927,0.670646
2025-12-30T03:00:00Z,0.670691,0.671096,0.670466,0.670871
2025-12-30T04:00:00Z,0.670871,0.671321,0.670871,0.671276
2025-12-30T05:00:00Z,0.671141,0.671682,0.671141,0.671682
2025-12-30T06:00:00Z,0.671592,0.671998,0.671547,0.671908
2025-12-30T07:00:00Z,0.671772,0.671772,0.670916,0.670961
2025-12-30T08:00:00Z,0.670916,0.671051,0.670556,0.670781
2025-12-30T09:00:00Z,0.670781,0.671231,0.670691,0.670691
2025-12-30T10:00:00Z,0.670736,0.671366,0.670736,0.671006
2025-12-30T11:00:00Z,0.671051,0.671051,0.670107,0.670286
2025-12-30T12:00:00Z,0.670241,0.670556,0.670151,0.670376
2025-12-30T13:00:00Z,0.670421,0.670736,0.669523,0.669523
2025-12-30T14:00:00Z,0.669747,0.670286,0.669747,0.670196
2025-12-30T15:00:00Z,0.670331,0.670331,0.669031,0.670331
2025-12-30T16:00:00Z,0.670286,0.670421,0.669837,0.670376
2025-12-30T17:00:00Z,0.670466,0.670601,0.670151,0.670556
2025-12-30T18:00:00Z,0.670466,0.670556,0.669972,0.670017
2025-12-30T19:00:00Z,0.670062,0.670151,0.669568,0.669747
2025-12-30T20:00:00Z,0.669792,0.670017,0.669523,0.669523
2025-12-30T21:00:00Z,0.669613,0.669837,0.669613,0.669837
2025-12-30T22:00:00Z,0.669747,0.669882,0.669568,0.669703
2025-12-30T23:00:00Z,0.669703,0.670107,0.669613,0.669882
2025-12-31T00:00:00Z,0.669837,0.670196,0.669747,0.670151
2025-12-31T01:00:00Z,0.670107,0.670241,0.669658,0.669837
2025-12-31T02:00:00Z,0.669613,0.670062,0.669478,0.669927
2025-12-31T03:00:00Z,0.669927,0.670107,0.669658,0.669792
2025-12-31T04:00:00Z,0.669837,0.669882,0.669389,0.669389
2025-12-31T05:00:00Z,0.669389,0.669658,0.669075,0.669210
2025-12-31T06:00:00Z,0.669120,0.669210,0.668762,0.669120
2025-12-31T07:00:00Z,0.669165,0.669165,0.668539,0.668986
2025-12-31T08:00:00Z,0.669165,0.669165,0.668360,0.668449
2025-12-31T09:00:00Z,0.668405,0.668896,0.668271,0.668673
2025-12-31T10:00:00Z,0.668628,0.668717,0.667869,0.668092
2025-12-31T11:00:00Z,0.668226,0.668941,0.668181,0.668807
2025-12-31T12:00:00Z,0.668852,0.669165,0.668762,0.669031
2025-12-31T13:00:00Z,0.668807,0.668852,0.668226,0.668539
2025-12-31T14:00:00Z,0.668360,0.668360,0.667601,0.667601
2025-12-31T15:00:00Z,0.667423,0.667423,0.666356,0.667067
2025-12-31T16:00:00Z,0.667067,0.667423,0.666622,0.666978
2025-12-31T17:00:00Z,0.667067,0.667468,0.666933,0.667379
2025-12-31T18:00:00Z,0.667557,0.667557,0.667111,0.667334
2025-12-31T19:00:00Z,0.667423,0.667690,0.667334,0.667468
2025-12-31T20:00:00Z,0.667557,0.667646,0.667379,0.667646
2025-12-31T21:00:00Z,0.667601,0.667646,0.667468,0.667557
2025-12-31T22:00:00Z,0.667557,0.667557,0.667111,0.667111
2025-12-31T23:00:00Z,0.667111,0.667468,0.667111,0.667468
2026-01-01T00:00:00Z,0.667468,0.667468,0.667468,0.667468
2026-01-01T01:00:00Z,0.667557,0.667557,0.667468,0.667468
2026-01-01T02:00:00Z,0.667468,0.667468,0.667468,0.667468
2026-01-01T03:00:00Z,0.667468,0.667468,0.667468,0.667468
2026-01-01T04:00:00Z,0.667468,0.667557,0.667468,0.667468
2026-01-01T05:00:00Z,0.667468,0.667468,0.667468,0.667468
2026-01-01T06:00:00Z,0.667468,0.667468,0.667468,0.667468
2026-01-01T07:00:00Z,0.667468,0.667468,0.667468,0.667468
2026-01-01T08:00:00Z,0.667468,0.667468,0.667468,0.667468
2026-01-01T09:00:00Z,0.667468,0.667468,0.667468,0.667468
2026-01-01T10:00:00Z,0.667468,0.667468,0.667468,0.667468
2026-01-01T11:00:00Z,0.667468,0.667468,0.667468,0.667468
2026-01-01T12:00:00Z,0.667468,0.667468,0.667468,0.667468
2026-01-01T13:00:00Z,0.667468,0.667468,0.667468,0.667468
2026-01-01T14:00:00Z,0.667468,0.667468,0.667468,0.667468
2026-01-01T15:00:00Z,0.667468,0.667468,0.667468,0.667468
2026-01-01T16:00:00Z,0.667468,0.667468,0.667468,0.667468
2026-01-01T17:00:00Z,0.667468,0.667468,0.667468,0.667468
2026-01-01T18:00:00Z,0.667468,0.667468,0.666756,0.666756
2026-01-01T21:00:00Z,0.667379,0.667869,0.667334,0.667334
2026-01-01T22:00:00Z,0.667334,0.667735,0.667111,0.667111
2026-01-01T23:00:00Z,0.667379,0.668137,0.667289,0.668003
2026-01-02T00:00:00Z,0.667958,0.668852,0.667913,0.668852
2026-01-02T01:00:00Z,0.668986,0.669658,0.668941,0.669478
2026-01-02T02:00:00Z,0.669613,0.669747,0.669344,0.669747
2026-01-02T03:00:00Z,0.669792,0.670421,0.669792,0.669972
2026-01-02T04:00:00Z,0.670107,0.670241,0.669703,0.670017
2026-01-02T05:00:00Z,0.669837,0.670151,0.669747,0.669792
2026-01-02T06:00:00Z,0.669703,0.669882,0.669568,0.669658
2026-01-02T07:00:00Z,0.669747,0.669927,0.669210,0.669927
2026-01-02T08:00:00Z,0.669972,0.670781,0.669882,0.670466
2026-01-02T09:00:00Z,0.670421,0.670871,0.670062,0.670196
2026-01-02T10:00:00Z,0.670062,0.670196,0.669568,0.670062
2026-01-02T11:00:00Z,0.670017,0.670062,0.669075,0.669254
2026-01-02T12:00:00Z,0.669344,0.669658,0.669120,0.669389
2026-01-02T13:00:00Z,0.669434,0.669792,0.668986,0.668986
2026-01-02T14:00:00Z,0.669210,0.669658,0.668986,0.669523
2026-01-02T15:00:00Z,0.669613,0.669837,0.668941,0.669075
2026-01-02T16:00:00Z,0.668986,0.669120,0.668226,0.668449
2026-01-02T17:00:00Z,0.668494,0.669210,0.668494,0.668628
2026-01-02T18:00:00Z,0.668717,0.668762,0.668003,0.668271
2026-01-02T19:00:00Z,0.668271,0.669165,0.668226,0.669075
2026-01-02T20:00:00Z,0.669120,0.669568,0.668941,0.669568
2026-01-02T21:00:00Z,0.669837,0.670017,0.669434,0.669747
2026-01-02T22:00:00Z,0.669568,0.669568,0.669568,0.669568
2026-01-05T00:00:00Z,0.668539,0.668852,0.668003,0.668047
2026-01-05T01:00:00Z,0.668137,0.669031,0.667780,0.668315
2026-01-05T02:00:00Z,0.668181,0.668986,0.667780,0.668583
2026-01-05T03:00:00Z,0.668539,0.668583,0.667379,0.667379
2026-01-05T04:00:00Z,0.667289,0.667557,0.666889,0.667423
2026-01-05T05:00:00Z,0.667200,0.667780,0.667156,0.667780
2026-01-05T06:00:00Z,0.667869,0.668360,0.667468,0.668360
2026-01-05T07:00:00Z,0.668405,0.668449,0.667512,0.667913
2026-01-05T08:00:00Z,0.667423,0.668405,0.667379,0.667869
2026-01-05T09:00:00Z,0.668047,0.668181,0.667601,0.667824
2026-01-05T10:00:00Z,0.667913,0.668762,0.667780,0.668717
2026-01-05T11:00:00Z,0.668762,0.669031,0.668539,0.668628
2026-01-05T12:00:00Z,0.668583,0.668852,0.668092,0.668092
2026-01-05T13:00:00Z,0.668003,0.668003,0.666667,0.667913
2026-01-05T14:00:00Z,0.668003,0.669299,0.668003,0.669210
2026-01-05T15:00:00Z,0.669434,0.671276,0.669434,0.671051
2026-01-05T16:00:00Z,0.671141,0.672088,0.671141,0.671908
2026-01-05T17:00:00Z,0.671953,0.671953,0.671411,0.671456
2026-01-05T18:00:00Z,0.671456,0.671637,0.671321,0.671592
2026-01-05T19:00:00Z,0.671682,0.671908,0.671547,0.671862
2026-01-05T20:00:00Z,0.671908,0.671908,0.671682,0.671817
2026-01-05T21:00:00Z,0.671862,0.671953,0.671592,0.671592
2026-01-05T22:00:00Z,0.671547,0.671817,0.671547,0.671817
2026-01-05T23:00:00Z,0.671727,0.671727,0.671411,0.671547
2026-01-06T00:00:00Z,0.671547,0.671592,0.671141,0.671231
2026-01-06T01:00:00Z,0.671321,0.671862,0.670601,0.671817
2026-01-06T02:00:00Z,0.671862,0.672585,0.671682,0.672540
2026-01-06T03:00:00Z,0.672540,0.672631,0.672133,0.672450
2026-01-06T04:00:00Z,0.672495,0.672766,0.672405,0.672721
2026-01-06T05:00:00Z,0.672721,0.673355,0.672721,0.672948
2026-01-06T06:00:00Z,0.672812,0.674082,0.672812,0.673900
2026-01-06T07:00:00Z,0.673945,0.674127,0.673083,0.673310
2026-01-06T08:00:00Z,0.673491,0.673764,0.672405,0.672631
2026-01-06T09:00:00Z,0.672405,0.672495,0.671862,0.671998
2026-01-06T10:00:00Z,0.671998,0.672540,0.671862,0.671908
2026-01-06T11:00:00Z,0.671862,0.672179,0.671501,0.671998
2026-01-06T12:00:00Z,0.672179,0.672495,0.671862,0.671908
2026-01-06T13:00:00Z,0.671953,0.672948,0.671862,0.672902
2026-01-06T14:00:00Z,0.673038,0.673764,0.672585,0.673446
2026-01-06T15:00:00Z,0.673401,0.673401,0.672269,0.673219
2026-01-06T16:00:00Z,0.673265,0.673446,0.672676,0.673310
2026-01-06T17:00:00Z,0.673537,0.673854,0.673537,0.673764
2026-01-06T18:00:00Z,0.673854,0.673900,0.673673,0.673764
2026-01-06T19:00:00Z,0.673718,0.673718,0.673355,0.673491
2026-01-06T20:00:00Z,0.673582,0.674263,0.673491,0.674172
2026-01-06T21:00:00Z,0.674127,0.674263,0.674036,0.674036
2026-01-06T22:00:00Z,0.673809,0.674218,0.673809,0.674218
2026-01-06T23:00:00Z,0.674263,0.674309,0.673673,0.673764
2026-01-07T00:00:00Z,0.673764,0.674172,0.672359,0.673673
2026-01-07T01:00:00Z,0.673491,0.675219,0.672993,0.675037
2026-01-07T02:00:00Z,0.674992,0.675356,0.674673,0.674992
2026-01-07T03:00:00Z,0.675174,0.676087,0.674992,0.675950
2026-01-07T04:00:00Z,0.676041,0.676865,0.676041,0.676224
2026-01-07T05:00:00Z,0.676315,0.676361,0.675219,0.675539
2026-01-07T06:00:00Z,0.675584,0.675813,0.675128,0.675356
2026-01-07T07:00:00Z,0.675219,0.675311,0.673991,0.674263
2026-01-07T08:00:00Z,0.674082,0.674218,0.673854,0.674082
2026-01-07T09:00:00Z,0.674127,0.674127,0.673764,0.674036
2026-01-07T10:00:00Z,0.674082,0.674309,0.673764,0.674036
2026-01-07T11:00:00Z,0.673991,0.674309,0.673945,0.674082
2026-01-07T12:00:00Z,0.674263,0.674263,0.673219,0.673491
2026-01-07T13:00:00Z,0.673446,0.674172,0.673038,0.674172
2026-01-07T14:00:00Z,0.674127,0.674764,0.673900,0.674400
2026-01-07T15:00:00Z,0.673991,0.674127,0.672585,0.672948
2026-01-07T16:00:00Z,0.672993,0.673083,0.672495,0.672902
2026-01-07T17:00:00Z,0.673038,0.673355,0.672857,0.673174
2026-01-07T18:00:00Z,0.672993,0.673582,0.672993,0.673355
2026-01-07T19:00:00Z,0.673355,0.673446,0.672948,0.673038
2026-01-07T20:00:00Z,0.672948,0.673038,0.672405,0.672405
2026-01-07T21:00:00Z,0.672224,0.672314,0.672088,0.672314
2026-01-07T22:00:00Z,0.672405,0.672585,0.672269,0.672585
2026-01-07T23:00:00Z,0.672540,0.672540,0.672359,0.672405
2026-01-08T00:00:00Z,0.672585,0.672585,0.671998,0.672224
2026-01-08T01:00:00Z,0.672450,0.672766,0.672314,0.672631
2026-01-08T02:00:00Z,0.672540,0.672540,0.671411,0.671456
2026-01-08T03:00:00Z,0.671547,0.671637,0.671276,0.671547
2026-01-08T04:00:00Z,0.671501,0.671682,0.670826,0.670871
2026-01-08T05:00:00Z,0.670826,0.670826,0.670331,0.670646
2026-01-08T06:00:00Z,0.670466,0.670466,0.669299,0.670331
2026-01-08T07:00:00Z,0.670151,0.670286,0.669837,0.669882
2026-01-08T08:00:00Z,0.669792,0.670601,0.669703,0.669882
2026-01-08T09:00:00Z,0.669882,0.670151,0.669165,0.669523
2026-01-08T10:00:00Z,0.669523,0.670107,0.669344,0.670107
2026-01-08T11:00:00Z,0.670107,0.670196,0.669792,0.669927
2026-01-08T12:00:00Z,0.669837,0.670151,0.669613,0.669927
2026-01-08T13:00:00Z,0.670062,0.670107,0.669254,0.669523
2026-01-08T14:00:00Z,0.669254,0.669523,0.668583,0.669299
2026-01-08T15:00:00Z,0.669165,0.670196,0.669120,0.670062
2026-01-08T16:00:00Z,0.670017,0.670017,0.669120,0.669613
2026-01-08T17:00:00Z,0.669568,0.669747,0.669075,0.669747
2026-01-08T18:00:00Z,0.669703,0.669703,0.669165,0.669210
2026-01-08T19:00:00Z,0.669075,0.669658,0.669075,0.669568
2026-01-08T20:00:00Z,0.669703,0.670062,0.669703,0.669972
2026-01-08T21:00:00Z,0.669972,0.670331,0.669837,0.670196
2026-01-08T22:00:00Z,0.670196,0.670601,0.670017,0.670601
2026-01-08T23:00:00Z,0.670601,0.670601,0.670017,0.670151
2026-01-09T00:00:00Z,0.669927,0.670196,0.669792,0.669837
2026-01-09T01:00:00Z,0.669927,0.669972,0.669165,0.669478
2026-01-09T02:00:00Z,0.669703,0.669882,0.669523,0.669747
2026-01-09T03:00:00Z,0.669568,0.669792,0.669389,0.669658
2026-01-09T04:00:00Z,0.669703,0.670017,0.669523,0.669927
2026-01-09T05:00:00Z,0.669927,0.670017,0.669568,0.669703
2026-01-09T06:00:00Z,0.669703,0.669837,0.669210,0.669210
2026-01-09T07:00:00Z,0.669120,0.669210,0.668315,0.668405
2026-01-09T08:00:00Z,0.668449,0.668494,0.667869,0.668405
2026-01-09T09:00:00Z,0.668449,0.668762,0.668226,0.668315
2026-01-09T10:00:00Z,0.668494,0.668494,0.668092,0.668181
2026-01-09T11:00:00Z,0.668271,0.668717,0.668271,0.668539
2026-01-09T12:00:00Z,0.668360,0.668539,0.667646,0.667824
2026-01-09T13:00:00Z,0.667913,0.670376,0.667735,0.669120
2026-01-09T14:00:00Z,0.669434,0.669658,0.668003,0.668405
2026-01-09T15:00:00Z,0.668137,0.668941,0.666622,0.668271
2026-01-09T16:00:00Z,0.668449,0.668673,0.667824,0.668405
2026-01-09T17:00:00Z,0.668360,0.668583,0.668226,0.668405
2026-01-09T18:00:00Z,0.668360,0.669031,0.668360,0.668762
2026-01-09T19:00:00Z,0.668762,0.668941,0.668673,0.668896
2026-01-09T20:00:00Z,0.669031,0.669210,0.668986,0.669210
2026-01-09T21:00:00Z,0.669210,0.669344,0.668807,0.669075
2026-01-09T22:00:00Z,0.668941,0.668941,0.668941,0.668941
2026-01-12T00:00:00Z,0.668807,0.670511,0.668673,0.670466
2026-01-12T01:00:00Z,0.670511,0.670871,0.669972,0.670107
2026-01-12T02:00:00Z,0.670062,0.670286,0.669792,0.669792
2026-01-12T03:00:00Z,0.669792,0.670062,0.669792,0.670017
2026-01-12T04:00:00Z,0.670017,0.670062,0.669478,0.669658
2026-01-12T05:00:00Z,0.669792,0.670107,0.669792,0.670107
2026-01-12T06:00:00Z,0.670107,0.670196,0.669882,0.670151
2026-01-12T07:00:00Z,0.670107,0.670871,0.670062,0.670826
2026-01-12T08:00:00Z,0.670736,0.671366,0.670466,0.670691
2026-01-12T09:00:00Z,0.670646,0.671366,0.670511,0.671006
2026-01-12T10:00:00Z,0.670961,0.671276,0.670646,0.671276
2026-01-12T11:00:00Z,0.671411,0.671456,0.670826,0.670871
2026-01-12T12:00:00Z,0.670826,0.671276,0.670646,0.671231
2026-01-12T13:00:00Z,0.671231,0.671953,0.671186,0.671772
2026-01-12T14:00:00Z,0.671772,0.671772,0.670646,0.671096
2026-01-12T15:00:00Z,0.671231,0.672179,0.670871,0.672179
2026-01-12T16:00:00Z,0.672179,0.672405,0.671817,0.671817
2026-01-12T17:00:00Z,0.671727,0.671953,0.671456,0.671637
2026-01-12T18:00:00Z,0.671637,0.671682,0.671366,0.671366
2026-01-12T19:00:00Z,0.671366,0.671682,0.671321,0.671682
2026-01-12T20:00:00Z,0.671637,0.671682,0.671501,0.671592
2026-01-12T21:00:00Z,0.671547,0.671727,0.671096,0.671231
2026-01-12T22:00:00Z,0.671321,0.671547,0.671051,0.671141
2026-01-12T23:00:00Z,0.671141,0.671321,0.670916,0.670961
2026-01-13T00:00:00Z,0.671006,0.671231,0.670916,0.671186
2026-01-13T01:00:00Z,0.671366,0.671682,0.671096,0.671366
2026-01-13T02:00:00Z,0.671276,0.671862,0.671276,0.671276
2026-01-13T03:00:00Z,0.671366,0.671547,0.671141,0.671186
2026-01-13T04:00:00Z,0.671231,0.671411,0.671096,0.671321
2026-01-13T05:00:00Z,0.671321,0.671321,0.670961,0.671096
2026-01-13T06:00:00Z,0.671186,0.671186,0.670691,0.671006
2026-01-13T07:00:00Z,0.671051,0.671051,0.670421,0.670781
2026-01-13T08:00:00Z,0.670601,0.670916,0.670241,0.670511
2026-01-13T09:00:00Z,0.670466,0.670961,0.670466,0.670736
2026-01-13T10:00:00Z,0.670826,0.670826,0.670062,0.670151
2026-01-13T11:00:00Z,0.670107,0.670691,0.669972,0.670691
2026-01-13T12:00:00Z,0.670646,0.670646,0.670241,0.670241
2026-01-13T13:00:00Z,0.670151,0.672314,0.670017,0.670871
2026-01-13T14:00:00Z,0.671051,0.671592,0.669927,0.670062
2026-01-13T15:00:00Z,0.670062,0.670062,0.668047,0.668941
2026-01-13T16:00:00Z,0.668941,0.668941,0.667690,0.668449
2026-01-13T17:00:00Z,0.668539,0.668583,0.668226,0.668271
2026-01-13T18:00:00Z,0.668315,0.668673,0.668003,0.668583
2026-01-13T19:00:00Z,0.668494,0.668494,0.668181,0.668405
2026-01-13T20:00:00Z,0.668360,0.668539,0.668137,0.668539
2026-01-13T21:00:00Z,0.668449,0.668494,0.668271,0.668315
2026-01-13T22:00:00Z,0.668494,0.668941,0.668405,0.668941
2026-01-13T23:00:00Z,0.669031,0.669031,0.668539,0.668539
2026-01-14T00:00:00Z,0.668449,0.668673,0.668271,0.668271
2026-01-14T01:00:00Z,0.668405,0.668539,0.668003,0.668449
2026-01-14T02:00:00Z,0.668449,0.669613,0.668449,0.669523
2026-01-14T03:00:00Z,0.669523,0.670196,0.669523,0.670196
2026-01-14T04:00:00Z,0.670151,0.670241,0.669837,0.669882
2026-01-14T05:00:00Z,0.669882,0.670017,0.669703,0.669703
2026-01-14T06:00:00Z,0.669703,0.670151,0.669568,0.670151
2026-01-14T07:00:00Z,0.670331,0.670421,0.669703,0.669703
2026-01-14T08:00:00Z,0.669703,0.669747,0.668941,0.669523
2026-01-14T09:00:00Z,0.669658,0.670017,0.669434,0.669882
2026-01-14T10:00:00Z,0.669747,0.669747,0.668583,0.668807
2026-01-14T11:00:00Z,0.668449,0.668539,0.668226,0.668360
2026-01-14T12:00:00Z,0.668405,0.668628,0.667958,0.668494
2026-01-14T13:00:00Z,0.668628,0.668673,0.667824,0.668181
2026-01-14T14:00:00Z,0.668181,0.668852,0.668181,0.668583
2026-01-14T15:00:00Z,0.668271,0.668986,0.667913,0.668583
2026-01-14T16:00:00Z,0.668539,0.669075,0.667869,0.668047
2026-01-14T17:00:00Z,0.668003,0.668181,0.667601,0.667646
2026-01-14T18:00:00Z,0.667690,0.668092,0.667601,0.668047
2026-01-14T19:00:00Z,0.668003,0.668315,0.667958,0.668315
2026-01-14T20:00:00Z,0.668181,0.668807,0.668137,0.668583
2026-01-14T21:00:00Z,0.668628,0.668852,0.668449,0.668539
2026-01-14T22:00:00Z,0.668583,0.668762,0.668226,0.668226
2026-01-14T23:00:00Z,0.668673,0.668673,0.667958,0.668449
2026-01-15T00:00:00Z,0.668405,0.668807,0.668315,0.668583
2026-01-15T01:00:00Z,0.668673,0.668717,0.667913,0.668271
2026-01-15T02:00:00Z,0.668315,0.668315,0.667869,0.668003
2026-01-15T03:00:00Z,0.667913,0.667913,0.667067,0.667423
2026-01-15T04:00:00Z,0.667512,0.667824,0.667334,0.667601
2026-01-15T05:00:00Z,0.667601,0.668137,0.667512,0.667869
2026-01-15T06:00:00Z,0.667913,0.668628,0.667913,0.668360
2026-01-15T07:00:00Z,0.668405,0.668717,0.668360,0.668360
2026-01-15T08:00:00Z,0.668539,0.669344,0.668271,0.669344
2026-01-15T09:00:00Z,0.669389,0.670107,0.669389,0.669837
2026-01-15T10:00:00Z,0.669792,0.670196,0.669703,0.670151
2026-01-15T11:00:00Z,0.670107,0.670196,0.669882,0.669972
2026-01-15T12:00:00Z,0.669927,0.670062,0.669031,0.669031
2026-01-15T13:00:00Z,0.669120,0.669120,0.667958,0.668003
2026-01-15T14:00:00Z,0.668003,0.668941,0.667735,0.668628
2026-01-15T15:00:00Z,0.668673,0.670107,0.668673,0.670107
2026-01-15T16:00:00Z,0.670196,0.671186,0.670151,0.670646
2026-01-15T17:00:00Z,0.670646,0.671051,0.670511,0.670556
2026-01-15T18:00:00Z,0.670691,0.671051,0.670691,0.670781
2026-01-15T19:00:00Z,0.670826,0.670916,0.670376,0.670376
2026-01-15T20:00:00Z,0.670376,0.670421,0.669882,0.670062
2026-01-15T21:00:00Z,0.669972,0.670286,0.669972,0.670151
2026-01-15T22:00:00Z,0.670107,0.670151,0.669927,0.670151
2026-01-15T23:00:00Z,0.670286,0.670376,0.670107,0.670376
2026-01-16T00:00:00Z,0.670331,0.670466,0.670017,0.670017
2026-01-16T01:00:00Z,0.669972,0.670556,0.669972,0.670062
2026-01-16T02:00:00Z,0.669972,0.670421,0.669837,0.670107
2026-01-16T03:00:00Z,0.670196,0.670781,0.670196,0.670646
2026-01-16T04:00:00Z,0.670646,0.670871,0.670556,0.670871
2026-01-16T05:00:00Z,0.670826,0.670826,0.670241,0.670241
2026-01-16T06:00:00Z,0.670376,0.670421,0.669837,0.670196
2026-01-16T07:00:00Z,0.670241,0.670511,0.670151,0.670466
2026-01-16T08:00:00Z,0.670286,0.670781,0.670286,0.670556
2026-01-16T09:00:00Z,0.670376,0.670646,0.670331,0.670466
2026-01-16T10:00:00Z,0.670421,0.671186,0.670376,0.670826
2026-01-16T11:00:00Z,0.670916,0.671051,0.670646,0.670646
2026-01-16T12:00:00Z,0.670601,0.670826,0.670107,0.670241
2026-01-16T13:00:00Z,0.670151,0.670286,0.669389,0.669703
2026-01-16T14:00:00Z,0.669658,0.669658,0.668762,0.668896
2026-01-16T15:00:00Z,0.668852,0.669658,0.667334,0.668181
2026-01-16T16:00:00Z,0.668226,0.668852,0.668226,0.668226
2026-01-16T17:00:00Z,0.668271,0.668494,0.668181,0.668360
2026-01-16T18:00:00Z,0.668271,0.668717,0.668226,0.668583
2026-01-16T19:00:00Z,0.668494,0.668807,0.668315,0.668628
2026-01-16T20:00:00Z,0.668628,0.668807,0.668539,0.668717
2026-01-16T21:00:00Z,0.668673,0.668762,0.668360,0.668583
2026-01-16T22:00:00Z,0.668539,0.668539,0.668539,0.668539
2026-01-19T00:00:00Z,0.669075,0.669613,0.667958,0.669478
2026-01-19T01:00:00Z,0.669523,0.669703,0.668449,0.668449
2026-01-19T02:00:00Z,0.668494,0.668762,0.668181,0.668628
2026-01-19T03:00:00Z,0.668717,0.669165,0.668583,0.669031
2026-01-19T04:00:00Z,0.669031,0.669478,0.668941,0.669344
2026-01-19T05:00:00Z,0.669389,0.670286,0.669254,0.669837
2026-01-19T06:00:00Z,0.669792,0.669927,0.669613,0.669747
2026-01-19T07:00:00Z,0.669613,0.670062,0.669165,0.669254
2026-01-19T08:00:00Z,0.669344,0.670017,0.669344,0.669703
2026-01-19T09:00:00Z,0.669792,0.669927,0.669254,0.669927
2026-01-19T10:00:00Z,0.669972,0.670781,0.669972,0.670331
2026-01-19T11:00:00Z,0.670286,0.670601,0.670196,0.670601
2026-01-19T12:00:00Z,0.670376,0.670781,0.670376,0.670556
2026-01-19T13:00:00Z,0.670601,0.671006,0.670601,0.670736
2026-01-19T14:00:00Z,0.670736,0.671231,0.670511,0.671186
2026-01-19T15:00:00Z,0.671141,0.671637,0.671141,0.671456
2026-01-19T16:00:00Z,0.671321,0.671817,0.671321,0.671727
2026-01-19T17:00:00Z,0.671682,0.671908,0.671637,0.671817
2026-01-19T18:00:00Z,0.671862,0.671908,0.671547,0.671547
2026-01-19T19:00:00Z,0.671547,0.671772,0.671547,0.671637
2026-01-19T20:00:00Z,0.671637,0.671727,0.671501,0.671727
2026-01-19T21:00:00Z,0.671727,0.671772,0.671456,0.671727
2026-01-19T22:00:00Z,0.671051,0.671817,0.671051,0.671547
2026-01-19T23:00:00Z,0.671592,0.671592,0.671096,0.671141
2026-01-20T00:00:00Z,0.671276,0.671411,0.670961,0.671321
2026-01-20T01:00:00Z,0.671231,0.671411,0.670961,0.671366
2026-01-20T02:00:00Z,0.671411,0.671953,0.671186,0.671862
2026-01-20T03:00:00Z,0.671817,0.673038,0.671817,0.672948
2026-01-20T04:00:00Z,0.672948,0.674082,0.672948,0.673991
2026-01-20T05:00:00Z,0.673854,0.674309,0.673854,0.673900
2026-01-20T06:00:00Z,0.673764,0.674127,0.673129,0.673355
2026-01-20T07:00:00Z,0.673537,0.674582,0.673310,0.674491
2026-01-20T08:00:00Z,0.674627,0.674855,0.673491,0.674036
2026-01-20T09:00:00Z,0.674036,0.674036,0.672676,0.672993
2026-01-20T10:00:00Z,0.672902,0.673582,0.672902,0.673582
2026-01-20T11:00:00Z,0.673491,0.674082,0.673129,0.673945
2026-01-20T12:00:00Z,0.673718,0.673991,0.673129,0.673355
2026-01-20T13:00:00Z,0.673446,0.673900,0.673129,0.673310
2026-01-20T14:00:00Z,0.673446,0.673854,0.672993,0.673491
2026-01-20T15:00:00Z,0.673401,0.674582,0.673083,0.674582
2026-01-20T16:00:00Z,0.674445,0.674718,0.674172,0.674536
2026-01-20T17:00:00Z,0.674400,0.674718,0.674082,0.674218
2026-01-20T18:00:00Z,0.674082,0.674400,0.673627,0.673718
2026-01-20T19:00:00Z,0.673764,0.673764,0.673446,0.673491
2026-01-20T20:00:00Z,0.673401,0.673764,0.673355,0.673673
2026-01-20T21:00:00Z,0.673718,0.673991,0.673718,0.673945
2026-01-20T22:00:00Z,0.673401,0.673718,0.673355,0.673537
2026-01-20T23:00:00Z,0.673627,0.673673,0.673355,0.673355
2026-01-21T00:00:00Z,0.673355,0.673582,0.673310,0.673446
2026-01-21T01:00:00Z,0.673401,0.674582,0.673401,0.674536
2026-01-21T02:00:00Z,0.674491,0.674491,0.673764,0.673854
2026-01-21T03:00:00Z,0.673945,0.673991,0.673401,0.673446
2026-01-21T04:00:00Z,0.673537,0.673537,0.673038,0.673491
2026-01-21T05:00:00Z,0.673401,0.674036,0.673401,0.673900
2026-01-21T06:00:00Z,0.673809,0.675493,0.673764,0.675402
2026-01-21T07:00:00Z,0.675083,0.675676,0.674900,0.675539
2026-01-21T08:00:00Z,0.675493,0.675950,0.674992,0.675539
2026-01-21T09:00:00Z,0.675402,0.675858,0.674992,0.674992
2026-01-21T10:00:00Z,0.674992,0.675037,0.674627,0.674809
2026-01-21T11:00:00Z,0.674809,0.675402,0.674809,0.675083
2026-01-21T12:00:00Z,0.675265,0.677048,0.675265,0.677002
2026-01-21T13:00:00Z,0.676956,0.677507,0.676727,0.677369
2026-01-21T14:00:00Z,0.677369,0.677507,0.676453,0.677507
2026-01-21T15:00:00Z,0.677644,0.677966,0.676727,0.677323
2026-01-21T16:00:00Z,0.677231,0.677644,0.676498,0.676544
2026-01-21T17:00:00Z,0.676636,0.676636,0.675630,0.676270
2026-01-21T18:00:00Z,0.676087,0.676361,0.675721,0.676133
2026-01-21T19:00:00Z,0.676178,0.676590,0.675950,0.676498
2026-01-21T20:00:00Z,0.676453,0.676498,0.675858,0.676498
2026-01-21T21:00:00Z,0.676453,0.676636,0.676361,0.676498
2026-01-21T22:00:00Z,0.676133,0.676453,0.675995,0.675995
2026-01-21T23:00:00Z,0.676178,0.676178,0.675630,0.675676
2026-01-22T00:00:00Z,0.675630,0.679209,0.675630,0.679117
2026-01-22T01:00:00Z,0.679071,0.679995,0.678979,0.679995
2026-01-22T02:00:00Z,0.679948,0.680180,0.679394,0.679810
2026-01-22T03:00:00Z,0.680087,0.680828,0.679948,0.680828
2026-01-22T04:00:00Z,0.680735,0.681199,0.680643,0.680735
2026-01-22T05:00:00Z,0.680689,0.680921,0.680318,0.680643
2026-01-22T06:00:00Z,0.680643,0.680735,0.680180,0.680735
2026-01-22T07:00:00Z,0.680967,0.681292,0.680550,0.680596
2026-01-22T08:00:00Z,0.680643,0.680689,0.680041,0.680318
2026-01-22T09:00:00Z,0.680365,0.681245,0.680226,0.680365
2026-01-22T10:00:00Z,0.680457,0.680643,0.679856,0.680643
2026-01-22T11:00:00Z,0.680457,0.680689,0.680087,0.680365
2026-01-22T12:00:00Z,0.680550,0.681153,0.680504,0.680921
2026-01-22T13:00:00Z,0.681013,0.681710,0.680874,0.681663
2026-01-22T14:00:00Z,0.681849,0.682175,0.681570,0.681663
2026-01-22T15:00:00Z,0.681663,0.682734,0.681338,0.682734
2026-01-22T16:00:00Z,0.682780,0.683901,0.682780,0.683667
2026-01-22T17:00:00Z,0.683667,0.684275,0.683387,0.684228
2026-01-22T18:00:00Z,0.684228,0.684603,0.684135,0.684556
2026-01-22T19:00:00Z,0.684603,0.684603,0.684228,0.684275
2026-01-22T20:00:00Z,0.684135,0.684275,0.683995,0.684041
2026-01-22T21:00:00Z,0.684088,0.684556,0.684041,0.684369
2026-01-22T22:00:00Z,0.684322,0.684416,0.684135,0.684228
2026-01-22T23:00:00Z,0.684275,0.684369,0.684088,0.684228
2026-01-23T00:00:00Z,0.684322,0.684697,0.684182,0.684416
2026-01-23T01:00:00Z,0.684510,0.685260,0.684510,0.684650
2026-01-23T02:00:00Z,0.684697,0.684744,0.684182,0.684322
2026-01-23T03:00:00Z,0.684275,0.684603,0.683948,0.684510
2026-01-23T04:00:00Z,0.684603,0.685119,0.684228,0.685119
2026-01-23T05:00:00Z,0.685166,0.685260,0.684838,0.685072
2026-01-23T06:00:00Z,0.685072,0.685589,0.684932,0.685260
2026-01-23T07:00:00Z,0.685260,0.685354,0.684416,0.684650
2026-01-23T08:00:00Z,0.684510,0.685166,0.684041,0.684932
2026-01-23T09:00:00Z,0.685072,0.685354,0.684228,0.684228
2026-01-23T10:00:00Z,0.684275,0.684697,0.683714,0.684697
2026-01-23T11:00:00Z,0.684838,0.685589,0.684744,0.685307
2026-01-23T12:00:00Z,0.685448,0.686766,0.685448,0.686766
2026-01-23T13:00:00Z,0.686719,0.686908,0.685213,0.685213
2026-01-23T14:00:00Z,0.685401,0.686577,0.685166,0.686577
2026-01-23T15:00:00Z,0.686719,0.687474,0.686719,0.687427
2026-01-23T16:00:00Z,0.687569,0.688279,0.686719,0.687663
2026-01-23T17:00:00Z,0.687805,0.689275,0.687805,0.688516
2026-01-23T18:00:00Z,0.688373,0.688705,0.687758,0.688373
2026-01-23T19:00:00Z,0.688468,0.689037,0.688468,0.688990
2026-01-23T20:00:00Z,0.688848,0.689703,0.688800,0.689703
2026-01-23T21:00:00Z,0.689750,0.690131,0.689703,0.689750
2026-01-23T22:00:00Z,0.689846,0.689846,0.689846,0.689846
2026-01-26T00:00:00Z,0.690990,0.692137,0.690894,0.692137
2026-01-26T01:00:00Z,0.692233,0.692713,0.691802,0.692233
2026-01-26T02:00:00Z,0.691946,0.693097,0.691802,0.692089
2026-01-26T03:00:00Z,0.691994,0.692281,0.691372,0.691515
2026-01-26T04:00:00Z,0.691467,0.691898,0.691228,0.691611
2026-01-26T05:00:00Z,0.691706,0.691994,0.691419,0.691706
2026-01-26T06:00:00Z,0.691706,0.692281,0.691085,0.691515
2026-01-26T07:00:00Z,0.691228,0.692137,0.691181,0.691324
2026-01-26T08:00:00Z,0.691515,0.692617,0.691419,0.692377
2026-01-26T09:00:00Z,0.692329,0.692857,0.692137,0.692473
2026-01-26T10:00:00Z,0.692473,0.692953,0.692377,0.692377
2026-01-26T11:00:00Z,0.692233,0.692377,0.691802,0.692377
2026-01-26T12:00:00Z,0.692617,0.692857,0.691706,0.691706
2026-01-26T13:00:00Z,0.691515,0.692042,0.691037,0.691994
2026-01-26T14:00:00Z,0.691898,0.694203,0.691850,0.694203
2026-01-26T15:00:00Z,0.694011,0.694155,0.693193,0.694155
2026-01-26T16:00:00Z,0.693963,0.694059,0.692953,0.693433
2026-01-26T17:00:00Z,0.693433,0.694155,0.693337,0.693722
2026-01-26T18:00:00Z,0.693674,0.694011,0.693337,0.693337
2026-01-26T19:00:00Z,0.693289,0.693289,0.692042,0.692089
2026-01-26T20:00:00Z,0.692185,0.692185,0.691946,0.692089
2026-01-26T21:00:00Z,0.692089,0.692185,0.691946,0.692042
2026-01-26T22:00:00Z,0.691611,0.691706,0.691228,0.691228
2026-01-26T23:00:00Z,0.691515,0.691802,0.691419,0.691706
2026-01-27T00:00:00Z,0.691706,0.691850,0.691037,0.691037
2026-01-27T01:00:00Z,0.691181,0.692185,0.691085,0.691994
2026-01-27T02:00:00Z,0.691994,0.693049,0.691994,0.692521
2026-01-27T03:00:00Z,0.692377,0.692377,0.691611,0.691802
2026-01-27T04:00:00Z,0.691850,0.691994,0.690990,0.691419
2026-01-27T05:00:00Z,0.691419,0.691659,0.690990,0.691611
2026-01-27T06:00:00Z,0.691611,0.692137,0.691611,0.691946
2026-01-27T07:00:00Z,0.692042,0.692425,0.691706,0.691850
2026-01-27T08:00:00Z,0.691611,0.691611,0.690417,0.691085
2026-01-27T09:00:00Z,0.691181,0.693001,0.691181,0.693001
2026-01-27T10:00:00Z,0.692809,0.693337,0.692329,0.693001
2026-01-27T11:00:00Z,0.693097,0.693433,0.693049,0.693433
2026-01-27T12:00:00Z,0.693385,0.694879,0.693385,0.694830
2026-01-27T13:00:00Z,0.695072,0.695362,0.694348,0.694734
2026-01-27T14:00:00Z,0.694879,0.696670,0.694879,0.696233
2026-01-27T15:00:00Z,0.696816,0.697496,0.696621,0.696767
2026-01-27T16:00:00Z,0.696816,0.698373,0.696816,0.697983
2026-01-27T17:00:00Z,0.697885,0.698080,0.697350,0.698080
2026-01-27T18:00:00Z,0.698032,0.698324,0.697496,0.697983
2026-01-27T19:00:00Z,0.697934,0.698373,0.697934,0.698178
2026-01-27T20:00:00Z,0.698275,0.701607,0.698275,0.700967
2026-01-27T21:00:00Z,0.700722,0.701705,0.700574,0.701459
2026-01-27T22:00:00Z,0.701311,0.701311,0.701066,0.701164
2026-01-27T23:00:00Z,0.701213,0.701213,0.699741,0.699741
2026-01-28T00:00:00Z,0.699692,0.702050,0.699350,0.699986
2026-01-28T01:00:00Z,0.700035,0.700035,0.698714,0.698861
2026-01-28T02:00:00Z,0.698910,0.699692,0.698324,0.699545
2026-01-28T03:00:00Z,0.699594,0.699986,0.699203,0.699252
2026-01-28T04:00:00Z,0.699154,0.699643,0.698812,0.699643
2026-01-28T05:00:00Z,0.699545,0.700574,0.699105,0.700574
2026-01-28T06:00:00Z,0.700771,0.701311,0.700182,0.700231
2026-01-28T07:00:00Z,0.700084,0.702198,0.700035,0.700084
2026-01-28T08:00:00Z,0.700231,0.701311,0.699301,0.699692
2026-01-28T09:00:00Z,0.699839,0.700624,0.699301,0.700476
2026-01-28T10:00:00Z,0.700427,0.701607,0.700133,0.701164
2026-01-28T11:00:00Z,0.700918,0.700918,0.699937,0.700476
2026-01-28T12:00:00Z,0.700182,0.701066,0.699986,0.700427
2026-01-28T13:00:00Z,0.700525,0.700525,0.699692,0.699790
2026-01-28T14:00:00Z,0.700084,0.700918,0.699643,0.700084
2026-01-28T15:00:00Z,0.700378,0.700771,0.698178,0.700133
2026-01-28T16:00:00Z,0.700329,0.700329,0.698665,0.699350
2026-01-28T17:00:00Z,0.699447,0.700476,0.699154,0.700329
2026-01-28T18:00:00Z,0.700231,0.700280,0.698812,0.699301
2026-01-28T19:00:00Z,0.698617,0.701311,0.698568,0.701213
2026-01-28T20:00:00Z,0.701459,0.703383,0.701410,0.703087
2026-01-28T21:00:00Z,0.703087,0.704573,0.702938,0.704325
2026-01-28T22:00:00Z,0.704225,0.704225,0.703631,0.704077
2026-01-28T23:00:00Z,0.704027,0.705119,0.703433,0.704225
2026-01-29T00:00:00Z,0.703730,0.705069,0.703433,0.703878
2026-01-29T01:00:00Z,0.703680,0.703680,0.702494,0.703037
2026-01-29T02:00:00Z,0.702938,0.705169,0.702593,0.704970
2026-01-29T03:00:00Z,0.705069,0.708115,0.705069,0.708115
2026-01-29T04:00:00Z,0.707914,0.709371,0.707814,0.709371
2026-01-29T05:00:00Z,0.709220,0.709572,0.708667,0.709069
2026-01-29T06:00:00Z,0.708918,0.709019,0.708165,0.708567
2026-01-29T07:00:00Z,0.708366,0.708918,0.706614,0.707114
2026-01-29T08:00:00Z,0.707214,0.707814,0.705517,0.706265
2026-01-29T09:00:00Z,0.706514,0.707064,0.705667,0.705866
2026-01-29T10:00:00Z,0.705766,0.705766,0.703532,0.703532
2026-01-29T11:00:00Z,0.703235,0.704275,0.702988,0.704077
2026-01-29T12:00:00Z,0.704126,0.706265,0.704027,0.706265
2026-01-29T13:00:00Z,0.706165,0.707314,0.706165,0.706764
2026-01-29T14:00:00Z,0.706814,0.708366,0.706115,0.706115
2026-01-29T15:00:00Z,0.705467,0.705467,0.697788,0.698080
2026-01-29T16:00:00Z,0.698519,0.701902,0.698519,0.701213
2026-01-29T17:00:00Z,0.701754,0.703878,0.701705,0.702099
2026-01-29T18:00:00Z,0.701853,0.703928,0.701853,0.703631
2026-01-29T19:00:00Z,0.702938,0.703878,0.702938,0.702938
2026-01-29T20:00:00Z,0.702938,0.704920,0.702839,0.704821
2026-01-29T21:00:00Z,0.704920,0.705617,0.704672,0.705219
2026-01-29T22:00:00Z,0.704920,0.705467,0.704920,0.705219
2026-01-29T23:00:00Z,0.705268,0.705716,0.704424,0.704970
2026-01-30T00:00:00Z,0.705169,0.705517,0.702889,0.702889
2026-01-30T01:00:00Z,0.702198,0.702543,0.700820,0.700820
2026-01-30T02:00:00Z,0.700476,0.700673,0.698178,0.700673
2026-01-30T03:00:00Z,0.700574,0.700918,0.699496,0.700035
2026-01-30T04:00:00Z,0.700182,0.701066,0.700084,0.700574
2026-01-30T05:00:00Z,0.700476,0.701016,0.699790,0.700084
2026-01-30T06:00:00Z,0.700329,0.700771,0.698470,0.698617
2026-01-30T07:00:00Z,0.698763,0.700329,0.698763,0.700084
2026-01-30T08:00:00Z,0.700231,0.701164,0.699350,0.700722
2026-01-30T09:00:00Z,0.701115,0.701115,0.697107,0.697837
2026-01-30T10:00:00Z,0.698080,0.700182,0.698080,0.699839
2026-01-30T11:00:00Z,0.699986,0.702543,0.699986,0.702543
2026-01-30T12:00:00Z,0.703185,0.703185,0.700574,0.700673
2026-01-30T13:00:00Z,0.700722,0.702149,0.698959,0.699350
2026-01-30T14:00:00Z,0.700280,0.702790,0.700182,0.701361
2026-01-30T15:00:00Z,0.701115,0.701951,0.700427,0.700427
2026-02-02T19:00:00Z,0.694059,0.694927,0.693818,0.694927
2026-02-02T20:00:00Z,0.694637,0.695362,0.694541,0.695362
2026-02-02T21:00:00Z,0.695362,0.695604,0.695072,0.695072
2026-02-02T22:00:00Z,0.695169,0.695652,0.694782,0.695024
2026-02-02T23:00:00Z,0.695265,0.695894,0.694879,0.695749
2026-02-03T00:00:00Z,0.695991,0.697156,0.695991,0.697058
2026-02-03T01:00:00Z,0.697156,0.698080,0.696767,0.697983
2026-02-03T02:00:00Z,0.697983,0.697983,0.696040,0.696427
2026-02-03T03:00:00Z,0.696379,0.702543,0.696330,0.702543
2026-02-03T04:00:00Z,0.702543,0.703532,0.700476,0.701115
2026-02-03T05:00:00Z,0.701115,0.701804,0.700574,0.700918
2026-02-03T06:00:00Z,0.700918,0.702296,0.700624,0.701853
2026-02-03T07:00:00Z,0.701902,0.705069,0.701804,0.704821
2026-02-03T08:00:00Z,0.704523,0.704573,0.703284,0.703482
2026-02-03T09:00:00Z,0.703383,0.703383,0.700771,0.700771
2026-02-03T10:00:00Z,0.700918,0.701459,0.700574,0.700574
2026-02-03T11:00:00Z,0.700476,0.701066,0.700035,0.700231
2026-02-03T12:00:00Z,0.700231,0.701607,0.700231,0.701311
2026-02-03T13:00:00Z,0.701459,0.701754,0.700918,0.701213
2026-02-03T14:00:00Z,0.700918,0.700967,0.699643,0.699643
2026-02-03T15:00:00Z,0.699496,0.701607,0.698470,0.701607
2026-02-03T16:00:00Z,0.701557,0.702543,0.701459,0.702149
2026-02-03T17:00:00Z,0.702198,0.702198,0.701016,0.701311
2026-02-03T18:00:00Z,0.701311,0.702050,0.700574,0.700574
2026-02-03T19:00:00Z,0.700084,0.701164,0.699741,0.701164
2026-02-03T20:00:00Z,0.700918,0.702346,0.700673,0.702296
2026-02-03T21:00:00Z,0.702247,0.702839,0.702247,0.702494
2026-02-03T22:00:00Z,0.702395,0.702445,0.701804,0.702395
2026-02-03T23:00:00Z,0.702099,0.702445,0.701754,0.702445
2026-02-04T00:00:00Z,0.702395,0.702691,0.701951,0.702296
2026-02-04T01:00:00Z,0.702149,0.703779,0.702001,0.703235
2026-02-04T02:00:00Z,0.702988,0.703680,0.701754,0.701902
2026-02-04T03:00:00Z,0.702001,0.702395,0.701853,0.702296
2026-02-04T04:00:00Z,0.702296,0.702593,0.702198,0.702593
2026-02-04T05:00:00Z,0.702593,0.703532,0.702543,0.703136
2026-02-04T06:00:00Z,0.703136,0.703532,0.703037,0.703482
2026-02-04T07:00:00Z,0.703631,0.703779,0.702741,0.703779
2026-02-04T08:00:00Z,0.703680,0.704424,0.703334,0.703878
2026-02-04T09:00:00Z,0.703878,0.704176,0.701804,0.702346
2026-02-04T10:00:00Z,0.702346,0.702642,0.701902,0.702296
2026-02-04T11:00:00Z,0.702099,0.702395,0.701361,0.702296
2026-02-04T12:00:00Z,0.702346,0.703532,0.702346,0.703334
2026-02-04T13:00:00Z,0.703136,0.703730,0.702741,0.703730
2026-02-04T14:00:00Z,0.703532,0.703532,0.701607,0.701607
2026-02-04T15:00:00Z,0.701508,0.702149,0.699986,0.699986
2026-02-04T16:00:00Z,0.700084,0.700084,0.698470,0.699496
2026-02-04T17:00:00Z,0.699594,0.700427,0.697545,0.698373
2026-02-04T18:00:00Z,0.697934,0.698763,0.697691,0.698617
2026-02-04T19:00:00Z,0.698275,0.700182,0.697837,0.700084
2026-02-04T20:00:00Z,0.700084,0.700182,0.699545,0.699839
2026-02-04T21:00:00Z,0.699888,0.700231,0.699692,0.700084
2026-02-04T22:00:00Z,0.699594,0.700231,0.699594,0.700035
2026-02-04T23:00:00Z,0.700084,0.700133,0.699643,0.699643
2026-02-05T00:00:00Z,0.699839,0.700869,0.699643,0.700476
2026-02-05T01:00:00Z,0.700673,0.700918,0.699839,0.700084
2026-02-05T02:00:00Z,0.699937,0.699937,0.696670,0.696913
2026-02-05T03:00:00Z,0.696330,0.697691,0.696282,0.696573
2026-02-05T04:00:00Z,0.696767,0.697691,0.696573,0.697447
2026-02-05T05:00:00Z,0.697301,0.697447,0.696524,0.697447
2026-02-05T06:00:00Z,0.697447,0.698080,0.697204,0.697788
2026-02-05T07:00:00Z,0.697983,0.698714,0.697885,0.697934
2026-02-05T08:00:00Z,0.697837,0.699252,0.697837,0.697934
2026-02-05T09:00:00Z,0.698032,0.698032,0.696864,0.697253
2026-02-05T10:00:00Z,0.697010,0.697739,0.696816,0.697642
2026-02-05T11:00:00Z,0.697642,0.698568,0.697642,0.698422
2026-02-05T12:00:00Z,0.698080,0.698617,0.696670,0.697156
2026-02-05T13:00:00Z,0.697156,0.698324,0.697058,0.697301
2026-02-05T14:00:00Z,0.697058,0.698275,0.696282,0.697156
2026-02-05T15:00:00Z,0.697837,0.697837,0.694396,0.695265
2026-02-05T16:00:00Z,0.695555,0.697788,0.695024,0.697447
2026-02-05T17:00:00Z,0.697496,0.697983,0.696524,0.697350
2026-02-05T18:00:00Z,0.697447,0.697642,0.695991,0.696330
2026-02-05T19:00:00Z,0.696282,0.697204,0.696233,0.696233
2026-02-05T20:00:00Z,0.696088,0.696864,0.694637,0.694637
2026-02-05T21:00:00Z,0.694589,0.694734,0.693049,0.693049
2026-02-05T22:00:00Z,0.693241,0.693626,0.693049,0.693193
2026-02-05T23:00:00Z,0.693049,0.693145,0.691611,0.691802
2026-02-06T00:00:00Z,0.691850,0.692329,0.689988,0.692281
2026-02-06T01:00:00Z,0.692281,0.693818,0.691515,0.693626
2026-02-06T02:00:00Z,0.693818,0.694782,0.693818,0.694155
2026-02-06T03:00:00Z,0.694059,0.694348,0.693722,0.694252
2026-02-06T04:00:00Z,0.694300,0.694734,0.694011,0.694396
2026-02-06T05:00:00Z,0.694541,0.695701,0.694396,0.695701
2026-02-06T06:00:00Z,0.695797,0.696573,0.695701,0.696040
2026-02-06T07:00:00Z,0.696040,0.696282,0.695507,0.696282
2026-02-06T08:00:00Z,0.695604,0.696816,0.695604,0.696816
2026-02-06T09:00:00Z,0.696621,0.698032,0.696379,0.697837
2026-02-06T10:00:00Z,0.697837,0.697983,0.696961,0.697691
2026-02-06T11:00:00Z,0.697691,0.698861,0.697545,0.698763
2026-02-06T12:00:00Z,0.698812,0.698910,0.698227,0.698519
2026-02-06T13:00:00Z,0.698568,0.699496,0.698568,0.699399
2026-02-06T14:00:00Z,0.699692,0.701262,0.699399,0.701066
2026-02-06T15:00:00Z,0.701262,0.701262,0.700280,0.700820
2026-02-06T16:00:00Z,0.700918,0.702247,0.700918,0.701508
2026-02-06T17:00:00Z,0.701459,0.702642,0.701459,0.702494
2026-02-06T18:00:00Z,0.702395,0.702593,0.702001,0.702149
2026-02-06T19:00:00Z,0.702099,0.702198,0.701656,0.701902
2026-02-06T20:00:00Z,0.701951,0.702247,0.701853,0.702198
2026-02-06T21:00:00Z,0.702099,0.702543,0.701804,0.701804
2026-02-06T22:00:00Z,0.701607,0.701902,0.701607,0.701902
2026-02-09T00:00:00Z,0.703383,0.703730,0.702543,0.702691
2026-02-09T01:00:00Z,0.702790,0.702790,0.702001,0.702149
2026-02-09T02:00:00Z,0.702198,0.703482,0.702050,0.702988
2026-02-09T03:00:00Z,0.703185,0.703284,0.702395,0.702395
2026-02-09T04:00:00Z,0.702642,0.702790,0.702296,0.702642
2026-02-09T05:00:00Z,0.702543,0.703235,0.702543,0.703087
2026-02-09T06:00:00Z,0.703383,0.704176,0.702839,0.704126
2026-02-09T07:00:00Z,0.704275,0.704325,0.703185,0.703482
2026-02-09T08:00:00Z,0.703631,0.704027,0.702938,0.703928
2026-02-09T09:00:00Z,0.704027,0.704771,0.703482,0.703482
2026-02-09T10:00:00Z,0.703631,0.703680,0.701754,0.702346
2026-02-09T11:00:00Z,0.702247,0.704077,0.702099,0.703878
2026-02-09T12:00:00Z,0.704077,0.705119,0.704077,0.705069
2026-02-09T13:00:00Z,0.705268,0.706364,0.705268,0.705916
2026-02-09T14:00:00Z,0.706065,0.708115,0.706015,0.708115
2026-02-09T15:00:00Z,0.708667,0.709320,0.708015,0.709069
2026-02-09T16:00:00Z,0.709270,0.709371,0.708516,0.708918
2026-02-09T17:00:00Z,0.709019,0.709220,0.708717,0.709069
2026-02-09T18:00:00Z,0.708968,0.709673,0.708968,0.709673
2026-02-09T19:00:00Z,0.709522,0.710076,0.709421,0.709824
2026-02-09T20:00:00Z,0.709874,0.709925,0.709522,0.709723
2026-02-09T21:00:00Z,0.709623,0.709673,0.709270,0.709673
2026-02-09T22:00:00Z,0.709320,0.709723,0.708968,0.709220
2026-02-09T23:00:00Z,0.709371,0.709421,0.708667,0.708667
2026-02-10T00:00:00Z,0.708667,0.708717,0.707914,0.708215
2026-02-10T01:00:00Z,0.708466,0.709069,0.708015,0.708968
2026-02-10T02:00:00Z,0.708968,0.709220,0.708466,0.708918
2026-02-10T03:00:00Z,0.708818,0.708818,0.707764,0.707764
2026-02-10T04:00:00Z,0.708015,0.708065,0.707464,0.707714
2026-02-10T05:00:00Z,0.707714,0.707764,0.707264,0.707514
2026-02-10T06:00:00Z,0.707464,0.707464,0.706764,0.707014
2026-02-10T07:00:00Z,0.707114,0.707564,0.706764,0.707264
2026-02-10T08:00:00Z,0.707264,0.707714,0.707114,0.707314
2026-02-10T09:00:00Z,0.707414,0.708316,0.707414,0.707614
2026-02-10T10:00:00Z,0.707664,0.707764,0.707164,0.707664
2026-02-10T11:00:00Z,0.707564,0.707764,0.707464,0.707664
2026-02-10T12:00:00Z,0.707664,0.707914,0.706814,0.707264
2026-02-10T13:00:00Z,0.707114,0.708115,0.706964,0.707664
2026-02-10T14:00:00Z,0.707965,0.709270,0.707414,0.708717
2026-02-10T15:00:00Z,0.708366,0.709069,0.707614,0.709019
2026-02-10T16:00:00Z,0.708767,0.708767,0.707314,0.707314
2026-02-10T17:00:00Z,0.707314,0.707914,0.707214,0.707664
2026-02-10T18:00:00Z,0.707514,0.707514,0.707014,0.707364
2026-02-10T19:00:00Z,0.707214,0.708165,0.707214,0.708165
2026-02-10T20:00:00Z,0.708165,0.708265,0.707564,0.707564
2026-02-10T21:00:00Z,0.707514,0.707764,0.707514,0.707764
2026-02-10T22:00:00Z,0.706964,0.707965,0.706964,0.707214
2026-02-10T23:00:00Z,0.707664,0.707664,0.707464,0.707614
2026-02-11T00:00:00Z,0.707664,0.708717,0.707664,0.708416
2026-02-11T01:00:00Z,0.708667,0.710076,0.708667,0.709824
2026-02-11T02:00:00Z,0.710076,0.712606,0.709723,0.712099
2026-02-11T03:00:00Z,0.712099,0.712860,0.711693,0.712809
2026-02-11T04:00:00Z,0.712860,0.713012,0.711592,0.711592
2026-02-11T05:00:00Z,0.711339,0.711896,0.711086,0.711642
2026-02-11T06:00:00Z,0.711794,0.712301,0.710682,0.710884
2026-02-11T07:00:00Z,0.710884,0.711187,0.710631,0.711035
2026-02-11T08:00:00Z,0.711086,0.711541,0.710328,0.711288
2026-02-11T09:00:00Z,0.711389,0.711845,0.711086,0.711642
2026-02-11T10:00:00Z,0.711592,0.712555,0.711288,0.712251
2026-02-11T11:00:00Z,0.712301,0.712403,0.711491,0.711491
2026-02-11T12:00:00Z,0.711389,0.711389,0.711035,0.711389
2026-02-11T13:00:00Z,0.711339,0.711946,0.708065,0.711946
2026-02-11T14:00:00Z,0.711592,0.713776,0.711592,0.712708
2026-02-11T15:00:00Z,0.713063,0.713063,0.709623,0.711086
2026-02-11T16:00:00Z,0.710934,0.713063,0.710429,0.713063
2026-02-11T17:00:00Z,0.713012,0.714439,0.712454,0.714133
2026-02-11T18:00:00Z,0.714286,0.714286,0.712962,0.713725
2026-02-11T19:00:00Z,0.713470,0.714082,0.713216,0.713216
2026-02-11T20:00:00Z,0.713165,0.713165,0.712708,0.712809
2026-02-11T21:00:00Z,0.712504,0.713012,0.712504,0.712962
2026-02-11T22:00:00Z,0.712809,0.713318,0.712555,0.712911
2026-02-11T23:00:00Z,0.713114,0.713165,0.712504,0.712758
2026-02-12T00:00:00Z,0.712657,0.713878,0.712251,0.713878
2026-02-12T01:00:00Z,0.713827,0.714847,0.713521,0.714490
2026-02-12T02:00:00Z,0.714745,0.714796,0.713470,0.713725
2026-02-12T03:00:00Z,0.713827,0.714184,0.712962,0.713216
2026-02-12T04:00:00Z,0.713318,0.713776,0.711693,0.711744
2026-02-12T05:00:00Z,0.711845,0.712606,0.711491,0.712504
2026-02-12T06:00:00Z,0.712708,0.712708,0.710833,0.711491
2026-02-12T07:00:00Z,0.711541,0.712555,0.711541,0.712099
2026-02-12T08:00:00Z,0.712504,0.712504,0.711187,0.711997
2026-02-12T09:00:00Z,0.712048,0.712504,0.711845,0.712504
2026-02-12T10:00:00Z,0.712504,0.713063,0.712048,0.712454
2026-02-12T11:00:00Z,0.712504,0.713216,0.712251,0.713114
2026-02-12T12:00:00Z,0.713318,0.713419,0.712048,0.712454
2026-02-12T13:00:00Z,0.712352,0.714337,0.712251,0.714337
2026-02-12T14:00:00Z,0.714235,0.714643,0.712251,0.712251
2026-02-12T15:00:00Z,0.712403,0.713572,0.711946,0.713572
2026-02-12T16:00:00Z,0.713521,0.713521,0.708818,0.709824
2026-02-12T17:00:00Z,0.709471,0.709774,0.708868,0.708868
2026-02-12T18:00:00Z,0.708767,0.709471,0.708215,0.709320
2026-02-12T19:00:00Z,0.709421,0.710026,0.709220,0.709874
2026-02-12T20:00:00Z,0.709975,0.709975,0.708868,0.709069
2026-02-12T21:00:00Z,0.708918,0.709371,0.708918,0.709371
2026-02-12T22:00:00Z,0.708818,0.709623,0.708818,0.708968
2026-02-12T23:00:00Z,0.708918,0.709421,0.708717,0.709019
2026-02-13T00:00:00Z,0.709170,0.709572,0.708416,0.708667
2026-02-13T01:00:00Z,0.708868,0.709925,0.708567,0.708567
2026-02-13T02:00:00Z,0.709170,0.709471,0.708818,0.709220
2026-02-13T03:00:00Z,0.709421,0.709421,0.708466,0.708567
2026-02-13T04:00:00Z,0.708567,0.709270,0.708316,0.708416
2026-02-13T05:00:00Z,0.708516,0.708868,0.707014,0.707214
2026-02-13T06:00:00Z,0.707114,0.707314,0.705517,0.706065
2026-02-13T07:00:00Z,0.705866,0.706414,0.705169,0.706265
2026-02-13T08:00:00Z,0.706564,0.707914,0.706514,0.707914
2026-02-13T09:00:00Z,0.707714,0.708215,0.707314,0.707564
2026-02-13T10:00:00Z,0.707464,0.707464,0.706464,0.706464
2026-02-13T11:00:00Z,0.706414,0.706514,0.704970,0.705069
2026-02-13T12:00:00Z,0.705268,0.705766,0.704920,0.705368
2026-02-13T13:00:00Z,0.705467,0.707464,0.705020,0.707414
2026-02-13T14:00:00Z,0.707114,0.708265,0.705219,0.705467
2026-02-13T15:00:00Z,0.706015,0.708165,0.705916,0.706364
2026-02-13T16:00:00Z,0.706265,0.707314,0.706265,0.707114
2026-02-13T17:00:00Z,0.706914,0.708316,0.706914,0.707965
2026-02-13T18:00:00Z,0.708015,0.708767,0.707764,0.708165
2026-02-13T19:00:00Z,0.708416,0.708617,0.707414,0.707414
2026-02-13T20:00:00Z,0.707414,0.707764,0.706814,0.707664
2026-02-13T21:00:00Z,0.707814,0.708015,0.707264,0.707564
2026-02-13T22:00:00Z,0.707764,0.707764,0.707764,0.707764
2026-02-16T00:00:00Z,0.707264,0.708015,0.707264,0.708015
2026-02-16T01:00:00Z,0.707864,0.708818,0.707814,0.708617
2026-02-16T02:00:00Z,0.708717,0.708818,0.708265,0.708516
2026-02-16T03:00:00Z,0.708516,0.708918,0.708215,0.708617
2026-02-16T04:00:00Z,0.708767,0.708968,0.708416,0.708968
2026-02-16T05:00:00Z,0.708918,0.709170,0.708667,0.709069
2026-02-16T06:00:00Z,0.708968,0.709673,0.708918,0.709170
2026-02-16T07:00:00Z,0.709019,0.709320,0.708617,0.708968
2026-02-16T08:00:00Z,0.709019,0.709774,0.708617,0.709673
2026-02-16T09:00:00Z,0.709522,0.709774,0.708416,0.708617
2026-02-16T10:00:00Z,0.708516,0.709119,0.708466,0.708717
2026-02-16T11:00:00Z,0.708868,0.708868,0.708015,0.708466
2026-02-16T12:00:00Z,0.708567,0.708767,0.708416,0.708767
2026-02-16T13:00:00Z,0.708968,0.709019,0.708316,0.708667
2026-02-16T14:00:00Z,0.708617,0.708968,0.707614,0.707914
2026-02-16T15:00:00Z,0.708165,0.708165,0.707164,0.707164
2026-02-16T16:00:00Z,0.707114,0.707764,0.707114,0.707564
2026-02-16T17:00:00Z,0.707514,0.707764,0.707514,0.707564
2026-02-16T18:00:00Z,0.707664,0.707814,0.707564,0.707664
2026-02-16T19:00:00Z,0.707564,0.707864,0.707564,0.707814
2026-02-16T20:00:00Z,0.707814,0.707914,0.707664,0.707814
2026-02-16T21:00:00Z,0.707814,0.707814,0.707414,0.707464
2026-02-16T22:00:00Z,0.707314,0.707864,0.707264,0.707414
2026-02-16T23:00:00Z,0.707564,0.707664,0.707364,0.707464
2026-02-17T00:00:00Z,0.707514,0.707764,0.706814,0.706964
2026-02-17T01:00:00Z,0.707114,0.707464,0.706065,0.706065
2026-02-17T02:00:00Z,0.706165,0.706514,0.705667,0.706265
2026-02-17T03:00:00Z,0.706115,0.706115,0.705069,0.705667
2026-02-17T04:00:00Z,0.705816,0.707014,0.705716,0.707014
2026-02-17T05:00:00Z,0.707164,0.707164,0.705916,0.706364
2026-02-17T06:00:00Z,0.706514,0.707064,0.706514,0.707014
2026-02-17T07:00:00Z,0.706814,0.706814,0.705916,0.706614
2026-02-17T08:00:00Z,0.706764,0.707214,0.706664,0.707114
2026-02-17T09:00:00Z,0.707064,0.707564,0.706914,0.707464
2026-02-17T10:00:00Z,0.707414,0.707864,0.706814,0.706964
2026-02-17T11:00:00Z,0.706814,0.707114,0.706265,0.706364
2026-02-17T12:00:00Z,0.706314,0.706814,0.705567,0.705667
2026-02-17T13:00:00Z,0.705667,0.706015,0.704573,0.705020
2026-02-17T14:00:00Z,0.704722,0.705716,0.704027,0.704275
2026-02-17T15:00:00Z,0.704027,0.704573,0.703185,0.704523
2026-02-17T16:00:00Z,0.704622,0.706864,0.704622,0.706464
2026-02-17T17:00:00Z,0.706364,0.707164,0.706015,0.706814
2026-02-17T18:00:00Z,0.706814,0.709170,0.706814,0.709170
2026-02-17T19:00:00Z,0.709019,0.709220,0.708416,0.708567
2026-02-17T20:00:00Z,0.708416,0.708667,0.708366,0.708466
2026-02-17T21:00:00Z,0.708567,0.708818,0.708516,0.708818
2026-02-17T22:00:00Z,0.707764,0.708868,0.707764,0.708868
2026-02-17T23:00:00Z,0.708818,0.708918,0.708416,0.708567
2026-02-18T00:00:00Z,0.708567,0.708667,0.707965,0.708015
2026-02-18T01:00:00Z,0.707814,0.708015,0.707564,0.707965
2026-02-18T02:00:00Z,0.707764,0.707965,0.707114,0.707164
2026-02-18T03:00:00Z,0.706964,0.707314,0.706814,0.707214
2026-02-18T04:00:00Z,0.707164,0.707464,0.707014,0.707114
2026-02-18T05:00:00Z,0.707214,0.707314,0.706914,0.707114
2026-02-18T06:00:00Z,0.707164,0.707564,0.706814,0.707314
2026-02-18T07:00:00Z,0.707364,0.707564,0.706614,0.707164
2026-02-18T08:00:00Z,0.707514,0.707764,0.707164,0.707364
2026-02-18T09:00:00Z,0.707314,0.708215,0.707314,0.708065
2026-02-18T10:00:00Z,0.708115,0.708316,0.707564,0.707614
2026-02-18T11:00:00Z,0.707464,0.707714,0.707214,0.707414
2026-02-18T12:00:00Z,0.707514,0.708015,0.707214,0.707314
2026-02-18T13:00:00Z,0.707364,0.707764,0.706065,0.706065
2026-02-18T14:00:00Z,0.705916,0.706664,0.705517,0.706664
2026-02-18T15:00:00Z,0.706564,0.707564,0.706564,0.707464
2026-02-18T16:00:00Z,0.707414,0.707764,0.706714,0.706764
2026-02-18T17:00:00Z,0.706664,0.706964,0.706364,0.706614
2026-02-18T18:00:00Z,0.706664,0.706764,0.705119,0.705418
2026-02-18T19:00:00Z,0.705020,0.705268,0.703779,0.703928
2026-02-18T20:00:00Z,0.704126,0.704573,0.703829,0.704523
2026-02-18T21:00:00Z,0.704424,0.704573,0.704374,0.704473
2026-02-18T22:00:00Z,0.704523,0.704920,0.704225,0.704821
2026-02-18T23:00:00Z,0.704821,0.704920,0.704573,0.704622
2026-02-19T00:00:00Z,0.704672,0.705318,0.704275,0.705169
2026-02-19T01:00:00Z,0.705119,0.706864,0.705119,0.706864
2026-02-19T02:00:00Z,0.706864,0.707314,0.706414,0.706964
2026-02-19T03:00:00Z,0.707064,0.707364,0.706564,0.706664
2026-02-19T04:00:00Z,0.706714,0.706714,0.705219,0.705368
2026-02-19T05:00:00Z,0.705368,0.705617,0.704821,0.705567
2026-02-19T06:00:00Z,0.705617,0.706914,0.705467,0.706914
2026-02-19T07:00:00Z,0.706914,0.707764,0.706814,0.707764
2026-02-19T08:00:00Z,0.707614,0.708215,0.706914,0.707214
2026-02-19T09:00:00Z,0.707314,0.707714,0.706065,0.706314
2026-02-19T10:00:00Z,0.706165,0.706364,0.705268,0.705567
2026-02-19T11:00:00Z,0.705617,0.706265,0.704573,0.704672
2026-02-19T12:00:00Z,0.704920,0.705766,0.704722,0.704821
2026-02-19T13:00:00Z,0.704920,0.705617,0.704027,0.705467
2026-02-19T14:00:00Z,0.705517,0.705517,0.702839,0.703977
2026-02-19T15:00:00Z,0.703581,0.706864,0.703581,0.705866
2026-02-19T16:00:00Z,0.705965,0.706115,0.705119,0.705169
2026-02-19T17:00:00Z,0.705169,0.705816,0.704622,0.705219
2026-02-19T18:00:00Z,0.705219,0.705866,0.704970,0.705716
2026-02-19T19:00:00Z,0.705766,0.705916,0.704672,0.704970
2026-02-19T20:00:00Z,0.705069,0.705716,0.705069,0.705716
2026-02-19T21:00:00Z,0.705866,0.706314,0.705816,0.706065
2026-02-19T22:00:00Z,0.705866,0.706065,0.705567,0.706015
2026-02-19T23:00:00Z,0.706015,0.706364,0.705766,0.705816
2026-02-20T00:00:00Z,0.705866,0.706015,0.705418,0.705816
2026-02-20T01:00:00Z,0.705816,0.705816,0.702790,0.703383
2026-02-20T02:00:00Z,0.703383,0.703532,0.701902,0.702494
2026-02-20T03:00:00Z,0.702642,0.703383,0.702642,0.703383
2026-02-20T04:00:00Z,0.703284,0.703829,0.703185,0.703433
2026-02-20T05:00:00Z,0.703532,0.704523,0.703532,0.704523
2026-02-20T06:00:00Z,0.704473,0.704871,0.704374,0.704821
2026-02-20T07:00:00Z,0.705119,0.705617,0.704374,0.704424
2026-02-20T08:00:00Z,0.704573,0.705866,0.704225,0.705667
2026-02-20T09:00:00Z,0.705816,0.706814,0.705816,0.706165
2026-02-20T10:00:00Z,0.706065,0.706364,0.705617,0.705617
2026-02-20T11:00:00Z,0.705716,0.705816,0.705020,0.705020
2026-02-20T12:00:00Z,0.704920,0.705318,0.704424,0.704573
2026-02-20T13:00:00Z,0.704523,0.705617,0.704473,0.705418
2026-02-20T14:00:00Z,0.705567,0.706115,0.704374,0.706115
2026-02-20T15:00:00Z,0.706414,0.708667,0.704920,0.708667
2026-02-20T16:00:00Z,0.708717,0.708918,0.707214,0.708366
2026-02-20T17:00:00Z,0.708366,0.708416,0.706464,0.707864
2026-02-20T18:00:00Z,0.707965,0.709371,0.707364,0.709069
2026-02-20T19:00:00Z,0.709019,0.709019,0.707965,0.708265
2026-02-20T20:00:00Z,0.708065,0.708667,0.708065,0.708617
2026-02-20T21:00:00Z,0.708516,0.708968,0.708516,0.708617
2026-02-20T22:00:00Z,0.708617,0.708617,0.708617,0.708617
2026-02-23T00:00:00Z,0.711136,0.711136,0.709019,0.709270
2026-02-23T01:00:00Z,0.708918,0.709220,0.708065,0.708265
2026-02-23T02:00:00Z,0.708416,0.708416,0.707314,0.707514
2026-02-23T03:00:00Z,0.707614,0.707814,0.707064,0.707314
2026-02-23T04:00:00Z,0.707114,0.707414,0.707014,0.707314
2026-02-23T05:00:00Z,0.707214,0.707664,0.707014,0.707614
2026-02-23T06:00:00Z,0.707414,0.708416,0.707364,0.708265
2026-02-23T07:00:00Z,0.708265,0.708567,0.707764,0.708366
2026-02-23T08:00:00Z,0.708516,0.708868,0.707614,0.708617
2026-02-23T09:00:00Z,0.708717,0.709270,0.708567,0.708617
2026-02-23T10:00:00Z,0.708617,0.708617,0.707965,0.708065
2026-02-23T11:00:00Z,0.707864,0.708165,0.707214,0.707264
2026-02-23T12:00:00Z,0.707214,0.707214,0.705965,0.706714
2026-02-23T13:00:00Z,0.706714,0.707214,0.706564,0.707014
2026-02-23T14:00:00Z,0.707264,0.708416,0.707164,0.707965
2026-02-23T15:00:00Z,0.708015,0.708115,0.706314,0.706364
2026-02-23T16:00:00Z,0.706314,0.706914,0.705368,0.706215
2026-02-23T17:00:00Z,0.706414,0.706514,0.705169,0.706165
2026-02-23T18:00:00Z,0.706265,0.706914,0.706165,0.706165
2026-02-23T19:00:00Z,0.706215,0.706414,0.705617,0.705816
2026-02-23T20:00:00Z,0.705866,0.706015,0.705517,0.705866
2026-02-23T21:00:00Z,0.706065,0.706265,0.705816,0.705816
2026-02-23T22:00:00Z,0.705418,0.705965,0.705418,0.705916
2026-02-23T23:00:00Z,0.705816,0.706514,0.705816,0.706314
2026-02-24T00:00:00Z,0.706614,0.706814,0.706065,0.706564
2026-02-24T01:00:00Z,0.706364,0.706364,0.705219,0.705816
2026-02-24T02:00:00Z,0.706165,0.707314,0.706065,0.707314
2026-02-24T03:00:00Z,0.707364,0.707514,0.706614,0.706764
2026-02-24T04:00:00Z,0.706814,0.706814,0.706065,0.706265
2026-02-24T05:00:00Z,0.706065,0.706814,0.705965,0.706814
2026-02-24T06:00:00Z,0.706714,0.707064,0.706564,0.706964
2026-02-24T07:00:00Z,0.706714,0.707564,0.706364,0.707064
2026-02-24T08:00:00Z,0.707164,0.707164,0.706314,0.706714
2026-02-24T09:00:00Z,0.706714,0.707264,0.706564,0.706664
2026-02-24T10:00:00Z,0.706614,0.706764,0.705716,0.705816
2026-02-24T11:00:00Z,0.705716,0.705716,0.704771,0.705020
2026-02-24T12:00:00Z,0.704920,0.705069,0.704077,0.704473
2026-02-24T13:00:00Z,0.704672,0.704771,0.703631,0.703878
2026-02-24T14:00:00Z,0.703680,0.704672,0.703136,0.704027
2026-02-24T15:00:00Z,0.704027,0.706115,0.703878,0.705418
2026-02-24T16:00:00Z,0.705517,0.707014,0.705517,0.706914
2026-02-24T17:00:00Z,0.706964,0.707164,0.706564,0.706764
2026-02-24T18:00:00Z,0.706764,0.706764,0.706414,0.706414
2026-02-24T19:00:00Z,0.706314,0.706514,0.706115,0.706314
2026-02-24T20:00:00Z,0.706265,0.706714,0.706065,0.706364
2026-02-24T21:00:00Z,0.706165,0.706165,0.705965,0.706065
2026-02-24T22:00:00Z,0.706115,0.706464,0.706015,0.706364
2026-02-24T23:00:00Z,0.706165,0.706364,0.706115,0.706215
2026-02-25T00:00:00Z,0.706115,0.708215,0.706015,0.707914
2026-02-25T01:00:00Z,0.707764,0.708466,0.707764,0.708115
2026-02-25T02:00:00Z,0.708215,0.709623,0.708215,0.709623
2026-02-25T03:00:00Z,0.709975,0.710530,0.709069,0.710278
2026-02-25T04:00:00Z,0.710379,0.711187,0.710126,0.710783
2026-02-25T05:00:00Z,0.710985,0.711389,0.710833,0.711339
2026-02-25T06:00:00Z,0.711035,0.711744,0.711035,0.711541
2026-02-25T07:00:00Z,0.711693,0.711896,0.710783,0.710783
2026-02-25T08:00:00Z,0.710884,0.711035,0.709874,0.709925
2026-02-25T09:00:00Z,0.709925,0.710480,0.708767,0.709119
2026-02-25T10:00:00Z,0.708968,0.709270,0.708466,0.708516
2026-02-25T11:00:00Z,0.708366,0.708366,0.707664,0.708165
2026-02-25T12:00:00Z,0.708316,0.709421,0.708316,0.709421
2026-02-25T13:00:00Z,0.709371,0.709925,0.709170,0.709170
2026-02-25T14:00:00Z,0.709119,0.710026,0.709119,0.709774
2026-02-25T15:00:00Z,0.709522,0.711086,0.709522,0.711086
2026-02-25T16:00:00Z,0.711238,0.711845,0.711035,0.711744
2026-02-25T17:00:00Z,0.711744,0.712606,0.711744,0.712149
2026-02-25T18:00:00Z,0.712149,0.712301,0.711946,0.712200
2026-02-25T19:00:00Z,0.712200,0.712657,0.712149,0.712555
2026-02-25T20:00:00Z,0.712504,0.712555,0.712200,0.712200
2026-02-25T21:00:00Z,0.712251,0.712860,0.712251,0.712606
2026-02-25T22:00:00Z,0.711744,0.712555,0.711744,0.712352
2026-02-25T23:00:00Z,0.712454,0.712555,0.712099,0.712301
2026-02-26T00:00:00Z,0.712251,0.713012,0.712099,0.713012
2026-02-26T01:00:00Z,0.713063,0.713776,0.712809,0.713369
2026-02-26T02:00:00Z,0.713470,0.713470,0.711693,0.712606
2026-02-26T03:00:00Z,0.712555,0.713012,0.712403,0.712758
2026-02-26T04:00:00Z,0.712555,0.713012,0.712403,0.712911
2026-02-26T05:00:00Z,0.712809,0.713725,0.712708,0.713521
2026-02-26T06:00:00Z,0.713674,0.713776,0.713114,0.713216
2026-02-26T07:00:00Z,0.713318,0.713318,0.712403,0.712708
2026-02-26T08:00:00Z,0.712352,0.712352,0.711288,0.711642
2026-02-26T09:00:00Z,0.711744,0.712454,0.711642,0.712200
2026-02-26T10:00:00Z,0.711997,0.712149,0.711389,0.711592
2026-02-26T11:00:00Z,0.711744,0.712200,0.711440,0.711440
2026-02-26T12:00:00Z,0.711440,0.712251,0.711288,0.712149
2026-02-26T13:00:00Z,0.712301,0.712606,0.711339,0.711339
2026-02-26T14:00:00Z,0.711238,0.711288,0.710530,0.710530
2026-02-26T15:00:00Z,0.710379,0.710429,0.707314,0.710227
2026-02-26T16:00:00Z,0.710126,0.710227,0.708968,0.709320
2026-02-26T17:00:00Z,0.709471,0.709471,0.707764,0.707864
2026-02-26T18:00:00Z,0.707914,0.710076,0.707864,0.709925
2026-02-26T19:00:00Z,0.710026,0.711238,0.710026,0.711238
2026-02-26T20:00:00Z,0.711136,0.711440,0.710985,0.711389
2026-02-26T21:00:00Z,0.711389,0.711491,0.710833,0.710833
2026-02-26T22:00:00Z,0.710783,0.711086,0.710328,0.710480
2026-02-26T23:00:00Z,0.710328,0.710530,0.710026,0.710379
2026-02-27T00:00:00Z,0.710530,0.710934,0.709925,0.710126
2026-02-27T01:00:00Z,0.710278,0.710833,0.710278,0.710480
2026-02-27T02:00:00Z,0.710783,0.712048,0.710631,0.712048
2026-02-27T03:00:00Z,0.712099,0.712352,0.711946,0.711997
2026-02-27T04:00:00Z,0.712048,0.712708,0.711997,0.712708
2026-02-27T05:00:00Z,0.712758,0.713369,0.712606,0.712911
2026-02-27T06:00:00Z,0.712860,0.713114,0.712200,0.712860
2026-02-27T07:00:00Z,0.712809,0.712860,0.712301,0.712555
2026-02-27T08:00:00Z,0.712657,0.712962,0.711592,0.711592
2026-02-27T09:00:00Z,0.711794,0.712149,0.711541,0.711541
2026-02-27T10:00:00Z,0.711491,0.711491,0.710581,0.711187
2026-02-27T11:00:00Z,0.711238,0.711389,0.710732,0.711086
2026-02-27T12:00:00Z,0.711035,0.711693,0.710631,0.710682
2026-02-27T13:00:00Z,0.710732,0.710934,0.709019,0.710177
2026-02-27T14:00:00Z,0.709925,0.711693,0.709925,0.710732
2026-02-27T15:00:00Z,0.710985,0.713318,0.710985,0.712911
2026-02-27T16:00:00Z,0.712860,0.713267,0.712149,0.712403
2026-02-27T17:00:00Z,0.712454,0.712911,0.711642,0.711845
2026-02-27T18:00:00Z,0.711896,0.711997,0.711491,0.711997
2026-02-27T19:00:00Z,0.711997,0.712251,0.711389,0.711642
2026-02-27T20:00:00Z,0.711794,0.712454,0.711794,0.711997
2026-02-27T21:00:00Z,0.711845,0.711997,0.711592,0.711845
2026-02-27T22:00:00Z,0.711845,0.711845,0.711845,0.711845
2026-03-02T00:00:00Z,0.705766,0.708567,0.705667,0.708567
2026-03-02T01:00:00Z,0.709320,0.711035,0.708968,0.710833
2026-03-02T02:00:00Z,0.710783,0.710985,0.709723,0.710985
2026-03-02T03:00:00Z,0.710985,0.711845,0.710884,0.711238
2026-03-02T04:00:00Z,0.711339,0.711491,0.709673,0.709673
2026-03-02T05:00:00Z,0.709572,0.709623,0.708065,0.708065
2026-03-02T06:00:00Z,0.707864,0.708366,0.706764,0.706964
2026-03-02T07:00:00Z,0.707064,0.707064,0.705169,0.706065
2026-03-02T08:00:00Z,0.705866,0.707114,0.704821,0.706964
2026-03-02T09:00:00Z,0.707014,0.709270,0.707014,0.708115
2026-03-02T10:00:00Z,0.708316,0.709925,0.708316,0.709019
2026-03-02T11:00:00Z,0.709220,0.709220,0.708215,0.708617
2026-03-02T12:00:00Z,0.708567,0.708567,0.706115,0.706115
2026-03-02T13:00:00Z,0.706464,0.707514,0.705916,0.706015
2026-03-02T14:00:00Z,0.705667,0.708516,0.705517,0.707864
2026-03-02T15:00:00Z,0.707614,0.708717,0.706015,0.706015
2026-03-02T16:00:00Z,0.705816,0.707264,0.705766,0.707014
2026-03-02T17:00:00Z,0.706914,0.708567,0.706714,0.708567
2026-03-02T18:00:00Z,0.708516,0.708567,0.707914,0.708516
2026-03-02T19:00:00Z,0.708617,0.710783,0.708617,0.710682
2026-03-02T20:00:00Z,0.710631,0.710631,0.707514,0.709019
2026-03-02T21:00:00Z,0.709019,0.709774,0.709019,0.709723
2026-03-02T22:00:00Z,0.709320,0.710530,0.709320,0.710227
2026-03-02T23:00:00Z,0.710328,0.711035,0.710177,0.710682
2026-03-03T00:00:00Z,0.710177,0.710631,0.709874,0.710328
2026-03-03T01:00:00Z,0.710379,0.712403,0.710278,0.710328
2026-03-03T02:00:00Z,0.709874,0.711086,0.709069,0.710631
2026-03-03T03:00:00Z,0.711035,0.711491,0.710177,0.711136
2026-03-03T04:00:00Z,0.711339,0.711642,0.710581,0.710581
2026-03-03T05:00:00Z,0.710682,0.711086,0.708918,0.709119
2026-03-03T06:00:00Z,0.709220,0.709471,0.708265,0.709471
2026-03-03T07:00:00Z,0.709320,0.709975,0.708015,0.708015
2026-03-03T08:00:00Z,0.707664,0.708115,0.705418,0.705418
2026-03-03T09:00:00Z,0.706065,0.706764,0.704275,0.704325
2026-03-03T10:00:00Z,0.704275,0.704771,0.702198,0.702346
2026-03-03T11:00:00Z,0.702593,0.702988,0.701262,0.702593
2026-03-03T12:00:00Z,0.702691,0.704424,0.702494,0.703383
2026-03-03T13:00:00Z,0.703383,0.703383,0.700476,0.701262
2026-03-03T14:00:00Z,0.701656,0.701705,0.697885,0.697885
2026-03-03T15:00:00Z,0.698032,0.699790,0.694782,0.699790
2026-03-03T16:00:00Z,0.699594,0.702988,0.699594,0.702938
2026-03-03T17:00:00Z,0.702346,0.702988,0.701459,0.702395
2026-03-03T18:00:00Z,0.703087,0.705219,0.703037,0.704771
2026-03-03T19:00:00Z,0.704424,0.705766,0.703284,0.704672
2026-03-03T20:00:00Z,0.704771,0.705268,0.704126,0.704573
2026-03-03T21:00:00Z,0.704523,0.704722,0.703680,0.703680
2026-03-03T22:00:00Z,0.704424,0.704424,0.703235,0.704275
2026-03-03T23:00:00Z,0.704176,0.704771,0.703680,0.704424
2026-03-04T00:00:00Z,0.703532,0.703680,0.700869,0.701459
2026-03-04T01:00:00Z,0.701311,0.701754,0.699105,0.700771
2026-03-04T02:00:00Z,0.701213,0.702395,0.700771,0.701508
2026-03-04T03:00:00Z,0.701164,0.701311,0.699643,0.700967
2026-03-04T04:00:00Z,0.701262,0.701607,0.699154,0.699790
2026-03-04T05:00:00Z,0.699888,0.700918,0.699545,0.700427
2026-03-04T06:00:00Z,0.700133,0.702642,0.699643,0.702296
2026-03-04T07:00:00Z,0.702395,0.704473,0.702395,0.703532
2026-03-04T08:00:00Z,0.703284,0.703334,0.701853,0.702247
2026-03-04T09:00:00Z,0.702050,0.704672,0.701853,0.704126
2026-03-04T10:00:00Z,0.704523,0.707464,0.704374,0.704821
2026-03-04T11:00:00Z,0.705020,0.706215,0.704871,0.705119
2026-03-04T12:00:00Z,0.705368,0.706714,0.704176,0.704424
2026-03-04T13:00:00Z,0.705020,0.706314,0.705020,0.705766
2026-03-04T14:00:00Z,0.705866,0.705866,0.704573,0.704672
2026-03-04T15:00:00Z,0.705268,0.707464,0.704871,0.707464
2026-03-04T16:00:00Z,0.707464,0.707764,0.706414,0.707264
2026-03-04T17:00:00Z,0.707264,0.707864,0.706464,0.707314
2026-03-04T18:00:00Z,0.707164,0.707614,0.706464,0.707164
2026-03-04T19:00:00Z,0.707464,0.708516,0.707464,0.708516
2026-03-04T20:00:00Z,0.708516,0.708516,0.707814,0.708065
2026-03-04T21:00:00Z,0.707914,0.708265,0.707814,0.707914
2026-03-04T22:00:00Z,0.707664,0.708015,0.707664,0.707714
2026-03-04T23:00:00Z,0.707814,0.708215,0.707764,0.707814
2026-03-05T00:00:00Z,0.707614,0.708868,0.707614,0.708667
2026-03-05T01:00:00Z,0.708466,0.709069,0.706714,0.706914
2026-03-05T02:00:00Z,0.706864,0.707514,0.706414,0.707264
2026-03-05T03:00:00Z,0.707714,0.707714,0.705268,0.705368
2026-03-05T04:00:00Z,0.705318,0.705866,0.705219,0.705467
2026-03-05T05:00:00Z,0.705667,0.705667,0.704225,0.704225
2026-03-05T06:00:00Z,0.704225,0.704920,0.703185,0.704771
2026-03-05T07:00:00Z,0.705318,0.705368,0.703433,0.703680
2026-03-05T08:00:00Z,0.703235,0.703334,0.701656,0.703334
2026-03-05T09:00:00Z,0.703235,0.706964,0.703235,0.704821
2026-03-05T10:00:00Z,0.704771,0.705020,0.704473,0.704871
2026-03-05T11:00:00Z,0.705020,0.706015,0.704622,0.705169
2026-03-05T12:00:00Z,0.705069,0.705965,0.704622,0.705318
2026-03-05T13:00:00Z,0.705169,0.705219,0.702790,0.703136
2026-03-05T14:00:00Z,0.703334,0.703977,0.701951,0.703977
2026-03-05T15:00:00Z,0.704473,0.704573,0.700771,0.701557
2026-03-05T16:00:00Z,0.701459,0.701459,0.698910,0.700574
2026-03-05T17:00:00Z,0.700427,0.701213,0.698227,0.698714
2026-03-05T18:00:00Z,0.698568,0.699496,0.697885,0.699007
2026-03-05T19:00:00Z,0.699105,0.699203,0.697739,0.698275
2026-03-05T20:00:00Z,0.698470,0.701557,0.698275,0.701410
2026-03-05T21:00:00Z,0.701262,0.701410,0.700967,0.701066
2026-03-05T22:00:00Z,0.701115,0.701410,0.700820,0.701016
2026-03-05T23:00:00Z,0.700967,0.701557,0.700967,0.701410
2026-03-06T00:00:00Z,0.701311,0.702593,0.701262,0.702247
2026-03-06T01:00:00Z,0.702296,0.703581,0.702247,0.703433
2026-03-06T02:00:00Z,0.703779,0.704126,0.703680,0.703829
2026-03-06T03:00:00Z,0.704176,0.704275,0.703878,0.704077
2026-03-06T04:00:00Z,0.704077,0.704275,0.703185,0.703185
2026-03-06T05:00:00Z,0.703087,0.703977,0.703087,0.703185
2026-03-06T06:00:00Z,0.703433,0.704275,0.703185,0.704027
2026-03-06T07:00:00Z,0.704176,0.704920,0.703829,0.704672
2026-03-06T08:00:00Z,0.704523,0.704672,0.703383,0.704225
2026-03-06T09:00:00Z,0.704077,0.704077,0.700084,0.700133
2026-03-06T10:00:00Z,0.700280,0.701508,0.700280,0.701410
2026-03-06T11:00:00Z,0.701361,0.701656,0.699545,0.699545
2026-03-06T12:00:00Z,0.699594,0.701066,0.699301,0.700329
2026-03-06T13:00:00Z,0.700624,0.702198,0.698617,0.698714
2026-03-06T14:00:00Z,0.699105,0.699399,0.698178,0.699007
2026-03-06T15:00:00Z,0.700918,0.702099,0.700182,0.700869
2026-03-06T16:00:00Z,0.700673,0.703087,0.700673,0.702543
2026-03-06T17:00:00Z,0.702494,0.702543,0.701262,0.701361
2026-03-06T18:00:00Z,0.701459,0.703185,0.701459,0.702445
2026-03-06T19:00:00Z,0.702198,0.703037,0.701853,0.702790
2026-03-06T20:00:00Z,0.702938,0.703136,0.701656,0.702494
2026-03-06T21:00:00Z,0.702445,0.703284,0.702445,0.703284
2026-03-06T22:00:00Z,0.703284,0.703284,0.703284,0.703284
2026-03-09T00:00:00Z,0.696961,0.697691,0.695991,0.696621
2026-03-09T01:00:00Z,0.696816,0.697788,0.696088,0.697107
2026-03-09T02:00:00Z,0.697107,0.699692,0.697058,0.699692
2026-03-09T03:00:00Z,0.700084,0.700084,0.698617,0.699447
2026-03-09T04:00:00Z,0.699545,0.700133,0.699203,0.699545
2026-03-09T05:00:00Z,0.699350,0.702296,0.699105,0.701607
2026-03-09T06:00:00Z,0.701410,0.701804,0.700280,0.700427
2026-03-09T07:00:00Z,0.700476,0.701508,0.699937,0.701262
2026-03-09T08:00:00Z,0.701164,0.701164,0.698519,0.699350
2026-03-09T09:00:00Z,0.699594,0.703383,0.699154,0.702050
2026-03-09T10:00:00Z,0.701902,0.702149,0.701164,0.701607
2026-03-09T11:00:00Z,0.701853,0.702691,0.701410,0.701410
2026-03-09T12:00:00Z,0.701459,0.702296,0.701016,0.701016
2026-03-09T13:00:00Z,0.701656,0.703532,0.701656,0.702741
2026-03-09T14:00:00Z,0.702790,0.704473,0.701754,0.704027
2026-03-09T15:00:00Z,0.703977,0.705169,0.703977,0.704771
2026-03-09T16:00:00Z,0.704573,0.705965,0.704573,0.705418
2026-03-09T17:00:00Z,0.705219,0.705219,0.703730,0.703730
2026-03-09T18:00:00Z,0.703779,0.704771,0.703779,0.704473
2026-03-09T19:00:00Z,0.704424,0.708065,0.704424,0.707264
2026-03-09T20:00:00Z,0.707264,0.708065,0.706614,0.707965
2026-03-09T21:00:00Z,0.707414,0.708115,0.707364,0.707965
2026-03-09T22:00:00Z,0.708265,0.708466,0.707164,0.707564
2026-03-09T23:00:00Z,0.707614,0.708265,0.706814,0.707064
2026-03-10T00:00:00Z,0.706914,0.707914,0.706514,0.707264
2026-03-10T01:00:00Z,0.707114,0.707464,0.706265,0.707314
2026-03-10T02:00:00Z,0.707814,0.707814,0.705816,0.706065
2026-03-10T03:00:00Z,0.706115,0.706564,0.705667,0.706215
2026-03-10T04:00:00Z,0.706065,0.706464,0.705866,0.706364
2026-03-10T05:00:00Z,0.706414,0.707814,0.706265,0.707814
2026-03-10T06:00:00Z,0.707864,0.710076,0.707814,0.709623
2026-03-10T07:00:00Z,0.709421,0.712099,0.709421,0.711642
2026-03-10T08:00:00Z,0.711238,0.711541,0.709774,0.709774
2026-03-10T09:00:00Z,0.709925,0.711946,0.709925,0.711693
2026-03-10T10:00:00Z,0.711187,0.712200,0.710480,0.711339
2026-03-10T11:00:00Z,0.711136,0.712708,0.711086,0.712352
2026-03-10T12:00:00Z,0.712352,0.712352,0.710884,0.711642
2026-03-10T13:00:00Z,0.712251,0.712860,0.711288,0.711642
2026-03-10T14:00:00Z,0.711238,0.714694,0.711238,0.714694
2026-03-10T15:00:00Z,0.715001,0.715563,0.714439,0.715103
2026-03-10T16:00:00Z,0.714898,0.715512,0.714133,0.715256
2026-03-10T17:00:00Z,0.715308,0.717051,0.715205,0.715922
2026-03-10T18:00:00Z,0.715820,0.715820,0.712809,0.713725
2026-03-10T19:00:00Z,0.713470,0.713776,0.711896,0.712200
2026-03-10T20:00:00Z,0.712200,0.712454,0.711845,0.712149
2026-03-10T21:00:00Z,0.712200,0.712606,0.712048,0.712048
2026-03-10T22:00:00Z,0.712048,0.712048,0.711541,0.711744
2026-03-10T23:00:00Z,0.711946,0.712251,0.711744,0.712149
2026-03-11T00:00:00Z,0.712555,0.713878,0.712099,0.713267
2026-03-11T01:00:00Z,0.713267,0.715205,0.713165,0.715205
2026-03-11T02:00:00Z,0.715308,0.717515,0.714592,0.716692
2026-03-11T03:00:00Z,0.716538,0.717669,0.716384,0.717669
2026-03-11T04:00:00Z,0.717566,0.718597,0.717412,0.718442
2026-03-11T05:00:00Z,0.718442,0.718494,0.717000,0.717515
2026-03-11T06:00:00Z,0.717721,0.718133,0.717154,0.717566
2026-03-11T07:00:00Z,0.717618,0.718288,0.716025,0.716435
2026-03-11T08:00:00Z,0.716486,0.717618,0.715717,0.716230
2026-03-11T09:00:00Z,0.715922,0.716384,0.714643,0.715052
2026-03-11T10:00:00Z,0.714950,0.716640,0.714950,0.716589
2026-03-11T11:00:00Z,0.716589,0.717051,0.716127,0.716332
2026-03-11T12:00:00Z,0.716127,0.716589,0.714796,0.714847
2026-03-11T13:00:00Z,0.715256,0.716846,0.715205,0.716846
2026-03-11T14:00:00Z,0.718184,0.718288,0.717051,0.718288
2026-03-11T15:00:00Z,0.718288,0.718288,0.715256,0.715256
2026-03-11T16:00:00Z,0.715103,0.716076,0.714796,0.715563
2026-03-11T17:00:00Z,0.715461,0.715820,0.714337,0.714745
2026-03-11T18:00:00Z,0.714796,0.715461,0.714031,0.715205
2026-03-11T19:00:00Z,0.715205,0.715871,0.714745,0.715768
2026-03-11T20:00:00Z,0.715820,0.715820,0.715308,0.715512
2026-03-11T21:00:00Z,0.715512,0.715871,0.715052,0.715410
2026-03-11T22:00:00Z,0.715410,0.715410,0.713674,0.713776
2026-03-11T23:00:00Z,0.713776,0.713776,0.712911,0.713114
2026-03-12T00:00:00Z,0.713216,0.714796,0.712657,0.714796
2026-03-12T01:00:00Z,0.714796,0.716230,0.714388,0.715154
2026-03-12T02:00:00Z,0.715461,0.715820,0.713267,0.713827
2026-03-12T03:00:00Z,0.713623,0.713929,0.713114,0.713878
2026-03-12T04:00:00Z,0.713827,0.713878,0.712708,0.712708
2026-03-12T05:00:00Z,0.712708,0.713521,0.712301,0.712555
2026-03-12T06:00:00Z,0.712504,0.713165,0.711592,0.712708
2026-03-12T07:00:00Z,0.712758,0.713878,0.712504,0.713572
2026-03-12T08:00:00Z,0.714031,0.714745,0.713419,0.713623
2026-03-12T09:00:00Z,0.713470,0.714133,0.712606,0.714082
2026-03-12T10:00:00Z,0.714031,0.714031,0.713114,0.713725
2026-03-12T11:00:00Z,0.713776,0.714898,0.713521,0.713980
2026-03-12T12:00:00Z,0.713827,0.713827,0.712809,0.713369
2026-03-12T13:00:00Z,0.713369,0.713776,0.709975,0.709975
2026-03-12T14:00:00Z,0.710227,0.710732,0.708818,0.709119
2026-03-12T15:00:00Z,0.708717,0.709623,0.707564,0.708868
2026-03-12T16:00:00Z,0.709069,0.709925,0.707965,0.708968
2026-03-12T17:00:00Z,0.709170,0.709824,0.708567,0.708667
2026-03-12T18:00:00Z,0.708868,0.708918,0.708015,0.708316
2026-03-12T19:00:00Z,0.708165,0.708516,0.708015,0.708015
2026-03-12T20:00:00Z,0.707965,0.708265,0.707864,0.707864
2026-03-12T21:00:00Z,0.707965,0.708165,0.707564,0.707664
2026-03-12T22:00:00Z,0.707564,0.708215,0.707464,0.708115
2026-03-12T23:00:00Z,0.708115,0.708265,0.707764,0.707914
2026-03-13T00:00:00Z,0.707914,0.708868,0.707414,0.708667
2026-03-13T01:00:00Z,0.708968,0.709471,0.708165,0.708265
2026-03-13T02:00:00Z,0.708567,0.709119,0.707514,0.708215
2026-03-13T03:00:00Z,0.708065,0.708115,0.706364,0.707264
2026-03-13T04:00:00Z,0.707314,0.707314,0.706165,0.706614
2026-03-13T05:00:00Z,0.706564,0.706914,0.706165,0.706464
2026-03-13T06:00:00Z,0.706614,0.706664,0.704077,0.704077
2026-03-13T07:00:00Z,0.703928,0.704225,0.702445,0.702741
2026-03-13T08:00:00Z,0.702691,0.704077,0.702001,0.704077
2026-03-13T09:00:00Z,0.704176,0.704672,0.703730,0.703878
2026-03-13T10:00:00Z,0.703928,0.705069,0.703779,0.704126
2026-03-13T11:00:00Z,0.704473,0.705169,0.703482,0.705169
2026-03-13T12:00:00Z,0.705219,0.706265,0.704622,0.705667
2026-03-13T13:00:00Z,0.705667,0.705866,0.704176,0.705268
2026-03-13T14:00:00Z,0.705119,0.705467,0.702691,0.702691
2026-03-13T15:00:00Z,0.702543,0.703037,0.700525,0.700525
2026-03-13T16:00:00Z,0.700624,0.701410,0.700231,0.700869
2026-03-13T17:00:00Z,0.700820,0.701557,0.700476,0.700476
2026-03-13T18:00:00Z,0.700624,0.701115,0.700133,0.700574
2026-03-13T19:00:00Z,0.700624,0.700624,0.699399,0.699399
2026-03-13T20:00:00Z,0.699252,0.699252,0.698324,0.698373
2026-03-13T21:00:00Z,0.698324,0.698324,0.698324,0.698324
2026-03-13T22:00:00Z,0.698324,0.698324,0.698324,0.698324
2026-03-16T00:00:00Z,0.701026,0.701818,0.701026,0.701612
2026-03-16T01:00:00Z,0.701690,0.701690,0.699815,0.701316
2026-03-16T02:00:00Z,0.701282,0.701302,0.700766,0.700766
2026-03-16T03:00:00Z,0.700761,0.701464,0.700560,0.701080
2026-03-16T04:00:00Z,0.701208,0.701208,0.700442,0.700442
2026-03-16T05:00:00Z,0.700682,0.701809,0.700624,0.701533
2026-03-16T06:00:00Z,0.701508,0.702124,0.701257,0.701804
2026-03-16T07:00:00Z,0.701818,0.702173,0.700682,0.701287
2026-03-16T08:00:00Z,0.701523,0.702198,0.700756,0.702198
2026-03-16T09:00:00Z,0.702144,0.702770,0.701676,0.702504
2026-03-16T10:00:00Z,0.702420,0.705055,0.702420,0.705055
2026-03-16T11:00:00Z,0.704980,0.705452,0.704836,0.705025
2026-03-16T12:00:00Z,0.705179,0.705786,0.705084,0.705084
2026-03-16T13:00:00Z,0.705393,0.707284,0.705069,0.707284
2026-03-16T14:00:00Z,0.707259,0.707574,0.705592,0.706284
2026-03-16T15:00:00Z,0.706324,0.706474,0.705064,0.705507
2026-03-16T16:00:00Z,0.705522,0.705856,0.704642,0.705388
2026-03-16T17:00:00Z,0.705911,0.706309,0.705522,0.705577
2026-03-16T18:00:00Z,0.705736,0.707839,0.705736,0.707494
2026-03-16T19:00:00Z,0.707544,0.707899,0.706974,0.707284
2026-03-16T20:00:00Z,0.707289,0.707434,0.706919,0.707204
2026-03-16T21:00:00Z,0.707124,0.707509,0.706709,0.706814
2026-03-16T22:00:00Z,0.707139,0.707139,0.706539,0.706544
2026-03-16T23:00:00Z,0.706589,0.706919,0.706289,0.706904
2026-03-17T00:00:00Z,0.706554,0.706674,0.706060,0.706245
2026-03-17T01:00:00Z,0.706494,0.708100,0.706314,0.708100
2026-03-17T02:00:00Z,0.708060,0.708577,0.707689,0.707689
2026-03-17T03:00:00Z,0.707609,0.708526,0.705423,0.706589
2026-03-17T04:00:00Z,0.706489,0.707965,0.706195,0.707364
2026-03-17T05:00:00Z,0.707264,0.708973,0.706794,0.706794
2026-03-17T06:00:00Z,0.706359,0.707199,0.705681,0.707189
2026-03-17T07:00:00Z,0.706789,0.707294,0.706464,0.706764
2026-03-17T08:00:00Z,0.707089,0.708381,0.706284,0.708381
2026-03-17T09:00:00Z,0.708652,0.709014,0.708045,0.708948
2026-03-17T10:00:00Z,0.708783,0.709004,0.708105,0.708546
2026-03-17T11:00:00Z,0.708501,0.709029,0.707990,0.707990
2026-03-17T12:00:00Z,0.707759,0.709763,0.707759,0.709763
2026-03-17T13:00:00Z,0.710172,0.711810,0.710172,0.711126
2026-03-17T14:00:00Z,0.710899,0.711486,0.710147,0.710252
2026-03-17T15:00:00Z,0.710333,0.710369,0.708752,0.709985
2026-03-17T16:00:00Z,0.709809,0.710621,0.709512,0.710303
2026-03-17T17:00:00Z,0.710379,0.711253,0.710358,0.711192
2026-03-17T18:00:00Z,0.711182,0.711480,0.710469,0.710480
2026-03-17T19:00:00Z,0.710278,0.710626,0.710263,0.710389
2026-03-17T20:00:00Z,0.710469,0.710783,0.710419,0.710540
2026-03-17T21:00:00Z,0.710525,0.710712,0.709990,0.710278
2026-03-17T22:00:00Z,0.710510,0.710873,0.710510,0.710793
2026-03-17T23:00:00Z,0.710934,0.710944,0.710525,0.710914
2026-03-18T00:00:00Z,0.710929,0.711384,0.710449,0.710687
2026-03-18T01:00:00Z,0.711415,0.711769,0.711071,0.711278
2026-03-18T02:00:00Z,0.711344,0.711344,0.710177,0.710242
2026-03-18T03:00:00Z,0.710182,0.711182,0.710061,0.711182
2026-03-18T04:00:00Z,0.711359,0.711754,0.710904,0.711450
2026-03-18T05:00:00Z,0.711541,0.711911,0.711273,0.711886
2026-03-18T06:00:00Z,0.711891,0.712317,0.711567,0.711962
2026-03-18T07:00:00Z,0.711881,0.711957,0.711071,0.711303
2026-03-18T08:00:00Z,0.711263,0.711298,0.710252,0.710813
2026-03-18T09:00:00Z,0.710702,0.711339,0.710454,0.711248
2026-03-18T10:00:00Z,0.711081,0.711278,0.710384,0.710429
2026-03-18T11:00:00Z,0.710394,0.711020,0.709371,0.710005
2026-03-18T12:00:00Z,0.710015,0.710015,0.706045,0.706045
2026-03-18T13:00:00Z,0.705627,0.706674,0.704955,0.706674
2026-03-18T14:00:00Z,0.706774,0.707774,0.706085,0.707774
2026-03-18T15:00:00Z,0.708025,0.708687,0.707574,0.707669
2026-03-18T16:00:00Z,0.707549,0.708471,0.707549,0.708095
2026-03-18T17:00:00Z,0.707869,0.708250,0.707429,0.708155
2026-03-18T18:00:00Z,0.708642,0.708642,0.705278,0.705323
2026-03-18T19:00:00Z,0.705060,0.705462,0.703497,0.703675
2026-03-18T20:00:00Z,0.703537,0.703636,0.701971,0.702361
2026-03-18T21:00:00Z,0.702375,0.703695,0.702375,0.703695
2026-03-18T22:00:00Z,0.702923,0.702923,0.702208,0.702459
2026-03-18T23:00:00Z,0.702306,0.702948,0.702306,0.702844
2026-03-19T00:00:00Z,0.703413,0.704424,0.702894,0.704424
2026-03-19T01:00:00Z,0.704573,0.704751,0.703888,0.704329
2026-03-19T02:00:00Z,0.704022,0.705542,0.703472,0.704543
2026-03-19T03:00:00Z,0.704607,0.705358,0.704523,0.704727
2026-03-19T04:00:00Z,0.704597,0.704677,0.703725,0.703824
2026-03-19T05:00:00Z,0.703799,0.704290,0.703324,0.703339
2026-03-19T06:00:00Z,0.703383,0.704320,0.703141,0.703859
2026-03-19T07:00:00Z,0.703606,0.704434,0.702533,0.702588
2026-03-19T08:00:00Z,0.702933,0.704002,0.702395,0.703740
2026-03-19T09:00:00Z,0.704275,0.706185,0.704181,0.705955
2026-03-19T10:00:00Z,0.705428,0.705667,0.704980,0.705119
2026-03-19T11:00:00Z,0.705293,0.705293,0.703492,0.704275
2026-03-19T12:00:00Z,0.703913,0.703958,0.701464,0.702060
2026-03-19T13:00:00Z,0.701405,0.703933,0.700123,0.703844
2026-03-19T14:00:00Z,0.704846,0.705567,0.703265,0.704766
2026-03-19T15:00:00Z,0.704538,0.705821,0.702963,0.703581
2026-03-19T16:00:00Z,0.703725,0.705273,0.703725,0.704761
2026-03-19T17:00:00Z,0.704647,0.705926,0.704101,0.705617
2026-03-19T18:00:00Z,0.705522,0.707419,0.705219,0.707419
2026-03-19T19:00:00Z,0.708356,0.710525,0.708225,0.708587
2026-03-19T20:00:00Z,0.708386,0.708863,0.708326,0.708702
2026-03-19T21:00:00Z,0.708828,0.709159,0.708451,0.708958
2026-03-19T22:00:00Z,0.709049,0.709235,0.708265,0.708291
2026-03-19T23:00:00Z,0.708406,0.708838,0.707975,0.708185
2026-03-20T00:00:00Z,0.708160,0.708265,0.707419,0.708265
2026-03-20T01:00:00Z,0.708868,0.709200,0.708200,0.708381
2026-03-20T02:00:00Z,0.708286,0.709004,0.708260,0.708858
2026-03-20T03:00:00Z,0.708803,0.708803,0.708120,0.708255
2026-03-20T04:00:00Z,0.708296,0.708938,0.708005,0.708803
2026-03-20T05:00:00Z,0.708672,0.709507,0.708416,0.708416
2026-03-20T06:00:00Z,0.708652,0.709059,0.707844,0.707985
2026-03-20T07:00:00Z,0.707664,0.709617,0.707664,0.709175
2026-03-20T08:00:00Z,0.709059,0.709411,0.708451,0.708798
2026-03-20T09:00:00Z,0.708607,0.708662,0.706549,0.706549
2026-03-20T10:00:00Z,0.706165,0.706599,0.705502,0.706519
2026-03-20T11:00:00Z,0.706584,0.708225,0.706584,0.707980
2026-03-20T12:00:00Z,0.707909,0.708617,0.707404,0.707479
2026-03-20T13:00:00Z,0.707544,0.707544,0.704349,0.704349
2026-03-20T14:00:00Z,0.704022,0.704682,0.702958,0.703502
2026-03-20T15:00:00Z,0.704042,0.705164,0.703314,0.703314
2026-03-20T16:00:00Z,0.703408,0.704722,0.703373,0.703859
2026-03-20T17:00:00Z,0.704111,0.704250,0.703195,0.703359
2026-03-20T18:00:00Z,0.703423,0.703433,0.701066,0.701066
2026-03-20T19:00:00Z,0.701361,0.702030,0.700633,0.701612
2026-03-20T20:00:00Z,0.701966,0.702361,0.701553,0.702361
2026-03-20T21:00:00Z,0.702375,0.702375,0.702375,0.702375
2026-03-20T22:00:00Z,0.702375,0.702375,0.702375,0.702375
2026-03-23T00:00:00Z,0.700943,0.701439,0.698871,0.699526
2026-03-23T01:00:00Z,0.699942,0.700648,0.699237,0.699462
2026-03-23T02:00:00Z,0.699873,0.700020,0.697734,0.698217
2026-03-23T03:00:00Z,0.698509,0.698514,0.697822,0.698105
2026-03-23T04:00:00Z,0.698314,0.698446,0.697822,0.697968
2026-03-23T05:00:00Z,0.698178,0.698178,0.696020,0.696296
2026-03-23T06:00:00Z,0.696141,0.696204,0.695347,0.695638
2026-03-23T07:00:00Z,0.695420,0.696393,0.695101,0.695425
2026-03-23T08:00:00Z,0.695415,0.697520,0.695415,0.696752
2026-03-23T09:00:00Z,0.696495,0.696495,0.694093,0.694348
2026-03-23T10:00:00Z,0.694146,0.694146,0.691367,0.692310
2026-03-23T11:00:00Z,0.692813,0.703373,0.692492,0.698348
2026-03-23T12:00:00Z,0.697949,0.703314,0.697700,0.702978
2026-03-23T13:00:00Z,0.701868,0.703003,0.699859,0.702938
2026-03-23T14:00:00Z,0.703265,0.706165,0.702691,0.704796
2026-03-23T15:00:00Z,0.705154,0.705657,0.699345,0.699364
2026-03-23T16:00:00Z,0.699819,0.700889,0.698344,0.700339
2026-03-23T17:00:00Z,0.700643,0.702593,0.700359,0.701415
2026-03-23T18:00:00Z,0.701193,0.702790,0.700668,0.702642
2026-03-23T19:00:00Z,0.702366,0.702514,0.701174,0.701213
2026-03-23T20:00:00Z,0.700903,0.701252,0.700835,0.701075
2026-03-23T21:00:00Z,0.701174,0.702316,0.700663,0.700663
2026-03-23T22:00:00Z,0.700638,0.702114,0.700359,0.701828
2026-03-23T23:00:00Z,0.701804,0.701804,0.700535,0.700535
2026-03-24T00:00:00Z,0.700393,0.700393,0.697525,0.698846
2026-03-24T01:00:00Z,0.698915,0.699423,0.696767,0.697020
2026-03-24T02:00:00Z,0.697107,0.697983,0.696539,0.696811
2026-03-24T03:00:00Z,0.696840,0.697404,0.696573,0.696757
2026-03-24T04:00:00Z,0.696617,0.696830,0.696166,0.696636
2026-03-24T05:00:00Z,0.696350,0.697015,0.695730,0.696665
2026-03-24T06:00:00Z,0.696558,0.698729,0.696558,0.698729
2026-03-24T07:00:00Z,0.699144,0.700771,0.698275,0.699012
2026-03-24T08:00:00Z,0.698402,0.698792,0.696209,0.696335
2026-03-24T09:00:00Z,0.696432,0.697404,0.695483,0.697355
2026-03-24T10:00:00Z,0.696854,0.697764,0.696641,0.697666
2026-03-24T11:00:00Z,0.697156,0.697973,0.695962,0.696976
2026-03-24T12:00:00Z,0.697049,0.697049,0.695231,0.695609
2026-03-24T13:00:00Z,0.695739,0.696292,0.694956,0.696233
2026-03-24T14:00:00Z,0.696486,0.697978,0.696355,0.696490
2026-03-24T15:00:00Z,0.696956,0.697345,0.696064,0.696500
2026-03-24T16:00:00Z,0.696374,0.697301,0.696161,0.696680
2026-03-24T17:00:00Z,0.696573,0.696573,0.693996,0.695246
2026-03-24T18:00:00Z,0.695193,0.697394,0.694835,0.696694
2026-03-24T19:00:00Z,0.697097,0.697720,0.696830,0.696884
2026-03-24T20:00:00Z,0.696976,0.700697,0.696762,0.699614
2026-03-24T21:00:00Z,0.699766,0.699810,0.698617,0.699726
2026-03-24T22:00:00Z,0.699306,0.699942,0.699257,0.699942
2026-03-24T23:00:00Z,0.699800,0.700128,0.699242,0.699741
2026-03-25T00:00:00Z,0.699350,0.700388,0.699350,0.699545
2026-03-25T01:00:00Z,0.699653,0.699815,0.698188,0.698188
2026-03-25T02:00:00Z,0.698085,0.698202,0.697219,0.697292
2026-03-25T03:00:00Z,0.697404,0.697764,0.697029,0.697700
2026-03-25T04:00:00Z,0.697822,0.698002,0.697408,0.697452
2026-03-25T05:00:00Z,0.697326,0.697744,0.697054,0.697160
2026-03-25T06:00:00Z,0.696956,0.697584,0.696811,0.697228
2026-03-25T07:00:00Z,0.697258,0.697705,0.696238,0.696723
2026-03-25T08:00:00Z,0.696529,0.698910,0.696529,0.698105
2026-03-25T09:00:00Z,0.698324,0.698446,0.696272,0.696961
2026-03-25T10:00:00Z,0.697126,0.697126,0.696030,0.696767
2026-03-25T11:00:00Z,0.696879,0.697301,0.696199,0.696714
2026-03-25T12:00:00Z,0.696947,0.697301,0.695260,0.695952
2026-03-25T13:00:00Z,0.696432,0.696728,0.694855,0.694855
2026-03-25T14:00:00Z,0.694893,0.696869,0.694884,0.696626
2026-03-25T15:00:00Z,0.696952,0.697088,0.694874,0.696151
2026-03-25T16:00:00Z,0.696136,0.696651,0.695473,0.695991
2026-03-25T17:00:00Z,0.696146,0.696869,0.695744,0.696258
2026-03-25T18:00:00Z,0.696151,0.696515,0.694652,0.695159
2026-03-25T19:00:00Z,0.694903,0.695125,0.694642,0.694893
2026-03-25T20:00:00Z,0.694942,0.694942,0.694604,0.694773
2026-03-25T21:00:00Z,0.695024,0.695111,0.694826,0.694922
2026-03-25T22:00:00Z,0.694507,0.695188,0.694155,0.694676
2026-03-25T23:00:00Z,0.694575,0.694623,0.693953,0.694334
2026-03-26T00:00:00Z,0.694334,0.694773,0.693756,0.693881
2026-03-26T01:00:00Z,0.694097,0.694551,0.693881,0.694343
2026-03-26T02:00:00Z,0.694324,0.694435,0.693289,0.693577
2026-03-26T03:00:00Z,0.693919,0.695149,0.693765,0.695086
2026-03-26T04:00:00Z,0.694985,0.695662,0.694966,0.695454
2026-03-26T05:00:00Z,0.695347,0.695599,0.694773,0.694773
2026-03-26T06:00:00Z,0.694748,0.695304,0.694285,0.695265
2026-03-26T07:00:00Z,0.694942,0.694980,0.693914,0.693914
2026-03-26T08:00:00Z,0.693890,0.694300,0.693385,0.694300
2026-03-26T09:00:00Z,0.694165,0.694425,0.693078,0.693645
2026-03-26T10:00:00Z,0.693616,0.693991,0.693270,0.693366
2026-03-26T11:00:00Z,0.693241,0.693539,0.691018,0.691018
2026-03-26T12:00:00Z,0.690937,0.691951,0.690274,0.690541
2026-03-26T13:00:00Z,0.690765,0.692866,0.690765,0.692434
2026-03-26T14:00:00Z,0.692425,0.692703,0.691118,0.691558
2026-03-26T15:00:00Z,0.691644,0.692003,0.690493,0.691147
2026-03-26T16:00:00Z,0.691157,0.691157,0.689869,0.689950
2026-03-26T17:00:00Z,0.690007,0.690150,0.688549,0.688549
2026-03-26T18:00:00Z,0.688862,0.689484,0.688634,0.689427
2026-03-26T19:00:00Z,0.689270,0.689270,0.687758,0.687758
2026-03-26T20:00:00Z,0.687607,0.691419,0.687607,0.688677
2026-03-26T21:00:00Z,0.688824,0.689370,0.688260,0.689075
2026-03-26T22:00:00Z,0.688886,0.689318,0.688696,0.689318
2026-03-26T23:00:00Z,0.689299,0.689570,0.688658,0.688658
2026-03-27T00:00:00Z,0.688928,0.689147,0.687498,0.687512
2026-03-27T01:00:00Z,0.687422,0.688876,0.687229,0.688876
2026-03-27T02:00:00Z,0.689109,0.689617,0.688876,0.689313
2026-03-27T03:00:00Z,0.689365,0.690489,0.689218,0.690489
2026-03-27T04:00:00Z,0.690584,0.691085,0.690403,0.691085
2026-03-27T05:00:00Z,0.690999,0.691214,0.689846,0.689846
2026-03-27T06:00:00Z,0.689622,0.690493,0.689551,0.690064
2026-03-27T07:00:00Z,0.690064,0.690064,0.688520,0.688980
2026-03-27T08:00:00Z,0.689308,0.689903,0.688516,0.689712
2026-03-27T09:00:00Z,0.689689,0.690117,0.688734,0.689389
2026-03-27T10:00:00Z,0.689484,0.690031,0.688914,0.689322
2026-03-27T11:00:00Z,0.689223,0.689669,0.688862,0.688862
2026-03-27T12:00:00Z,0.688639,0.688961,0.688165,0.688743
2026-03-27T13:00:00Z,0.688629,0.689574,0.687800,0.688582
2026-03-27T14:00:00Z,0.688753,0.689674,0.688606,0.688976
2026-03-27T15:00:00Z,0.689265,0.690112,0.688530,0.688938
2026-03-27T16:00:00Z,0.688786,0.689066,0.688080,0.688440
2026-03-27T17:00:00Z,0.688208,0.688440,0.686526,0.686908
2026-03-27T18:00:00Z,0.687035,0.687399,0.686606,0.687262
2026-03-27T19:00:00Z,0.687068,0.687394,0.686903,0.687380
2026-03-27T20:00:00Z,0.687465,0.687914,0.686653,0.687583
2026-03-27T21:00:00Z,0.687323,0.687323,0.687323,0.687323
2026-03-27T22:00:00Z,0.687323,0.687323,0.687323,0.687323
2026-03-29T23:00:00Z,0.685147,0.685396,0.684781,0.684828
2026-03-30T00:00:00Z,0.685152,0.685768,0.684392,0.685068
2026-03-30T01:00:00Z,0.685500,0.686201,0.684964,0.685124
2026-03-30T02:00:00Z,0.685213,0.686238,0.685176,0.685768
2026-03-30T03:00:00Z,0.685692,0.687148,0.685692,0.687044
2026-03-30T04:00:00Z,0.686964,0.687399,0.686728,0.686827
2026-03-30T05:00:00Z,0.686686,0.687247,0.686464,0.687125
2026-03-30T06:00:00Z,0.686837,0.687408,0.686299,0.686299
2026-03-30T07:00:00Z,0.686276,0.686431,0.684842,0.685133
2026-03-30T08:00:00Z,0.685100,0.685965,0.684992,0.685589
2026-03-30T09:00:00Z,0.685429,0.685692,0.684913,0.685622
2026-03-30T10:00:00Z,0.685706,0.686266,0.685594,0.685674
2026-03-30T11:00:00Z,0.685725,0.686304,0.685622,0.685979
2026-03-30T12:00:00Z,0.686017,0.686563,0.685584,0.686229
2026-03-30T13:00:00Z,0.686403,0.686403,0.684313,0.684313
2026-03-30T14:00:00Z,0.684453,0.685326,0.683392,0.685326
2026-03-30T15:00:00Z,0.685678,0.685970,0.684514,0.685838
2026-03-30T16:00:00Z,0.685763,0.685763,0.685194,0.685589
2026-03-30T17:00:00Z,0.685664,0.686083,0.685284,0.685424
2026-03-30T18:00:00Z,0.685424,0.685768,0.685180,0.685180
2026-03-30T19:00:00Z,0.685218,0.685284,0.684313,0.684927
2026-03-30T20:00:00Z,0.684960,0.685255,0.684781,0.685255
2026-03-30T21:00:00Z,0.685255,0.685439,0.684702,0.685133
2026-03-30T22:00:00Z,0.685340,0.685462,0.685072,0.685462
2026-03-30T23:00:00Z,0.685119,0.685138,0.684364,0.684364
2026-03-31T00:00:00Z,0.684510,0.686233,0.683499,0.685819
2026-03-31T01:00:00Z,0.685659,0.687233,0.685420,0.686507
2026-03-31T02:00:00Z,0.686625,0.686799,0.685937,0.686087
2026-03-31T03:00:00Z,0.685838,0.686012,0.684706,0.684932
2026-03-31T04:00:00Z,0.684932,0.685279,0.684481,0.684486
2026-03-31T05:00:00Z,0.684449,0.685575,0.683995,0.685077
2026-03-31T06:00:00Z,0.685072,0.685382,0.684556,0.685382
2026-03-31T07:00:00Z,0.685349,0.686728,0.684655,0.686450
2026-03-31T08:00:00Z,0.686719,0.686752,0.685645,0.685998
2026-03-31T09:00:00Z,0.686177,0.686615,0.685500,0.685528
2026-03-31T10:00:00Z,0.685565,0.685641,0.685105,0.685223
2026-03-31T11:00:00Z,0.685218,0.688511,0.685147,0.688203
2026-03-31T12:00:00Z,0.688359,0.688738,0.687512,0.687696
2026-03-31T13:00:00Z,0.687734,0.688478,0.687243,0.688160
2026-03-31T14:00:00Z,0.688463,0.688497,0.684430,0.684430
2026-03-31T15:00:00Z,0.684922,0.686483,0.684922,0.685359
2026-03-31T16:00:00Z,0.685298,0.688947,0.685298,0.688463
2026-03-31T17:00:00Z,0.688814,0.689793,0.688440,0.688440
2026-03-31T18:00:00Z,0.688350,0.689589,0.688350,0.689218
2026-03-31T19:00:00Z,0.689042,0.690036,0.688748,0.690017
2026-03-31T20:00:00Z,0.689964,0.690398,0.689822,0.690064
2026-03-31T21:00:00Z,0.689998,0.690222,0.689622,0.690174
2026-03-31T22:00:00Z,0.690212,0.690436,0.689826,0.690298
2026-03-31T23:00:00Z,0.690274,0.691864,0.690260,0.691864
2026-04-01T00:00:00Z,0.691773,0.692929,0.691663,0.692607
2026-04-01T01:00:00Z,0.692598,0.692636,0.691214,0.691577
2026-04-01T02:00:00Z,0.691472,0.691907,0.691324,0.691429
2026-04-01T03:00:00Z,0.691176,0.691181,0.690160,0.690412
2026-04-01T04:00:00Z,0.690441,0.690665,0.690050,0.690441
2026-04-01T05:00:00Z,0.690307,0.691510,0.690307,0.690574
2026-04-01T06:00:00Z,0.690541,0.694420,0.690474,0.694420
2026-04-01T07:00:00Z,0.694584,0.694584,0.693006,0.693097
2026-04-01T08:00:00Z,0.692732,0.695188,0.692703,0.694416
2026-04-01T09:00:00Z,0.694179,0.694444,0.693568,0.694242
2026-04-01T10:00:00Z,0.694203,0.694724,0.693958,0.694507
2026-04-01T11:00:00Z,0.694464,0.695836,0.694464,0.695705
2026-04-01T12:00:00Z,0.695575,0.695914,0.693881,0.693881
2026-04-01T13:00:00Z,0.693953,0.695347,0.693664,0.694502
2026-04-01T14:00:00Z,0.694136,0.694666,0.693626,0.694324
2026-04-01T15:00:00Z,0.694449,0.694811,0.693452,0.694464
2026-04-01T16:00:00Z,0.694416,0.694695,0.693539,0.694666
2026-04-01T17:00:00Z,0.694681,0.695072,0.693366,0.693366
2026-04-01T18:00:00Z,0.693159,0.693159,0.691391,0.691927
2026-04-01T19:00:00Z,0.691549,0.692727,0.691549,0.692339
2026-04-01T20:00:00Z,0.692396,0.692953,0.692300,0.692929
2026-04-01T21:00:00Z,0.692866,0.692967,0.692123,0.692967
2026-04-01T22:00:00Z,0.692991,0.692991,0.692257,0.692257
2026-04-01T23:00:00Z,0.692526,0.692823,0.692310,0.692315
2026-04-02T00:00:00Z,0.692329,0.693462,0.692080,0.693145
2026-04-02T01:00:00Z,0.693193,0.693193,0.688061,0.688848
2026-04-02T02:00:00Z,0.688615,0.689498,0.688198,0.688923
2026-04-02T03:00:00Z,0.688615,0.689052,0.688260,0.688260
2026-04-02T04:00:00Z,0.688317,0.688317,0.687517,0.687867
2026-04-02T05:00:00Z,0.687947,0.688037,0.686771,0.686771
2026-04-02T06:00:00Z,0.686974,0.687418,0.686639,0.687361
2026-04-02T07:00:00Z,0.687550,0.688430,0.687366,0.688430
2026-04-02T08:00:00Z,0.688539,0.688539,0.687351,0.687465
2026-04-02T09:00:00Z,0.687507,0.687829,0.686794,0.687536
2026-04-02T10:00:00Z,0.687621,0.687696,0.686464,0.686488
2026-04-02T11:00:00Z,0.686375,0.686672,0.686116,0.686582
2026-04-02T12:00:00Z,0.686686,0.688478,0.686662,0.688089
2026-04-02T13:00:00Z,0.688032,0.689517,0.687692,0.689517
2026-04-02T14:00:00Z,0.689546,0.691314,0.689085,0.691257
2026-04-02T15:00:00Z,0.691300,0.691563,0.690717,0.690913
2026-04-02T16:00:00Z,0.691028,0.691434,0.690679,0.691200
2026-04-02T17:00:00Z,0.690942,0.691510,0.690469,0.690469
2026-04-02T18:00:00Z,0.690674,0.690923,0.690384,0.690689
2026-04-02T19:00:00Z,0.690674,0.690918,0.690450,0.690655
2026-04-02T20:00:00Z,0.690627,0.691286,0.690627,0.691128
2026-04-02T21:00:00Z,0.690164,0.690942,0.689132,0.690713
2026-04-02T22:00:00Z,0.690841,0.691133,0.690841,0.691085
2026-04-02T23:00:00Z,0.691090,0.691333,0.691090,0.691109
2026-04-03T00:00:00Z,0.691200,0.691606,0.691200,0.691290
2026-04-03T01:00:00Z,0.691310,0.691362,0.690894,0.690894
2026-04-03T02:00:00Z,0.690937,0.691118,0.690574,0.690875
2026-04-03T03:00:00Z,0.690822,0.690899,0.690579,0.690641
2026-04-03T04:00:00Z,0.690703,0.690770,0.690512,0.690751
2026-04-03T05:00:00Z,0.690679,0.690841,0.690407,0.690822
2026-04-03T06:00:00Z,0.690861,0.691042,0.690632,0.690994
2026-04-03T07:00:00Z,0.691013,0.691501,0.690956,0.691032
2026-04-03T08:00:00Z,0.690894,0.690966,0.690555,0.690966
2026-04-03T09:00:00Z,0.690980,0.690980,0.690565,0.690655
2026-04-03T10:00:00Z,0.690703,0.690837,0.690403,0.690756
2026-04-03T11:00:00Z,0.690660,0.690961,0.690598,0.690861
2026-04-03T12:00:00Z,0.690832,0.690966,0.689812,0.690179
2026-04-03T13:00:00Z,0.689979,0.690589,0.689979,0.690355
2026-04-03T14:00:00Z,0.690384,0.690384,0.689379,0.689422
2026-04-03T15:00:00Z,0.689403,0.689522,0.689142,0.689384
2026-04-03T16:00:00Z,0.689289,0.689522,0.689066,0.689223
2026-04-03T17:00:00Z,0.689189,0.689446,0.688990,0.689265
2026-04-03T18:00:00Z,0.689275,0.689275,0.688947,0.688947
2026-04-03T19:00:00Z,0.688857,0.689109,0.688582,0.688582
2026-04-03T20:00:00Z,0.689037,0.689826,0.688705,0.689584
2026-04-03T21:00:00Z,0.689584,0.689584,0.689123,0.689123
2026-04-05T23:00:00Z,0.688923,0.689042,0.688473,0.688534
2026-04-06T00:00:00Z,0.688895,0.689565,0.688895,0.689565
2026-04-06T01:00:00Z,0.689593,0.689788,0.689313,0.689436
2026-04-06T02:00:00Z,0.689822,0.691525,0.689822,0.690479
2026-04-06T03:00:00Z,0.690574,0.690608,0.690245,0.690336
2026-04-06T04:00:00Z,0.690455,0.691004,0.690450,0.690956
2026-04-06T05:00:00Z,0.690932,0.691243,0.690784,0.690784
2026-04-06T06:00:00Z,0.690780,0.691419,0.690617,0.691348
2026-04-06T07:00:00Z,0.691372,0.693198,0.690966,0.692914
2026-04-06T08:00:00Z,0.693356,0.693501,0.692713,0.693121
2026-04-06T09:00:00Z,0.693207,0.693635,0.692502,0.692540
2026-04-06T10:00:00Z,0.692794,0.693159,0.692751,0.692775
2026-04-06T11:00:00Z,0.692828,0.693178,0.692329,0.692881
2026-04-06T12:00:00Z,0.692799,0.693039,0.692439,0.692828
2026-04-06T13:00:00Z,0.692775,0.693303,0.692578,0.693130
2026-04-06T14:00:00Z,0.693135,0.693424,0.692209,0.692209
2026-04-06T15:00:00Z,0.692032,0.692032,0.691214,0.691812
2026-04-06T16:00:00Z,0.691864,0.691979,0.691510,0.691639
2026-04-06T17:00:00Z,0.691329,0.691630,0.690717,0.691463
2026-04-06T18:00:00Z,0.691467,0.692363,0.691424,0.691974
2026-04-06T19:00:00Z,0.691898,0.692185,0.691783,0.691955
2026-04-06T20:00:00Z,0.692018,0.692027,0.691836,0.691836
2026-04-06T21:00:00Z,0.691716,0.692166,0.691577,0.691898
2026-04-06T22:00:00Z,0.691884,0.691912,0.691510,0.691510
2026-04-06T23:00:00Z,0.691663,0.691754,0.691458,0.691663
2026-04-07T00:00:00Z,0.691477,0.692176,0.691200,0.691200
2026-04-07T01:00:00Z,0.691114,0.691773,0.690007,0.690198
2026-04-07T02:00:00Z,0.690174,0.690932,0.689964,0.690856
2026-04-07T03:00:00Z,0.690880,0.691372,0.690808,0.691204
2026-04-07T04:00:00Z,0.691185,0.691970,0.690975,0.691764
2026-04-07T05:00:00Z,0.691639,0.691759,0.690937,0.691659
2026-04-07T06:00:00Z,0.691639,0.692104,0.691639,0.691864
2026-04-07T07:00:00Z,0.691802,0.691802,0.691080,0.691544
2026-04-07T08:00:00Z,0.691635,0.694647,0.691635,0.694647
2026-04-07T09:00:00Z,0.694425,0.694676,0.694035,0.694165
2026-04-07T10:00:00Z,0.694237,0.694237,0.692530,0.693078
2026-04-07T11:00:00Z,0.692958,0.693525,0.692785,0.693525
2026-04-07T12:00:00Z,0.693669,0.693991,0.693313,0.693784
2026-04-07T13:00:00Z,0.693736,0.693958,0.692895,0.692962
2026-04-07T14:00:00Z,0.692895,0.694932,0.692540,0.693698
2026-04-07T15:00:00Z,0.693654,0.694285,0.692818,0.694285
2026-04-07T16:00:00Z,0.694372,0.695207,0.694160,0.694705
2026-04-07T17:00:00Z,0.694661,0.695681,0.694473,0.695343
2026-04-07T18:00:00Z,0.695493,0.695696,0.694695,0.694773
2026-04-07T19:00:00Z,0.694637,0.697277,0.694628,0.697078
2026-04-07T20:00:00Z,0.697083,0.697691,0.697083,0.697691
2026-04-07T21:00:00Z,0.696927,0.697997,0.696927,0.697618
2026-04-07T22:00:00Z,0.698465,0.704677,0.698465,0.704677
2026-04-07T23:00:00Z,0.704498,0.707669,0.704498,0.707604
2026-04-08T00:00:00Z,0.707589,0.708260,0.705040,0.705323
2026-04-08T01:00:00Z,0.705657,0.707259,0.705527,0.706399
2026-04-08T02:00:00Z,0.706874,0.706999,0.705224,0.705303
2026-04-08T03:00:00Z,0.705298,0.705403,0.704409,0.705373
2026-04-08T04:00:00Z,0.705597,0.706879,0.705597,0.706714
2026-04-08T05:00:00Z,0.706734,0.708250,0.706569,0.707189
2026-04-08T06:00:00Z,0.706924,0.707975,0.706329,0.707314
2026-04-08T07:00:00Z,0.706889,0.707144,0.705726,0.706175
2026-04-08T08:00:00Z,0.705935,0.706060,0.703829,0.704384
2026-04-08T09:00:00Z,0.704573,0.704960,0.703393,0.703626
2026-04-08T10:00:00Z,0.703492,0.704364,0.703487,0.703968
2026-04-08T11:00:00Z,0.703725,0.705512,0.703685,0.705512
2026-04-08T12:00:00Z,0.705542,0.707359,0.704895,0.707259
2026-04-08T13:00:00Z,0.707299,0.707659,0.705064,0.705298
2026-04-08T14:00:00Z,0.705801,0.705931,0.704746,0.705846
2026-04-08T15:00:00Z,0.705856,0.706324,0.705144,0.706185
2026-04-08T16:00:00Z,0.706080,0.706190,0.705238,0.706020
2026-04-08T17:00:00Z,0.706165,0.706250,0.704796,0.705214
2026-04-08T18:00:00Z,0.705273,0.705791,0.703299,0.703299
2026-04-08T19:00:00Z,0.703077,0.705418,0.703042,0.705418
2026-04-08T20:00:00Z,0.705368,0.705368,0.704399,0.704399
2026-04-08T21:00:00Z,0.704290,0.704955,0.704012,0.704806
2026-04-08T22:00:00Z,0.704647,0.704761,0.704364,0.704677
2026-04-08T23:00:00Z,0.704647,0.704776,0.703958,0.703958
2026-04-09T00:00:00Z,0.703829,0.703834,0.703101,0.703660
2026-04-09T01:00:00Z,0.703655,0.703655,0.702652,0.703423
2026-04-09T02:00:00Z,0.703383,0.704072,0.703037,0.703918
2026-04-09T03:00:00Z,0.703789,0.704166,0.703665,0.704106
2026-04-09T04:00:00Z,0.704082,0.704632,0.704082,0.704116
2026-04-09T05:00:00Z,0.704245,0.704409,0.703448,0.703448
2026-04-09T06:00:00Z,0.703542,0.704017,0.703314,0.704017
2026-04-09T07:00:00Z,0.704012,0.704012,0.702751,0.702914
2026-04-09T08:00:00Z,0.702973,0.703082,0.702361,0.702775
2026-04-09T09:00:00Z,0.702489,0.703334,0.702430,0.703334
2026-04-09T10:00:00Z,0.703304,0.703453,0.703052,0.703195
2026-04-09T11:00:00Z,0.703106,0.704548,0.703037,0.704548
2026-04-09T12:00:00Z,0.704593,0.704593,0.703556,0.704042
2026-04-09T13:00:00Z,0.704101,0.705736,0.704101,0.705154
2026-04-09T14:00:00Z,0.705149,0.706070,0.704682,0.706070
2026-04-09T15:00:00Z,0.706040,0.708441,0.705512,0.708441
2026-04-09T16:00:00Z,0.708582,0.709190,0.708582,0.708582
2026-04-09T17:00:00Z,0.708582,0.709466,0.708582,0.708994
2026-04-09T18:00:00Z,0.708984,0.708984,0.707499,0.707950
2026-04-09T19:00:00Z,0.707859,0.708667,0.707859,0.708526
2026-04-09T20:00:00Z,0.708456,0.708582,0.708306,0.708366
2026-04-09T21:00:00Z,0.707744,0.708722,0.707744,0.708311
2026-04-09T22:00:00Z,0.708521,0.708577,0.707924,0.707940
2026-04-09T23:00:00Z,0.707970,0.708025,0.707489,0.707489
2026-04-10T00:00:00Z,0.707349,0.707504,0.707109,0.707489
2026-04-10T01:00:00Z,0.707514,0.708286,0.707354,0.707624
2026-04-10T02:00:00Z,0.707569,0.707789,0.706909,0.706929
2026-04-10T03:00:00Z,0.707119,0.707124,0.706764,0.706969
2026-04-10T04:00:00Z,0.707144,0.707144,0.706589,0.706724
2026-04-10T05:00:00Z,0.706729,0.707114,0.706524,0.707114
2026-04-10T06:00:00Z,0.707114,0.707269,0.706230,0.706319
2026-04-10T07:00:00Z,0.706105,0.706499,0.705428,0.705428
2026-04-10T08:00:00Z,0.705582,0.706434,0.705502,0.705921
2026-04-10T09:00:00Z,0.705801,0.706824,0.705801,0.706744
2026-04-10T10:00:00Z,0.706799,0.706919,0.706389,0.706874
2026-04-10T11:00:00Z,0.706784,0.707269,0.706784,0.707224
2026-04-10T12:00:00Z,0.707294,0.708145,0.707219,0.707569
2026-04-10T13:00:00Z,0.707644,0.708712,0.707544,0.707824
2026-04-10T14:00:00Z,0.707894,0.709255,0.707844,0.708406
2026-04-10T15:00:00Z,0.708281,0.708697,0.707619,0.707634
2026-04-10T16:00:00Z,0.707594,0.707594,0.706574,0.707219
2026-04-10T17:00:00Z,0.707094,0.707669,0.706914,0.707459
2026-04-10T18:00:00Z,0.707349,0.708160,0.707034,0.707924
2026-04-10T19:00:00Z,0.708015,0.708015,0.707739,0.707794
2026-04-10T20:00:00Z,0.707724,0.707824,0.706255,0.706255
2026-04-10T21:00:00Z,0.706225,0.706225,0.706225,0.706225
2026-04-12T23:00:00Z,0.702045,0.702109,0.701321,0.701823
2026-04-13T00:00:00Z,0.702030,0.703240,0.701779,0.703240
2026-04-13T01:00:00Z,0.703586,0.704042,0.702884,0.703433
2026-04-13T02:00:00Z,0.703403,0.703814,0.703220,0.703428
2026-04-13T03:00:00Z,0.703844,0.703844,0.703354,0.703819
2026-04-13T04:00:00Z,0.703913,0.704062,0.703745,0.703829
2026-04-13T05:00:00Z,0.703769,0.704315,0.703532,0.704022
2026-04-13T06:00:00Z,0.703958,0.704384,0.703958,0.704354
2026-04-13T07:00:00Z,0.704558,0.705821,0.704558,0.705403
2026-04-13T08:00:00Z,0.705617,0.705751,0.705199,0.705229
2026-04-13T09:00:00Z,0.705303,0.705338,0.704558,0.704607
2026-04-13T10:00:00Z,0.704697,0.705074,0.704538,0.704915
2026-04-13T11:00:00Z,0.705209,0.705477,0.703641,0.703789
2026-04-13T12:00:00Z,0.703453,0.704488,0.703077,0.704488
2026-04-13T13:00:00Z,0.704439,0.705856,0.704399,0.705652
2026-04-13T14:00:00Z,0.705826,0.706754,0.705801,0.706644
2026-04-13T15:00:00Z,0.706484,0.706484,0.705662,0.706100
2026-04-13T16:00:00Z,0.706260,0.708255,0.705826,0.708070
2026-04-13T17:00:00Z,0.708150,0.709069,0.708150,0.708923
2026-04-13T18:00:00Z,0.708908,0.709985,0.708858,0.709970
2026-04-13T19:00:00Z,0.710015,0.710015,0.709492,0.709774
2026-04-13T20:00:00Z,0.709738,0.709900,0.709628,0.709688
2026-04-13T21:00:00Z,0.709421,0.709844,0.709240,0.709522
2026-04-13T22:00:00Z,0.709461,0.710131,0.709461,0.710081
2026-04-13T23:00:00Z,0.710066,0.710278,0.709789,0.709945
2026-04-14T00:00:00Z,0.709930,0.709930,0.708762,0.708873
2026-04-14T01:00:00Z,0.709049,0.709119,0.707914,0.707914
2026-04-14T02:00:00Z,0.708005,0.708521,0.707929,0.708170
2026-04-14T03:00:00Z,0.708210,0.708712,0.708210,0.708572
2026-04-14T04:00:00Z,0.708506,0.709029,0.708451,0.708702
2026-04-14T05:00:00Z,0.708838,0.708848,0.707924,0.708240
2026-04-14T06:00:00Z,0.708240,0.709356,0.707819,0.709356
2026-04-14T07:00:00Z,0.709336,0.710404,0.709336,0.709733
2026-04-14T08:00:00Z,0.709638,0.710717,0.709517,0.710298
2026-04-14T09:00:00Z,0.710464,0.711399,0.710454,0.711334
2026-04-14T10:00:00Z,0.711389,0.712170,0.711389,0.712109
2026-04-14T11:00:00Z,0.711901,0.712911,0.711901,0.712911
2026-04-14T12:00:00Z,0.712550,0.713440,0.712124,0.713379
2026-04-14T13:00:00Z,0.713577,0.713893,0.713063,0.713598
2026-04-14T14:00:00Z,0.713837,0.714791,0.713735,0.714265
2026-04-14T15:00:00Z,0.714255,0.714255,0.713257,0.713287
2026-04-14T16:00:00Z,0.713068,0.713180,0.712860,0.712972
2026-04-14T17:00:00Z,0.712931,0.713531,0.712824,0.713287
2026-04-14T18:00:00Z,0.713333,0.713333,0.712626,0.712723
2026-04-14T19:00:00Z,0.712708,0.712870,0.712565,0.712652
2026-04-14T20:00:00Z,0.712677,0.712784,0.712642,0.712642
2026-04-14T21:00:00Z,0.712454,0.712702,0.711536,0.712692
2026-04-14T22:00:00Z,0.712596,0.712865,0.712596,0.712865
2026-04-14T23:00:00Z,0.712860,0.713262,0.712829,0.712829
2026-04-15T00:00:00Z,0.712880,0.712880,0.712388,0.712494
2026-04-15T01:00:00Z,0.712581,0.712891,0.712393,0.712733
2026-04-15T02:00:00Z,0.712728,0.713048,0.712398,0.712951
2026-04-15T03:00:00Z,0.712972,0.713282,0.712748,0.713140
2026-04-15T04:00:00Z,0.713063,0.713379,0.713058,0.713302
2026-04-15T05:00:00Z,0.713323,0.714357,0.713323,0.713679
2026-04-15T06:00:00Z,0.713924,0.714291,0.713725,0.713975
2026-04-15T07:00:00Z,0.713776,0.714832,0.713776,0.714199
2026-04-15T08:00:00Z,0.714342,0.714720,0.714153,0.714398
2026-04-15T09:00:00Z,0.714418,0.714566,0.713414,0.714168
2026-04-15T10:00:00Z,0.714398,0.714812,0.713221,0.713827
2026-04-15T11:00:00Z,0.713791,0.714128,0.713633,0.714000
2026-04-15T12:00:00Z,0.714051,0.714072,0.713465,0.714005
2026-04-15T13:00:00Z,0.713964,0.714878,0.713964,0.714408
2026-04-15T14:00:00Z,0.714648,0.716266,0.714597,0.715625
2026-04-15T15:00:00Z,0.715610,0.716666,0.715569,0.716132
2026-04-15T16:00:00Z,0.716035,0.716836,0.716035,0.716584
2026-04-15T17:00:00Z,0.716681,0.716794,0.716189,0.716517
2026-04-15T18:00:00Z,0.716512,0.717499,0.716512,0.717448
2026-04-15T19:00:00Z,0.717479,0.717762,0.717293,0.717504
2026-04-15T20:00:00Z,0.717427,0.717427,0.716985,0.717175
2026-04-15T21:00:00Z,0.717087,0.717386,0.716625,0.716923
2026-04-15T22:00:00Z,0.717206,0.717381,0.717175,0.717319
2026-04-15T23:00:00Z,0.717314,0.717618,0.717113,0.717582
2026-04-16T00:00:00Z,0.717628,0.717736,0.717077,0.717664
2026-04-16T01:00:00Z,0.717618,0.717880,0.716379,0.717860
2026-04-16T02:00:00Z,0.717782,0.719274,0.717582,0.718928
2026-04-16T03:00:00Z,0.718959,0.719502,0.718954,0.719305
2026-04-16T04:00:00Z,0.719243,0.719554,0.718845,0.719005
2026-04-16T05:00:00Z,0.718897,0.719073,0.718448,0.718923
2026-04-16T06:00:00Z,0.718835,0.719005,0.717860,0.718695
2026-04-16T07:00:00Z,0.718897,0.719052,0.718350,0.718432
2026-04-16T08:00:00Z,0.718401,0.718401,0.717000,0.717504
2026-04-16T09:00:00Z,0.717417,0.717535,0.716681,0.716897
2026-04-16T10:00:00Z,0.716933,0.717057,0.716486,0.716717
2026-04-16T11:00:00Z,0.716753,0.717386,0.716753,0.717381
2026-04-16T12:00:00Z,0.717406,0.717509,0.716687,0.717293
2026-04-16T13:00:00Z,0.717267,0.717731,0.716810,0.716810
2026-04-16T14:00:00Z,0.717262,0.717736,0.716266,0.716266
2026-04-16T15:00:00Z,0.716286,0.717129,0.716153,0.716861
2026-04-16T16:00:00Z,0.716980,0.717499,0.715563,0.715692
2026-04-16T17:00:00Z,0.715917,0.715917,0.715323,0.715538
2026-04-16T18:00:00Z,0.715661,0.716066,0.715574,0.715712
2026-04-16T19:00:00Z,0.715774,0.716358,0.715774,0.716209
2026-04-16T20:00:00Z,0.716163,0.716353,0.715968,0.716168
2026-04-16T21:00:00Z,0.716132,0.716373,0.715722,0.716066
2026-04-16T22:00:00Z,0.716025,0.716327,0.716025,0.716327
2026-04-16T23:00:00Z,0.716266,0.716512,0.715963,0.715973
2026-04-17T00:00:00Z,0.715861,0.716440,0.715471,0.716148
2026-04-17T01:00:00Z,0.716158,0.716512,0.715984,0.716307
2026-04-17T02:00:00Z,0.716235,0.716363,0.716102,0.716220
2026-04-17T03:00:00Z,0.716276,0.716676,0.716030,0.716676
2026-04-17T04:00:00Z,0.716538,0.716959,0.716502,0.716892
2026-04-17T05:00:00Z,0.716866,0.717082,0.716666,0.716944
2026-04-17T06:00:00Z,0.716759,0.716974,0.716240,0.716240
2026-04-17T07:00:00Z,0.716312,0.717175,0.716194,0.717175
2026-04-17T08:00:00Z,0.717293,0.718040,0.716964,0.718040
2026-04-17T09:00:00Z,0.717983,0.718195,0.717180,0.717242
2026-04-17T10:00:00Z,0.717216,0.717484,0.717113,0.717129
2026-04-17T11:00:00Z,0.717108,0.717576,0.716769,0.717262
2026-04-17T12:00:00Z,0.717324,0.721007,0.717278,0.721007
2026-04-17T13:00:00Z,0.721235,0.722147,0.720560,0.721438
2026-04-17T14:00:00Z,0.721100,0.721319,0.720191,0.720274
2026-04-17T15:00:00Z,0.720155,0.720155,0.718597,0.719181
2026-04-17T16:00:00Z,0.719052,0.719280,0.718680,0.718861
2026-04-17T17:00:00Z,0.718845,0.718845,0.717952,0.718675
2026-04-17T18:00:00Z,0.718628,0.718628,0.717129,0.717288
2026-04-17T19:00:00Z,0.717370,0.717715,0.717016,0.717072
2026-04-17T20:00:00Z,0.717087,0.717293,0.716707,0.716959
2026-04-17T21:00:00Z,0.717036,0.717036,0.716825,0.716825
2026-04-19T23:00:00Z,0.714184,0.714434,0.713170,0.713343
2026-04-20T00:00:00Z,0.713267,0.714960,0.713267,0.714960
2026-04-20T01:00:00Z,0.715149,0.715410,0.714740,0.714939
2026-04-20T02:00:00Z,0.714842,0.715717,0.714740,0.715482
2026-04-20T03:00:00Z,0.715328,0.715784,0.715328,0.715400
2026-04-20T04:00:00Z,0.715384,0.715712,0.715221,0.715640
2026-04-20T05:00:00Z,0.715594,0.715625,0.714296,0.714898
2026-04-20T06:00:00Z,0.714873,0.714924,0.714526,0.714643
2026-04-20T09:00:00Z,0.715369,0.715712,0.715369,0.715712
2026-04-20T10:00:00Z,0.715702,0.716050,0.715471,0.715656
2026-04-20T11:00:00Z,0.715712,0.716368,0.715343,0.716153
2026-04-20T12:00:00Z,0.716107,0.716112,0.715538,0.715774
2026-04-20T13:00:00Z,0.715635,0.717026,0.715594,0.716872
2026-04-20T14:00:00Z,0.716676,0.716985,0.716081,0.716081
2026-04-20T15:00:00Z,0.716389,0.717602,0.715963,0.717376
2026-04-20T16:00:00Z,0.717520,0.717638,0.717000,0.717237
2026-04-20T17:00:00Z,0.717381,0.717432,0.717113,0.717427
2026-04-20T18:00:00Z,0.717484,0.717937,0.717484,0.717520
2026-04-20T19:00:00Z,0.717674,0.718014,0.717669,0.717947
2026-04-20T20:00:00Z,0.717891,0.718009,0.717751,0.717906
2026-04-20T21:00:00Z,0.717525,0.717793,0.717525,0.717643
2026-04-20T22:00:00Z,0.717958,0.718148,0.717782,0.718148
2026-04-20T23:00:00Z,0.718200,0.718200,0.717401,0.717422
2026-04-21T00:00:00Z,0.717556,0.717684,0.716985,0.717360
2026-04-21T01:00:00Z,0.717350,0.718148,0.717324,0.717566
2026-04-21T02:00:00Z,0.717561,0.717659,0.717067,0.717324
2026-04-21T03:00:00Z,0.717360,0.717360,0.716558,0.716656
2026-04-21T04:00:00Z,0.716702,0.716774,0.716589,0.716728
2026-04-21T05:00:00Z,0.716728,0.717283,0.716723,0.716743
2026-04-21T06:00:00Z,0.716630,0.716630,0.716178,0.716425
2026-04-21T07:00:00Z,0.716404,0.716404,0.715645,0.715645
2026-04-21T08:00:00Z,0.715267,0.715702,0.714449,0.715615
2026-04-21T09:00:00Z,0.715548,0.715548,0.714955,0.715389
2026-04-21T10:00:00Z,0.715190,0.715902,0.715190,0.715881
2026-04-21T11:00:00Z,0.715840,0.716574,0.715697,0.716574
2026-04-21T12:00:00Z,0.716517,0.716558,0.715461,0.715886
2026-04-21T13:00:00Z,0.716081,0.717545,0.716045,0.717545
2026-04-21T14:00:00Z,0.717504,0.718257,0.716671,0.716671
2026-04-21T15:00:00Z,0.716533,0.717170,0.715461,0.716291
2026-04-21T16:00:00Z,0.716368,0.716579,0.715113,0.715205
2026-04-21T17:00:00Z,0.715083,0.716107,0.713104,0.715129
2026-04-21T18:00:00Z,0.715436,0.715436,0.714337,0.715072
2026-04-21T19:00:00Z,0.715369,0.716173,0.713196,0.713516
2026-04-21T20:00:00Z,0.713618,0.716178,0.713521,0.715384
2026-04-21T21:00:00Z,0.715047,0.715374,0.714776,0.715159
2026-04-21T22:00:00Z,0.715359,0.715507,0.715175,0.715180
2026-04-21T23:00:00Z,0.715180,0.715748,0.715159,0.715661
2026-04-22T00:00:00Z,0.715866,0.716384,0.715671,0.716286
2026-04-22T01:00:00Z,0.716240,0.716348,0.715727,0.715861
2026-04-22T02:00:00Z,0.715963,0.716384,0.715579,0.715579
2026-04-22T03:00:00Z,0.715487,0.716040,0.715487,0.715630
2026-04-22T04:00:00Z,0.715538,0.716025,0.715538,0.715604
2026-04-22T05:00:00Z,0.715881,0.717262,0.715876,0.717108
2026-04-22T06:00:00Z,0.716954,0.717304,0.716604,0.717010
2026-04-22T07:00:00Z,0.716969,0.716969,0.716189,0.716908
2026-04-22T08:00:00Z,0.717077,0.717257,0.716317,0.716512
2026-04-22T09:00:00Z,0.716517,0.716805,0.716025,0.716117
2026-04-22T10:00:00Z,0.716168,0.716435,0.715820,0.716235
2026-04-22T11:00:00Z,0.716163,0.716250,0.715118,0.715118
2026-04-22T12:00:00Z,0.715364,0.715707,0.714745,0.714929
2026-04-22T13:00:00Z,0.714837,0.716512,0.714745,0.716512
2026-04-22T14:00:00Z,0.716692,0.716933,0.715953,0.715953
2026-04-22T15:00:00Z,0.716014,0.716384,0.715707,0.716117
2026-04-22T16:00:00Z,0.716137,0.716220,0.715656,0.715799
2026-04-22T17:00:00Z,0.715758,0.716533,0.715758,0.716214
2026-04-22T18:00:00Z,0.716040,0.716240,0.715748,0.715958
2026-04-22T19:00:00Z,0.715830,0.716132,0.715702,0.715907
2026-04-22T20:00:00Z,0.715917,0.716148,0.715779,0.716148
2026-04-22T21:00:00Z,0.715727,0.716153,0.715676,0.716025
2026-04-22T22:00:00Z,0.716055,0.716055,0.715748,0.715850
2026-04-22T23:00:00Z,0.715815,0.715979,0.715722,0.715768
2026-04-23T00:00:00Z,0.715727,0.716543,0.713725,0.716358
2026-04-23T01:00:00Z,0.716184,0.716184,0.715328,0.715676
2026-04-23T02:00:00Z,0.715697,0.715697,0.714424,0.714699
2026-04-23T03:00:00Z,0.714439,0.714822,0.713898,0.714051
2026-04-23T04:00:00Z,0.714179,0.714837,0.713964,0.714837
2026-04-23T05:00:00Z,0.714781,0.715502,0.714776,0.715405
2026-04-23T06:00:00Z,0.715553,0.715553,0.715093,0.715236
2026-04-23T07:00:00Z,0.715185,0.715702,0.714914,0.715692
2026-04-23T08:00:00Z,0.715794,0.715794,0.715134,0.715487
2026-04-23T09:00:00Z,0.715338,0.715338,0.714684,0.714740
2026-04-23T10:00:00Z,0.714832,0.714832,0.713414,0.713776
2026-04-23T11:00:00Z,0.713740,0.715338,0.713521,0.715226
2026-04-23T12:00:00Z,0.715057,0.715415,0.714173,0.714679
2026-04-23T13:00:00Z,0.714730,0.715169,0.714005,0.714965
2026-04-23T14:00:00Z,0.714531,0.716255,0.714362,0.716061
2026-04-23T15:00:00Z,0.716148,0.716312,0.715185,0.715666
2026-04-23T16:00:00Z,0.715563,0.715727,0.715277,0.715410
2026-04-23T17:00:00Z,0.715584,0.715584,0.711283,0.713878
2026-04-23T18:00:00Z,0.714459,0.714893,0.713842,0.713842
2026-04-23T19:00:00Z,0.713628,0.713628,0.713018,0.713409
2026-04-23T20:00:00Z,0.713236,0.713262,0.712504,0.712901
2026-04-23T21:00:00Z,0.713353,0.713537,0.712652,0.713201
2026-04-23T22:00:00Z,0.713165,0.713363,0.712957,0.713297
2026-04-23T23:00:00Z,0.713358,0.713358,0.712926,0.712926
2026-04-24T00:00:00Z,0.712987,0.713516,0.712829,0.713185
2026-04-24T01:00:00Z,0.713328,0.713547,0.712860,0.713323
2026-04-24T02:00:00Z,0.713180,0.713180,0.712134,0.712134
2026-04-24T03:00:00Z,0.712327,0.712327,0.711577,0.711972
2026-04-24T04:00:00Z,0.711845,0.712687,0.711764,0.712474
2026-04-24T05:00:00Z,0.712520,0.712906,0.712175,0.712708
2026-04-24T06:00:00Z,0.712758,0.712992,0.712124,0.712474
2026-04-24T07:00:00Z,0.712286,0.713414,0.712088,0.713414
2026-04-24T08:00:00Z,0.713384,0.713618,0.712829,0.713114
2026-04-24T09:00:00Z,0.713287,0.713333,0.712779,0.713068
2026-04-24T10:00:00Z,0.713063,0.713654,0.712896,0.713435
2026-04-24T11:00:00Z,0.713496,0.715098,0.713430,0.714424
2026-04-24T12:00:00Z,0.714597,0.714684,0.713246,0.713557
2026-04-24T13:00:00Z,0.713633,0.713735,0.712728,0.713333
2026-04-24T14:00:00Z,0.713496,0.714434,0.713307,0.713995
2026-04-24T15:00:00Z,0.713970,0.715374,0.713740,0.715262
2026-04-24T16:00:00Z,0.715267,0.715267,0.714663,0.715154
2026-04-24T17:00:00Z,0.715236,0.715328,0.714965,0.715026
2026-04-24T18:00:00Z,0.714878,0.715256,0.714709,0.715200
2026-04-24T19:00:00Z,0.715149,0.715374,0.715062,0.715164
2026-04-24T20:00:00Z,0.715169,0.715313,0.714919,0.714919
2026-04-24T21:00:00Z,0.715077,0.715077,0.715077,0.715077
2026-04-26T23:00:00Z,0.714796,0.714898,0.714541,0.714541
2026-04-27T00:00:00Z,0.714745,0.715922,0.714694,0.715922
2026-04-27T01:00:00Z,0.716743,0.717154,0.716178,0.716897
2026-04-27T02:00:00Z,0.717000,0.717618,0.716846,0.717618
2026-04-27T03:00:00Z,0.717566,0.717927,0.717566,0.717669
2026-04-27T04:00:00Z,0.717618,0.717721,0.717000,0.717103
2026-04-27T05:00:00Z,0.717051,0.717103,0.716743,0.716743
2026-04-27T06:00:00Z,0.716538,0.716794,0.716076,0.716743
2026-04-27T07:00:00Z,0.716897,0.718081,0.716897,0.718081
2026-04-27T08:00:00Z,0.717978,0.719217,0.717875,0.719062
2026-04-27T09:00:00Z,0.719114,0.719217,0.718597,0.718752
2026-04-27T10:00:00Z,0.718804,0.719114,0.718649,0.719011
2026-04-27T11:00:00Z,0.718907,0.718959,0.718546,0.718752
2026-04-27T12:00:00Z,0.718856,0.719787,0.718856,0.718907
2026-04-27T13:00:00Z,0.719011,0.719683,0.718701,0.719011
2026-04-27T14:00:00Z,0.719011,0.720098,0.719011,0.719476
2026-04-27T15:00:00Z,0.719528,0.719580,0.719011,0.719424
2026-04-27T16:00:00Z,0.719424,0.719632,0.719114,0.719269
2026-04-27T17:00:00Z,0.719269,0.719632,0.718804,0.719217
2026-04-27T18:00:00Z,0.719114,0.719269,0.718804,0.718804
2026-04-27T19:00:00Z,0.718959,0.719166,0.718856,0.718959
2026-04-27T20:00:00Z,0.718856,0.719011,0.718804,0.718856
2026-04-27T21:00:00Z,0.718494,0.718959,0.718494,0.718856
2026-04-27T22:00:00Z,0.718907,0.719114,0.718804,0.718959
2026-04-27T23:00:00Z,0.718959,0.719269,0.718907,0.719269
2026-04-28T00:00:00Z,0.719269,0.719735,0.719062,0.719476
2026-04-28T01:00:00Z,0.719166,0.719166,0.718133,0.718133
2026-04-28T02:00:00Z,0.717978,0.718339,0.717772,0.718030
2026-04-28T03:00:00Z,0.718030,0.718752,0.717978,0.718752
2026-04-28T04:00:00Z,0.718701,0.718856,0.718494,0.718494
2026-04-28T05:00:00Z,0.718546,0.718597,0.717669,0.717927
2026-04-28T06:00:00Z,0.717515,0.717978,0.716538,0.716846
2026-04-28T07:00:00Z,0.716692,0.718184,0.716692,0.718133
2026-04-28T08:00:00Z,0.717772,0.718339,0.717412,0.718081
2026-04-28T09:00:00Z,0.717772,0.718030,0.717103,0.717721
2026-04-28T10:00:00Z,0.717772,0.717824,0.716640,0.716692
2026-04-28T11:00:00Z,0.716897,0.716897,0.715512,0.715615
2026-04-28T12:00:00Z,0.715410,0.716743,0.715410,0.716743
2026-04-28T13:00:00Z,0.716743,0.717669,0.716435,0.717309
2026-04-28T14:00:00Z,0.717154,0.717772,0.716538,0.716743
2026-04-28T15:00:00Z,0.717206,0.718288,0.717103,0.718288
2026-04-28T16:00:00Z,0.718236,0.718391,0.717875,0.718339
2026-04-28T17:00:00Z,0.718391,0.718804,0.718030,0.718649
2026-04-28T18:00:00Z,0.718804,0.718856,0.718546,0.718597
2026-04-28T19:00:00Z,0.718701,0.718804,0.718184,0.718236
2026-04-28T20:00:00Z,0.718339,0.718546,0.718339,0.718442
2026-04-28T21:00:00Z,0.717772,0.718546,0.717772,0.718339
2026-04-28T22:00:00Z,0.718546,0.718649,0.718442,0.718442
2026-04-28T23:00:00Z,0.718494,0.718907,0.718494,0.718907
2026-04-29T00:00:00Z,0.719114,0.719166,0.718804,0.718856
2026-04-29T01:00:00Z,0.718494,0.718494,0.717000,0.717206
2026-04-29T02:00:00Z,0.717566,0.717824,0.716281,0.716281
2026-04-29T03:00:00Z,0.716486,0.716794,0.716384,0.716384
2026-04-29T04:00:00Z,0.716538,0.716692,0.716281,0.716589
2026-04-29T05:00:00Z,0.716538,0.716640,0.716281,0.716384
2026-04-29T06:00:00Z,0.716538,0.716538,0.715820,0.716281
2026-04-29T07:00:00Z,0.715973,0.716794,0.715973,0.716640
2026-04-29T08:00:00Z,0.716640,0.716640,0.715871,0.715871
2026-04-29T09:00:00Z,0.715717,0.715922,0.715256,0.715308
2026-04-29T10:00:00Z,0.715410,0.716281,0.715410,0.716076
2026-04-29T11:00:00Z,0.716127,0.716281,0.715973,0.716076
2026-04-29T12:00:00Z,0.716076,0.716846,0.715768,0.715820
2026-04-29T13:00:00Z,0.715973,0.716127,0.713012,0.713165
2026-04-29T14:00:00Z,0.712962,0.714643,0.712758,0.714388
2026-04-29T15:00:00Z,0.714439,0.714439,0.712657,0.713165
2026-04-29T16:00:00Z,0.713369,0.713827,0.712860,0.712860
2026-04-29T17:00:00Z,0.712911,0.713572,0.712708,0.713470
2026-04-29T18:00:00Z,0.712962,0.712962,0.710581,0.711541
2026-04-29T19:00:00Z,0.711693,0.712149,0.710985,0.711896
2026-04-29T20:00:00Z,0.711896,0.712200,0.711541,0.711845
2026-04-29T21:00:00Z,0.711642,0.711997,0.711541,0.711744
2026-04-29T22:00:00Z,0.711794,0.712403,0.711744,0.712200
2026-04-29T23:00:00Z,0.712099,0.713063,0.712099,0.713063
2026-04-30T00:00:00Z,0.713114,0.713165,0.712454,0.712454
2026-04-30T01:00:00Z,0.712504,0.712962,0.712099,0.712860
2026-04-30T02:00:00Z,0.712809,0.713114,0.712200,0.712962
2026-04-30T03:00:00Z,0.713012,0.713267,0.712809,0.712860
2026-04-30T04:00:00Z,0.712708,0.712708,0.711845,0.711845
2026-04-30T05:00:00Z,0.712149,0.712555,0.711491,0.711541
2026-04-30T06:00:00Z,0.711339,0.712454,0.711339,0.711946
2026-04-30T07:00:00Z,0.712251,0.713216,0.712251,0.712911
2026-04-30T08:00:00Z,0.713267,0.714184,0.713114,0.713114
2026-04-30T09:00:00Z,0.713318,0.714898,0.713165,0.714847
2026-04-30T10:00:00Z,0.714847,0.715922,0.714439,0.715922
2026-04-30T11:00:00Z,0.716178,0.716897,0.715615,0.715615
2026-04-30T12:00:00Z,0.715871,0.715871,0.714796,0.715410
2026-04-30T13:00:00Z,0.715308,0.716897,0.715308,0.716640
2026-04-30T14:00:00Z,0.716640,0.719269,0.716640,0.719269
2026-04-30T15:00:00Z,0.719321,0.719321,0.718546,0.718597
2026-04-30T16:00:00Z,0.718597,0.719217,0.718133,0.718494
2026-04-30T17:00:00Z,0.718752,0.718907,0.718391,0.718701
2026-04-30T18:00:00Z,0.718959,0.720305,0.718959,0.720098
2026-04-30T19:00:00Z,0.720357,0.720461,0.720046,0.720150
2026-04-30T20:00:00Z,0.720254,0.720513,0.719891,0.720409
2026-04-30T21:00:00Z,0.719942,0.720357,0.719942,0.720254
2026-04-30T22:00:00Z,0.720409,0.720461,0.720150,0.720202
2026-04-30T23:00:00Z,0.720254,0.720721,0.720254,0.720409
2026-05-01T00:00:00Z,0.720357,0.720409,0.719891,0.720305
2026-05-01T01:00:00Z,0.720305,0.720513,0.719942,0.720461
2026-05-01T02:00:00Z,0.720409,0.720721,0.719891,0.720202
2026-05-01T03:00:00Z,0.720202,0.720513,0.719787,0.719787
2026-05-01T04:00:00Z,0.719839,0.719839,0.719269,0.719373
2026-05-01T05:00:00Z,0.719424,0.719632,0.719166,0.719166
2026-05-01T06:00:00Z,0.719373,0.720046,0.718959,0.719839
2026-05-01T07:00:00Z,0.719787,0.720461,0.719632,0.719735
2026-05-01T08:00:00Z,0.719839,0.720098,0.719424,0.719683
2026-05-01T09:00:00Z,0.719683,0.719787,0.718804,0.718804
2026-05-01T10:00:00Z,0.718804,0.719424,0.718804,0.719269
2026-05-01T11:00:00Z,0.719373,0.720202,0.719321,0.719891
2026-05-01T12:00:00Z,0.719839,0.721084,0.719839,0.720617
2026-05-01T13:00:00Z,0.720617,0.721501,0.720305,0.721501
2026-05-01T14:00:00Z,0.721917,0.722909,0.721761,0.722022
2026-05-01T15:00:00Z,0.721865,0.722543,0.721813,0.722126
2026-05-01T16:00:00Z,0.722022,0.722335,0.721397,0.721553
2026-05-01T17:00:00Z,0.721501,0.721761,0.721033,0.721293
2026-05-01T18:00:00Z,0.721293,0.721345,0.720617,0.721241
2026-05-01T19:00:00Z,0.721241,0.721241,0.720773,0.720825
2026-05-01T20:00:00Z,0.720825,0.720877,0.720150,0.720305
2026-05-01T21:00:00Z,0.720825,0.720825,0.720825,0.720825
2026-05-04T04:00:00Z,0.721188,0.721188,0.720981,0.721033
2026-05-04T05:00:00Z,0.721033,0.721084,0.720617,0.721033
2026-05-04T06:00:00Z,0.720981,0.721137,0.719787,0.720150
2026-05-04T07:00:00Z,0.720046,0.720046,0.719217,0.719528
2026-05-04T08:00:00Z,0.719217,0.720046,0.719114,0.719839
2026-05-04T09:00:00Z,0.719735,0.720202,0.719735,0.719942
2026-05-04T10:00:00Z,0.719891,0.719891,0.717206,0.718752
2026-05-04T11:00:00Z,0.719011,0.719011,0.717927,0.718133
2026-05-04T12:00:00Z,0.718133,0.719373,0.718133,0.719321
2026-05-04T13:00:00Z,0.718236,0.719217,0.718236,0.718856
2026-05-04T14:00:00Z,0.718856,0.719373,0.718597,0.719062
2026-05-04T15:00:00Z,0.718856,0.718959,0.716743,0.716949
2026-05-04T16:00:00Z,0.716846,0.716897,0.715615,0.716076
2026-05-04T17:00:00Z,0.716025,0.717463,0.716025,0.717206
2026-05-04T18:00:00Z,0.717154,0.717515,0.716897,0.717206
2026-05-04T19:00:00Z,0.717360,0.717669,0.717103,0.717463
2026-05-04T20:00:00Z,0.717360,0.717360,0.716743,0.716949
2026-05-04T21:00:00Z,0.717309,0.717309,0.716897,0.717000
2026-05-04T22:00:00Z,0.717103,0.717103,0.716897,0.717000
2026-05-04T23:00:00Z,0.717000,0.717103,0.717000,0.717000
2026-05-05T00:00:00Z,0.717000,0.717360,0.716127,0.716332
2026-05-05T01:00:00Z,0.716076,0.716178,0.715615,0.715922
2026-05-05T02:00:00Z,0.716025,0.716692,0.716025,0.716281
2026-05-05T03:00:00Z,0.716178,0.716332,0.715615,0.715615
2026-05-05T04:00:00Z,0.715615,0.717051,0.715563,0.715563
2026-05-05T05:00:00Z,0.715359,0.715563,0.713929,0.714082
2026-05-05T06:00:00Z,0.714541,0.715001,0.714235,0.714643
2026-05-05T07:00:00Z,0.715001,0.716025,0.714796,0.715512
2026-05-05T08:00:00Z,0.715666,0.716538,0.715666,0.716127
2026-05-05T09:00:00Z,0.716076,0.716640,0.715768,0.716640
2026-05-05T10:00:00Z,0.716538,0.717463,0.716435,0.717000
2026-05-05T11:00:00Z,0.716794,0.717669,0.716692,0.717515
2026-05-05T12:00:00Z,0.717360,0.718494,0.717000,0.717772
2026-05-05T13:00:00Z,0.717978,0.718752,0.717978,0.718339
2026-05-05T14:00:00Z,0.718391,0.719114,0.717978,0.719114
2026-05-05T15:00:00Z,0.719011,0.719994,0.719011,0.719735
2026-05-05T16:00:00Z,0.719476,0.719683,0.718907,0.718907
2026-05-05T17:00:00Z,0.719062,0.719269,0.718804,0.719011
2026-05-05T18:00:00Z,0.719062,0.719166,0.719011,0.719011
2026-05-05T19:00:00Z,0.719062,0.719062,0.718442,0.718597
2026-05-05T20:00:00Z,0.718546,0.718701,0.718442,0.718546
2026-05-05T21:00:00Z,0.718494,0.718597,0.718184,0.718597
2026-05-05T22:00:00Z,0.718494,0.719891,0.718442,0.719891
2026-05-05T23:00:00Z,0.719891,0.721033,0.719787,0.720513
2026-05-06T00:00:00Z,0.720825,0.722543,0.720721,0.722543
2026-05-06T01:00:00Z,0.722491,0.723641,0.722439,0.723223
2026-05-06T02:00:00Z,0.723170,0.723694,0.723066,0.723589
2026-05-06T03:00:00Z,0.723694,0.724428,0.723484,0.723484
2026-05-06T04:00:00Z,0.723537,0.725268,0.723484,0.724795
2026-05-06T05:00:00Z,0.724743,0.725163,0.724585,0.725005
2026-05-06T06:00:00Z,0.724953,0.725111,0.724533,0.725111
2026-05-06T07:00:00Z,0.724848,0.725163,0.723641,0.724323
2026-05-06T08:00:00Z,0.724218,0.726797,0.723589,0.726322
2026-05-06T09:00:00Z,0.725900,0.726533,0.725531,0.726375
2026-05-06T10:00:00Z,0.726322,0.728014,0.725479,0.727273
2026-05-06T11:00:00Z,0.726797,0.726797,0.725163,0.725163
2026-05-06T12:00:00Z,0.725058,0.725058,0.723694,0.724165
2026-05-06T13:00:00Z,0.724008,0.724165,0.723223,0.723903
2026-05-06T14:00:00Z,0.723798,0.724953,0.723327,0.724323
2026-05-06T15:00:00Z,0.724270,0.724270,0.723694,0.723746
2026-05-06T16:00:00Z,0.723537,0.723537,0.722961,0.722961
2026-05-06T17:00:00Z,0.722857,0.723746,0.722857,0.723432
2026-05-06T18:00:00Z,0.723589,0.724060,0.723537,0.723956
2026-05-06T19:00:00Z,0.724008,0.724375,0.723903,0.724165
2026-05-06T20:00:00Z,0.723903,0.724113,0.723798,0.723956
2026-05-06T21:00:00Z,0.724323,0.724533,0.723537,0.724375
2026-05-06T22:00:00Z,0.724060,0.724218,0.723903,0.724008
2026-05-06T23:00:00Z,0.724008,0.724165,0.723746,0.723746
2026-05-07T00:00:00Z,0.724060,0.724270,0.723589,0.723851
2026-05-07T01:00:00Z,0.723432,0.725111,0.723432,0.724848
2026-05-07T02:00:00Z,0.724900,0.724900,0.724270,0.724638
2026-05-07T03:00:00Z,0.724428,0.724690,0.724270,0.724480
2026-05-07T04:00:00Z,0.724533,0.725216,0.724533,0.725005
2026-05-07T05:00:00Z,0.725058,0.725321,0.724953,0.725005
2026-05-07T06:00:00Z,0.724690,0.725742,0.724480,0.725321
2026-05-07T07:00:00Z,0.725374,0.726586,0.725374,0.726427
2026-05-07T08:00:00Z,0.726533,0.726639,0.726058,0.726058
2026-05-07T09:00:00Z,0.725953,0.726427,0.725689,0.726164
2026-05-07T10:00:00Z,0.726269,0.726586,0.725900,0.725953
2026-05-07T11:00:00Z,0.725900,0.726164,0.725479,0.726164
2026-05-07T12:00:00Z,0.726164,0.726164,0.725374,0.725689
2026-05-07T13:00:00Z,0.725374,0.725637,0.724900,0.725163
2026-05-07T14:00:00Z,0.725005,0.726005,0.724690,0.726005
2026-05-07T15:00:00Z,0.726005,0.726058,0.724323,0.724323
2026-05-07T16:00:00Z,0.724165,0.724533,0.723798,0.724113
2026-05-07T17:00:00Z,0.724008,0.724270,0.722857,0.723694
2026-05-07T18:00:00Z,0.723694,0.723798,0.722596,0.723170
2026-05-07T19:00:00Z,0.723223,0.723327,0.721813,0.721813
2026-05-07T20:00:00Z,0.721865,0.722700,0.720825,0.720877
2026-05-07T21:00:00Z,0.722178,0.722178,0.720617,0.720877
2026-05-07T22:00:00Z,0.720669,0.721084,0.720409,0.720721
2026-05-07T23:00:00Z,0.720617,0.721137,0.720617,0.721137
2026-05-08T00:00:00Z,0.721293,0.721397,0.720357,0.721084
2026-05-08T01:00:00Z,0.721188,0.721709,0.721188,0.721293
2026-05-08T02:00:00Z,0.721188,0.721605,0.720825,0.721397
2026-05-08T03:00:00Z,0.721293,0.722335,0.721293,0.721865
2026-05-08T04:00:00Z,0.721813,0.722387,0.721657,0.722335
2026-05-08T05:00:00Z,0.722387,0.722752,0.722074,0.722700
2026-05-08T06:00:00Z,0.722648,0.723275,0.722491,0.723014
2026-05-08T07:00:00Z,0.722857,0.722961,0.722491,0.722700
2026-05-08T08:00:00Z,0.722700,0.723694,0.722543,0.723641
2026-05-08T09:00:00Z,0.723746,0.724375,0.723380,0.723641
2026-05-08T10:00:00Z,0.723746,0.724323,0.723746,0.723851
2026-05-08T11:00:00Z,0.724113,0.724218,0.723589,0.723851
2026-05-08T12:00:00Z,0.723746,0.725005,0.723327,0.724165
2026-05-08T13:00:00Z,0.724008,0.724953,0.723380,0.724480
2026-05-08T14:00:00Z,0.724375,0.724743,0.723956,0.724690
2026-05-08T15:00:00Z,0.724638,0.724848,0.724060,0.724480
2026-05-08T16:00:00Z,0.724533,0.724795,0.724323,0.724428
2026-05-08T17:00:00Z,0.724375,0.724743,0.724323,0.724585
2026-05-08T18:00:00Z,0.724795,0.725005,0.724428,0.724585
2026-05-08T19:00:00Z,0.724638,0.725058,0.724638,0.724848
2026-05-08T20:00:00Z,0.724848,0.725163,0.724795,0.724900
2026-05-08T21:00:00Z,0.724953,0.724953,0.724953,0.724953
2026-05-10T23:00:00Z,0.723641,0.724060,0.723589,0.723641
2026-05-11T00:00:00Z,0.723537,0.724270,0.723537,0.724008
2026-05-11T01:00:00Z,0.723956,0.723956,0.723118,0.723537
2026-05-11T02:00:00Z,0.723694,0.724008,0.723327,0.723380
2026-05-11T03:00:00Z,0.723223,0.723484,0.723170,0.723223
2026-05-11T04:00:00Z,0.723170,0.723170,0.722804,0.722961
2026-05-11T05:00:00Z,0.723014,0.723432,0.723014,0.723223
2026-05-11T06:00:00Z,0.723380,0.724533,0.723380,0.724428
2026-05-11T07:00:00Z,0.724270,0.724480,0.723956,0.724165
2026-05-11T08:00:00Z,0.724428,0.724953,0.724165,0.724165
2026-05-11T09:00:00Z,0.724218,0.724375,0.723956,0.724008
2026-05-11T10:00:00Z,0.723903,0.724638,0.723851,0.724585
2026-05-11T11:00:00Z,0.724585,0.725111,0.724375,0.724533
2026-05-11T12:00:00Z,0.724638,0.724795,0.724218,0.724480
2026-05-11T13:00:00Z,0.724743,0.725847,0.724743,0.725689
2026-05-11T14:00:00Z,0.725742,0.726164,0.725321,0.725847
2026-05-11T15:00:00Z,0.725742,0.726216,0.725689,0.726058
2026-05-11T16:00:00Z,0.726005,0.726058,0.725058,0.725374
2026-05-11T17:00:00Z,0.725321,0.725689,0.725058,0.725531
2026-05-11T18:00:00Z,0.725584,0.725742,0.725216,0.725216
2026-05-11T19:00:00Z,0.725216,0.725268,0.725005,0.725111
2026-05-11T20:00:00Z,0.725163,0.725268,0.724953,0.725163
2026-05-11T21:00:00Z,0.725163,0.725426,0.724900,0.725374
2026-05-11T22:00:00Z,0.725374,0.725479,0.725268,0.725268
2026-05-11T23:00:00Z,0.725216,0.725374,0.724795,0.724848
2026-05-12T00:00:00Z,0.724428,0.724585,0.723694,0.723694
2026-05-12T01:00:00Z,0.724060,0.724060,0.722596,0.723380
2026-05-12T02:00:00Z,0.723432,0.723956,0.723223,0.723798
2026-05-12T03:00:00Z,0.723851,0.723851,0.723118,0.723118
2026-05-12T04:00:00Z,0.723327,0.723798,0.723223,0.723537
2026-05-12T05:00:00Z,0.723537,0.723589,0.722961,0.723275
2026-05-12T06:00:00Z,0.723223,0.723223,0.721553,0.721553
2026-05-12T07:00:00Z,0.721501,0.722335,0.721137,0.721917
2026-05-12T08:00:00Z,0.722126,0.722439,0.721605,0.722022
2026-05-12T09:00:00Z,0.722178,0.722804,0.721761,0.722596
2026-05-12T10:00:00Z,0.722596,0.722909,0.722491,0.722752
2026-05-12T11:00:00Z,0.722700,0.723380,0.722335,0.723170
2026-05-12T12:00:00Z,0.723118,0.723380,0.722126,0.723327
2026-05-12T13:00:00Z,0.723327,0.723327,0.721813,0.721970
2026-05-12T14:00:00Z,0.722491,0.723327,0.722491,0.723223
2026-05-12T15:00:00Z,0.723066,0.723275,0.721917,0.722596
2026-05-12T16:00:00Z,0.722491,0.722700,0.721761,0.721813
2026-05-12T17:00:00Z,0.721865,0.722804,0.721865,0.722752
2026-05-12T18:00:00Z,0.722857,0.723851,0.722648,0.723798
2026-05-12T19:00:00Z,0.723746,0.724375,0.723746,0.724165
2026-05-12T20:00:00Z,0.724060,0.724323,0.723956,0.724323
2026-05-12T21:00:00Z,0.724428,0.724428,0.724060,0.724218
2026-05-12T22:00:00Z,0.724323,0.724480,0.724323,0.724323
2026-05-12T23:00:00Z,0.724270,0.724375,0.724008,0.724008
2026-05-13T00:00:00Z,0.724060,0.724270,0.723589,0.723903
2026-05-13T01:00:00Z,0.723851,0.724953,0.723484,0.724585
2026-05-13T02:00:00Z,0.724690,0.724795,0.724165,0.724218
2026-05-13T03:00:00Z,0.724113,0.724113,0.723484,0.723798
2026-05-13T04:00:00Z,0.723798,0.723903,0.723432,0.723694
2026-05-13T05:00:00Z,0.723746,0.724218,0.723746,0.724218
2026-05-13T06:00:00Z,0.724165,0.724480,0.723589,0.723851
2026-05-13T07:00:00Z,0.723851,0.724218,0.723641,0.723746
2026-05-13T08:00:00Z,0.723903,0.724428,0.723798,0.724428
2026-05-13T09:00:00Z,0.724375,0.724690,0.723851,0.724690
2026-05-13T10:00:00Z,0.724795,0.725163,0.724480,0.725058
2026-05-13T11:00:00Z,0.725111,0.725584,0.724900,0.725268
2026-05-13T12:00:00Z,0.725268,0.725531,0.724060,0.724323
2026-05-13T13:00:00Z,0.724795,0.725058,0.724323,0.725058
2026-05-13T14:00:00Z,0.724900,0.725953,0.724900,0.725953
2026-05-13T15:00:00Z,0.726005,0.727379,0.725847,0.726480
2026-05-13T16:00:00Z,0.726533,0.726956,0.726269,0.726269
2026-05-13T17:00:00Z,0.726375,0.726691,0.725953,0.725953
2026-05-13T18:00:00Z,0.725847,0.726375,0.725584,0.726005
2026-05-13T19:00:00Z,0.726111,0.726164,0.725637,0.725637
2026-05-13T20:00:00Z,0.725637,0.726216,0.725374,0.726111
2026-05-13T21:00:00Z,0.726427,0.726427,0.725742,0.726269
2026-05-13T22:00:00Z,0.726058,0.726322,0.726005,0.726216
2026-05-13T23:00:00Z,0.726216,0.726269,0.725584,0.725637
2026-05-14T00:00:00Z,0.725637,0.725953,0.725163,0.725374
2026-05-14T01:00:00Z,0.725216,0.725374,0.724900,0.724900
2026-05-14T02:00:00Z,0.724743,0.725479,0.724743,0.725479
2026-05-14T03:00:00Z,0.725479,0.725637,0.725058,0.725321
2026-05-14T04:00:00Z,0.725374,0.726216,0.725374,0.725953
2026-05-14T05:00:00Z,0.725900,0.726427,0.725637,0.725953
2026-05-14T06:00:00Z,0.725953,0.726639,0.725900,0.726375
2026-05-14T07:00:00Z,0.726164,0.726269,0.724428,0.724428
2026-05-14T08:00:00Z,0.724743,0.725584,0.724743,0.725584
2026-05-14T09:00:00Z,0.725531,0.725531,0.724533,0.725058
2026-05-14T10:00:00Z,0.725005,0.725111,0.724323,0.724533
2026-05-14T11:00:00Z,0.724323,0.724743,0.724218,0.724323
2026-05-14T12:00:00Z,0.724060,0.724585,0.723798,0.723798
2026-05-14T13:00:00Z,0.723484,0.723641,0.722282,0.722596
2026-05-14T14:00:00Z,0.722491,0.723327,0.722439,0.723118
2026-05-14T15:00:00Z,0.722909,0.722961,0.722543,0.722752
2026-05-14T16:00:00Z,0.722648,0.722648,0.721917,0.722335
2026-05-14T17:00:00Z,0.722543,0.722909,0.722387,0.722596
2026-05-14T18:00:00Z,0.722282,0.722752,0.722126,0.722648
2026-05-14T19:00:00Z,0.722857,0.722857,0.722126,0.722230
2026-05-14T20:00:00Z,0.722387,0.722387,0.722126,0.722335
2026-05-14T21:00:00Z,0.722439,0.722543,0.722074,0.722387
2026-05-14T22:00:00Z,0.722387,0.722491,0.722282,0.722491
2026-05-14T23:00:00Z,0.722491,0.722491,0.721657,0.721657
2026-05-15T00:00:00Z,0.721605,0.722022,0.720669,0.720877
2026-05-15T01:00:00Z,0.720669,0.720877,0.719062,0.719062
2026-05-15T02:00:00Z,0.718856,0.719994,0.718856,0.719528
2026-05-15T03:00:00Z,0.719787,0.719787,0.719269,0.719632
2026-05-15T04:00:00Z,0.719528,0.719580,0.718442,0.718442
2026-05-15T05:00:00Z,0.718236,0.718236,0.716178,0.716178
2026-05-15T06:00:00Z,0.716076,0.717051,0.716076,0.716281
2026-05-15T07:00:00Z,0.716435,0.717927,0.716435,0.716949
2026-05-15T08:00:00Z,0.716897,0.716897,0.715768,0.715922
2026-05-15T09:00:00Z,0.715820,0.715820,0.714337,0.714950
2026-05-15T10:00:00Z,0.715103,0.718133,0.715052,0.717566
2026-05-15T11:00:00Z,0.717566,0.717566,0.715410,0.715512
2026-05-15T12:00:00Z,0.715359,0.715666,0.714643,0.715666
2026-05-15T13:00:00Z,0.715256,0.715871,0.714643,0.715001
2026-05-15T14:00:00Z,0.715001,0.716743,0.714950,0.715717
2026-05-15T15:00:00Z,0.715871,0.715871,0.715001,0.715205
2026-05-15T16:00:00Z,0.715154,0.716076,0.715154,0.715871
2026-05-15T17:00:00Z,0.715922,0.716486,0.715922,0.716127
2026-05-15T18:00:00Z,0.716230,0.716230,0.715256,0.715512
2026-05-15T19:00:00Z,0.715461,0.715461,0.715103,0.715205
2026-05-15T20:00:00Z,0.715052,0.715154,0.714745,0.715001
2026-05-15T21:00:00Z,0.715308,0.715308,0.715308,0.715308
2026-05-17T23:00:00Z,0.715308,0.715359,0.713114,0.713114
2026-05-18T00:00:00Z,0.713114,0.713318,0.712301,0.712606
2026-05-18T01:00:00Z,0.712606,0.713267,0.712352,0.713267
2026-05-18T02:00:00Z,0.712962,0.713419,0.712555,0.712809
2026-05-18T03:00:00Z,0.713012,0.713725,0.712758,0.713725
2026-05-18T04:00:00Z,0.713725,0.713980,0.713369,0.713369
2026-05-18T05:00:00Z,0.713318,0.713776,0.713012,0.713369
2026-05-18T06:00:00Z,0.713470,0.715103,0.713369,0.715103
2026-05-18T07:00:00Z,0.715052,0.715922,0.714745,0.715512
2026-05-18T08:00:00Z,0.715563,0.716589,0.715154,0.716127
2026-05-18T09:00:00Z,0.716230,0.716332,0.715820,0.715871
2026-05-18T10:00:00Z,0.715820,0.715820,0.715103,0.715103
2026-05-18T11:00:00Z,0.715256,0.716846,0.715052,0.716127
2026-05-18T12:00:00Z,0.716332,0.718701,0.716332,0.718133
2026-05-18T13:00:00Z,0.718339,0.718339,0.717000,0.717618
2026-05-18T14:00:00Z,0.717566,0.717566,0.716076,0.716178
2026-05-18T15:00:00Z,0.715973,0.716230,0.715308,0.716178
2026-05-18T16:00:00Z,0.716025,0.716794,0.715768,0.716589
2026-05-18T17:00:00Z,0.716230,0.716743,0.716230,0.716589
2026-05-18T18:00:00Z,0.716486,0.716486,0.715154,0.715154
2026-05-18T19:00:00Z,0.715359,0.717669,0.715359,0.717154
2026-05-18T20:00:00Z,0.717051,0.717412,0.717000,0.717154
2026-05-18T21:00:00Z,0.716640,0.717360,0.716640,0.717257
2026-05-18T22:00:00Z,0.717412,0.717566,0.717309,0.717515
2026-05-18T23:00:00Z,0.717566,0.717721,0.717360,0.717360
2026-05-19T00:00:00Z,0.717000,0.717051,0.715359,0.715359
2026-05-19T01:00:00Z,0.715205,0.715512,0.714541,0.715001
2026-05-19T02:00:00Z,0.714694,0.714694,0.714082,0.714388
2026-05-19T03:00:00Z,0.714235,0.714643,0.714031,0.714031
2026-05-19T04:00:00Z,0.713929,0.714082,0.713063,0.713216
2026-05-19T05:00:00Z,0.713369,0.713623,0.712809,0.713369
2026-05-19T06:00:00Z,0.713318,0.713827,0.713318,0.713674
2026-05-19T07:00:00Z,0.713369,0.713878,0.712860,0.712860
2026-05-19T08:00:00Z,0.712555,0.712809,0.711997,0.712099
2026-05-19T09:00:00Z,0.711845,0.711845,0.711288,0.711794
2026-05-19T10:00:00Z,0.711794,0.712251,0.711339,0.711845
2026-05-19T11:00:00Z,0.712149,0.712301,0.711744,0.711997
2026-05-19T12:00:00Z,0.711744,0.712555,0.711744,0.711896
2026-05-19T13:00:00Z,0.711642,0.711693,0.710429,0.711389
2026-05-19T14:00:00Z,0.711086,0.711086,0.708366,0.708717
2026-05-19T15:00:00Z,0.708767,0.710227,0.708617,0.710227
2026-05-19T16:00:00Z,0.710379,0.711440,0.709925,0.711339
2026-05-19T17:00:00Z,0.711440,0.711845,0.711389,0.711592
2026-05-19T18:00:00Z,0.711592,0.711744,0.710884,0.710884
2026-05-19T19:00:00Z,0.711136,0.711339,0.710833,0.711086
2026-05-19T20:00:00Z,0.711035,0.711136,0.710833,0.710934
2026-05-19T21:00:00Z,0.711187,0.711288,0.710985,0.711136
2026-05-19T22:00:00Z,0.710934,0.711086,0.710833,0.710985
2026-05-19T23:00:00Z,0.711035,0.711491,0.710682,0.710682
2026-05-20T00:00:00Z,0.710278,0.710631,0.709522,0.709522
2026-05-20T01:00:00Z,0.709572,0.710328,0.709069,0.710328
2026-05-20T02:00:00Z,0.710480,0.710732,0.709824,0.709874
2026-05-20T03:00:00Z,0.709673,0.710833,0.709673,0.710581
2026-05-20T04:00:00Z,0.710985,0.711086,0.710126,0.710278
2026-05-20T05:00:00Z,0.710429,0.710682,0.710026,0.710480
2026-05-20T06:00:00Z,0.710530,0.711288,0.710328,0.710783
2026-05-20T07:00:00Z,0.710783,0.711389,0.710783,0.711035
2026-05-20T08:00:00Z,0.711035,0.711845,0.710732,0.711440
2026-05-20T09:00:00Z,0.711440,0.711744,0.711238,0.711541
2026-05-20T10:00:00Z,0.711794,0.712809,0.711794,0.712758
2026-05-20T11:00:00Z,0.712606,0.713674,0.712555,0.712962
2026-05-20T12:00:00Z,0.713267,0.713419,0.712606,0.712606
2026-05-20T13:00:00Z,0.712809,0.713165,0.712251,0.712301
2026-05-20T14:00:00Z,0.712454,0.715615,0.711794,0.715615
2026-05-20T15:00:00Z,0.715717,0.717309,0.715052,0.715308
2026-05-20T16:00:00Z,0.715563,0.716281,0.715256,0.715666
2026-05-20T17:00:00Z,0.715666,0.715973,0.715461,0.715461
2026-05-20T18:00:00Z,0.715461,0.716332,0.715461,0.716178
2026-05-20T19:00:00Z,0.716332,0.716332,0.715973,0.716178
2026-05-20T20:00:00Z,0.716076,0.716076,0.715563,0.715563
2026-05-20T21:00:00Z,0.716332,0.716332,0.715205,0.715768
2026-05-20T22:00:00Z,0.715717,0.715717,0.715359,0.715461
2026-05-20T23:00:00Z,0.715512,0.715512,0.715205,0.715205
2026-05-21T00:00:00Z,0.715052,0.715103,0.714745,0.715052
2026-05-21T01:00:00Z,0.715052,0.715871,0.711845,0.712048
2026-05-21T02:00:00Z,0.712555,0.712657,0.710682,0.711035
2026-05-21T03:00:00Z,0.711187,0.712251,0.711187,0.712200
2026-05-21T04:00:00Z,0.712149,0.713165,0.712149,0.713063
2026-05-21T05:00:00Z,0.713114,0.713114,0.711997,0.712708
2026-05-21T06:00:00Z,0.712758,0.713012,0.711288,0.711491
2026-05-21T07:00:00Z,0.711642,0.712251,0.711238,0.712099
2026-05-21T08:00:00Z,0.711997,0.713878,0.711997,0.713470
2026-05-21T09:00:00Z,0.713369,0.714439,0.713369,0.713827
2026-05-21T10:00:00Z,0.713980,0.714133,0.712048,0.712860
2026-05-21T11:00:00Z,0.712809,0.713980,0.712758,0.712758
2026-05-21T12:00:00Z,0.713063,0.713470,0.712504,0.712809
2026-05-21T13:00:00Z,0.712809,0.713623,0.711997,0.713369
2026-05-21T14:00:00Z,0.713318,0.713929,0.712555,0.713929
2026-05-21T15:00:00Z,0.713776,0.713776,0.712657,0.713572
2026-05-21T16:00:00Z,0.713776,0.714133,0.713674,0.713980
2026-05-21T17:00:00Z,0.713980,0.717051,0.713827,0.716640
2026-05-21T18:00:00Z,0.716897,0.716897,0.714694,0.715001
2026-05-21T19:00:00Z,0.715052,0.716025,0.714950,0.715768
2026-05-21T20:00:00Z,0.715717,0.715768,0.715154,0.715205
2026-05-21T21:00:00Z,0.715922,0.716076,0.715052,0.715154
2026-05-21T22:00:00Z,0.715308,0.715563,0.715308,0.715410
2026-05-21T23:00:00Z,0.715410,0.715410,0.714950,0.715052
2026-05-22T00:00:00Z,0.714745,0.714898,0.714388,0.714388
2026-05-22T01:00:00Z,0.714337,0.714592,0.713878,0.714031
2026-05-22T02:00:00Z,0.714082,0.714541,0.714031,0.714184
2026-05-22T03:00:00Z,0.714235,0.714286,0.713725,0.714286
2026-05-22T04:00:00Z,0.714235,0.714439,0.714133,0.714337
2026-05-22T05:00:00Z,0.714388,0.714745,0.714031,0.714031
2026-05-22T06:00:00Z,0.714133,0.714286,0.713572,0.713827
2026-05-22T07:00:00Z,0.713521,0.713623,0.713063,0.713623
2026-05-22T08:00:00Z,0.713572,0.714286,0.713369,0.713623
2026-05-22T09:00:00Z,0.713572,0.713572,0.712758,0.713165
2026-05-22T10:00:00Z,0.713419,0.713470,0.712708,0.712809
2026-05-22T11:00:00Z,0.712809,0.712860,0.712251,0.712352
2026-05-22T12:00:00Z,0.712454,0.713318,0.712301,0.713216
2026-05-22T13:00:00Z,0.713470,0.714388,0.712708,0.713165
2026-05-22T14:00:00Z,0.712403,0.713063,0.712048,0.713063
2026-05-22T15:00:00Z,0.712911,0.713470,0.712809,0.713369
2026-05-22T16:00:00Z,0.713318,0.713878,0.713318,0.713725
2026-05-22T17:00:00Z,0.713980,0.714388,0.713674,0.714031
2026-05-22T18:00:00Z,0.714031,0.714133,0.713929,0.714082
2026-05-22T19:00:00Z,0.714133,0.714133,0.713419,0.713521
2026-05-22T20:00:00Z,0.713419,0.713470,0.712911,0.713012
2026-05-22T21:00:00Z,0.712962,0.712962,0.712962,0.712962
2026-05-24T23:00:00Z,0.716230,0.716435,0.715973,0.715973
2026-05-25T00:00:00Z,0.715973,0.716743,0.715666,0.716076
2026-05-25T01:00:00Z,0.716127,0.717309,0.716127,0.716794
2026-05-25T02:00:00Z,0.717000,0.717360,0.716640,0.716640
2026-05-25T03:00:00Z,0.716794,0.716794,0.716281,0.716435
2026-05-25T04:00:00Z,0.716435,0.717257,0.716384,0.717257
2026-05-25T05:00:00Z,0.717154,0.717412,0.716692,0.716692
2026-05-25T06:00:00Z,0.716846,0.717051,0.716743,0.716897
2026-05-25T07:00:00Z,0.716794,0.716794,0.715615,0.716230
2026-05-25T08:00:00Z,0.716178,0.717000,0.716127,0.717000
2026-05-25T09:00:00Z,0.716949,0.717206,0.716846,0.716949
2026-05-25T10:00:00Z,0.717051,0.717206,0.716846,0.716846
2026-05-25T11:00:00Z,0.716846,0.717669,0.716692,0.717309
2026-05-25T12:00:00Z,0.717103,0.717669,0.717103,0.717206
2026-05-25T13:00:00Z,0.717206,0.717515,0.717000,0.717154
2026-05-25T14:00:00Z,0.717206,0.718030,0.717206,0.718030
2026-05-25T15:00:00Z,0.717978,0.718236,0.717566,0.717566
2026-05-25T16:00:00Z,0.717463,0.717618,0.717309,0.717618
2026-05-25T17:00:00Z,0.717618,0.717927,0.717566,0.717772
2026-05-25T18:00:00Z,0.717772,0.717824,0.717669,0.717772
2026-05-25T19:00:00Z,0.717772,0.717927,0.717772,0.717875
2026-05-25T20:00:00Z,0.717875,0.717875,0.717721,0.717772
2026-05-25T21:00:00Z,0.717927,0.717927,0.717206,0.717360
2026-05-25T22:00:00Z,0.717463,0.717721,0.717463,0.717669
2026-05-25T23:00:00Z,0.717669,0.717824,0.717154,0.717206
2026-05-26T00:00:00Z,0.717051,0.717257,0.716743,0.717257
2026-05-26T01:00:00Z,0.717206,0.717309,0.716486,0.716897
2026-05-26T02:00:00Z,0.716743,0.716897,0.716538,0.716846
2026-05-26T03:00:00Z,0.716846,0.717463,0.716846,0.717360
2026-05-26T04:00:00Z,0.717360,0.717412,0.716486,0.716486
2026-05-26T05:00:00Z,0.716230,0.716384,0.715922,0.716230
2026-05-26T06:00:00Z,0.716230,0.717103,0.716230,0.716949
2026-05-26T07:00:00Z,0.716692,0.716743,0.716076,0.716589
2026-05-26T08:00:00Z,0.716486,0.716949,0.716486,0.716640
2026-05-26T09:00:00Z,0.716640,0.716794,0.716230,0.716640
2026-05-26T10:00:00Z,0.716640,0.717051,0.716384,0.717051
2026-05-26T11:00:00Z,0.716846,0.717103,0.716538,0.716692
2026-05-26T12:00:00Z,0.716640,0.717103,0.716640,0.717103
2026-05-26T13:00:00Z,0.717103,0.717669,0.716794,0.717103
2026-05-26T14:00:00Z,0.717000,0.717618,0.716949,0.717000
2026-05-26T15:00:00Z,0.717000,0.717000,0.716178,0.716230
2026-05-26T16:00:00Z,0.716332,0.716897,0.716332,0.716589
2026-05-26T17:00:00Z,0.716589,0.716692,0.716435,0.716435
2026-05-26T18:00:00Z,0.716435,0.717154,0.716435,0.717154
2026-05-26T19:00:00Z,0.716949,0.717257,0.716897,0.717103
2026-05-26T20:00:00Z,0.717103,0.717257,0.716897,0.716949
2026-05-26T21:00:00Z,0.717257,0.717515,0.717000,0.717051
2026-05-26T22:00:00Z,0.717154,0.717154,0.716897,0.717000
2026-05-26T23:00:00Z,0.717051,0.717618,0.717051,0.717360
2026-05-27T00:00:00Z,0.717360,0.718184,0.717206,0.717721
2026-05-27T01:00:00Z,0.717875,0.718081,0.715768,0.715820
2026-05-27T02:00:00Z,0.716076,0.716640,0.715973,0.716384
2026-05-27T03:00:00Z,0.716435,0.716846,0.716025,0.716281
2026-05-27T04:00:00Z,0.716281,0.716640,0.716127,0.716281
2026-05-27T05:00:00Z,0.716281,0.716435,0.715871,0.716025
2026-05-27T06:00:00Z,0.715768,0.715768,0.714950,0.714950
2026-05-27T07:00:00Z,0.715001,0.715154,0.714082,0.714082
2026-05-27T08:00:00Z,0.714031,0.714388,0.713827,0.714388
2026-05-27T09:00:00Z,0.714235,0.714796,0.714235,0.714694
2026-05-27T10:00:00Z,0.714490,0.714694,0.713521,0.713521
2026-05-27T11:00:00Z,0.713725,0.713827,0.713216,0.713470
2026-05-27T12:00:00Z,0.713470,0.715103,0.712758,0.713929
2026-05-27T13:00:00Z,0.713827,0.714031,0.713369,0.713725
2026-05-27T14:00:00Z,0.713980,0.714337,0.712962,0.712962
2026-05-27T15:00:00Z,0.712911,0.714082,0.712911,0.713725
2026-05-27T16:00:00Z,0.713827,0.714337,0.713623,0.714184
2026-05-27T17:00:00Z,0.714133,0.714133,0.713470,0.713878
2026-05-27T18:00:00Z,0.713725,0.714184,0.713623,0.714184
2026-05-27T19:00:00Z,0.714133,0.714439,0.714133,0.714337
2026-05-27T20:00:00Z,0.714439,0.714541,0.714337,0.714439
2026-05-27T21:00:00Z,0.714439,0.714541,0.713827,0.714184
2026-05-27T22:00:00Z,0.714388,0.714541,0.714337,0.714439
2026-05-27T23:00:00Z,0.714388,0.714643,0.713521,0.713674
2026-05-28T00:00:00Z,0.713369,0.713776,0.713114,0.713318
2026-05-28T01:00:00Z,0.713318,0.713521,0.712149,0.712200
2026-05-28T02:00:00Z,0.712251,0.712809,0.712200,0.712657
2026-05-28T03:00:00Z,0.712758,0.712911,0.710278,0.710480
2026-05-28T04:00:00Z,0.710631,0.710732,0.710177,0.710631
2026-05-28T05:00:00Z,0.710530,0.712301,0.710480,0.711997
2026-05-28T06:00:00Z,0.711845,0.712860,0.711845,0.712403
2026-05-28T07:00:00Z,0.712555,0.712911,0.712099,0.712352
2026-05-28T08:00:00Z,0.712555,0.712606,0.711693,0.711997
2026-05-28T09:00:00Z,0.711997,0.712606,0.711946,0.712251
2026-05-28T10:00:00Z,0.712251,0.712555,0.711389,0.711592
2026-05-28T11:00:00Z,0.711592,0.712099,0.711592,0.712099
2026-05-28T12:00:00Z,0.712099,0.713572,0.712099,0.713318
2026-05-28T13:00:00Z,0.713623,0.713674,0.712809,0.713012
2026-05-28T14:00:00Z,0.712962,0.715820,0.712860,0.715001
2026-05-28T15:00:00Z,0.715410,0.716332,0.715410,0.716076
2026-05-28T16:00:00Z,0.716076,0.717103,0.716025,0.717000
2026-05-28T17:00:00Z,0.717051,0.717051,0.716692,0.716794
2026-05-28T18:00:00Z,0.716743,0.716949,0.716384,0.716640
2026-05-28T19:00:00Z,0.716486,0.716846,0.716435,0.716538
2026-05-28T20:00:00Z,0.716384,0.716589,0.716384,0.716538
2026-05-28T21:00:00Z,0.716743,0.716743,0.716230,0.716538
2026-05-28T22:00:00Z,0.716692,0.716692,0.716486,0.716486
2026-05-28T23:00:00Z,0.716589,0.716743,0.716435,0.716589
2026-05-29T00:00:00Z,0.716589,0.716949,0.716127,0.716230
2026-05-29T01:00:00Z,0.716384,0.716794,0.716076,0.716332
2026-05-29T02:00:00Z,0.716332,0.716538,0.715922,0.716025
2026-05-29T03:00:00Z,0.715973,0.715973,0.715615,0.715717
2026-05-29T04:00:00Z,0.715871,0.716589,0.715871,0.716589
2026-05-29T05:00:00Z,0.716589,0.716897,0.716538,0.716640
2026-05-29T06:00:00Z,0.716692,0.716949,0.716076,0.716435
2026-05-29T07:00:00Z,0.716178,0.716692,0.715666,0.716332
2026-05-29T08:00:00Z,0.716178,0.716178,0.715256,0.715461
2026-05-29T09:00:00Z,0.715563,0.715820,0.715410,0.715820
2026-05-29T10:00:00Z,0.715768,0.716076,0.715563,0.716076
2026-05-29T11:00:00Z,0.716025,0.717206,0.716025,0.717206
2026-05-29T12:00:00Z,0.717309,0.717978,0.717103,0.717978
2026-05-29T13:00:00Z,0.718133,0.719269,0.718133,0.719269
2026-05-29T14:00:00Z,0.719062,0.719839,0.717927,0.719839
2026-05-29T15:00:00Z,0.719632,0.720254,0.719217,0.719269
2026-05-29T16:00:00Z,0.719217,0.719373,0.718959,0.719011
2026-05-29T17:00:00Z,0.719217,0.719217,0.718494,0.718546
2026-05-29T18:00:00Z,0.718494,0.718959,0.718494,0.718701
2026-05-29T19:00:00Z,0.718494,0.719166,0.718494,0.719011
2026-05-29T20:00:00Z,0.718959,0.718959,0.718597,0.718649
2026-05-29T21:00:00Z,0.718597,0.718597,0.718597,0.718597
2026-05-31T23:00:00Z,0.718133,0.718649,0.718081,0.718288
2026-06-01T00:00:00Z,0.718236,0.718752,0.718133,0.718701
2026-06-01T01:00:00Z,0.718597,0.718907,0.718546,0.718804
2026-06-01T02:00:00Z,0.718856,0.718959,0.718546,0.718701
2026-06-01T03:00:00Z,0.718752,0.718804,0.718133,0.718288
2026-06-01T04:00:00Z,0.718288,0.718856,0.718288,0.718752
2026-06-01T05:00:00Z,0.718752,0.719166,0.718752,0.718959
2026-06-01T06:00:00Z,0.719062,0.719217,0.718081,0.718494
2026-06-01T07:00:00Z,0.718339,0.718701,0.717927,0.718236
2026-06-01T08:00:00Z,0.718236,0.718597,0.718184,0.718597
2026-06-01T09:00:00Z,0.718701,0.718804,0.717978,0.718030
2026-06-01T10:00:00Z,0.718133,0.718133,0.717772,0.717824
2026-06-01T11:00:00Z,0.717824,0.717927,0.717515,0.717566
2026-06-01T12:00:00Z,0.717618,0.717669,0.717206,0.717257
2026-06-01T13:00:00Z,0.717206,0.717206,0.714082,0.714337
2026-06-01T14:00:00Z,0.713980,0.714643,0.713776,0.714490
2026-06-01T15:00:00Z,0.714439,0.716076,0.714439,0.715461
2026-06-01T16:00:00Z,0.715717,0.716332,0.715052,0.716332
2026-06-01T17:00:00Z,0.716332,0.717103,0.716076,0.716949
2026-06-01T18:00:00Z,0.716897,0.716897,0.716538,0.716538
2026-06-01T19:00:00Z,0.716384,0.716640,0.716281,0.716435
2026-06-01T20:00:00Z,0.716435,0.716589,0.716230,0.716281
2026-06-01T21:00:00Z,0.716743,0.716897,0.716538,0.716794
2026-06-01T22:00:00Z,0.716589,0.716589,0.716281,0.716384
2026-06-01T23:00:00Z,0.716435,0.716743,0.716435,0.716640
2026-06-02T00:00:00Z,0.716538,0.716743,0.716076,0.716076
2026-06-02T01:00:00Z,0.716281,0.717000,0.715563,0.715871
2026-06-02T02:00:00Z,0.715871,0.716332,0.715666,0.716127
2026-06-02T03:00:00Z,0.716178,0.716178,0.715768,0.716178
2026-06-02T04:00:00Z,0.716178,0.716486,0.716076,0.716486
2026-06-02T05:00:00Z,0.716538,0.716794,0.716435,0.716435
2026-06-02T06:00:00Z,0.716589,0.718081,0.716589,0.717978
2026-06-02T07:00:00Z,0.717978,0.718546,0.717978,0.718442
2026-06-02T08:00:00Z,0.718494,0.718856,0.718133,0.718133
2026-06-02T09:00:00Z,0.718133,0.718494,0.717875,0.718391
2026-06-02T10:00:00Z,0.718442,0.718752,0.718236,0.718597
2026-06-02T11:00:00Z,0.718597,0.718649,0.718339,0.718391
2026-06-02T12:00:00Z,0.718391,0.718442,0.717875,0.717927
2026-06-02T13:00:00Z,0.718081,0.718184,0.717618,0.717772
2026-06-02T14:00:00Z,0.717360,0.718649,0.717360,0.718649
2026-06-02T15:00:00Z,0.718701,0.719011,0.718494,0.718804
2026-06-02T16:00:00Z,0.718649,0.718856,0.717927,0.718184
2026-06-02T17:00:00Z,0.718288,0.718288,0.717515,0.717566
2026-06-02T18:00:00Z,0.717618,0.718133,0.717412,0.718133
2026-06-02T19:00:00Z,0.718236,0.718391,0.718184,0.718391
2026-06-02T20:00:00Z,0.718391,0.718546,0.718236,0.718236
2026-06-02T21:00:00Z,0.718133,0.718391,0.717978,0.718288
2026-06-02T22:00:00Z,0.718288,0.718288,0.718081,0.718081
2026-06-02T23:00:00Z,0.718081,0.718081,0.717412,0.717618
2026-06-03T00:00:00Z,0.717618,0.718339,0.717618,0.718339
2026-06-03T01:00:00Z,0.718184,0.718339,0.717772,0.717927
2026-06-03T02:00:00Z,0.717978,0.718236,0.717360,0.717618
2026-06-03T03:00:00Z,0.717566,0.717772,0.717257,0.717412
2026-06-03T04:00:00Z,0.717566,0.717618,0.717051,0.717154
2026-06-03T05:00:00Z,0.717154,0.717360,0.716486,0.716486
2026-06-03T06:00:00Z,0.716743,0.716743,0.715666,0.716178
2026-06-03T07:00:00Z,0.716127,0.717103,0.716127,0.716846
2026-06-03T08:00:00Z,0.716640,0.716846,0.716127,0.716384
2026-06-03T09:00:00Z,0.716435,0.717000,0.716435,0.716538
2026-06-03T10:00:00Z,0.716640,0.717772,0.716640,0.717103
2026-06-03T11:00:00Z,0.717051,0.717257,0.716846,0.716846
2026-06-03T12:00:00Z,0.716692,0.716692,0.715256,0.715563
2026-06-03T13:00:00Z,0.715461,0.715666,0.714133,0.714235
2026-06-03T14:00:00Z,0.714541,0.715052,0.714439,0.715001
2026-06-03T15:00:00Z,0.714796,0.714898,0.713980,0.714082
2026-06-03T16:00:00Z,0.713980,0.713980,0.713369,0.713674
2026-06-03T17:00:00Z,0.713674,0.713980,0.713318,0.713470
2026-06-03T18:00:00Z,0.713470,0.713572,0.713267,0.713318
2026-06-03T19:00:00Z,0.713267,0.713419,0.713216,0.713267
2026-06-03T20:00:00Z,0.713267,0.713267,0.712962,0.713012
2026-06-03T21:00:00Z,0.713419,0.713674,0.713012,0.713216
2026-06-03T22:00:00Z,0.713114,0.713878,0.712962,0.713878
2026-06-03T23:00:00Z,0.713776,0.713776,0.713063,0.713674
2026-06-04T00:00:00Z,0.713674,0.713929,0.713267,0.713267
2026-06-04T01:00:00Z,0.713063,0.713827,0.712860,0.713318
2026-06-04T02:00:00Z,0.713267,0.713267,0.712657,0.713012
2026-06-04T03:00:00Z,0.712911,0.713012,0.712555,0.713012
2026-06-04T04:00:00Z,0.712962,0.713470,0.712911,0.713267
2026-06-04T05:00:00Z,0.713267,0.713318,0.712606,0.713267
2026-06-04T06:00:00Z,0.713318,0.714082,0.713267,0.713725
2026-06-04T07:00:00Z,0.713878,0.713980,0.712911,0.713318
2026-06-04T08:00:00Z,0.713369,0.713572,0.713012,0.713318
2026-06-04T09:00:00Z,0.713369,0.713929,0.713267,0.713674
2026-06-04T10:00:00Z,0.713521,0.714031,0.713521,0.713674
2026-06-04T11:00:00Z,0.713878,0.715052,0.713878,0.714950
2026-06-04T12:00:00Z,0.715103,0.715103,0.714286,0.714439
2026-06-04T13:00:00Z,0.714337,0.714745,0.714286,0.714694
2026-06-04T14:00:00Z,0.714694,0.714694,0.713827,0.714235
2026-06-04T15:00:00Z,0.714337,0.714490,0.713980,0.714490
2026-06-04T16:00:00Z,0.714388,0.714592,0.714235,0.714235
2026-06-04T17:00:00Z,0.714235,0.714337,0.714082,0.714184
2026-06-04T18:00:00Z,0.714133,0.714235,0.713878,0.713878
2026-06-04T19:00:00Z,0.713929,0.713980,0.713674,0.713878
2026-06-04T20:00:00Z,0.713776,0.713776,0.713521,0.713572
2026-06-04T21:00:00Z,0.713980,0.714184,0.713572,0.713623
2026-06-04T22:00:00Z,0.713572,0.713725,0.713521,0.713623
2026-06-04T23:00:00Z,0.713674,0.713827,0.713267,0.713267
2026-06-05T00:00:00Z,0.713165,0.713165,0.712606,0.712708
2026-06-05T01:00:00Z,0.712454,0.712454,0.710884,0.712149
2026-06-05T02:00:00Z,0.712200,0.713012,0.712149,0.712809
2026-06-05T03:00:00Z,0.712809,0.713063,0.712454,0.712454
2026-06-05T04:00:00Z,0.712504,0.713216,0.712504,0.713114
2026-06-05T05:00:00Z,0.713012,0.713012,0.712149,0.712149
2026-06-05T06:00:00Z,0.712301,0.712860,0.711845,0.712758
2026-06-05T07:00:00Z,0.712708,0.713776,0.712708,0.713470
2026-06-05T08:00:00Z,0.713419,0.713980,0.713419,0.713419
2026-06-05T09:00:00Z,0.713318,0.714133,0.713318,0.714082
2026-06-05T10:00:00Z,0.714184,0.714541,0.714133,0.714388
2026-06-05T11:00:00Z,0.714388,0.714592,0.714082,0.714490
2026-06-05T12:00:00Z,0.714541,0.714541,0.710833,0.710833
2026-06-05T13:00:00Z,0.710581,0.711187,0.708617,0.708617
2026-06-05T14:00:00Z,0.708316,0.708868,0.706964,0.708316
2026-06-05T15:00:00Z,0.708366,0.708366,0.706165,0.706165
2026-06-05T16:00:00Z,0.705866,0.706165,0.705268,0.706165
2026-06-05T17:00:00Z,0.706215,0.706215,0.705467,0.705816
2026-06-05T18:00:00Z,0.705667,0.705667,0.704573,0.704722
2026-06-05T19:00:00Z,0.704473,0.704920,0.704275,0.704771
2026-06-05T20:00:00Z,0.704771,0.704771,0.704077,0.704622
2026-06-05T21:00:00Z,0.704970,0.704970,0.704970,0.704970
2026-06-07T23:00:00Z,0.703631,0.704523,0.703631,0.704523
2026-06-08T00:00:00Z,0.704424,0.706065,0.704424,0.706065
2026-06-08T01:00:00Z,0.706015,0.706364,0.703878,0.705169
2026-06-08T02:00:00Z,0.705219,0.705517,0.704523,0.705517
2026-06-08T03:00:00Z,0.705467,0.705467,0.704771,0.705219
2026-06-08T04:00:00Z,0.705368,0.705667,0.704672,0.704672
2026-06-08T05:00:00Z,0.704871,0.705418,0.703829,0.703829
2026-06-08T06:00:00Z,0.704374,0.704821,0.704077,0.704622
2026-06-08T07:00:00Z,0.704622,0.706065,0.704622,0.705119
2026-06-08T08:00:00Z,0.705020,0.705617,0.704771,0.705169
2026-06-08T09:00:00Z,0.705119,0.705418,0.704225,0.705418
2026-06-08T10:00:00Z,0.705368,0.706364,0.705268,0.706065
2026-06-08T11:00:00Z,0.706015,0.707914,0.706015,0.707214
2026-06-08T12:00:00Z,0.707564,0.707864,0.706914,0.707214
2026-06-08T13:00:00Z,0.707364,0.707614,0.706015,0.706015
2026-06-08T14:00:00Z,0.706065,0.706115,0.704920,0.706065
2026-06-08T15:00:00Z,0.706065,0.706414,0.705368,0.705667
2026-06-08T16:00:00Z,0.705517,0.705716,0.705368,0.705368
2026-06-08T17:00:00Z,0.705268,0.705268,0.704871,0.705219
2026-06-08T18:00:00Z,0.705268,0.705667,0.704722,0.704722
2026-06-08T19:00:00Z,0.704771,0.704920,0.704573,0.704821
2026-06-08T20:00:00Z,0.704771,0.704871,0.704672,0.704771
2026-06-08T21:00:00Z,0.704722,0.704970,0.704622,0.704970
2026-06-08T22:00:00Z,0.704771,0.704771,0.704424,0.704722
2026-06-08T23:00:00Z,0.704771,0.704771,0.704077,0.704126
2026-06-09T00:00:00Z,0.704027,0.704573,0.703730,0.704573
2026-06-09T01:00:00Z,0.704771,0.705965,0.704622,0.705965
2026-06-09T02:00:00Z,0.706065,0.706115,0.705069,0.705069
2026-06-09T03:00:00Z,0.705020,0.705169,0.704424,0.704622
2026-06-09T04:00:00Z,0.704622,0.705965,0.704622,0.705766
2026-06-09T05:00:00Z,0.705866,0.706215,0.705418,0.705965
2026-06-09T06:00:00Z,0.705916,0.707164,0.705916,0.706065
2026-06-09T07:00:00Z,0.706215,0.706314,0.705368,0.705418
2026-06-09T08:00:00Z,0.705268,0.705816,0.705020,0.705368
2026-06-09T09:00:00Z,0.705517,0.705866,0.705268,0.705318
2026-06-09T10:00:00Z,0.705268,0.706015,0.705069,0.705866
2026-06-09T11:00:00Z,0.705916,0.706364,0.705866,0.706314
2026-06-09T12:00:00Z,0.706314,0.706464,0.706165,0.706165
2026-06-09T13:00:00Z,0.706265,0.706414,0.704920,0.705268
2026-06-09T14:00:00Z,0.705467,0.705965,0.703680,0.704275
2026-06-09T15:00:00Z,0.704325,0.704722,0.702593,0.703037
2026-06-09T16:00:00Z,0.702988,0.703087,0.700918,0.701607
2026-06-09T17:00:00Z,0.701951,0.703383,0.701951,0.703235
2026-06-09T18:00:00Z,0.703235,0.703730,0.703136,0.703532
2026-06-09T19:00:00Z,0.703433,0.703433,0.702593,0.703037
2026-06-09T20:00:00Z,0.702889,0.703136,0.702889,0.702988
2026-06-09T21:00:00Z,0.703136,0.703532,0.702050,0.702839
2026-06-09T22:00:00Z,0.702790,0.702790,0.702050,0.702247
2026-06-09T23:00:00Z,0.702198,0.702543,0.701853,0.702543
2026-06-10T00:00:00Z,0.702494,0.703334,0.702149,0.703235
2026-06-10T01:00:00Z,0.703087,0.703284,0.702790,0.702938
2026-06-10T02:00:00Z,0.702889,0.702988,0.702346,0.702346
2026-06-10T03:00:00Z,0.702445,0.703037,0.702445,0.702938
2026-06-10T04:00:00Z,0.702938,0.702938,0.701853,0.702050
2026-06-10T05:00:00Z,0.701951,0.702247,0.701164,0.702198
2026-06-10T06:00:00Z,0.702296,0.702790,0.702050,0.702050
2026-06-10T07:00:00Z,0.702001,0.702445,0.702001,0.702001
2026-06-10T08:00:00Z,0.701804,0.701853,0.701213,0.701213
2026-06-10T09:00:00Z,0.701164,0.701311,0.700722,0.701311
2026-06-10T10:00:00Z,0.701213,0.701459,0.700967,0.701361
2026-06-10T11:00:00Z,0.701361,0.701361,0.700133,0.700329
2026-06-10T12:00:00Z,0.700280,0.702741,0.700280,0.701508
2026-06-10T13:00:00Z,0.701557,0.703928,0.701508,0.703136
2026-06-10T14:00:00Z,0.702988,0.703482,0.702247,0.702247
2026-06-10T15:00:00Z,0.702494,0.702741,0.701705,0.702247
2026-06-10T16:00:00Z,0.702346,0.702790,0.701951,0.701951
2026-06-10T17:00:00Z,0.702050,0.702395,0.701213,0.702050
2026-06-10T18:00:00Z,0.702099,0.702395,0.701213,0.701311
2026-06-10T19:00:00Z,0.701115,0.701262,0.700280,0.700280
2026-06-10T20:00:00Z,0.700182,0.700280,0.699741,0.699937
2026-06-10T21:00:00Z,0.700231,0.700476,0.699839,0.699888
2026-06-10T22:00:00Z,0.699741,0.699839,0.699301,0.699545
2026-06-10T23:00:00Z,0.699301,0.700182,0.699056,0.699594
2026-06-11T00:00:00Z,0.699888,0.700329,0.699399,0.700035
2026-06-11T01:00:00Z,0.700182,0.701213,0.700084,0.700918
2026-06-11T02:00:00Z,0.700918,0.700967,0.700329,0.700574
2026-06-11T03:00:00Z,0.700673,0.700673,0.700084,0.700378
2026-06-11T04:00:00Z,0.700427,0.701213,0.700280,0.701066
2026-06-11T05:00:00Z,0.700918,0.701410,0.700869,0.700967
2026-06-11T06:00:00Z,0.700722,0.701016,0.700427,0.700525
2026-06-11T07:00:00Z,0.700427,0.701016,0.700182,0.700378
2026-06-11T08:00:00Z,0.700378,0.700378,0.699350,0.699594
2026-06-11T09:00:00Z,0.699545,0.700182,0.699496,0.699937
2026-06-11T10:00:00Z,0.699986,0.699986,0.699545,0.699790
2026-06-11T11:00:00Z,0.699839,0.700084,0.699643,0.699937
2026-06-11T12:00:00Z,0.700035,0.700035,0.698324,0.699154
2026-06-11T13:00:00Z,0.699056,0.699545,0.698275,0.699252
2026-06-11T14:00:00Z,0.699301,0.699301,0.698275,0.698665
2026-06-11T15:00:00Z,0.698812,0.699986,0.698812,0.699643
2026-06-11T16:00:00Z,0.699790,0.699790,0.699105,0.699105
2026-06-11T17:00:00Z,0.699154,0.703433,0.698763,0.702889
2026-06-11T18:00:00Z,0.702889,0.703779,0.702001,0.703383
2026-06-11T19:00:00Z,0.703631,0.705517,0.703631,0.705169
2026-06-11T20:00:00Z,0.705119,0.705517,0.704771,0.705368
2026-06-11T21:00:00Z,0.704523,0.705418,0.704523,0.705119
2026-06-11T22:00:00Z,0.705418,0.705418,0.704821,0.705418
2026-06-11T23:00:00Z,0.705418,0.705517,0.704722,0.704920
2026-06-12T00:00:00Z,0.704672,0.704970,0.704424,0.704523
2026-06-12T01:00:00Z,0.704672,0.704672,0.703235,0.703779
2026-06-12T02:00:00Z,0.703730,0.704176,0.703185,0.703829
2026-06-12T03:00:00Z,0.703878,0.704523,0.703631,0.704225
2026-06-12T04:00:00Z,0.704027,0.704722,0.703977,0.704325
2026-06-12T05:00:00Z,0.704325,0.704424,0.702839,0.703037
2026-06-12T06:00:00Z,0.703334,0.704225,0.703185,0.703482
2026-06-12T07:00:00Z,0.703482,0.703482,0.702395,0.703482
2026-06-12T08:00:00Z,0.703334,0.705119,0.703334,0.704523
2026-06-12T09:00:00Z,0.704275,0.705567,0.704225,0.704970
2026-06-12T10:00:00Z,0.704821,0.705268,0.703977,0.704473
2026-06-12T11:00:00Z,0.704473,0.704672,0.704027,0.704225
2026-06-12T12:00:00Z,0.704176,0.704176,0.703631,0.703829
2026-06-12T13:00:00Z,0.703730,0.704821,0.703532,0.703878
2026-06-12T14:00:00Z,0.704473,0.705268,0.704126,0.705268
2026-06-12T15:00:00Z,0.705467,0.706015,0.704970,0.704970
2026-06-12T16:00:00Z,0.704970,0.705418,0.704622,0.705219
2026-06-12T17:00:00Z,0.705219,0.705418,0.704970,0.705069
2026-06-12T18:00:00Z,0.705119,0.705418,0.704871,0.705169
2026-06-12T19:00:00Z,0.705119,0.705318,0.704821,0.705219
2026-06-12T20:00:00Z,0.705368,0.705368,0.704722,0.704871
2026-06-12T21:00:00Z,0.704871,0.704871,0.704871,0.704871
2026-06-14T23:00:00Z,0.707914,0.708215,0.707414,0.707764
2026-06-15T00:00:00Z,0.707864,0.708818,0.707114,0.707114
2026-06-15T01:00:00Z,0.706914,0.707814,0.706814,0.707464
2026-06-15T02:00:00Z,0.707614,0.708115,0.707414,0.708015
2026-06-15T03:00:00Z,0.707914,0.708667,0.707864,0.708466
2026-06-15T04:00:00Z,0.708466,0.708466,0.708065,0.708416
2026-06-15T05:00:00Z,0.708516,0.708968,0.708316,0.708316
2026-06-15T06:00:00Z,0.708466,0.708466,0.707264,0.707564
2026-06-15T07:00:00Z,0.707664,0.707664,0.707014,0.707414
2026-06-15T08:00:00Z,0.707314,0.707814,0.707014,0.707314
2026-06-15T09:00:00Z,0.707464,0.707914,0.707264,0.707314
2026-06-15T10:00:00Z,0.707314,0.707864,0.707164,0.707614
2026-06-15T11:00:00Z,0.707564,0.707664,0.707214,0.707414
2026-06-15T12:00:00Z,0.707364,0.707514,0.706714,0.707264
2026-06-15T13:00:00Z,0.707314,0.707814,0.707264,0.707664
2026-06-15T14:00:00Z,0.707564,0.708868,0.707314,0.708868
2026-06-15T15:00:00Z,0.708818,0.708968,0.708215,0.708265
2026-06-15T16:00:00Z,0.708265,0.708516,0.708115,0.708366
2026-06-15T17:00:00Z,0.708316,0.708316,0.707864,0.707965
2026-06-15T18:00:00Z,0.707965,0.707965,0.707614,0.707714
2026-06-15T19:00:00Z,0.707764,0.707764,0.707264,0.707264
2026-06-15T20:00:00Z,0.707164,0.707414,0.707164,0.707264
2026-06-15T21:00:00Z,0.707914,0.707914,0.707364,0.707464
2026-06-15T22:00:00Z,0.707364,0.707464,0.706964,0.707214
2026-06-15T23:00:00Z,0.707214,0.707664,0.707214,0.707464
2026-06-16T00:00:00Z,0.707364,0.707414,0.707014,0.707264
2026-06-16T01:00:00Z,0.707364,0.707564,0.706414,0.706414
2026-06-16T02:00:00Z,0.706414,0.706514,0.705866,0.706514
2026-06-16T03:00:00Z,0.706464,0.706714,0.706215,0.706414
2026-06-16T04:00:00Z,0.706464,0.706464,0.704871,0.705219
2026-06-16T05:00:00Z,0.705368,0.705766,0.704722,0.704920
2026-06-16T06:00:00Z,0.705069,0.705816,0.705069,0.705716
2026-06-16T07:00:00Z,0.705617,0.706314,0.705617,0.706314
2026-06-16T08:00:00Z,0.706364,0.707114,0.706115,0.707114
2026-06-16T09:00:00Z,0.707064,0.707114,0.706864,0.707064
2026-06-16T10:00:00Z,0.707014,0.708065,0.707014,0.708065
2026-06-16T11:00:00Z,0.707914,0.707914,0.707114,0.707114
2026-06-16T12:00:00Z,0.707164,0.707164,0.706664,0.707114
2026-06-16T13:00:00Z,0.707164,0.707864,0.706914,0.707514
2026-06-16T14:00:00Z,0.707864,0.708015,0.706914,0.708015
2026-06-16T15:00:00Z,0.708115,0.708115,0.707114,0.707965
2026-06-16T16:00:00Z,0.707914,0.708165,0.707614,0.707664
2026-06-16T17:00:00Z,0.707514,0.707664,0.707214,0.707414
2026-06-16T18:00:00Z,0.707514,0.707614,0.707314,0.707464
2026-06-16T19:00:00Z,0.707514,0.707614,0.706914,0.706914
2026-06-16T20:00:00Z,0.706864,0.706964,0.706764,0.706964
2026-06-16T21:00:00Z,0.707314,0.707314,0.706714,0.707014
2026-06-16T22:00:00Z,0.707014,0.707214,0.706914,0.707214
2026-06-16T23:00:00Z,0.707064,0.707314,0.706814,0.706814
2026-06-17T00:00:00Z,0.706714,0.707214,0.706714,0.707114
2026-06-17T01:00:00Z,0.707064,0.707414,0.706864,0.707064
2026-06-17T02:00:00Z,0.707014,0.707214,0.706514,0.706614
2026-06-17T03:00:00Z,0.706514,0.706564,0.706314,0.706414
2026-06-17T04:00:00Z,0.706414,0.706664,0.706314,0.706364
2026-06-17T05:00:00Z,0.706464,0.706564,0.706115,0.706165
2026-06-17T06:00:00Z,0.706015,0.706215,0.705716,0.705965
2026-06-17T07:00:00Z,0.705965,0.706664,0.705965,0.706614
2026-06-17T08:00:00Z,0.706614,0.706614,0.705916,0.706414
2026-06-17T09:00:00Z,0.706314,0.706664,0.706314,0.706414
2026-06-17T10:00:00Z,0.706364,0.706364,0.705965,0.706065
2026-06-17T11:00:00Z,0.706165,0.706314,0.705965,0.706165
2026-06-17T12:00:00Z,0.706265,0.706764,0.706165,0.706714
2026-06-17T13:00:00Z,0.706764,0.707514,0.706764,0.707214
2026-06-17T14:00:00Z,0.707164,0.707514,0.706864,0.706864
2026-06-17T15:00:00Z,0.706914,0.707564,0.706714,0.707314
2026-06-17T16:00:00Z,0.707314,0.707514,0.707014,0.707464
2026-06-17T17:00:00Z,0.707364,0.707764,0.707364,0.707714
2026-06-17T18:00:00Z,0.705318,0.706065,0.703532,0.704225
2026-06-17T19:00:00Z,0.704622,0.704622,0.699986,0.700918
2026-06-17T20:00:00Z,0.701361,0.701754,0.700869,0.701607
2026-06-17T21:00:00Z,0.701705,0.701951,0.701459,0.701804
2026-06-17T22:00:00Z,0.701656,0.701951,0.701557,0.701705
2026-06-17T23:00:00Z,0.701804,0.702198,0.701804,0.702001
2026-06-18T00:00:00Z,0.702395,0.703284,0.702395,0.702642
2026-06-18T01:00:00Z,0.702691,0.703680,0.702691,0.703433
2026-06-18T02:00:00Z,0.703482,0.704225,0.703334,0.703829
2026-06-18T03:00:00Z,0.703878,0.704275,0.703829,0.704176
2026-06-18T04:00:00Z,0.704325,0.704374,0.703631,0.703680
2026-06-18T05:00:00Z,0.703581,0.703977,0.703235,0.703235
2026-06-18T06:00:00Z,0.703284,0.704275,0.703136,0.704027
2026-06-18T07:00:00Z,0.704027,0.704027,0.703087,0.703581
2026-06-18T08:00:00Z,0.703383,0.703532,0.701311,0.701311
2026-06-18T09:00:00Z,0.701262,0.702099,0.701213,0.701951
2026-06-18T10:00:00Z,0.701754,0.701754,0.700771,0.700771
2026-06-18T11:00:00Z,0.700869,0.701016,0.700378,0.700476
2026-06-18T12:00:00Z,0.700525,0.702099,0.700427,0.702099
2026-06-18T13:00:00Z,0.702001,0.703087,0.701607,0.702691
2026-06-18T14:00:00Z,0.702790,0.703928,0.702099,0.703928
2026-06-18T15:00:00Z,0.703829,0.703829,0.702296,0.702395
2026-06-18T16:00:00Z,0.702247,0.702346,0.701902,0.702050
2026-06-18T17:00:00Z,0.702050,0.702741,0.702050,0.702149
2026-06-18T18:00:00Z,0.701902,0.702149,0.701754,0.701754
2026-06-18T19:00:00Z,0.701607,0.702099,0.701066,0.701705
2026-06-18T20:00:00Z,0.701508,0.702099,0.701508,0.701607
2026-06-18T21:00:00Z,0.701311,0.702346,0.701311,0.701902
2026-06-18T22:00:00Z,0.701656,0.701951,0.701656,0.701951
2026-06-18T23:00:00Z,0.701951,0.702001,0.701508,0.701557
2026-06-19T00:00:00Z,0.701656,0.701902,0.701361,0.701459
2026-06-19T01:00:00Z,0.701459,0.701459,0.700673,0.700673
2026-06-19T02:00:00Z,0.700771,0.701459,0.700673,0.701311
2026-06-19T03:00:00Z,0.701459,0.701459,0.700035,0.700035
2026-06-19T04:00:00Z,0.699937,0.700133,0.699399,0.699399
2026-06-19T05:00:00Z,0.699447,0.700869,0.699203,0.700722
2026-06-19T06:00:00Z,0.700771,0.701459,0.700722,0.701311
2026-06-19T07:00:00Z,0.701508,0.701804,0.700918,0.701213
2026-06-19T08:00:00Z,0.701262,0.702099,0.701262,0.702001
2026-06-19T09:00:00Z,0.702198,0.702247,0.701853,0.701853
2026-06-19T10:00:00Z,0.702001,0.702001,0.701361,0.701607
2026-06-19T11:00:00Z,0.701557,0.701804,0.701311,0.701410
2026-06-19T12:00:00Z,0.701459,0.702593,0.701361,0.702395
2026-06-19T13:00:00Z,0.702346,0.702346,0.701213,0.701262
2026-06-19T14:00:00Z,0.701164,0.701361,0.701016,0.701361
2026-06-19T15:00:00Z,0.701607,0.701607,0.701066,0.701164
2026-06-19T16:00:00Z,0.701115,0.701361,0.701016,0.701115
2026-06-19T17:00:00Z,0.701115,0.701459,0.701115,0.701361
2026-06-19T18:00:00Z,0.701410,0.701607,0.701361,0.701508
2026-06-19T19:00:00Z,0.701607,0.701804,0.701361,0.701410
2026-06-19T20:00:00Z,0.701361,0.701607,0.701016,0.701410
2026-06-19T21:00:00Z,0.701557,0.701557,0.701557,0.701557
2026-06-21T23:00:00Z,0.700771,0.700869,0.700182,0.700427
2026-06-22T00:00:00Z,0.700525,0.701262,0.700476,0.701262
2026-06-22T01:00:00Z,0.701656,0.702001,0.701361,0.701361
2026-06-22T02:00:00Z,0.701115,0.701262,0.700673,0.701262
2026-06-22T03:00:00Z,0.701164,0.701459,0.700624,0.700624
2026-06-22T04:00:00Z,0.700722,0.700722,0.700329,0.700624
2026-06-22T05:00:00Z,0.700722,0.701262,0.700574,0.700574
2026-06-22T06:00:00Z,0.700525,0.700869,0.700084,0.700574
2026-06-22T07:00:00Z,0.700624,0.700673,0.700084,0.700182
2026-06-22T08:00:00Z,0.700231,0.700231,0.699741,0.699741
2026-06-22T09:00:00Z,0.699790,0.700525,0.699790,0.700231
2026-06-22T10:00:00Z,0.700133,0.700771,0.700133,0.700378
2026-06-22T11:00:00Z,0.700280,0.700722,0.700231,0.700378
2026-06-22T12:00:00Z,0.700476,0.701410,0.700427,0.700918
2026-06-22T13:00:00Z,0.700967,0.701410,0.700525,0.700574
2026-06-22T14:00:00Z,0.700525,0.701262,0.700378,0.701262
2026-06-22T15:00:00Z,0.701311,0.701557,0.700182,0.700182
2026-06-22T16:00:00Z,0.700231,0.700525,0.699937,0.700525
2026-06-22T17:00:00Z,0.700476,0.700624,0.700280,0.700476
2026-06-22T18:00:00Z,0.700427,0.700525,0.700329,0.700329
2026-06-22T19:00:00Z,0.700378,0.700378,0.699741,0.700231
2026-06-22T20:00:00Z,0.700231,0.700378,0.700182,0.700280
2026-06-22T21:00:00Z,0.700673,0.700869,0.700427,0.700574
2026-06-22T22:00:00Z,0.700329,0.700427,0.700035,0.700084
2026-06-22T23:00:00Z,0.700182,0.700182,0.699643,0.699643
2026-06-23T00:00:00Z,0.699496,0.699496,0.698568,0.699105
2026-06-23T01:00:00Z,0.699203,0.699203,0.698227,0.698665
2026-06-23T02:00:00Z,0.698568,0.698861,0.697739,0.697739
2026-06-23T03:00:00Z,0.697788,0.697934,0.697058,0.697934
2026-06-23T04:00:00Z,0.698032,0.698032,0.696816,0.696816
2026-06-23T05:00:00Z,0.696718,0.697107,0.696476,0.696476
2026-06-23T06:00:00Z,0.696379,0.696670,0.695265,0.695652
2026-06-23T07:00:00Z,0.695507,0.696427,0.694782,0.694975
2026-06-23T08:00:00Z,0.695024,0.695265,0.694541,0.694782
2026-06-23T09:00:00Z,0.694879,0.695894,0.694879,0.695894
2026-06-23T10:00:00Z,0.696088,0.696233,0.694686,0.694686
2026-06-23T11:00:00Z,0.694686,0.694975,0.693529,0.693529
2026-06-23T12:00:00Z,0.693433,0.694011,0.693433,0.693818
2026-06-23T13:00:00Z,0.693818,0.694396,0.693337,0.694011
2026-06-23T14:00:00Z,0.693914,0.693914,0.693049,0.693385
2026-06-23T15:00:00Z,0.693289,0.693337,0.692377,0.692617
2026-06-23T16:00:00Z,0.692713,0.692761,0.691946,0.691946
2026-06-23T17:00:00Z,0.691946,0.692089,0.691563,0.691611
2026-06-23T18:00:00Z,0.691611,0.691659,0.690990,0.691228
2026-06-23T19:00:00Z,0.691276,0.691946,0.691276,0.691706
2026-06-23T20:00:00Z,0.691467,0.691850,0.691419,0.691850
2026-06-23T21:00:00Z,0.691898,0.692185,0.691754,0.692137
2026-06-23T22:00:00Z,0.691946,0.691994,0.691706,0.691706
2026-06-23T23:00:00Z,0.691659,0.691802,0.691324,0.691706
2026-06-24T00:00:00Z,0.691850,0.692329,0.691706,0.692042
2026-06-24T01:00:00Z,0.691946,0.692425,0.691419,0.692089
2026-06-24T02:00:00Z,0.691946,0.692089,0.690703,0.690703
2026-06-24T03:00:00Z,0.690703,0.691181,0.690465,0.690990
2026-06-24T04:00:00Z,0.690894,0.691372,0.690560,0.691133
2026-06-24T05:00:00Z,0.691228,0.691850,0.691228,0.691467
2026-06-24T06:00:00Z,0.691372,0.691946,0.690751,0.690846
2026-06-24T07:00:00Z,0.690799,0.690990,0.690369,0.690369
2026-06-24T08:00:00Z,0.690226,0.690226,0.689513,0.689988
2026-06-24T09:00:00Z,0.689988,0.689988,0.689132,0.689132
2026-06-24T10:00:00Z,0.689132,0.689275,0.688800,0.689132
2026-06-24T11:00:00Z,0.689417,0.690274,0.688990,0.689750
2026-06-24T12:00:00Z,0.689846,0.690322,0.689037,0.689322
2026-06-24T13:00:00Z,0.689370,0.690226,0.689132,0.690036
2026-06-24T14:00:00Z,0.690131,0.690226,0.688895,0.689417
2026-06-24T15:00:00Z,0.689465,0.690226,0.689417,0.689655
2026-06-24T16:00:00Z,0.689655,0.690846,0.689608,0.690369
2026-06-24T17:00:00Z,0.690465,0.690465,0.688753,0.688800
2026-06-24T18:00:00Z,0.688705,0.689465,0.688658,0.688800
2026-06-24T19:00:00Z,0.688800,0.689560,0.688610,0.689465
2026-06-24T20:00:00Z,0.689370,0.690322,0.689370,0.690274
2026-06-24T21:00:00Z,0.690274,0.690465,0.689655,0.690322
2026-06-24T22:00:00Z,0.690274,0.690274,0.689846,0.689846
2026-06-24T23:00:00Z,0.689846,0.690274,0.689798,0.690131
2026-06-25T00:00:00Z,0.689846,0.689846,0.689227,0.689655
2026-06-25T01:00:00Z,0.689703,0.690894,0.689322,0.689417
2026-06-25T02:00:00Z,0.689417,0.689798,0.689085,0.689513
2026-06-25T03:00:00Z,0.689560,0.690036,0.689465,0.689941
2026-06-25T04:00:00Z,0.690036,0.690465,0.689941,0.690465
2026-06-25T05:00:00Z,0.690465,0.690560,0.689465,0.689465
2026-06-25T06:00:00Z,0.689513,0.689798,0.689037,0.689180
2026-06-25T07:00:00Z,0.689085,0.690036,0.689085,0.690036
2026-06-25T08:00:00Z,0.690322,0.690846,0.690179,0.690369
2026-06-25T09:00:00Z,0.690465,0.690703,0.690036,0.690369
2026-06-25T10:00:00Z,0.690274,0.690274,0.689370,0.689370
2026-06-25T11:00:00Z,0.689513,0.689560,0.689085,0.689132
2026-06-25T12:00:00Z,0.689275,0.691611,0.689085,0.690751
2026-06-25T13:00:00Z,0.690799,0.691228,0.689608,0.689608
2026-06-25T14:00:00Z,0.689560,0.691133,0.689560,0.691085
2026-06-25T15:00:00Z,0.690990,0.692281,0.690990,0.692185
2026-06-25T16:00:00Z,0.692185,0.692905,0.691802,0.691850
2026-06-25T17:00:00Z,0.691946,0.692137,0.691802,0.692137
2026-06-25T18:00:00Z,0.692042,0.692233,0.691515,0.691802
2026-06-25T19:00:00Z,0.691802,0.691802,0.691037,0.691324
2026-06-25T20:00:00Z,0.691467,0.691515,0.691228,0.691276
2026-06-25T21:00:00Z,0.691228,0.691898,0.690990,0.691037
2026-06-25T22:00:00Z,0.691228,0.691228,0.690894,0.691085
2026-06-25T23:00:00Z,0.691037,0.691085,0.690274,0.690274
2026-06-26T00:00:00Z,0.690274,0.690322,0.689941,0.690084
2026-06-26T01:00:00Z,0.690226,0.690417,0.689085,0.689085
2026-06-26T02:00:00Z,0.689227,0.689275,0.687853,0.688184
2026-06-26T03:00:00Z,0.688184,0.689227,0.688089,0.689227
2026-06-26T04:00:00Z,0.689465,0.689608,0.688848,0.688848
2026-06-26T05:00:00Z,0.688848,0.689798,0.688800,0.689750
2026-06-26T06:00:00Z,0.689560,0.690131,0.689132,0.690084
2026-06-26T07:00:00Z,0.689846,0.689941,0.689227,0.689370
2026-06-26T08:00:00Z,0.689465,0.690084,0.688942,0.689893
2026-06-26T09:00:00Z,0.689703,0.690799,0.689608,0.690465
2026-06-26T10:00:00Z,0.690417,0.690608,0.690179,0.690560
2026-06-26T11:00:00Z,0.690608,0.690655,0.690084,0.690179
2026-06-26T12:00:00Z,0.690179,0.690655,0.689941,0.690655
2026-06-26T13:00:00Z,0.690655,0.691228,0.690369,0.691228
2026-06-26T14:00:00Z,0.691419,0.691850,0.690274,0.690274
2026-06-26T15:00:00Z,0.690226,0.691133,0.690179,0.690751
2026-06-26T16:00:00Z,0.690799,0.690846,0.689941,0.690274
2026-06-26T17:00:00Z,0.690274,0.690465,0.689988,0.690036
2026-06-26T18:00:00Z,0.689988,0.690322,0.689703,0.689703
2026-06-26T19:00:00Z,0.689655,0.690226,0.689608,0.690226
2026-06-26T20:00:00Z,0.690084,0.690131,0.689417,0.689608
2026-06-26T21:00:00Z,0.690131,0.690131,0.690131,0.690131
2026-06-28T23:00:00Z,0.689750,0.689988,0.689608,0.689846
2026-06-29T00:00:00Z,0.689560,0.689560,0.688610,0.688848
2026-06-29T01:00:00Z,0.688705,0.689322,0.688421,0.688800
2026-06-29T02:00:00Z,0.688753,0.689750,0.688753,0.689322
2026-06-29T03:00:00Z,0.689465,0.689750,0.689132,0.689132
2026-06-29T04:00:00Z,0.689180,0.689322,0.689037,0.689132
2026-06-29T05:00:00Z,0.688990,0.689846,0.688990,0.689798
2026-06-29T06:00:00Z,0.689750,0.690608,0.689655,0.690560
2026-06-29T07:00:00Z,0.690417,0.690560,0.689750,0.689750
2026-06-29T08:00:00Z,0.689798,0.689893,0.689322,0.689370
2026-06-29T09:00:00Z,0.689560,0.690131,0.689560,0.690131
2026-06-29T10:00:00Z,0.690084,0.690322,0.689988,0.690274
2026-06-29T11:00:00Z,0.690369,0.690465,0.689988,0.690369
2026-06-29T12:00:00Z,0.690274,0.690322,0.689703,0.689893
2026-06-29T13:00:00Z,0.689941,0.689941,0.689085,0.689085
2026-06-29T14:00:00Z,0.689227,0.689227,0.688042,0.688373
2026-06-29T15:00:00Z,0.688231,0.688658,0.688137,0.688610
2026-06-29T16:00:00Z,0.688705,0.689275,0.688705,0.688895
2026-06-29T17:00:00Z,0.688990,0.689132,0.688848,0.688990
2026-06-29T18:00:00Z,0.689180,0.689465,0.689180,0.689275
2026-06-29T19:00:00Z,0.689322,0.689370,0.689037,0.689275
2026-06-29T20:00:00Z,0.689180,0.689322,0.688895,0.688895
2026-06-29T21:00:00Z,0.689370,0.689417,0.688753,0.689180
2026-06-29T22:00:00Z,0.689085,0.689180,0.688990,0.689037
2026-06-29T23:00:00Z,0.689037,0.689132,0.688421,0.688421
2026-06-30T00:00:00Z,0.688184,0.688184,0.686955,0.687474
2026-06-30T01:00:00Z,0.687474,0.688563,0.686908,0.687191
2026-06-30T02:00:00Z,0.687427,0.687522,0.686860,0.687002
2026-06-30T03:00:00Z,0.687191,0.687427,0.687002,0.687144
2026-06-30T04:00:00Z,0.687191,0.687569,0.687191,0.687191
2026-06-30T05:00:00Z,0.687238,0.687758,0.687049,0.687144
2026-06-30T06:00:00Z,0.687096,0.688042,0.687096,0.688042
2026-06-30T07:00:00Z,0.687853,0.688421,0.687853,0.688042
2026-06-30T08:00:00Z,0.687994,0.688373,0.687900,0.688326
2026-06-30T09:00:00Z,0.688326,0.688800,0.688326,0.688705
2026-06-30T10:00:00Z,0.688705,0.689275,0.688563,0.689275
2026-06-30T11:00:00Z,0.689085,0.689227,0.688753,0.689037
2026-06-30T12:00:00Z,0.689085,0.689085,0.688516,0.688753
2026-06-30T13:00:00Z,0.688942,0.689655,0.688895,0.689560
2026-06-30T14:00:00Z,0.689322,0.693097,0.689322,0.693097
2026-06-30T15:00:00Z,0.692905,0.692905,0.691659,0.691659
2026-06-30T16:00:00Z,0.691659,0.691659,0.691181,0.691419
2026-06-30T17:00:00Z,0.691467,0.692137,0.691467,0.692089
2026-06-30T18:00:00Z,0.692089,0.692521,0.692089,0.692377
2026-06-30T19:00:00Z,0.692329,0.692617,0.692137,0.692617
2026-06-30T20:00:00Z,0.692569,0.692569,0.692185,0.692233
2026-06-30T21:00:00Z,0.691706,0.692137,0.691706,0.692089
2026-06-30T22:00:00Z,0.692137,0.692185,0.691898,0.691946
2026-06-30T23:00:00Z,0.691946,0.692042,0.691419,0.691419
2026-07-01T00:00:00Z,0.691419,0.691611,0.690417,0.690417
2026-07-01T01:00:00Z,0.690417,0.690417,0.689180,0.689417
2026-07-01T02:00:00Z,0.689275,0.689465,0.688610,0.689180
2026-07-01T03:00:00Z,0.689085,0.689370,0.688990,0.689370
2026-07-01T04:00:00Z,0.689275,0.689608,0.688848,0.689513
2026-07-01T05:00:00Z,0.689608,0.689846,0.689370,0.689655
2026-07-01T06:00:00Z,0.689655,0.689655,0.688990,0.689322
2026-07-01T07:00:00Z,0.689275,0.689560,0.688942,0.689560
2026-07-01T08:00:00Z,0.689608,0.689703,0.689180,0.689417
2026-07-01T09:00:00Z,0.689370,0.689560,0.689275,0.689275
2026-07-01T10:00:00Z,0.689085,0.690179,0.689085,0.690131
2026-07-01T11:00:00Z,0.690131,0.690131,0.689560,0.689560
2026-07-01T12:00:00Z,0.689655,0.689941,0.689227,0.689465
2026-07-01T13:00:00Z,0.689608,0.691706,0.688848,0.690465
2026-07-01T14:00:00Z,0.690846,0.691181,0.689988,0.690512
2026-07-01T15:00:00Z,0.690512,0.690608,0.690036,0.690417
2026-07-01T16:00:00Z,0.690751,0.691037,0.690226,0.690322
2026-07-01T17:00:00Z,0.690465,0.690465,0.690131,0.690131
2026-07-01T18:00:00Z,0.690131,0.690179,0.689513,0.689798
2026-07-01T19:00:00Z,0.689846,0.690036,0.689608,0.689608
2026-07-01T20:00:00Z,0.689560,0.689608,0.689275,0.689608
2026-07-01T21:00:00Z,0.689465,0.689988,0.689370,0.689893
2026-07-01T22:00:00Z,0.689465,0.689655,0.689465,0.689513
2026-07-01T23:00:00Z,0.689465,0.689513,0.689227,0.689227
2026-07-02T00:00:00Z,0.689037,0.689085,0.688705,0.689085
2026-07-02T01:00:00Z,0.689417,0.689941,0.689417,0.689655
2026-07-02T02:00:00Z,0.689798,0.690322,0.689608,0.689655
2026-07-02T03:00:00Z,0.689798,0.689798,0.688753,0.689513
2026-07-02T04:00:00Z,0.689608,0.689798,0.689322,0.689703
2026-07-02T05:00:00Z,0.689655,0.689893,0.689370,0.689560
2026-07-02T06:00:00Z,0.689846,0.690179,0.689560,0.689941
2026-07-02T07:00:00Z,0.689608,0.689941,0.689370,0.689513
2026-07-02T08:00:00Z,0.689417,0.691228,0.689417,0.691133
2026-07-02T09:00:00Z,0.691085,0.691085,0.690226,0.690799
2026-07-02T10:00:00Z,0.690465,0.690560,0.689893,0.690084
2026-07-02T11:00:00Z,0.689988,0.689988,0.689037,0.689037
2026-07-02T12:00:00Z,0.688990,0.694348,0.688990,0.692665
2026-07-02T13:00:00Z,0.692425,0.694493,0.692425,0.694011
2026-07-02T14:00:00Z,0.693914,0.694444,0.692713,0.693626
2026-07-02T15:00:00Z,0.693577,0.694155,0.693241,0.693289
2026-07-02T16:00:00Z,0.693145,0.693289,0.692329,0.692665
2026-07-02T17:00:00Z,0.692425,0.692569,0.691754,0.691802
2026-07-02T18:00:00Z,0.691850,0.692425,0.691850,0.692185
2026-07-02T19:00:00Z,0.692089,0.692377,0.691659,0.692377
2026-07-02T20:00:00Z,0.692233,0.692569,0.692233,0.692425
2026-07-02T21:00:00Z,0.691611,0.692857,0.691611,0.692233
2026-07-02T22:00:00Z,0.692377,0.692377,0.692137,0.692137
2026-07-02T23:00:00Z,0.692185,0.692281,0.691706,0.691754
2026-07-03T00:00:00Z,0.691898,0.692137,0.691372,0.692137
2026-07-03T01:00:00Z,0.692137,0.693722,0.692137,0.693289
2026-07-03T02:00:00Z,0.693193,0.694107,0.693097,0.693914
2026-07-03T03:00:00Z,0.693818,0.694011,0.693626,0.693722
2026-07-03T04:00:00Z,0.693770,0.694300,0.693674,0.694155
2026-07-03T05:00:00Z,0.694059,0.694589,0.694011,0.694107
2026-07-03T06:00:00Z,0.694396,0.695169,0.694348,0.694637
2026-07-03T07:00:00Z,0.694444,0.695024,0.694444,0.694734
2026-07-03T08:00:00Z,0.694637,0.694830,0.694348,0.694348
2026-07-03T09:00:00Z,0.694252,0.694541,0.693963,0.693963
2026-07-03T10:00:00Z,0.694059,0.694300,0.694011,0.694107
2026-07-03T11:00:00Z,0.694059,0.694493,0.694059,0.694107
2026-07-03T12:00:00Z,0.694155,0.694252,0.693963,0.693963
2026-07-03T13:00:00Z,0.694011,0.694011,0.693722,0.693770
2026-07-03T14:00:00Z,0.693914,0.694155,0.693722,0.693818
2026-07-03T15:00:00Z,0.693770,0.693963,0.693722,0.693866
2026-07-03T16:00:00Z,0.693914,0.694011,0.693770,0.694011
2026-07-03T17:00:00Z,0.694011,0.694107,0.693963,0.694059
2026-07-03T18:00:00Z,0.694059,0.694059,0.694011,0.694011
2026-07-03T19:00:00Z,0.694155,0.694155,0.693866,0.693866
2026-07-03T20:00:00Z,0.693866,0.694348,0.693722,0.694348
2026-07-03T21:00:00Z,0.694300,0.694300,0.694300,0.694300
2026-07-05T23:00:00Z,0.693866,0.694059,0.693770,0.694011
2026-07-06T00:00:00Z,0.693770,0.694155,0.693385,0.693722
2026-07-06T01:00:00Z,0.693529,0.693914,0.693241,0.693241
2026-07-06T02:00:00Z,0.693289,0.693481,0.693049,0.693193
2026-07-06T03:00:00Z,0.693193,0.693193,0.692473,0.692809
2026-07-06T04:00:00Z,0.692857,0.693577,0.692857,0.693529
2026-07-06T05:00:00Z,0.693481,0.693674,0.693241,0.693241
2026-07-06T06:00:00Z,0.693289,0.693481,0.692953,0.692953
2026-07-06T07:00:00Z,0.692905,0.693963,0.692905,0.693914
2026-07-06T08:00:00Z,0.694059,0.694059,0.693241,0.693481
2026-07-06T09:00:00Z,0.693385,0.693529,0.693241,0.693289
2026-07-06T10:00:00Z,0.693289,0.693914,0.693097,0.693674
2026-07-06T11:00:00Z,0.693626,0.693818,0.693433,0.693577
2026-07-06T12:00:00Z,0.693674,0.693770,0.692665,0.692761
2026-07-06T13:00:00Z,0.692761,0.693770,0.692761,0.693385
2026-07-06T14:00:00Z,0.693289,0.693914,0.693289,0.693914
2026-07-06T15:00:00Z,0.694107,0.694686,0.693963,0.694589
2026-07-06T16:00:00Z,0.694541,0.694879,0.694541,0.694830
2026-07-06T17:00:00Z,0.694927,0.695604,0.694927,0.695362
2026-07-06T18:00:00Z,0.695410,0.696136,0.695410,0.696136
2026-07-06T19:00:00Z,0.695943,0.695991,0.695797,0.695894
2026-07-06T20:00:00Z,0.695894,0.695894,0.695701,0.695894
2026-07-06T21:00:00Z,0.695265,0.696040,0.695217,0.695797
2026-07-06T22:00:00Z,0.695991,0.696040,0.695894,0.695991
2026-07-06T23:00:00Z,0.696040,0.696233,0.695749,0.695749
2026-07-07T00:00:00Z,0.695652,0.695797,0.695265,0.695265
2026-07-07T01:00:00Z,0.695120,0.696136,0.694927,0.695991
2026-07-07T02:00:00Z,0.695943,0.696040,0.695314,0.695314
2026-07-07T03:00:00Z,0.695265,0.695555,0.694637,0.694830
2026-07-07T04:00:00Z,0.694927,0.695120,0.694637,0.694637
2026-07-07T05:00:00Z,0.694493,0.694493,0.693770,0.694396
2026-07-07T06:00:00Z,0.694396,0.694637,0.693963,0.694589
2026-07-07T07:00:00Z,0.694637,0.694782,0.694107,0.694107
2026-07-07T08:00:00Z,0.694155,0.694830,0.694155,0.694541
2026-07-07T09:00:00Z,0.694396,0.694830,0.694396,0.694541
2026-07-07T10:00:00Z,0.694541,0.694879,0.694493,0.694782
2026-07-07T11:00:00Z,0.694782,0.695459,0.694734,0.695072
2026-07-07T12:00:00Z,0.695024,0.695604,0.694975,0.695169
2026-07-07T13:00:00Z,0.695217,0.695314,0.694589,0.694589
2026-07-07T14:00:00Z,0.694444,0.694589,0.693866,0.694396
2026-07-07T15:00:00Z,0.694252,0.694300,0.693674,0.693770
2026-07-07T16:00:00Z,0.693770,0.693963,0.693674,0.693914
2026-07-07T17:00:00Z,0.693963,0.694444,0.693963,0.694444
2026-07-07T18:00:00Z,0.694444,0.694493,0.693577,0.693770
2026-07-07T19:00:00Z,0.693481,0.693481,0.692377,0.693433
2026-07-07T20:00:00Z,0.693433,0.693529,0.693097,0.693145
2026-07-07T21:00:00Z,0.693049,0.693385,0.692425,0.692617
2026-07-07T22:00:00Z,0.692761,0.692953,0.692665,0.692905
2026-07-07T23:00:00Z,0.692953,0.693049,0.692473,0.692473
2026-07-08T00:00:00Z,0.692521,0.693770,0.692329,0.693722
2026-07-08T01:00:00Z,0.693674,0.694155,0.693193,0.694059
2026-07-08T02:00:00Z,0.693914,0.694541,0.693818,0.694155
2026-07-08T03:00:00Z,0.694252,0.694879,0.694252,0.694252
2026-07-08T04:00:00Z,0.694203,0.694444,0.694011,0.694300
2026-07-08T05:00:00Z,0.694348,0.694734,0.694300,0.694444
2026-07-08T06:00:00Z,0.694493,0.694541,0.693818,0.693914
2026-07-08T07:00:00Z,0.693914,0.694493,0.693289,0.694203
2026-07-08T08:00:00Z,0.694059,0.694107,0.691515,0.691850
2026-07-08T09:00:00Z,0.691515,0.692521,0.690942,0.691994
2026-07-08T10:00:00Z,0.692042,0.693001,0.691898,0.692617
2026-07-08T11:00:00Z,0.692425,0.692425,0.691037,0.691898
2026-07-08T12:00:00Z,0.691850,0.693385,0.691850,0.692617
2026-07-08T13:00:00Z,0.692521,0.693001,0.692281,0.692425
2026-07-08T14:00:00Z,0.692473,0.692761,0.691994,0.691994
2026-07-08T15:00:00Z,0.691994,0.692521,0.690990,0.691228
2026-07-08T16:00:00Z,0.691372,0.693001,0.691228,0.692953
2026-07-08T17:00:00Z,0.692953,0.693914,0.692953,0.693193
2026-07-08T18:00:00Z,0.693097,0.694059,0.693097,0.693914
2026-07-08T19:00:00Z,0.694059,0.694203,0.693722,0.694011
2026-07-08T20:00:00Z,0.693963,0.694011,0.693097,0.693289
2026-07-08T21:00:00Z,0.693241,0.693914,0.692713,0.693097
2026-07-08T22:00:00Z,0.693337,0.693433,0.693241,0.693241
2026-07-08T23:00:00Z,0.693241,0.693866,0.693241,0.693818
2026-07-09T00:00:00Z,0.693866,0.694203,0.693433,0.693577
2026-07-09T01:00:00Z,0.693529,0.693529,0.692905,0.693193
2026-07-09T02:00:00Z,0.693385,0.693963,0.693289,0.693337
2026-07-09T03:00:00Z,0.693289,0.693914,0.693001,0.693577
2026-07-09T04:00:00Z,0.693674,0.693914,0.693433,0.693914
2026-07-09T05:00:00Z,0.693963,0.694107,0.693674,0.694059
2026-07-09T06:00:00Z,0.694252,0.694782,0.694011,0.694155
2026-07-09T07:00:00Z,0.694300,0.694300,0.693674,0.693818
2026-07-09T08:00:00Z,0.694059,0.694203,0.693722,0.693722
2026-07-09T09:00:00Z,0.693770,0.694011,0.693577,0.694011
2026-07-09T10:00:00Z,0.693963,0.694011,0.693241,0.693385
2026-07-09T11:00:00Z,0.693433,0.693722,0.693289,0.693626
2026-07-09T12:00:00Z,0.693770,0.694155,0.693385,0.693385
2026-07-09T13:00:00Z,0.693529,0.694252,0.693529,0.694252
2026-07-09T14:00:00Z,0.694252,0.694686,0.694011,0.694107
2026-07-09T15:00:00Z,0.694059,0.694782,0.694059,0.694637
2026-07-09T16:00:00Z,0.694637,0.694879,0.694348,0.694348
2026-07-09T17:00:00Z,0.694396,0.694782,0.694348,0.694782
2026-07-09T18:00:00Z,0.694734,0.694734,0.694348,0.694541
2026-07-09T19:00:00Z,0.694589,0.694589,0.694011,0.694203
2026-07-09T20:00:00Z,0.694252,0.694396,0.694203,0.694396
2026-07-09T21:00:00Z,0.694300,0.694637,0.694011,0.694203
2026-07-09T22:00:00Z,0.694203,0.694493,0.694203,0.694348
2026-07-09T23:00:00Z,0.694396,0.694493,0.694396,0.694493
2026-07-10T00:00:00Z,0.694589,0.694830,0.693674,0.694830
2026-07-10T01:00:00Z,0.694879,0.695507,0.694637,0.695507
2026-07-10T02:00:00Z,0.695169,0.697156,0.695169,0.697010
2026-07-10T03:00:00Z,0.696961,0.697107,0.696233,0.696233
2026-07-10T04:00:00Z,0.696233,0.696233,0.695555,0.695555
2026-07-10T05:00:00Z,0.695652,0.695797,0.694879,0.695120
2026-07-10T06:00:00Z,0.695120,0.695604,0.695120,0.695362
2026-07-10T07:00:00Z,0.695169,0.695314,0.694637,0.694782
2026-07-10T08:00:00Z,0.694782,0.694975,0.694396,0.694637
2026-07-10T09:00:00Z,0.694589,0.694975,0.694493,0.694879
2026-07-10T10:00:00Z,0.694879,0.695459,0.694879,0.695217
2026-07-10T11:00:00Z,0.695169,0.695217,0.694493,0.695120
2026-07-10T12:00:00Z,0.695217,0.695604,0.694879,0.695120
2026-07-10T13:00:00Z,0.695217,0.695555,0.694975,0.695024
2026-07-10T14:00:00Z,0.694975,0.695362,0.694686,0.694830
2026-07-10T15:00:00Z,0.694782,0.696088,0.694782,0.696088
2026-07-10T16:00:00Z,0.696136,0.696718,0.696136,0.696282
2026-07-10T17:00:00Z,0.696136,0.696136,0.695555,0.695555
2026-07-10T18:00:00Z,0.695555,0.695652,0.695410,0.695507
2026-07-10T19:00:00Z,0.695459,0.695555,0.695362,0.695555
2026-07-10T20:00:00Z,0.695507,0.695652,0.695265,0.695555
2026-07-10T21:00:00Z,0.695507,0.695507,0.695507,0.695507
2026-07-12T23:00:00Z,0.693963,0.694396,0.693963,0.694396
2026-07-13T00:00:00Z,0.694396,0.694589,0.693577,0.693626
2026-07-13T01:00:00Z,0.693433,0.693914,0.693241,0.693674
2026-07-13T02:00:00Z,0.693674,0.694059,0.693481,0.693481
2026-07-13T03:00:00Z,0.693385,0.693385,0.692761,0.693193
2026-07-13T04:00:00Z,0.693097,0.693577,0.692809,0.693529
2026-07-13T05:00:00Z,0.693481,0.693963,0.692953,0.693049
2026-07-13T06:00:00Z,0.693289,0.693481,0.692713,0.693049
2026-07-13T07:00:00Z,0.693145,0.693914,0.693145,0.693866
2026-07-13T08:00:00Z,0.694107,0.694927,0.694107,0.694493
2026-07-13T09:00:00Z,0.694348,0.694493,0.694155,0.694348
2026-07-13T10:00:00Z,0.694396,0.694782,0.694107,0.694782
2026-07-13T11:00:00Z,0.694782,0.695217,0.694541,0.694782
2026-07-13T12:00:00Z,0.694782,0.694830,0.694203,0.694830
2026-07-13T13:00:00Z,0.694879,0.694879,0.693818,0.694011
2026-07-13T14:00:00Z,0.694011,0.694011,0.693337,0.693626
2026-07-13T15:00:00Z,0.693818,0.694059,0.693529,0.693722
2026-07-13T16:00:00Z,0.693577,0.693914,0.692185,0.692377
2026-07-13T17:00:00Z,0.692329,0.692809,0.692329,0.692425
2026-07-13T18:00:00Z,0.692377,0.692425,0.692089,0.692377
2026-07-13T19:00:00Z,0.692377,0.692425,0.691754,0.691994
2026-07-13T20:00:00Z,0.691994,0.692042,0.691659,0.691946
2026-07-13T21:00:00Z,0.692377,0.692377,0.691898,0.692042
2026-07-13T22:00:00Z,0.692233,0.692281,0.691946,0.691946
2026-07-13T23:00:00Z,0.691946,0.692137,0.691802,0.692137
2026-07-14T00:00:00Z,0.692137,0.692377,0.691706,0.692185
2026-07-14T01:00:00Z,0.692089,0.692569,0.691898,0.692281
2026-07-14T02:00:00Z,0.692377,0.693001,0.692377,0.692665
2026-07-14T03:00:00Z,0.692713,0.693433,0.692473,0.693337
2026-07-14T04:00:00Z,0.693385,0.693529,0.693193,0.693529
2026-07-14T05:00:00Z,0.693529,0.694107,0.693529,0.693626
2026-07-14T06:00:00Z,0.693722,0.693722,0.693193,0.693193
2026-07-14T07:00:00Z,0.693049,0.694493,0.693049,0.694348
2026-07-14T08:00:00Z,0.694444,0.694686,0.693963,0.694637
2026-07-14T09:00:00Z,0.694686,0.695604,0.694686,0.695459
2026-07-14T10:00:00Z,0.695410,0.695507,0.694300,0.694300
2026-07-14T11:00:00Z,0.694252,0.694782,0.694107,0.694686
2026-07-14T12:00:00Z,0.694637,0.698519,0.694348,0.697107
2026-07-14T13:00:00Z,0.697496,0.698519,0.697301,0.698422
2026-07-14T14:00:00Z,0.698470,0.699154,0.698227,0.698959
2026-07-14T15:00:00Z,0.698812,0.699447,0.697496,0.697496
2026-07-14T16:00:00Z,0.697350,0.698080,0.697253,0.698080
2026-07-14T17:00:00Z,0.698080,0.698129,0.697399,0.697739
2026-07-14T18:00:00Z,0.697788,0.697934,0.697350,0.697691
2026-07-14T19:00:00Z,0.697691,0.697739,0.697447,0.697545
2026-07-14T20:00:00Z,0.697447,0.697691,0.697350,0.697691
2026-07-14T21:00:00Z,0.698032,0.698032,0.697204,0.697642
2026-07-14T22:00:00Z,0.697642,0.697691,0.697496,0.697545
2026-07-14T23:00:00Z,0.697496,0.697934,0.697496,0.697788
2026-07-15T00:00:00Z,0.697983,0.698763,0.697983,0.698763
2026-07-15T01:00:00Z,0.698665,0.698910,0.698275,0.698812
2026-07-15T02:00:00Z,0.698812,0.699399,0.698519,0.699399
2026-07-15T03:00:00Z,0.699447,0.699496,0.698665,0.698959
2026-07-15T04:00:00Z,0.699105,0.699105,0.698568,0.698568
2026-07-15T05:00:00Z,0.698665,0.699154,0.698470,0.698959
2026-07-15T06:00:00Z,0.698959,0.699301,0.698812,0.698812
2026-07-15T07:00:00Z,0.698861,0.699203,0.698080,0.698861
2026-07-15T08:00:00Z,0.698861,0.699154,0.698714,0.699007
2026-07-15T09:00:00Z,0.699105,0.699301,0.698763,0.698861
2026-07-15T10:00:00Z,0.698714,0.698861,0.698275,0.698470
2026-07-15T11:00:00Z,0.698714,0.698910,0.698568,0.698910
2026-07-15T12:00:00Z,0.698861,0.699986,0.698568,0.699986
2026-07-15T13:00:00Z,0.699839,0.700035,0.699301,0.699790
2026-07-15T14:00:00Z,0.699741,0.700182,0.699594,0.700133
2026-07-15T15:00:00Z,0.700133,0.700427,0.699790,0.700133
2026-07-15T16:00:00Z,0.700035,0.700035,0.699252,0.699545
2026-07-15T17:00:00Z,0.699839,0.701754,0.699839,0.701754
2026-07-15T18:00:00Z,0.701853,0.702296,0.701164,0.701164
2026-07-15T19:00:00Z,0.701115,0.701508,0.700771,0.700967
2026-07-15T20:00:00Z,0.700967,0.701016,0.700820,0.700869
2026-07-15T21:00:00Z,0.700525,0.700967,0.700525,0.700673
2026-07-15T22:00:00Z,0.700918,0.700967,0.700771,0.700820
2026-07-15T23:00:00Z,0.700869,0.701262,0.700820,0.701066
2026-07-16T00:00:00Z,0.701213,0.701311,0.699888,0.700035
2026-07-16T01:00:00Z,0.700035,0.700035,0.699350,0.699447
2026-07-16T02:00:00Z,0.699399,0.699790,0.698959,0.699790
2026-07-16T03:00:00Z,0.699741,0.700329,0.699741,0.700231
2026-07-16T04:00:00Z,0.700280,0.700525,0.700133,0.700231
2026-07-16T05:00:00Z,0.700133,0.700329,0.699692,0.699692
2026-07-16T06:00:00Z,0.699790,0.700182,0.699741,0.700182
2026-07-16T07:00:00Z,0.700133,0.700378,0.699937,0.700084
2026-07-16T08:00:00Z,0.700084,0.700182,0.699692,0.700133
2026-07-16T09:00:00Z,0.700133,0.700525,0.700035,0.700182
2026-07-16T10:00:00Z,0.700182,0.700771,0.700182,0.700624
2026-07-16T11:00:00Z,0.700525,0.700918,0.700378,0.700820
2026-07-16T12:00:00Z,0.701164,0.701262,0.699888,0.700035
2026-07-16T13:00:00Z,0.700035,0.701164,0.700035,0.700624
2026-07-16T14:00:00Z,0.700673,0.701459,0.700574,0.700722
2026-07-16T15:00:00Z,0.700673,0.700771,0.700329,0.700378
2026-07-16T16:00:00Z,0.700378,0.700378,0.699496,0.699643
2026-07-16T17:00:00Z,0.699545,0.699692,0.699301,0.699545
2026-07-16T18:00:00Z,0.699545,0.699790,0.699399,0.699790
2026-07-16T19:00:00Z,0.699888,0.699888,0.699447,0.699741
2026-07-16T20:00:00Z,0.699741,0.699986,0.699692,0.699986
2026-07-16T21:00:00Z,0.699692,0.700280,0.699643,0.699839
2026-07-16T22:00:00Z,0.700035,0.700084,0.699790,0.699839
2026-07-16T23:00:00Z,0.699888,0.700182,0.699888,0.700182
2026-07-17T00:00:00Z,0.700231,0.700280,0.699496,0.700084
2026-07-17T01:00:00Z,0.700133,0.700280,0.698373,0.698422
2026-07-17T02:00:00Z,0.698470,0.698763,0.698080,0.698178
2026-07-17T03:00:00Z,0.698275,0.698959,0.698227,0.698519
2026-07-17T04:00:00Z,0.698373,0.698373,0.697934,0.698178
2026-07-17T05:00:00Z,0.698129,0.698275,0.697983,0.697983
2026-07-17T06:00:00Z,0.698227,0.699252,0.698129,0.698861
2026-07-17T07:00:00Z,0.699007,0.699203,0.698617,0.698617
2026-07-17T08:00:00Z,0.698763,0.698959,0.697496,0.697642
2026-07-17T09:00:00Z,0.697447,0.697739,0.697107,0.697399
2026-07-17T10:00:00Z,0.697350,0.697496,0.697204,0.697253
2026-07-17T11:00:00Z,0.697204,0.697934,0.696961,0.697739
2026-07-17T12:00:00Z,0.697837,0.697837,0.697156,0.697156
2026-07-17T13:00:00Z,0.697204,0.698032,0.697010,0.698032
2026-07-17T14:00:00Z,0.698178,0.698470,0.697983,0.698324
2026-07-17T15:00:00Z,0.698227,0.698763,0.698227,0.698665
2026-07-17T16:00:00Z,0.698519,0.698910,0.698178,0.698617
2026-07-17T17:00:00Z,0.698665,0.698763,0.698422,0.698470
2026-07-17T18:00:00Z,0.698373,0.698617,0.698324,0.698519
2026-07-17T19:00:00Z,0.698422,0.698763,0.698227,0.698763
2026-07-17T20:00:00Z,0.698617,0.698665,0.698227,0.698422
2026-07-17T21:00:00Z,0.698470,0.698470,0.698470,0.698470
2026-07-19T23:00:00Z,0.697788,0.698080,0.697691,0.697983
2026-07-20T00:00:00Z,0.698080,0.698763,0.697788,0.698617
2026-07-20T01:00:00Z,0.698812,0.699105,0.698763,0.699007
2026-07-20T02:00:00Z,0.699056,0.699692,0.699056,0.699545
2026-07-20T03:00:00Z,0.699496,0.699741,0.699252,0.699594
2026-07-20T04:00:00Z,0.699643,0.700133,0.699594,0.699937
2026-07-20T05:00:00Z,0.699937,0.699937,0.699350,0.699350
2026-07-20T06:00:00Z,0.699301,0.699496,0.698861,0.699301
2026-07-20T07:00:00Z,0.699203,0.700722,0.699203,0.700378
2026-07-20T08:00:00Z,0.700329,0.700476,0.700035,0.700231
2026-07-20T09:00:00Z,0.700231,0.700231,0.699937,0.700084
2026-07-20T10:00:00Z,0.700084,0.701016,0.700084,0.700967
2026-07-20T11:00:00Z,0.700967,0.701607,0.700771,0.701164
2026-07-20T12:00:00Z,0.701115,0.701164,0.700427,0.700771
2026-07-20T13:00:00Z,0.700722,0.701311,0.700624,0.701311
2026-07-20T14:00:00Z,0.701311,0.701607,0.700280,0.700280
2026-07-20T15:00:00Z,0.700133,0.700574,0.700133,0.700574
2026-07-20T16:00:00Z,0.700574,0.700967,0.700427,0.700624
2026-07-20T17:00:00Z,0.700624,0.700722,0.700427,0.700624
2026-07-20T18:00:00Z,0.700624,0.700967,0.700329,0.700378
2026-07-20T19:00:00Z,0.700525,0.700525,0.700133,0.700280
2026-07-20T20:00:00Z,0.700329,0.700329,0.699888,0.700133
2026-07-20T21:00:00Z,0.700035,0.700525,0.699692,0.699692
2026-07-20T22:00:00Z,0.699937,0.699937,0.699594,0.699692
2026-07-20T23:00:00Z,0.699741,0.700280,0.699741,0.700280
2026-07-21T00:00:00Z,0.700280,0.700820,0.699986,0.700624
2026-07-21T01:00:00Z,0.700427,0.700918,0.700378,0.700771
2026-07-21T02:00:00Z,0.700820,0.701164,0.700722,0.700967
2026-07-21T03:00:00Z,0.701016,0.701016,0.700722,0.700722
2026-07-21T04:00:00Z,0.700722,0.700967,0.700624,0.700967
2026-07-21T05:00:00Z,0.701016,0.701311,0.700869,0.701066
2026-07-21T06:00:00Z,0.701164,0.702050,0.701164,0.702050
2026-07-21T07:00:00Z,0.702099,0.702494,0.701951,0.702247
2026-07-21T08:00:00Z,0.702149,0.702494,0.702149,0.702494
2026-07-21T09:00:00Z,0.702445,0.702839,0.702445,0.702593
2026-07-21T10:00:00Z,0.702642,0.702889,0.702099,0.702198
2026-07-21T11:00:00Z,0.702198,0.702198,0.701804,0.701951
2026-07-21T12:00:00Z,0.702099,0.702099,0.701410,0.701853
2026-07-21T13:00:00Z,0.701853,0.701902,0.700574,0.700771
2026-07-21T14:00:00Z,0.700869,0.701410,0.700574,0.700673
2026-07-21T15:00:00Z,0.700673,0.701459,0.700673,0.700967
2026-07-21T16:00:00Z,0.700967,0.701016,0.700574,0.700967
2026-07-21T17:00:00Z,0.700967,0.701016,0.700771,0.700820
2026-07-21T18:00:00Z,0.700820,0.700820,0.700525,0.700722
2026-07-21T19:00:00Z,0.700820,0.700820,0.700329,0.700476
2026-07-21T20:00:00Z,0.700574,0.700574,0.700035,0.700035
2026-07-21T21:00:00Z,0.700084,0.700427,0.700084,0.700329
2026-07-21T22:00:00Z,0.700133,0.700231,0.699986,0.700035
2026-07-21T23:00:00Z,0.699986,0.700182,0.699986,0.700182
2026-07-22T00:00:00Z,0.700133,0.700967,0.700133,0.700967
2026-07-22T01:00:00Z,0.701361,0.701459,0.700574,0.700869
2026-07-22T02:00:00Z,0.700722,0.701016,0.700378,0.700624
2026-07-22T03:00:00Z,0.700673,0.700820,0.700084,0.700133
2026-07-22T04:00:00Z,0.700133,0.700280,0.699937,0.700084
2026-07-22T05:00:00Z,0.700182,0.700182,0.699643,0.699790
2026-07-22T06:00:00Z,0.700035,0.700182,0.699252,0.699790
2026-07-22T07:00:00Z,0.699790,0.700673,0.699741,0.699986
2026-07-22T08:00:00Z,0.699741,0.700133,0.699496,0.700035
2026-07-22T09:00:00Z,0.699937,0.700084,0.699496,0.699594
2026-07-22T10:00:00Z,0.699643,0.699741,0.699399,0.699594
2026-07-22T11:00:00Z,0.699496,0.699643,0.699252,0.699643
2026-07-22T12:00:00Z,0.699692,0.699741,0.698763,0.698812
2026-07-22T13:00:00Z,0.698812,0.700133,0.698812,0.699692
2026-07-22T14:00:00Z,0.699790,0.700133,0.699545,0.699888
2026-07-22T15:00:00Z,0.699839,0.700182,0.699790,0.700182
2026-07-22T16:00:00Z,0.700280,0.700280,0.699643,0.699839
2026-07-22T17:00:00Z,0.699839,0.699839,0.699496,0.699545
2026-07-22T18:00:00Z,0.699496,0.699741,0.699350,0.699741
2026-07-22T19:00:00Z,0.699741,0.699790,0.699545,0.699790
2026-07-22T20:00:00Z,0.699839,0.700035,0.699839,0.699986
2026-07-22T21:00:00Z,0.699741,0.699986,0.699154,0.699447
2026-07-22T22:00:00Z,0.699496,0.699496,0.698959,0.699056
2026-07-22T23:00:00Z,0.699154,0.699301,0.699105,0.699203
2026-07-23T00:00:00Z,0.699154,0.699594,0.699105,0.699594
2026-07-23T01:00:00Z,0.699692,0.702198,0.699692,0.701361
2026-07-23T02:00:00Z,0.701361,0.701951,0.701262,0.701853
2026-07-23T03:00:00Z,0.701853,0.702099,0.701459,0.702050
2026-07-23T04:00:00Z,0.702001,0.702346,0.701607,0.701705
2026-07-23T05:00:00Z,0.701754,0.701902,0.701459,0.701508
2026-07-23T06:00:00Z,0.701557,0.701705,0.700967,0.700967
2026-07-23T07:00:00Z,0.700722,0.701115,0.700084,0.700525
2026-07-23T08:00:00Z,0.700624,0.700673,0.700035,0.700427
2026-07-23T09:00:00Z,0.700280,0.700820,0.700084,0.700182
2026-07-23T10:00:00Z,0.700084,0.700182,0.699839,0.700084
2026-07-23T11:00:00Z,0.699986,0.700084,0.698861,0.699545
2026-07-23T12:00:00Z,0.699496,0.699643,0.697837,0.698178
2026-07-23T13:00:00Z,0.698129,0.698470,0.697107,0.697691
2026-07-23T14:00:00Z,0.697642,0.698080,0.697204,0.697496
2026-07-23T15:00:00Z,0.697496,0.697788,0.696816,0.697593
2026-07-23T16:00:00Z,0.697642,0.698032,0.697642,0.698032
2026-07-23T17:00:00Z,0.697983,0.697983,0.697204,0.697204
2026-07-23T18:00:00Z,0.697204,0.697204,0.696718,0.696718
2026-07-23T19:00:00Z,0.696961,0.696961,0.696476,0.696864
2026-07-23T20:00:00Z,0.696961,0.697156,0.696913,0.697010
2026-07-23T21:00:00Z,0.696961,0.697350,0.696767,0.697301
2026-07-23T22:00:00Z,0.697010,0.697107,0.696961,0.697107
2026-07-23T23:00:00Z,0.697107,0.697204,0.696864,0.696913
2026-07-24T00:00:00Z,0.696961,0.697837,0.696961,0.697837
2026-07-24T01:00:00Z,0.697885,0.698227,0.697496,0.697739
2026-07-24T02:00:00Z,0.697788,0.698227,0.697691,0.697788
2026-07-24T03:00:00Z,0.697593,0.697885,0.697593,0.697642
2026-07-24T04:00:00Z,0.697691,0.697934,0.697399,0.697496
2026-07-24T05:00:00Z,0.697593,0.698227,0.697545,0.697691
2026-07-24T06:00:00Z,0.697691,0.698422,0.697691,0.698422
2026-07-24T07:00:00Z,0.698617,0.699105,0.698519,0.698714
2026-07-24T08:00:00Z,0.698617,0.699056,0.698568,0.699056
2026-07-24T09:00:00Z,0.699007,0.699301,0.698910,0.699301
2026-07-24T10:00:00Z,0.699496,0.699741,0.699350,0.699399
2026-07-24T11:00:00Z,0.699447,0.699594,0.698861,0.698861
2026-07-24T12:00:00Z,0.699105,0.699105,0.697788,0.697837
2026-07-24T13:00:00Z,0.697983,0.697983,0.697545,0.697934
2026-07-24T14:00:00Z,0.698080,0.699007,0.698032,0.699007
2026-07-24T15:00:00Z,0.698959,0.700182,0.698959,0.699692
2026-07-24T16:00:00Z,0.699741,0.699790,0.699154,0.699350
2026-07-24T17:00:00Z,0.699301,0.699301,0.698665,0.698861
2026-07-24T18:00:00Z,0.698812,0.698861,0.698422,0.698470
2026-07-24T19:00:00Z,0.698568,0.698568,0.698178,0.698275
2026-07-24T20:00:00Z,0.698227,0.698568,0.698129,0.698568
2026-07-24T21:00:00Z,0.698324,0.698324,0.698324,0.698324
2026-07-26T23:00:00Z,0.699399,0.699790,0.699350,0.699741
2026-07-27T00:00:00Z,0.699937,0.700427,0.699594,0.699594
2026-07-27T01:00:00Z,0.699545,0.700673,0.699545,0.700673
2026-07-27T02:00:00Z,0.700673,0.700673,0.700084,0.700182
2026-07-27T03:00:00Z,0.700133,0.700133,0.699692,0.700035
2026-07-27T04:00:00Z,0.700035,0.700182,0.699741,0.699937
2026-07-27T05:00:00Z,0.699937,0.700574,0.699937,0.700476
2026-07-27T06:00:00Z,0.700574,0.701361,0.700476,0.700967
2026-07-27T07:00:00Z,0.700918,0.701115,0.700378,0.700427
2026-07-27T08:00:00Z,0.700525,0.700624,0.700231,0.700624
2026-07-27T09:00:00Z,0.700427,0.700624,0.700280,0.700476
2026-07-27T10:00:00Z,0.700525,0.700771,0.700280,0.700427
2026-07-27T11:00:00Z,0.700476,0.700624,0.699986,0.700035
2026-07-27T12:00:00Z,0.700231,0.700231,0.699545,0.699986
2026-07-27T13:00:00Z,0.699790,0.700329,0.699692,0.699839
2026-07-27T14:00:00Z,0.699643,0.699937,0.698861,0.699447
2026-07-27T15:00:00Z,0.699496,0.699741,0.699301,0.699545
2026-07-27T16:00:00Z,0.699447,0.700084,0.699350,0.699741
2026-07-27T17:00:00Z,0.699643,0.699643,0.699007,0.699203
2026-07-27T18:00:00Z,0.699154,0.699203,0.698910,0.699056
2026-07-27T19:00:00Z,0.699105,0.699594,0.699056,0.699496
2026-07-27T20:00:00Z,0.699447,0.699447,0.699154,0.699203
2026-07-27T21:00:00Z,0.699203,0.699447,0.699105,0.699447
2026-07-27T22:00:00Z,0.699105,0.699203,0.699007,0.699007
2026-07-27T23:00:00Z,0.698959,0.699007,0.698763,0.698910
2026-07-28T00:00:00Z,0.698812,0.699154,0.698422,0.699154
2026-07-28T01:00:00Z,0.699252,0.699692,0.698910,0.699203
2026-07-28T02:00:00Z,0.699203,0.699839,0.699203,0.699643
2026-07-28T03:00:00Z,0.699594,0.699643,0.698373,0.698373
2026-07-28T04:00:00Z,0.697983,0.697983,0.697253,0.697399
2026-07-28T05:00:00Z,0.697399,0.697447,0.696573,0.696961
2026-07-28T06:00:00Z,0.696913,0.697739,0.696670,0.697447
2026-07-28T07:00:00Z,0.697301,0.697837,0.697010,0.697204
2026-07-28T08:00:00Z,0.697204,0.697545,0.696961,0.697496
2026-07-28T09:00:00Z,0.697642,0.697691,0.696718,0.696718
2026-07-28T10:00:00Z,0.696767,0.696913,0.696573,0.696767
2026-07-28T11:00:00Z,0.696816,0.696913,0.696573,0.696864
2026-07-28T12:00:00Z,0.696864,0.697350,0.696718,0.697204
2026-07-28T13:00:00Z,0.697156,0.697593,0.696913,0.697301
2026-07-28T14:00:00Z,0.697496,0.697642,0.696621,0.696961
2026-07-28T15:00:00Z,0.697107,0.698519,0.696816,0.698519
2026-07-28T16:00:00Z,0.698617,0.698861,0.698422,0.698470
2026-07-28T17:00:00Z,0.698568,0.698568,0.697788,0.697788
2026-07-28T18:00:00Z,0.697837,0.697934,0.697642,0.697739
2026-07-28T19:00:00Z,0.697788,0.698032,0.697691,0.697691
2026-07-28T20:00:00Z,0.697739,0.697788,0.697593,0.697691
2026-07-28T21:00:00Z,0.698275,0.698324,0.697593,0.697837
2026-07-28T22:00:00Z,0.697788,0.697837,0.697301,0.697545
2026-07-28T23:00:00Z,0.697496,0.697885,0.697496,0.697691
2026-07-29T00:00:00Z,0.697496,0.697739,0.697204,0.697204
2026-07-29T01:00:00Z,0.697301,0.697447,0.694830,0.694927
2026-07-29T02:00:00Z,0.694782,0.695797,0.694782,0.695120
2026-07-29T03:00:00Z,0.695120,0.695314,0.694734,0.694879
2026-07-29T04:00:00Z,0.694686,0.695507,0.694589,0.695507
2026-07-29T05:00:00Z,0.695555,0.695943,0.695507,0.695846
2026-07-29T06:00:00Z,0.696040,0.696040,0.695410,0.695459
2026-07-29T07:00:00Z,0.695652,0.695894,0.694975,0.694975
2026-07-29T08:00:00Z,0.694927,0.694927,0.694396,0.694541
2026-07-29T09:00:00Z,0.694493,0.694734,0.694348,0.694444
2026-07-29T10:00:00Z,0.694396,0.694589,0.694203,0.694300
2026-07-29T11:00:00Z,0.694396,0.694782,0.694252,0.694493
2026-07-29T12:00:00Z,0.694637,0.694637,0.693818,0.694300
2026-07-29T13:00:00Z,0.694541,0.695024,0.694300,0.695024
2026-07-29T14:00:00Z,0.695169,0.695362,0.692665,0.692665
2026-07-29T15:00:00Z,0.692761,0.693289,0.692761,0.693145
2026-07-29T16:00:00Z,0.693049,0.693145,0.692521,0.693049
2026-07-29T17:00:00Z,0.693193,0.693818,0.693001,0.693722
2026-07-29T18:00:00Z,0.695652,0.698470,0.694782,0.698470
2026-07-29T19:00:00Z,0.698470,0.698959,0.695024,0.695024
2026-07-29T20:00:00Z,0.695410,0.695749,0.694830,0.695749
2026-07-29T21:00:00Z,0.695894,0.695894,0.695024,0.695024
2026-07-29T22:00:00Z,0.695652,0.696088,0.695652,0.696040
2026-07-29T23:00:00Z,0.696282,0.696621,0.696040,0.696185
2026-07-30T00:00:00Z,0.696233,0.696816,0.695410,0.695894
2026-07-30T01:00:00Z,0.695894,0.696573,0.695894,0.696088
2026-07-30T02:00:00Z,0.696330,0.696476,0.695749,0.695749
2026-07-30T03:00:00Z,0.695846,0.695943,0.695265,0.695314
2026-07-30T04:00:00Z,0.695410,0.695604,0.695265,0.695265
2026-07-30T05:00:00Z,0.695265,0.695749,0.695120,0.695217
2026-07-30T06:00:00Z,0.695265,0.695797,0.694927,0.695555
2026-07-30T07:00:00Z,0.695797,0.696379,0.695314,0.695362
2026-07-30T08:00:00Z,0.695362,0.696524,0.695362,0.696233
2026-07-30T09:00:00Z,0.696282,0.697788,0.696282,0.697496
2026-07-30T10:00:00Z,0.697593,0.698324,0.697447,0.697934
2026-07-30T11:00:00Z,0.698032,0.698470,0.697788,0.698470
2026-07-30T12:00:00Z,0.698373,0.698665,0.697837,0.697837
2026-07-30T13:00:00Z,0.697739,0.702001,0.697691,0.702001
2026-07-30T14:00:00Z,0.702395,0.702642,0.700722,0.700722
2026-07-30T15:00:00Z,0.700771,0.702642,0.700771,0.702445
2026-07-30T16:00:00Z,0.702593,0.703037,0.702593,0.702839
2026-07-30T17:00:00Z,0.702988,0.703185,0.702543,0.703185
2026-07-30T18:00:00Z,0.703284,0.703433,0.702988,0.703136
2026-07-30T19:00:00Z,0.703235,0.703482,0.703037,0.703482
2026-07-30T20:00:00Z,0.703482,0.703532,0.703087,0.703235
2026-07-30T21:00:00Z,0.702691,0.702839,0.702198,0.702642
2026-07-30T22:00:00Z,0.703087,0.703284,0.702988,0.703136
2026-07-30T23:00:00Z,0.703235,0.703235,0.702642,0.702790
2026-07-31T00:00:00Z,0.702741,0.703334,0.702642,0.703235
2026-07-31T01:00:00Z,0.703433,0.703482,0.702543,0.702642
2026-07-31T02:00:00Z,0.702593,0.702790,0.702296,0.702691
2026-07-31T03:00:00Z,0.702642,0.702839,0.702346,0.702790
2026-07-31T04:00:00Z,0.702839,0.703284,0.702839,0.702988
2026-07-31T05:00:00Z,0.702988,0.703383,0.702938,0.703235
2026-07-31T06:00:00Z,0.703235,0.703977,0.703235,0.703581
2026-07-31T07:00:00Z,0.703433,0.703977,0.703185,0.703235
2026-07-31T08:00:00Z,0.703284,0.704573,0.702839,0.704573
2026-07-31T09:00:00Z,0.704573,0.704672,0.703185,0.703581
2026-07-31T10:00:00Z,0.703680,0.703779,0.703235,0.703284
2026-07-31T11:00:00Z,0.703235,0.703433,0.702149,0.702149
2026-07-31T12:00:00Z,0.702050,0.702198,0.701262,0.701508
2026-07-31T13:00:00Z,0.701410,0.702691,0.700624,0.700624
2026-07-31T14:00:00Z,0.700280,0.702543,0.699447,0.702543
2026-07-31T15:00:00Z,0.702494,0.702741,0.702001,0.702642
2026-07-31T16:00:00Z,0.702593,0.703087,0.702494,0.702839
2026-07-31T17:00:00Z,0.702839,0.704077,0.702839,0.703779
2026-07-31T18:00:00Z,0.703829,0.703928,0.703631,0.703928
2026-07-31T19:00:00Z,0.704027,0.704374,0.703878,0.703878
2026-07-31T20:00:00Z,0.703779,0.704424,0.702395,0.702395
2026-07-31T21:00:00Z,0.702543,0.702543,0.702543,0.702543
2026-08-02T23:00:00Z,0.704871,0.704920,0.704473,0.704771
2026-08-03T00:00:00Z,0.704473,0.705069,0.704275,0.704473
2026-08-03T01:00:00Z,0.704424,0.704424,0.703482,0.703631
2026-08-03T02:00:00Z,0.703433,0.703631,0.703087,0.703334
2026-08-03T03:00:00Z,0.703284,0.703334,0.703087,0.703185
2026-08-03T04:00:00Z,0.703185,0.703532,0.703185,0.703334
2026-08-03T05:00:00Z,0.703433,0.703878,0.703284,0.703878
2026-08-03T06:00:00Z,0.703878,0.703977,0.702938,0.702938
2026-08-03T07:00:00Z,0.703037,0.703037,0.701853,0.702001
2026-08-03T08:00:00Z,0.701853,0.701902,0.701115,0.701164
2026-08-03T09:00:00Z,0.701164,0.701164,0.700624,0.700624
2026-08-03T10:00:00Z,0.700574,0.700624,0.700084,0.700280
2026-08-03T11:00:00Z,0.700427,0.701066,0.700182,0.701066
2026-08-03T12:00:00Z,0.700967,0.701115,0.699888,0.700084
2026-08-03T13:00:00Z,0.700182,0.700231,0.698714,0.699350
2026-08-03T14:00:00Z,0.699447,0.700133,0.699399,0.700133
2026-08-03T15:00:00Z,0.700084,0.700280,0.699839,0.700182
2026-08-03T16:00:00Z,0.700133,0.700280,0.699937,0.699937
2026-08-03T17:00:00Z,0.699790,0.699790,0.699447,0.699447
2026-08-03T18:00:00Z,0.699447,0.700182,0.699447,0.700182
2026-08-03T19:00:00Z,0.700280,0.700329,0.700133,0.700182
2026-08-03T20:00:00Z,0.700182,0.700280,0.700035,0.700280
2026-08-03T21:00:00Z,0.700231,0.700427,0.700035,0.700182
2026-08-03T22:00:00Z,0.700231,0.700231,0.699986,0.700182
2026-08-03T23:00:00Z,0.700133,0.700182,0.699937,0.699937
2026-08-04T00:00:00Z,0.700084,0.700820,0.700084,0.700231
2026-08-04T01:00:00Z,0.700035,0.701656,0.699986,0.701557
2026-08-04T02:00:00Z,0.701656,0.702001,0.701213,0.701754
2026-08-04T03:00:00Z,0.702001,0.702494,0.701853,0.702149
2026-08-04T04:00:00Z,0.702099,0.702247,0.701951,0.702149
2026-08-04T05:00:00Z,0.702099,0.702296,0.701754,0.702099
2026-08-04T06:00:00Z,0.702001,0.702296,0.701459,0.701705
2026-08-04T07:00:00Z,0.701902,0.702445,0.701902,0.702001
2026-08-04T08:00:00Z,0.702149,0.702642,0.702149,0.702494
2026-08-04T09:00:00Z,0.702395,0.702938,0.702346,0.702938
2026-08-04T10:00:00Z,0.702988,0.703730,0.702938,0.703383
2026-08-04T11:00:00Z,0.703235,0.703977,0.703235,0.703532
2026-08-04T12:00:00Z,0.703433,0.703878,0.703185,0.703581
2026-08-04T13:00:00Z,0.703433,0.704027,0.703334,0.703829
2026-08-04T14:00:00Z,0.703779,0.704374,0.703779,0.704126
2026-08-04T15:00:00Z,0.704077,0.704077,0.703383,0.703928
2026-08-04T16:00:00Z,0.703977,0.704126,0.703779,0.704077
2026-08-04T17:00:00Z,0.704176,0.704424,0.704126,0.704225
2026-08-04T18:00:00Z,0.704176,0.704871,0.704126,0.704821
2026-08-04T19:00:00Z,0.704821,0.705119,0.704771,0.704871
2026-08-04T20:00:00Z,0.704871,0.705020,0.704821,0.704920
2026-08-04T21:00:00Z,0.704821,0.704821,0.704424,0.704821
2026-08-04T22:00:00Z,0.704821,0.705119,0.704771,0.705069
2026-08-04T23:00:00Z,0.705119,0.705119,0.704871,0.704920
2026-08-05T00:00:00Z,0.705020,0.705567,0.704573,0.704573
2026-08-05T01:00:00Z,0.704374,0.704821,0.704275,0.704573
2026-08-05T02:00:00Z,0.704821,0.705268,0.704374,0.704970
2026-08-05T03:00:00Z,0.705020,0.705467,0.705020,0.705119
2026-08-05T04:00:00Z,0.705268,0.705766,0.705069,0.705119
2026-08-05T05:00:00Z,0.705020,0.705069,0.704771,0.705020
2026-08-05T06:00:00Z,0.705069,0.705268,0.704622,0.705169
2026-08-05T07:00:00Z,0.705219,0.705219,0.704374,0.704970
2026-08-05T08:00:00Z,0.705069,0.705069,0.704473,0.704573
2026-08-05T09:00:00Z,0.704622,0.704970,0.704573,0.704871
2026-08-05T10:00:00Z,0.704821,0.704821,0.704325,0.704473
2026-08-05T11:00:00Z,0.704622,0.705268,0.704622,0.705169
2026-08-05T12:00:00Z,0.705268,0.705617,0.704920,0.705020
2026-08-05T13:00:00Z,0.705020,0.705667,0.704771,0.705567
2026-08-05T14:00:00Z,0.705716,0.706664,0.705617,0.706015
2026-08-05T15:00:00Z,0.706065,0.706165,0.705268,0.705268
2026-08-05T16:00:00Z,0.705318,0.705617,0.705219,0.705418
2026-08-05T17:00:00Z,0.705567,0.706364,0.705318,0.706314
2026-08-05T18:00:00Z,0.706414,0.706514,0.706215,0.706314
2026-08-05T19:00:00Z,0.706364,0.706364,0.705766,0.705766
2026-08-05T20:00:00Z,0.705866,0.706015,0.705766,0.705965
2026-08-05T21:00:00Z,0.706015,0.706115,0.705617,0.705716
2026-08-05T22:00:00Z,0.705916,0.706115,0.705766,0.705965
2026-08-05T23:00:00Z,0.706015,0.706165,0.705866,0.705965
2026-08-06T00:00:00Z,0.705766,0.706165,0.705766,0.705965
2026-08-06T01:00:00Z,0.706065,0.706065,0.705716,0.705916
2026-08-06T02:00:00Z,0.706065,0.706215,0.705766,0.705866
2026-08-06T03:00:00Z,0.705816,0.705816,0.704871,0.704970
2026-08-06T04:00:00Z,0.704920,0.705020,0.704672,0.705020
2026-08-06T05:00:00Z,0.704970,0.705069,0.704523,0.704970
2026-08-06T06:00:00Z,0.705020,0.705020,0.704176,0.704424
2026-08-06T07:00:00Z,0.704473,0.704622,0.703928,0.704027
2026-08-06T08:00:00Z,0.703928,0.704672,0.703928,0.704672
2026-08-06T09:00:00Z,0.704622,0.704622,0.704225,0.704424
2026-08-06T10:00:00Z,0.704424,0.704573,0.704126,0.704473
2026-08-06T11:00:00Z,0.704473,0.704573,0.703977,0.704573
2026-08-06T12:00:00Z,0.704622,0.704672,0.703928,0.704077
2026-08-06T13:00:00Z,0.704126,0.704374,0.703581,0.704325
2026-08-06T14:00:00Z,0.704325,0.704424,0.703977,0.704424
2026-08-06T15:00:00Z,0.704275,0.704374,0.702988,0.702988
2026-08-06T16:00:00Z,0.702889,0.703383,0.702691,0.703383
2026-08-06T17:00:00Z,0.703482,0.703631,0.703284,0.703532
2026-08-06T18:00:00Z,0.703581,0.703730,0.703433,0.703581
2026-08-06T19:00:00Z,0.703680,0.703779,0.703235,0.703581
2026-08-06T20:00:00Z,0.703532,0.703631,0.703235,0.703433
2026-08-06T21:00:00Z,0.703383,0.703631,0.703037,0.703185
2026-08-06T22:00:00Z,0.703235,0.703383,0.703235,0.703235
2026-08-06T23:00:00Z,0.703284,0.703631,0.703284,0.703581
2026-08-07T00:00:00Z,0.703482,0.703581,0.702938,0.703087
2026-08-07T01:00:00Z,0.703185,0.703334,0.702889,0.703136
2026-08-07T02:00:00Z,0.703185,0.703235,0.702543,0.702593
2026-08-07T03:00:00Z,0.702691,0.702790,0.702593,0.702790
2026-08-07T04:00:00Z,0.702741,0.703136,0.702691,0.702889
2026-08-07T05:00:00Z,0.702889,0.703284,0.702839,0.703087
2026-08-07T06:00:00Z,0.703136,0.703631,0.702988,0.703532
2026-08-07T07:00:00Z,0.703532,0.703878,0.703532,0.703779
2026-08-07T08:00:00Z,0.703730,0.704126,0.703631,0.703928
2026-08-07T09:00:00Z,0.704027,0.704374,0.703977,0.704325
2026-08-07T10:00:00Z,0.704275,0.704374,0.703878,0.703878
2026-08-07T11:00:00Z,0.704077,0.704325,0.703829,0.704275
2026-08-07T12:00:00Z,0.704374,0.707914,0.704077,0.707064
2026-08-07T13:00:00Z,0.707014,0.707164,0.706165,0.706165
2026-08-07T14:00:00Z,0.706314,0.707064,0.706115,0.706215
2026-08-07T15:00:00Z,0.706215,0.706714,0.705916,0.706564
2026-08-07T16:00:00Z,0.706514,0.707114,0.706514,0.706764
2026-08-07T17:00:00Z,0.706814,0.707114,0.706814,0.706964
2026-08-07T18:00:00Z,0.706864,0.707164,0.706864,0.707064
2026-08-07T19:00:00Z,0.707314,0.707714,0.707214,0.707214
2026-08-07T20:00:00Z,0.707214,0.707214,0.706664,0.706964
2026-08-07T21:00:00Z,0.707064,0.707064,0.707064,0.707064
2026-08-09T23:00:00Z,0.706764,0.706964,0.706514,0.706514
2026-08-10T00:00:00Z,0.706614,0.707214,0.706414,0.706414
2026-08-10T01:00:00Z,0.706314,0.706664,0.706065,0.706664
2026-08-10T02:00:00Z,0.706664,0.706714,0.706314,0.706364
2026-08-10T03:00:00Z,0.706314,0.706314,0.706015,0.706165
2026-08-10T04:00:00Z,0.706165,0.706364,0.705965,0.706314
2026-08-10T05:00:00Z,0.706364,0.707064,0.706364,0.707064
2026-08-10T06:00:00Z,0.707064,0.707164,0.706814,0.706864
2026-08-10T07:00:00Z,0.706814,0.707364,0.706714,0.707314
2026-08-10T08:00:00Z,0.707314,0.707664,0.707264,0.707264
2026-08-10T09:00:00Z,0.707114,0.707314,0.706764,0.706764
2026-08-10T10:00:00Z,0.706664,0.707014,0.706564,0.706964
2026-08-10T11:00:00Z,0.706964,0.707014,0.706414,0.706614
2026-08-10T12:00:00Z,0.706514,0.706564,0.705866,0.705965
2026-08-10T13:00:00Z,0.705965,0.706115,0.705716,0.705916
2026-08-10T14:00:00Z,0.705965,0.706764,0.705916,0.706564
2026-08-10T15:00:00Z,0.706464,0.706864,0.706414,0.706764
2026-08-10T16:00:00Z,0.706814,0.706814,0.706265,0.706314
2026-08-10T17:00:00Z,0.706364,0.706364,0.705716,0.705716
2026-08-10T18:00:00Z,0.705816,0.706065,0.705766,0.705916
2026-08-10T19:00:00Z,0.705816,0.705965,0.705667,0.705667
2026-08-10T20:00:00Z,0.705716,0.705766,0.705567,0.705667
2026-08-10T21:00:00Z,0.706015,0.706065,0.705567,0.705866
2026-08-10T22:00:00Z,0.705716,0.705866,0.705667,0.705866
2026-08-10T23:00:00Z,0.705965,0.705965,0.705667,0.705766
2026-08-11T00:00:00Z,0.705816,0.706065,0.705766,0.705866
2026-08-11T01:00:00Z,0.705617,0.706464,0.705368,0.706115
2026-08-11T02:00:00Z,0.706015,0.706215,0.705567,0.705617
2026-08-11T03:00:00Z,0.705667,0.706165,0.705667,0.705965
2026-08-11T04:00:00Z,0.706015,0.706314,0.704523,0.705169
2026-08-11T05:00:00Z,0.705119,0.705965,0.704424,0.705766
2026-08-11T06:00:00Z,0.705866,0.706065,0.705318,0.705418
2026-08-11T07:00:00Z,0.705467,0.705716,0.704970,0.704970
2026-08-11T08:00:00Z,0.705069,0.705667,0.705069,0.705467
2026-08-11T09:00:00Z,0.705418,0.705916,0.705368,0.705916
2026-08-11T10:00:00Z,0.705916,0.706364,0.705866,0.706364
2026-08-11T11:00:00Z,0.706614,0.706864,0.706265,0.706414
2026-08-11T12:00:00Z,0.706314,0.706864,0.706215,0.706714
2026-08-11T13:00:00Z,0.706864,0.707164,0.706714,0.707064
2026-08-11T14:00:00Z,0.707064,0.707164,0.706664,0.706664
2026-08-11T15:00:00Z,0.706664,0.706664,0.705916,0.706265
2026-08-11T16:00:00Z,0.706364,0.706464,0.706265,0.706414
2026-08-11T17:00:00Z,0.706464,0.706464,0.706015,0.706165
2026-08-11T18:00:00Z,0.706165,0.706165,0.705716,0.706115
2026-08-11T19:00:00Z,0.706165,0.706414,0.706065,0.706314
2026-08-11T20:00:00Z,0.706314,0.706464,0.706314,0.706464
2026-08-11T21:00:00Z,0.706314,0.706614,0.706065,0.706165
2026-08-11T22:00:00Z,0.706414,0.706664,0.706314,0.706614
2026-08-11T23:00:00Z,0.706614,0.706714,0.706564,0.706564
2026-08-12T00:00:00Z,0.706664,0.707064,0.706614,0.706664
2026-08-12T01:00:00Z,0.706614,0.706614,0.706065,0.706115
2026-08-12T02:00:00Z,0.706015,0.706165,0.705716,0.706015
2026-08-12T03:00:00Z,0.706065,0.706115,0.705816,0.705916
2026-08-12T04:00:00Z,0.705866,0.705965,0.705816,0.705866
2026-08-12T05:00:00Z,0.705816,0.706215,0.705667,0.706215
2026-08-12T06:00:00Z,0.706265,0.706265,0.705866,0.706165
2026-08-12T07:00:00Z,0.706314,0.706464,0.705916,0.706015
2026-08-12T08:00:00Z,0.705965,0.706265,0.705916,0.706215
2026-08-12T09:00:00Z,0.706314,0.707064,0.706265,0.706664
2026-08-12T10:00:00Z,0.706714,0.707114,0.706514,0.706814
2026-08-12T11:00:00Z,0.706814,0.707364,0.706664,0.707314
2026-08-12T12:00:00Z,0.707214,0.709170,0.706714,0.708818
2026-08-12T13:00:00Z,0.708968,0.709270,0.708316,0.708717
2026-08-12T14:00:00Z,0.708667,0.708918,0.707264,0.707414
2026-08-12T15:00:00Z,0.707314,0.707864,0.706914,0.707214
2026-08-12T16:00:00Z,0.707364,0.707364,0.706464,0.706564
2026-08-12T17:00:00Z,0.706764,0.706764,0.706364,0.706464
2026-08-12T18:00:00Z,0.706364,0.706714,0.706364,0.706414
2026-08-12T19:00:00Z,0.706514,0.706564,0.706314,0.706564
2026-08-12T20:00:00Z,0.706614,0.706614,0.706314,0.706564
2026-08-12T21:00:00Z,0.706265,0.706464,0.706215,0.706364
2026-08-12T22:00:00Z,0.706314,0.706514,0.706265,0.706514
2026-08-12T23:00:00Z,0.706514,0.706614,0.706514,0.706614
2026-08-13T00:00:00Z,0.706664,0.706864,0.706265,0.706414
2026-08-13T01:00:00Z,0.706314,0.706414,0.705866,0.705866
2026-08-13T02:00:00Z,0.705866,0.705866,0.705368,0.705517
2026-08-13T03:00:00Z,0.705467,0.705517,0.704970,0.705069
2026-08-13T04:00:00Z,0.705020,0.705268,0.704821,0.705268
2026-08-13T05:00:00Z,0.705119,0.705467,0.704920,0.705219
2026-08-13T06:00:00Z,0.705318,0.705318,0.704722,0.705119
2026-08-13T07:00:00Z,0.705119,0.705318,0.704871,0.705119
2026-08-13T08:00:00Z,0.705119,0.705169,0.704920,0.705069
2026-08-13T09:00:00Z,0.705119,0.706015,0.704920,0.705965
2026-08-13T10:00:00Z,0.705916,0.705965,0.705667,0.705716
2026-08-13T11:00:00Z,0.705667,0.705766,0.705467,0.705517
2026-08-13T12:00:00Z,0.705517,0.706664,0.705119,0.706664
2026-08-13T13:00:00Z,0.706514,0.706714,0.705916,0.706065
2026-08-13T14:00:00Z,0.706165,0.706914,0.706115,0.706764
2026-08-13T15:00:00Z,0.706814,0.706814,0.705916,0.705916
2026-08-13T16:00:00Z,0.706015,0.706215,0.705667,0.706165
2026-08-13T17:00:00Z,0.706314,0.706314,0.705916,0.705916
2026-08-13T18:00:00Z,0.705916,0.706115,0.705816,0.705965
2026-08-13T19:00:00Z,0.706015,0.706265,0.705965,0.706215
2026-08-13T20:00:00Z,0.706314,0.706314,0.706065,0.706215
2026-08-13T21:00:00Z,0.706165,0.706165,0.705766,0.706165
2026-08-13T22:00:00Z,0.706215,0.706464,0.706165,0.706464
2026-08-13T23:00:00Z,0.706564,0.706664,0.706464,0.706614
2026-08-14T00:00:00Z,0.706714,0.706864,0.706314,0.706414
2026-08-14T01:00:00Z,0.706314,0.706314,0.705965,0.705965
2026-08-14T02:00:00Z,0.706115,0.706215,0.705866,0.705866
2026-08-14T03:00:00Z,0.705816,0.706414,0.705816,0.706414
2026-08-14T04:00:00Z,0.706314,0.706564,0.706314,0.706464
2026-08-14T05:00:00Z,0.706514,0.706964,0.706464,0.706964
2026-08-14T06:00:00Z,0.706964,0.707064,0.706614,0.707064
2026-08-14T07:00:00Z,0.707114,0.707514,0.706964,0.707514
2026-08-14T08:00:00Z,0.707564,0.707714,0.707164,0.707614
2026-08-14T09:00:00Z,0.707614,0.707764,0.707464,0.707714
2026-08-14T10:00:00Z,0.707764,0.707965,0.707664,0.707814
2026-08-14T11:00:00Z,0.707864,0.708617,0.707814,0.708366
2026-08-14T12:00:00Z,0.708366,0.709019,0.708215,0.708366
2026-08-14T13:00:00Z,0.708366,0.709421,0.708215,0.709270
2026-08-14T14:00:00Z,0.709220,0.709522,0.708868,0.709371
2026-08-14T15:00:00Z,0.709471,0.709723,0.709170,0.709270
2026-08-14T16:00:00Z,0.709371,0.709421,0.708617,0.708617
2026-08-14T17:00:00Z,0.708567,0.708567,0.708215,0.708316
2026-08-14T18:00:00Z,0.708316,0.708516,0.708165,0.708416
2026-08-14T19:00:00Z,0.708567,0.708667,0.708366,0.708567
2026-08-14T20:00:00Z,0.708667,0.708717,0.708466,0.708717
2026-08-14T21:00:00Z,0.708667,0.708667,0.708667,0.708667
2026-08-16T23:00:00Z,0.709119,0.709170,0.708767,0.708767
2026-08-17T00:00:00Z,0.709170,0.709774,0.709170,0.709471
2026-08-17T01:00:00Z,0.709522,0.710076,0.709220,0.709925
2026-08-17T02:00:00Z,0.709874,0.709874,0.709421,0.709471
2026-08-17T03:00:00Z,0.709471,0.710278,0.709471,0.710278
2026-08-17T04:00:00Z,0.710227,0.710783,0.710227,0.710429
2026-08-17T05:00:00Z,0.710379,0.711744,0.710328,0.711541
2026-08-17T06:00:00Z,0.711642,0.712454,0.711238,0.712454
2026-08-17T07:00:00Z,0.712454,0.712555,0.712251,0.712301
2026-08-17T08:00:00Z,0.712099,0.712657,0.711896,0.712251
2026-08-17T09:00:00Z,0.712301,0.713012,0.712251,0.712860
2026-08-17T10:00:00Z,0.712758,0.713114,0.712606,0.712708
2026-08-17T11:00:00Z,0.712809,0.713114,0.712555,0.712758
2026-08-17T12:00:00Z,0.712708,0.712911,0.711946,0.712454
2026-08-17T13:00:00Z,0.712403,0.712403,0.711136,0.711845
2026-08-17T14:00:00Z,0.711896,0.712708,0.711389,0.711389
2026-08-17T15:00:00Z,0.711440,0.711491,0.711035,0.711440
2026-08-17T16:00:00Z,0.711389,0.711744,0.711339,0.711440
2026-08-17T17:00:00Z,0.711491,0.711491,0.710631,0.710732
2026-08-17T18:00:00Z,0.710631,0.710783,0.710379,0.710429
2026-08-17T19:00:00Z,0.710379,0.710833,0.710379,0.710682
2026-08-17T20:00:00Z,0.710783,0.710783,0.710581,0.710732
2026-08-17T21:00:00Z,0.710783,0.711086,0.710581,0.710581
2026-08-17T22:00:00Z,0.710732,0.710833,0.710631,0.710833
2026-08-17T23:00:00Z,0.710783,0.711086,0.710783,0.711086
2026-08-18T00:00:00Z,0.711086,0.711288,0.710985,0.711187
2026-08-18T01:00:00Z,0.711288,0.711541,0.710934,0.710934
2026-08-18T02:00:00Z,0.710934,0.711339,0.710783,0.711339
2026-08-18T03:00:00Z,0.711288,0.711288,0.710429,0.710530
2026-08-18T04:00:00Z,0.710530,0.710581,0.710227,0.710278
2026-08-18T05:00:00Z,0.710126,0.710328,0.709874,0.710328
2026-08-18T06:00:00Z,0.710177,0.710328,0.709824,0.710227
2026-08-18T07:00:00Z,0.710429,0.710631,0.710227,0.710480
2026-08-18T08:00:00Z,0.710480,0.710682,0.710278,0.710631
2026-08-18T09:00:00Z,0.710581,0.711187,0.710429,0.711187
2026-08-18T10:00:00Z,0.711187,0.711187,0.710833,0.710934
2026-08-18T11:00:00Z,0.710934,0.711288,0.710783,0.711288
2026-08-18T12:00:00Z,0.711288,0.711592,0.711187,0.711389
2026-08-18T13:00:00Z,0.711339,0.712200,0.711339,0.711693
2026-08-18T14:00:00Z,0.711642,0.711693,0.710126,0.710126
2026-08-18T15:00:00Z,0.710126,0.710530,0.709774,0.709824
2026-08-18T16:00:00Z,0.709874,0.710026,0.709270,0.709471
2026-08-18T17:00:00Z,0.709320,0.709320,0.708918,0.708918
2026-08-18T18:00:00Z,0.708818,0.708918,0.708567,0.708717
2026-08-18T19:00:00Z,0.708667,0.709119,0.708617,0.708667
2026-08-18T20:00:00Z,0.708717,0.708918,0.708516,0.708918
2026-08-18T21:00:00Z,0.708868,0.709069,0.708516,0.708617
2026-08-18T22:00:00Z,0.708767,0.708818,0.708617,0.708667
2026-08-18T23:00:00Z,0.708667,0.708717,0.708265,0.708366
2026-08-19T00:00:00Z,0.708115,0.708818,0.707764,0.707764
2026-08-19T01:00:00Z,0.707714,0.707965,0.707264,0.707864
2026-08-19T02:00:00Z,0.707864,0.708567,0.707764,0.708165
2026-08-19T03:00:00Z,0.708165,0.708165,0.707564,0.707564
2026-08-19T04:00:00Z,0.707564,0.707614,0.706964,0.707514
2026-08-19T05:00:00Z,0.707664,0.707664,0.707064,0.707164
2026-08-19T06:00:00Z,0.707164,0.707914,0.706964,0.707664
2026-08-19T07:00:00Z,0.707864,0.708015,0.707214,0.707364
2026-08-19T08:00:00Z,0.707314,0.708366,0.707314,0.708015
2026-08-19T09:00:00Z,0.707914,0.708466,0.707914,0.708215
2026-08-19T10:00:00Z,0.708065,0.708265,0.707914,0.707914
2026-08-19T11:00:00Z,0.707965,0.707965,0.707314,0.707664
2026-08-19T12:00:00Z,0.707664,0.710379,0.707664,0.710177
2026-08-19T13:00:00Z,0.710884,0.712657,0.710884,0.712099
2026-08-19T14:00:00Z,0.712149,0.713063,0.712099,0.712251
2026-08-19T15:00:00Z,0.712301,0.712809,0.712149,0.712454
2026-08-19T16:00:00Z,0.712504,0.712911,0.712504,0.712555
2026-08-19T17:00:00Z,0.712962,0.712962,0.711592,0.711592
2026-08-19T18:00:00Z,0.711946,0.712606,0.711592,0.712454
2026-08-19T19:00:00Z,0.712606,0.712860,0.712504,0.712657
2026-08-19T20:00:00Z,0.712708,0.712809,0.712454,0.712708
2026-08-19T21:00:00Z,0.712099,0.712809,0.712099,0.712504
2026-08-19T22:00:00Z,0.712809,0.712911,0.712657,0.712758
2026-08-19T23:00:00Z,0.712860,0.713063,0.712454,0.712555
2026-08-20T00:00:00Z,0.712606,0.712911,0.711845,0.711946
2026-08-20T01:00:00Z,0.711845,0.712758,0.710934,0.711744
2026-08-20T02:00:00Z,0.711794,0.712200,0.711339,0.711642
2026-08-20T03:00:00Z,0.711744,0.712251,0.711541,0.712200
2026-08-20T04:00:00Z,0.712251,0.712606,0.711642,0.711642
2026-08-20T05:00:00Z,0.711693,0.711845,0.711440,0.711744
2026-08-20T06:00:00Z,0.711693,0.712504,0.711693,0.712504
2026-08-20T07:00:00Z,0.712301,0.712657,0.712048,0.712606
2026-08-20T08:00:00Z,0.712657,0.712962,0.712555,0.712657
2026-08-20T09:00:00Z,0.712555,0.713369,0.712555,0.713114
2026-08-20T10:00:00Z,0.713012,0.713470,0.712403,0.712606
2026-08-20T11:00:00Z,0.712606,0.712606,0.711136,0.711136
2026-08-20T12:00:00Z,0.711136,0.711997,0.710682,0.711896
2026-08-20T13:00:00Z,0.712251,0.712555,0.711845,0.711896
2026-08-20T14:00:00Z,0.712200,0.712708,0.711794,0.712352
2026-08-20T15:00:00Z,0.712657,0.713369,0.711693,0.712200
2026-08-20T16:00:00Z,0.712099,0.712099,0.711339,0.711541
2026-08-20T17:00:00Z,0.711541,0.711541,0.711288,0.711491
2026-08-20T18:00:00Z,0.711389,0.711440,0.710934,0.711339
2026-08-20T19:00:00Z,0.711288,0.711541,0.711238,0.711491
2026-08-20T20:00:00Z,0.711541,0.711592,0.711440,0.711592
2026-08-20T21:00:00Z,0.711693,0.711693,0.711086,0.711389
2026-08-20T22:00:00Z,0.711440,0.711896,0.711440,0.711794
2026-08-20T23:00:00Z,0.711896,0.712149,0.711845,0.712149
2026-08-21T00:00:00Z,0.712352,0.712758,0.712301,0.712403
2026-08-21T01:00:00Z,0.712352,0.713674,0.712352,0.713674
2026-08-21T02:00:00Z,0.713725,0.714490,0.713521,0.714184
2026-08-21T03:00:00Z,0.714235,0.714490,0.714184,0.714388
2026-08-21T04:00:00Z,0.714337,0.714439,0.714082,0.714337
2026-08-21T05:00:00Z,0.714133,0.714796,0.714082,0.714796
2026-08-21T06:00:00Z,0.714541,0.715052,0.714388,0.714745
2026-08-21T07:00:00Z,0.715001,0.715308,0.714745,0.715308
2026-08-21T08:00:00Z,0.715359,0.716435,0.715205,0.716384
2026-08-21T09:00:00Z,0.716435,0.716794,0.716025,0.716127
2026-08-21T10:00:00Z,0.716384,0.716640,0.716127,0.716230
2026-08-21T11:00:00Z,0.716230,0.716949,0.716127,0.716589
2026-08-21T12:00:00Z,0.717000,0.717154,0.716281,0.716846
2026-08-21T13:00:00Z,0.717051,0.717463,0.716332,0.717360
2026-08-21T14:00:00Z,0.717000,0.717154,0.716384,0.716640
2026-08-21T15:00:00Z,0.716692,0.717978,0.716692,0.717824
2026-08-21T16:00:00Z,0.717824,0.717875,0.717360,0.717515
2026-08-21T17:00:00Z,0.717515,0.718081,0.717515,0.717978
2026-08-21T18:00:00Z,0.718133,0.718236,0.717978,0.718081
2026-08-21T19:00:00Z,0.718081,0.718081,0.717515,0.717515
2026-08-21T20:00:00Z,0.717566,0.717566,0.717257,0.717360
2026-08-21T21:00:00Z,0.717463,0.717463,0.717463,0.717463
2026-08-23T23:00:00Z,0.717206,0.717360,0.717000,0.717360
2026-08-24T00:00:00Z,0.717412,0.717721,0.717309,0.717566
2026-08-24T01:00:00Z,0.717875,0.717875,0.716794,0.717000
2026-08-24T02:00:00Z,0.717000,0.717412,0.716692,0.716846
2026-08-24T03:00:00Z,0.716846,0.716897,0.716589,0.716692
2026-08-24T04:00:00Z,0.716692,0.717000,0.716538,0.716949
2026-08-24T05:00:00Z,0.716949,0.717154,0.716794,0.717154
2026-08-24T06:00:00Z,0.717154,0.717360,0.716640,0.717154
2026-08-24T07:00:00Z,0.717257,0.717309,0.716589,0.716794
2026-08-24T08:00:00Z,0.716692,0.716692,0.716178,0.716332
2026-08-24T09:00:00Z,0.716332,0.716640,0.716281,0.716538
2026-08-24T10:00:00Z,0.716640,0.716794,0.716230,0.716281
2026-08-24T11:00:00Z,0.716230,0.717000,0.716076,0.716692
2026-08-24T12:00:00Z,0.716589,0.716897,0.716332,0.716486
2026-08-24T13:00:00Z,0.716538,0.716949,0.716384,0.716384
2026-08-24T14:00:00Z,0.716640,0.716640,0.715666,0.715717
2026-08-24T15:00:00Z,0.715615,0.715820,0.715205,0.715205
2026-08-24T16:00:00Z,0.715308,0.715563,0.715154,0.715205
2026-08-24T17:00:00Z,0.715205,0.715256,0.714388,0.714541
2026-08-24T18:00:00Z,0.714541,0.715308,0.714541,0.715001
2026-08-24T19:00:00Z,0.715001,0.715103,0.714847,0.715052
2026-08-24T20:00:00Z,0.715001,0.715256,0.715001,0.715256
2026-08-24T21:00:00Z,0.715001,0.715461,0.714898,0.715154
2026-08-24T22:00:00Z,0.715205,0.715308,0.715154,0.715256
2026-08-24T23:00:00Z,0.715308,0.715717,0.715154,0.715717
2026-08-25T00:00:00Z,0.715820,0.716127,0.715717,0.715922
2026-08-25T01:00:00Z,0.716025,0.716127,0.715461,0.715461
2026-08-25T02:00:00Z,0.715461,0.715871,0.715461,0.715461
2026-08-25T03:00:00Z,0.715563,0.715871,0.715359,0.715410
2026-08-25T04:00:00Z,0.715359,0.715359,0.714847,0.715103
2026-08-25T05:00:00Z,0.715154,0.715563,0.715001,0.715001
2026-08-25T06:00:00Z,0.715256,0.715308,0.714592,0.714592
2026-08-25T07:00:00Z,0.714745,0.714950,0.714541,0.714694
2026-08-25T08:00:00Z,0.714643,0.715103,0.714082,0.715103
2026-08-25T09:00:00Z,0.715154,0.715922,0.715103,0.715768
2026-08-25T10:00:00Z,0.715615,0.715615,0.715256,0.715563
2026-08-25T11:00:00Z,0.715512,0.715973,0.715359,0.715615
2026-08-25T12:00:00Z,0.715615,0.715717,0.715256,0.715717
2026-08-25T13:00:00Z,0.715615,0.716435,0.715461,0.715871
2026-08-25T14:00:00Z,0.716025,0.716384,0.715768,0.715922
2026-08-25T15:00:00Z,0.715871,0.716384,0.715615,0.716076
2026-08-25T16:00:00Z,0.716178,0.716230,0.715666,0.715666
2026-08-25T17:00:00Z,0.715768,0.716025,0.715615,0.716025
2026-08-25T18:00:00Z,0.716025,0.716178,0.715922,0.716178
2026-08-25T19:00:00Z,0.716230,0.716846,0.716178,0.716846
2026-08-25T20:00:00Z,0.716794,0.717103,0.716692,0.716692
2026-08-25T21:00:00Z,0.716486,0.716640,0.716178,0.716435
2026-08-25T22:00:00Z,0.716640,0.716743,0.716538,0.716743
2026-08-25T23:00:00Z,0.716743,0.716846,0.716640,0.716743
2026-08-26T00:00:00Z,0.716692,0.717154,0.716538,0.716538
2026-08-26T01:00:00Z,0.716538,0.718288,0.716281,0.717927
2026-08-26T02:00:00Z,0.717875,0.718649,0.717824,0.718030
2026-08-26T03:00:00Z,0.718133,0.718856,0.718081,0.718391
2026-08-26T04:00:00Z,0.718494,0.718546,0.717772,0.717927
2026-08-26T05:00:00Z,0.717978,0.718597,0.717978,0.718597
2026-08-26T06:00:00Z,0.718494,0.718701,0.717669,0.718184
2026-08-26T07:00:00Z,0.718133,0.718391,0.717927,0.718236
2026-08-26T08:00:00Z,0.718236,0.718804,0.718236,0.718288
2026-08-26T09:00:00Z,0.718391,0.718442,0.718133,0.718391
2026-08-26T10:00:00Z,0.718391,0.718442,0.718236,0.718236
2026-08-26T11:00:00Z,0.718288,0.718701,0.718236,0.718701
2026-08-26T12:00:00Z,0.718752,0.719114,0.718081,0.718133
2026-08-26T13:00:00Z,0.717927,0.718133,0.717566,0.717978
2026-08-26T14:00:00Z,0.717824,0.717824,0.716897,0.716897
2026-08-26T15:00:00Z,0.716794,0.717257,0.716743,0.717051
2026-08-26T16:00:00Z,0.717103,0.717463,0.717000,0.717154
2026-08-26T17:00:00Z,0.717154,0.717669,0.717051,0.717515
2026-08-26T18:00:00Z,0.717566,0.717721,0.717412,0.717412
2026-08-26T19:00:00Z,0.717412,0.717566,0.717309,0.717515
2026-08-26T20:00:00Z,0.717618,0.717721,0.717515,0.717669
2026-08-26T21:00:00Z,0.716897,0.717824,0.716846,0.717824
2026-08-26T22:00:00Z,0.717875,0.718236,0.717824,0.718184
2026-08-26T23:00:00Z,0.718236,0.718649,0.718236,0.718339
2026-08-27T00:00:00Z,0.718391,0.718391,0.717875,0.718288
2026-08-27T01:00:00Z,0.718391,0.718752,0.718184,0.718546
2026-08-27T02:00:00Z,0.718649,0.718752,0.718442,0.718546
2026-08-27T03:00:00Z,0.718546,0.718597,0.718391,0.718494
2026-08-27T04:00:00Z,0.718494,0.718804,0.718339,0.718804
2026-08-27T05:00:00Z,0.718804,0.718804,0.718339,0.718494
2026-08-27T06:00:00Z,0.718494,0.718856,0.718288,0.718546
2026-08-27T07:00:00Z,0.718701,0.718856,0.718236,0.718391
2026-08-27T08:00:00Z,0.718391,0.718907,0.718391,0.718701
2026-08-27T09:00:00Z,0.718546,0.718546,0.717824,0.717927
2026-08-27T10:00:00Z,0.717824,0.718288,0.717772,0.718236
2026-08-27T11:00:00Z,0.718133,0.718804,0.718081,0.718804
2026-08-27T12:00:00Z,0.718959,0.719424,0.718752,0.719011
2026-08-27T13:00:00Z,0.718959,0.719787,0.718959,0.719580
2026-08-27T14:00:00Z,0.719476,0.719735,0.719166,0.719269
2026-08-27T15:00:00Z,0.719373,0.719994,0.719373,0.719994
2026-08-27T16:00:00Z,0.719994,0.719994,0.719683,0.719839
2026-08-27T17:00:00Z,0.719994,0.719994,0.719839,0.719891
2026-08-27T18:00:00Z,0.719891,0.719891,0.719528,0.719839
2026-08-27T19:00:00Z,0.719839,0.719891,0.719683,0.719839
2026-08-27T20:00:00Z,0.719839,0.719891,0.719735,0.719787
2026-08-27T21:00:00Z,0.719632,0.719839,0.719217,0.719683
2026-08-27T22:00:00Z,0.719787,0.719891,0.719683,0.719787
2026-08-27T23:00:00Z,0.719787,0.719839,0.719580,0.719735
2026-08-28T00:00:00Z,0.719735,0.720098,0.719735,0.719891
2026-08-28T01:00:00Z,0.719891,0.720254,0.719891,0.719942
2026-08-28T02:00:00Z,0.719942,0.720669,0.719942,0.720669
2026-08-28T03:00:00Z,0.720669,0.720721,0.720254,0.720305
2026-08-28T04:00:00Z,0.720357,0.720461,0.720046,0.720046
2026-08-28T05:00:00Z,0.720098,0.720150,0.719580,0.719891
2026-08-28T06:00:00Z,0.719735,0.720357,0.719735,0.720357
2026-08-28T07:00:00Z,0.720202,0.720202,0.719528,0.719891
2026-08-28T08:00:00Z,0.719787,0.719891,0.719528,0.719632
2026-08-28T09:00:00Z,0.719580,0.719994,0.719476,0.719942
2026-08-28T10:00:00Z,0.719891,0.720254,0.719891,0.720254
2026-08-28T11:00:00Z,0.720305,0.720305,0.719632,0.719632
2026-08-28T12:00:00Z,0.719683,0.720305,0.719580,0.720305
2026-08-28T13:00:00Z,0.720409,0.720565,0.719839,0.720098
2026-08-28T14:00:00Z,0.719476,0.719476,0.716897,0.718804
2026-08-28T15:00:00Z,0.718701,0.718701,0.716640,0.716640
2026-08-28T16:00:00Z,0.716692,0.716692,0.715871,0.716384
2026-08-28T17:00:00Z,0.716281,0.716384,0.715922,0.716076
2026-08-28T18:00:00Z,0.716025,0.716127,0.715871,0.716076
2026-08-28T19:00:00Z,0.716178,0.716692,0.716127,0.716692
2026-08-28T20:00:00Z,0.716589,0.716589,0.716127,0.716486
2026-08-28T21:00:00Z,0.716435,0.716435,0.716435,0.716435
2026-08-30T23:00:00Z,0.716384,0.716486,0.716178,0.716178
2026-08-31T00:00:00Z,0.716281,0.716692,0.715717,0.716589
2026-08-31T01:00:00Z,0.716332,0.716949,0.716178,0.716897
2026-08-31T02:00:00Z,0.716897,0.717000,0.716384,0.716794
2026-08-31T03:00:00Z,0.716897,0.717309,0.716846,0.716949
2026-08-31T04:00:00Z,0.717000,0.717000,0.716692,0.716846
2026-08-31T05:00:00Z,0.716743,0.716846,0.716589,0.716846
2026-08-31T06:00:00Z,0.716846,0.716846,0.716281,0.716332
2026-08-31T07:00:00Z,0.716384,0.716692,0.716076,0.716332
2026-08-31T08:00:00Z,0.716435,0.716692,0.716025,0.716127
2026-08-31T09:00:00Z,0.716127,0.716384,0.716076,0.716281
2026-08-31T10:00:00Z,0.716384,0.716486,0.715922,0.715973
2026-08-31T11:00:00Z,0.715922,0.716589,0.715820,0.716281
2026-08-31T12:00:00Z,0.716486,0.716794,0.715768,0.716127
2026-08-31T13:00:00Z,0.716127,0.716692,0.716127,0.716435
2026-08-31T14:00:00Z,0.716281,0.717257,0.716281,0.716846
2026-08-31T15:00:00Z,0.716794,0.717000,0.716384,0.716846
2026-08-31T16:00:00Z,0.716794,0.717103,0.716794,0.717000
2026-08-31T17:00:00Z,0.717051,0.717051,0.716692,0.716897
2026-08-31T18:00:00Z,0.716846,0.716846,0.716640,0.716743
2026-08-31T19:00:00Z,0.716589,0.717000,0.716589,0.716846
2026-08-31T20:00:00Z,0.716897,0.716949,0.716692,0.716949
2026-08-31T21:00:00Z,0.716846,0.717051,0.716692,0.716897
2026-08-31T22:00:00Z,0.716846,0.716897,0.716743,0.716846
2026-08-31T23:00:00Z,0.716794,0.717309,0.716794,0.717309
2026-09-01T00:00:00Z,0.717309,0.718288,0.717257,0.717257
2026-09-01T01:00:00Z,0.717257,0.717721,0.716897,0.717515
2026-09-01T02:00:00Z,0.717412,0.717669,0.717206,0.717463
2026-09-01T03:00:00Z,0.717412,0.717412,0.716897,0.717000
2026-09-01T04:00:00Z,0.716897,0.717154,0.716897,0.717000
2026-09-01T05:00:00Z,0.717103,0.717360,0.717103,0.717206
2026-09-01T06:00:00Z,0.717154,0.717360,0.716538,0.716640
2026-09-01T07:00:00Z,0.716640,0.716794,0.715666,0.715666
2026-09-01T08:00:00Z,0.715666,0.715717,0.714541,0.714541
2026-09-01T09:00:00Z,0.714541,0.714898,0.714184,0.714694
2026-09-01T10:00:00Z,0.714694,0.714898,0.714490,0.714643
2026-09-01T11:00:00Z,0.714490,0.714950,0.714439,0.714694
2026-09-01T12:00:00Z,0.714592,0.715563,0.714388,0.715563
2026-09-01T13:00:00Z,0.715461,0.715666,0.714898,0.715563
2026-09-01T14:00:00Z,0.715563,0.716230,0.715308,0.715666
2026-09-01T15:00:00Z,0.715820,0.716281,0.715512,0.716076
2026-09-01T16:00:00Z,0.716127,0.716127,0.715205,0.715359
2026-09-01T17:00:00Z,0.715256,0.715359,0.714898,0.714950
2026-09-01T18:00:00Z,0.714950,0.714950,0.714643,0.714950
2026-09-01T19:00:00Z,0.714898,0.714950,0.714592,0.714592
2026-09-01T20:00:00Z,0.714490,0.714745,0.714490,0.714694
2026-09-01T21:00:00Z,0.715512,0.715512,0.714592,0.714643
2026-09-01T22:00:00Z,0.714847,0.715001,0.714847,0.715001
2026-09-01T23:00:00Z,0.714950,0.715001,0.714745,0.714898
2026-09-02T00:00:00Z,0.714847,0.714950,0.714388,0.714388
2026-09-02T01:00:00Z,0.714439,0.715359,0.714235,0.714950
2026-09-02T02:00:00Z,0.714745,0.714847,0.714184,0.714439
2026-09-02T03:00:00Z,0.714541,0.714745,0.714133,0.714286
2026-09-02T04:00:00Z,0.714337,0.714337,0.713521,0.713521
2026-09-02T05:00:00Z,0.713572,0.714592,0.713369,0.714592
2026-09-02T06:00:00Z,0.714439,0.715001,0.714184,0.714286
2026-09-02T07:00:00Z,0.714286,0.715154,0.714235,0.714694
2026-09-02T08:00:00Z,0.714796,0.714796,0.712962,0.713114
2026-09-02T09:00:00Z,0.712962,0.713318,0.712555,0.712555
2026-09-02T10:00:00Z,0.712657,0.713369,0.712504,0.713369
2026-09-02T11:00:00Z,0.713521,0.714745,0.713470,0.714643
2026-09-02T12:00:00Z,0.714745,0.715359,0.714694,0.715103
2026-09-02T13:00:00Z,0.715256,0.717360,0.715256,0.717360
2026-09-02T14:00:00Z,0.717412,0.717463,0.716589,0.717309
2026-09-02T15:00:00Z,0.717103,0.717721,0.717051,0.717257
2026-09-02T16:00:00Z,0.717257,0.717257,0.716949,0.717103
2026-09-02T17:00:00Z,0.717103,0.717309,0.716743,0.717154
2026-09-02T18:00:00Z,0.717103,0.717309,0.716949,0.717051
2026-09-02T19:00:00Z,0.717000,0.717257,0.717000,0.717257
2026-09-02T20:00:00Z,0.717309,0.717463,0.717257,0.717309
2026-09-02T21:00:00Z,0.717000,0.717257,0.716743,0.717257
2026-09-02T22:00:00Z,0.717154,0.717206,0.717000,0.717000
2026-09-02T23:00:00Z,0.717051,0.717051,0.716589,0.716589
2026-09-03T00:00:00Z,0.716435,0.717000,0.716435,0.716846
2026-09-03T01:00:00Z,0.716743,0.717206,0.716692,0.716743
2026-09-03T02:00:00Z,0.716897,0.717051,0.716486,0.716486
2026-09-03T03:00:00Z,0.716486,0.717206,0.716486,0.717206
2026-09-03T04:00:00Z,0.717206,0.717463,0.717000,0.717000
2026-09-03T05:00:00Z,0.717103,0.717103,0.716178,0.716486
2026-09-03T06:00:00Z,0.716538,0.717051,0.716230,0.716846
2026-09-03T07:00:00Z,0.716846,0.717772,0.716846,0.717772
2026-09-03T08:00:00Z,0.717669,0.718752,0.717669,0.718494
2026-09-03T09:00:00Z,0.718597,0.718907,0.718494,0.718649
2026-09-03T10:00:00Z,0.718701,0.719217,0.718133,0.719217
2026-09-03T11:00:00Z,0.719166,0.719839,0.719011,0.719476
2026-09-03T12:00:00Z,0.719373,0.720877,0.719166,0.720877
2026-09-03T13:00:00Z,0.720669,0.720773,0.719269,0.719580
2026-09-03T14:00:00Z,0.719424,0.719580,0.718959,0.719580
2026-09-03T15:00:00Z,0.719683,0.720098,0.719632,0.719994
2026-09-03T16:00:00Z,0.720098,0.720929,0.720098,0.720877
2026-09-03T17:00:00Z,0.720877,0.720981,0.720617,0.720721
2026-09-03T18:00:00Z,0.720825,0.721033,0.720773,0.720825
2026-09-03T19:00:00Z,0.720825,0.720825,0.720357,0.720513
2026-09-03T20:00:00Z,0.720461,0.720565,0.720305,0.720305
2026-09-03T21:00:00Z,0.720357,0.720773,0.719994,0.720150
2026-09-03T22:00:00Z,0.720305,0.720357,0.720150,0.720202
2026-09-03T23:00:00Z,0.720254,0.720409,0.720202,0.720357
2026-09-04T00:00:00Z,0.720254,0.720929,0.720254,0.720929
2026-09-04T01:00:00Z,0.720825,0.721657,0.720617,0.721501
2026-09-04T02:00:00Z,0.721501,0.721657,0.720929,0.721084
2026-09-04T03:00:00Z,0.721084,0.721188,0.720773,0.721033
2026-09-04T04:00:00Z,0.721084,0.721553,0.721084,0.721241
2026-09-04T05:00:00Z,0.721241,0.721293,0.721033,0.721188
2026-09-04T06:00:00Z,0.721137,0.721345,0.720721,0.720721
2026-09-04T07:00:00Z,0.720773,0.720773,0.720254,0.720254
2026-09-04T08:00:00Z,0.720357,0.720513,0.720150,0.720357
2026-09-04T09:00:00Z,0.720254,0.720305,0.719891,0.720202
2026-09-04T10:00:00Z,0.720305,0.720565,0.720202,0.720357
2026-09-04T11:00:00Z,0.720305,0.720721,0.720202,0.720721
2026-09-04T12:00:00Z,0.720669,0.721241,0.718339,0.719476
2026-09-04T13:00:00Z,0.719321,0.721033,0.719011,0.720150
2026-09-04T14:00:00Z,0.720150,0.720929,0.719891,0.720461
2026-09-04T15:00:00Z,0.720617,0.721345,0.720409,0.721188
2026-09-04T16:00:00Z,0.721241,0.721449,0.721137,0.721241
2026-09-04T17:00:00Z,0.721188,0.721188,0.720617,0.720617
2026-09-04T18:00:00Z,0.720669,0.720669,0.720409,0.720513
2026-09-04T19:00:00Z,0.720617,0.721084,0.720617,0.720981
2026-09-04T20:00:00Z,0.720877,0.720981,0.720669,0.720669
2026-09-04T21:00:00Z,0.720513,0.720513,0.720513,0.720513
2026-09-06T23:00:00Z,0.720825,0.721084,0.720825,0.720825
2026-09-07T00:00:00Z,0.720981,0.721345,0.720825,0.720981
2026-09-07T01:00:00Z,0.721084,0.721084,0.720513,0.720565
2026-09-07T02:00:00Z,0.720565,0.720565,0.720098,0.720150
2026-09-07T03:00:00Z,0.720254,0.720669,0.720150,0.720669
2026-09-07T04:00:00Z,0.720721,0.720825,0.720357,0.720825
2026-09-07T05:00:00Z,0.720773,0.721293,0.720669,0.721293
2026-09-07T06:00:00Z,0.721137,0.721970,0.720981,0.721709
2026-09-07T07:00:00Z,0.721761,0.722596,0.721553,0.722439
2026-09-07T08:00:00Z,0.722439,0.722648,0.721970,0.722126
2026-09-07T09:00:00Z,0.722178,0.722335,0.722022,0.722074
2026-09-07T10:00:00Z,0.721970,0.722335,0.721970,0.722178
2026-09-07T11:00:00Z,0.722126,0.722126,0.721709,0.721709
2026-09-07T12:00:00Z,0.721709,0.721970,0.721553,0.721813
2026-09-07T13:00:00Z,0.721865,0.722282,0.721761,0.722282
2026-09-07T14:00:00Z,0.722387,0.722387,0.722126,0.722178
2026-09-07T15:00:00Z,0.722230,0.722387,0.722022,0.722022
2026-09-07T16:00:00Z,0.722074,0.722282,0.721970,0.722282
2026-09-07T17:00:00Z,0.722282,0.722282,0.722074,0.722126
2026-09-07T18:00:00Z,0.722126,0.722178,0.722022,0.722022
2026-09-07T19:00:00Z,0.722074,0.722074,0.721970,0.722022
2026-09-07T20:00:00Z,0.722022,0.722178,0.722022,0.722178
2026-09-07T21:00:00Z,0.721813,0.722387,0.721813,0.721970
2026-09-07T22:00:00Z,0.722178,0.722230,0.722074,0.722126
2026-09-07T23:00:00Z,0.722126,0.722596,0.722126,0.722282
2026-09-08T00:00:00Z,0.722335,0.722491,0.721865,0.721970
2026-09-08T01:00:00Z,0.722022,0.722126,0.721709,0.721813
2026-09-08T02:00:00Z,0.721865,0.721865,0.720929,0.721293
2026-09-08T03:00:00Z,0.721084,0.721813,0.721033,0.721761
2026-09-08T04:00:00Z,0.721813,0.722022,0.721501,0.721917
2026-09-08T05:00:00Z,0.721917,0.722074,0.721605,0.722074
2026-09-08T06:00:00Z,0.722022,0.722387,0.721293,0.721293
2026-09-08T07:00:00Z,0.721449,0.721813,0.721188,0.721449
2026-09-08T08:00:00Z,0.721501,0.721501,0.721033,0.721188
2026-09-08T09:00:00Z,0.721188,0.721605,0.720825,0.721605
2026-09-08T10:00:00Z,0.721553,0.721865,0.721188,0.721605
2026-09-08T11:00:00Z,0.721501,0.721917,0.721345,0.721605
2026-09-08T12:00:00Z,0.721553,0.722648,0.721501,0.722543
2026-09-08T13:00:00Z,0.722596,0.723066,0.722491,0.722700
2026-09-08T14:00:00Z,0.722804,0.723327,0.722387,0.722439
2026-09-08T15:00:00Z,0.722491,0.722752,0.722074,0.722074
2026-09-08T16:00:00Z,0.722022,0.722126,0.721657,0.722074
2026-09-08T17:00:00Z,0.722178,0.722491,0.722178,0.722491
2026-09-08T18:00:00Z,0.722491,0.722857,0.722230,0.722439
2026-09-08T19:00:00Z,0.722491,0.722543,0.721865,0.721917
2026-09-08T20:00:00Z,0.721970,0.722022,0.721761,0.721917
2026-09-08T21:00:00Z,0.721970,0.722439,0.721865,0.722230
2026-09-08T22:00:00Z,0.722074,0.722178,0.722022,0.722074
2026-09-08T23:00:00Z,0.722126,0.722387,0.722074,0.722282
2026-09-09T00:00:00Z,0.722439,0.722857,0.722439,0.722804
2026-09-09T01:00:00Z,0.722700,0.722752,0.722230,0.722648
2026-09-09T02:00:00Z,0.722596,0.722596,0.722335,0.722596
2026-09-09T03:00:00Z,0.722648,0.722804,0.722439,0.722648
2026-09-09T04:00:00Z,0.722596,0.723223,0.722491,0.723223
2026-09-09T05:00:00Z,0.723275,0.723537,0.723066,0.723327
2026-09-09T06:00:00Z,0.723275,0.723956,0.723223,0.723537
2026-09-09T07:00:00Z,0.723537,0.724060,0.723484,0.723537
2026-09-09T08:00:00Z,0.723432,0.723432,0.722596,0.722596
2026-09-09T09:00:00Z,0.722648,0.722648,0.721865,0.721865
2026-09-09T10:00:00Z,0.721865,0.721865,0.721501,0.721709
2026-09-09T11:00:00Z,0.721709,0.722491,0.721709,0.722491
2026-09-09T12:00:00Z,0.722543,0.722804,0.722439,0.722543
2026-09-09T13:00:00Z,0.722648,0.723537,0.722648,0.722961
2026-09-09T14:00:00Z,0.723066,0.723380,0.722909,0.723275
2026-09-09T15:00:00Z,0.723275,0.723275,0.721293,0.722022
2026-09-09T16:00:00Z,0.722022,0.722439,0.721761,0.722282
2026-09-09T17:00:00Z,0.722282,0.722543,0.722282,0.722491
2026-09-09T18:00:00Z,0.722596,0.722596,0.721970,0.721970
2026-09-09T19:00:00Z,0.721970,0.722074,0.721761,0.721970
2026-09-09T20:00:00Z,0.721865,0.722074,0.721761,0.722022
2026-09-09T21:00:00Z,0.722439,0.722491,0.721709,0.721761
2026-09-09T22:00:00Z,0.722022,0.722230,0.721970,0.722074
2026-09-09T23:00:00Z,0.722074,0.722491,0.722074,0.722335
2026-09-10T00:00:00Z,0.722387,0.722387,0.721813,0.721813
2026-09-10T01:00:00Z,0.721709,0.721970,0.721084,0.721917
2026-09-10T02:00:00Z,0.722074,0.722335,0.721865,0.722282
2026-09-10T03:00:00Z,0.722491,0.722491,0.721970,0.722126
2026-09-10T04:00:00Z,0.722178,0.722491,0.722126,0.722126
2026-09-10T05:00:00Z,0.722230,0.722282,0.721970,0.722282
2026-09-10T06:00:00Z,0.722126,0.722126,0.721605,0.721813
2026-09-10T07:00:00Z,0.721813,0.721865,0.721605,0.721709
2026-09-10T08:00:00Z,0.721761,0.721761,0.721345,0.721397
2026-09-10T09:00:00Z,0.721501,0.721657,0.721033,0.721345
2026-09-10T10:00:00Z,0.721241,0.721293,0.720254,0.720357
2026-09-10T11:00:00Z,0.720202,0.720202,0.719321,0.719321
2026-09-10T12:00:00Z,0.719476,0.719476,0.716127,0.716692
2026-09-10T13:00:00Z,0.716692,0.717051,0.716127,0.716794
2026-09-10T14:00:00Z,0.716794,0.717154,0.716486,0.717103
2026-09-10T15:00:00Z,0.716949,0.717515,0.716897,0.717154
2026-09-10T16:00:00Z,0.717206,0.717206,0.716743,0.716897
2026-09-10T17:00:00Z,0.716897,0.717051,0.716640,0.716640
2026-09-10T18:00:00Z,0.716692,0.716692,0.716076,0.716230
2026-09-10T19:00:00Z,0.716230,0.716230,0.715871,0.716127
2026-09-10T20:00:00Z,0.716127,0.716127,0.715820,0.715871
2026-09-10T21:00:00Z,0.716486,0.716486,0.715820,0.715820
2026-09-10T22:00:00Z,0.715973,0.716281,0.715922,0.716281
2026-09-10T23:00:00Z,0.716230,0.716384,0.715871,0.715871
2026-09-11T00:00:00Z,0.715973,0.716794,0.715973,0.716640
2026-09-11T01:00:00Z,0.716794,0.716897,0.716076,0.716230
2026-09-11T02:00:00Z,0.716281,0.716281,0.715615,0.715768
2026-09-11T03:00:00Z,0.715768,0.715820,0.715308,0.715666
2026-09-11T04:00:00Z,0.715717,0.716486,0.715717,0.716332
2026-09-11T05:00:00Z,0.716281,0.717412,0.716281,0.717360
2026-09-11T06:00:00Z,0.717309,0.717721,0.717309,0.717515
2026-09-11T07:00:00Z,0.717721,0.717772,0.717103,0.717309
2026-09-11T08:00:00Z,0.717412,0.717515,0.716846,0.717000
2026-09-11T09:00:00Z,0.717051,0.717257,0.716897,0.717206
2026-09-11T10:00:00Z,0.717257,0.717463,0.717103,0.717206
2026-09-11T11:00:00Z,0.717206,0.717772,0.717206,0.717669
2026-09-11T12:00:00Z,0.717618,0.718597,0.716076,0.718597
2026-09-11T13:00:00Z,0.718804,0.718856,0.717772,0.718236
2026-09-11T14:00:00Z,0.718184,0.718494,0.717412,0.717618
2026-09-11T15:00:00Z,0.717463,0.717721,0.717103,0.717463
2026-09-11T16:00:00Z,0.717618,0.718030,0.717618,0.717824
2026-09-11T17:00:00Z,0.717824,0.717927,0.717515,0.717721
2026-09-11T18:00:00Z,0.717772,0.717824,0.717257,0.717463
2026-09-11T19:00:00Z,0.717463,0.717721,0.717412,0.717618
2026-09-11T20:00:00Z,0.717515,0.717515,0.717103,0.717360
2026-09-11T21:00:00Z,0.717257,0.717257,0.717257,0.717257
2026-09-13T23:00:00Z,0.716384,0.716486,0.715359,0.715410
2026-09-14T00:00:00Z,0.715308,0.715410,0.714592,0.715052
2026-09-14T01:00:00Z,0.715052,0.715154,0.714388,0.715154
2026-09-14T02:00:00Z,0.715205,0.715871,0.715103,0.715512
2026-09-14T03:00:00Z,0.715359,0.715512,0.714950,0.715052
2026-09-14T04:00:00Z,0.715103,0.715410,0.715103,0.715308
2026-09-14T05:00:00Z,0.715256,0.715308,0.714796,0.715052
2026-09-14T06:00:00Z,0.715001,0.715001,0.713827,0.713980
2026-09-14T07:00:00Z,0.713929,0.714439,0.713878,0.713980
2026-09-14T08:00:00Z,0.713878,0.713929,0.712962,0.713216
2026-09-14T09:00:00Z,0.713318,0.713318,0.712758,0.712962
2026-09-14T10:00:00Z,0.712809,0.713369,0.712758,0.713063
2026-09-14T11:00:00Z,0.713114,0.713419,0.713114,0.713165
2026-09-14T12:00:00Z,0.713114,0.713318,0.711592,0.711642
2026-09-14T13:00:00Z,0.711440,0.711896,0.711187,0.711541
2026-09-14T14:00:00Z,0.711491,0.712606,0.711440,0.712606
2026-09-14T15:00:00Z,0.712962,0.714337,0.712911,0.714235
2026-09-14T16:00:00Z,0.714133,0.715103,0.714133,0.714950
2026-09-14T17:00:00Z,0.714898,0.714898,0.714439,0.714592
2026-09-14T18:00:00Z,0.714592,0.714898,0.714541,0.714643
2026-09-14T19:00:00Z,0.714745,0.714745,0.714082,0.714235
2026-09-14T20:00:00Z,0.714082,0.714286,0.714031,0.714235
2026-09-14T21:00:00Z,0.713216,0.714184,0.713216,0.714184
2026-09-14T22:00:00Z,0.714337,0.714388,0.714286,0.714337
2026-09-14T23:00:00Z,0.714337,0.714337,0.713929,0.714031
2026-09-15T00:00:00Z,0.713827,0.713878,0.713419,0.713623
2026-09-15T01:00:00Z,0.713572,0.713776,0.713063,0.713521
2026-09-15T02:00:00Z,0.713623,0.713623,0.713165,0.713521
2026-09-15T03:00:00Z,0.713572,0.713572,0.712657,0.712657
2026-09-15T04:00:00Z,0.712555,0.712555,0.711997,0.712352
2026-09-15T05:00:00Z,0.712352,0.712606,0.711997,0.712352
2026-09-15T06:00:00Z,0.712251,0.712657,0.712099,0.712149
2026-09-15T07:00:00Z,0.712048,0.712860,0.712048,0.712758
2026-09-15T08:00:00Z,0.712911,0.713063,0.712200,0.712911
2026-09-15T09:00:00Z,0.712860,0.713267,0.712555,0.713114
2026-09-15T10:00:00Z,0.713063,0.713165,0.712758,0.712962
2026-09-15T11:00:00Z,0.713114,0.713419,0.713012,0.713114
2026-09-15T12:00:00Z,0.713114,0.713369,0.712708,0.713063
2026-09-15T13:00:00Z,0.713114,0.713674,0.712758,0.713623
2026-09-15T14:00:00Z,0.713470,0.713521,0.712809,0.713165
2026-09-15T15:00:00Z,0.713063,0.713369,0.712962,0.713063
2026-09-15T16:00:00Z,0.713012,0.713521,0.712809,0.713521
2026-09-15T17:00:00Z,0.713521,0.713521,0.713063,0.713165
2026-09-15T18:00:00Z,0.713114,0.713623,0.713114,0.713419
2026-09-15T19:00:00Z,0.713419,0.713419,0.713216,0.713369
2026-09-15T20:00:00Z,0.713318,0.713419,0.713216,0.713369
2026-09-15T21:00:00Z,0.714439,0.714439,0.712911,0.713165
2026-09-15T22:00:00Z,0.713725,0.713725,0.713267,0.713267
2026-09-15T23:00:00Z,0.713063,0.713114,0.712708,0.712809
2026-09-16T00:00:00Z,0.712657,0.713012,0.712403,0.712860
2026-09-16T01:00:00Z,0.712962,0.713165,0.712301,0.712301
2026-09-16T02:00:00Z,0.712403,0.713063,0.712352,0.713012
2026-09-16T03:00:00Z,0.713063,0.713063,0.712657,0.712657
2026-09-16T04:00:00Z,0.712758,0.713216,0.712708,0.713114
2026-09-16T05:00:00Z,0.713216,0.713725,0.713216,0.713470
2026-09-16T06:00:00Z,0.713470,0.713470,0.712911,0.713419
2026-09-16T07:00:00Z,0.713369,0.713827,0.713216,0.713216
2026-09-16T08:00:00Z,0.713216,0.713318,0.712809,0.713318
2026-09-16T09:00:00Z,0.713267,0.713369,0.713063,0.713216
2026-09-16T10:00:00Z,0.713369,0.713521,0.713216,0.713267
2026-09-16T11:00:00Z,0.713419,0.713776,0.713369,0.713419
2026-09-16T12:00:00Z,0.713419,0.713521,0.713165,0.713369
2026-09-16T13:00:00Z,0.713369,0.713419,0.712809,0.712962
2026-09-16T14:00:00Z,0.712860,0.713878,0.712657,0.713369
2026-09-16T15:00:00Z,0.713419,0.713674,0.713267,0.713419
2026-09-16T16:00:00Z,0.713318,0.713674,0.713267,0.713369
2026-09-16T17:00:00Z,0.713318,0.713725,0.713063,0.713725
2026-09-16T18:00:00Z,0.712200,0.712606,0.709170,0.709170
2026-09-16T19:00:00Z,0.709623,0.710076,0.707965,0.709320
2026-09-16T20:00:00Z,0.709270,0.709371,0.708617,0.708968
2026-09-16T21:00:00Z,0.709019,0.709270,0.708667,0.708968
2026-09-16T22:00:00Z,0.708868,0.708968,0.708717,0.708968
2026-09-16T23:00:00Z,0.708918,0.709421,0.708918,0.709069
2026-09-17T00:00:00Z,0.709119,0.709723,0.708968,0.709069
2026-09-17T01:00:00Z,0.709119,0.709925,0.709069,0.709623
2026-09-17T02:00:00Z,0.709723,0.710278,0.709673,0.710177
2026-09-17T03:00:00Z,0.710126,0.710783,0.710126,0.710732
2026-09-17T04:00:00Z,0.710783,0.711136,0.710631,0.711136
2026-09-17T05:00:00Z,0.711288,0.711541,0.711086,0.711086
2026-09-17T06:00:00Z,0.711086,0.712149,0.711035,0.711946
2026-09-17T07:00:00Z,0.711896,0.711997,0.711541,0.711946
2026-09-17T08:00:00Z,0.711794,0.711794,0.711238,0.711541
2026-09-17T09:00:00Z,0.711642,0.711845,0.711339,0.711339
2026-09-17T10:00:00Z,0.711238,0.711440,0.710934,0.711238
2026-09-17T11:00:00Z,0.711238,0.711389,0.710833,0.711288
2026-09-17T12:00:00Z,0.711238,0.712860,0.711136,0.712301
2026-09-17T13:00:00Z,0.712251,0.712251,0.711541,0.711693
2026-09-17T14:00:00Z,0.711794,0.712301,0.711440,0.711440
2026-09-17T15:00:00Z,0.711389,0.711744,0.711288,0.711541
2026-09-17T16:00:00Z,0.711592,0.711693,0.711288,0.711541
2026-09-17T17:00:00Z,0.711440,0.711693,0.711440,0.711491
2026-09-17T18:00:00Z,0.711541,0.711541,0.711187,0.711238
2026-09-17T19:00:00Z,0.711339,0.711389,0.711288,0.711288
2026-09-17T20:00:00Z,0.711288,0.711389,0.711238,0.711339
2026-09-17T21:00:00Z,0.711896,0.711896,0.711136,0.711136
2026-09-17T22:00:00Z,0.711136,0.711389,0.711136,0.711136
2026-09-17T23:00:00Z,0.711187,0.711845,0.711136,0.711744
2026-09-18T00:00:00Z,0.711946,0.712048,0.711541,0.712048
2026-09-18T01:00:00Z,0.712048,0.712099,0.711389,0.712099
2026-09-18T02:00:00Z,0.711997,0.712149,0.711997,0.712099
2026-09-18T03:00:00Z,0.712251,0.713725,0.712200,0.713674
2026-09-18T04:00:00Z,0.713725,0.713827,0.713114,0.713114
2026-09-18T05:00:00Z,0.713165,0.713165,0.712454,0.712555
2026-09-18T06:00:00Z,0.712809,0.713114,0.712504,0.713063
2026-09-18T07:00:00Z,0.713063,0.713063,0.712504,0.712657
2026-09-18T08:00:00Z,0.712860,0.713114,0.712555,0.712911
2026-09-18T09:00:00Z,0.712758,0.712911,0.712657,0.712758
2026-09-18T10:00:00Z,0.712758,0.712911,0.712504,0.712758
2026-09-18T11:00:00Z,0.712911,0.713114,0.712352,0.712555
2026-09-18T12:00:00Z,0.712454,0.712454,0.711592,0.711845
2026-09-18T13:00:00Z,0.711794,0.711946,0.711288,0.711288
2026-09-18T14:00:00Z,0.711238,0.711592,0.711086,0.711086
2026-09-18T15:00:00Z,0.711136,0.711288,0.710884,0.711288
2026-09-18T16:00:00Z,0.711339,0.712555,0.711238,0.712454
2026-09-18T17:00:00Z,0.712504,0.712860,0.712504,0.712708
2026-09-18T18:00:00Z,0.712657,0.712962,0.712657,0.712860
2026-09-18T19:00:00Z,0.712809,0.712962,0.712758,0.712860
2026-09-18T20:00:00Z,0.712911,0.713012,0.712708,0.712708
2026-09-18T21:00:00Z,0.712149,0.712149,0.712149,0.712149
2026-09-20T23:00:00Z,0.712606,0.712606,0.712403,0.712403
2026-09-21T00:00:00Z,0.712454,0.713216,0.712403,0.712962
2026-09-21T01:00:00Z,0.712860,0.712962,0.712657,0.712708
2026-09-21T02:00:00Z,0.712657,0.712708,0.712403,0.712454
2026-09-21T03:00:00Z,0.712454,0.712860,0.712403,0.712809
2026-09-21T04:00:00Z,0.712911,0.713267,0.712911,0.713114
2026-09-21T05:00:00Z,0.712962,0.712962,0.712403,0.712504
2026-09-21T06:00:00Z,0.712606,0.713165,0.712454,0.713114
2026-09-21T07:00:00Z,0.713063,0.713114,0.712657,0.713114
2026-09-21T08:00:00Z,0.713012,0.713572,0.713012,0.713318
2026-09-21T09:00:00Z,0.713267,0.713419,0.712911,0.713012
2026-09-21T10:00:00Z,0.713012,0.713318,0.713012,0.713267
2026-09-21T11:00:00Z,0.713216,0.714184,0.713216,0.713980
2026-09-21T12:00:00Z,0.713980,0.714184,0.713674,0.713827
2026-09-21T13:00:00Z,0.713827,0.713827,0.713165,0.713165
2026-09-21T14:00:00Z,0.713114,0.713114,0.712555,0.712758
2026-09-21T15:00:00Z,0.712809,0.712860,0.712352,0.712403
2026-09-21T16:00:00Z,0.712454,0.712962,0.712454,0.712555
2026-09-21T17:00:00Z,0.712555,0.712708,0.712454,0.712504
2026-09-21T18:00:00Z,0.712504,0.712606,0.712200,0.712403
2026-09-21T19:00:00Z,0.712454,0.712606,0.712301,0.712301
2026-09-21T20:00:00Z,0.712149,0.712251,0.711997,0.712200
2026-09-21T21:00:00Z,0.712099,0.712454,0.711896,0.712403
2026-09-21T22:00:00Z,0.712352,0.712352,0.712099,0.712251
2026-09-21T23:00:00Z,0.712301,0.712352,0.712099,0.712149
2026-09-22T00:00:00Z,0.712048,0.712708,0.712048,0.712403
2026-09-22T01:00:00Z,0.712352,0.712352,0.710126,0.710732
2026-09-22T02:00:00Z,0.710783,0.712149,0.710783,0.711997
2026-09-22T03:00:00Z,0.712099,0.712809,0.711845,0.712504
2026-09-22T04:00:00Z,0.712454,0.712708,0.712301,0.712403
2026-09-22T05:00:00Z,0.712301,0.712657,0.712301,0.712555
2026-09-22T06:00:00Z,0.712454,0.712454,0.711794,0.711997
2026-09-22T07:00:00Z,0.711946,0.711946,0.710682,0.710732
2026-09-22T08:00:00Z,0.710480,0.711845,0.709623,0.711389
2026-09-22T09:00:00Z,0.711389,0.711896,0.710833,0.711794
2026-09-22T10:00:00Z,0.711997,0.712251,0.711642,0.711896
2026-09-22T11:00:00Z,0.711794,0.711794,0.711288,0.711440
2026-09-22T12:00:00Z,0.711440,0.711693,0.711035,0.711086
2026-09-22T13:00:00Z,0.711035,0.711946,0.711035,0.711946
2026-09-22T14:00:00Z,0.711794,0.711946,0.710480,0.710682
2026-09-22T15:00:00Z,0.710732,0.711035,0.709975,0.710177
2026-09-22T16:00:00Z,0.710227,0.710833,0.710076,0.710783
2026-09-22T17:00:00Z,0.710783,0.711389,0.710530,0.711339
2026-09-22T18:00:00Z,0.711288,0.711693,0.711238,0.711389
2026-09-22T19:00:00Z,0.711389,0.712301,0.711389,0.711997
2026-09-22T20:00:00Z,0.711896,0.712048,0.711744,0.711744
2026-09-22T21:00:00Z,0.711845,0.712099,0.711440,0.712048
2026-09-22T22:00:00Z,0.711896,0.711946,0.711642,0.711642
2026-09-22T23:00:00Z,0.711642,0.711642,0.711440,0.711440
2026-09-23T00:00:00Z,0.711440,0.711896,0.711187,0.711845
2026-09-23T01:00:00Z,0.711845,0.711845,0.711035,0.711035
2026-09-23T02:00:00Z,0.711086,0.711086,0.710429,0.710631
2026-09-23T03:00:00Z,0.710631,0.710631,0.710227,0.710227
2026-09-23T04:00:00Z,0.710278,0.710884,0.710278,0.710530
2026-09-23T05:00:00Z,0.710530,0.710732,0.709975,0.710328
2026-09-23T06:00:00Z,0.710227,0.710530,0.709824,0.709824
2026-09-23T07:00:00Z,0.709673,0.709673,0.708617,0.708717
2026-09-23T08:00:00Z,0.708667,0.709220,0.708265,0.709119
2026-09-23T09:00:00Z,0.709019,0.709119,0.708366,0.708416
2026-09-23T10:00:00Z,0.708265,0.708567,0.707864,0.707864
2026-09-23T11:00:00Z,0.707914,0.707965,0.706714,0.707214
2026-09-23T12:00:00Z,0.707214,0.707264,0.706314,0.706714
2026-09-23T13:00:00Z,0.706864,0.707114,0.704275,0.704523
2026-09-23T14:00:00Z,0.704573,0.705169,0.703730,0.704871
2026-09-23T15:00:00Z,0.704920,0.704920,0.703532,0.703829
2026-09-23T16:00:00Z,0.703779,0.704077,0.703136,0.703185
2026-09-23T17:00:00Z,0.703087,0.704325,0.702988,0.704275
2026-09-23T18:00:00Z,0.704424,0.704523,0.703928,0.704126
2026-09-23T19:00:00Z,0.704176,0.704473,0.703977,0.704275
2026-09-23T20:00:00Z,0.704275,0.704473,0.704176,0.704275
2026-09-23T21:00:00Z,0.704225,0.704771,0.703829,0.703829
2026-09-23T22:00:00Z,0.704225,0.704325,0.704126,0.704225
2026-09-23T23:00:00Z,0.704225,0.704374,0.703631,0.703631
2026-09-24T00:00:00Z,0.703631,0.703878,0.703284,0.703532
2026-09-24T01:00:00Z,0.703581,0.703878,0.702642,0.702642
2026-09-24T02:00:00Z,0.702642,0.703779,0.702001,0.703779
2026-09-24T03:00:00Z,0.703779,0.703878,0.703037,0.703235
2026-09-24T04:00:00Z,0.703235,0.703977,0.703037,0.703779
2026-09-24T05:00:00Z,0.703779,0.703977,0.703334,0.703334
2026-09-24T06:00:00Z,0.703284,0.704126,0.703284,0.703779
2026-09-24T07:00:00Z,0.703680,0.704523,0.703581,0.704176
2026-09-24T08:00:00Z,0.704176,0.704672,0.703185,0.703284
2026-09-24T09:00:00Z,0.703284,0.703482,0.702839,0.703334
2026-09-24T10:00:00Z,0.703334,0.703383,0.702790,0.702938
2026-09-24T11:00:00Z,0.703136,0.703383,0.702593,0.702839
2026-09-24T12:00:00Z,0.702938,0.703284,0.702741,0.703235
2026-09-24T13:00:00Z,0.703334,0.703482,0.702889,0.703136
2026-09-24T14:00:00Z,0.703037,0.703136,0.702198,0.702395
2026-09-24T15:00:00Z,0.702346,0.702346,0.701016,0.701459
2026-09-24T16:00:00Z,0.701607,0.703433,0.701361,0.702889
2026-09-24T17:00:00Z,0.702741,0.702839,0.701410,0.701508
2026-09-24T18:00:00Z,0.701557,0.701902,0.700869,0.701804
2026-09-24T19:00:00Z,0.701705,0.701853,0.701361,0.701656
2026-09-24T20:00:00Z,0.701557,0.701607,0.700967,0.701459
2026-09-24T21:00:00Z,0.701508,0.702149,0.701361,0.701459
2026-09-24T22:00:00Z,0.701459,0.701607,0.701213,0.701311
2026-09-24T23:00:00Z,0.701262,0.701262,0.700771,0.700771
2026-09-25T00:00:00Z,0.700722,0.701311,0.700673,0.701311
2026-09-25T01:00:00Z,0.701262,0.701804,0.701262,0.701459
2026-09-25T02:00:00Z,0.701508,0.701656,0.701115,0.701164
2026-09-25T03:00:00Z,0.701213,0.701754,0.701115,0.701705
2026-09-25T04:00:00Z,0.701656,0.701754,0.701508,0.701607
2026-09-25T05:00:00Z,0.701656,0.702050,0.701656,0.701951
