time,open,high,low,close
2025-09-24T06:00:00Z,174.464996,174.632004,174.459000,174.518005
2025-09-24T07:00:00Z,174.514999,174.626007,174.501999,174.522003
2025-09-24T08:00:00Z,174.516006,174.556000,174.334000,174.535004
2025-09-24T09:00:00Z,174.529007,174.578995,174.436005,174.488007
2025-09-24T10:00:00Z,174.485992,174.552002,174.360001,174.386993
2025-09-24T11:00:00Z,174.386993,174.514008,174.358002,174.475998
2025-09-24T12:00:00Z,174.475998,174.589996,174.464005,174.576004
2025-09-24T13:00:00Z,174.576004,174.591995,174.485001,174.554993
2025-09-24T14:00:00Z,174.556000,174.653000,174.447998,174.623993
2025-09-24T15:00:00Z,174.626999,174.699005,174.580002,174.606995
2025-09-24T16:00:00Z,174.610992,174.653000,174.522995,174.535004
2025-09-24T17:00:00Z,174.533005,174.613007,174.526001,174.580994
2025-09-24T18:00:00Z,174.580994,174.701004,174.561996,174.686996
2025-09-24T19:00:00Z,174.688995,174.740005,174.643005,174.729996
2025-09-24T20:00:00Z,174.727997,174.792007,174.714005,174.759003
2025-09-24T21:00:00Z,174.768997,174.774994,174.500000,174.639999
2025-09-24T22:00:00Z,174.587997,174.787003,174.587997,174.757004
2025-09-24T23:00:00Z,174.764008,174.785995,174.682007,174.699997
2025-09-25T00:00:00Z,174.701996,174.705994,174.492004,174.531998
2025-09-25T01:00:00Z,174.533997,174.772003,174.518005,174.695999
2025-09-25T02:00:00Z,174.697998,174.781998,174.589005,174.768997
2025-09-25T03:00:00Z,174.768997,174.781998,174.669006,174.720993
2025-09-25T04:00:00Z,174.725006,174.735001,174.625000,174.634003
2025-09-25T05:00:00Z,174.634003,174.735992,174.606003,174.731003
2025-09-25T06:00:00Z,174.731995,174.867996,174.692001,174.751007
2025-09-25T07:00:00Z,174.751007,174.779007,174.522003,174.608994
2025-09-25T08:00:00Z,174.612000,174.671997,174.501007,174.662003
2025-09-25T09:00:00Z,174.662994,174.774002,174.656006,174.753006
2025-09-25T10:00:00Z,174.750000,174.830002,174.733002,174.787003
2025-09-25T11:00:00Z,174.791000,174.834000,174.645004,174.733002
2025-09-25T12:00:00Z,174.729996,174.785995,174.472000,174.582993
2025-09-25T13:00:00Z,174.576004,174.686005,174.522003,174.615005
2025-09-25T14:00:00Z,174.621002,174.725006,174.574005,174.710999
2025-09-25T15:00:00Z,174.710999,174.919998,174.623001,174.835007
2025-09-25T16:00:00Z,174.832001,174.940994,174.779999,174.830994
2025-09-25T17:00:00Z,174.837997,174.862000,174.598007,174.632004
2025-09-25T18:00:00Z,174.630997,174.679001,174.546997,174.653000
2025-09-25T19:00:00Z,174.651001,174.671997,174.591003,174.636993
2025-09-25T20:00:00Z,174.639999,174.800003,174.626999,174.735992
2025-09-25T21:00:00Z,174.733994,174.787003,174.528000,174.557999
2025-09-25T22:00:00Z,174.589996,174.787003,174.546005,174.729996
2025-09-25T23:00:00Z,174.701996,174.850006,174.682007,174.770004
2025-09-26T00:00:00Z,174.772995,174.807007,174.628998,174.690994
2025-09-26T01:00:00Z,174.690002,174.843994,174.651993,174.809006
2025-09-26T02:00:00Z,174.809006,174.858002,174.776001,174.824997
2025-09-26T03:00:00Z,174.824997,174.845001,174.770996,174.822006
2025-09-26T04:00:00Z,174.822006,174.858994,174.766998,174.778000
2025-09-26T05:00:00Z,174.778000,174.839005,174.742996,174.815994
2025-09-26T06:00:00Z,174.813995,174.929993,174.800995,174.867004
2025-09-26T07:00:00Z,174.865005,175.018005,174.856003,174.910004
2025-09-26T08:00:00Z,174.910004,174.957001,174.852005,174.912003
2025-09-26T09:00:00Z,174.912003,174.957001,174.845993,174.921005
2025-09-26T10:00:00Z,174.919998,174.972000,174.794998,174.817993
2025-09-26T11:00:00Z,174.815994,174.860001,174.727997,174.764008
2025-09-26T12:00:00Z,174.763000,174.917007,174.705994,174.798996
2025-09-26T13:00:00Z,174.798996,174.985001,174.796005,174.932999
2025-09-26T14:00:00Z,174.944000,175.052002,174.781998,174.783997
2025-09-26T15:00:00Z,174.783005,174.865997,174.763000,174.800003
2025-09-26T16:00:00Z,174.800003,174.886993,174.800003,174.863998
2025-09-26T17:00:00Z,174.863007,174.951004,174.813995,174.934006
2025-09-26T18:00:00Z,174.929993,174.966003,174.865997,174.901993
2025-09-26T19:00:00Z,174.897995,175.005997,174.891006,174.996994
2025-09-26T20:00:00Z,175.003998,175.007004,174.845993,174.895004
2025-09-26T21:00:00Z,174.959000,174.959000,174.959000,174.959000
2025-09-28T23:00:00Z,174.940002,174.962006,174.843994,174.880005
2025-09-29T00:00:00Z,174.880005,174.917999,174.792999,174.854004
2025-09-29T01:00:00Z,174.852997,174.889999,174.647995,174.772003
2025-09-29T02:00:00Z,174.774002,174.783005,174.608002,174.639999
2025-09-29T03:00:00Z,174.641998,174.669006,174.597000,174.621994
2025-09-29T04:00:00Z,174.621994,174.712006,174.585999,174.664993
2025-09-29T05:00:00Z,174.666000,174.751007,174.455002,174.488007
2025-09-29T06:00:00Z,174.488998,174.503006,174.345001,174.401993
2025-09-29T07:00:00Z,174.412003,174.447006,174.194000,174.229004
2025-09-29T08:00:00Z,174.229004,174.242004,173.979004,174.121994
2025-09-29T09:00:00Z,174.121994,174.218002,174.048004,174.125000
2025-09-29T10:00:00Z,174.125000,174.240997,174.087006,174.233994
2025-09-29T11:00:00Z,174.231995,174.343994,174.162994,174.324005
2025-09-29T12:00:00Z,174.324005,174.619003,174.317001,174.606003
2025-09-29T13:00:00Z,174.606995,174.647995,174.412994,174.445007
2025-09-29T14:00:00Z,174.440994,174.485001,174.244995,174.365997
2025-09-29T15:00:00Z,174.363998,174.378006,174.179001,174.251999
2025-09-29T16:00:00Z,174.251007,174.315002,174.220001,174.272003
2025-09-29T17:00:00Z,174.270996,174.319000,174.151993,174.164001
2025-09-29T18:00:00Z,174.164001,174.382004,174.145004,174.365997
2025-09-29T19:00:00Z,174.365997,174.371002,174.257004,174.300995
2025-09-29T20:00:00Z,174.300003,174.358002,174.134995,174.216995
2025-09-29T21:00:00Z,174.136002,174.324005,174.115005,174.212997
2025-09-29T22:00:00Z,174.246002,174.298004,174.151993,174.253006
2025-09-29T23:00:00Z,174.259003,174.352005,174.210007,174.335007
2025-09-30T00:00:00Z,174.332001,174.416000,174.210999,174.395004
2025-09-30T01:00:00Z,174.395004,174.403000,174.203003,174.244995
2025-09-30T02:00:00Z,174.244995,174.337006,174.225006,174.322998
2025-09-30T03:00:00Z,174.326004,174.330002,174.110992,174.113998
2025-09-30T04:00:00Z,174.113007,174.160995,173.953995,174.048996
2025-09-30T05:00:00Z,174.048996,174.130005,173.914993,173.983994
2025-09-30T06:00:00Z,173.985992,174.054993,173.764999,173.796005
2025-09-30T07:00:00Z,173.796005,173.921005,173.690994,173.828995
2025-09-30T08:00:00Z,173.843994,173.927994,173.712997,173.804001
2025-09-30T09:00:00Z,173.807007,173.860001,173.667999,173.830002
2025-09-30T10:00:00Z,173.835999,173.880005,173.727005,173.856995
2025-09-30T11:00:00Z,173.856995,173.921997,173.725006,173.746002
2025-09-30T12:00:00Z,173.750000,173.809998,173.565994,173.653000
2025-09-30T13:00:00Z,173.649994,173.695007,173.436996,173.470993
2025-09-30T14:00:00Z,173.470993,173.692993,173.386002,173.526993
2025-09-30T15:00:00Z,173.529007,173.630997,173.460007,173.625000
2025-09-30T16:00:00Z,173.621994,173.705994,173.544006,173.688995
2025-09-30T17:00:00Z,173.690002,173.720001,173.615997,173.634003
2025-09-30T18:00:00Z,173.630997,173.641006,173.529007,173.602997
2025-09-30T19:00:00Z,173.610992,173.626999,173.539001,173.582001
2025-09-30T20:00:00Z,173.584000,173.645996,173.436005,173.501999
2025-09-30T21:00:00Z,173.445999,173.570007,173.395004,173.487000
2025-09-30T22:00:00Z,173.496994,173.580994,173.449005,173.548996
2025-09-30T23:00:00Z,173.550003,173.705994,173.546997,173.694000
2025-10-01T00:00:00Z,173.694000,173.914993,173.675995,173.815994
2025-10-01T01:00:00Z,173.813004,173.837997,173.675003,173.679993
2025-10-01T02:00:00Z,173.679993,173.699997,173.546997,173.613998
2025-10-01T03:00:00Z,173.615997,173.679001,173.574005,173.634995
2025-10-01T04:00:00Z,173.632004,173.725998,173.473007,173.490997
2025-10-01T05:00:00Z,173.492004,173.578003,173.367996,173.371994
2025-10-01T06:00:00Z,173.376999,173.380997,173.192993,173.251007
2025-10-01T07:00:00Z,173.257004,173.261993,172.826004,172.862000
2025-10-01T08:00:00Z,172.860992,173.024002,172.800003,172.886993
2025-10-01T09:00:00Z,172.888000,172.919998,172.664001,172.714005
2025-10-01T10:00:00Z,172.716003,172.723999,172.419006,172.451004
2025-10-01T11:00:00Z,172.451004,172.619995,172.440002,172.494003
2025-10-01T12:00:00Z,172.494003,172.656006,172.292007,172.470001
2025-10-01T13:00:00Z,172.468002,172.580994,172.339996,172.449005
2025-10-01T14:00:00Z,172.447006,172.667999,172.399994,172.509003
2025-10-01T15:00:00Z,172.509003,172.651001,172.445999,172.498001
2025-10-01T16:00:00Z,172.498993,172.600006,172.466995,172.513000
2025-10-01T17:00:00Z,172.513000,172.619995,172.513000,172.533005
2025-10-01T18:00:00Z,172.535995,172.664993,172.533005,172.600006
2025-10-01T19:00:00Z,172.604004,172.645996,172.537994,172.546997
2025-10-01T20:00:00Z,172.548004,172.593994,172.442993,172.513000
2025-10-01T21:00:00Z,172.436996,172.567993,172.360992,172.494995
2025-10-01T22:00:00Z,172.490005,172.578003,172.432999,172.492004
2025-10-01T23:00:00Z,172.490005,172.615997,172.477997,172.597000
2025-10-02T00:00:00Z,172.598007,172.744003,172.554001,172.647003
2025-10-02T01:00:00Z,172.645004,172.677002,172.505005,172.539993
2025-10-02T02:00:00Z,172.537994,172.766006,172.503998,172.720993
2025-10-02T03:00:00Z,172.723007,172.755005,172.552994,172.598007
2025-10-02T04:00:00Z,172.595993,172.710999,172.572006,172.695007
2025-10-02T05:00:00Z,172.692001,172.759995,172.626999,172.699997
2025-10-02T06:00:00Z,172.697998,172.981995,172.507996,172.802994
2025-10-02T07:00:00Z,172.800995,172.945007,172.764999,172.813004
2025-10-02T08:00:00Z,172.815994,172.850998,172.459000,172.535995
2025-10-02T09:00:00Z,172.520996,172.557999,172.309006,172.345001
2025-10-02T10:00:00Z,172.345993,172.431000,172.268997,172.328995
2025-10-02T11:00:00Z,172.332001,172.567993,172.296005,172.490005
2025-10-02T12:00:00Z,172.485992,172.809006,172.466003,172.729004
2025-10-02T13:00:00Z,172.727997,172.744995,172.490005,172.580994
2025-10-02T14:00:00Z,172.574997,172.585007,172.350998,172.569000
2025-10-02T15:00:00Z,172.563004,172.580002,172.259003,172.343994
2025-10-02T16:00:00Z,172.343994,172.432007,172.315994,172.395996
2025-10-02T17:00:00Z,172.395996,172.500000,172.373001,172.401993
2025-10-02T18:00:00Z,172.399994,172.556000,172.391998,172.544998
2025-10-02T19:00:00Z,172.544006,172.567001,172.466003,172.542007
2025-10-02T20:00:00Z,172.542999,172.569000,172.447006,172.468994
2025-10-02T21:00:00Z,172.468994,172.546997,172.401001,172.490005
2025-10-02T22:00:00Z,172.453995,172.529999,172.410995,172.483002
2025-10-02T23:00:00Z,172.490005,172.550995,172.425995,172.529999
2025-10-03T00:00:00Z,172.529007,172.770996,172.526993,172.753006
2025-10-03T01:00:00Z,172.753006,173.098007,172.623993,172.975998
2025-10-03T02:00:00Z,172.975998,173.130997,172.968002,173.115997
2025-10-03T03:00:00Z,173.113007,173.212997,173.084000,173.106995
2025-10-03T04:00:00Z,173.106995,173.181000,173.084000,173.100006
2025-10-03T05:00:00Z,173.102005,173.179993,172.925003,173.151993
2025-10-03T06:00:00Z,173.151993,173.190002,172.959000,172.996002
2025-10-03T07:00:00Z,172.996994,173.110001,172.914001,172.940002
2025-10-03T08:00:00Z,172.944000,173.048004,172.904999,172.968002
2025-10-03T09:00:00Z,172.964005,173.009995,172.893005,172.966995
2025-10-03T10:00:00Z,172.970001,172.975006,172.876007,172.897995
2025-10-03T11:00:00Z,172.897995,172.973007,172.789993,172.809998
2025-10-03T12:00:00Z,172.815994,172.903000,172.768997,172.878006
2025-10-03T13:00:00Z,172.875000,172.981003,172.826004,172.977997
2025-10-03T14:00:00Z,172.964005,173.246002,172.746994,173.113007
2025-10-03T15:00:00Z,173.108002,173.143997,173.026001,173.061005
2025-10-03T16:00:00Z,173.061005,173.182007,173.054993,173.162994
2025-10-03T17:00:00Z,173.158997,173.164001,173.035004,173.078003
2025-10-03T18:00:00Z,173.078003,173.173004,173.009003,173.154007
2025-10-03T19:00:00Z,173.156006,173.169006,173.110001,173.128998
2025-10-03T20:00:00Z,173.126007,173.171005,173.067993,173.091003
2025-10-03T21:00:00Z,173.132004,173.132004,173.132004,173.132004
2025-10-05T23:00:00Z,174.951004,175.244003,174.770004,175.186005
2025-10-06T00:00:00Z,175.186005,175.501999,175.100006,175.395996
2025-10-06T01:00:00Z,175.393997,175.636002,175.292007,175.587006
2025-10-06T02:00:00Z,175.587006,175.813995,175.557999,175.753006
2025-10-06T03:00:00Z,175.751999,175.975006,175.723007,175.936996
2025-10-06T04:00:00Z,175.932999,176.235992,175.723999,176.164001
2025-10-06T05:00:00Z,176.164001,176.251999,176.009995,176.054001
2025-10-06T06:00:00Z,176.054001,176.061005,175.423996,175.438995
2025-10-06T07:00:00Z,175.436996,175.835999,174.968002,174.977997
2025-10-06T08:00:00Z,174.977997,175.582001,174.893997,175.440002
2025-10-06T09:00:00Z,175.442993,175.520004,175.311005,175.432007
2025-10-06T10:00:00Z,175.429993,175.445999,175.222000,175.278000
2025-10-06T11:00:00Z,175.278000,175.595001,175.235992,175.557999
2025-10-06T12:00:00Z,175.554993,175.576004,174.962997,175.078995
2025-10-06T13:00:00Z,175.078995,175.421005,175.050995,175.410004
2025-10-06T14:00:00Z,175.408005,175.729996,175.326996,175.697006
2025-10-06T15:00:00Z,175.697006,175.774994,175.615005,175.623993
2025-10-06T16:00:00Z,175.623993,175.871002,175.563004,175.865997
2025-10-06T17:00:00Z,175.865005,175.959000,175.774002,175.889999
2025-10-06T18:00:00Z,175.893997,176.059006,175.880997,176.031998
2025-10-06T19:00:00Z,176.033997,176.065994,175.960007,176.035004
2025-10-06T20:00:00Z,176.035004,176.139008,175.960999,176.007004
2025-10-06T21:00:00Z,176.035004,176.072006,175.832001,175.889999
2025-10-06T22:00:00Z,176.072006,176.087997,175.942001,176.024002
2025-10-06T23:00:00Z,176.016006,176.102005,175.957993,176.063004
2025-10-07T00:00:00Z,176.063995,176.343994,176.050995,176.203003
2025-10-07T01:00:00Z,176.201004,176.261002,175.949005,176.041000
2025-10-07T02:00:00Z,176.041000,176.160004,175.947006,176.143997
2025-10-07T03:00:00Z,176.143005,176.154999,175.966003,175.966003
2025-10-07T04:00:00Z,175.968994,176.009003,175.867996,175.957993
2025-10-07T05:00:00Z,175.955994,176.005997,175.858002,175.947006
2025-10-07T06:00:00Z,175.957993,176.102005,175.914993,176.026993
2025-10-07T07:00:00Z,176.029007,176.065994,175.779007,175.867004
2025-10-07T08:00:00Z,175.867996,176.011002,175.800003,175.903000
2025-10-07T09:00:00Z,175.903000,175.996994,175.787003,175.873001
2025-10-07T10:00:00Z,175.875000,176.041000,175.850998,176.005997
2025-10-07T11:00:00Z,176.013000,176.028000,175.854004,175.977997
2025-10-07T12:00:00Z,175.977005,176.061996,175.880005,175.966995
2025-10-07T13:00:00Z,175.964996,176.028000,175.889008,175.990005
2025-10-07T14:00:00Z,175.990005,176.350006,175.953995,176.313995
2025-10-07T15:00:00Z,176.313995,176.522003,176.201996,176.462997
2025-10-07T16:00:00Z,176.462997,176.722000,176.425003,176.595001
2025-10-07T17:00:00Z,176.595993,176.865005,176.589005,176.776001
2025-10-07T18:00:00Z,176.778000,177.128006,176.753998,176.990005
2025-10-07T19:00:00Z,176.988007,177.020004,176.856003,176.970001
2025-10-07T20:00:00Z,176.968994,177.143997,176.968994,177.059998
2025-10-07T21:00:00Z,177.052994,177.130997,176.871002,176.985001
2025-10-07T22:00:00Z,176.990005,177.087997,176.919006,177.031998
2025-10-07T23:00:00Z,176.996002,177.251007,176.970993,177.184006
2025-10-08T00:00:00Z,177.186996,177.457001,177.184998,177.391998
2025-10-08T01:00:00Z,177.388000,177.423004,177.175995,177.421005
2025-10-08T02:00:00Z,177.421005,177.434006,177.078003,177.238007
2025-10-08T03:00:00Z,177.238007,177.283997,177.151001,177.160995
2025-10-08T04:00:00Z,177.160995,177.205994,176.953995,177.031998
2025-10-08T05:00:00Z,177.029999,177.052994,176.910995,177.046997
2025-10-08T06:00:00Z,177.048004,177.123993,176.891006,176.962997
2025-10-08T07:00:00Z,176.962997,177.431000,176.929993,177.419998
2025-10-08T08:00:00Z,177.421005,177.455002,177.143997,177.404999
2025-10-08T09:00:00Z,177.403000,177.653000,177.399002,177.615997
2025-10-08T10:00:00Z,177.617004,177.854996,177.544006,177.677994
2025-10-08T11:00:00Z,177.675995,177.759995,177.490005,177.516998
2025-10-08T12:00:00Z,177.516998,177.643997,177.354004,177.399002
2025-10-08T13:00:00Z,177.399002,177.537994,177.363998,177.490005
2025-10-08T14:00:00Z,177.490005,177.593994,177.199997,177.244003
2025-10-08T15:00:00Z,177.246002,177.365005,177.229004,177.240005
2025-10-08T16:00:00Z,177.242004,177.283997,177.177994,177.274002
2025-10-08T17:00:00Z,177.274002,177.449997,177.263000,177.425995
2025-10-08T18:00:00Z,177.431000,177.526993,177.356995,177.457001
2025-10-08T19:00:00Z,177.453995,177.570007,177.427002,177.559998
2025-10-08T20:00:00Z,177.565002,177.625000,177.442001,177.442001
2025-10-08T21:00:00Z,177.445007,177.621002,177.330994,177.485992
2025-10-08T22:00:00Z,177.488998,177.584000,177.408997,177.451996
2025-10-08T23:00:00Z,177.434998,177.591003,177.352005,177.585999
2025-10-09T00:00:00Z,177.585999,177.699997,177.378998,177.695007
2025-10-09T01:00:00Z,177.701004,177.787994,177.408005,177.524002
2025-10-09T02:00:00Z,177.531998,177.656006,177.498001,177.524002
2025-10-09T03:00:00Z,177.524002,177.634003,177.520996,177.589005
2025-10-09T04:00:00Z,177.589005,177.697006,177.546005,177.554001
2025-10-09T05:00:00Z,177.554993,177.677994,177.542007,177.636993
2025-10-09T06:00:00Z,177.639999,177.934006,177.615005,177.686996
2025-10-09T07:00:00Z,177.686996,177.848007,177.628006,177.723007
2025-10-09T08:00:00Z,177.729004,177.785004,177.384995,177.438004
2025-10-09T09:00:00Z,177.436996,177.501999,177.225006,177.350006
2025-10-09T10:00:00Z,177.352005,177.447998,177.274994,177.365005
2025-10-09T11:00:00Z,177.363007,177.505997,177.350006,177.423004
2025-10-09T12:00:00Z,177.423004,177.473007,177.279007,177.408997
2025-10-09T13:00:00Z,177.412003,177.477005,176.705994,177.354996
2025-10-09T14:00:00Z,177.354996,177.427002,177.098007,177.233994
2025-10-09T15:00:00Z,177.240005,177.255997,176.770004,176.906998
2025-10-09T16:00:00Z,176.904999,176.949997,176.798996,176.839996
2025-10-09T17:00:00Z,176.834000,176.960007,176.789001,176.919998
2025-10-09T18:00:00Z,176.919998,176.940002,176.822006,176.865005
2025-10-09T19:00:00Z,176.865005,177.020996,176.828995,176.934998
2025-10-09T20:00:00Z,176.934998,177.041000,176.895004,176.979004
2025-10-09T21:00:00Z,176.707993,177.042007,176.707993,177.007996
2025-10-09T22:00:00Z,177.007004,177.031006,176.914001,176.983002
2025-10-09T23:00:00Z,176.979004,177.154007,176.927002,176.987000
2025-10-10T00:00:00Z,176.987000,177.123001,176.923996,176.938004
2025-10-10T01:00:00Z,176.936996,177.009995,176.848999,176.944000
2025-10-10T02:00:00Z,176.945999,177.016006,176.888000,176.923004
2025-10-10T03:00:00Z,176.923004,176.949997,176.658997,176.684998
2025-10-10T04:00:00Z,176.679993,176.856995,176.641006,176.800995
2025-10-10T05:00:00Z,176.796997,176.901001,176.703995,176.832001
2025-10-10T06:00:00Z,176.828003,176.955994,176.328003,176.500000
2025-10-10T07:00:00Z,176.498993,177.001007,176.444000,176.977005
2025-10-10T08:00:00Z,176.975998,177.082993,176.748001,176.755997
2025-10-10T09:00:00Z,176.750000,176.927002,176.705002,176.852005
2025-10-10T10:00:00Z,176.854004,176.856995,176.684006,176.729004
2025-10-10T11:00:00Z,176.729996,176.781006,176.462997,176.470993
2025-10-10T12:00:00Z,176.468002,176.623001,176.436996,176.544006
2025-10-10T13:00:00Z,176.548004,176.628998,176.500000,176.597000
2025-10-10T14:00:00Z,176.606003,176.694000,176.457001,176.531006
2025-10-10T15:00:00Z,176.533005,176.598007,176.164001,176.451004
2025-10-10T16:00:00Z,176.449997,176.681000,176.281998,176.287003
2025-10-10T17:00:00Z,176.283997,176.324997,176.039001,176.190002
2025-10-10T18:00:00Z,176.186005,176.237000,176.085999,176.128006
2025-10-10T19:00:00Z,176.126999,176.177994,176.001007,176.052994
2025-10-10T20:00:00Z,176.046005,176.145004,175.615005,175.690002
2025-10-10T21:00:00Z,175.617004,175.617004,175.617004,175.617004
2025-10-12T23:00:00Z,176.283005,176.444000,176.115997,176.414993
2025-10-13T00:00:00Z,176.419006,176.449997,176.287994,176.376999
2025-10-13T01:00:00Z,176.371002,176.585999,176.371002,176.565994
2025-10-13T02:00:00Z,176.569000,176.615005,176.492996,176.535995
2025-10-13T03:00:00Z,176.533997,176.608002,176.509003,176.546997
2025-10-13T04:00:00Z,176.550003,176.593994,176.477005,176.522003
2025-10-13T05:00:00Z,176.520004,176.531006,176.330994,176.395996
2025-10-13T06:00:00Z,176.395004,176.582993,176.337006,176.464996
2025-10-13T07:00:00Z,176.464996,176.910004,176.442001,176.658005
2025-10-13T08:00:00Z,176.658997,176.738007,176.429001,176.485001
2025-10-13T09:00:00Z,176.483994,176.565002,176.412994,176.421005
2025-10-13T10:00:00Z,176.421997,176.449005,176.233994,176.263000
2025-10-13T11:00:00Z,176.264008,176.309998,175.923004,175.964005
2025-10-13T12:00:00Z,175.960007,176.102005,175.899002,176.085007
2025-10-13T13:00:00Z,176.085007,176.162003,175.990997,176.154007
2025-10-13T14:00:00Z,176.156006,176.294006,176.080002,176.158997
2025-10-13T15:00:00Z,176.156006,176.246002,176.138000,176.220001
2025-10-13T16:00:00Z,176.220001,176.278000,176.160995,176.266006
2025-10-13T17:00:00Z,176.266998,176.328003,176.149002,176.214996
2025-10-13T18:00:00Z,176.214996,176.257996,176.166000,176.171997
2025-10-13T19:00:00Z,176.169998,176.227005,176.154999,176.177994
2025-10-13T20:00:00Z,176.175003,176.235992,176.139999,176.166000
2025-10-13T21:00:00Z,176.162003,176.227005,176.009995,176.130005
2025-10-13T22:00:00Z,176.128006,176.235001,176.069000,176.218002
2025-10-13T23:00:00Z,176.223999,176.330002,176.164993,176.324005
2025-10-14T00:00:00Z,176.324005,176.375000,176.197998,176.263000
2025-10-14T01:00:00Z,176.266006,176.447998,176.199005,176.397995
2025-10-14T02:00:00Z,176.397995,176.453003,176.343002,176.360001
2025-10-14T03:00:00Z,176.356003,176.375000,176.093002,176.160995
2025-10-14T04:00:00Z,176.164993,176.169998,175.832993,176.026001
2025-10-14T05:00:00Z,176.026001,176.035995,175.727997,175.751999
2025-10-14T06:00:00Z,175.750000,175.910995,175.548004,175.742996
2025-10-14T07:00:00Z,175.742004,175.759003,175.345993,175.503006
2025-10-14T08:00:00Z,175.498993,175.779007,175.445999,175.666000
2025-10-14T09:00:00Z,175.666000,175.869995,175.602005,175.761002
2025-10-14T10:00:00Z,175.761993,175.772003,175.500000,175.548004
2025-10-14T11:00:00Z,175.546997,175.770996,175.520004,175.697006
2025-10-14T12:00:00Z,175.692993,175.787994,175.501999,175.697006
2025-10-14T13:00:00Z,175.699997,175.992004,175.684006,175.917007
2025-10-14T14:00:00Z,175.917007,176.199997,175.854996,176.033005
2025-10-14T15:00:00Z,176.035995,176.194000,175.934006,176.169006
2025-10-14T16:00:00Z,176.171005,176.283005,176.106995,176.156006
2025-10-14T17:00:00Z,176.156006,176.238007,176.098007,176.143005
2025-10-14T18:00:00Z,176.147003,176.197998,176.100998,176.117004
2025-10-14T19:00:00Z,176.117004,176.138000,175.968994,176.039001
2025-10-14T20:00:00Z,176.037994,176.292999,176.020996,176.212997
2025-10-14T21:00:00Z,176.212006,176.220993,175.925995,176.087997
2025-10-14T22:00:00Z,176.033005,176.298996,176.033005,176.147995
2025-10-14T23:00:00Z,176.141998,176.190002,176.016998,176.022003
2025-10-15T00:00:00Z,176.020004,176.218002,175.875000,175.968002
2025-10-15T01:00:00Z,175.972000,176.007996,175.772995,175.794998
2025-10-15T02:00:00Z,175.794998,175.809998,175.552994,175.567001
2025-10-15T03:00:00Z,175.565994,175.671997,175.505005,175.649002
2025-10-15T04:00:00Z,175.651993,175.731003,175.604004,175.720001
2025-10-15T05:00:00Z,175.720001,175.817001,175.660995,175.694000
2025-10-15T06:00:00Z,175.688995,175.725998,175.429993,175.712006
2025-10-15T07:00:00Z,175.718002,176.005005,175.664993,175.981003
2025-10-15T08:00:00Z,175.985992,176.171997,175.869995,175.899002
2025-10-15T09:00:00Z,175.899002,176.201996,175.889999,176.076996
2025-10-15T10:00:00Z,176.076996,176.143997,175.932007,175.945999
2025-10-15T11:00:00Z,175.945999,176.072006,175.932007,176.042007
2025-10-15T12:00:00Z,176.042999,176.257004,176.007004,176.160004
2025-10-15T13:00:00Z,176.162003,176.302994,176.033997,176.037994
2025-10-15T14:00:00Z,176.033997,176.089005,175.891006,175.990997
2025-10-15T15:00:00Z,175.990997,176.042999,175.839005,175.970993
2025-10-15T16:00:00Z,175.972000,176.026001,175.893005,175.979996
2025-10-15T17:00:00Z,175.983002,176.014999,175.811005,175.985001
2025-10-15T18:00:00Z,175.985001,176.061996,175.949997,176.048996
2025-10-15T19:00:00Z,176.048996,176.125000,175.996994,176.123993
2025-10-15T20:00:00Z,176.119003,176.156006,175.889999,175.923004
2025-10-15T21:00:00Z,175.919006,176.126999,175.794998,175.878006
2025-10-15T22:00:00Z,175.884995,175.977997,175.638000,175.740997
2025-10-15T23:00:00Z,175.753006,175.882996,175.714005,175.830994
2025-10-16T00:00:00Z,175.828995,175.917007,175.496994,175.768997
2025-10-16T01:00:00Z,175.766006,175.876999,175.666000,175.740005
2025-10-16T02:00:00Z,175.740005,175.901993,175.722000,175.891998
2025-10-16T03:00:00Z,175.891006,175.966003,175.841995,175.940994
2025-10-16T04:00:00Z,175.940994,176.134003,175.917007,176.052994
2025-10-16T05:00:00Z,176.046997,176.195999,176.033005,176.128998
2025-10-16T06:00:00Z,176.128998,176.360001,176.076996,176.205002
2025-10-16T07:00:00Z,176.203995,176.281998,175.867004,176.223007
2025-10-16T08:00:00Z,176.223007,176.328003,176.100006,176.324997
2025-10-16T09:00:00Z,176.328003,176.455994,176.298996,176.373993
2025-10-16T10:00:00Z,176.378006,176.399002,176.171005,176.197998
2025-10-16T11:00:00Z,176.197998,176.326004,176.175003,176.255997
2025-10-16T12:00:00Z,176.259003,176.298004,176.042007,176.182999
2025-10-16T13:00:00Z,176.186996,176.326996,176.084000,176.149994
2025-10-16T14:00:00Z,176.143005,176.171005,175.977005,176.052994
2025-10-16T15:00:00Z,176.057999,176.138000,175.826996,175.843002
2025-10-16T16:00:00Z,175.843002,175.996994,175.445007,175.615005
2025-10-16T17:00:00Z,175.613998,175.839996,175.533997,175.707001
2025-10-16T18:00:00Z,175.705994,175.800003,175.572998,175.727997
2025-10-16T19:00:00Z,175.729996,175.856003,175.628998,175.794998
2025-10-16T20:00:00Z,175.792999,175.839996,175.746994,175.798996
2025-10-16T21:00:00Z,175.798996,175.839005,175.641998,175.727997
2025-10-16T22:00:00Z,175.735992,175.854004,175.697006,175.725006
2025-10-16T23:00:00Z,175.716003,175.748001,175.526993,175.654007
2025-10-17T00:00:00Z,175.656998,175.871994,175.542007,175.867996
2025-10-17T01:00:00Z,175.865997,175.968002,175.834000,175.876999
2025-10-17T02:00:00Z,175.878006,175.912994,175.709000,175.787994
2025-10-17T03:00:00Z,175.787003,175.794998,175.550995,175.647003
2025-10-17T04:00:00Z,175.651993,175.772995,175.582993,175.600998
2025-10-17T05:00:00Z,175.602997,175.669006,175.535004,175.548996
2025-10-17T06:00:00Z,175.548004,175.669006,175.192001,175.225006
2025-10-17T07:00:00Z,175.218994,175.382004,174.809998,175.317993
2025-10-17T08:00:00Z,175.322998,175.386002,175.082993,175.190994
2025-10-17T09:00:00Z,175.195007,175.367004,175.050995,175.130997
2025-10-17T10:00:00Z,175.130005,175.319000,175.024002,175.257996
2025-10-17T11:00:00Z,175.259995,175.686996,175.244003,175.544998
2025-10-17T12:00:00Z,175.548004,175.751007,175.537994,175.591003
2025-10-17T13:00:00Z,175.589005,175.626007,175.334000,175.473007
2025-10-17T14:00:00Z,175.470001,175.677002,175.432007,175.494995
2025-10-17T15:00:00Z,175.496002,175.520996,175.237000,175.490997
2025-10-17T16:00:00Z,175.492004,175.679993,175.481003,175.539001
2025-10-17T17:00:00Z,175.535995,175.600998,175.501999,175.580994
2025-10-17T18:00:00Z,175.578995,175.645004,175.550003,175.598007
2025-10-17T19:00:00Z,175.598007,175.625000,175.548004,175.610001
2025-10-17T20:00:00Z,175.608994,175.641006,175.421997,175.473999
2025-10-17T21:00:00Z,175.496002,175.496002,175.496002,175.496002
2025-10-19T23:00:00Z,175.794006,175.940994,175.779999,175.932007
2025-10-20T00:00:00Z,175.932007,176.072006,175.811996,176.054001
2025-10-20T01:00:00Z,176.056000,176.367004,175.979996,176.016006
2025-10-20T02:00:00Z,176.020004,176.132996,175.953995,175.994003
2025-10-20T03:00:00Z,175.988998,176.037003,175.768997,175.863007
2025-10-20T04:00:00Z,175.863998,175.899002,175.630997,175.768005
2025-10-20T05:00:00Z,175.766998,175.886002,175.686005,175.863998
2025-10-20T06:00:00Z,175.856003,175.860992,175.593002,175.671997
2025-10-20T07:00:00Z,175.671997,175.921005,175.632004,175.800995
2025-10-20T08:00:00Z,175.807007,175.891998,175.619003,175.632004
2025-10-20T09:00:00Z,175.628998,175.811996,175.238007,175.776001
2025-10-20T10:00:00Z,175.774002,175.835999,175.580994,175.628006
2025-10-20T11:00:00Z,175.626999,175.720001,175.550995,175.660004
2025-10-20T12:00:00Z,175.660004,175.748993,175.516006,175.576996
2025-10-20T13:00:00Z,175.584000,175.707001,175.477997,175.623993
2025-10-20T14:00:00Z,175.623001,175.673996,175.425003,175.488998
2025-10-20T15:00:00Z,175.496002,175.570999,175.460007,175.511002
2025-10-20T16:00:00Z,175.505997,175.563995,175.462997,175.529007
2025-10-20T17:00:00Z,175.528000,175.636993,175.509995,175.552994
2025-10-20T18:00:00Z,175.550995,175.565994,175.481995,175.490005
2025-10-20T19:00:00Z,175.490005,175.507004,175.406006,175.421997
2025-10-20T20:00:00Z,175.419006,175.529007,175.412003,175.481995
2025-10-20T21:00:00Z,175.472000,175.518997,175.350998,175.427994
2025-10-20T22:00:00Z,175.412994,175.550995,175.360001,175.514999
2025-10-20T23:00:00Z,175.483002,175.619003,175.475006,175.613998
2025-10-21T00:00:00Z,175.615997,175.647995,175.343002,175.554001
2025-10-21T01:00:00Z,175.556000,175.813995,175.384995,175.811005
2025-10-21T02:00:00Z,175.813995,175.906006,175.759995,175.809998
2025-10-21T03:00:00Z,175.809998,175.852997,175.692001,175.731003
2025-10-21T04:00:00Z,175.738007,175.929993,175.563995,175.789993
2025-10-21T05:00:00Z,175.783005,176.166000,175.561005,176.134995
2025-10-21T06:00:00Z,176.132004,176.244003,175.867996,175.934006
2025-10-21T07:00:00Z,175.936996,175.942993,175.666000,175.714005
2025-10-21T08:00:00Z,175.714005,176.205002,175.626999,176.181000
2025-10-21T09:00:00Z,176.184998,176.464005,176.158005,176.389999
2025-10-21T10:00:00Z,176.393005,176.514008,176.315994,176.505005
2025-10-21T11:00:00Z,176.488998,176.563004,176.406998,176.453003
2025-10-21T12:00:00Z,176.453003,176.615005,176.408997,176.518005
2025-10-21T13:00:00Z,176.516006,176.569000,176.039993,176.044998
2025-10-21T14:00:00Z,176.042999,176.242004,175.837006,176.229996
2025-10-21T15:00:00Z,176.235001,176.315994,176.130997,176.229996
2025-10-21T16:00:00Z,176.225006,176.434998,176.209000,176.287994
2025-10-21T17:00:00Z,176.287003,176.378998,176.203995,176.289993
2025-10-21T18:00:00Z,176.289993,176.320999,176.251999,176.298004
2025-10-21T19:00:00Z,176.298004,176.343002,176.223007,176.229004
2025-10-21T20:00:00Z,176.229004,176.251999,176.160995,176.223007
2025-10-21T21:00:00Z,176.229004,176.283005,176.095993,176.240005
2025-10-21T22:00:00Z,176.164993,176.242996,176.132004,176.216003
2025-10-21T23:00:00Z,176.238998,176.268997,176.158005,176.162003
2025-10-22T00:00:00Z,176.166000,176.169998,175.947006,175.951996
2025-10-22T01:00:00Z,175.955002,176.106995,175.845001,176.093002
2025-10-22T02:00:00Z,176.089996,176.149002,175.968994,176.013000
2025-10-22T03:00:00Z,176.013000,176.216003,176.011993,176.184998
2025-10-22T04:00:00Z,176.186005,176.278000,176.143997,176.177994
2025-10-22T05:00:00Z,176.173996,176.362000,176.158005,176.358002
2025-10-22T06:00:00Z,176.354004,176.375000,176.117004,176.154999
2025-10-22T07:00:00Z,176.160004,176.212006,176.009995,176.126007
2025-10-22T08:00:00Z,176.126007,176.141998,175.863998,175.919998
2025-10-22T09:00:00Z,175.914993,176.039001,175.871994,176.022003
2025-10-22T10:00:00Z,176.020004,176.026993,175.798004,175.888000
2025-10-22T11:00:00Z,175.891998,175.966995,175.763000,175.802994
2025-10-22T12:00:00Z,175.806000,176.009003,175.798004,175.977005
2025-10-22T13:00:00Z,175.970993,176.233002,175.968994,176.201004
2025-10-22T14:00:00Z,176.201004,176.362000,176.108994,176.348999
2025-10-22T15:00:00Z,176.348999,176.386993,176.195007,176.246002
2025-10-22T16:00:00Z,176.244995,176.378998,176.052994,176.335999
2025-10-22T17:00:00Z,176.339996,176.354996,176.085999,176.128998
2025-10-22T18:00:00Z,176.126999,176.335999,176.115005,176.311005
2025-10-22T19:00:00Z,176.309998,176.421005,176.270004,176.380997
2025-10-22T20:00:00Z,176.380997,176.468994,176.343002,176.447006
2025-10-22T21:00:00Z,176.399994,176.518005,176.272003,176.378006
2025-10-22T22:00:00Z,176.306000,176.427994,176.298996,176.393997
2025-10-22T23:00:00Z,176.395996,176.434006,176.345993,176.406006
2025-10-23T00:00:00Z,176.404999,176.636002,176.382004,176.554993
2025-10-23T01:00:00Z,176.554993,176.841995,176.529007,176.764008
2025-10-23T02:00:00Z,176.768997,176.843994,176.729996,176.802994
2025-10-23T03:00:00Z,176.798996,176.824005,176.707993,176.753998
2025-10-23T04:00:00Z,176.753006,176.845001,176.744995,176.772995
2025-10-23T05:00:00Z,176.774002,176.789993,176.667999,176.766006
2025-10-23T06:00:00Z,176.772003,176.983994,176.697998,176.977005
2025-10-23T07:00:00Z,176.970993,176.975998,176.710007,176.899002
2025-10-23T08:00:00Z,176.897003,177.016006,176.843002,176.960007
2025-10-23T09:00:00Z,176.962006,177.014999,176.876007,176.878998
2025-10-23T10:00:00Z,176.878006,177.033005,176.873993,177.020004
2025-10-23T11:00:00Z,177.020004,177.044998,176.893005,176.897003
2025-10-23T12:00:00Z,176.897003,176.990997,176.863998,176.945999
2025-10-23T13:00:00Z,176.949997,177.246994,176.884003,177.210007
2025-10-23T14:00:00Z,177.212006,177.354004,177.177994,177.233994
2025-10-23T15:00:00Z,177.229004,177.375000,177.182999,177.334000
2025-10-23T16:00:00Z,177.334000,177.447006,177.250000,177.253006
2025-10-23T17:00:00Z,177.255005,177.317993,177.167999,177.209000
2025-10-23T18:00:00Z,177.210007,177.270996,177.182007,177.201004
2025-10-23T19:00:00Z,177.201004,177.225006,177.169998,177.214996
2025-10-23T20:00:00Z,177.220001,177.289001,177.192001,177.223999
2025-10-23T21:00:00Z,177.216003,177.281006,177.132996,177.194000
2025-10-23T22:00:00Z,177.197998,177.300003,177.186996,177.283997
2025-10-23T23:00:00Z,177.270004,177.328003,177.238998,177.283997
2025-10-24T00:00:00Z,177.283997,177.362000,177.190994,177.341003
2025-10-24T01:00:00Z,177.341995,177.513000,177.337997,177.498001
2025-10-24T02:00:00Z,177.498001,177.528000,177.352005,177.470001
2025-10-24T03:00:00Z,177.468002,177.501999,177.302002,177.348999
2025-10-24T04:00:00Z,177.350998,177.473007,177.345993,177.462997
2025-10-24T05:00:00Z,177.460999,177.595993,177.399002,177.511002
2025-10-24T06:00:00Z,177.507996,177.630005,177.460999,177.589005
2025-10-24T07:00:00Z,177.593002,177.705994,177.296005,177.565994
2025-10-24T08:00:00Z,177.559998,177.645996,177.509995,177.572998
2025-10-24T09:00:00Z,177.567993,177.630005,177.462997,177.608002
2025-10-24T10:00:00Z,177.604996,177.669998,177.589996,177.643997
2025-10-24T11:00:00Z,177.643997,177.654999,177.546005,177.628006
2025-10-24T12:00:00Z,177.628006,177.651001,177.281006,177.619995
2025-10-24T13:00:00Z,177.615005,177.826004,177.587997,177.662003
2025-10-24T14:00:00Z,177.675995,177.744003,177.556000,177.602005
2025-10-24T15:00:00Z,177.602005,177.772003,177.600006,177.660004
2025-10-24T16:00:00Z,177.654999,177.695999,177.621994,177.684006
2025-10-24T17:00:00Z,177.679993,177.716995,177.623001,177.671005
2025-10-24T18:00:00Z,177.671005,177.750000,177.639999,177.716003
2025-10-24T19:00:00Z,177.716003,177.768997,177.686996,177.759995
2025-10-24T20:00:00Z,177.755005,177.770996,177.632996,177.703003
2025-10-24T21:00:00Z,177.744003,177.744003,177.744003,177.744003
2025-10-27T00:00:00Z,178.028000,178.091995,177.843002,177.878006
2025-10-27T01:00:00Z,177.880997,178.028000,177.789993,177.876007
2025-10-27T02:00:00Z,177.878998,177.988998,177.873001,177.925003
2025-10-27T03:00:00Z,177.927002,177.966003,177.891998,177.955002
2025-10-27T04:00:00Z,177.953003,178.011002,177.871002,178.005005
2025-10-27T05:00:00Z,178.005005,178.113007,177.981995,178.020004
2025-10-27T06:00:00Z,178.028000,178.074005,177.757996,177.850998
2025-10-27T07:00:00Z,177.848007,177.865997,177.677994,177.800003
2025-10-27T08:00:00Z,177.796005,177.848007,177.632004,177.699005
2025-10-27T09:00:00Z,177.703003,177.791000,177.621002,177.766006
2025-10-27T10:00:00Z,177.770004,177.925995,177.751007,177.843994
2025-10-27T11:00:00Z,177.847000,177.876007,177.673004,177.755997
2025-10-27T12:00:00Z,177.755997,177.962997,177.690002,177.921005
2025-10-27T13:00:00Z,177.921005,178.231995,177.882004,178.153000
2025-10-27T14:00:00Z,178.149994,178.216995,178.078995,178.106003
2025-10-27T15:00:00Z,178.106003,178.227997,178.069000,178.115997
2025-10-27T16:00:00Z,178.115997,178.143005,178.050003,178.065994
2025-10-27T17:00:00Z,178.061996,178.162003,178.035995,178.126007
2025-10-27T18:00:00Z,178.126007,178.134003,177.977997,178.031998
2025-10-27T19:00:00Z,178.033005,178.130005,178.001007,178.089005
2025-10-27T20:00:00Z,178.087997,178.095001,177.979996,178.011002
2025-10-27T21:00:00Z,178.007004,178.042999,177.921005,177.975998
2025-10-27T22:00:00Z,177.960999,177.994003,177.854996,177.938004
2025-10-27T23:00:00Z,177.942001,178.005005,177.873001,177.921997
2025-10-28T00:00:00Z,177.901993,177.912994,177.656998,177.742996
2025-10-28T01:00:00Z,177.738007,177.761993,177.557999,177.658005
2025-10-28T02:00:00Z,177.656998,177.722000,177.595993,177.681000
2025-10-28T03:00:00Z,177.677002,177.744003,177.466003,177.548004
2025-10-28T04:00:00Z,177.544998,177.608994,177.153000,177.177002
2025-10-28T05:00:00Z,177.171005,177.250000,177.033997,177.182007
2025-10-28T06:00:00Z,177.182007,177.291000,177.098999,177.186996
2025-10-28T07:00:00Z,177.188004,177.533005,177.186996,177.320999
2025-10-28T08:00:00Z,177.319000,177.326996,177.022003,177.050995
2025-10-28T09:00:00Z,177.054001,177.188004,176.988998,177.080994
2025-10-28T10:00:00Z,177.082001,177.156998,177.039993,177.128006
2025-10-28T11:00:00Z,177.128006,177.281006,177.082993,177.255997
2025-10-28T12:00:00Z,177.257004,177.320007,177.070007,177.078995
2025-10-28T13:00:00Z,177.078995,177.207993,177.035004,177.143997
2025-10-28T14:00:00Z,177.134003,177.311996,177.132004,177.220001
2025-10-28T15:00:00Z,177.218994,177.406998,177.069000,177.369995
2025-10-28T16:00:00Z,177.369995,177.557999,177.360001,177.475998
2025-10-28T17:00:00Z,177.475006,177.507004,177.410995,177.473999
2025-10-28T18:00:00Z,177.473999,177.501007,177.369003,177.380005
2025-10-28T19:00:00Z,177.386002,177.388000,177.154999,177.173996
2025-10-28T20:00:00Z,177.171997,177.294006,177.151001,177.212006
2025-10-28T21:00:00Z,177.210999,177.251007,177.100006,177.126999
2025-10-28T22:00:00Z,177.147995,177.315994,177.139008,177.278000
2025-10-28T23:00:00Z,177.278000,177.307007,176.923996,176.962997
2025-10-29T00:00:00Z,176.876999,177.031006,176.651993,176.720001
2025-10-29T01:00:00Z,176.712006,176.940002,176.628006,176.912003
2025-10-29T02:00:00Z,176.908997,177.136002,176.903000,176.996994
2025-10-29T03:00:00Z,177.001007,177.001999,176.858002,176.940002
2025-10-29T04:00:00Z,176.940002,176.979996,176.813995,176.917999
2025-10-29T05:00:00Z,176.917999,177.408005,176.914993,177.220001
2025-10-29T06:00:00Z,177.212006,177.268005,176.903000,176.934998
2025-10-29T07:00:00Z,176.934998,177.026993,176.837006,176.878998
2025-10-29T08:00:00Z,176.871994,177.156006,176.854004,177.054993
2025-10-29T09:00:00Z,177.057007,177.304993,177.048004,177.212997
2025-10-29T10:00:00Z,177.214996,177.356003,177.164001,177.315994
2025-10-29T11:00:00Z,177.313004,177.354996,177.112000,177.203003
2025-10-29T12:00:00Z,177.199997,177.255997,177.011993,177.112000
2025-10-29T13:00:00Z,177.110001,177.115997,176.766006,176.869995
2025-10-29T14:00:00Z,176.876007,177.173004,176.806000,177.126007
2025-10-29T15:00:00Z,177.121994,177.298004,177.011993,177.179993
2025-10-29T16:00:00Z,177.182007,177.408005,177.177994,177.360992
2025-10-29T17:00:00Z,177.358994,177.395004,177.274002,177.298004
2025-10-29T18:00:00Z,177.313995,177.593994,177.154007,177.173996
2025-10-29T19:00:00Z,177.188995,177.253998,177.044006,177.251007
2025-10-29T20:00:00Z,177.250000,177.289001,177.087997,177.166000
2025-10-29T21:00:00Z,177.167007,177.240005,176.996002,177.113998
2025-10-29T22:00:00Z,177.063004,177.227997,177.052994,177.194000
2025-10-29T23:00:00Z,177.177994,177.235001,177.080002,177.212006
2025-10-30T00:00:00Z,177.212997,177.388000,177.110001,177.244995
2025-10-30T01:00:00Z,177.246994,177.283997,177.048004,177.162994
2025-10-30T02:00:00Z,177.164001,177.184006,176.949005,176.975006
2025-10-30T03:00:00Z,176.975006,177.781006,176.811996,177.681000
2025-10-30T04:00:00Z,177.677994,177.897003,177.356995,177.707001
2025-10-30T05:00:00Z,177.701996,177.904007,177.589005,177.891998
2025-10-30T06:00:00Z,177.891998,178.408997,177.778000,178.177002
2025-10-30T07:00:00Z,178.179993,178.363998,178.069000,178.235992
2025-10-30T08:00:00Z,178.235992,178.705002,178.235992,178.617996
2025-10-30T09:00:00Z,178.598999,178.785995,178.539001,178.641998
2025-10-30T10:00:00Z,178.639999,178.785995,178.634995,178.699997
2025-10-30T11:00:00Z,178.699005,178.800995,178.623993,178.748993
2025-10-30T12:00:00Z,178.748001,178.820999,178.220001,178.270996
2025-10-30T13:00:00Z,178.289993,178.600998,178.240997,178.556000
2025-10-30T14:00:00Z,178.557007,178.576996,178.382004,178.565994
2025-10-30T15:00:00Z,178.567001,178.610992,178.209000,178.281006
2025-10-30T16:00:00Z,178.281006,178.324997,178.182999,178.285995
2025-10-30T17:00:00Z,178.285995,178.309006,178.145996,178.240005
2025-10-30T18:00:00Z,178.240005,178.315002,178.220001,178.250000
2025-10-30T19:00:00Z,178.244995,178.272995,178.136993,178.184006
2025-10-30T20:00:00Z,178.182999,178.345993,178.167007,178.244003
2025-10-30T21:00:00Z,178.240005,178.311996,178.149002,178.197006
2025-10-30T22:00:00Z,178.173004,178.304001,178.167007,178.279007
2025-10-30T23:00:00Z,178.274994,178.317001,178.031006,178.100998
2025-10-31T00:00:00Z,178.098999,178.287003,178.035004,178.121002
2025-10-31T01:00:00Z,178.121994,178.171997,177.832993,177.949005
2025-10-31T02:00:00Z,177.949005,178.026001,177.936996,178.020004
2025-10-31T03:00:00Z,178.020004,178.212997,178.007004,178.186005
2025-10-31T04:00:00Z,178.186005,178.227005,178.082993,178.145004
2025-10-31T05:00:00Z,178.139008,178.214996,177.964005,178.052994
2025-10-31T06:00:00Z,178.054993,178.378006,178.035004,178.306000
2025-10-31T07:00:00Z,178.306000,178.470993,178.242996,178.464005
2025-10-31T08:00:00Z,178.462006,178.561005,178.311005,178.481003
2025-10-31T09:00:00Z,178.479004,178.535004,178.302002,178.436996
2025-10-31T10:00:00Z,178.429993,178.438004,178.311005,178.348007
2025-10-31T11:00:00Z,178.347000,178.380997,178.190994,178.255005
2025-10-31T12:00:00Z,178.255005,178.279007,177.914001,178.121994
2025-10-31T13:00:00Z,178.123001,178.167999,177.750000,177.794998
2025-10-31T14:00:00Z,177.804993,177.811005,177.496002,177.569000
2025-10-31T15:00:00Z,177.567993,177.847000,177.445007,177.781998
2025-10-31T16:00:00Z,177.783997,177.826004,177.664001,177.703003
2025-10-31T17:00:00Z,177.701996,177.725998,177.578003,177.587006
2025-10-31T18:00:00Z,177.589005,177.617004,177.529999,177.589996
2025-10-31T19:00:00Z,177.593002,177.703995,177.574005,177.628006
2025-10-31T20:00:00Z,177.625000,177.770004,177.565002,177.651001
2025-10-31T21:00:00Z,177.690994,177.690994,177.690994,177.690994
2025-11-03T00:00:00Z,177.744995,177.783997,177.673996,177.695999
2025-11-03T01:00:00Z,177.695999,177.699997,177.595001,177.643997
2025-11-03T02:00:00Z,177.643997,177.716003,177.604996,177.679993
2025-11-03T03:00:00Z,177.679993,177.701004,177.628998,177.690994
2025-11-03T04:00:00Z,177.690002,177.710007,177.641998,177.701996
2025-11-03T05:00:00Z,177.705002,177.792007,177.701996,177.776001
2025-11-03T06:00:00Z,177.779999,177.962997,177.770004,177.897003
2025-11-03T07:00:00Z,177.897003,177.975998,177.828003,177.837006
2025-11-03T08:00:00Z,177.834000,177.854996,177.369003,177.425995
2025-11-03T09:00:00Z,177.427002,177.565002,177.393997,177.507996
2025-11-03T10:00:00Z,177.509995,177.576004,177.412003,177.528000
2025-11-03T11:00:00Z,177.528000,177.582001,177.453003,177.507004
2025-11-03T12:00:00Z,177.507996,177.617004,177.496994,177.570999
2025-11-03T13:00:00Z,177.570999,177.608994,177.503006,177.552002
2025-11-03T14:00:00Z,177.552002,177.570007,177.270004,177.358994
2025-11-03T15:00:00Z,177.304993,177.623001,177.162994,177.595993
2025-11-03T16:00:00Z,177.597000,177.751007,177.559006,177.716995
2025-11-03T17:00:00Z,177.720993,177.776993,177.658005,177.688995
2025-11-03T18:00:00Z,177.690002,177.742996,177.638000,177.645996
2025-11-03T19:00:00Z,177.647995,177.667007,177.587997,177.615005
2025-11-03T20:00:00Z,177.615005,177.684998,177.584000,177.619003
2025-11-03T21:00:00Z,177.617996,177.667007,177.572006,177.639008
2025-11-03T22:00:00Z,177.645004,177.779999,177.567001,177.641006
2025-11-03T23:00:00Z,177.641006,177.664001,177.580994,177.613007
2025-11-04T00:00:00Z,177.623001,177.673004,177.481995,177.615997
2025-11-04T01:00:00Z,177.615997,177.662003,177.537003,177.630997
2025-11-04T02:00:00Z,177.628006,177.645996,177.384003,177.391006
2025-11-04T03:00:00Z,177.388000,177.526993,177.367004,177.401001
2025-11-04T04:00:00Z,177.397003,177.410004,177.132004,177.311005
2025-11-04T05:00:00Z,177.311005,177.330994,176.944000,176.979996
2025-11-04T06:00:00Z,176.981995,177.080002,176.867996,177.024002
2025-11-04T07:00:00Z,177.024002,177.059998,176.778000,177.024994
2025-11-04T08:00:00Z,177.035995,177.110992,176.809998,176.908005
2025-11-04T09:00:00Z,176.906006,176.983994,176.464996,176.520004
2025-11-04T10:00:00Z,176.516998,176.710999,176.425003,176.671005
2025-11-04T11:00:00Z,176.671005,176.692001,176.403000,176.449005
2025-11-04T12:00:00Z,176.449005,176.496002,176.261993,176.389008
2025-11-04T13:00:00Z,176.388000,176.414993,176.242004,176.270996
2025-11-04T14:00:00Z,176.270996,176.324997,176.087006,176.207001
2025-11-04T15:00:00Z,176.207001,176.272003,176.136002,176.261993
2025-11-04T16:00:00Z,176.257996,176.431000,176.231003,176.421005
2025-11-04T17:00:00Z,176.419998,176.453003,176.335999,176.380005
2025-11-04T18:00:00Z,176.376007,176.453995,176.332001,176.348007
2025-11-04T19:00:00Z,176.347000,176.457993,176.294006,176.352997
2025-11-04T20:00:00Z,176.352005,176.464005,176.322006,176.356995
2025-11-04T21:00:00Z,176.362000,176.447998,176.352005,176.436005
2025-11-04T22:00:00Z,176.438004,176.479004,176.341003,176.444000
2025-11-04T23:00:00Z,176.425995,176.500000,176.311005,176.380997
2025-11-05T00:00:00Z,176.350006,176.537003,175.959000,175.968994
2025-11-05T01:00:00Z,175.970001,176.054993,175.695007,175.970001
2025-11-05T02:00:00Z,175.970001,176.154007,175.871002,176.134003
2025-11-05T03:00:00Z,176.130005,176.406998,176.130005,176.360992
2025-11-05T04:00:00Z,176.362000,176.384003,176.248993,176.360992
2025-11-05T05:00:00Z,176.360001,176.481003,176.311005,176.416000
2025-11-05T06:00:00Z,176.416000,176.610992,176.348007,176.526993
2025-11-05T07:00:00Z,176.526001,176.537003,176.307007,176.388000
2025-11-05T08:00:00Z,176.391006,176.615997,176.306000,176.348007
2025-11-05T09:00:00Z,176.345001,176.503006,176.307007,176.494003
2025-11-05T10:00:00Z,176.494003,176.612000,176.401001,176.406006
2025-11-05T11:00:00Z,176.410004,176.522003,176.391998,176.472000
2025-11-05T12:00:00Z,176.473999,176.639008,176.447006,176.626007
2025-11-05T13:00:00Z,176.623993,176.796997,176.552002,176.671005
2025-11-05T14:00:00Z,176.671005,176.886993,176.634995,176.839005
2025-11-05T15:00:00Z,176.822006,177.128998,176.792999,177.126007
2025-11-05T16:00:00Z,177.126007,177.139008,176.953995,176.985001
2025-11-05T17:00:00Z,176.988007,177.000000,176.860001,176.882996
2025-11-05T18:00:00Z,176.884003,176.964005,176.828003,176.955994
2025-11-05T19:00:00Z,176.955994,177.018997,176.912003,177.003006
2025-11-05T20:00:00Z,177.005005,177.100006,177.003006,177.054993
2025-11-05T21:00:00Z,177.054993,177.145996,177.026993,177.110001
2025-11-05T22:00:00Z,177.093994,177.113998,176.906998,177.042999
2025-11-05T23:00:00Z,177.044006,177.138000,176.990005,177.123993
2025-11-06T00:00:00Z,177.132004,177.158005,176.889008,176.981003
2025-11-06T01:00:00Z,176.981003,177.149002,176.931000,177.059998
2025-11-06T02:00:00Z,177.057999,177.162003,176.987000,177.117996
2025-11-06T03:00:00Z,177.115997,177.171997,177.013000,177.054001
2025-11-06T04:00:00Z,177.056000,177.203995,177.042999,177.149002
2025-11-06T05:00:00Z,177.149994,177.186996,177.005997,177.115005
2025-11-06T06:00:00Z,177.115005,177.201004,177.044998,177.177002
2025-11-06T07:00:00Z,177.179993,177.214005,176.996002,177.072998
2025-11-06T08:00:00Z,177.070007,177.078003,176.863998,176.914001
2025-11-06T09:00:00Z,176.917007,177.041000,176.906998,176.985992
2025-11-06T10:00:00Z,176.979996,177.072998,176.960999,176.966995
2025-11-06T11:00:00Z,176.964996,177.014999,176.927994,177.003006
2025-11-06T12:00:00Z,177.000000,177.145004,176.884003,177.115997
2025-11-06T13:00:00Z,177.117996,177.181000,177.035995,177.074005
2025-11-06T14:00:00Z,177.074005,177.121994,176.729004,176.735992
2025-11-06T15:00:00Z,176.735992,176.927994,176.524002,176.604996
2025-11-06T16:00:00Z,176.602005,176.709000,176.494003,176.501999
2025-11-06T17:00:00Z,176.501999,176.621994,176.278000,176.585999
2025-11-06T18:00:00Z,176.584000,176.792007,176.524994,176.727997
2025-11-06T19:00:00Z,176.727997,176.865005,176.688004,176.789993
2025-11-06T20:00:00Z,176.791000,176.828995,176.666000,176.709000
2025-11-06T21:00:00Z,176.710007,176.794006,176.658997,176.720993
2025-11-06T22:00:00Z,176.699997,176.774002,176.533997,176.643005
2025-11-06T23:00:00Z,176.694000,176.733994,176.503998,176.643997
2025-11-07T00:00:00Z,176.636002,176.817993,176.507004,176.768997
2025-11-07T01:00:00Z,176.761993,176.889999,176.615997,176.679001
2025-11-07T02:00:00Z,176.679001,176.753998,176.535004,176.729004
2025-11-07T03:00:00Z,176.731003,176.746994,176.518997,176.591995
2025-11-07T04:00:00Z,176.591995,176.675995,176.520004,176.643005
2025-11-07T05:00:00Z,176.636993,176.891006,176.636002,176.871994
2025-11-07T06:00:00Z,176.873001,177.037003,176.871994,177.003998
2025-11-07T07:00:00Z,177.001999,177.050995,176.897995,176.899002
2025-11-07T08:00:00Z,176.899994,177.082993,176.873993,177.067001
2025-11-07T09:00:00Z,177.065002,177.145004,177.007004,177.100998
2025-11-07T10:00:00Z,177.098999,177.186005,177.054001,177.119995
2025-11-07T11:00:00Z,177.117004,177.130997,176.862000,176.987000
2025-11-07T12:00:00Z,176.983994,177.054001,176.867996,176.914001
2025-11-07T13:00:00Z,176.912003,177.419006,176.867996,177.391998
2025-11-07T14:00:00Z,177.391998,177.604996,177.199005,177.444000
2025-11-07T15:00:00Z,177.345001,177.516006,177.199005,177.205994
2025-11-07T16:00:00Z,177.205002,177.324997,177.160995,177.212006
2025-11-07T17:00:00Z,177.207001,177.378998,177.162994,177.287994
2025-11-07T18:00:00Z,177.283997,177.324005,177.164993,177.285995
2025-11-07T19:00:00Z,177.289993,177.518997,177.261002,177.503006
2025-11-07T20:00:00Z,177.501999,177.526993,177.337006,177.427002
2025-11-07T21:00:00Z,177.431000,177.507996,177.335007,177.416000
2025-11-07T22:00:00Z,177.475998,177.475998,177.475998,177.475998
2025-11-10T00:00:00Z,177.565002,177.785004,177.320007,177.764999
2025-11-10T01:00:00Z,177.766006,177.826004,177.688995,177.792999
2025-11-10T02:00:00Z,177.792007,177.878006,177.737000,177.860001
2025-11-10T03:00:00Z,177.860992,177.947006,177.832993,177.860992
2025-11-10T04:00:00Z,177.860992,177.904999,177.809006,177.893005
2025-11-10T05:00:00Z,177.893005,178.076996,177.882004,177.977997
2025-11-10T06:00:00Z,177.977997,178.069000,177.934006,177.957001
2025-11-10T07:00:00Z,177.955002,178.203003,177.953995,178.188995
2025-11-10T08:00:00Z,178.188004,178.449997,178.141998,178.406998
2025-11-10T09:00:00Z,178.406006,178.447998,178.302002,178.334000
2025-11-10T10:00:00Z,178.335999,178.343994,178.199005,178.244995
2025-11-10T11:00:00Z,178.244995,178.285004,178.181000,178.218994
2025-11-10T12:00:00Z,178.218994,178.320999,178.209000,178.276001
2025-11-10T13:00:00Z,178.279999,178.389008,178.167007,178.212006
2025-11-10T14:00:00Z,178.212006,178.229996,178.115997,178.184006
2025-11-10T15:00:00Z,178.184998,178.223007,177.822998,177.832993
2025-11-10T16:00:00Z,177.828003,177.917007,177.740005,177.783005
2025-11-10T17:00:00Z,177.783005,177.996002,177.731003,177.975998
2025-11-10T18:00:00Z,177.975006,178.052994,177.944000,177.987000
2025-11-10T19:00:00Z,177.987000,178.119995,177.977005,178.095001
2025-11-10T20:00:00Z,178.097000,178.153000,178.061005,178.110992
2025-11-10T21:00:00Z,178.110992,178.167007,178.057999,178.143997
2025-11-10T22:00:00Z,178.145996,178.145996,177.906006,178.024994
2025-11-10T23:00:00Z,178.039993,178.166000,178.003998,178.132004
2025-11-11T00:00:00Z,178.139008,178.272003,178.102005,178.261002
2025-11-11T01:00:00Z,178.257004,178.393997,178.251007,178.309006
2025-11-11T02:00:00Z,178.309006,178.393997,178.244995,178.339005
2025-11-11T03:00:00Z,178.339996,178.348007,178.220993,178.272003
2025-11-11T04:00:00Z,178.268997,178.376999,178.259995,178.334000
2025-11-11T05:00:00Z,178.334000,178.354996,178.177002,178.190994
2025-11-11T06:00:00Z,178.188995,178.317993,178.126007,178.128006
2025-11-11T07:00:00Z,178.130005,178.261002,178.106003,178.242004
2025-11-11T08:00:00Z,178.240005,178.475006,178.238998,178.375000
2025-11-11T09:00:00Z,178.378006,178.516998,178.360001,178.475006
2025-11-11T10:00:00Z,178.475006,178.561005,178.440994,178.501007
2025-11-11T11:00:00Z,178.501007,178.567993,178.438995,178.496002
2025-11-11T12:00:00Z,178.496002,178.514999,178.391998,178.404999
2025-11-11T13:00:00Z,178.404007,178.494003,178.253006,178.389008
2025-11-11T14:00:00Z,178.386993,178.649994,178.345993,178.645004
2025-11-11T15:00:00Z,178.643005,178.742996,178.501007,178.524002
2025-11-11T16:00:00Z,178.524994,178.606995,178.459000,178.535995
2025-11-11T17:00:00Z,178.537994,178.707001,178.509003,178.645004
2025-11-11T18:00:00Z,178.647003,178.697998,178.595993,178.649994
2025-11-11T19:00:00Z,178.645996,178.679993,178.511002,178.533997
2025-11-11T20:00:00Z,178.535995,178.589005,178.516006,178.518997
2025-11-11T21:00:00Z,178.518005,178.569000,178.496994,178.537003
2025-11-11T22:00:00Z,178.537994,178.582993,178.421997,178.487000
2025-11-11T23:00:00Z,178.490997,178.584000,178.410004,178.531998
2025-11-12T00:00:00Z,178.526993,178.692993,178.468994,178.662994
2025-11-12T01:00:00Z,178.660995,178.738007,178.600998,178.630997
2025-11-12T02:00:00Z,178.628006,178.766006,178.628006,178.716003
2025-11-12T03:00:00Z,178.712997,178.722000,178.615997,178.688004
2025-11-12T04:00:00Z,178.684006,179.067993,178.682007,179.057999
2025-11-12T05:00:00Z,179.061996,179.139999,178.934998,179.009995
2025-11-12T06:00:00Z,179.009995,179.147003,179.003998,179.070999
2025-11-12T07:00:00Z,179.072006,179.145996,179.020996,179.100006
2025-11-12T08:00:00Z,179.098999,179.259995,179.080002,179.160995
2025-11-12T09:00:00Z,179.166000,179.289001,179.104004,179.151001
2025-11-12T10:00:00Z,179.153000,179.188995,179.093002,179.179993
2025-11-12T11:00:00Z,179.181000,179.242996,179.117004,179.229996
2025-11-12T12:00:00Z,179.227997,179.246002,179.097000,179.212006
2025-11-12T13:00:00Z,179.214996,179.309006,179.169998,179.292999
2025-11-12T14:00:00Z,179.292999,179.347000,179.188004,179.261002
2025-11-12T15:00:00Z,179.259995,179.436996,179.218994,179.401001
2025-11-12T16:00:00Z,179.401993,179.447998,179.240005,179.251999
2025-11-12T17:00:00Z,179.246994,179.279007,179.141998,179.218002
2025-11-12T18:00:00Z,179.218994,179.294006,179.203995,179.264008
2025-11-12T19:00:00Z,179.264008,179.294006,179.138000,179.257996
2025-11-12T20:00:00Z,179.259995,179.356995,179.246002,179.352005
2025-11-12T21:00:00Z,179.348999,179.479004,179.332001,179.429001
2025-11-12T22:00:00Z,179.432007,179.462997,179.240005,179.300003
2025-11-12T23:00:00Z,179.296005,179.403000,179.244003,179.335999
2025-11-13T00:00:00Z,179.324005,179.470993,179.240005,179.423996
2025-11-13T01:00:00Z,179.421997,179.498993,179.289001,179.320007
2025-11-13T02:00:00Z,179.320007,179.343994,179.220001,179.233994
2025-11-13T03:00:00Z,179.235001,179.356003,179.216995,179.328995
2025-11-13T04:00:00Z,179.328995,179.457001,179.248993,179.432999
2025-11-13T05:00:00Z,179.434998,179.498993,179.419998,179.460007
2025-11-13T06:00:00Z,179.459000,179.520004,179.404007,179.440994
2025-11-13T07:00:00Z,179.444000,179.701004,179.417999,179.639008
2025-11-13T08:00:00Z,179.647003,179.813004,179.490997,179.673996
2025-11-13T09:00:00Z,179.669998,179.723999,179.343002,179.498001
2025-11-13T10:00:00Z,179.503998,179.662994,179.447998,179.641998
2025-11-13T11:00:00Z,179.641998,179.738007,179.574005,179.593994
2025-11-13T12:00:00Z,179.593994,179.727997,179.570007,179.690994
2025-11-13T13:00:00Z,179.690994,179.748001,179.563004,179.703995
2025-11-13T14:00:00Z,179.703995,179.727997,179.522003,179.524994
2025-11-13T15:00:00Z,179.531006,179.677002,179.397003,179.470993
2025-11-13T16:00:00Z,179.473999,179.860992,179.462006,179.854004
2025-11-13T17:00:00Z,179.850998,179.932999,179.695007,179.792007
2025-11-13T18:00:00Z,179.792007,179.830002,179.656998,179.714996
2025-11-13T19:00:00Z,179.716003,179.802002,179.669998,179.735992
2025-11-13T20:00:00Z,179.735001,179.830002,179.710999,179.774002
2025-11-13T21:00:00Z,179.774002,179.820999,179.744995,179.764008
2025-11-13T22:00:00Z,179.763000,179.919006,179.643005,179.779007
2025-11-13T23:00:00Z,179.789993,179.862000,179.703995,179.841003
2025-11-14T00:00:00Z,179.837997,179.949005,179.791000,179.845001
2025-11-14T01:00:00Z,179.845001,179.899994,179.692001,179.733002
2025-11-14T02:00:00Z,179.733994,179.858002,179.681000,179.705002
2025-11-14T03:00:00Z,179.707993,179.908005,179.669998,179.854004
2025-11-14T04:00:00Z,179.854004,179.914001,179.770004,179.772003
2025-11-14T05:00:00Z,179.774002,179.936005,179.740005,179.931000
2025-11-14T06:00:00Z,179.932007,179.936996,179.787994,179.912994
2025-11-14T07:00:00Z,179.910995,179.964996,179.822006,179.929993
2025-11-14T08:00:00Z,179.927002,179.970993,179.632004,179.731003
2025-11-14T09:00:00Z,179.731995,179.884003,179.714005,179.768005
2025-11-14T10:00:00Z,179.774002,179.789993,179.658997,179.714005
2025-11-14T11:00:00Z,179.712997,179.716995,179.531006,179.697998
2025-11-14T12:00:00Z,179.699997,179.705002,179.223007,179.225006
2025-11-14T13:00:00Z,179.227005,179.358002,178.966995,179.317993
2025-11-14T14:00:00Z,179.315002,179.410995,179.169998,179.397003
2025-11-14T15:00:00Z,179.393997,179.440994,179.229004,179.332993
2025-11-14T16:00:00Z,179.334000,179.682999,179.203003,179.641998
2025-11-14T17:00:00Z,179.641998,179.701004,179.557999,179.595993
2025-11-14T18:00:00Z,179.598007,179.634003,179.470001,179.561996
2025-11-14T19:00:00Z,179.559998,179.595001,179.511993,179.559006
2025-11-14T20:00:00Z,179.559006,179.598999,179.518005,179.563995
2025-11-14T21:00:00Z,179.570007,179.641006,179.485992,179.528000
2025-11-14T22:00:00Z,179.578995,179.578995,179.576996,179.576996
2025-11-17T00:00:00Z,179.552994,179.593994,179.253998,179.472000
2025-11-17T01:00:00Z,179.473007,179.496002,179.360992,179.399002
2025-11-17T02:00:00Z,179.406006,179.494995,179.363007,179.468994
2025-11-17T03:00:00Z,179.466995,179.552994,179.408005,179.447006
2025-11-17T04:00:00Z,179.445007,179.460007,179.348999,179.408005
2025-11-17T05:00:00Z,179.406006,179.472000,179.341995,179.438004
2025-11-17T06:00:00Z,179.438004,179.550995,179.429993,179.533997
2025-11-17T07:00:00Z,179.533997,179.716995,179.511993,179.641998
2025-11-17T08:00:00Z,179.647995,179.692001,179.492004,179.511993
2025-11-17T09:00:00Z,179.509003,179.580994,179.427002,179.531006
2025-11-17T10:00:00Z,179.533997,179.632996,179.507004,179.557007
2025-11-17T11:00:00Z,179.557007,179.634995,179.520004,179.576996
2025-11-17T12:00:00Z,179.574997,179.612000,179.516006,179.598999
2025-11-17T13:00:00Z,179.597000,179.639008,179.453995,179.535004
2025-11-17T14:00:00Z,179.529999,179.630997,179.483002,179.613007
2025-11-17T15:00:00Z,179.612000,180.016006,179.574005,179.985992
2025-11-17T16:00:00Z,179.985992,180.016998,179.850006,179.985001
2025-11-17T17:00:00Z,179.987000,180.001999,179.869003,179.884003
2025-11-17T18:00:00Z,179.880997,179.904999,179.815002,179.820007
2025-11-17T19:00:00Z,179.820007,179.865005,179.740997,179.835007
2025-11-17T20:00:00Z,179.832001,179.914993,179.776001,179.876007
2025-11-17T21:00:00Z,179.880005,180.022003,179.867996,179.921005
2025-11-17T22:00:00Z,179.884003,179.973007,179.774994,179.882004
2025-11-17T23:00:00Z,179.809006,179.988998,179.809006,179.947998
2025-11-18T00:00:00Z,179.964996,180.022003,179.826996,179.897995
2025-11-18T01:00:00Z,179.899002,179.979996,179.852997,179.888000
2025-11-18T02:00:00Z,179.886993,179.966003,179.862000,179.901001
2025-11-18T03:00:00Z,179.904007,179.910004,179.850006,179.880005
2025-11-18T04:00:00Z,179.880005,179.882996,179.598007,179.848007
2025-11-18T05:00:00Z,179.848999,179.893005,179.779007,179.858994
2025-11-18T06:00:00Z,179.858002,179.951004,179.658005,179.917999
2025-11-18T07:00:00Z,179.916000,179.949005,179.625000,179.654007
2025-11-18T08:00:00Z,179.653000,179.934006,179.647003,179.819000
2025-11-18T09:00:00Z,179.820007,179.955994,179.764999,179.899002
2025-11-18T10:00:00Z,179.897003,180.014999,179.800995,180.003998
2025-11-18T11:00:00Z,180.003998,180.095993,179.942001,180.050995
2025-11-18T12:00:00Z,180.050003,180.059006,179.860001,179.886993
2025-11-18T13:00:00Z,179.886002,180.000000,179.863007,179.945999
2025-11-18T14:00:00Z,179.945007,180.197998,179.929001,180.074005
2025-11-18T15:00:00Z,180.072006,180.110001,179.785995,179.830002
2025-11-18T16:00:00Z,179.832001,180.031006,179.781006,179.979996
2025-11-18T17:00:00Z,179.983994,180.223999,179.968994,180.216995
2025-11-18T18:00:00Z,180.216003,180.289993,180.197006,180.209000
2025-11-18T19:00:00Z,180.210999,180.242996,180.158005,180.179001
2025-11-18T20:00:00Z,180.179001,180.186996,180.093002,180.106995
2025-11-18T21:00:00Z,180.104996,180.136993,180.042007,180.065994
2025-11-18T22:00:00Z,180.042007,180.125000,179.916000,180.014008
2025-11-18T23:00:00Z,179.973999,180.171005,179.973007,180.126999
2025-11-19T00:00:00Z,180.102005,180.139008,179.973999,180.067001
2025-11-19T01:00:00Z,180.067001,180.134003,179.977005,180.009003
2025-11-19T02:00:00Z,180.009003,180.029007,179.860001,179.875000
2025-11-19T03:00:00Z,179.876007,179.888000,179.770004,179.882004
2025-11-19T04:00:00Z,179.882004,180.022995,179.882004,179.923996
2025-11-19T05:00:00Z,179.923996,180.057007,179.906998,180.050995
2025-11-19T06:00:00Z,180.050995,180.153000,180.024002,180.112000
2025-11-19T07:00:00Z,180.112000,180.264999,180.046997,180.106995
2025-11-19T08:00:00Z,180.112000,180.287003,180.016006,180.123993
2025-11-19T09:00:00Z,180.125000,180.500000,180.029999,180.485992
2025-11-19T10:00:00Z,180.487000,180.830994,180.419998,180.761002
2025-11-19T11:00:00Z,180.755005,180.917007,180.751007,180.867004
2025-11-19T12:00:00Z,180.867996,180.975998,180.819000,180.903000
2025-11-19T13:00:00Z,180.903000,180.931000,180.733994,180.860001
2025-11-19T14:00:00Z,180.860992,180.990005,180.731003,180.977005
2025-11-19T15:00:00Z,180.977005,180.998001,180.695999,180.712997
2025-11-19T16:00:00Z,180.714996,180.764999,180.598999,180.751999
2025-11-19T17:00:00Z,180.748993,180.850006,180.710999,180.779999
2025-11-19T18:00:00Z,180.779999,180.908997,180.744003,180.764008
2025-11-19T19:00:00Z,180.776001,180.910004,180.692993,180.910004
2025-11-19T20:00:00Z,180.906006,180.983002,180.882996,180.916000
2025-11-19T21:00:00Z,180.917999,181.393005,180.908005,181.298004
2025-11-19T22:00:00Z,181.300995,181.334000,181.160004,181.237000
2025-11-19T23:00:00Z,181.238007,181.350998,181.145004,181.145996
2025-11-20T00:00:00Z,181.169998,181.281006,180.957993,181.181000
2025-11-20T01:00:00Z,181.181000,181.425995,181.076004,181.403000
2025-11-20T02:00:00Z,181.401993,181.425995,181.201004,181.233994
2025-11-20T03:00:00Z,181.235992,181.341995,181.115005,181.255005
2025-11-20T04:00:00Z,181.259003,181.350006,181.149002,181.326004
2025-11-20T05:00:00Z,181.322006,181.457993,181.300995,181.445999
2025-11-20T06:00:00Z,181.442001,181.725998,181.421005,181.714996
2025-11-20T07:00:00Z,181.707993,181.716995,181.300995,181.395004
2025-11-20T08:00:00Z,181.391998,181.434998,181.011993,181.059998
2025-11-20T09:00:00Z,181.056000,181.207001,181.056000,181.192993
2025-11-20T10:00:00Z,181.192993,181.453995,181.147995,181.425995
2025-11-20T11:00:00Z,181.425995,181.453003,181.283005,181.367004
2025-11-20T12:00:00Z,181.369003,181.591995,181.363998,181.531006
2025-11-20T13:00:00Z,181.529999,181.798996,181.337997,181.649002
2025-11-20T14:00:00Z,181.647003,182.005997,181.632004,181.830002
2025-11-20T15:00:00Z,181.826996,181.994003,181.757004,181.772995
2025-11-20T16:00:00Z,181.774002,181.807999,181.507004,181.578003
2025-11-20T17:00:00Z,181.572998,181.712006,181.417999,181.602005
2025-11-20T18:00:00Z,181.600998,181.835999,181.587997,181.658005
2025-11-20T19:00:00Z,181.667007,181.791000,181.639008,181.774002
2025-11-20T20:00:00Z,181.776993,181.792007,181.602997,181.630005
2025-11-20T21:00:00Z,181.628006,181.641998,181.479004,181.520996
2025-11-20T22:00:00Z,181.459000,181.623993,181.419006,181.503998
2025-11-20T23:00:00Z,181.516006,181.550003,181.285004,181.524994
2025-11-21T00:00:00Z,181.531006,181.639008,181.367004,181.473999
2025-11-21T01:00:00Z,181.470001,181.647003,181.386002,181.626999
2025-11-21T02:00:00Z,181.625000,181.656998,181.500000,181.520004
2025-11-21T03:00:00Z,181.524002,181.600998,181.473007,181.473007
2025-11-21T04:00:00Z,181.475006,181.490997,181.261993,181.472000
2025-11-21T05:00:00Z,181.472000,181.513000,181.322998,181.367004
2025-11-21T06:00:00Z,181.369003,181.449997,181.257004,181.401001
2025-11-21T07:00:00Z,181.399002,181.419006,180.761993,180.897003
2025-11-21T08:00:00Z,180.904007,181.195007,180.669006,181.098007
2025-11-21T09:00:00Z,181.098007,181.112000,180.658997,180.675003
2025-11-21T10:00:00Z,180.679001,180.681000,180.294006,180.621002
2025-11-21T11:00:00Z,180.617004,180.720993,180.393005,180.477997
2025-11-21T12:00:00Z,180.483002,180.727005,180.334000,180.651001
2025-11-21T13:00:00Z,180.653000,180.720993,180.529007,180.667007
2025-11-21T14:00:00Z,180.666000,180.684006,180.391998,180.442001
2025-11-21T15:00:00Z,180.442001,180.487000,179.763000,180.063004
2025-11-21T16:00:00Z,180.067001,180.266006,179.910004,180.138000
2025-11-21T17:00:00Z,180.138000,180.270996,180.085007,180.145004
2025-11-21T18:00:00Z,180.147003,180.255005,180.018005,180.136002
2025-11-21T19:00:00Z,180.132004,180.158997,179.975998,179.990005
2025-11-21T20:00:00Z,179.990997,180.138000,179.983002,180.121994
2025-11-21T21:00:00Z,180.119003,180.210007,179.979004,179.992996
2025-11-21T22:00:00Z,180.121994,180.121994,180.121994,180.121994
2025-11-24T00:00:00Z,180.300003,180.401001,180.266998,180.350998
2025-11-24T01:00:00Z,180.350006,180.406998,180.276001,180.386993
2025-11-24T02:00:00Z,180.389999,180.460999,180.360992,180.434998
2025-11-24T03:00:00Z,180.434998,180.447006,180.348007,180.388000
2025-11-24T04:00:00Z,180.386993,180.414993,180.319000,180.352997
2025-11-24T05:00:00Z,180.352997,180.455002,180.343994,180.414993
2025-11-24T06:00:00Z,180.416000,180.580994,180.410995,180.556000
2025-11-24T07:00:00Z,180.556000,180.647003,180.496994,180.548996
2025-11-24T08:00:00Z,180.552002,180.917999,180.485992,180.860001
2025-11-24T09:00:00Z,180.869003,180.925003,180.595993,180.723007
2025-11-24T10:00:00Z,180.723007,180.891998,180.692993,180.852005
2025-11-24T11:00:00Z,180.854004,181.108002,180.791000,181.065994
2025-11-24T12:00:00Z,181.069000,181.123001,180.951996,181.119995
2025-11-24T13:00:00Z,181.119995,181.266006,181.042007,181.054001
2025-11-24T14:00:00Z,181.050003,181.210999,180.975006,181.016006
2025-11-24T15:00:00Z,181.024994,181.154999,180.660004,180.763000
2025-11-24T16:00:00Z,180.764999,180.850998,180.695007,180.751999
2025-11-24T17:00:00Z,180.757996,180.766006,180.651001,180.697998
2025-11-24T18:00:00Z,180.697998,180.770996,180.677002,180.740005
2025-11-24T19:00:00Z,180.740005,180.785995,180.645996,180.682007
2025-11-24T20:00:00Z,180.679993,180.763000,180.667007,180.707993
2025-11-24T21:00:00Z,180.707001,180.863007,180.684006,180.684006
2025-11-24T22:00:00Z,180.658997,180.809006,180.615997,180.759003
2025-11-24T23:00:00Z,180.779999,180.822998,180.720993,180.759995
2025-11-25T00:00:00Z,180.757004,180.854004,180.520004,180.552002
2025-11-25T01:00:00Z,180.554001,180.656006,180.470001,180.546997
2025-11-25T02:00:00Z,180.546005,180.641006,180.518997,180.613998
2025-11-25T03:00:00Z,180.613998,180.623001,180.511002,180.569000
2025-11-25T04:00:00Z,180.567001,180.610001,180.531998,180.552002
2025-11-25T05:00:00Z,180.552994,180.597000,180.421997,180.501999
2025-11-25T06:00:00Z,180.505997,180.589005,180.453995,180.468994
2025-11-25T07:00:00Z,180.470001,180.533005,180.389999,180.464996
2025-11-25T08:00:00Z,180.457993,180.559998,180.373001,180.414001
2025-11-25T09:00:00Z,180.414001,180.419998,180.089996,180.268997
2025-11-25T10:00:00Z,180.272995,180.427994,180.214005,180.404007
2025-11-25T11:00:00Z,180.404007,180.492004,180.296997,180.324005
2025-11-25T12:00:00Z,180.322998,180.850998,180.279007,180.436996
2025-11-25T13:00:00Z,180.436996,180.503006,180.332001,180.473999
2025-11-25T14:00:00Z,180.470993,180.662994,180.380005,180.500000
2025-11-25T15:00:00Z,180.477997,180.705002,180.410004,180.544998
2025-11-25T16:00:00Z,180.537003,180.649994,180.487000,180.572998
2025-11-25T17:00:00Z,180.569000,180.626007,180.367004,180.561005
2025-11-25T18:00:00Z,180.565994,180.608002,180.516006,180.537003
2025-11-25T19:00:00Z,180.535995,180.563004,180.485001,180.505005
2025-11-25T20:00:00Z,180.500000,180.570999,180.485001,180.524994
2025-11-25T21:00:00Z,180.524002,180.606995,180.438995,180.451996
2025-11-25T22:00:00Z,180.378998,180.651993,180.309998,180.481003
2025-11-25T23:00:00Z,180.498993,180.671997,180.460007,180.623993
2025-11-26T00:00:00Z,180.639999,180.798996,180.574997,180.753998
2025-11-26T01:00:00Z,180.753006,180.955002,180.434998,180.535004
2025-11-26T02:00:00Z,180.539001,180.591003,180.341995,180.494003
2025-11-26T03:00:00Z,180.496002,180.703003,180.417007,180.671997
2025-11-26T04:00:00Z,180.671005,180.835999,180.671005,180.740997
2025-11-26T05:00:00Z,180.744003,180.975006,180.735001,180.947998
2025-11-26T06:00:00Z,180.945007,181.102997,180.916000,180.983994
2025-11-26T07:00:00Z,180.981995,181.264008,180.975998,181.076004
2025-11-26T08:00:00Z,181.080002,181.156998,180.906998,181.035995
2025-11-26T09:00:00Z,181.029999,181.102005,180.968994,181.044998
2025-11-26T10:00:00Z,181.042007,181.123001,180.927994,181.097000
2025-11-26T11:00:00Z,181.095993,181.201996,181.003998,181.106995
2025-11-26T12:00:00Z,181.104004,181.246002,181.048004,181.074005
2025-11-26T13:00:00Z,181.076004,181.220001,180.929993,180.977997
2025-11-26T14:00:00Z,180.975998,181.350006,180.903000,181.330002
2025-11-26T15:00:00Z,181.337997,181.460999,181.276993,181.278000
2025-11-26T16:00:00Z,181.274994,181.429993,181.251999,181.255005
2025-11-26T17:00:00Z,181.251999,181.326996,181.169006,181.313004
2025-11-26T18:00:00Z,181.313004,181.406998,181.268005,181.391006
2025-11-26T19:00:00Z,181.391006,181.438995,181.356995,181.386993
2025-11-26T20:00:00Z,181.386993,181.423996,181.337997,181.384003
2025-11-26T21:00:00Z,181.389008,181.455002,181.363007,181.404999
2025-11-26T22:00:00Z,181.395004,181.438004,181.250000,181.339996
2025-11-26T23:00:00Z,181.345993,181.399994,181.240997,181.255005
2025-11-27T00:00:00Z,181.238998,181.257996,180.865005,181.033997
2025-11-27T01:00:00Z,181.031006,181.272003,180.751007,181.158005
2025-11-27T02:00:00Z,181.158005,181.339996,181.061005,181.153000
2025-11-27T03:00:00Z,181.153000,181.218994,181.024002,181.084000
2025-11-27T04:00:00Z,181.080002,181.110001,180.947006,180.977997
2025-11-27T05:00:00Z,180.977997,180.996994,180.794998,180.973999
2025-11-27T06:00:00Z,180.977997,181.089005,180.927002,180.996994
2025-11-27T07:00:00Z,180.996994,181.093994,180.951004,180.951996
2025-11-27T08:00:00Z,180.951996,181.266998,180.945999,181.212006
2025-11-27T09:00:00Z,181.216003,181.246994,180.996002,181.018997
2025-11-27T10:00:00Z,181.018997,181.061996,180.962997,181.033005
2025-11-27T11:00:00Z,181.033005,181.115005,180.962006,181.098999
2025-11-27T12:00:00Z,181.098007,181.194000,181.067001,181.128006
2025-11-27T13:00:00Z,181.132004,181.233002,181.093002,181.182007
2025-11-27T14:00:00Z,181.182007,181.307999,181.139008,181.257004
2025-11-27T15:00:00Z,181.257996,181.292007,181.153000,181.218002
2025-11-27T16:00:00Z,181.220001,181.298996,181.216003,181.263000
2025-11-27T17:00:00Z,181.268997,181.296005,181.231003,181.259995
2025-11-27T18:00:00Z,181.259003,181.298004,181.229996,181.248993
2025-11-27T19:00:00Z,181.248993,181.292007,181.244003,181.272003
2025-11-27T20:00:00Z,181.264999,181.278000,181.199005,181.242004
2025-11-27T21:00:00Z,181.244003,181.259995,181.156006,181.207993
2025-11-27T22:00:00Z,181.220993,181.317001,181.141998,181.201004
2025-11-27T23:00:00Z,181.186996,181.311996,181.171997,181.294006
2025-11-28T00:00:00Z,181.281006,181.518005,181.166000,181.384995
2025-11-28T01:00:00Z,181.386993,181.395996,181.125000,181.130005
2025-11-28T02:00:00Z,181.132004,181.173004,180.835999,180.977005
2025-11-28T03:00:00Z,180.985001,181.095001,180.807007,181.063004
2025-11-28T04:00:00Z,181.039993,181.095993,180.947998,181.035995
2025-11-28T05:00:00Z,181.037003,181.264008,180.977005,181.136993
2025-11-28T06:00:00Z,181.167007,181.261993,181.093994,181.143997
2025-11-28T07:00:00Z,181.145996,181.251999,180.921005,180.972000
2025-11-28T08:00:00Z,180.973007,181.078003,180.753006,180.876999
2025-11-28T09:00:00Z,180.873001,181.024002,180.751999,180.817993
2025-11-28T10:00:00Z,180.817993,180.904007,180.563004,180.621994
2025-11-28T11:00:00Z,180.576996,180.709000,180.522995,180.682999
2025-11-28T12:00:00Z,180.695007,180.755997,180.529007,180.552002
2025-11-28T13:00:00Z,180.561996,180.703003,180.514999,180.580994
2025-11-28T14:00:00Z,180.587006,181.037003,180.572998,180.994995
2025-11-28T15:00:00Z,181.001999,181.220001,180.889008,181.113007
2025-11-28T16:00:00Z,181.113007,181.201004,180.964996,181.149994
2025-11-28T17:00:00Z,181.149994,181.244003,181.085007,181.242996
2025-11-28T18:00:00Z,181.238007,181.266006,181.102997,181.139999
2025-11-28T19:00:00Z,181.139999,181.171005,181.078995,181.126999
2025-11-28T20:00:00Z,181.125000,181.151993,181.063995,181.130005
2025-11-28T21:00:00Z,181.126999,181.167999,180.985992,181.042999
2025-11-28T22:00:00Z,181.141998,181.141998,181.141998,181.141998
2025-12-01T00:00:00Z,180.863007,180.875000,180.658005,180.785004
2025-12-01T01:00:00Z,180.785995,180.994003,180.535995,180.617996
2025-12-01T02:00:00Z,180.615997,180.634995,180.214005,180.292999
2025-12-01T03:00:00Z,180.300003,180.373001,180.186996,180.281006
2025-12-01T04:00:00Z,180.281998,180.477005,180.233002,180.408997
2025-12-01T05:00:00Z,180.408997,180.481003,180.278000,180.453995
2025-12-01T06:00:00Z,180.453003,180.539001,180.354004,180.389999
2025-12-01T07:00:00Z,180.395996,180.485992,180.304001,180.322006
2025-12-01T08:00:00Z,180.324997,180.639008,180.276993,180.565994
2025-12-01T09:00:00Z,180.565994,180.641998,180.434998,180.475006
2025-12-01T10:00:00Z,180.470993,180.529999,180.369003,180.518997
2025-12-01T11:00:00Z,180.518997,180.636002,180.315994,180.348007
2025-12-01T12:00:00Z,180.350006,180.417999,180.248993,180.304001
2025-12-01T13:00:00Z,180.304001,180.345993,180.130997,180.311996
2025-12-01T14:00:00Z,180.311996,180.417007,180.194000,180.285004
2025-12-01T15:00:00Z,180.285995,180.492004,180.184998,180.358994
2025-12-01T16:00:00Z,180.354004,180.539993,180.354004,180.483994
2025-12-01T17:00:00Z,180.485992,180.597000,180.472000,180.526993
2025-12-01T18:00:00Z,180.524002,180.598999,180.496994,180.557007
2025-12-01T19:00:00Z,180.554993,180.572006,180.460007,180.483994
2025-12-01T20:00:00Z,180.485992,180.531998,180.445007,180.460999
2025-12-01T21:00:00Z,180.464996,180.529999,180.429001,180.436005
2025-12-01T22:00:00Z,180.440994,180.498001,180.389999,180.423996
2025-12-01T23:00:00Z,180.412994,180.574005,180.397995,180.548996
2025-12-02T00:00:00Z,180.548996,180.682999,180.466003,180.625000
2025-12-02T01:00:00Z,180.621994,180.779007,180.619003,180.669998
2025-12-02T02:00:00Z,180.669998,180.778000,180.630997,180.746002
2025-12-02T03:00:00Z,180.744003,180.774002,180.630005,180.714005
2025-12-02T04:00:00Z,180.714996,180.759003,180.647003,180.673996
2025-12-02T05:00:00Z,180.673996,180.776001,180.673996,180.710999
2025-12-02T06:00:00Z,180.707993,180.856995,180.703003,180.828003
2025-12-02T07:00:00Z,180.824005,180.968002,180.789993,180.878006
2025-12-02T08:00:00Z,180.880997,181.143997,180.878998,181.117004
2025-12-02T09:00:00Z,181.119003,181.184998,181.044006,181.074005
2025-12-02T10:00:00Z,181.065002,181.106995,180.987000,181.102005
2025-12-02T11:00:00Z,181.098999,181.106995,180.972000,181.052002
2025-12-02T12:00:00Z,181.052002,181.261993,181.033997,181.242996
2025-12-02T13:00:00Z,181.242996,181.294998,181.169006,181.203003
2025-12-02T14:00:00Z,181.201004,181.360992,181.115997,181.173004
2025-12-02T15:00:00Z,181.175995,181.272003,180.891998,180.906006
2025-12-02T16:00:00Z,180.901993,180.975006,180.751007,180.794006
2025-12-02T17:00:00Z,180.792007,181.059998,180.787003,181.007004
2025-12-02T18:00:00Z,181.005005,181.110992,180.975998,181.082001
2025-12-02T19:00:00Z,181.085007,181.173004,181.074005,181.160004
2025-12-02T20:00:00Z,181.160995,181.177994,181.102005,181.139999
2025-12-02T21:00:00Z,181.139008,181.229004,181.054993,181.054993
2025-12-02T22:00:00Z,181.072998,181.220993,180.990005,181.147003
2025-12-02T23:00:00Z,181.147003,181.233994,181.123001,181.158005
2025-12-03T00:00:00Z,181.121994,181.210999,181.033997,181.175995
2025-12-03T01:00:00Z,181.175995,181.218002,181.039993,181.128998
2025-12-03T02:00:00Z,181.128006,181.287994,181.128006,181.212997
2025-12-03T03:00:00Z,181.212997,181.238998,181.113998,181.141006
2025-12-03T04:00:00Z,181.141006,181.250000,181.139008,181.201996
2025-12-03T05:00:00Z,181.201996,181.281998,181.181000,181.264008
2025-12-03T06:00:00Z,181.263000,181.272003,181.104004,181.167999
2025-12-03T07:00:00Z,181.169998,181.291000,181.149002,181.235001
2025-12-03T08:00:00Z,181.231995,181.319000,181.186005,181.266006
2025-12-03T09:00:00Z,181.261993,181.270996,181.123001,181.229004
2025-12-03T10:00:00Z,181.227005,181.404999,181.210999,181.348999
2025-12-03T11:00:00Z,181.347000,181.352997,181.199005,181.302994
2025-12-03T12:00:00Z,181.296997,181.352997,181.229996,181.255997
2025-12-03T13:00:00Z,181.255997,181.457993,181.166000,181.393005
2025-12-03T14:00:00Z,181.391998,181.419006,181.123001,181.175995
2025-12-03T15:00:00Z,181.171005,181.406998,180.975006,180.975998
2025-12-03T16:00:00Z,180.975006,181.024002,180.792999,180.910995
2025-12-03T17:00:00Z,180.914993,181.061996,180.860001,181.005997
2025-12-03T18:00:00Z,181.009003,181.106003,181.001007,181.056000
2025-12-03T19:00:00Z,181.054001,181.136002,181.037003,181.095993
2025-12-03T20:00:00Z,181.100006,181.134003,181.063004,181.089005
2025-12-03T21:00:00Z,181.089005,181.222000,181.082993,181.218994
2025-12-03T22:00:00Z,181.106995,181.276001,181.014008,181.050003
2025-12-03T23:00:00Z,181.080002,181.162003,180.891006,180.955994
2025-12-04T00:00:00Z,180.953995,181.063004,180.817001,180.906006
2025-12-04T01:00:00Z,180.906998,181.195999,180.882996,181.078995
2025-12-04T02:00:00Z,181.080002,181.227005,181.072998,181.210007
2025-12-04T03:00:00Z,181.210007,181.287994,181.112000,181.121994
2025-12-04T04:00:00Z,181.115005,181.238998,181.074005,181.220993
2025-12-04T05:00:00Z,181.220993,181.279007,180.953003,180.981995
2025-12-04T06:00:00Z,180.981995,181.151993,180.949005,181.042007
2025-12-04T07:00:00Z,181.039001,181.128998,180.973999,181.093002
2025-12-04T08:00:00Z,181.095001,181.106995,180.699005,180.975006
2025-12-04T09:00:00Z,180.970001,181.016006,180.772003,180.783005
2025-12-04T10:00:00Z,180.783005,180.832001,180.524002,180.535995
2025-12-04T11:00:00Z,180.539001,180.572998,180.393005,180.490005
2025-12-04T12:00:00Z,180.490005,180.580994,180.436005,180.492004
2025-12-04T13:00:00Z,180.496002,180.705002,180.492996,180.572006
2025-12-04T14:00:00Z,180.569000,180.673004,180.449997,180.604004
2025-12-04T15:00:00Z,180.598999,180.608002,180.419006,180.511002
2025-12-04T16:00:00Z,180.505997,180.608002,180.395996,180.598007
2025-12-04T17:00:00Z,180.598007,180.653000,180.526001,180.595993
2025-12-04T18:00:00Z,180.591003,180.647003,180.591003,180.621994
2025-12-04T19:00:00Z,180.621994,180.647995,180.546005,180.636002
2025-12-04T20:00:00Z,180.632004,180.647995,180.531998,180.600998
2025-12-04T21:00:00Z,180.602997,180.686996,180.546005,180.574005
2025-12-04T22:00:00Z,180.572998,180.656998,180.412003,180.518005
2025-12-04T23:00:00Z,180.518005,180.641998,180.490997,180.628998
2025-12-05T00:00:00Z,180.621994,180.768997,180.518997,180.533005
2025-12-05T01:00:00Z,180.533997,180.709000,180.498001,180.643997
2025-12-05T02:00:00Z,180.641006,180.714996,180.626999,180.662994
2025-12-05T03:00:00Z,180.658997,180.729996,180.628006,180.701996
2025-12-05T04:00:00Z,180.694000,180.723999,180.389999,180.529007
2025-12-05T05:00:00Z,180.529007,180.541000,180.167007,180.246994
2025-12-05T06:00:00Z,180.242004,180.320999,180.108994,180.209000
2025-12-05T07:00:00Z,180.209000,180.373993,180.089005,180.341003
2025-12-05T08:00:00Z,180.335999,180.526001,180.313995,180.464996
2025-12-05T09:00:00Z,180.464005,180.554993,180.438995,180.542007
2025-12-05T10:00:00Z,180.539993,180.757004,180.535995,180.748001
2025-12-05T11:00:00Z,180.744995,180.768997,180.656006,180.692001
2025-12-05T12:00:00Z,180.684006,180.811005,180.662994,180.798004
2025-12-05T13:00:00Z,180.794998,180.841995,180.722000,180.828003
2025-12-05T14:00:00Z,180.826004,180.897995,180.748993,180.835007
2025-12-05T15:00:00Z,180.830002,180.923004,180.761002,180.841995
2025-12-05T16:00:00Z,180.837006,180.850998,180.662994,180.677994
2025-12-05T17:00:00Z,180.673004,180.817993,180.654007,180.811996
2025-12-05T18:00:00Z,180.811005,180.856003,180.789993,180.792999
2025-12-05T19:00:00Z,180.789993,180.832993,180.755005,180.809006
2025-12-05T20:00:00Z,180.800995,180.850006,180.770996,180.835999
2025-12-05T21:00:00Z,180.830002,180.895004,180.738007,180.830002
2025-12-05T22:00:00Z,180.830002,180.852997,180.830002,180.852997
2025-12-08T00:00:00Z,180.787003,180.798004,180.647003,180.673004
2025-12-08T01:00:00Z,180.669006,180.733002,180.500000,180.501999
2025-12-08T02:00:00Z,180.501007,180.653000,180.490005,180.630997
2025-12-08T03:00:00Z,180.632004,180.718002,180.617996,180.692001
2025-12-08T04:00:00Z,180.688995,180.759003,180.664993,180.731003
2025-12-08T05:00:00Z,180.725006,180.968994,180.723999,180.899002
2025-12-08T06:00:00Z,180.899002,181.102005,180.886002,180.998001
2025-12-08T07:00:00Z,181.005997,181.138000,180.979996,181.108994
2025-12-08T08:00:00Z,181.110001,181.171997,181.014008,181.117004
2025-12-08T09:00:00Z,181.119003,181.214005,181.085007,181.104004
2025-12-08T10:00:00Z,181.102997,181.205002,181.067993,181.179993
2025-12-08T11:00:00Z,181.179993,181.276001,181.149994,181.257996
2025-12-08T12:00:00Z,181.257004,181.337006,181.220001,181.270004
2025-12-08T13:00:00Z,181.274002,181.298996,181.160995,181.276001
2025-12-08T14:00:00Z,181.274002,181.432999,181.067993,181.378006
2025-12-08T15:00:00Z,181.382004,181.397003,181.136002,181.181000
2025-12-08T16:00:00Z,181.184006,181.274002,181.097000,181.225998
2025-12-08T17:00:00Z,181.220993,181.300003,181.106003,181.274002
2025-12-08T18:00:00Z,181.276001,181.298996,181.229004,181.244995
2025-12-08T19:00:00Z,181.244995,181.477005,181.240997,181.466003
2025-12-08T20:00:00Z,181.468994,181.481995,181.421997,181.470001
2025-12-08T21:00:00Z,181.468994,181.492996,181.431000,181.440994
2025-12-08T22:00:00Z,181.434998,181.470001,181.268997,181.386993
2025-12-08T23:00:00Z,181.406998,181.511993,181.350998,181.410995
2025-12-09T00:00:00Z,181.414001,181.578003,181.345001,181.572998
2025-12-09T01:00:00Z,181.572006,181.591003,181.412994,181.451004
2025-12-09T02:00:00Z,181.451004,181.546005,181.406998,181.514999
2025-12-09T03:00:00Z,181.514008,181.546005,181.451996,181.464005
2025-12-09T04:00:00Z,181.462997,181.636993,181.451004,181.610001
2025-12-09T05:00:00Z,181.608994,181.779999,181.567001,181.727997
2025-12-09T06:00:00Z,181.725006,181.785004,181.613998,181.649002
2025-12-09T07:00:00Z,181.649002,181.826004,181.623001,181.800995
2025-12-09T08:00:00Z,181.802994,182.147003,181.779007,182.044006
2025-12-09T09:00:00Z,182.048996,182.054993,181.656998,181.871994
2025-12-09T10:00:00Z,181.873001,181.955994,181.664001,181.740005
2025-12-09T11:00:00Z,181.738998,181.899994,181.682007,181.854004
2025-12-09T12:00:00Z,181.852997,181.964005,181.796005,181.955002
2025-12-09T13:00:00Z,181.957993,182.018005,181.880005,181.895996
2025-12-09T14:00:00Z,181.893997,182.048004,181.878006,182.031998
2025-12-09T15:00:00Z,181.979996,182.455002,181.921005,182.410995
2025-12-09T16:00:00Z,182.412994,182.641998,182.376999,182.554993
2025-12-09T17:00:00Z,182.552994,182.570007,182.356003,182.397995
2025-12-09T18:00:00Z,182.399002,182.403000,182.281998,182.376999
2025-12-09T19:00:00Z,182.376007,182.436996,182.354996,182.373993
2025-12-09T20:00:00Z,182.369995,182.470993,182.369995,182.419006
2025-12-09T21:00:00Z,182.419006,182.496994,182.326996,182.354004
2025-12-09T22:00:00Z,182.363998,182.470001,182.190994,182.324005
2025-12-09T23:00:00Z,182.313995,182.417999,182.289993,182.358002
2025-12-10T00:00:00Z,182.326996,182.445007,182.175003,182.197006
2025-12-10T01:00:00Z,182.195999,182.251999,182.110001,182.145996
2025-12-10T02:00:00Z,182.145996,182.188004,182.082993,182.087006
2025-12-10T03:00:00Z,182.089996,182.126007,182.000000,182.052002
2025-12-10T04:00:00Z,182.052994,182.143997,182.048004,182.110992
2025-12-10T05:00:00Z,182.110992,182.251999,182.072006,182.244995
2025-12-10T06:00:00Z,182.244003,182.345993,182.237000,182.287994
2025-12-10T07:00:00Z,182.287003,182.496002,182.263000,182.470993
2025-12-10T08:00:00Z,182.464996,182.615997,182.358994,182.565002
2025-12-10T09:00:00Z,182.567993,182.604996,182.434006,182.479996
2025-12-10T10:00:00Z,182.477997,182.498001,182.281006,182.386993
2025-12-10T11:00:00Z,182.388000,182.412003,182.274002,182.328003
2025-12-10T12:00:00Z,182.330002,182.432999,182.300995,182.399002
2025-12-10T13:00:00Z,182.399994,182.412003,182.179993,182.223999
2025-12-10T14:00:00Z,182.225006,182.292007,182.112000,182.210999
2025-12-10T15:00:00Z,182.214996,182.218994,182.046997,182.169998
2025-12-10T16:00:00Z,182.167999,182.188004,182.050003,182.126999
2025-12-10T17:00:00Z,182.123001,182.237000,182.089996,182.227005
2025-12-10T18:00:00Z,182.225006,182.371002,182.220993,182.311996
2025-12-10T19:00:00Z,182.231003,182.552002,182.173996,182.473007
2025-12-10T20:00:00Z,182.475006,182.494995,182.223999,182.343002
2025-12-10T21:00:00Z,182.341995,182.520004,182.315994,182.414001
2025-12-10T22:00:00Z,182.266006,182.460007,182.149994,182.447006
2025-12-10T23:00:00Z,182.429001,182.494995,182.108002,182.257996
2025-12-11T00:00:00Z,182.246002,182.395996,182.052002,182.319000
2025-12-11T01:00:00Z,182.320007,182.354996,182.067001,182.214996
2025-12-11T02:00:00Z,182.210999,182.227997,181.949005,182.156998
2025-12-11T03:00:00Z,182.154999,182.175995,181.992004,182.020996
2025-12-11T04:00:00Z,182.016006,182.201996,181.927002,182.186005
2025-12-11T05:00:00Z,182.181000,182.395004,182.181000,182.365005
2025-12-11T06:00:00Z,182.363007,182.453995,182.272995,182.302994
2025-12-11T07:00:00Z,182.298996,182.466003,182.289001,182.449005
2025-12-11T08:00:00Z,182.449997,182.552994,182.324005,182.337006
2025-12-11T09:00:00Z,182.337006,182.436005,182.294998,182.391006
2025-12-11T10:00:00Z,182.393997,182.500000,182.307999,182.468002
2025-12-11T11:00:00Z,182.470001,182.542007,182.438004,182.442993
2025-12-11T12:00:00Z,182.436996,182.473999,182.192993,182.292007
2025-12-11T13:00:00Z,182.294998,182.330002,182.085999,182.156998
2025-12-11T14:00:00Z,182.158997,182.214005,181.899994,181.906998
2025-12-11T15:00:00Z,181.906998,182.434998,181.871994,182.416000
2025-12-11T16:00:00Z,182.419006,182.466995,182.339996,182.382996
2025-12-11T17:00:00Z,182.380005,182.572006,182.358994,182.481003
2025-12-11T18:00:00Z,182.479996,182.651993,182.473999,182.600998
2025-12-11T19:00:00Z,182.600998,182.723007,182.598007,182.681000
2025-12-11T20:00:00Z,182.679993,182.746002,182.630997,182.673004
2025-12-11T21:00:00Z,182.679001,182.710999,182.567993,182.615005
2025-12-11T22:00:00Z,182.615997,182.679001,182.445999,182.567993
2025-12-11T23:00:00Z,182.554001,182.658997,182.513000,182.582001
2025-12-12T00:00:00Z,182.576004,182.843002,182.544006,182.787003
2025-12-12T01:00:00Z,182.787003,182.856003,182.593002,182.666000
2025-12-12T02:00:00Z,182.673004,182.751007,182.632996,182.701004
2025-12-12T03:00:00Z,182.699005,182.751007,182.660995,182.714005
2025-12-12T04:00:00Z,182.714005,182.764999,182.686996,182.714005
2025-12-12T05:00:00Z,182.716003,182.820999,182.701004,182.815002
2025-12-12T06:00:00Z,182.815002,182.888000,182.714005,182.725006
2025-12-12T07:00:00Z,182.720001,182.764999,182.595993,182.695007
2025-12-12T08:00:00Z,182.690994,182.863998,182.667999,182.764008
2025-12-12T09:00:00Z,182.766006,182.942001,182.690994,182.899002
2025-12-12T10:00:00Z,182.897995,182.925995,182.807999,182.845001
2025-12-12T11:00:00Z,182.841995,182.891006,182.820999,182.832993
2025-12-12T12:00:00Z,182.832001,182.990005,182.677994,182.945999
2025-12-12T13:00:00Z,182.945999,183.005997,182.869003,182.994995
2025-12-12T14:00:00Z,182.996994,183.093994,182.936996,183.063995
2025-12-12T15:00:00Z,183.065002,183.156006,182.856995,182.975006
2025-12-12T16:00:00Z,182.977997,183.003998,182.673004,182.785995
2025-12-12T17:00:00Z,182.783005,183.031006,182.770996,183.003006
2025-12-12T18:00:00Z,183.007996,183.024994,182.904007,182.906006
2025-12-12T19:00:00Z,182.908005,183.044998,182.897995,183.033997
2025-12-12T20:00:00Z,183.031006,183.054993,182.929993,182.983002
2025-12-12T21:00:00Z,182.983002,183.016998,182.871994,182.912003
2025-12-12T22:00:00Z,182.858002,182.880005,182.858002,182.880005
2025-12-15T00:00:00Z,182.934006,183.003998,182.889999,182.910004
2025-12-15T01:00:00Z,182.912003,182.916000,182.695007,182.703995
2025-12-15T02:00:00Z,182.701004,182.751007,182.445999,182.492996
2025-12-15T03:00:00Z,182.488007,182.498001,182.330002,182.367004
2025-12-15T04:00:00Z,182.367004,182.371002,182.100006,182.151993
2025-12-15T05:00:00Z,182.147003,182.162003,181.917999,181.917999
2025-12-15T06:00:00Z,181.917007,182.041000,181.832001,181.994995
2025-12-15T07:00:00Z,181.994995,182.186996,181.983002,182.095993
2025-12-15T08:00:00Z,182.095993,182.141006,181.959000,182.048996
2025-12-15T09:00:00Z,182.048996,182.059998,181.906006,181.975998
2025-12-15T10:00:00Z,181.975006,182.173004,181.962006,182.104996
2025-12-15T11:00:00Z,182.104996,182.145004,181.942993,182.014008
2025-12-15T12:00:00Z,182.011002,182.289001,181.983994,182.257996
2025-12-15T13:00:00Z,182.257004,182.334000,182.192001,182.266006
2025-12-15T14:00:00Z,182.270996,182.304993,182.078995,182.225006
2025-12-15T15:00:00Z,182.227005,182.511002,182.087997,182.507996
2025-12-15T16:00:00Z,182.501007,182.615005,182.449997,182.552002
2025-12-15T17:00:00Z,182.546997,182.584000,182.391998,182.417007
2025-12-15T18:00:00Z,182.417007,182.457001,182.376007,182.434006
2025-12-15T19:00:00Z,182.432999,182.442993,182.373001,182.389999
2025-12-15T20:00:00Z,182.388000,182.440994,182.378998,182.429001
2025-12-15T21:00:00Z,182.436005,182.442001,182.343002,182.393005
2025-12-15T22:00:00Z,182.391998,182.470993,182.291000,182.382004
2025-12-15T23:00:00Z,182.380997,182.421997,182.164993,182.197006
2025-12-16T00:00:00Z,182.210007,182.248001,181.921997,182.132004
2025-12-16T01:00:00Z,182.125000,182.233994,181.966003,181.985992
2025-12-16T02:00:00Z,181.988007,182.093002,181.929993,181.949005
2025-12-16T03:00:00Z,181.949005,182.044006,181.871994,182.020004
2025-12-16T04:00:00Z,182.026993,182.029007,181.895996,181.925003
2025-12-16T05:00:00Z,181.927002,181.966003,181.776993,181.942001
2025-12-16T06:00:00Z,181.945999,182.052002,181.910004,181.988998
2025-12-16T07:00:00Z,181.996994,182.102997,181.940994,182.018005
2025-12-16T08:00:00Z,182.020996,182.164993,181.923996,182.013000
2025-12-16T09:00:00Z,182.029999,182.149002,181.953995,182.028000
2025-12-16T10:00:00Z,182.022995,182.134003,182.005005,182.080994
2025-12-16T11:00:00Z,182.085007,182.115005,182.022995,182.106995
2025-12-16T12:00:00Z,182.106995,182.173004,181.983994,182.093002
2025-12-16T13:00:00Z,182.093002,182.306000,181.932999,182.186005
2025-12-16T14:00:00Z,182.184998,182.470993,182.149002,182.419006
2025-12-16T15:00:00Z,182.417999,182.444000,181.951004,182.164993
2025-12-16T16:00:00Z,182.169006,182.298004,182.139999,182.192001
2025-12-16T17:00:00Z,182.190002,182.244003,181.964005,181.966995
2025-12-16T18:00:00Z,181.964996,181.987000,181.785995,181.869003
2025-12-16T19:00:00Z,181.869003,181.888000,181.707001,181.850006
2025-12-16T20:00:00Z,181.848999,181.897995,181.785004,181.845001
2025-12-16T21:00:00Z,181.847000,181.884995,181.684006,181.725998
2025-12-16T22:00:00Z,181.725998,181.882004,181.630005,181.755005
2025-12-16T23:00:00Z,181.746002,181.891998,181.701004,181.852997
2025-12-17T00:00:00Z,181.837997,181.906998,181.621994,181.636993
2025-12-17T01:00:00Z,181.638000,181.735001,181.563004,181.694000
2025-12-17T02:00:00Z,181.694000,181.996994,181.694000,181.977997
2025-12-17T03:00:00Z,181.975006,181.994003,181.785995,181.815994
2025-12-17T04:00:00Z,181.815994,182.001999,181.781998,181.960999
2025-12-17T05:00:00Z,181.960999,181.979004,181.860992,181.973007
2025-12-17T06:00:00Z,181.973007,182.171005,181.899994,181.927994
2025-12-17T07:00:00Z,181.932999,182.158005,181.886993,182.138000
2025-12-17T08:00:00Z,182.138000,182.253998,182.076996,182.240997
2025-12-17T09:00:00Z,182.225998,182.248993,182.154007,182.203995
2025-12-17T10:00:00Z,182.218002,182.287003,182.145004,182.281006
2025-12-17T11:00:00Z,182.274994,182.330002,182.121994,182.128006
2025-12-17T12:00:00Z,182.125000,182.343002,182.100998,182.332001
2025-12-17T13:00:00Z,182.332993,182.427002,182.251007,182.352005
2025-12-17T14:00:00Z,182.348007,182.658997,182.298996,182.554993
2025-12-17T15:00:00Z,182.550003,182.779999,182.548996,182.643997
2025-12-17T16:00:00Z,182.643997,182.781998,182.617996,182.776001
2025-12-17T17:00:00Z,182.778000,182.841003,182.722000,182.735001
2025-12-17T18:00:00Z,182.735001,182.817993,182.699005,182.783997
2025-12-17T19:00:00Z,182.785995,182.822006,182.738007,182.796005
2025-12-17T20:00:00Z,182.798004,182.873993,182.761002,182.783997
2025-12-17T21:00:00Z,182.781006,182.835999,182.740005,182.759003
2025-12-17T22:00:00Z,182.759003,182.792007,182.606995,182.654007
2025-12-17T23:00:00Z,182.649994,182.761002,182.559006,182.574997
2025-12-18T00:00:00Z,182.561996,182.664001,182.503006,182.604004
2025-12-18T01:00:00Z,182.591003,182.815994,182.550003,182.785004
2025-12-18T02:00:00Z,182.854004,182.901001,182.755005,182.897995
2025-12-18T03:00:00Z,182.895996,182.910004,182.804993,182.852997
2025-12-18T04:00:00Z,182.848007,182.889999,182.787994,182.873993
2025-12-18T05:00:00Z,182.873993,183.093002,182.854004,183.009995
2025-12-18T06:00:00Z,183.007004,183.115997,182.964005,183.091995
2025-12-18T07:00:00Z,183.097000,183.169006,182.904007,182.955994
2025-12-18T08:00:00Z,182.953995,182.970993,182.755005,182.845001
2025-12-18T09:00:00Z,182.845001,182.873001,182.639999,182.781006
2025-12-18T10:00:00Z,182.781006,182.834000,182.716995,182.740997
2025-12-18T11:00:00Z,182.735001,182.755997,182.548996,182.591003
2025-12-18T12:00:00Z,182.591003,182.630005,182.438995,182.524002
2025-12-18T13:00:00Z,182.524994,182.841995,182.457993,182.770004
2025-12-18T14:00:00Z,182.770004,182.774994,182.283005,182.457993
2025-12-18T15:00:00Z,182.457001,182.554993,182.326996,182.384003
2025-12-18T16:00:00Z,182.382004,182.597000,182.360992,182.406006
2025-12-18T17:00:00Z,182.401993,182.440994,182.352997,182.386002
2025-12-18T18:00:00Z,182.389999,182.490997,182.363007,182.393997
2025-12-18T19:00:00Z,182.389999,182.438004,182.304993,182.341995
2025-12-18T20:00:00Z,182.339996,182.453003,182.335007,182.406998
2025-12-18T21:00:00Z,182.399994,182.455994,182.240997,182.240997
2025-12-18T22:00:00Z,182.304001,182.472000,182.182999,182.343994
2025-12-18T23:00:00Z,182.343002,182.490997,182.337997,182.427994
2025-12-19T00:00:00Z,182.408997,182.645004,182.401993,182.630005
2025-12-19T01:00:00Z,182.638000,182.686005,182.511993,182.589996
2025-12-19T02:00:00Z,182.589996,182.701996,182.552002,182.667999
2025-12-19T03:00:00Z,182.671997,183.011993,182.421997,182.705994
2025-12-19T04:00:00Z,182.701004,182.888000,182.552002,182.871994
2025-12-19T05:00:00Z,182.867996,182.889008,182.679993,182.820999
2025-12-19T06:00:00Z,182.817993,183.242996,182.660004,182.839996
2025-12-19T07:00:00Z,182.841995,183.498993,182.785004,183.492004
2025-12-19T08:00:00Z,183.498001,183.839996,183.464005,183.798996
2025-12-19T09:00:00Z,183.806000,184.126007,183.720993,184.113998
2025-12-19T10:00:00Z,184.113007,184.360992,184.052002,184.324997
2025-12-19T11:00:00Z,184.326004,184.343002,184.156006,184.233994
2025-12-19T12:00:00Z,184.233002,184.266998,184.082001,184.128006
2025-12-19T13:00:00Z,184.126007,184.376007,184.084000,184.367996
2025-12-19T14:00:00Z,184.367004,184.610992,184.106003,184.576004
2025-12-19T15:00:00Z,184.587006,184.658005,184.388000,184.389999
2025-12-19T16:00:00Z,184.389999,184.529999,184.360992,184.520004
2025-12-19T17:00:00Z,184.516998,184.684006,184.447998,184.503998
2025-12-19T18:00:00Z,184.498993,184.626007,184.498001,184.606995
2025-12-19T19:00:00Z,184.608994,184.705994,184.567993,184.677994
2025-12-19T20:00:00Z,184.673996,184.690002,184.595993,184.645004
2025-12-19T21:00:00Z,184.647003,184.748993,184.561005,184.634995
2025-12-19T22:00:00Z,184.669998,184.766006,184.669998,184.766006
2025-12-22T00:00:00Z,184.570007,184.647003,184.481995,184.587006
2025-12-22T01:00:00Z,184.582993,184.632004,184.253006,184.298996
2025-12-22T02:00:00Z,184.298004,184.444000,184.233002,184.438004
2025-12-22T03:00:00Z,184.432999,184.490005,184.285995,184.348007
2025-12-22T04:00:00Z,184.348007,184.395996,184.296005,184.367996
2025-12-22T05:00:00Z,184.369003,184.447998,184.304001,184.378998
2025-12-22T06:00:00Z,184.384003,184.412994,184.283005,184.339996
2025-12-22T07:00:00Z,184.335007,184.819000,184.309998,184.720001
2025-12-22T08:00:00Z,184.716995,184.897995,184.554001,184.889999
2025-12-22T09:00:00Z,184.886993,184.919006,184.625000,184.690002
2025-12-22T10:00:00Z,184.690002,184.727997,184.626007,184.669998
2025-12-22T11:00:00Z,184.671997,184.697998,184.602005,184.692001
2025-12-22T12:00:00Z,184.694000,184.820999,184.669998,184.806000
2025-12-22T13:00:00Z,184.807007,184.811996,184.278000,184.697006
2025-12-22T14:00:00Z,184.697006,184.701996,184.514008,184.651993
2025-12-22T15:00:00Z,184.653000,184.783997,184.576996,184.658997
2025-12-22T16:00:00Z,184.656006,184.716995,184.341995,184.389008
2025-12-22T17:00:00Z,184.391006,184.466003,184.315994,184.417999
2025-12-22T18:00:00Z,184.421005,184.503998,184.393005,184.451996
2025-12-22T19:00:00Z,184.451004,184.531998,184.423004,184.436996
2025-12-22T20:00:00Z,184.434998,184.572006,184.434998,184.537994
2025-12-22T21:00:00Z,184.541000,184.742004,184.535995,184.669998
2025-12-22T22:00:00Z,184.647995,184.727997,184.337006,184.585007
2025-12-22T23:00:00Z,184.585007,184.679993,184.445007,184.526993
2025-12-23T00:00:00Z,184.539001,184.570999,184.253006,184.272995
2025-12-23T01:00:00Z,184.266998,184.319000,184.128006,184.149994
2025-12-23T02:00:00Z,184.147003,184.261993,183.985992,184.097000
2025-12-23T03:00:00Z,184.091995,184.126999,183.882004,183.882004
2025-12-23T04:00:00Z,183.882004,183.901993,183.626007,183.628998
2025-12-23T05:00:00Z,183.632996,183.783005,183.585999,183.656006
2025-12-23T06:00:00Z,183.656998,183.798004,183.628998,183.710999
2025-12-23T07:00:00Z,183.716003,183.899002,183.567001,183.783997
2025-12-23T08:00:00Z,183.789993,183.916000,183.686996,183.735992
2025-12-23T09:00:00Z,183.737000,183.940002,183.425995,183.875000
2025-12-23T10:00:00Z,183.869995,184.039993,183.830002,183.917999
2025-12-23T11:00:00Z,183.917007,184.003998,183.850006,183.927002
2025-12-23T12:00:00Z,183.927002,184.029999,183.841995,183.899002
2025-12-23T13:00:00Z,183.893997,184.132004,183.768005,184.033005
2025-12-23T14:00:00Z,184.031998,184.268997,183.994995,184.031998
2025-12-23T15:00:00Z,184.031006,184.117004,183.839996,184.087997
2025-12-23T16:00:00Z,184.089005,184.175003,184.035995,184.044006
2025-12-23T17:00:00Z,184.041000,184.108002,183.895004,183.923996
2025-12-23T18:00:00Z,183.917007,184.095001,183.917007,184.033997
2025-12-23T19:00:00Z,184.031006,184.190994,184.020004,184.106003
2025-12-23T20:00:00Z,184.108994,184.264999,184.074997,184.220001
2025-12-23T21:00:00Z,184.212997,184.300003,184.130997,184.233002
2025-12-23T22:00:00Z,184.169006,184.268005,184.005997,184.115005
2025-12-23T23:00:00Z,184.113998,184.330002,184.052002,184.136002
2025-12-24T00:00:00Z,184.132996,184.257004,183.960007,183.979996
2025-12-24T01:00:00Z,183.979996,184.203003,183.619995,183.692001
2025-12-24T02:00:00Z,183.684998,183.804001,183.606995,183.682007
2025-12-24T03:00:00Z,183.682999,183.867004,183.628006,183.794998
2025-12-24T04:00:00Z,183.789001,183.938995,183.656998,183.682007
2025-12-24T05:00:00Z,183.679001,183.893997,183.595001,183.757996
2025-12-24T06:00:00Z,183.755005,183.852005,183.617004,183.690002
2025-12-24T07:00:00Z,183.694000,183.843002,183.574005,183.639008
2025-12-24T08:00:00Z,183.643997,183.843002,183.554993,183.707993
2025-12-24T09:00:00Z,183.707993,183.875000,183.636002,183.809006
2025-12-24T10:00:00Z,183.804993,183.964996,183.761002,183.873001
2025-12-24T11:00:00Z,183.871994,183.944000,183.761993,183.807999
2025-12-24T12:00:00Z,183.811996,183.882996,183.716995,183.813995
2025-12-24T13:00:00Z,183.809998,183.957001,183.733994,183.794006
2025-12-24T14:00:00Z,183.794006,183.884995,183.279007,183.408997
2025-12-24T15:00:00Z,183.408005,183.602005,183.339005,183.445007
2025-12-24T16:00:00Z,183.451004,183.602005,183.404999,183.481003
2025-12-24T17:00:00Z,183.488007,183.781006,183.479004,183.606995
2025-12-24T18:00:00Z,183.597000,183.723007,183.548996,183.630005
2025-12-24T19:00:00Z,183.623993,183.733002,183.455002,183.574997
2025-12-24T20:00:00Z,183.559998,183.712006,183.494003,183.604004
2025-12-24T21:00:00Z,183.606003,183.723007,183.404007,183.524002
2025-12-24T22:00:00Z,183.671005,183.753998,183.554001,183.574005
2025-12-24T23:00:00Z,183.580002,183.766006,183.494995,183.559006
2025-12-25T00:00:00Z,183.651993,183.679001,183.408005,183.518005
2025-12-25T01:00:00Z,183.511993,183.703003,183.343994,183.345993
2025-12-25T02:00:00Z,183.354996,183.563004,183.266006,183.399002
2025-12-25T03:00:00Z,183.367996,183.511002,183.278000,183.304001
2025-12-25T04:00:00Z,183.306000,183.464996,183.199005,183.311005
2025-12-25T05:00:00Z,183.356003,183.507996,183.298004,183.391006
2025-12-25T06:00:00Z,183.401993,183.692001,183.335999,183.550003
2025-12-25T07:00:00Z,183.632004,183.865997,183.485992,183.714005
2025-12-25T08:00:00Z,183.796997,183.807007,183.766006,183.781998
2025-12-25T11:00:00Z,183.942993,183.945007,183.940002,183.942993
2025-12-25T18:00:00Z,183.533005,183.533005,183.531006,183.531006
2025-12-25T19:00:00Z,183.505997,183.529007,183.505997,183.511002
2025-12-25T20:00:00Z,183.529007,183.617996,183.389008,183.389008
2025-12-25T21:00:00Z,183.380997,183.447998,183.373001,183.447998
2025-12-25T22:00:00Z,183.682999,183.789993,183.561005,183.587997
2025-12-25T23:00:00Z,183.580002,183.970001,183.470001,183.934006
2025-12-26T00:00:00Z,183.938004,184.432999,183.938004,184.339005
2025-12-26T01:00:00Z,184.337006,184.363998,184.095993,184.207993
2025-12-26T02:00:00Z,184.207993,184.281998,184.100998,184.214005
2025-12-26T03:00:00Z,184.214005,184.242996,183.882004,183.889008
2025-12-26T04:00:00Z,183.897003,184.029999,183.820999,184.003006
2025-12-26T05:00:00Z,184.003006,184.169998,183.923996,184.095001
2025-12-26T06:00:00Z,184.100998,184.128998,183.927994,184.042007
2025-12-26T07:00:00Z,184.035995,184.184006,183.919998,184.095993
2025-12-26T08:00:00Z,184.095001,184.141006,184.005005,184.100998
2025-12-26T09:00:00Z,184.098999,184.197998,184.078003,184.151001
2025-12-26T10:00:00Z,184.151001,184.214996,184.115997,184.126999
2025-12-26T11:00:00Z,184.126007,184.210999,184.117004,184.188995
2025-12-26T12:00:00Z,184.192993,184.296005,184.175995,184.276993
2025-12-26T13:00:00Z,184.278000,184.391006,184.255997,184.328995
2025-12-26T14:00:00Z,184.324005,184.380005,184.287003,184.356003
2025-12-26T15:00:00Z,184.354996,184.408005,184.167007,184.220993
2025-12-26T16:00:00Z,184.222000,184.294998,184.175995,184.276993
2025-12-26T17:00:00Z,184.279007,184.341995,184.240997,184.274002
2025-12-26T18:00:00Z,184.281006,184.326996,184.166000,184.272995
2025-12-26T19:00:00Z,184.278000,184.343002,184.261002,184.306000
2025-12-26T20:00:00Z,184.309006,184.378998,184.227005,184.263000
2025-12-26T21:00:00Z,184.264999,184.317993,184.145004,184.266998
2025-12-26T22:00:00Z,184.334000,184.334000,184.334000,184.334000
2025-12-29T00:00:00Z,184.261993,184.276993,183.763000,184.139008
2025-12-29T01:00:00Z,184.143005,184.268005,184.044998,184.248001
2025-12-29T02:00:00Z,184.251999,184.414993,184.175995,184.259995
2025-12-29T03:00:00Z,184.259003,184.264008,184.085999,184.162994
2025-12-29T04:00:00Z,184.162003,184.216995,183.919998,184.007996
2025-12-29T05:00:00Z,184.007996,184.024002,183.738007,183.800995
2025-12-29T06:00:00Z,183.802002,183.912994,183.723999,183.867996
2025-12-29T07:00:00Z,183.873993,183.944000,183.761993,183.869003
2025-12-29T08:00:00Z,183.865997,184.250000,183.804993,184.207993
2025-12-29T09:00:00Z,184.207993,184.255005,183.949997,184.151001
2025-12-29T10:00:00Z,184.145996,184.186996,183.932007,183.988998
2025-12-29T11:00:00Z,183.992004,184.113007,183.834000,184.065002
2025-12-29T12:00:00Z,184.069000,184.106995,183.839996,183.929001
2025-12-29T13:00:00Z,183.923996,184.001007,183.832001,183.931000
2025-12-29T14:00:00Z,183.929001,184.044006,183.748993,184.031998
2025-12-29T15:00:00Z,184.033005,184.158997,183.524994,183.556000
2025-12-29T16:00:00Z,183.559998,183.647995,183.429993,183.569000
2025-12-29T17:00:00Z,183.569000,183.621994,183.457001,183.600006
2025-12-29T18:00:00Z,183.598007,183.731003,183.550003,183.727005
2025-12-29T19:00:00Z,183.727005,183.779007,183.587997,183.664001
2025-12-29T20:00:00Z,183.662003,183.757996,183.580994,183.755997
2025-12-29T21:00:00Z,183.742004,183.796997,183.671005,183.751007
2025-12-29T22:00:00Z,183.720993,183.733994,183.567993,183.639999
2025-12-29T23:00:00Z,183.630005,183.826996,183.585999,183.671997
2025-12-30T00:00:00Z,183.669006,184.089996,183.587997,183.994995
2025-12-30T01:00:00Z,183.998001,184.072006,183.932007,183.981003
2025-12-30T02:00:00Z,183.979996,184.089005,183.893997,184.054001
2025-12-30T03:00:00Z,184.052002,184.076996,183.947998,183.994003
2025-12-30T04:00:00Z,183.994995,184.035004,183.798004,183.850006
2025-12-30T05:00:00Z,183.852005,183.876999,183.725006,183.770004
2025-12-30T06:00:00Z,183.770004,183.873993,183.703003,183.824005
2025-12-30T07:00:00Z,183.822006,183.824997,183.522003,183.623993
2025-12-30T08:00:00Z,183.617004,183.645996,183.436996,183.570999
2025-12-30T09:00:00Z,183.576996,183.710999,183.477005,183.539001
2025-12-30T10:00:00Z,183.539001,183.580002,183.393997,183.529007
2025-12-30T11:00:00Z,183.529007,183.574997,183.414001,183.466003
2025-12-30T12:00:00Z,183.466003,183.582001,183.408997,183.453995
2025-12-30T13:00:00Z,183.453003,183.830994,183.397995,183.768005
2025-12-30T14:00:00Z,183.770004,183.882996,183.617004,183.860992
2025-12-30T15:00:00Z,183.856003,183.977005,183.830002,183.873001
2025-12-30T16:00:00Z,183.869003,183.893997,183.761993,183.871002
2025-12-30T17:00:00Z,183.873993,183.966003,183.800003,183.822006
2025-12-30T18:00:00Z,183.815002,183.873001,183.774994,183.794006
2025-12-30T19:00:00Z,183.796005,183.895004,183.774002,183.869003
2025-12-30T20:00:00Z,183.867996,183.873001,183.766998,183.781998
2025-12-30T21:00:00Z,183.781998,183.822998,183.712006,183.750000
2025-12-30T22:00:00Z,183.658997,183.748993,183.585999,183.662003
2025-12-30T23:00:00Z,183.641006,183.792999,183.600006,183.729004
2025-12-31T00:00:00Z,183.709000,183.785995,183.634995,183.718002
2025-12-31T01:00:00Z,183.720001,183.768997,183.679001,183.695999
2025-12-31T02:00:00Z,183.690002,183.744003,183.667999,183.720001
2025-12-31T03:00:00Z,183.714996,183.774994,183.697998,183.772995
2025-12-31T04:00:00Z,183.768005,183.820007,183.744995,183.778000
2025-12-31T05:00:00Z,183.778000,183.832001,183.746994,183.817993
2025-12-31T06:00:00Z,183.817993,183.850006,183.778000,183.826004
2025-12-31T07:00:00Z,183.826996,183.837006,183.720993,183.768005
2025-12-31T08:00:00Z,183.768005,183.820999,183.529999,183.578003
2025-12-31T09:00:00Z,183.582993,183.884003,183.548004,183.807007
2025-12-31T10:00:00Z,183.811005,183.936996,183.750000,183.899994
2025-12-31T11:00:00Z,183.901001,184.011002,183.873001,183.977997
2025-12-31T12:00:00Z,183.977005,184.175003,183.942001,184.093994
2025-12-31T13:00:00Z,184.089996,184.179993,184.029007,184.130997
2025-12-31T14:00:00Z,184.126999,184.244003,184.022995,184.080994
2025-12-31T15:00:00Z,184.085999,184.164993,183.964996,184.087006
2025-12-31T16:00:00Z,184.085999,184.130005,183.923996,184.014999
2025-12-31T17:00:00Z,184.014999,184.059998,183.957993,184.057999
2025-12-31T18:00:00Z,184.057999,184.173996,184.035004,184.130005
2025-12-31T19:00:00Z,184.132004,184.149994,183.983994,184.037003
2025-12-31T20:00:00Z,184.042007,184.106995,184.026001,184.080994
2025-12-31T21:00:00Z,184.080994,184.119995,183.912994,184.005997
2025-12-31T22:00:00Z,184.054993,184.149994,184.022995,184.149994
2026-01-01T01:00:00Z,183.990005,183.990005,183.990005,183.990005
2026-01-01T04:00:00Z,183.990005,183.990005,183.990005,183.990005
2026-01-01T10:00:00Z,183.990005,183.990005,183.990005,183.990005
2026-01-01T18:00:00Z,184.160004,184.160995,184.095001,184.095001
2026-01-01T21:00:00Z,184.113998,184.123993,184.024002,184.039993
2026-01-01T22:00:00Z,184.074005,184.214005,184.018005,184.100006
2026-01-01T23:00:00Z,184.110992,184.281006,184.024994,184.167007
2026-01-02T00:00:00Z,184.153000,184.205994,184.018005,184.052994
2026-01-02T01:00:00Z,184.061005,184.244003,184.029999,184.214996
2026-01-02T02:00:00Z,184.214005,184.248001,184.138000,184.244003
2026-01-02T03:00:00Z,184.238007,184.371994,184.223007,184.363998
2026-01-02T04:00:00Z,184.360001,184.417999,184.334000,184.350998
2026-01-02T05:00:00Z,184.350006,184.427002,184.326004,184.391998
2026-01-02T06:00:00Z,184.389008,184.419998,184.292007,184.320999
2026-01-02T07:00:00Z,184.322006,184.365997,184.003998,184.065002
2026-01-02T08:00:00Z,184.069000,184.238998,183.981995,183.981995
2026-01-02T09:00:00Z,183.987000,184.074997,183.886002,183.921997
2026-01-02T10:00:00Z,183.919998,183.932007,183.705002,183.830002
2026-01-02T11:00:00Z,183.832001,183.955002,183.792007,183.934998
2026-01-02T12:00:00Z,183.932007,184.102997,183.895996,183.985992
2026-01-02T13:00:00Z,183.988007,184.005005,183.834000,183.914001
2026-01-02T14:00:00Z,183.917007,183.994995,183.809998,183.962006
2026-01-02T15:00:00Z,183.960007,184.037003,183.815002,184.000000
2026-01-02T16:00:00Z,184.001007,184.044006,183.916000,183.949997
2026-01-02T17:00:00Z,183.949997,183.970993,183.865997,183.899002
2026-01-02T18:00:00Z,183.899002,183.951996,183.834000,183.863998
2026-01-02T19:00:00Z,183.860992,183.901001,183.835999,183.880997
2026-01-02T20:00:00Z,183.882996,183.895004,183.783997,183.820999
2026-01-02T21:00:00Z,183.822998,183.865997,183.720001,183.766998
2026-01-02T22:00:00Z,183.766998,183.880005,183.766998,183.880005
2026-01-05T00:00:00Z,183.774002,184.061996,183.703003,183.932007
2026-01-05T01:00:00Z,183.932007,183.944000,183.686996,183.709000
2026-01-05T02:00:00Z,183.709000,183.776993,183.585999,183.684998
2026-01-05T03:00:00Z,183.677994,183.731995,183.460007,183.567001
2026-01-05T04:00:00Z,183.567001,183.738998,183.565994,183.725998
2026-01-05T05:00:00Z,183.725998,183.738998,183.578003,183.667999
2026-01-05T06:00:00Z,183.673996,183.712997,183.524994,183.576004
2026-01-05T07:00:00Z,183.576004,183.602005,183.438995,183.459000
2026-01-05T08:00:00Z,183.455994,183.496994,183.181000,183.225006
2026-01-05T09:00:00Z,183.229004,183.341995,183.136002,183.322998
2026-01-05T10:00:00Z,183.322006,183.341995,182.994995,183.065994
2026-01-05T11:00:00Z,183.061996,183.067001,182.893997,182.953995
2026-01-05T12:00:00Z,182.953995,182.955994,182.807999,182.815994
2026-01-05T13:00:00Z,182.817001,183.115005,182.817001,183.080002
2026-01-05T14:00:00Z,183.076996,183.194000,182.977997,183.132004
2026-01-05T15:00:00Z,183.130997,183.322998,183.022003,183.263000
2026-01-05T16:00:00Z,183.261993,183.283005,183.108994,183.130997
2026-01-05T17:00:00Z,183.128006,183.181000,183.072998,183.126999
2026-01-05T18:00:00Z,183.128006,183.235001,183.089996,183.123993
2026-01-05T19:00:00Z,183.123993,183.231003,183.035004,183.218994
2026-01-05T20:00:00Z,183.214005,183.306000,183.156006,183.296997
2026-01-05T21:00:00Z,183.294998,183.386993,183.223007,183.227997
2026-01-05T22:00:00Z,183.214996,183.440002,183.149994,183.386002
2026-01-05T23:00:00Z,183.386002,183.496994,183.382996,183.490005
2026-01-06T00:00:00Z,183.460007,183.645996,183.376007,183.404007
2026-01-06T01:00:00Z,183.408005,183.546005,183.391998,183.438995
2026-01-06T02:00:00Z,183.440002,183.479996,183.356995,183.464996
2026-01-06T03:00:00Z,183.459000,183.561996,183.429993,183.479004
2026-01-06T04:00:00Z,183.477005,183.537003,183.332001,183.485992
2026-01-06T05:00:00Z,183.490005,183.518005,183.425995,183.470001
2026-01-06T06:00:00Z,183.466995,183.610001,183.464005,183.516006
2026-01-06T07:00:00Z,183.509995,183.529007,183.322998,183.363007
2026-01-06T08:00:00Z,183.360992,183.434006,183.235992,183.339996
2026-01-06T09:00:00Z,183.337006,183.348007,183.048004,183.166000
2026-01-06T10:00:00Z,183.162003,183.261002,183.046997,183.233002
2026-01-06T11:00:00Z,183.233002,183.259003,183.121002,183.141998
2026-01-06T12:00:00Z,183.136993,183.141006,183.009003,183.104996
2026-01-06T13:00:00Z,183.115005,183.179993,183.061996,183.117996
2026-01-06T14:00:00Z,183.117996,183.182007,183.037003,183.132004
2026-01-06T15:00:00Z,183.128998,183.203003,183.028000,183.117004
2026-01-06T16:00:00Z,183.119003,183.195999,183.106995,183.153000
2026-01-06T17:00:00Z,183.154007,183.348007,183.147995,183.334000
2026-01-06T18:00:00Z,183.335007,183.371994,183.179993,183.195007
2026-01-06T19:00:00Z,183.195007,183.203003,183.074005,183.091995
2026-01-06T20:00:00Z,183.091003,183.095001,183.042999,183.056000
2026-01-06T21:00:00Z,183.069000,183.287994,183.048996,183.057999
2026-01-06T22:00:00Z,183.059006,183.097000,182.955994,183.076004
2026-01-06T23:00:00Z,183.028000,183.171997,183.018997,183.113998
2026-01-07T00:00:00Z,183.089996,183.242004,183.031006,183.128998
2026-01-07T01:00:00Z,183.128006,183.356995,183.048996,183.292999
2026-01-07T02:00:00Z,183.289001,183.371002,183.207001,183.212006
2026-01-07T03:00:00Z,183.212006,183.240005,183.093994,183.151001
2026-01-07T04:00:00Z,183.147003,183.205002,183.003006,183.007996
2026-01-07T05:00:00Z,183.007996,183.009995,182.843002,182.854004
2026-01-07T06:00:00Z,182.854004,182.932999,182.774002,182.875000
2026-01-07T07:00:00Z,182.880005,182.901993,182.703995,182.811005
2026-01-07T08:00:00Z,182.815994,182.932999,182.707993,182.904999
2026-01-07T09:00:00Z,182.908005,182.957993,182.761993,182.809006
2026-01-07T10:00:00Z,182.798996,182.983994,182.791000,182.951996
2026-01-07T11:00:00Z,182.951996,183.037003,182.927002,182.949005
2026-01-07T12:00:00Z,182.951996,182.953003,182.822998,182.921997
2026-01-07T13:00:00Z,182.919998,182.940994,182.751007,182.871994
2026-01-07T14:00:00Z,182.871002,183.035995,182.845001,182.916000
2026-01-07T15:00:00Z,182.947998,183.177002,182.854996,183.162003
2026-01-07T16:00:00Z,183.156998,183.231003,183.095993,183.201996
2026-01-07T17:00:00Z,183.205994,183.210007,183.020004,183.050003
2026-01-07T18:00:00Z,183.052994,183.149002,183.033997,183.067001
2026-01-07T19:00:00Z,183.069000,183.130997,183.020004,183.102997
2026-01-07T20:00:00Z,183.106003,183.153000,183.093002,183.102997
2026-01-07T21:00:00Z,183.087006,183.104004,182.953003,182.953995
2026-01-07T22:00:00Z,182.955002,183.048004,182.809006,182.945007
2026-01-07T23:00:00Z,182.945007,183.037003,182.908997,182.996994
2026-01-08T00:00:00Z,182.979996,183.108002,182.951996,183.061996
2026-01-08T01:00:00Z,183.063004,183.220001,183.009995,183.195999
2026-01-08T02:00:00Z,183.195999,183.246002,183.149002,183.197998
2026-01-08T03:00:00Z,183.194000,183.197998,182.979996,183.050003
2026-01-08T04:00:00Z,183.048996,183.063004,182.968994,183.022003
2026-01-08T05:00:00Z,183.022003,183.091995,182.959000,183.029999
2026-01-08T06:00:00Z,183.031998,183.037994,182.770004,182.912003
2026-01-08T07:00:00Z,182.916000,183.020004,182.723007,182.725006
2026-01-08T08:00:00Z,182.723999,182.914993,182.709000,182.899002
2026-01-08T09:00:00Z,182.901001,183.037003,182.835007,183.028000
2026-01-08T10:00:00Z,183.028000,183.108994,182.966995,183.003998
2026-01-08T11:00:00Z,183.003998,183.085007,182.973007,183.065994
2026-01-08T12:00:00Z,183.065002,183.072998,182.901993,182.947998
2026-01-08T13:00:00Z,182.951004,183.069000,182.841995,183.067993
2026-01-08T14:00:00Z,183.069000,183.158005,183.018005,183.104004
2026-01-08T15:00:00Z,183.104996,183.248993,182.990997,183.005997
2026-01-08T16:00:00Z,183.007996,183.026001,182.839996,182.865005
2026-01-08T17:00:00Z,182.865997,182.869995,182.628006,182.697006
2026-01-08T18:00:00Z,182.697998,182.770996,182.681000,182.705994
2026-01-08T19:00:00Z,182.710007,182.886002,182.671997,182.871994
2026-01-08T20:00:00Z,182.871002,182.938004,182.863007,182.876007
2026-01-08T21:00:00Z,182.876007,182.951004,182.841003,182.880997
2026-01-08T22:00:00Z,182.888000,182.903000,182.679993,182.839005
2026-01-08T23:00:00Z,182.826996,182.957001,182.798004,182.897995
2026-01-09T00:00:00Z,182.878006,183.048996,182.875000,182.975006
2026-01-09T01:00:00Z,182.975006,183.121002,182.957993,183.082993
2026-01-09T02:00:00Z,183.082993,183.227005,183.069000,183.190002
2026-01-09T03:00:00Z,183.190002,183.289993,183.177002,183.283005
2026-01-09T04:00:00Z,183.283005,183.322006,183.203995,183.225998
2026-01-09T05:00:00Z,183.225006,183.380005,183.220001,183.360992
2026-01-09T06:00:00Z,183.365997,183.425003,183.334000,183.358002
2026-01-09T07:00:00Z,183.358994,183.511993,183.324005,183.477005
2026-01-09T08:00:00Z,183.483002,183.654007,183.440994,183.645996
2026-01-09T09:00:00Z,183.647995,183.673004,183.546005,183.613007
2026-01-09T10:00:00Z,183.617996,183.654007,183.507996,183.617004
2026-01-09T11:00:00Z,183.617004,183.619995,183.501007,183.518005
2026-01-09T12:00:00Z,183.518005,183.604996,183.455002,183.528000
2026-01-09T13:00:00Z,183.529007,183.572998,183.345001,183.401001
2026-01-09T14:00:00Z,183.404007,183.912994,183.362000,183.772003
2026-01-09T15:00:00Z,183.755005,183.897003,183.673004,183.772003
2026-01-09T16:00:00Z,183.776001,183.953003,183.750000,183.897995
2026-01-09T17:00:00Z,183.897995,183.901001,183.735001,183.843994
2026-01-09T18:00:00Z,183.843994,183.871002,183.695007,183.723007
2026-01-09T19:00:00Z,183.723999,183.746994,183.686005,183.699005
2026-01-09T20:00:00Z,183.699005,183.742996,183.669006,183.697006
2026-01-09T21:00:00Z,183.695007,183.746994,183.630005,183.675003
2026-01-09T22:00:00Z,183.733002,183.733002,183.733002,183.733002
2026-01-12T00:00:00Z,183.809006,183.931000,183.740005,183.798996
2026-01-12T01:00:00Z,183.807007,183.951004,183.770996,183.869995
2026-01-12T02:00:00Z,183.871002,184.223999,183.854996,184.201996
2026-01-12T03:00:00Z,184.197006,184.311005,184.141998,184.285995
2026-01-12T04:00:00Z,184.285995,184.365997,184.276993,184.296997
2026-01-12T05:00:00Z,184.294006,184.453003,184.257004,184.373001
2026-01-12T06:00:00Z,184.376007,184.429993,184.311996,184.395996
2026-01-12T07:00:00Z,184.393005,184.483994,184.281998,184.438004
2026-01-12T08:00:00Z,184.436005,184.440002,184.203995,184.410004
2026-01-12T09:00:00Z,184.404999,184.552002,184.352005,184.442001
2026-01-12T10:00:00Z,184.449005,184.505005,184.410004,184.449005
2026-01-12T11:00:00Z,184.453995,184.526001,184.330002,184.395996
2026-01-12T12:00:00Z,184.395004,184.485992,184.380005,184.391998
2026-01-12T13:00:00Z,184.389999,184.561005,184.367004,184.559998
2026-01-12T14:00:00Z,184.557999,184.561996,184.414993,184.423004
2026-01-12T15:00:00Z,184.421997,184.541000,184.337997,184.528000
2026-01-12T16:00:00Z,184.522995,184.664993,184.470993,184.593002
2026-01-12T17:00:00Z,184.589005,184.604004,184.440002,184.457993
2026-01-12T18:00:00Z,184.455994,184.542007,184.404999,184.520004
2026-01-12T19:00:00Z,184.520996,184.593994,184.514008,184.576996
2026-01-12T20:00:00Z,184.576996,184.580994,184.501999,184.522003
2026-01-12T21:00:00Z,184.520004,184.610992,184.436996,184.516998
2026-01-12T22:00:00Z,184.414993,184.546997,184.315994,184.432007
2026-01-12T23:00:00Z,184.395996,184.537994,184.251999,184.291000
2026-01-13T00:00:00Z,184.317001,184.591003,184.289001,184.466995
2026-01-13T01:00:00Z,184.466995,184.785004,184.459000,184.761993
2026-01-13T02:00:00Z,184.766998,185.018005,184.606003,184.992004
2026-01-13T03:00:00Z,184.990997,185.166000,184.973007,185.147995
2026-01-13T04:00:00Z,185.147995,185.285995,185.001007,185.151993
2026-01-13T05:00:00Z,185.147003,185.246002,185.136002,185.186005
2026-01-13T06:00:00Z,185.186005,185.270996,185.063004,185.087997
2026-01-13T07:00:00Z,185.091995,185.397003,185.087006,185.391006
2026-01-13T08:00:00Z,185.386993,185.537003,185.300003,185.455002
2026-01-13T09:00:00Z,185.457993,185.498993,185.341003,185.451996
2026-01-13T10:00:00Z,185.453995,185.531006,185.248993,185.261002
2026-01-13T11:00:00Z,185.261002,185.442001,185.259003,185.354996
2026-01-13T12:00:00Z,185.356003,185.389999,185.169006,185.184998
2026-01-13T13:00:00Z,185.186005,185.391998,185.028000,185.382996
2026-01-13T14:00:00Z,185.382996,185.453003,185.298996,185.345993
2026-01-13T15:00:00Z,185.345993,185.389999,185.115005,185.175995
2026-01-13T16:00:00Z,185.179001,185.320999,185.153000,185.244003
2026-01-13T17:00:00Z,185.244995,185.291000,185.151993,185.197006
2026-01-13T18:00:00Z,185.199997,185.354996,185.154007,185.330002
2026-01-13T19:00:00Z,185.332993,185.378006,185.287994,185.352997
2026-01-13T20:00:00Z,185.350006,185.378006,185.287003,185.296005
2026-01-13T21:00:00Z,185.296005,185.343002,185.182999,185.276001
2026-01-13T22:00:00Z,185.240997,185.343002,185.143005,185.257004
2026-01-13T23:00:00Z,185.240005,185.380005,185.205994,185.324005
2026-01-14T00:00:00Z,185.337006,185.397003,185.194000,185.341003
2026-01-14T01:00:00Z,185.341003,185.567001,185.341003,185.432007
2026-01-14T02:00:00Z,185.432007,185.485001,185.326004,185.371002
2026-01-14T03:00:00Z,185.367996,185.404999,185.263000,185.371002
2026-01-14T04:00:00Z,185.369995,185.427994,185.339996,185.375000
2026-01-14T05:00:00Z,185.376007,185.503998,185.339005,185.488998
2026-01-14T06:00:00Z,185.492004,185.569000,185.358994,185.380005
2026-01-14T07:00:00Z,185.380005,185.444000,185.300995,185.371002
2026-01-14T08:00:00Z,185.371994,185.391998,184.977005,185.110001
2026-01-14T09:00:00Z,185.104996,185.134003,184.820007,184.979004
2026-01-14T10:00:00Z,184.977997,185.018997,184.817993,184.947998
2026-01-14T11:00:00Z,184.917999,184.977997,184.695007,184.848007
2026-01-14T12:00:00Z,184.843994,184.873993,184.300003,184.871994
2026-01-14T13:00:00Z,184.869003,184.878006,184.677994,184.757004
2026-01-14T14:00:00Z,184.757004,184.841003,184.386002,184.410995
2026-01-14T15:00:00Z,184.406006,184.613998,184.311005,184.365997
2026-01-14T16:00:00Z,184.365005,184.490005,184.287003,184.296997
2026-01-14T17:00:00Z,184.294998,184.419006,184.281006,184.367996
2026-01-14T18:00:00Z,184.365997,184.464005,184.294998,184.412003
2026-01-14T19:00:00Z,184.414001,184.459000,184.348007,184.431000
2026-01-14T20:00:00Z,184.434006,184.645996,184.421005,184.645004
2026-01-14T21:00:00Z,184.645996,184.679001,184.401993,184.457993
2026-01-14T22:00:00Z,184.455994,184.526993,184.158997,184.276001
2026-01-14T23:00:00Z,184.246002,184.507004,184.229996,184.490005
2026-01-15T00:00:00Z,184.470993,184.610992,184.304993,184.345001
2026-01-15T01:00:00Z,184.345993,184.388000,184.171005,184.296997
2026-01-15T02:00:00Z,184.294006,184.531998,184.264008,184.514008
2026-01-15T03:00:00Z,184.518005,184.615997,184.472000,184.483994
2026-01-15T04:00:00Z,184.481995,184.582993,184.414001,184.509995
2026-01-15T05:00:00Z,184.509995,184.533005,184.302994,184.334000
2026-01-15T06:00:00Z,184.332993,184.524994,184.317001,184.507996
2026-01-15T07:00:00Z,184.511993,184.591995,184.250000,184.408005
2026-01-15T08:00:00Z,184.408005,184.632004,184.369003,184.561996
2026-01-15T09:00:00Z,184.567001,184.591003,184.190002,184.306000
2026-01-15T10:00:00Z,184.304993,184.431000,184.222000,184.386002
2026-01-15T11:00:00Z,184.382004,184.436005,184.350998,184.421005
2026-01-15T12:00:00Z,184.419998,184.481003,184.283997,184.330002
2026-01-15T13:00:00Z,184.332001,184.354996,184.154999,184.259003
2026-01-15T14:00:00Z,184.259003,184.302002,184.106995,184.149002
2026-01-15T15:00:00Z,184.151993,184.160004,183.856995,183.936996
2026-01-15T16:00:00Z,183.936005,184.016006,183.878998,183.927002
2026-01-15T17:00:00Z,183.927002,184.046005,183.916000,184.005005
2026-01-15T18:00:00Z,184.005005,184.089005,184.005005,184.078995
2026-01-15T19:00:00Z,184.080994,184.143997,184.059006,184.115997
2026-01-15T20:00:00Z,184.106003,184.126007,184.005997,184.087006
2026-01-15T21:00:00Z,184.091003,184.190002,184.070999,184.095001
2026-01-15T22:00:00Z,184.093994,184.158997,183.968002,184.059006
2026-01-15T23:00:00Z,184.059006,184.186005,184.013000,184.098007
2026-01-16T00:00:00Z,184.098999,184.158005,184.001007,184.093994
2026-01-16T01:00:00Z,184.089005,184.126999,183.908005,184.078995
2026-01-16T02:00:00Z,184.080994,184.113007,183.447998,183.776001
2026-01-16T03:00:00Z,183.778000,183.792007,183.580002,183.591003
2026-01-16T04:00:00Z,183.597000,183.798004,183.580994,183.768997
2026-01-16T05:00:00Z,183.772003,183.824997,183.705002,183.820999
2026-01-16T06:00:00Z,183.820007,183.912994,183.746994,183.871994
2026-01-16T07:00:00Z,183.871002,183.927994,183.591995,183.662994
2026-01-16T08:00:00Z,183.667999,183.733994,183.488998,183.664993
2026-01-16T09:00:00Z,183.669006,183.684998,183.548996,183.632996
2026-01-16T10:00:00Z,183.634003,183.684006,183.552002,183.613007
2026-01-16T11:00:00Z,183.643997,183.733994,183.600006,183.684998
2026-01-16T12:00:00Z,183.684998,183.804993,183.684998,183.751999
2026-01-16T13:00:00Z,183.751007,183.755997,183.500000,183.593994
2026-01-16T14:00:00Z,183.589996,183.660004,183.406006,183.455994
2026-01-16T15:00:00Z,183.457993,183.572998,183.199997,183.248993
2026-01-16T16:00:00Z,183.251007,183.417999,183.240997,183.276001
2026-01-16T17:00:00Z,183.272003,183.423996,183.272003,183.371002
2026-01-16T18:00:00Z,183.367004,183.442993,183.330002,183.410995
2026-01-16T19:00:00Z,183.410995,183.442001,183.335999,183.360001
2026-01-16T20:00:00Z,183.358002,183.382004,183.309006,183.358994
2026-01-16T21:00:00Z,183.356003,183.432999,183.248001,183.317993
2026-01-16T22:00:00Z,183.367996,183.367996,183.367996,183.367996
2026-01-19T00:00:00Z,183.136002,183.363998,183.067001,183.166000
2026-01-19T01:00:00Z,183.166000,183.358994,182.998001,183.261993
2026-01-19T02:00:00Z,183.268997,183.488007,183.263000,183.399994
2026-01-19T03:00:00Z,183.393997,183.559006,183.373993,183.522003
2026-01-19T04:00:00Z,183.522003,183.643997,183.490005,183.598007
2026-01-19T05:00:00Z,183.593002,183.716995,183.533005,183.597000
2026-01-19T06:00:00Z,183.593994,183.671005,183.496002,183.507996
2026-01-19T07:00:00Z,183.507004,183.845001,183.498993,183.779007
2026-01-19T08:00:00Z,183.776993,183.809006,183.615997,183.697998
2026-01-19T09:00:00Z,183.697998,183.807999,183.498993,183.569000
2026-01-19T10:00:00Z,183.574005,183.673004,183.481003,183.516006
2026-01-19T11:00:00Z,183.516006,183.806000,183.516006,183.761993
2026-01-19T12:00:00Z,183.766006,183.770996,183.639008,183.703003
2026-01-19T13:00:00Z,183.705994,183.742004,183.667999,183.684998
2026-01-19T14:00:00Z,183.684006,183.826996,183.632996,183.791000
2026-01-19T15:00:00Z,183.791000,184.001999,183.746002,183.977997
2026-01-19T16:00:00Z,183.975006,184.136993,183.936996,184.029007
2026-01-19T17:00:00Z,184.028000,184.057007,183.988007,184.039001
2026-01-19T18:00:00Z,184.039001,184.084000,184.037003,184.044998
2026-01-19T19:00:00Z,184.044006,184.136993,184.044006,184.052002
2026-01-19T20:00:00Z,184.052002,184.139999,184.052002,184.132996
2026-01-19T21:00:00Z,184.132996,184.240997,184.024994,184.024994
2026-01-19T22:00:00Z,184.128006,184.156006,183.944000,184.082001
2026-01-19T23:00:00Z,184.082993,184.190994,184.059998,184.098999
2026-01-20T00:00:00Z,184.085999,184.181000,183.809998,183.841003
2026-01-20T01:00:00Z,183.841995,184.141006,183.764999,183.908005
2026-01-20T02:00:00Z,183.906006,184.067001,183.865005,184.016006
2026-01-20T03:00:00Z,184.016006,184.169006,183.944000,184.134995
2026-01-20T04:00:00Z,184.134995,184.352997,184.100998,184.350006
2026-01-20T05:00:00Z,184.345993,184.434998,184.307999,184.395996
2026-01-20T06:00:00Z,184.393005,184.895004,184.388000,184.835999
2026-01-20T07:00:00Z,184.843994,185.205002,184.835007,185.110992
2026-01-20T08:00:00Z,185.113007,185.126999,184.800995,184.899994
2026-01-20T09:00:00Z,184.899002,184.992996,184.688004,184.949005
2026-01-20T10:00:00Z,184.953003,185.158005,184.938004,185.126007
2026-01-20T11:00:00Z,185.125000,185.182999,185.074005,185.115005
2026-01-20T12:00:00Z,185.113998,185.248993,185.072006,185.104004
2026-01-20T13:00:00Z,185.113998,185.404999,185.044006,185.195007
2026-01-20T14:00:00Z,185.195007,185.264008,184.947006,185.207001
2026-01-20T15:00:00Z,185.205002,185.352005,185.190002,185.197006
2026-01-20T16:00:00Z,185.199997,185.427002,185.197998,185.343994
2026-01-20T17:00:00Z,185.343002,185.406998,185.251999,185.300003
2026-01-20T18:00:00Z,185.298996,185.404999,185.287994,185.339005
2026-01-20T19:00:00Z,185.337997,185.412003,185.315002,185.389008
2026-01-20T20:00:00Z,185.389999,185.436996,185.348007,185.408005
2026-01-20T21:00:00Z,185.408997,185.464996,185.382004,185.401001
2026-01-20T22:00:00Z,185.408997,185.455994,185.251007,185.313004
2026-01-20T23:00:00Z,185.313995,185.500000,185.283997,185.479996
2026-01-21T00:00:00Z,185.460999,185.535995,185.326004,185.365997
2026-01-21T01:00:00Z,185.367996,185.434998,185.207993,185.268997
2026-01-21T02:00:00Z,185.266998,185.386993,185.171005,185.173004
2026-01-21T03:00:00Z,185.171997,185.259995,185.151001,185.257996
2026-01-21T04:00:00Z,185.255997,185.304993,185.084000,185.190002
2026-01-21T05:00:00Z,185.190994,185.408005,185.179001,185.373001
2026-01-21T06:00:00Z,185.369995,185.442001,185.304993,185.403000
2026-01-21T07:00:00Z,185.399994,185.404007,184.985001,185.037003
2026-01-21T08:00:00Z,185.039001,185.078995,184.815994,184.867996
2026-01-21T09:00:00Z,184.867996,184.973007,184.837997,184.914001
2026-01-21T10:00:00Z,184.914001,185.061996,184.897003,184.992004
2026-01-21T11:00:00Z,184.992004,185.091003,184.942993,184.977997
2026-01-21T12:00:00Z,184.979996,185.181000,184.901993,185.162994
2026-01-21T13:00:00Z,185.162003,185.380005,185.113998,185.348999
2026-01-21T14:00:00Z,185.352005,185.434006,185.138000,185.378998
2026-01-21T15:00:00Z,185.378998,185.408005,185.097000,185.143997
2026-01-21T16:00:00Z,185.139999,185.227997,185.013000,185.104004
2026-01-21T17:00:00Z,185.102005,185.160995,185.014008,185.069000
2026-01-21T18:00:00Z,185.072006,185.102005,185.028000,185.063004
2026-01-21T19:00:00Z,185.059998,185.190002,184.998001,185.169998
2026-01-21T20:00:00Z,185.166000,185.201996,185.033005,185.087997
2026-01-21T21:00:00Z,185.085007,185.108994,184.895004,184.895004
2026-01-21T22:00:00Z,184.906998,185.016998,184.852005,185.003998
2026-01-21T23:00:00Z,184.960999,185.016998,184.834000,184.977997
2026-01-22T00:00:00Z,184.966003,185.050995,184.800995,184.936996
2026-01-22T01:00:00Z,184.934998,185.119995,184.876999,185.087997
2026-01-22T02:00:00Z,185.087997,185.207001,185.059006,185.171997
2026-01-22T03:00:00Z,185.171997,185.365997,185.132004,185.335999
2026-01-22T04:00:00Z,185.335999,185.572998,185.326004,185.479004
2026-01-22T05:00:00Z,185.479996,185.556000,185.401993,185.505997
2026-01-22T06:00:00Z,185.507004,185.677994,185.505997,185.580994
2026-01-22T07:00:00Z,185.587997,185.766006,185.578003,185.617996
2026-01-22T08:00:00Z,185.617996,185.707993,185.526001,185.580994
2026-01-22T09:00:00Z,185.580002,185.612000,185.451004,185.552002
2026-01-22T10:00:00Z,185.548996,185.589996,185.483002,185.518997
2026-01-22T11:00:00Z,185.518005,185.656998,185.468002,185.587006
2026-01-22T12:00:00Z,185.587006,185.897995,185.533005,185.876007
2026-01-22T13:00:00Z,185.878006,185.960999,185.815994,185.891998
2026-01-22T14:00:00Z,185.893005,186.014008,185.789001,185.871994
2026-01-22T15:00:00Z,185.889008,185.940994,185.703003,185.856003
2026-01-22T16:00:00Z,185.848007,185.994003,185.828995,185.889008
2026-01-22T17:00:00Z,185.888000,185.977005,185.751007,185.953003
2026-01-22T18:00:00Z,185.953003,185.988007,185.912003,185.968994
2026-01-22T19:00:00Z,185.968994,186.104004,185.942001,186.031998
2026-01-22T20:00:00Z,186.029999,186.147003,185.998993,186.145004
2026-01-22T21:00:00Z,186.143005,186.244003,186.091003,186.171005
2026-01-22T22:00:00Z,186.167999,186.233002,185.951996,186.160004
2026-01-22T23:00:00Z,186.160004,186.330002,186.147995,186.296997
2026-01-23T00:00:00Z,186.274994,186.322006,186.173996,186.227997
2026-01-23T01:00:00Z,186.227997,186.419998,186.218002,186.386002
2026-01-23T02:00:00Z,186.384995,186.410995,186.158997,186.281006
2026-01-23T03:00:00Z,186.276001,186.457001,186.186005,186.283997
2026-01-23T04:00:00Z,186.287994,186.363007,186.240997,186.287994
2026-01-23T05:00:00Z,186.289993,186.410995,186.235992,186.391998
2026-01-23T06:00:00Z,186.391998,186.645996,186.251999,186.539993
2026-01-23T07:00:00Z,186.548996,186.873001,184.763000,185.878998
2026-01-23T08:00:00Z,185.873993,186.001007,185.548004,185.645996
2026-01-23T09:00:00Z,185.643997,185.669998,185.365005,185.416000
2026-01-23T10:00:00Z,185.419998,185.656006,185.399002,185.630005
2026-01-23T11:00:00Z,185.630997,185.815994,185.574005,185.604996
2026-01-23T12:00:00Z,185.602997,185.813004,185.567001,185.707993
2026-01-23T13:00:00Z,185.707993,185.787994,185.643005,185.703995
2026-01-23T14:00:00Z,185.707993,185.940002,185.703995,185.889999
2026-01-23T15:00:00Z,185.886002,185.994003,185.811005,185.906998
2026-01-23T16:00:00Z,185.908005,185.949005,185.291000,185.459000
2026-01-23T17:00:00Z,185.455994,185.516006,184.186005,184.406998
2026-01-23T18:00:00Z,184.412003,184.544998,183.953003,184.145996
2026-01-23T19:00:00Z,184.145996,184.285004,183.772003,184.128006
2026-01-23T20:00:00Z,184.130997,184.244995,184.078995,184.188004
2026-01-23T21:00:00Z,184.188004,184.311996,184.087006,184.134003
2026-01-23T22:00:00Z,184.229004,184.229004,184.229004,184.229004
2026-01-26T00:00:00Z,184.005997,184.087006,183.460007,183.654007
2026-01-26T01:00:00Z,183.656998,183.699005,183.050995,183.108994
2026-01-26T02:00:00Z,183.110001,183.169006,182.718994,182.742996
2026-01-26T03:00:00Z,182.744003,183.046997,182.688995,182.925995
2026-01-26T04:00:00Z,182.921997,182.938995,182.546997,182.664993
2026-01-26T05:00:00Z,182.660995,182.852005,182.593002,182.841995
2026-01-26T06:00:00Z,182.843994,183.007996,182.701004,182.800995
2026-01-26T07:00:00Z,182.800003,182.904007,182.322006,182.610992
2026-01-26T08:00:00Z,182.604996,182.789993,181.914993,182.440002
2026-01-26T09:00:00Z,182.438995,182.651001,182.100006,182.307007
2026-01-26T10:00:00Z,182.304001,182.490997,182.028000,182.123993
2026-01-26T11:00:00Z,182.123001,182.320007,181.785004,182.263000
2026-01-26T12:00:00Z,182.263000,182.606003,182.253006,182.524994
2026-01-26T13:00:00Z,182.520004,182.753998,182.485992,182.645996
2026-01-26T14:00:00Z,182.651993,182.722000,182.503006,182.623993
2026-01-26T15:00:00Z,182.626007,182.960999,182.496994,182.960999
2026-01-26T16:00:00Z,182.962006,183.102997,182.845993,182.904999
2026-01-26T17:00:00Z,182.903000,183.059998,182.867996,182.897995
2026-01-26T18:00:00Z,182.897995,183.177002,182.895004,183.123993
2026-01-26T19:00:00Z,183.128998,183.164001,182.973999,182.987000
2026-01-26T20:00:00Z,182.987000,183.106995,182.824997,183.091003
2026-01-26T21:00:00Z,183.087997,183.250000,183.070999,183.147995
2026-01-26T22:00:00Z,183.132996,183.192993,182.934006,183.063995
2026-01-26T23:00:00Z,183.084000,183.335007,183.035995,183.309006
2026-01-27T00:00:00Z,183.309006,183.380005,183.082001,183.248993
2026-01-27T01:00:00Z,183.246002,183.350998,183.197006,183.335999
2026-01-27T02:00:00Z,183.341003,183.470001,183.270004,183.468002
2026-01-27T03:00:00Z,183.460999,183.589005,183.339996,183.434998
2026-01-27T04:00:00Z,183.434998,183.589005,183.389008,183.544998
2026-01-27T05:00:00Z,183.552002,183.602005,183.399994,183.492004
2026-01-27T06:00:00Z,183.492996,183.598999,183.376999,183.453995
2026-01-27T07:00:00Z,183.460007,183.686996,183.397995,183.565994
2026-01-27T08:00:00Z,183.567001,183.597000,183.406006,183.485992
2026-01-27T09:00:00Z,183.487000,183.546997,182.044998,182.779999
2026-01-27T10:00:00Z,182.774002,183.126007,182.511002,182.776001
2026-01-27T11:00:00Z,182.774994,182.914001,182.572998,182.862000
2026-01-27T12:00:00Z,182.863998,182.970001,182.723999,182.862000
2026-01-27T13:00:00Z,182.854996,182.955994,182.546005,182.729996
2026-01-27T14:00:00Z,182.723007,183.130005,182.664993,183.001999
2026-01-27T15:00:00Z,183.009003,183.287003,182.912003,183.134995
2026-01-27T16:00:00Z,183.132996,183.429993,183.121002,183.328003
2026-01-27T17:00:00Z,183.332001,183.401001,182.740005,183.007004
2026-01-27T18:00:00Z,183.007004,183.050995,182.867004,182.973007
2026-01-27T19:00:00Z,182.977005,183.039001,182.884003,182.908005
2026-01-27T20:00:00Z,182.904999,183.781998,182.811996,183.309998
2026-01-27T21:00:00Z,183.306000,183.436005,183.138000,183.220993
2026-01-27T22:00:00Z,183.212006,183.505997,183.145004,183.363998
2026-01-27T23:00:00Z,183.330002,183.466995,183.179001,183.218994
2026-01-28T00:00:00Z,183.326996,183.473007,183.151993,183.386002
2026-01-28T01:00:00Z,183.391998,183.565994,183.319000,183.475998
2026-01-28T02:00:00Z,183.472000,183.529999,183.330994,183.367996
2026-01-28T03:00:00Z,183.367996,183.397003,183.151001,183.214005
2026-01-28T04:00:00Z,183.216995,183.287003,183.035995,183.067993
2026-01-28T05:00:00Z,183.070007,183.164001,182.759003,183.106995
2026-01-28T06:00:00Z,183.106995,183.242004,183.070999,183.106003
2026-01-28T07:00:00Z,183.098999,183.192993,182.949005,183.042999
2026-01-28T08:00:00Z,183.039001,183.126999,182.792999,182.860001
2026-01-28T09:00:00Z,182.860001,183.061996,182.835007,183.054993
2026-01-28T10:00:00Z,183.052994,183.065994,182.738998,182.906006
2026-01-28T11:00:00Z,182.910004,182.938995,182.619995,182.630997
2026-01-28T12:00:00Z,182.630997,182.776001,182.567993,182.772995
2026-01-28T13:00:00Z,182.768997,182.824997,182.593002,182.768997
2026-01-28T14:00:00Z,182.768997,182.914001,182.694000,182.811005
2026-01-28T15:00:00Z,182.817001,183.526993,182.710007,183.287003
2026-01-28T16:00:00Z,183.285995,183.572006,183.270004,183.423996
2026-01-28T17:00:00Z,183.412003,183.487000,183.253998,183.324005
2026-01-28T18:00:00Z,183.322998,183.529007,183.296997,183.367996
2026-01-28T19:00:00Z,183.365997,183.529007,183.139008,183.272995
2026-01-28T20:00:00Z,183.274002,183.300003,183.154007,183.216995
2026-01-28T21:00:00Z,183.220993,183.432007,183.169006,183.373001
2026-01-28T22:00:00Z,183.376999,183.449005,183.201996,183.412003
2026-01-28T23:00:00Z,183.393997,183.481003,183.201996,183.365997
2026-01-29T00:00:00Z,183.404007,183.449005,183.078995,183.306000
2026-01-29T01:00:00Z,183.304993,183.432999,183.179993,183.311996
2026-01-29T02:00:00Z,183.315994,183.401001,183.154999,183.317993
2026-01-29T03:00:00Z,183.322998,183.399994,183.238998,183.296997
2026-01-29T04:00:00Z,183.302002,183.522003,183.281998,183.414001
2026-01-29T05:00:00Z,183.412003,183.462997,183.326996,183.332993
2026-01-29T06:00:00Z,183.332001,183.494003,183.272003,183.427002
2026-01-29T07:00:00Z,183.423004,183.740005,183.406998,183.570007
2026-01-29T08:00:00Z,183.567993,183.636993,183.384003,183.498001
2026-01-29T09:00:00Z,183.496002,183.554993,183.220993,183.289001
2026-01-29T10:00:00Z,183.289001,183.356995,183.154999,183.229996
2026-01-29T11:00:00Z,183.237000,183.440002,183.192001,183.335999
2026-01-29T12:00:00Z,183.337997,183.343002,183.203003,183.272003
2026-01-29T13:00:00Z,183.276001,183.473007,183.151993,183.326004
2026-01-29T14:00:00Z,183.320999,183.393997,183.104004,183.227997
2026-01-29T15:00:00Z,183.222000,183.287994,182.076004,182.292007
2026-01-29T16:00:00Z,182.292999,182.718994,182.281998,182.582993
2026-01-29T17:00:00Z,182.587006,182.906006,182.580002,182.806000
2026-01-29T18:00:00Z,182.806000,183.123001,182.781998,182.977997
2026-01-29T19:00:00Z,182.977997,183.074997,182.938004,182.944000
2026-01-29T20:00:00Z,182.945007,183.205994,182.942993,183.197006
2026-01-29T21:00:00Z,183.195999,183.330994,183.175995,183.315994
2026-01-29T22:00:00Z,183.138000,183.274002,183.003006,183.078995
2026-01-29T23:00:00Z,183.080994,183.337997,183.020004,183.274002
2026-01-30T00:00:00Z,183.266998,183.380005,183.050995,183.149002
2026-01-30T01:00:00Z,183.149002,183.412003,183.132004,183.220993
2026-01-30T02:00:00Z,183.220993,183.440002,183.029007,183.311996
2026-01-30T03:00:00Z,183.315994,183.520004,183.274002,183.505005
2026-01-30T04:00:00Z,183.509995,183.695999,183.470001,183.535995
2026-01-30T05:00:00Z,183.542999,183.710999,183.496002,183.539993
2026-01-30T06:00:00Z,183.539001,183.600998,183.348007,183.431000
2026-01-30T07:00:00Z,183.429993,183.651993,183.356003,183.602005
2026-01-30T08:00:00Z,183.604996,183.723007,183.350998,183.697006
2026-01-30T09:00:00Z,183.695999,183.815994,183.432999,183.716995
2026-01-30T10:00:00Z,183.720001,183.878998,183.600998,183.776001
2026-01-30T11:00:00Z,183.778000,183.955002,183.716003,183.843002
2026-01-30T12:00:00Z,183.843994,183.910995,183.550995,183.585007
2026-01-30T13:00:00Z,183.598007,183.884003,183.552002,183.878006
2026-01-30T14:00:00Z,183.886002,184.070007,183.750000,183.910995
2026-01-30T15:00:00Z,183.904007,184.026993,183.837997,183.923996
2026-02-02T19:00:00Z,183.367996,183.518997,183.363998,183.464005
2026-02-02T20:00:00Z,183.460007,183.490997,183.352005,183.453995
2026-02-02T21:00:00Z,183.449997,183.503998,183.399994,183.490005
2026-02-02T22:00:00Z,183.488998,183.507996,183.302002,183.367004
2026-02-02T23:00:00Z,183.345993,183.505997,183.320007,183.438995
2026-02-03T00:00:00Z,183.429001,183.667007,183.425995,183.550995
2026-02-03T01:00:00Z,183.552002,183.731003,183.503006,183.664993
2026-02-03T02:00:00Z,183.664993,183.671005,183.466003,183.557007
2026-02-03T03:00:00Z,183.548996,183.628998,183.470993,183.600006
2026-02-03T04:00:00Z,183.598999,183.679001,183.466003,183.531998
2026-02-03T05:00:00Z,183.526001,183.597000,183.488007,183.541000
2026-02-03T06:00:00Z,183.539993,183.692993,183.477997,183.600998
2026-02-03T07:00:00Z,183.606003,183.763000,183.563004,183.612000
2026-02-03T08:00:00Z,183.612000,183.802002,183.550995,183.722000
2026-02-03T09:00:00Z,183.722000,183.884995,183.647995,183.804001
2026-02-03T10:00:00Z,183.804001,183.863998,183.731003,183.789001
2026-02-03T11:00:00Z,183.789001,183.895996,183.764999,183.820007
2026-02-03T12:00:00Z,183.817993,183.951004,183.789993,183.876999
2026-02-03T13:00:00Z,183.873001,183.945999,183.815002,183.876007
2026-02-03T14:00:00Z,183.873001,183.957001,183.766006,183.776993
2026-02-03T15:00:00Z,183.770996,184.001999,183.723007,183.936996
2026-02-03T16:00:00Z,183.936996,184.085007,183.919006,184.013000
2026-02-03T17:00:00Z,184.009995,184.069000,183.876007,184.000000
2026-02-03T18:00:00Z,183.998001,184.063004,183.802002,183.806000
2026-02-03T19:00:00Z,183.804001,184.065002,183.779999,184.020004
2026-02-03T20:00:00Z,184.020996,184.108002,183.981003,184.080002
2026-02-03T21:00:00Z,184.082001,184.192001,183.977005,184.076996
2026-02-03T22:00:00Z,183.998001,184.117996,183.940994,184.020996
2026-02-03T23:00:00Z,184.024002,184.147003,183.968002,184.074005
2026-02-04T00:00:00Z,184.089996,184.350006,184.024994,184.324997
2026-02-04T01:00:00Z,184.326004,184.740997,184.320007,184.643997
2026-02-04T02:00:00Z,184.638000,184.764999,184.632004,184.731003
2026-02-04T03:00:00Z,184.731995,184.910995,184.723999,184.871002
2026-02-04T04:00:00Z,184.871002,184.964996,184.826004,184.957001
2026-02-04T05:00:00Z,184.953995,185.061005,184.889999,184.945999
2026-02-04T06:00:00Z,184.940002,185.029999,184.878006,184.960007
2026-02-04T07:00:00Z,184.955994,185.123001,184.944000,185.074997
2026-02-04T08:00:00Z,185.076004,185.162994,184.970001,185.070007
2026-02-04T09:00:00Z,185.074005,185.128998,184.983994,185.052994
2026-02-04T10:00:00Z,185.052994,185.169998,185.026001,185.153000
2026-02-04T11:00:00Z,185.153000,185.209000,185.125000,185.201996
2026-02-04T12:00:00Z,185.207001,185.240997,185.117004,185.154007
2026-02-04T13:00:00Z,185.151993,185.238007,184.977005,184.990997
2026-02-04T14:00:00Z,184.990997,185.000000,184.744003,184.822998
2026-02-04T15:00:00Z,184.824005,185.020004,184.751007,184.787994
2026-02-04T16:00:00Z,184.791000,184.904999,184.701004,184.841003
2026-02-04T17:00:00Z,184.847000,184.938995,184.673004,184.832993
2026-02-04T18:00:00Z,184.828003,185.014999,184.794998,185.011993
2026-02-04T19:00:00Z,185.005997,185.210999,184.912003,185.188995
2026-02-04T20:00:00Z,185.186005,185.257004,185.158005,185.222000
2026-02-04T21:00:00Z,185.223999,185.279007,185.091995,185.143005
2026-02-04T22:00:00Z,185.184998,185.194000,184.919006,185.106003
2026-02-04T23:00:00Z,185.138000,185.227997,185.070999,185.149994
2026-02-05T00:00:00Z,185.167999,185.235001,184.966003,185.067001
2026-02-05T01:00:00Z,185.070007,185.276993,185.069000,185.147995
2026-02-05T02:00:00Z,185.147995,185.212006,184.878998,184.893997
2026-02-05T03:00:00Z,184.891998,184.936996,184.690994,184.843002
2026-02-05T04:00:00Z,184.847000,184.932999,184.839005,184.841003
2026-02-05T05:00:00Z,184.841003,185.078003,184.839005,185.070007
2026-02-05T06:00:00Z,185.076004,185.156998,184.888000,185.108994
2026-02-05T07:00:00Z,185.115005,185.492996,185.106995,185.358994
2026-02-05T08:00:00Z,185.356995,185.505997,185.266006,185.307999
2026-02-05T09:00:00Z,185.302994,185.434006,185.251999,185.343002
2026-02-05T10:00:00Z,185.339996,185.419998,185.296005,185.348999
2026-02-05T11:00:00Z,185.348999,185.399994,185.287003,185.328995
2026-02-05T12:00:00Z,185.332993,185.429993,185.054993,185.192993
2026-02-05T13:00:00Z,185.192001,185.199997,184.865997,184.960007
2026-02-05T14:00:00Z,184.962006,185.272003,184.908005,185.091003
2026-02-05T15:00:00Z,185.106003,185.188004,184.552002,184.923996
2026-02-05T16:00:00Z,184.927002,185.181000,184.811005,185.171005
2026-02-05T17:00:00Z,185.177994,185.205002,185.039001,185.042007
2026-02-05T18:00:00Z,185.042007,185.115005,184.962006,184.972000
2026-02-05T19:00:00Z,184.973007,185.065002,184.947998,185.042999
2026-02-05T20:00:00Z,185.042999,185.078995,184.964996,185.005005
2026-02-05T21:00:00Z,185.003998,185.076996,184.899002,184.925003
2026-02-05T22:00:00Z,184.994003,185.057007,184.772995,184.977997
2026-02-05T23:00:00Z,184.959000,185.035004,184.582001,184.660995
2026-02-06T00:00:00Z,184.658005,184.677994,184.347000,184.578003
2026-02-06T01:00:00Z,184.574997,184.701996,184.382004,184.619995
2026-02-06T02:00:00Z,184.615005,184.878006,184.606995,184.751007
2026-02-06T03:00:00Z,184.751007,184.787003,184.677002,184.753006
2026-02-06T04:00:00Z,184.746994,184.809006,184.677002,184.759995
2026-02-06T05:00:00Z,184.764008,184.951996,184.723999,184.942993
2026-02-06T06:00:00Z,184.944000,185.141006,184.931000,184.955994
2026-02-06T07:00:00Z,184.960999,184.973999,184.753998,184.938004
2026-02-06T08:00:00Z,184.979996,185.132004,184.824997,185.123993
2026-02-06T09:00:00Z,185.123001,185.279007,185.113998,185.190002
2026-02-06T10:00:00Z,185.186005,185.283997,185.026993,185.078003
2026-02-06T11:00:00Z,185.078003,185.237000,185.074997,185.156006
2026-02-06T12:00:00Z,185.151993,185.294006,185.087006,185.229996
2026-02-06T13:00:00Z,185.231003,185.406998,185.225998,185.337006
2026-02-06T14:00:00Z,185.339996,185.473007,185.292007,185.408005
2026-02-06T15:00:00Z,185.421997,185.518997,185.354996,185.367996
2026-02-06T16:00:00Z,185.367996,185.645004,185.363998,185.569000
2026-02-06T17:00:00Z,185.570007,185.628006,185.529007,185.598999
2026-02-06T18:00:00Z,185.597000,185.710007,185.587006,185.658005
2026-02-06T19:00:00Z,185.653000,185.716995,185.621002,185.679993
2026-02-06T20:00:00Z,185.679001,185.761002,185.658997,185.720993
2026-02-06T21:00:00Z,185.723999,185.800003,185.662994,185.731003
2026-02-06T22:00:00Z,185.751999,185.751999,185.751999,185.751999
2026-02-09T00:00:00Z,185.979996,186.009995,185.389999,185.608002
2026-02-09T01:00:00Z,185.606003,185.639008,184.850998,185.233002
2026-02-09T02:00:00Z,185.231995,185.537994,185.214996,185.369003
2026-02-09T03:00:00Z,185.376007,185.492996,185.341003,185.412003
2026-02-09T04:00:00Z,185.406006,185.451996,185.233002,185.311996
2026-02-09T05:00:00Z,185.311005,185.410995,185.229004,185.328995
2026-02-09T06:00:00Z,185.328003,185.535995,185.179001,185.507996
2026-02-09T07:00:00Z,185.516006,185.682999,185.315002,185.664001
2026-02-09T08:00:00Z,185.660004,185.917999,185.639999,185.792999
2026-02-09T09:00:00Z,185.789001,185.873001,185.639999,185.811996
2026-02-09T10:00:00Z,185.817001,185.940002,185.742004,185.828995
2026-02-09T11:00:00Z,185.828995,185.873993,185.664001,185.714005
2026-02-09T12:00:00Z,185.720993,185.932999,185.632004,185.804993
2026-02-09T13:00:00Z,185.802002,185.839005,185.604996,185.619995
2026-02-09T14:00:00Z,185.617004,185.630997,185.304993,185.464996
2026-02-09T15:00:00Z,185.462006,185.679001,185.447998,185.656006
2026-02-09T16:00:00Z,185.654007,185.766006,185.600998,185.712006
2026-02-09T17:00:00Z,185.707001,185.843994,185.660004,185.737000
2026-02-09T18:00:00Z,185.733002,185.852005,185.723999,185.783005
2026-02-09T19:00:00Z,185.783005,185.802994,185.552994,185.613007
2026-02-09T20:00:00Z,185.615997,185.746994,185.610001,185.727005
2026-02-09T21:00:00Z,185.729996,185.811996,185.626999,185.634995
2026-02-09T22:00:00Z,185.576996,185.944000,185.500000,185.654007
2026-02-09T23:00:00Z,185.608002,185.891998,185.600998,185.845993
2026-02-10T00:00:00Z,185.854004,185.998001,185.634995,185.656006
2026-02-10T01:00:00Z,185.656998,185.695999,185.395996,185.408005
2026-02-10T02:00:00Z,185.410995,185.561005,185.078003,185.104996
2026-02-10T03:00:00Z,185.104996,185.128998,184.858994,185.026993
2026-02-10T04:00:00Z,185.018997,185.031998,184.751007,184.873993
2026-02-10T05:00:00Z,184.873993,184.949005,184.667999,184.927002
2026-02-10T06:00:00Z,184.929001,185.050995,184.889008,184.992004
2026-02-10T07:00:00Z,184.987000,185.272003,184.856003,185.255997
2026-02-10T08:00:00Z,185.251999,185.326996,185.113998,185.251007
2026-02-10T09:00:00Z,185.259003,185.263000,184.970993,185.013000
2026-02-10T10:00:00Z,185.018005,185.031998,184.731995,184.774002
2026-02-10T11:00:00Z,184.764999,184.858994,184.735992,184.835999
2026-02-10T12:00:00Z,184.834000,184.865997,184.544998,184.554001
2026-02-10T13:00:00Z,184.556000,184.587006,184.184006,184.250000
2026-02-10T14:00:00Z,184.251999,184.311005,183.770996,183.955002
2026-02-10T15:00:00Z,183.955002,183.964005,183.488007,183.729996
2026-02-10T16:00:00Z,183.729996,183.774002,183.440002,183.565994
2026-02-10T17:00:00Z,183.572998,183.692993,183.483994,183.649994
2026-02-10T18:00:00Z,183.649994,183.794998,183.636002,183.738998
2026-02-10T19:00:00Z,183.735992,183.781998,183.639008,183.677002
2026-02-10T20:00:00Z,183.677994,183.688004,183.533997,183.595993
2026-02-10T21:00:00Z,183.597000,183.701004,183.542007,183.656998
2026-02-10T22:00:00Z,183.649994,183.712006,183.492004,183.539993
2026-02-10T23:00:00Z,183.537003,183.699997,183.524994,183.654007
2026-02-11T00:00:00Z,183.660995,183.679001,183.246994,183.264008
2026-02-11T01:00:00Z,183.264008,183.294006,183.070007,183.194000
2026-02-11T02:00:00Z,183.194000,183.231003,182.921005,182.925995
2026-02-11T03:00:00Z,182.923004,183.035004,182.876007,182.910004
2026-02-11T04:00:00Z,182.906006,182.927002,182.528000,182.557999
2026-02-11T05:00:00Z,182.557999,182.636993,182.326004,182.397003
2026-02-11T06:00:00Z,182.395004,182.483002,182.207993,182.464005
2026-02-11T07:00:00Z,182.473007,182.662994,182.391006,182.468002
2026-02-11T08:00:00Z,182.466003,182.673004,182.378006,182.524002
2026-02-11T09:00:00Z,182.524994,182.737000,182.466995,182.585007
2026-02-11T10:00:00Z,182.585007,182.811005,182.548004,182.770996
2026-02-11T11:00:00Z,182.770996,182.858002,182.682007,182.781006
2026-02-11T12:00:00Z,182.774994,182.880005,182.729004,182.785004
2026-02-11T13:00:00Z,182.779999,183.007996,181.395996,182.468994
2026-02-11T14:00:00Z,182.473007,182.632996,181.875000,181.988007
2026-02-11T15:00:00Z,181.990997,182.214005,181.800995,182.173004
2026-02-11T16:00:00Z,182.173004,182.222000,181.720001,181.733002
2026-02-11T17:00:00Z,181.729996,181.817001,181.427994,181.647003
2026-02-11T18:00:00Z,181.641006,181.735992,181.330002,181.451004
2026-02-11T19:00:00Z,181.453003,181.692993,181.442993,181.688004
2026-02-11T20:00:00Z,181.686005,181.934998,181.669998,181.873993
2026-02-11T21:00:00Z,181.875000,181.985001,181.863007,181.923004
2026-02-11T22:00:00Z,181.910004,182.039993,181.653000,181.796005
2026-02-11T23:00:00Z,181.787994,182.031998,181.718994,182.018005
2026-02-12T00:00:00Z,181.994003,182.130997,181.819000,181.843994
2026-02-12T01:00:00Z,181.841995,181.878006,181.511002,181.593994
2026-02-12T02:00:00Z,181.602005,181.647003,181.167999,181.197006
2026-02-12T03:00:00Z,181.197006,181.201004,180.845001,181.078003
2026-02-12T04:00:00Z,181.076996,181.313004,180.940002,181.311996
2026-02-12T05:00:00Z,181.309006,181.677994,181.283005,181.643997
2026-02-12T06:00:00Z,181.643997,182.009995,181.494995,181.835999
2026-02-12T07:00:00Z,181.826996,181.895996,181.485001,181.699997
2026-02-12T08:00:00Z,181.697998,181.764008,181.494995,181.656998
2026-02-12T09:00:00Z,181.664001,181.826004,181.600998,181.759995
2026-02-12T10:00:00Z,181.759995,181.856003,181.664993,181.850006
2026-02-12T11:00:00Z,181.850006,182.218994,181.806000,182.199005
2026-02-12T12:00:00Z,182.199997,182.520004,182.151993,182.449997
2026-02-12T13:00:00Z,182.451004,182.535995,182.089996,182.147003
2026-02-12T14:00:00Z,182.153000,182.218994,181.787994,181.837006
2026-02-12T15:00:00Z,181.839996,181.843994,181.389999,181.429993
2026-02-12T16:00:00Z,181.432007,181.488998,180.800003,181.205994
2026-02-12T17:00:00Z,181.205002,181.391998,181.080994,181.352997
2026-02-12T18:00:00Z,181.360992,181.468002,181.212006,181.423996
2026-02-12T19:00:00Z,181.423004,181.526001,181.358994,181.488007
2026-02-12T20:00:00Z,181.490997,181.503998,181.229996,181.233002
2026-02-12T21:00:00Z,181.231995,181.389999,181.229004,181.294006
2026-02-12T22:00:00Z,181.294998,181.363998,181.121002,181.266006
2026-02-12T23:00:00Z,181.266998,181.423004,181.209000,181.328995
2026-02-13T00:00:00Z,181.350998,181.535995,181.292007,181.362000
2026-02-13T01:00:00Z,181.367996,181.938004,181.358002,181.873993
2026-02-13T02:00:00Z,181.878006,181.916000,181.660995,181.778000
2026-02-13T03:00:00Z,181.783005,181.789001,181.417999,181.498001
2026-02-13T04:00:00Z,181.498001,181.802994,181.375000,181.800995
2026-02-13T05:00:00Z,181.794998,181.925003,181.580002,181.794006
2026-02-13T06:00:00Z,181.792999,181.910995,181.593994,181.863007
2026-02-13T07:00:00Z,181.867996,182.007996,181.776993,181.919998
2026-02-13T08:00:00Z,181.908997,182.216995,181.873993,182.179001
2026-02-13T09:00:00Z,182.179001,182.278000,182.054001,182.054993
2026-02-13T10:00:00Z,182.052002,182.143997,181.919998,181.945007
2026-02-13T11:00:00Z,181.947006,181.962997,181.677994,181.860001
2026-02-13T12:00:00Z,181.854004,181.893997,181.763000,181.776001
2026-02-13T13:00:00Z,181.779999,181.871002,181.554993,181.746994
2026-02-13T14:00:00Z,181.748001,181.776993,181.238007,181.496002
2026-02-13T15:00:00Z,181.492004,181.764999,181.307007,181.429993
2026-02-13T16:00:00Z,181.425995,181.598007,181.302002,181.335999
2026-02-13T17:00:00Z,181.341995,181.526993,181.296997,181.449005
2026-02-13T18:00:00Z,181.447006,181.574005,181.417007,181.462006
2026-02-13T19:00:00Z,181.462006,181.481995,181.266998,181.294998
2026-02-13T20:00:00Z,181.294006,181.404007,181.210999,181.386002
2026-02-13T21:00:00Z,181.386002,181.391998,181.136993,181.164001
2026-02-13T22:00:00Z,181.216003,181.216003,181.216003,181.216003
2026-02-16T00:00:00Z,181.322006,181.608994,181.281998,181.593994
2026-02-16T01:00:00Z,181.589005,181.662994,181.475006,181.556000
2026-02-16T02:00:00Z,181.561005,181.643005,181.520996,181.548004
2026-02-16T03:00:00Z,181.544006,181.669998,181.535004,181.641006
2026-02-16T04:00:00Z,181.647995,181.785004,181.554001,181.766006
2026-02-16T05:00:00Z,181.766006,181.787003,181.695007,181.761002
2026-02-16T06:00:00Z,181.764008,181.794006,181.688995,181.714005
2026-02-16T07:00:00Z,181.710007,181.936005,181.697006,181.904007
2026-02-16T08:00:00Z,181.904999,182.074005,181.852005,181.938995
2026-02-16T09:00:00Z,181.934998,182.253998,181.899994,182.197006
2026-02-16T10:00:00Z,182.201996,182.296997,182.151993,182.184998
2026-02-16T11:00:00Z,182.184998,182.214005,181.908005,181.908005
2026-02-16T12:00:00Z,181.914993,181.938004,181.735992,181.792007
2026-02-16T13:00:00Z,181.791000,181.852005,181.692001,181.768997
2026-02-16T14:00:00Z,181.768997,181.834000,181.727997,181.817001
2026-02-16T15:00:00Z,181.817001,181.923996,181.725006,181.912003
2026-02-16T16:00:00Z,181.906998,181.994003,181.869995,181.910004
2026-02-16T17:00:00Z,181.906998,182.009003,181.815994,181.826004
2026-02-16T18:00:00Z,181.826004,181.919998,181.826004,181.893997
2026-02-16T19:00:00Z,181.889008,181.947006,181.876007,181.932007
2026-02-16T20:00:00Z,181.932007,181.957993,181.904007,181.949005
2026-02-16T21:00:00Z,181.949005,181.979004,181.738998,181.742996
2026-02-16T22:00:00Z,181.753998,181.960007,181.712006,181.882996
2026-02-16T23:00:00Z,181.891006,182.171997,181.886993,181.966003
2026-02-17T00:00:00Z,181.968002,182.003006,181.412003,181.419006
2026-02-17T01:00:00Z,181.421997,181.654999,181.347000,181.388000
2026-02-17T02:00:00Z,181.384995,181.513000,181.285004,181.337997
2026-02-17T03:00:00Z,181.337006,181.391006,181.190994,181.378998
2026-02-17T04:00:00Z,181.384995,181.406006,181.151001,181.268005
2026-02-17T05:00:00Z,181.263000,181.298996,181.014008,181.113007
2026-02-17T06:00:00Z,181.113007,181.184998,181.028000,181.156998
2026-02-17T07:00:00Z,181.158997,181.166000,180.929001,181.132004
2026-02-17T08:00:00Z,181.136993,181.246994,180.832001,180.835999
2026-02-17T09:00:00Z,180.834000,181.195007,180.811996,181.130997
2026-02-17T10:00:00Z,181.128006,181.315002,181.056000,181.179993
2026-02-17T11:00:00Z,181.179993,181.283005,181.115997,181.162994
2026-02-17T12:00:00Z,181.162994,181.242004,181.033005,181.035995
2026-02-17T13:00:00Z,181.035995,181.326004,181.001999,181.205994
2026-02-17T14:00:00Z,181.205994,181.528000,181.192001,181.438004
2026-02-17T15:00:00Z,181.438995,181.731995,181.408997,181.649002
2026-02-17T16:00:00Z,181.639999,181.789993,181.628998,181.679993
2026-02-17T17:00:00Z,181.675995,181.731003,181.623993,181.695999
2026-02-17T18:00:00Z,181.692001,181.744995,181.634995,181.690994
2026-02-17T19:00:00Z,181.692001,181.729996,181.546005,181.572998
2026-02-17T20:00:00Z,181.570007,181.658997,181.511993,181.656998
2026-02-17T21:00:00Z,181.656006,181.863007,181.606003,181.863007
2026-02-17T22:00:00Z,181.639008,181.684998,181.481995,181.626007
2026-02-17T23:00:00Z,181.593994,181.731003,181.477005,181.485992
2026-02-18T00:00:00Z,181.462006,181.677002,181.404999,181.526993
2026-02-18T01:00:00Z,181.526993,181.778000,181.507996,181.768005
2026-02-18T02:00:00Z,181.772003,182.005997,181.763000,181.834000
2026-02-18T03:00:00Z,181.835999,181.917007,181.753998,181.880997
2026-02-18T04:00:00Z,181.875000,181.901001,181.807999,181.880997
2026-02-18T05:00:00Z,181.882004,181.938004,181.770004,181.779007
2026-02-18T06:00:00Z,181.774994,181.820999,181.682007,181.712997
2026-02-18T07:00:00Z,181.716003,181.891006,181.682007,181.858002
2026-02-18T08:00:00Z,181.858002,181.940002,181.766006,181.862000
2026-02-18T09:00:00Z,181.867996,181.977997,181.841995,181.944000
2026-02-18T10:00:00Z,181.944000,182.065002,181.921005,181.983002
2026-02-18T11:00:00Z,181.990005,181.998001,181.824005,181.903000
2026-02-18T12:00:00Z,181.904999,182.070999,181.852997,181.951004
2026-02-18T13:00:00Z,181.951004,182.108994,181.893005,182.020996
2026-02-18T14:00:00Z,182.020004,182.513000,182.009003,182.408005
2026-02-18T15:00:00Z,182.399002,182.539993,182.343994,182.406006
2026-02-18T16:00:00Z,182.401993,182.460007,182.324997,182.393997
2026-02-18T17:00:00Z,182.401001,182.481995,182.345993,182.438004
2026-02-18T18:00:00Z,182.438995,182.503998,182.410004,182.438004
2026-02-18T19:00:00Z,182.438004,182.513000,182.000000,182.367004
2026-02-18T20:00:00Z,182.373001,182.442993,182.345001,182.423996
2026-02-18T21:00:00Z,182.427994,182.516006,182.369995,182.393997
2026-02-18T22:00:00Z,182.386002,182.533005,182.259003,182.365997
2026-02-18T23:00:00Z,182.350006,182.487000,182.345001,182.365005
2026-02-19T00:00:00Z,182.358002,182.503006,182.270004,182.432007
2026-02-19T01:00:00Z,182.432007,182.811005,182.399994,182.764999
2026-02-19T02:00:00Z,182.764008,182.863007,182.529007,182.764008
2026-02-19T03:00:00Z,182.759003,183.029999,182.707993,182.925995
2026-02-19T04:00:00Z,182.929001,183.035004,182.863007,182.884003
2026-02-19T05:00:00Z,182.878998,183.143005,182.865997,183.128006
2026-02-19T06:00:00Z,183.136002,183.156006,182.871002,182.955994
2026-02-19T07:00:00Z,182.962997,183.110992,182.850998,182.886002
2026-02-19T08:00:00Z,182.891006,182.914001,182.585999,182.709000
2026-02-19T09:00:00Z,182.701996,182.897003,182.634995,182.675003
2026-02-19T10:00:00Z,182.681000,182.703995,182.354004,182.382996
2026-02-19T11:00:00Z,182.384003,182.399002,182.095993,182.162003
2026-02-19T12:00:00Z,182.162003,182.212006,182.007004,182.199005
2026-02-19T13:00:00Z,182.194000,182.274994,182.029007,182.270996
2026-02-19T14:00:00Z,182.272995,182.438004,182.181000,182.403000
2026-02-19T15:00:00Z,182.408005,182.600998,182.328995,182.330994
2026-02-19T16:00:00Z,182.335999,182.354004,182.197006,182.266006
2026-02-19T17:00:00Z,182.259995,182.408005,182.205994,182.393997
2026-02-19T18:00:00Z,182.399994,182.412003,182.261993,182.266998
2026-02-19T19:00:00Z,182.264999,182.460007,182.240997,182.440002
2026-02-19T20:00:00Z,182.436996,182.529999,182.399002,182.514999
2026-02-19T21:00:00Z,182.520004,182.580002,182.423996,182.490005
2026-02-19T22:00:00Z,182.488007,182.501999,182.257996,182.412994
2026-02-19T23:00:00Z,182.395004,182.686996,182.386002,182.621002
2026-02-20T00:00:00Z,182.649002,182.679993,182.352005,182.533005
2026-02-20T01:00:00Z,182.528000,182.643005,182.397003,182.438004
2026-02-20T02:00:00Z,182.431000,182.485992,182.307007,182.436996
2026-02-20T03:00:00Z,182.432999,182.477005,182.354004,182.404007
2026-02-20T04:00:00Z,182.399994,182.449005,182.354996,182.419998
2026-02-20T05:00:00Z,182.419998,182.582001,182.380005,182.556000
2026-02-20T06:00:00Z,182.552994,182.630997,182.371002,182.401001
2026-02-20T07:00:00Z,182.393005,182.748001,182.216995,182.729996
2026-02-20T08:00:00Z,182.733002,182.985992,182.542007,182.932007
2026-02-20T09:00:00Z,182.949997,183.048004,182.815002,182.854004
2026-02-20T10:00:00Z,182.856003,182.867996,182.505997,182.548004
2026-02-20T11:00:00Z,182.550003,182.697998,182.475998,182.662003
2026-02-20T12:00:00Z,182.662003,182.746002,182.623001,182.662994
2026-02-20T13:00:00Z,182.662994,182.936005,182.598999,182.921005
2026-02-20T14:00:00Z,182.923004,182.955002,182.718002,182.878006
2026-02-20T15:00:00Z,182.873993,183.097000,182.498993,182.542007
2026-02-20T16:00:00Z,182.548996,182.647995,182.468002,182.584000
2026-02-20T17:00:00Z,182.580994,182.697998,182.567001,182.585999
2026-02-20T18:00:00Z,182.587006,182.729004,182.587006,182.712997
2026-02-20T19:00:00Z,182.707993,182.813995,182.634995,182.759995
2026-02-20T20:00:00Z,182.753998,182.781006,182.643997,182.772003
2026-02-20T21:00:00Z,182.770996,182.772995,182.636002,182.669998
2026-02-20T22:00:00Z,182.673004,182.673004,182.673004,182.673004
2026-02-23T00:00:00Z,182.632004,182.639999,182.240005,182.261002
2026-02-23T01:00:00Z,182.261002,182.406006,182.169006,182.371994
2026-02-23T02:00:00Z,182.371994,182.477005,182.257004,182.395004
2026-02-23T03:00:00Z,182.397995,182.498993,182.367996,182.378006
2026-02-23T04:00:00Z,182.376999,182.546005,182.307007,182.503006
2026-02-23T05:00:00Z,182.498993,182.559998,182.477997,182.541000
2026-02-23T06:00:00Z,182.541000,182.660004,182.442001,182.647995
2026-02-23T07:00:00Z,182.645004,182.785004,182.617004,182.636002
2026-02-23T08:00:00Z,182.641998,182.781998,182.630997,182.720993
2026-02-23T09:00:00Z,182.723007,182.807999,182.643005,182.690002
2026-02-23T10:00:00Z,182.690002,182.748993,182.604004,182.621994
2026-02-23T11:00:00Z,182.621994,182.636993,182.501999,182.587997
2026-02-23T12:00:00Z,182.582993,182.638000,182.425995,182.496002
2026-02-23T13:00:00Z,182.490005,182.529007,182.334000,182.391998
2026-02-23T14:00:00Z,182.389008,182.625000,182.365997,182.451996
2026-02-23T15:00:00Z,182.451004,182.460999,182.063004,182.136002
2026-02-23T16:00:00Z,182.139008,182.197006,182.003998,182.130005
2026-02-23T17:00:00Z,182.130005,182.177994,181.988007,182.153000
2026-02-23T18:00:00Z,182.154007,182.427994,182.147995,182.270996
2026-02-23T19:00:00Z,182.270004,182.354996,182.255005,182.313004
2026-02-23T20:00:00Z,182.313995,182.416000,182.302002,182.384003
2026-02-23T21:00:00Z,182.380997,182.436005,182.205002,182.231995
2026-02-23T22:00:00Z,182.210999,182.332001,182.141998,182.212997
2026-02-23T23:00:00Z,182.197006,182.412003,182.136002,182.403000
2026-02-24T00:00:00Z,182.382996,182.561005,182.356995,182.548996
2026-02-24T01:00:00Z,182.548004,182.684006,182.500000,182.582001
2026-02-24T02:00:00Z,182.578003,182.705002,182.477997,182.537994
2026-02-24T03:00:00Z,182.539001,182.667007,182.505005,182.645004
2026-02-24T04:00:00Z,182.645004,182.781006,182.613998,182.712997
2026-02-24T05:00:00Z,182.716003,182.839005,182.675003,182.779007
2026-02-24T06:00:00Z,182.779007,182.804993,182.557007,182.561005
2026-02-24T07:00:00Z,182.561996,183.917999,182.516006,183.865997
2026-02-24T08:00:00Z,183.869995,184.184006,183.742004,183.766006
2026-02-24T09:00:00Z,183.757996,183.802002,183.578995,183.716003
2026-02-24T10:00:00Z,183.710999,183.751999,183.623993,183.718002
2026-02-24T11:00:00Z,183.722000,183.725998,183.417999,183.628998
2026-02-24T12:00:00Z,183.628998,183.718994,183.516998,183.647995
2026-02-24T13:00:00Z,183.643005,183.768005,183.498001,183.705002
2026-02-24T14:00:00Z,183.705002,183.798004,183.563004,183.619003
2026-02-24T15:00:00Z,183.636002,183.703003,183.488007,183.544006
2026-02-24T16:00:00Z,183.548004,183.598007,183.404007,183.487000
2026-02-24T17:00:00Z,183.488998,183.570007,183.445999,183.561005
2026-02-24T18:00:00Z,183.561996,183.565994,183.459000,183.475998
2026-02-24T19:00:00Z,183.481995,183.524002,183.457993,183.488007
2026-02-24T20:00:00Z,183.483994,183.552002,183.464996,183.542999
2026-02-24T21:00:00Z,183.542999,183.600006,183.397995,183.552002
2026-02-24T22:00:00Z,183.427002,183.567001,183.334000,183.442001
2026-02-24T23:00:00Z,183.419006,183.559006,183.373001,183.550995
2026-02-25T00:00:00Z,183.554993,183.671997,183.328995,183.341003
2026-02-25T01:00:00Z,183.341995,183.529007,183.309006,183.477005
2026-02-25T02:00:00Z,183.475998,183.522003,183.192001,183.320999
2026-02-25T03:00:00Z,183.320999,183.912994,183.203003,183.699997
2026-02-25T04:00:00Z,183.701004,183.945007,183.656998,183.677994
2026-02-25T05:00:00Z,183.677994,183.826004,183.593994,183.613007
2026-02-25T06:00:00Z,183.612000,183.897995,183.550003,183.820007
2026-02-25T07:00:00Z,183.815994,183.996002,183.779999,183.938995
2026-02-25T08:00:00Z,183.934998,184.278000,183.931000,184.274002
2026-02-25T09:00:00Z,184.276001,184.675995,184.272003,184.546005
2026-02-25T10:00:00Z,184.526993,184.705994,184.500000,184.671005
2026-02-25T11:00:00Z,184.669006,184.677002,184.524002,184.617996
2026-02-25T12:00:00Z,184.617996,184.759995,184.557999,184.662994
2026-02-25T13:00:00Z,184.662003,184.716003,184.442993,184.483994
2026-02-25T14:00:00Z,184.477997,184.608994,184.384995,184.585999
2026-02-25T15:00:00Z,184.584000,184.598007,184.414001,184.531998
2026-02-25T16:00:00Z,184.529999,184.677002,184.496994,184.496994
2026-02-25T17:00:00Z,184.496994,184.671997,184.483002,184.580994
2026-02-25T18:00:00Z,184.578003,184.653000,184.546005,184.617996
2026-02-25T19:00:00Z,184.613998,184.772003,184.602005,184.684998
2026-02-25T20:00:00Z,184.684998,184.709000,184.595001,184.686996
2026-02-25T21:00:00Z,184.694000,184.731995,184.600006,184.600006
2026-02-25T22:00:00Z,184.595993,184.761002,184.449997,184.587997
2026-02-25T23:00:00Z,184.552002,184.656998,184.447006,184.522003
2026-02-26T00:00:00Z,184.507004,184.582993,184.324997,184.365997
2026-02-26T01:00:00Z,184.363998,184.444000,184.272995,184.300003
2026-02-26T02:00:00Z,184.298996,184.362000,184.205002,184.268005
2026-02-26T03:00:00Z,184.274002,184.324005,184.171997,184.270996
2026-02-26T04:00:00Z,184.266006,184.429993,184.220001,184.242004
2026-02-26T05:00:00Z,184.238998,184.330002,184.070999,184.313995
2026-02-26T06:00:00Z,184.311996,184.419006,184.272995,184.345001
2026-02-26T07:00:00Z,184.345001,184.494003,184.320007,184.380997
2026-02-26T08:00:00Z,184.378006,184.382996,184.054001,184.113998
2026-02-26T09:00:00Z,184.119995,184.158005,184.001007,184.115005
2026-02-26T10:00:00Z,184.113998,184.158997,183.955994,184.001999
2026-02-26T11:00:00Z,184.001999,184.182999,183.996994,184.169998
2026-02-26T12:00:00Z,184.169998,184.369995,184.132004,184.306000
2026-02-26T13:00:00Z,184.304993,184.419998,184.158997,184.369995
2026-02-26T14:00:00Z,184.371002,184.423004,184.076996,184.190002
2026-02-26T15:00:00Z,184.186996,184.285004,183.820007,184.108002
2026-02-26T16:00:00Z,184.104996,184.246994,184.084000,184.102997
2026-02-26T17:00:00Z,184.104996,184.203003,184.078995,184.164001
2026-02-26T18:00:00Z,184.160995,184.313995,184.102005,184.279999
2026-02-26T19:00:00Z,184.287994,184.292007,184.175995,184.181000
2026-02-26T20:00:00Z,184.181000,184.251999,184.160004,184.250000
2026-02-26T21:00:00Z,184.255005,184.279999,184.132996,184.173004
2026-02-26T22:00:00Z,184.121994,184.255005,183.996002,184.132996
2026-02-26T23:00:00Z,184.119995,184.151993,183.897995,183.975998
2026-02-27T00:00:00Z,183.951996,184.067993,183.695999,183.880997
2026-02-27T01:00:00Z,183.889999,183.951996,183.733994,183.897995
2026-02-27T02:00:00Z,183.895004,183.942001,183.751007,183.785995
2026-02-27T03:00:00Z,183.781006,183.925003,183.772003,183.863998
2026-02-27T04:00:00Z,183.860001,183.949997,183.712006,183.764999
2026-02-27T05:00:00Z,183.755997,184.014999,183.744995,184.005005
2026-02-27T06:00:00Z,184.005005,184.078995,183.947006,183.998001
2026-02-27T07:00:00Z,183.996994,184.468994,183.996994,184.406998
2026-02-27T08:00:00Z,184.410995,184.473007,184.294006,184.376007
2026-02-27T09:00:00Z,184.384995,184.453003,184.059006,184.080994
2026-02-27T10:00:00Z,184.080994,184.123993,184.016998,184.029999
2026-02-27T11:00:00Z,184.031006,184.057999,183.925995,183.970993
2026-02-27T12:00:00Z,183.970993,184.100006,183.940002,183.970993
2026-02-27T13:00:00Z,183.966995,184.203003,183.966995,184.158005
2026-02-27T14:00:00Z,184.162003,184.317001,184.121994,184.242004
2026-02-27T15:00:00Z,184.238007,184.423004,184.203003,184.268005
2026-02-27T16:00:00Z,184.272995,184.496002,184.257996,184.481003
2026-02-27T17:00:00Z,184.485992,184.567001,184.350998,184.395996
2026-02-27T18:00:00Z,184.395996,184.419998,184.294006,184.369995
2026-02-27T19:00:00Z,184.375000,184.414001,184.289001,184.397995
2026-02-27T20:00:00Z,184.397003,184.535995,184.384995,184.531998
2026-02-27T21:00:00Z,184.533997,184.537003,184.291000,184.291000
2026-02-27T22:00:00Z,184.360001,184.360001,184.360001,184.360001
2026-03-02T00:00:00Z,184.184998,184.395004,184.009003,184.184998
2026-03-02T01:00:00Z,184.192001,184.451004,184.186996,184.205002
2026-03-02T02:00:00Z,184.209000,184.307999,184.126007,184.231995
2026-03-02T03:00:00Z,184.231995,184.326004,184.186996,184.281998
2026-03-02T04:00:00Z,184.281006,184.507996,184.242996,184.479004
2026-03-02T05:00:00Z,184.477005,184.690002,184.453003,184.531998
2026-03-02T06:00:00Z,184.531006,184.556000,183.988998,184.048004
2026-03-02T07:00:00Z,184.057007,184.177994,183.740997,183.917999
2026-03-02T08:00:00Z,183.919998,184.143005,183.893005,184.007004
2026-03-02T09:00:00Z,184.011993,184.231003,183.985001,184.214996
2026-03-02T10:00:00Z,184.216003,184.261002,184.134003,184.192993
2026-03-02T11:00:00Z,184.192001,184.203003,184.044006,184.160995
2026-03-02T12:00:00Z,184.166000,184.268997,184.091995,184.188004
2026-03-02T13:00:00Z,184.190002,184.468002,184.167007,184.270004
2026-03-02T14:00:00Z,184.272003,184.570999,184.201004,184.522003
2026-03-02T15:00:00Z,184.520996,184.619003,184.162003,184.229996
2026-03-02T16:00:00Z,184.227997,184.231995,183.875000,184.087006
2026-03-02T17:00:00Z,184.093002,184.240005,184.020996,184.220001
2026-03-02T18:00:00Z,184.216003,184.227005,183.996994,184.039001
2026-03-02T19:00:00Z,184.037994,184.115997,183.988007,184.042007
2026-03-02T20:00:00Z,184.042007,184.050995,183.847000,183.938004
2026-03-02T21:00:00Z,183.938004,184.061996,183.854004,183.882996
2026-03-02T22:00:00Z,183.886002,184.052994,183.781006,183.912003
2026-03-02T23:00:00Z,183.910004,184.005997,183.850006,183.904999
2026-03-03T00:00:00Z,183.908997,184.177002,183.800995,184.175995
2026-03-03T01:00:00Z,184.167999,184.326996,183.970001,183.977997
2026-03-03T02:00:00Z,183.975998,184.057999,183.835007,183.886002
2026-03-03T03:00:00Z,183.889999,183.957993,183.800995,183.858994
2026-03-03T04:00:00Z,183.858994,183.904999,183.789001,183.848999
2026-03-03T05:00:00Z,183.848999,183.934998,183.589996,183.625000
2026-03-03T06:00:00Z,183.619003,183.701004,183.406998,183.460999
2026-03-03T07:00:00Z,183.460007,183.524994,183.151993,183.276001
2026-03-03T08:00:00Z,183.276993,183.401993,183.026001,183.069000
2026-03-03T09:00:00Z,183.070999,183.255997,182.869003,182.962997
2026-03-03T10:00:00Z,182.975998,183.095001,182.919998,182.957001
2026-03-03T11:00:00Z,182.955994,183.179993,182.852997,182.860992
2026-03-03T12:00:00Z,182.865997,183.121002,182.792007,183.063004
2026-03-03T13:00:00Z,183.061996,183.091003,182.888000,182.897003
2026-03-03T14:00:00Z,182.895004,183.067993,182.419998,182.436996
2026-03-03T15:00:00Z,182.436005,182.858994,182.022003,182.662994
2026-03-03T16:00:00Z,182.664993,183.005997,182.662003,182.972000
2026-03-03T17:00:00Z,182.970001,183.024994,182.800995,182.931000
2026-03-03T18:00:00Z,182.938004,183.132004,182.929993,183.119003
2026-03-03T19:00:00Z,183.115997,183.195999,183.018005,183.089005
2026-03-03T20:00:00Z,183.085007,183.175003,183.003998,183.160995
2026-03-03T21:00:00Z,183.153000,183.194000,183.042999,183.108002
2026-03-03T22:00:00Z,183.134003,183.164993,182.761993,182.945999
2026-03-03T23:00:00Z,182.910995,183.218002,182.880005,183.205994
2026-03-04T00:00:00Z,183.171005,183.227005,182.595993,182.623001
2026-03-04T01:00:00Z,182.632004,182.830002,182.552994,182.697998
2026-03-04T02:00:00Z,182.699005,182.830994,182.634003,182.779007
2026-03-04T03:00:00Z,182.785004,182.835999,182.656998,182.723007
2026-03-04T04:00:00Z,182.718002,182.723999,182.369003,182.436996
2026-03-04T05:00:00Z,182.436996,182.725998,182.417007,182.694000
2026-03-04T06:00:00Z,182.699997,182.912994,182.675003,182.789993
2026-03-04T07:00:00Z,182.781006,182.979004,182.707001,182.899002
2026-03-04T08:00:00Z,182.904999,182.904999,182.509003,182.574005
2026-03-04T09:00:00Z,182.570007,182.807999,182.449997,182.479004
2026-03-04T10:00:00Z,182.475998,183.035004,182.464996,182.983002
2026-03-04T11:00:00Z,182.979004,183.123993,182.779007,182.916000
2026-03-04T12:00:00Z,182.921005,182.981995,182.830994,182.951996
2026-03-04T13:00:00Z,182.957993,183.069000,182.910004,182.947006
2026-03-04T14:00:00Z,182.947006,183.069000,182.755997,182.792007
2026-03-04T15:00:00Z,182.796997,183.035995,182.735001,182.886002
2026-03-04T16:00:00Z,182.882996,182.917007,182.580002,182.626007
2026-03-04T17:00:00Z,182.628998,182.679001,182.472000,182.606003
2026-03-04T18:00:00Z,182.606003,182.723999,182.580002,182.684006
2026-03-04T19:00:00Z,182.684006,182.748001,182.625000,182.746002
2026-03-04T20:00:00Z,182.738998,182.880005,182.712997,182.848007
2026-03-04T21:00:00Z,182.854004,182.869003,182.667007,182.677994
2026-03-04T22:00:00Z,182.658005,182.811005,182.503006,182.639008
2026-03-04T23:00:00Z,182.639008,182.766998,182.630997,182.641998
2026-03-05T00:00:00Z,182.632996,182.641006,182.285995,182.319000
2026-03-05T01:00:00Z,182.319000,182.447006,182.162003,182.283005
2026-03-05T02:00:00Z,182.279999,182.472000,182.216995,182.459000
2026-03-05T03:00:00Z,182.455994,182.494995,182.214005,182.313995
2026-03-05T04:00:00Z,182.313995,182.421005,182.304001,182.389008
2026-03-05T05:00:00Z,182.384995,182.477997,182.231995,182.251007
2026-03-05T06:00:00Z,182.250000,182.352005,182.151001,182.263000
2026-03-05T07:00:00Z,182.266006,182.511993,182.186996,182.490005
2026-03-05T08:00:00Z,182.494003,182.507004,182.106995,182.417007
2026-03-05T09:00:00Z,182.417999,182.718994,182.393005,182.654007
2026-03-05T10:00:00Z,182.654999,182.761993,182.548996,182.626999
2026-03-05T11:00:00Z,182.628006,182.705994,182.578003,182.699997
2026-03-05T12:00:00Z,182.697998,182.975006,182.669998,182.947006
2026-03-05T13:00:00Z,182.947006,183.089005,182.852997,182.960999
2026-03-05T14:00:00Z,182.957993,183.020004,182.738007,182.809006
2026-03-05T15:00:00Z,182.811996,182.826996,182.472000,182.569000
2026-03-05T16:00:00Z,182.567993,182.570999,182.352005,182.535995
2026-03-05T17:00:00Z,182.531998,182.800995,182.487000,182.722000
2026-03-05T18:00:00Z,182.723999,182.878006,182.563004,182.742996
2026-03-05T19:00:00Z,182.742996,182.763000,182.608002,182.632996
2026-03-05T20:00:00Z,182.632996,182.850998,182.617996,182.837997
2026-03-05T21:00:00Z,182.834000,182.973007,182.774002,182.876007
2026-03-05T22:00:00Z,182.841003,182.964996,182.617996,182.813995
2026-03-05T23:00:00Z,182.813995,182.942001,182.701996,182.873993
2026-03-06T00:00:00Z,182.873001,182.947998,182.718002,182.830994
2026-03-06T01:00:00Z,182.824997,182.973999,182.796005,182.910004
2026-03-06T02:00:00Z,182.908005,183.029007,182.906006,182.957993
2026-03-06T03:00:00Z,182.955994,183.007996,182.938995,183.005005
2026-03-06T04:00:00Z,182.998993,183.126999,182.987000,183.102997
2026-03-06T05:00:00Z,183.102005,183.246002,183.091003,183.192001
2026-03-06T06:00:00Z,183.190994,183.263000,183.128006,183.147003
2026-03-06T07:00:00Z,183.147003,183.181000,182.953995,182.968994
2026-03-06T08:00:00Z,182.968994,182.992004,182.783997,182.925003
2026-03-06T09:00:00Z,182.919006,182.949005,182.682007,182.701996
2026-03-06T10:00:00Z,182.697006,182.841003,182.684998,182.792999
2026-03-06T11:00:00Z,182.796005,182.819000,182.619995,182.630997
2026-03-06T12:00:00Z,182.630997,182.718002,182.494995,182.563004
2026-03-06T13:00:00Z,182.565994,182.634003,182.352005,182.416000
2026-03-06T14:00:00Z,182.417007,182.671005,182.378998,182.445007
2026-03-06T15:00:00Z,182.453003,182.759003,182.365997,182.477005
2026-03-06T16:00:00Z,182.477005,182.947006,182.468994,182.947006
2026-03-06T17:00:00Z,182.942993,183.078003,182.834000,182.981995
2026-03-06T18:00:00Z,182.977005,183.169006,182.977005,183.033997
2026-03-06T19:00:00Z,183.035004,183.171005,183.024994,183.151001
2026-03-06T20:00:00Z,183.147995,183.298996,183.147003,183.259995
2026-03-06T21:00:00Z,183.257996,183.386002,183.156006,183.272003
2026-03-06T22:00:00Z,183.311005,183.311005,183.311005,183.311005
2026-03-09T00:00:00Z,182.544998,182.761993,182.457001,182.720001
2026-03-09T01:00:00Z,182.714005,182.757996,182.559006,182.639999
2026-03-09T02:00:00Z,182.638000,182.951996,182.638000,182.901001
2026-03-09T03:00:00Z,182.901001,183.039993,182.826004,182.945999
2026-03-09T04:00:00Z,182.953003,183.102005,182.886002,182.929993
2026-03-09T05:00:00Z,182.934006,183.251999,182.923996,183.195999
2026-03-09T06:00:00Z,183.190994,183.322006,183.069000,183.117004
2026-03-09T07:00:00Z,183.126007,183.253998,182.981003,183.229996
2026-03-09T08:00:00Z,183.231003,183.248001,182.649994,182.972000
2026-03-09T09:00:00Z,182.973007,183.188995,182.863007,183.048996
2026-03-09T10:00:00Z,183.052994,183.270004,182.994003,183.179993
2026-03-09T11:00:00Z,183.179001,183.233002,183.126007,183.203003
2026-03-09T12:00:00Z,183.201996,183.272003,183.067001,183.199997
2026-03-09T13:00:00Z,183.199997,183.397995,183.110992,183.270004
2026-03-09T14:00:00Z,183.270996,183.339005,183.044006,183.294998
2026-03-09T15:00:00Z,183.298996,183.373001,183.121002,183.242004
2026-03-09T16:00:00Z,183.242004,183.356995,183.190994,183.240005
2026-03-09T17:00:00Z,183.235992,183.436005,183.214005,183.332001
2026-03-09T18:00:00Z,183.334000,183.406006,183.285995,183.367996
2026-03-09T19:00:00Z,183.367996,183.472000,183.166000,183.251007
2026-03-09T20:00:00Z,183.244003,183.485992,183.207993,183.432999
2026-03-09T21:00:00Z,183.455994,183.587997,183.261993,183.475998
2026-03-09T22:00:00Z,183.445999,183.619003,183.386993,183.526993
2026-03-09T23:00:00Z,183.518005,183.529999,183.352997,183.369995
2026-03-10T00:00:00Z,183.384995,183.473999,183.167999,183.216995
2026-03-10T01:00:00Z,183.214005,183.279007,183.050003,183.156998
2026-03-10T02:00:00Z,183.153000,183.279007,183.115997,183.263000
2026-03-10T03:00:00Z,183.263000,183.367996,183.238998,183.294006
2026-03-10T04:00:00Z,183.294006,183.326004,183.194000,183.203003
2026-03-10T05:00:00Z,183.203003,183.246002,183.113007,183.177002
2026-03-10T06:00:00Z,183.171997,183.324005,183.145004,183.259995
2026-03-10T07:00:00Z,183.257004,183.444000,183.214996,183.412003
2026-03-10T08:00:00Z,183.419006,183.694000,183.345001,183.651001
2026-03-10T09:00:00Z,183.649002,183.738998,183.621994,183.688995
2026-03-10T10:00:00Z,183.688995,183.759003,183.462997,183.623993
2026-03-10T11:00:00Z,183.630005,183.761002,183.613007,183.645996
2026-03-10T12:00:00Z,183.645996,183.701004,183.492004,183.595993
2026-03-10T13:00:00Z,183.600998,183.703003,183.542999,183.593002
2026-03-10T14:00:00Z,183.598007,183.703003,183.556000,183.677994
2026-03-10T15:00:00Z,183.679001,183.716003,183.563004,183.563995
2026-03-10T16:00:00Z,183.567001,183.628998,183.501999,183.591003
2026-03-10T17:00:00Z,183.597000,183.662994,183.509003,183.524002
2026-03-10T18:00:00Z,183.526001,183.636993,183.438995,183.507004
2026-03-10T19:00:00Z,183.507004,183.632996,183.483994,183.539993
2026-03-10T20:00:00Z,183.542999,183.559998,183.419006,183.496994
2026-03-10T21:00:00Z,183.492004,183.563004,183.345993,183.511993
2026-03-10T22:00:00Z,183.522003,183.570999,183.481995,183.548996
2026-03-10T23:00:00Z,183.548996,183.615997,183.524002,183.593994
2026-03-11T00:00:00Z,183.576996,183.860992,183.529007,183.781006
2026-03-11T01:00:00Z,183.785995,184.048996,183.783005,184.020996
2026-03-11T02:00:00Z,184.022003,184.074997,183.985001,184.024002
2026-03-11T03:00:00Z,184.028000,184.054001,183.959000,183.983002
2026-03-11T04:00:00Z,183.988998,184.074005,183.912994,183.929001
2026-03-11T05:00:00Z,183.932007,184.018997,183.878998,183.998001
2026-03-11T06:00:00Z,183.994003,184.005005,183.716995,183.796005
2026-03-11T07:00:00Z,183.802002,183.992004,183.727997,183.804001
2026-03-11T08:00:00Z,183.800995,183.945007,183.776993,183.940002
2026-03-11T09:00:00Z,183.942001,183.977997,183.623001,183.697998
2026-03-11T10:00:00Z,183.697998,183.841003,183.667999,183.725006
2026-03-11T11:00:00Z,183.720993,183.899994,183.651993,183.774994
2026-03-11T12:00:00Z,183.770996,183.813004,183.630005,183.707993
2026-03-11T13:00:00Z,183.710007,183.757996,183.584000,183.701996
2026-03-11T14:00:00Z,183.703003,183.886993,183.677994,183.787994
2026-03-11T15:00:00Z,183.791000,183.820007,183.697998,183.705002
2026-03-11T16:00:00Z,183.701996,183.809006,183.671005,183.781006
2026-03-11T17:00:00Z,183.781998,183.938004,183.761002,183.802002
2026-03-11T18:00:00Z,183.802002,183.921005,183.787003,183.899994
2026-03-11T19:00:00Z,183.901993,183.970001,183.871994,183.949005
2026-03-11T20:00:00Z,183.960999,183.960999,183.819000,183.852997
2026-03-11T21:00:00Z,183.800003,183.888000,183.677994,183.804001
2026-03-11T22:00:00Z,183.806000,183.889008,183.621994,183.628006
2026-03-11T23:00:00Z,183.628998,183.740997,183.578003,183.615005
2026-03-12T00:00:00Z,183.628006,183.723999,183.537994,183.546997
2026-03-12T01:00:00Z,183.548004,183.582001,183.468994,183.490005
2026-03-12T02:00:00Z,183.488998,183.557007,183.436996,183.524994
2026-03-12T03:00:00Z,183.524994,183.531006,183.425995,183.485992
2026-03-12T04:00:00Z,183.481995,183.554001,183.470993,183.516006
2026-03-12T05:00:00Z,183.516006,183.615997,183.468002,183.602005
2026-03-12T06:00:00Z,183.600006,183.684006,183.473999,183.492996
2026-03-12T07:00:00Z,183.494003,183.610992,183.362000,183.423996
2026-03-12T08:00:00Z,183.431000,183.520996,183.335007,183.464996
2026-03-12T09:00:00Z,183.462006,183.591995,183.436996,183.503006
2026-03-12T10:00:00Z,183.500000,183.546997,183.363998,183.436996
2026-03-12T11:00:00Z,183.436996,183.464005,183.330002,183.382004
2026-03-12T12:00:00Z,183.386002,183.434006,183.233994,183.347000
2026-03-12T13:00:00Z,183.343002,183.460007,183.212006,183.259995
2026-03-12T14:00:00Z,183.261993,183.440994,183.225006,183.384003
2026-03-12T15:00:00Z,183.378998,183.472000,183.315002,183.436996
2026-03-12T16:00:00Z,183.438004,183.524994,183.389999,183.434006
2026-03-12T17:00:00Z,183.438004,183.610992,183.431000,183.554993
2026-03-12T18:00:00Z,183.554993,183.610992,183.479996,183.501999
2026-03-12T19:00:00Z,183.503998,183.595993,183.477997,183.511002
2026-03-12T20:00:00Z,183.514999,183.544006,183.365005,183.403000
2026-03-12T21:00:00Z,183.384003,183.501999,183.227005,183.386002
2026-03-12T22:00:00Z,183.395996,183.574005,183.363998,183.457001
2026-03-12T23:00:00Z,183.462006,183.526001,183.401993,183.442993
2026-03-13T00:00:00Z,183.457001,183.460999,183.278000,183.324997
2026-03-13T01:00:00Z,183.320007,183.436005,183.315002,183.417999
2026-03-13T02:00:00Z,183.416000,183.511993,183.371994,183.391998
2026-03-13T03:00:00Z,183.393005,183.455994,183.347000,183.401001
2026-03-13T04:00:00Z,183.395996,183.651993,183.358002,183.473007
2026-03-13T05:00:00Z,183.473007,183.483002,183.287003,183.354004
2026-03-13T06:00:00Z,183.348999,183.365005,183.050003,183.061996
2026-03-13T07:00:00Z,183.061996,183.078995,182.589996,182.682007
2026-03-13T08:00:00Z,182.677002,182.677994,182.296005,182.356003
2026-03-13T09:00:00Z,182.354004,182.694000,182.322998,182.647003
2026-03-13T10:00:00Z,182.649994,182.789993,182.608994,182.643005
2026-03-13T11:00:00Z,182.645996,182.837006,182.613998,182.673004
2026-03-13T12:00:00Z,182.673996,182.916000,182.651993,182.875000
2026-03-13T13:00:00Z,182.876007,182.919998,182.606995,182.621994
2026-03-13T14:00:00Z,182.602997,182.764999,182.561996,182.587006
2026-03-13T15:00:00Z,182.587006,182.673004,182.468994,182.559006
2026-03-13T16:00:00Z,182.561996,182.649994,182.520004,182.630005
2026-03-13T17:00:00Z,182.626999,182.686996,182.557007,182.582001
2026-03-13T18:00:00Z,182.580002,182.647003,182.524002,182.557999
2026-03-13T19:00:00Z,182.559006,182.559998,182.360001,182.386002
2026-03-13T20:00:00Z,182.384995,182.386002,182.246002,182.347000
2026-03-13T21:00:00Z,182.339996,182.360992,182.339996,182.339996
2026-03-13T22:00:00Z,182.339996,182.360992,182.339996,182.360992
2026-03-16T00:00:00Z,182.453995,182.552994,182.373001,182.472000
2026-03-16T01:00:00Z,182.468994,182.552994,182.401993,182.518005
2026-03-16T02:00:00Z,182.520004,182.723007,182.503998,182.690002
2026-03-16T03:00:00Z,182.690002,182.729004,182.608994,182.632004
2026-03-16T04:00:00Z,182.632996,182.703003,182.556000,182.557999
2026-03-16T05:00:00Z,182.556000,182.585999,182.195007,182.199997
2026-03-16T06:00:00Z,182.195999,182.212997,182.018997,182.091995
2026-03-16T07:00:00Z,182.091995,182.098007,181.860992,181.998001
2026-03-16T08:00:00Z,181.996994,182.375000,181.979996,182.367996
2026-03-16T09:00:00Z,182.365997,182.434006,182.330994,182.417007
2026-03-16T10:00:00Z,182.419006,182.774002,182.386993,182.709000
2026-03-16T11:00:00Z,182.709000,182.774994,182.630997,182.664993
2026-03-16T12:00:00Z,182.664993,182.679001,182.485001,182.578995
2026-03-16T13:00:00Z,182.578003,182.807999,182.563995,182.776993
2026-03-16T14:00:00Z,182.776001,182.843002,182.660004,182.832993
2026-03-16T15:00:00Z,182.834000,183.013000,182.828995,182.973999
2026-03-16T16:00:00Z,182.972000,183.072006,182.854004,183.048004
2026-03-16T17:00:00Z,183.042999,183.130997,183.014008,183.033005
2026-03-16T18:00:00Z,183.033997,183.173004,183.029999,183.106003
2026-03-16T19:00:00Z,183.100998,183.173996,183.098999,183.149994
2026-03-16T20:00:00Z,183.145996,183.175003,182.923996,183.067993
2026-03-16T21:00:00Z,183.063004,183.104996,182.876007,183.022995
2026-03-16T22:00:00Z,183.009995,183.091995,182.912994,182.966995
2026-03-16T23:00:00Z,182.951996,183.041000,182.927994,182.957993
2026-03-17T00:00:00Z,182.968994,183.095993,182.919006,183.087006
2026-03-17T01:00:00Z,183.087997,183.209000,183.048004,183.167007
2026-03-17T02:00:00Z,183.164993,183.223999,183.143997,183.186996
2026-03-17T03:00:00Z,183.186005,183.240005,183.097000,183.123001
2026-03-17T04:00:00Z,183.121002,183.151001,183.063004,183.067993
2026-03-17T05:00:00Z,183.067001,183.132004,182.994995,183.026001
2026-03-17T06:00:00Z,183.022995,183.050003,182.813995,182.957993
2026-03-17T07:00:00Z,182.955002,183.104004,182.945007,183.035995
2026-03-17T08:00:00Z,183.031998,183.225006,182.852005,183.128998
2026-03-17T09:00:00Z,183.134995,183.332001,183.119995,183.253998
2026-03-17T10:00:00Z,183.248993,183.268997,183.057007,183.085999
2026-03-17T11:00:00Z,183.082993,183.141998,183.033005,183.082001
2026-03-17T12:00:00Z,183.078995,183.291000,183.061996,183.264999
2026-03-17T13:00:00Z,183.268005,183.380005,183.132004,183.186005
2026-03-17T14:00:00Z,183.188004,183.306000,183.156998,183.292999
2026-03-17T15:00:00Z,183.292999,183.360992,183.233002,183.274002
2026-03-17T16:00:00Z,183.274002,183.322006,183.166000,183.225998
2026-03-17T17:00:00Z,183.225998,183.449005,183.218994,183.440002
2026-03-17T18:00:00Z,183.436996,183.526993,183.436996,183.516998
2026-03-17T19:00:00Z,183.518005,183.544006,183.421997,183.462997
2026-03-17T20:00:00Z,183.464005,183.520996,183.438004,183.460999
2026-03-17T21:00:00Z,183.421997,183.514008,183.233002,183.388000
2026-03-17T22:00:00Z,183.388000,183.511993,183.341995,183.462006
2026-03-17T23:00:00Z,183.449997,183.473999,183.343994,183.386002
2026-03-18T00:00:00Z,183.373993,183.572006,183.279999,183.466003
2026-03-18T01:00:00Z,183.468002,183.520996,183.384995,183.425995
2026-03-18T02:00:00Z,183.427002,183.457001,183.235992,183.292999
2026-03-18T03:00:00Z,183.287994,183.393997,183.281006,183.367996
2026-03-18T04:00:00Z,183.367004,183.399994,183.240005,183.315994
2026-03-18T05:00:00Z,183.315994,183.324997,183.156006,183.248001
2026-03-18T06:00:00Z,183.242996,183.276993,183.115997,183.244995
2026-03-18T07:00:00Z,183.248993,183.358994,182.960007,183.011993
2026-03-18T08:00:00Z,183.014999,183.358002,183.014999,183.328003
2026-03-18T09:00:00Z,183.328003,183.421005,183.296997,183.388000
2026-03-18T10:00:00Z,183.371994,183.548996,183.371994,183.522003
2026-03-18T11:00:00Z,183.516998,183.641006,183.451996,183.582993
2026-03-18T12:00:00Z,183.582993,183.623993,183.406006,183.503998
2026-03-18T13:00:00Z,183.505005,183.679001,183.373001,183.675995
2026-03-18T14:00:00Z,183.679993,183.826996,183.522995,183.619003
2026-03-18T15:00:00Z,183.623001,183.798004,183.593994,183.636002
2026-03-18T16:00:00Z,183.634995,183.718002,183.537003,183.582001
2026-03-18T17:00:00Z,183.582001,183.606995,183.494995,183.582993
2026-03-18T18:00:00Z,183.582993,183.621994,183.332001,183.348999
2026-03-18T19:00:00Z,183.348999,183.410995,183.287994,183.334000
2026-03-18T20:00:00Z,183.335999,183.350006,183.020996,183.026993
2026-03-18T21:00:00Z,183.018005,183.296997,182.972000,183.143997
2026-03-18T22:00:00Z,183.143005,183.171997,183.029007,183.052994
2026-03-18T23:00:00Z,183.050995,183.212006,183.046997,183.197006
2026-03-19T00:00:00Z,183.199997,183.343994,183.164001,183.330002
2026-03-19T01:00:00Z,183.332001,183.419998,183.216003,183.231003
2026-03-19T02:00:00Z,183.235992,183.434006,183.147995,183.322006
2026-03-19T03:00:00Z,183.322006,183.354004,183.156006,183.171005
2026-03-19T04:00:00Z,183.171005,183.186996,183.069000,183.108002
2026-03-19T05:00:00Z,183.108002,183.192001,183.098007,183.125000
2026-03-19T06:00:00Z,183.125000,183.253998,182.996994,183.085999
2026-03-19T07:00:00Z,183.078995,183.102997,182.311996,182.363998
2026-03-19T08:00:00Z,182.363998,182.565002,182.048996,182.283005
2026-03-19T09:00:00Z,182.279999,182.783997,182.276993,182.710007
2026-03-19T10:00:00Z,182.714005,182.716995,182.503998,182.582001
2026-03-19T11:00:00Z,182.578003,182.677002,182.421997,182.598999
2026-03-19T12:00:00Z,182.598999,182.750000,182.457001,182.544998
2026-03-19T13:00:00Z,182.539993,182.617004,182.057999,182.233994
2026-03-19T14:00:00Z,182.229004,182.393005,182.063004,182.389999
2026-03-19T15:00:00Z,182.380997,182.570007,182.042999,182.151001
2026-03-19T16:00:00Z,182.151001,182.406006,182.087997,182.324005
2026-03-19T17:00:00Z,182.320999,182.539993,182.320999,182.434006
2026-03-19T18:00:00Z,182.438995,182.699005,182.367004,182.669006
2026-03-19T19:00:00Z,182.671997,182.985992,182.522995,182.634995
2026-03-19T20:00:00Z,182.636002,182.776993,182.600006,182.742996
2026-03-19T21:00:00Z,182.776993,182.839996,182.537003,182.718002
2026-03-19T22:00:00Z,182.733994,182.891006,182.707001,182.787994
2026-03-19T23:00:00Z,182.779999,182.899994,182.755005,182.828003
2026-03-20T00:00:00Z,182.820999,182.860992,182.647995,182.692993
2026-03-20T01:00:00Z,182.694000,182.891006,182.585999,182.845001
2026-03-20T02:00:00Z,182.845993,183.106003,182.845993,183.054001
2026-03-20T03:00:00Z,183.056000,183.084000,182.964005,183.044006
2026-03-20T04:00:00Z,183.042999,183.085999,183.013000,183.016006
2026-03-20T05:00:00Z,183.014008,183.085999,183.011002,183.024994
2026-03-20T06:00:00Z,183.024994,183.182007,183.020996,183.112000
2026-03-20T07:00:00Z,183.104004,183.302994,183.091995,183.190002
2026-03-20T08:00:00Z,183.188004,183.421997,183.171997,183.328995
2026-03-20T09:00:00Z,183.332001,183.513000,183.276001,183.425995
2026-03-20T10:00:00Z,183.427002,183.485992,183.259995,183.468002
2026-03-20T11:00:00Z,183.470993,183.608994,183.388000,183.501007
2026-03-20T12:00:00Z,183.498001,183.604004,183.477005,183.520004
2026-03-20T13:00:00Z,183.522995,183.615997,183.447998,183.526993
2026-03-20T14:00:00Z,183.524002,183.617996,183.429993,183.544998
2026-03-20T15:00:00Z,183.544998,183.856995,183.533997,183.811996
2026-03-20T16:00:00Z,183.807999,184.128998,183.800003,184.097000
2026-03-20T17:00:00Z,184.102005,184.156006,184.014999,184.026001
2026-03-20T18:00:00Z,184.022995,184.214005,183.966003,184.057999
2026-03-20T19:00:00Z,184.061005,184.126007,183.970993,184.125000
2026-03-20T20:00:00Z,184.119003,184.250000,184.106003,184.233002
2026-03-20T21:00:00Z,184.205002,184.298996,184.205002,184.248001
2026-03-20T22:00:00Z,184.248001,184.248001,184.248001,184.248001
2026-03-23T00:00:00Z,183.996994,184.132004,183.819000,184.128006
2026-03-23T01:00:00Z,184.123993,184.334000,184.095001,184.266006
2026-03-23T02:00:00Z,184.266006,184.279007,184.126999,184.192993
2026-03-23T03:00:00Z,184.195999,184.279007,184.007004,184.117996
2026-03-23T04:00:00Z,184.123993,184.156998,184.020996,184.108002
2026-03-23T05:00:00Z,184.106003,184.149002,184.000000,184.044006
2026-03-23T06:00:00Z,184.044006,184.067001,183.839996,183.876007
2026-03-23T07:00:00Z,183.875000,184.052994,183.800003,183.959000
2026-03-23T08:00:00Z,183.962006,184.119995,183.738007,183.817993
2026-03-23T09:00:00Z,183.830002,183.854996,183.376007,183.389999
2026-03-23T10:00:00Z,183.389999,183.445999,183.276993,183.332993
2026-03-23T11:00:00Z,183.330002,184.233002,183.149002,183.662003
2026-03-23T12:00:00Z,183.656006,184.087006,183.593994,184.061005
2026-03-23T13:00:00Z,184.067001,184.089005,183.759003,183.804001
2026-03-23T14:00:00Z,183.796005,184.240005,183.641006,184.020004
2026-03-23T15:00:00Z,184.022003,184.123001,183.826996,183.873001
2026-03-23T16:00:00Z,183.873001,183.994003,183.764008,183.929993
2026-03-23T17:00:00Z,183.934006,183.964996,183.798004,183.819000
2026-03-23T18:00:00Z,183.822006,183.955994,183.725006,183.919006
2026-03-23T19:00:00Z,183.919006,183.987000,183.830002,183.970001
2026-03-23T20:00:00Z,183.973999,184.022995,183.880997,183.975006
2026-03-23T21:00:00Z,183.927994,183.998993,183.701004,183.949997
2026-03-23T22:00:00Z,183.923996,183.990997,183.822998,183.889008
2026-03-23T23:00:00Z,183.884995,183.977997,183.817001,183.957993
2026-03-24T00:00:00Z,183.968002,183.983002,183.636002,183.755997
2026-03-24T01:00:00Z,183.757004,183.792007,183.617004,183.710007
2026-03-24T02:00:00Z,183.709000,183.843994,183.694000,183.820999
2026-03-24T03:00:00Z,183.820999,183.867996,183.716995,183.856995
2026-03-24T04:00:00Z,183.852005,183.873001,183.770996,183.839996
2026-03-24T05:00:00Z,183.837006,183.858994,183.738007,183.742996
2026-03-24T06:00:00Z,183.746002,183.867004,183.723007,183.841995
2026-03-24T07:00:00Z,183.841995,184.057007,183.820999,183.988998
2026-03-24T08:00:00Z,183.990005,183.990005,183.662994,183.848007
2026-03-24T09:00:00Z,183.847000,183.981995,183.742996,183.923996
2026-03-24T10:00:00Z,183.921997,184.011993,183.878998,183.953995
2026-03-24T11:00:00Z,183.951996,184.013000,183.858994,183.996994
2026-03-24T12:00:00Z,183.994003,184.108002,183.917999,183.979996
2026-03-24T13:00:00Z,183.979996,184.048996,183.807007,183.848999
2026-03-24T14:00:00Z,183.848007,184.061005,183.839996,183.953003
2026-03-24T15:00:00Z,183.949005,183.985001,183.873001,183.968994
2026-03-24T16:00:00Z,183.973007,184.119995,183.953995,184.067001
2026-03-24T17:00:00Z,184.074997,184.186996,183.862000,184.141006
2026-03-24T18:00:00Z,184.141998,184.166000,184.080002,184.117996
2026-03-24T19:00:00Z,184.117004,184.225998,184.115005,184.188995
2026-03-24T20:00:00Z,184.188995,184.253006,184.070999,184.188004
2026-03-24T21:00:00Z,184.147003,184.255997,183.975006,184.173996
2026-03-24T22:00:00Z,184.171005,184.326004,184.104996,184.287003
2026-03-24T23:00:00Z,184.292999,184.360001,184.233994,184.319000
2026-03-25T00:00:00Z,184.309006,184.554993,184.272995,184.395996
2026-03-25T01:00:00Z,184.395996,184.429993,184.294006,184.300995
2026-03-25T02:00:00Z,184.298996,184.345993,184.207001,184.272003
2026-03-25T03:00:00Z,184.272003,184.306000,184.214996,184.263000
2026-03-25T04:00:00Z,184.261993,184.391006,184.238007,184.263000
2026-03-25T05:00:00Z,184.263000,184.360001,184.229004,184.304001
2026-03-25T06:00:00Z,184.302002,184.417007,184.253998,184.382004
2026-03-25T07:00:00Z,184.376007,184.600006,184.356003,184.557007
2026-03-25T08:00:00Z,184.557007,184.574997,184.179993,184.214005
2026-03-25T09:00:00Z,184.218002,184.337006,184.186996,184.294998
2026-03-25T10:00:00Z,184.294998,184.436996,184.292007,184.378998
2026-03-25T11:00:00Z,184.378998,184.429001,184.276993,184.345001
2026-03-25T12:00:00Z,184.348999,184.404999,184.251007,184.324005
2026-03-25T13:00:00Z,184.322006,184.386002,184.128006,184.171997
2026-03-25T14:00:00Z,184.175003,184.311996,184.104004,184.268997
2026-03-25T15:00:00Z,184.274002,184.320007,184.033005,184.192993
2026-03-25T16:00:00Z,184.194000,184.244995,184.031998,184.205002
2026-03-25T17:00:00Z,184.207001,184.414001,184.197006,184.388000
2026-03-25T18:00:00Z,184.386002,184.449997,184.326996,184.384003
2026-03-25T19:00:00Z,184.384995,184.447006,184.348007,184.384003
2026-03-25T20:00:00Z,184.384995,184.389999,184.289001,184.309998
2026-03-25T21:00:00Z,184.317993,184.356003,184.123001,184.263000
2026-03-25T22:00:00Z,184.240005,184.324005,184.139008,184.272995
2026-03-25T23:00:00Z,184.264008,184.311005,184.229996,184.272003
2026-03-26T00:00:00Z,184.272995,184.369995,184.214005,184.311996
2026-03-26T01:00:00Z,184.315994,184.449005,184.302002,184.417007
2026-03-26T02:00:00Z,184.417999,184.442993,184.307999,184.384995
2026-03-26T03:00:00Z,184.384995,184.473007,184.332993,184.460999
2026-03-26T04:00:00Z,184.455994,184.473007,184.399002,184.447998
2026-03-26T05:00:00Z,184.445999,184.459000,184.306000,184.326996
2026-03-26T06:00:00Z,184.330002,184.343994,184.173996,184.261002
2026-03-26T07:00:00Z,184.264008,184.292999,184.156006,184.272003
2026-03-26T08:00:00Z,184.274002,184.356003,184.192001,184.337006
2026-03-26T09:00:00Z,184.335007,184.410004,184.229004,184.358994
2026-03-26T10:00:00Z,184.358994,184.449997,184.296997,184.315994
2026-03-26T11:00:00Z,184.322006,184.339005,183.964005,183.988007
2026-03-26T12:00:00Z,183.988998,184.151993,183.977997,184.138000
2026-03-26T13:00:00Z,184.136002,184.257996,184.113998,184.126999
2026-03-26T14:00:00Z,184.128998,184.283005,184.110992,184.240005
2026-03-26T15:00:00Z,184.242996,184.309006,184.143997,184.257004
2026-03-26T16:00:00Z,184.261993,184.292999,184.134003,184.175995
2026-03-26T17:00:00Z,184.175995,184.222000,184.117004,184.134003
2026-03-26T18:00:00Z,184.132004,184.263000,184.123001,184.238007
2026-03-26T19:00:00Z,184.238007,184.244003,184.139999,184.143997
2026-03-26T20:00:00Z,184.145996,184.276993,184.061005,184.167999
2026-03-26T21:00:00Z,184.186996,184.300995,184.014999,184.126007
2026-03-26T22:00:00Z,184.132004,184.257004,184.115997,184.199005
2026-03-26T23:00:00Z,184.199997,184.235001,184.177994,184.229996
2026-03-27T00:00:00Z,184.227997,184.240005,183.863007,183.968994
2026-03-27T01:00:00Z,183.977997,184.134995,183.925003,184.035004
2026-03-27T02:00:00Z,184.037994,184.147995,184.026001,184.061996
2026-03-27T03:00:00Z,184.065994,184.182999,184.013000,184.175003
2026-03-27T04:00:00Z,184.173004,184.248001,184.110001,184.240997
2026-03-27T05:00:00Z,184.240997,184.274994,184.175003,184.218994
2026-03-27T06:00:00Z,184.218994,184.281998,184.147003,184.257004
2026-03-27T07:00:00Z,184.257996,184.339005,184.205994,184.233994
2026-03-27T08:00:00Z,184.233994,184.238998,184.098007,184.139008
2026-03-27T09:00:00Z,184.134995,184.207001,184.082001,184.151993
2026-03-27T10:00:00Z,184.149994,184.220993,184.069000,184.078003
2026-03-27T11:00:00Z,184.080002,184.095001,183.921005,183.951004
2026-03-27T12:00:00Z,183.951004,184.132996,183.858002,184.091995
2026-03-27T13:00:00Z,184.089005,184.395996,184.089005,184.257004
2026-03-27T14:00:00Z,184.233002,184.393997,184.229004,184.337997
2026-03-27T15:00:00Z,184.337997,184.509003,184.289993,184.496002
2026-03-27T16:00:00Z,184.496994,184.654999,184.388000,184.464996
2026-03-27T17:00:00Z,184.460999,184.608994,184.445007,184.585007
2026-03-27T18:00:00Z,184.582001,184.639008,184.494995,184.501999
2026-03-27T19:00:00Z,184.501999,184.518005,184.434998,184.440994
2026-03-27T20:00:00Z,184.436005,184.539993,184.354004,184.410995
2026-03-27T21:00:00Z,184.460007,184.526993,184.460007,184.513000
2026-03-29T23:00:00Z,184.289993,184.367004,184.117996,184.130005
2026-03-30T00:00:00Z,184.126999,184.151001,183.964005,183.966003
2026-03-30T01:00:00Z,183.966003,184.072998,183.947998,183.994995
2026-03-30T02:00:00Z,183.992996,184.056000,183.886002,183.994995
2026-03-30T03:00:00Z,183.996002,184.033997,183.919998,183.998993
2026-03-30T04:00:00Z,183.998993,184.022003,183.884995,183.973007
2026-03-30T05:00:00Z,183.977005,183.990997,183.820007,183.938004
2026-03-30T06:00:00Z,183.932007,184.016998,183.806000,183.973007
2026-03-30T07:00:00Z,183.972000,183.977005,183.531006,183.688995
2026-03-30T08:00:00Z,183.686996,183.723007,183.462997,183.570007
2026-03-30T09:00:00Z,183.567001,183.602005,183.332001,183.440002
2026-03-30T10:00:00Z,183.447006,183.447006,183.322006,183.373993
2026-03-30T11:00:00Z,183.369003,183.384003,183.182007,183.184006
2026-03-30T12:00:00Z,183.182999,183.195999,182.975006,182.994995
2026-03-30T13:00:00Z,182.998993,183.074997,182.826004,182.878998
2026-03-30T14:00:00Z,182.873993,182.973007,182.789001,182.901993
2026-03-30T15:00:00Z,182.899994,182.925995,182.604004,182.662994
2026-03-30T16:00:00Z,182.660004,182.737000,182.582993,182.714996
2026-03-30T17:00:00Z,182.716003,182.878006,182.707001,182.820007
2026-03-30T18:00:00Z,182.820007,182.975998,182.781006,182.945999
2026-03-30T19:00:00Z,182.945007,183.014008,182.899994,182.998993
2026-03-30T20:00:00Z,182.998993,183.093002,182.962997,183.013000
2026-03-30T21:00:00Z,183.050003,183.205002,182.856003,183.070007
2026-03-30T22:00:00Z,183.070007,183.173004,183.022003,183.128006
2026-03-30T23:00:00Z,183.121994,183.132004,183.031998,183.121002
2026-03-31T00:00:00Z,183.121002,183.462006,183.035004,183.455002
2026-03-31T01:00:00Z,183.455002,183.572006,183.304001,183.328003
2026-03-31T02:00:00Z,183.322006,183.343994,183.134995,183.154007
2026-03-31T03:00:00Z,183.156998,183.210999,183.126007,183.192001
2026-03-31T04:00:00Z,183.197006,183.223007,183.061996,183.067993
2026-03-31T05:00:00Z,183.065994,183.097000,182.819000,182.977997
2026-03-31T06:00:00Z,182.977005,183.261002,182.925995,183.233994
2026-03-31T07:00:00Z,183.231995,183.261002,183.070007,183.145004
2026-03-31T08:00:00Z,183.147995,183.181000,182.968994,182.990997
2026-03-31T09:00:00Z,182.968994,183.110001,182.878006,183.078003
2026-03-31T10:00:00Z,183.082001,183.160004,183.029999,183.033997
2026-03-31T11:00:00Z,183.033005,183.199005,183.009995,183.184998
2026-03-31T12:00:00Z,183.182999,183.423996,183.181000,183.315994
2026-03-31T13:00:00Z,183.313004,183.498993,183.248993,183.440994
2026-03-31T14:00:00Z,183.451996,183.647995,183.220993,183.270004
2026-03-31T15:00:00Z,183.281998,183.360001,183.067001,183.212006
2026-03-31T16:00:00Z,183.212006,183.608994,183.201996,183.436996
2026-03-31T17:00:00Z,183.436005,183.550995,183.404007,183.414993
2026-03-31T18:00:00Z,183.419998,183.490005,183.311005,183.412994
2026-03-31T19:00:00Z,183.412994,183.492996,183.380997,183.449997
2026-03-31T20:00:00Z,183.451004,183.494003,183.294006,183.358002
2026-03-31T21:00:00Z,183.330002,183.522003,183.201004,183.330994
2026-03-31T22:00:00Z,183.326004,183.494003,183.294006,183.395996
2026-03-31T23:00:00Z,183.399994,183.546005,183.339996,183.479996
2026-04-01T00:00:00Z,183.475006,183.798004,183.358002,183.720001
2026-04-01T01:00:00Z,183.716003,183.843994,183.451004,183.483002
2026-04-01T02:00:00Z,183.487000,183.628998,183.462997,183.556000
2026-04-01T03:00:00Z,183.556000,183.651993,183.371002,183.589005
2026-04-01T04:00:00Z,183.589996,183.751999,183.559006,183.569000
2026-04-01T05:00:00Z,183.572006,183.806000,183.481995,183.490997
2026-04-01T06:00:00Z,183.485992,183.643005,183.343002,183.440002
2026-04-01T07:00:00Z,183.434006,183.873993,183.341003,183.832993
2026-04-01T08:00:00Z,183.828995,184.016998,183.761993,183.822998
2026-04-01T09:00:00Z,183.830994,184.050995,183.634995,183.966003
2026-04-01T10:00:00Z,183.964005,184.050995,183.787994,183.807007
2026-04-01T11:00:00Z,183.811996,183.931000,183.733002,183.735001
2026-04-01T12:00:00Z,183.735992,183.998993,183.606003,183.901993
2026-04-01T13:00:00Z,183.897995,184.285995,183.863998,184.100998
2026-04-01T14:00:00Z,184.130997,184.363998,184.016006,184.136002
2026-04-01T15:00:00Z,184.134003,184.250000,184.029007,184.164001
2026-04-01T16:00:00Z,184.160995,184.240005,184.085999,184.154999
2026-04-01T17:00:00Z,184.154999,184.218002,183.925995,183.938995
2026-04-01T18:00:00Z,183.940002,184.033005,183.796997,183.865997
2026-04-01T19:00:00Z,183.865997,184.108994,183.856003,183.996994
2026-04-01T20:00:00Z,183.998001,184.095993,183.925995,183.949997
2026-04-01T21:00:00Z,183.942001,184.072998,183.619995,183.882004
2026-04-01T22:00:00Z,183.848007,184.001999,183.776993,183.811996
2026-04-01T23:00:00Z,183.800995,183.951004,183.770004,183.910004
2026-04-02T00:00:00Z,183.908997,184.054001,183.830994,183.951996
2026-04-02T01:00:00Z,183.947006,184.054001,183.776993,183.975006
2026-04-02T02:00:00Z,183.979004,184.104996,183.903000,184.046005
2026-04-02T03:00:00Z,184.044998,184.089005,183.858002,183.876999
2026-04-02T04:00:00Z,183.876999,183.923996,183.776993,183.796005
2026-04-02T05:00:00Z,183.794998,183.880005,183.688004,183.723999
2026-04-02T06:00:00Z,183.727005,183.841995,183.485001,183.807999
2026-04-02T07:00:00Z,183.809006,184.162003,183.796005,183.996002
2026-04-02T08:00:00Z,183.996994,184.085999,183.932007,184.000000
2026-04-02T09:00:00Z,184.001999,184.078003,183.882996,183.884995
2026-04-02T10:00:00Z,183.884003,183.917999,183.759995,183.800995
2026-04-02T11:00:00Z,183.798004,183.981003,183.763000,183.901993
2026-04-02T12:00:00Z,183.901993,184.022995,183.878006,183.932999
2026-04-02T13:00:00Z,183.932007,184.016998,183.813004,183.848999
2026-04-02T14:00:00Z,183.847000,184.162994,183.774002,184.048004
2026-04-02T15:00:00Z,184.048004,184.102005,183.906998,183.929993
2026-04-02T16:00:00Z,183.929001,184.106003,183.876999,184.029999
2026-04-02T17:00:00Z,184.028000,184.223999,184.014008,184.100006
2026-04-02T18:00:00Z,184.100006,184.203995,184.091995,184.123001
2026-04-02T19:00:00Z,184.121002,184.186996,184.056000,184.136993
2026-04-02T20:00:00Z,184.134995,184.181000,184.044998,184.139008
2026-04-02T21:00:00Z,184.033005,184.207993,183.934006,184.087997
2026-04-02T22:00:00Z,184.087997,184.167007,184.011993,184.067993
2026-04-02T23:00:00Z,184.070007,184.113007,184.046005,184.061005
2026-04-03T00:00:00Z,184.057999,184.167007,183.981003,184.123001
2026-04-03T01:00:00Z,184.123993,184.188004,184.085999,184.125000
2026-04-03T02:00:00Z,184.125000,184.203003,184.113007,184.171997
2026-04-03T03:00:00Z,184.175995,184.199997,184.063995,184.072998
2026-04-03T04:00:00Z,184.074005,184.108994,183.998001,184.082993
2026-04-03T05:00:00Z,184.085999,184.205002,184.020004,184.182007
2026-04-03T06:00:00Z,184.182007,184.218994,184.119995,184.186005
2026-04-03T07:00:00Z,184.186005,184.244003,184.164993,184.186005
2026-04-03T08:00:00Z,184.179001,184.261993,184.167007,184.220001
2026-04-03T09:00:00Z,184.216003,184.261993,184.158997,184.199997
2026-04-03T10:00:00Z,184.199997,184.285995,184.186996,184.231995
2026-04-03T11:00:00Z,184.229996,184.259003,184.123001,184.175003
2026-04-03T12:00:00Z,184.175003,184.216995,183.828995,184.035004
2026-04-03T13:00:00Z,184.035004,184.089996,183.884995,183.979996
2026-04-03T14:00:00Z,183.966995,184.011993,183.852005,183.854996
2026-04-03T15:00:00Z,183.854996,183.960999,183.848999,183.923004
2026-04-03T16:00:00Z,183.910995,183.936996,183.837006,183.858994
2026-04-03T17:00:00Z,183.852997,183.938004,183.837006,183.884003
2026-04-03T18:00:00Z,183.871002,183.917999,183.778000,183.804001
2026-04-03T19:00:00Z,183.798004,183.841003,183.776993,183.791000
2026-04-03T20:00:00Z,183.794998,183.955994,183.621002,183.811996
2026-04-03T21:00:00Z,183.931000,183.931000,183.931000,183.931000
2026-04-05T23:00:00Z,183.860992,183.949997,183.785004,183.891006
2026-04-06T00:00:00Z,183.897003,183.992996,183.813004,183.893997
2026-04-06T01:00:00Z,183.891998,183.895004,183.688995,183.746994
2026-04-06T02:00:00Z,183.746994,183.921997,183.735001,183.813004
2026-04-06T03:00:00Z,183.811996,183.882996,183.761002,183.867996
2026-04-06T04:00:00Z,183.867004,183.893005,183.807999,183.889999
2026-04-06T05:00:00Z,183.884995,183.955994,183.867004,183.910004
2026-04-06T06:00:00Z,183.906006,184.115005,183.845993,184.072006
2026-04-06T07:00:00Z,184.065994,184.438995,184.026001,184.317001
2026-04-06T08:00:00Z,184.315994,184.378006,184.158997,184.171997
2026-04-06T09:00:00Z,184.173004,184.240997,184.119003,184.149994
2026-04-06T10:00:00Z,184.145996,184.199005,184.072998,184.139999
2026-04-06T11:00:00Z,184.141006,184.235992,184.136993,184.214005
2026-04-06T12:00:00Z,184.214996,184.233994,184.126999,184.162994
2026-04-06T13:00:00Z,184.154999,184.376999,184.134003,184.320007
2026-04-06T14:00:00Z,184.362000,184.457001,184.274994,184.352005
2026-04-06T15:00:00Z,184.347000,184.406998,184.304993,184.367996
2026-04-06T16:00:00Z,184.365997,184.384003,184.307007,184.339996
2026-04-06T17:00:00Z,184.343994,184.451004,184.296997,184.395004
2026-04-06T18:00:00Z,184.397003,184.445999,184.335999,184.363998
2026-04-06T19:00:00Z,184.363998,184.378006,184.300003,184.322998
2026-04-06T20:00:00Z,184.328995,184.358994,184.246994,184.272003
2026-04-06T21:00:00Z,184.225998,184.373993,184.147003,184.244003
2026-04-06T22:00:00Z,184.292999,184.358002,184.283997,184.300003
2026-04-06T23:00:00Z,184.296997,184.358994,184.255997,184.296005
2026-04-07T00:00:00Z,184.296005,184.457993,184.283997,184.399994
2026-04-07T01:00:00Z,184.397995,184.429993,184.309006,184.343994
2026-04-07T02:00:00Z,184.341003,184.399002,184.274994,184.324997
2026-04-07T03:00:00Z,184.320999,184.417007,184.309998,184.352005
2026-04-07T04:00:00Z,184.348999,184.363007,184.268005,184.302002
2026-04-07T05:00:00Z,184.300995,184.378998,184.257004,184.298996
2026-04-07T06:00:00Z,184.294006,184.479996,184.268997,184.462006
2026-04-07T07:00:00Z,184.462006,184.574997,184.406006,184.524002
2026-04-07T08:00:00Z,184.520004,184.651001,184.483002,184.582993
2026-04-07T09:00:00Z,184.580994,184.632004,184.537994,184.578003
2026-04-07T10:00:00Z,184.578003,184.617996,184.423004,184.610992
2026-04-07T11:00:00Z,184.617004,184.763000,184.544006,184.759003
2026-04-07T12:00:00Z,184.757996,184.819000,184.694000,184.709000
2026-04-07T13:00:00Z,184.709000,184.897003,184.686996,184.886993
2026-04-07T14:00:00Z,184.886002,185.139008,184.847000,185.091995
2026-04-07T15:00:00Z,185.093002,185.149002,185.007996,185.014999
2026-04-07T16:00:00Z,185.014008,185.052994,184.962997,185.026993
2026-04-07T17:00:00Z,185.026993,185.042007,184.914001,184.985992
2026-04-07T18:00:00Z,184.985001,185.011993,184.938004,185.007996
2026-04-07T19:00:00Z,185.005997,185.115997,184.992004,185.031998
2026-04-07T20:00:00Z,185.033997,185.169998,184.977005,184.977005
2026-04-07T21:00:00Z,184.975998,185.171997,184.871994,185.026993
2026-04-07T22:00:00Z,185.026993,185.406998,184.970993,185.341003
2026-04-07T23:00:00Z,185.421005,185.548996,185.244003,185.473007
2026-04-08T00:00:00Z,185.479996,185.485001,185.039001,185.207001
2026-04-08T01:00:00Z,185.214996,185.261993,184.932999,184.947998
2026-04-08T02:00:00Z,184.942993,185.069000,184.867004,184.944000
2026-04-08T03:00:00Z,184.945999,184.968002,184.800003,184.908997
2026-04-08T04:00:00Z,184.912994,185.024994,184.878006,184.895996
2026-04-08T05:00:00Z,184.891006,185.186996,184.858002,185.048004
2026-04-08T06:00:00Z,185.048004,185.104004,184.888000,185.026993
2026-04-08T07:00:00Z,185.026993,185.065994,184.932999,185.037994
2026-04-08T08:00:00Z,185.037994,185.082993,184.867004,184.994003
2026-04-08T09:00:00Z,184.988007,185.134003,184.929001,185.100998
2026-04-08T10:00:00Z,185.104004,185.210999,185.082001,185.209000
2026-04-08T11:00:00Z,185.209000,185.317001,185.126999,185.154999
2026-04-08T12:00:00Z,185.158005,185.192993,184.985001,185.091003
2026-04-08T13:00:00Z,185.087997,185.119003,184.960007,185.091003
2026-04-08T14:00:00Z,185.085007,185.203003,185.052002,185.091995
2026-04-08T15:00:00Z,185.091995,185.212006,185.050995,185.089996
2026-04-08T16:00:00Z,185.093994,185.117996,185.013000,185.059998
2026-04-08T17:00:00Z,185.056000,185.098999,184.953003,184.968002
2026-04-08T18:00:00Z,184.988998,185.059006,184.897003,184.929993
2026-04-08T19:00:00Z,184.929001,184.996002,184.862000,184.973007
2026-04-08T20:00:00Z,184.973999,185.011002,184.852005,184.882004
2026-04-08T21:00:00Z,184.936005,185.080002,184.776993,184.908005
2026-04-08T22:00:00Z,184.908005,184.973007,184.869995,184.916000
2026-04-08T23:00:00Z,184.912994,185.001007,184.906006,184.964996
2026-04-09T00:00:00Z,184.970993,185.186996,184.910995,185.177994
2026-04-09T01:00:00Z,185.175995,185.229996,185.123993,185.218994
2026-04-09T02:00:00Z,185.214005,185.242004,185.141998,185.143005
2026-04-09T03:00:00Z,185.147995,185.199005,185.095001,185.139008
2026-04-09T04:00:00Z,185.141998,185.216003,185.100006,185.182999
2026-04-09T05:00:00Z,185.179001,185.257004,185.143997,185.207993
2026-04-09T06:00:00Z,185.222000,185.266998,185.125000,185.205002
2026-04-09T07:00:00Z,185.205994,185.406006,185.205002,185.399994
2026-04-09T08:00:00Z,185.404999,185.610001,185.360992,185.580994
2026-04-09T09:00:00Z,185.584000,185.679993,185.563004,185.606995
2026-04-09T10:00:00Z,185.604004,185.722000,185.595993,185.662994
2026-04-09T11:00:00Z,185.667999,185.725006,185.634995,185.710999
2026-04-09T12:00:00Z,185.718002,185.875000,185.662003,185.804001
2026-04-09T13:00:00Z,185.804993,185.882996,185.731003,185.832993
2026-04-09T14:00:00Z,185.837006,186.037003,185.781006,185.998993
2026-04-09T15:00:00Z,186.001007,186.218994,185.910004,185.957993
2026-04-09T16:00:00Z,185.955002,185.962997,185.779007,185.917007
2026-04-09T17:00:00Z,185.912994,186.085007,185.901993,185.979004
2026-04-09T18:00:00Z,185.979004,186.042007,185.936996,186.024002
2026-04-09T19:00:00Z,186.026001,186.227005,186.018005,186.145996
2026-04-09T20:00:00Z,186.139999,186.151993,185.895996,185.949997
2026-04-09T21:00:00Z,185.953995,186.057007,185.875000,186.009995
2026-04-09T22:00:00Z,186.007004,186.061996,185.951004,186.029007
2026-04-09T23:00:00Z,186.029999,186.057007,185.994003,185.998001
2026-04-10T00:00:00Z,185.998001,186.108994,185.988007,186.046997
2026-04-10T01:00:00Z,186.052002,186.102997,185.938004,185.945999
2026-04-10T02:00:00Z,185.942993,186.087006,185.938995,186.063995
2026-04-10T03:00:00Z,186.063995,186.154007,186.037994,186.119995
2026-04-10T04:00:00Z,186.119995,186.167999,186.089996,186.117004
2026-04-10T05:00:00Z,186.113998,186.179993,186.100998,186.162994
2026-04-10T06:00:00Z,186.162994,186.207001,186.089005,186.102005
2026-04-10T07:00:00Z,186.106003,186.179993,186.061005,186.097000
2026-04-10T08:00:00Z,186.098999,186.190002,186.056000,186.171005
2026-04-10T09:00:00Z,186.171005,186.522003,186.126999,186.475998
2026-04-10T10:00:00Z,186.475006,186.544006,186.449005,186.460999
2026-04-10T11:00:00Z,186.457993,186.548996,186.423996,186.455994
2026-04-10T12:00:00Z,186.455994,186.550003,186.212997,186.535004
2026-04-10T13:00:00Z,186.537994,186.714996,186.513000,186.677002
2026-04-10T14:00:00Z,186.671005,186.789993,186.615005,186.619003
2026-04-10T15:00:00Z,186.617004,186.727005,186.529007,186.647995
2026-04-10T16:00:00Z,186.647995,186.733994,186.617996,186.662994
2026-04-10T17:00:00Z,186.658997,186.750000,186.658997,186.738998
2026-04-10T18:00:00Z,186.742004,186.880005,186.707993,186.858002
2026-04-10T19:00:00Z,186.858994,186.878998,186.792999,186.819000
2026-04-10T20:00:00Z,186.813995,186.865005,186.641006,186.731995
2026-04-10T21:00:00Z,186.735992,186.735992,186.735992,186.735992
2026-04-12T23:00:00Z,186.522003,186.567993,186.339996,186.419998
2026-04-13T00:00:00Z,186.419998,186.781998,186.391998,186.647995
2026-04-13T01:00:00Z,186.654999,186.684998,186.572006,186.610001
2026-04-13T02:00:00Z,186.610001,186.703995,186.589996,186.673004
2026-04-13T03:00:00Z,186.675995,186.697006,186.628006,186.638000
2026-04-13T04:00:00Z,186.634003,186.723999,186.617004,186.651001
2026-04-13T05:00:00Z,186.651001,186.682999,186.610001,186.623993
2026-04-13T06:00:00Z,186.623993,186.662003,186.473999,186.582001
2026-04-13T07:00:00Z,186.585999,186.781998,186.582001,186.690994
2026-04-13T08:00:00Z,186.690002,186.705994,186.574005,186.632004
2026-04-13T09:00:00Z,186.636002,186.720993,186.608994,186.666000
2026-04-13T10:00:00Z,186.658997,186.748993,186.591995,186.722000
2026-04-13T11:00:00Z,186.725998,186.848007,186.697006,186.725006
2026-04-13T12:00:00Z,186.723999,186.873001,186.701004,186.863998
2026-04-13T13:00:00Z,186.871002,186.951004,186.751007,186.755997
2026-04-13T14:00:00Z,186.755997,186.983002,186.727005,186.856995
2026-04-13T15:00:00Z,186.858002,187.080002,186.845993,187.048996
2026-04-13T16:00:00Z,187.048996,187.108002,187.001999,187.044006
2026-04-13T17:00:00Z,187.039001,187.089005,186.987000,187.041000
2026-04-13T18:00:00Z,187.042007,187.459000,186.996002,187.436996
2026-04-13T19:00:00Z,187.436005,187.451004,187.283005,187.432007
2026-04-13T20:00:00Z,187.438995,187.509995,187.403000,187.473999
2026-04-13T21:00:00Z,187.414001,187.483002,187.261993,187.317993
2026-04-13T22:00:00Z,187.330994,187.518005,187.313004,187.423004
2026-04-13T23:00:00Z,187.432999,187.445007,187.311005,187.341995
2026-04-14T00:00:00Z,187.343994,187.414001,187.253006,187.272003
2026-04-14T01:00:00Z,187.272003,187.341995,187.149994,187.231003
2026-04-14T02:00:00Z,187.227005,187.272995,187.119995,187.162003
2026-04-14T03:00:00Z,187.160004,187.212997,187.113007,187.195999
2026-04-14T04:00:00Z,187.195999,187.227997,187.119003,187.119003
2026-04-14T05:00:00Z,187.119003,187.233002,187.074997,187.201004
2026-04-14T06:00:00Z,187.201004,187.473999,187.169006,187.453995
2026-04-14T07:00:00Z,187.455994,187.535004,187.371002,187.380005
2026-04-14T08:00:00Z,187.376999,187.464996,187.320007,187.419998
2026-04-14T09:00:00Z,187.414001,187.518997,187.246994,187.404007
2026-04-14T10:00:00Z,187.403000,187.462997,187.296005,187.354004
2026-04-14T11:00:00Z,187.354996,187.395996,187.300003,187.350998
2026-04-14T12:00:00Z,187.339005,187.391006,187.259003,187.350006
2026-04-14T13:00:00Z,187.350006,187.466003,187.302002,187.442001
2026-04-14T14:00:00Z,187.440002,187.459000,187.181000,187.451996
2026-04-14T15:00:00Z,187.455002,187.470993,187.251999,187.360992
2026-04-14T16:00:00Z,187.358002,187.384003,187.307007,187.330002
2026-04-14T17:00:00Z,187.330994,187.378006,187.220001,187.235001
2026-04-14T18:00:00Z,187.231995,187.304993,187.182999,187.283997
2026-04-14T19:00:00Z,187.287994,187.365005,187.274002,187.326996
2026-04-14T20:00:00Z,187.320007,187.371994,187.229996,187.257996
2026-04-14T21:00:00Z,187.257996,187.337997,187.171005,187.248993
2026-04-14T22:00:00Z,187.218002,187.356003,187.197998,187.337006
2026-04-14T23:00:00Z,187.348999,187.406006,187.337006,187.354996
2026-04-15T00:00:00Z,187.356003,187.369995,187.216995,187.300003
2026-04-15T01:00:00Z,187.300003,187.447998,187.300003,187.362000
2026-04-15T02:00:00Z,187.362000,187.410995,187.285995,187.397003
2026-04-15T03:00:00Z,187.395996,187.449997,187.337997,187.389999
2026-04-15T04:00:00Z,187.389999,187.440002,187.371994,187.416000
2026-04-15T05:00:00Z,187.414001,187.492996,187.371002,187.442001
2026-04-15T06:00:00Z,187.440002,187.464005,187.337006,187.389008
2026-04-15T07:00:00Z,187.389999,187.412003,187.253998,187.302994
2026-04-15T08:00:00Z,187.302002,187.322006,187.097000,187.175995
2026-04-15T09:00:00Z,187.175995,187.263000,187.098999,187.199005
2026-04-15T10:00:00Z,187.199997,187.281006,187.145004,187.216995
2026-04-15T11:00:00Z,187.214996,187.399002,187.177994,187.378006
2026-04-15T12:00:00Z,187.376007,187.589996,187.375000,187.548004
2026-04-15T13:00:00Z,187.548004,187.587997,187.429993,187.453003
2026-04-15T14:00:00Z,187.457001,187.580002,187.423004,187.550995
2026-04-15T15:00:00Z,187.550003,187.636993,187.503006,187.613998
2026-04-15T16:00:00Z,187.612000,187.634003,187.324005,187.490005
2026-04-15T17:00:00Z,187.487000,187.662003,187.479996,187.654007
2026-04-15T18:00:00Z,187.651001,187.695999,187.610992,187.651001
2026-04-15T19:00:00Z,187.647995,187.671005,187.572998,187.589005
2026-04-15T20:00:00Z,187.582001,187.626007,187.505005,187.546005
2026-04-15T21:00:00Z,187.501007,187.662003,187.436996,187.511002
2026-04-15T22:00:00Z,187.500000,187.550995,187.434998,187.494003
2026-04-15T23:00:00Z,187.494995,187.533005,187.440002,187.507996
2026-04-16T00:00:00Z,187.503006,187.516006,187.380005,187.414001
2026-04-16T01:00:00Z,187.412003,187.427002,187.320007,187.367996
2026-04-16T02:00:00Z,187.363998,187.533997,187.311996,187.317001
2026-04-16T03:00:00Z,187.317001,187.440002,187.095993,187.429993
2026-04-16T04:00:00Z,187.432999,187.483994,187.391998,187.427994
2026-04-16T05:00:00Z,187.425995,187.531006,187.362000,187.501999
2026-04-16T06:00:00Z,187.507004,187.535004,187.358994,187.427002
2026-04-16T07:00:00Z,187.419998,187.445999,187.283997,187.324005
2026-04-16T08:00:00Z,187.320999,187.389008,187.287994,187.380997
2026-04-16T09:00:00Z,187.380005,187.401001,187.287994,187.330994
2026-04-16T10:00:00Z,187.334000,187.356003,187.276001,187.320999
2026-04-16T11:00:00Z,187.317993,187.358002,187.261993,187.313004
2026-04-16T12:00:00Z,187.313004,187.468002,187.259995,187.451996
2026-04-16T13:00:00Z,187.453995,187.468994,187.294006,187.434998
2026-04-16T14:00:00Z,187.432999,187.514999,187.350006,187.470001
2026-04-16T15:00:00Z,187.473999,187.518997,187.389999,187.421005
2026-04-16T16:00:00Z,187.417999,187.464005,187.397995,187.429993
2026-04-16T17:00:00Z,187.429993,187.526001,187.399994,187.498993
2026-04-16T18:00:00Z,187.496994,187.565994,187.462006,187.546005
2026-04-16T19:00:00Z,187.546005,187.567001,187.460999,187.520004
2026-04-16T20:00:00Z,187.514008,187.563004,187.410004,187.419006
2026-04-16T21:00:00Z,187.423004,187.572006,187.360992,187.438004
2026-04-16T22:00:00Z,187.423996,187.541000,187.380997,187.503998
2026-04-16T23:00:00Z,187.507996,187.582001,187.487000,187.556000
2026-04-17T00:00:00Z,187.554001,187.712997,187.514008,187.669998
2026-04-17T01:00:00Z,187.669006,187.737000,187.600998,187.660995
2026-04-17T02:00:00Z,187.658997,187.737000,187.649994,187.695007
2026-04-17T03:00:00Z,187.697006,187.828003,187.677994,187.811005
2026-04-17T04:00:00Z,187.807999,187.903000,187.792999,187.889999
2026-04-17T05:00:00Z,187.889008,187.949005,187.867004,187.876999
2026-04-17T06:00:00Z,187.876007,187.912994,187.666000,187.688995
2026-04-17T07:00:00Z,187.695999,187.759003,187.623993,187.660995
2026-04-17T08:00:00Z,187.660995,187.735001,187.570999,187.682007
2026-04-17T09:00:00Z,187.686005,187.761993,187.516998,187.557999
2026-04-17T10:00:00Z,187.557999,187.731003,187.537994,187.723999
2026-04-17T11:00:00Z,187.725006,187.820999,187.695007,187.723999
2026-04-17T12:00:00Z,187.725998,187.746002,187.445007,187.485992
2026-04-17T13:00:00Z,187.479996,187.542999,187.121994,187.192001
2026-04-17T14:00:00Z,187.190002,187.222000,186.311005,186.472000
2026-04-17T15:00:00Z,186.477997,186.679993,186.442001,186.567001
2026-04-17T16:00:00Z,186.565994,186.589005,186.419006,186.466003
2026-04-17T17:00:00Z,186.466995,186.606003,186.451996,186.557999
2026-04-17T18:00:00Z,186.554993,186.638000,186.537994,186.630997
2026-04-17T19:00:00Z,186.634003,186.664993,186.578003,186.606003
2026-04-17T20:00:00Z,186.604004,186.675995,186.479996,186.557007
2026-04-17T21:00:00Z,186.604996,186.604996,186.604996,186.604996
2026-04-19T23:00:00Z,186.656998,186.867004,186.621994,186.824997
2026-04-20T00:00:00Z,186.824005,187.048004,186.774994,186.899002
2026-04-20T01:00:00Z,186.895996,186.917999,186.759003,186.761993
2026-04-20T02:00:00Z,186.759003,186.830994,186.731995,186.785995
2026-04-20T03:00:00Z,186.785995,186.860992,186.738998,186.839996
2026-04-20T04:00:00Z,186.839996,186.899002,186.806000,186.841995
2026-04-20T05:00:00Z,186.841995,186.923004,186.778000,186.809998
2026-04-20T06:00:00Z,186.807999,186.835007,186.755005,186.787003
2026-04-20T09:00:00Z,186.895004,186.998993,186.889008,186.973007
2026-04-20T10:00:00Z,186.973007,187.078003,186.904999,187.044998
2026-04-20T11:00:00Z,187.041000,187.089996,186.878998,186.897995
2026-04-20T12:00:00Z,186.903000,186.970993,186.834000,186.912003
2026-04-20T13:00:00Z,186.917007,186.953003,186.748993,186.787994
2026-04-20T14:00:00Z,186.789993,186.919998,186.755997,186.841995
2026-04-20T15:00:00Z,186.837997,187.009003,186.822006,186.973007
2026-04-20T16:00:00Z,186.975998,187.041000,186.932999,186.981995
2026-04-20T17:00:00Z,186.979004,187.074997,186.973007,187.069000
2026-04-20T18:00:00Z,187.070999,187.207001,187.039001,187.188995
2026-04-20T19:00:00Z,187.190002,187.233994,187.136993,187.207993
2026-04-20T20:00:00Z,187.207001,187.291000,187.123993,187.139999
2026-04-20T21:00:00Z,187.134003,187.209000,186.962997,187.052994
2026-04-20T22:00:00Z,187.091995,187.201004,187.035004,187.190002
2026-04-20T23:00:00Z,187.192993,187.212997,187.154007,187.182999
2026-04-21T00:00:00Z,187.184006,187.332001,187.175003,187.283997
2026-04-21T01:00:00Z,187.283997,187.319000,187.231003,187.246002
2026-04-21T02:00:00Z,187.238998,187.292999,187.186005,187.229004
2026-04-21T03:00:00Z,187.229996,187.235001,187.154999,187.210007
2026-04-21T04:00:00Z,187.210007,187.223007,187.164001,187.177994
2026-04-21T05:00:00Z,187.171997,187.201996,187.132996,187.156006
2026-04-21T06:00:00Z,187.154007,187.182999,186.990005,186.992004
2026-04-21T07:00:00Z,186.992996,187.156006,186.983994,187.065994
2026-04-21T08:00:00Z,187.065994,187.304001,187.050995,187.268005
2026-04-21T09:00:00Z,187.263000,187.298996,187.123001,187.205002
2026-04-21T10:00:00Z,187.205002,187.253006,187.167007,187.218002
2026-04-21T11:00:00Z,187.216995,187.306000,187.141998,187.149002
2026-04-21T12:00:00Z,187.145996,187.233002,187.087006,187.177994
2026-04-21T13:00:00Z,187.182007,187.229996,187.130997,187.175003
2026-04-21T14:00:00Z,187.177994,187.330002,187.173996,187.300995
2026-04-21T15:00:00Z,187.298996,187.348999,187.179993,187.309998
2026-04-21T16:00:00Z,187.311005,187.360992,187.216995,187.235001
2026-04-21T17:00:00Z,187.233002,187.263000,187.056000,187.089005
2026-04-21T18:00:00Z,187.089005,187.134995,187.035995,187.110001
2026-04-21T19:00:00Z,187.110001,187.177002,187.020004,187.145004
2026-04-21T20:00:00Z,187.143005,187.287003,187.072998,187.080994
2026-04-21T21:00:00Z,187.085999,187.248993,187.013000,187.117996
2026-04-21T22:00:00Z,187.093002,187.173004,187.059998,187.123993
2026-04-21T23:00:00Z,187.128998,187.212997,187.112000,187.166000
2026-04-22T00:00:00Z,187.166000,187.192993,186.988007,187.061005
2026-04-22T01:00:00Z,187.063004,187.074997,187.007004,187.035995
2026-04-22T02:00:00Z,187.033997,187.117004,187.033997,187.087997
2026-04-22T03:00:00Z,187.085007,187.149994,187.072998,187.104004
2026-04-22T04:00:00Z,187.100006,187.115997,187.028000,187.056000
2026-04-22T05:00:00Z,187.054993,187.160004,187.039993,187.100998
2026-04-22T06:00:00Z,187.095993,187.125000,186.960999,186.966995
2026-04-22T07:00:00Z,186.966003,187.201004,186.953003,187.167007
2026-04-22T08:00:00Z,187.167999,187.309006,187.117996,187.298004
2026-04-22T09:00:00Z,187.298004,187.320999,187.169998,187.182999
2026-04-22T10:00:00Z,187.182999,187.220993,187.095993,187.119003
2026-04-22T11:00:00Z,187.112000,187.117004,186.848999,186.871994
2026-04-22T12:00:00Z,186.869995,186.912994,186.757004,186.888000
2026-04-22T13:00:00Z,186.886993,186.908005,186.718994,186.876999
2026-04-22T14:00:00Z,186.876007,186.889999,186.759003,186.779007
2026-04-22T15:00:00Z,186.783005,186.908005,186.746994,186.817001
2026-04-22T16:00:00Z,186.817001,186.843994,186.778000,186.820007
2026-04-22T17:00:00Z,186.817993,186.832993,186.707001,186.707993
2026-04-22T18:00:00Z,186.710007,186.768005,186.694000,186.733994
2026-04-22T19:00:00Z,186.733002,186.759995,186.701004,186.755997
2026-04-22T20:00:00Z,186.757004,186.768997,186.608994,186.621002
2026-04-22T21:00:00Z,186.597000,186.716003,186.522995,186.654007
2026-04-22T22:00:00Z,186.654007,186.705002,186.610001,186.695007
2026-04-22T23:00:00Z,186.686005,186.710999,186.630997,186.686005
2026-04-23T00:00:00Z,186.686005,186.755997,186.559006,186.593994
2026-04-23T01:00:00Z,186.598007,186.679001,186.572998,186.615997
2026-04-23T02:00:00Z,186.619003,186.699997,186.604004,186.610992
2026-04-23T03:00:00Z,186.604004,186.639999,186.563004,186.593994
2026-04-23T04:00:00Z,186.589996,186.699005,186.585007,186.667007
2026-04-23T05:00:00Z,186.667999,186.774994,186.656998,186.764999
2026-04-23T06:00:00Z,186.761993,186.908005,186.740005,186.852005
2026-04-23T07:00:00Z,186.852997,186.964996,186.703003,186.761993
2026-04-23T08:00:00Z,186.761002,186.880997,186.759003,186.862000
2026-04-23T09:00:00Z,186.863998,186.875000,186.722000,186.781998
2026-04-23T10:00:00Z,186.779007,186.824005,186.550003,186.578003
2026-04-23T11:00:00Z,186.578995,186.610992,186.509995,186.516998
2026-04-23T12:00:00Z,186.516998,186.574005,186.425995,186.488007
2026-04-23T13:00:00Z,186.490005,186.630997,186.449997,186.554001
2026-04-23T14:00:00Z,186.550003,186.751007,186.509995,186.660995
2026-04-23T15:00:00Z,186.662003,186.692001,186.578003,186.598007
2026-04-23T16:00:00Z,186.598007,186.634995,186.522003,186.595001
2026-04-23T17:00:00Z,186.593002,186.660004,186.516006,186.565002
2026-04-23T18:00:00Z,186.563004,186.597000,186.535995,186.589005
2026-04-23T19:00:00Z,186.591995,186.638000,186.572006,186.628998
2026-04-23T20:00:00Z,186.628006,186.649994,186.529999,186.567001
2026-04-23T21:00:00Z,186.516006,186.658005,186.434006,186.542999
2026-04-23T22:00:00Z,186.473007,186.649994,186.473007,186.619995
2026-04-23T23:00:00Z,186.619003,186.682999,186.587997,186.647995
2026-04-24T00:00:00Z,186.647995,186.723007,186.617004,186.718994
2026-04-24T01:00:00Z,186.716995,186.742004,186.667007,186.727997
2026-04-24T02:00:00Z,186.725998,186.750000,186.578003,186.593994
2026-04-24T03:00:00Z,186.593002,186.630005,186.570007,186.600998
2026-04-24T04:00:00Z,186.600998,186.626999,186.537994,186.602005
2026-04-24T05:00:00Z,186.600006,186.649994,186.576996,186.641006
2026-04-24T06:00:00Z,186.639008,186.645996,186.457993,186.485992
2026-04-24T07:00:00Z,186.485992,186.701996,186.432007,186.664001
2026-04-24T08:00:00Z,186.666000,186.761002,186.585999,186.701996
2026-04-24T09:00:00Z,186.707001,186.716995,186.634003,186.682007
2026-04-24T10:00:00Z,186.682007,186.862000,186.673004,186.837006
2026-04-24T11:00:00Z,186.837997,186.876999,186.681000,186.759003
2026-04-24T12:00:00Z,186.759003,186.845993,186.701996,186.809006
2026-04-24T13:00:00Z,186.811005,186.848999,186.729996,186.807007
2026-04-24T14:00:00Z,186.824005,186.852005,186.669998,186.725998
2026-04-24T15:00:00Z,186.720993,186.785004,186.675003,186.720993
2026-04-24T16:00:00Z,186.722000,186.772995,186.682999,186.748993
2026-04-24T17:00:00Z,186.750000,186.768005,186.699997,186.725998
2026-04-24T18:00:00Z,186.725006,186.824997,186.720001,186.806000
2026-04-24T19:00:00Z,186.807999,186.835999,186.764999,186.817993
2026-04-24T20:00:00Z,186.815994,186.839005,186.658005,186.774994
2026-04-24T21:00:00Z,186.811005,186.811005,186.811005,186.811005
2026-04-26T23:00:00Z,186.796997,186.841003,186.764008,186.802994
2026-04-27T00:00:00Z,186.802002,186.869995,186.764008,186.852997
2026-04-27T01:00:00Z,186.847000,186.889999,186.751999,186.804001
2026-04-27T02:00:00Z,186.813004,186.839996,186.757996,186.806000
2026-04-27T03:00:00Z,186.806000,186.830994,186.742996,186.768005
2026-04-27T04:00:00Z,186.763000,186.770004,186.692001,186.733002
2026-04-27T05:00:00Z,186.729996,186.891998,186.720001,186.876999
2026-04-27T06:00:00Z,186.876007,186.904007,186.766998,186.813995
2026-04-27T07:00:00Z,186.813995,187.009995,186.755005,186.996994
2026-04-27T08:00:00Z,187.001007,187.024994,186.886993,186.979996
2026-04-27T09:00:00Z,186.981003,187.003006,186.897003,186.966003
2026-04-27T10:00:00Z,186.966003,187.001999,186.878998,186.940002
2026-04-27T11:00:00Z,186.940994,186.959000,186.852005,186.917999
2026-04-27T12:00:00Z,186.917007,187.078003,186.904007,187.009995
2026-04-27T13:00:00Z,187.007004,187.108994,186.934998,186.973007
2026-04-27T14:00:00Z,186.975998,186.994003,186.798996,186.863007
2026-04-27T15:00:00Z,186.862000,186.914993,186.828995,186.869003
2026-04-27T16:00:00Z,186.869995,186.962006,186.852005,186.901993
2026-04-27T17:00:00Z,186.897995,186.929001,186.841003,186.854996
2026-04-27T18:00:00Z,186.858002,186.901993,186.841003,186.875000
2026-04-27T19:00:00Z,186.875000,186.899994,186.843002,186.856003
2026-04-27T20:00:00Z,186.856003,186.934998,186.798004,186.912994
2026-04-27T21:00:00Z,186.802994,186.906006,186.744995,186.792007
2026-04-27T22:00:00Z,186.768005,186.884003,186.707001,186.826004
2026-04-27T23:00:00Z,186.824005,186.912994,186.763000,186.789993
2026-04-28T00:00:00Z,186.785004,186.882996,186.733994,186.843994
2026-04-28T01:00:00Z,186.841003,186.897995,186.781998,186.839005
2026-04-28T02:00:00Z,186.841003,186.886993,186.725006,186.737000
2026-04-28T03:00:00Z,186.733994,186.792999,186.242004,186.291000
2026-04-28T04:00:00Z,186.291000,186.339996,186.195007,186.283005
2026-04-28T05:00:00Z,186.287994,186.373001,186.253998,186.324997
2026-04-28T06:00:00Z,186.320999,186.369003,186.061996,186.205994
2026-04-28T07:00:00Z,186.199997,186.623001,186.156998,186.567001
2026-04-28T08:00:00Z,186.570999,186.841003,186.565002,186.582001
2026-04-28T09:00:00Z,186.582001,186.649994,186.455002,186.542999
2026-04-28T10:00:00Z,186.537994,186.671997,186.503998,186.623993
2026-04-28T11:00:00Z,186.623993,186.798004,186.602997,186.608994
2026-04-28T12:00:00Z,186.610001,186.699005,186.440994,186.485001
2026-04-28T13:00:00Z,186.485001,186.703995,186.451996,186.542999
2026-04-28T14:00:00Z,186.548996,186.856003,186.522995,186.848007
2026-04-28T15:00:00Z,186.850998,186.934006,186.804001,186.845993
2026-04-28T16:00:00Z,186.845001,186.914001,186.770004,186.819000
2026-04-28T17:00:00Z,186.815002,186.914993,186.794006,186.845993
2026-04-28T18:00:00Z,186.848007,186.970993,186.835007,186.910004
2026-04-28T19:00:00Z,186.906006,186.957001,186.854996,186.914993
2026-04-28T20:00:00Z,186.921005,186.970001,186.845001,186.888000
2026-04-28T21:00:00Z,186.848007,187.009995,186.682007,186.806000
2026-04-28T22:00:00Z,186.817993,186.992004,186.774994,186.884003
2026-04-28T23:00:00Z,186.869995,186.979004,186.843994,186.891998
2026-04-29T00:00:00Z,186.880997,186.996002,186.817993,186.848007
2026-04-29T01:00:00Z,186.845993,186.960007,186.815994,186.863998
2026-04-29T02:00:00Z,186.862000,186.968994,186.796997,186.804001
2026-04-29T03:00:00Z,186.802994,186.906006,186.764999,186.772995
2026-04-29T04:00:00Z,186.772003,186.889008,186.763000,186.787003
2026-04-29T05:00:00Z,186.785995,186.880005,186.712006,186.796005
2026-04-29T06:00:00Z,186.794998,186.888000,186.671997,186.714005
2026-04-29T07:00:00Z,186.720993,186.940002,186.686005,186.813004
2026-04-29T08:00:00Z,186.830994,186.951996,186.692001,186.869995
2026-04-29T09:00:00Z,186.871002,187.018005,186.828995,186.889999
2026-04-29T10:00:00Z,186.893005,187.050003,186.845993,186.988998
2026-04-29T11:00:00Z,186.988998,187.106003,186.947006,186.957001
2026-04-29T12:00:00Z,186.955994,187.145004,186.938995,187.078003
2026-04-29T13:00:00Z,187.076996,187.225006,186.979996,187.158997
2026-04-29T14:00:00Z,187.162994,187.337997,187.070999,187.261002
2026-04-29T15:00:00Z,187.261002,187.466995,187.223999,187.311005
2026-04-29T16:00:00Z,187.311005,187.384003,187.210999,187.240997
2026-04-29T17:00:00Z,187.240005,187.328995,187.115005,187.139999
2026-04-29T18:00:00Z,187.143997,187.253998,186.998993,187.091995
2026-04-29T19:00:00Z,187.091995,187.287994,187.039001,187.192001
2026-04-29T20:00:00Z,187.190994,187.322006,187.145004,187.266006
2026-04-29T21:00:00Z,187.182007,187.307999,187.102997,187.212006
2026-04-29T22:00:00Z,187.209000,187.292007,187.156998,187.240005
2026-04-29T23:00:00Z,187.231003,187.255997,187.156006,187.199997
2026-04-30T00:00:00Z,187.195999,187.281006,187.087006,187.227005
2026-04-30T01:00:00Z,187.225006,187.240997,187.061996,187.072998
2026-04-30T02:00:00Z,187.070999,187.145996,187.031998,187.082993
2026-04-30T03:00:00Z,187.082993,187.184006,187.080002,187.166000
2026-04-30T04:00:00Z,187.164001,187.218002,187.059006,187.203995
2026-04-30T05:00:00Z,187.201004,187.326004,187.167007,187.324005
2026-04-30T06:00:00Z,187.317001,187.459000,187.279999,187.451004
2026-04-30T07:00:00Z,187.451004,187.554001,186.679001,187.042007
2026-04-30T08:00:00Z,187.042007,187.225006,186.218994,186.412994
2026-04-30T09:00:00Z,186.410995,186.468994,186.059006,186.356995
2026-04-30T10:00:00Z,186.350006,186.367004,183.845001,184.104996
2026-04-30T11:00:00Z,184.117996,184.332993,182.264008,183.052002
2026-04-30T12:00:00Z,183.042999,183.679993,182.972000,183.382004
2026-04-30T13:00:00Z,183.378006,183.531006,182.746002,183.464005
2026-04-30T14:00:00Z,183.462006,183.876007,183.307007,183.757996
2026-04-30T15:00:00Z,183.759995,183.919998,183.716003,183.757004
2026-04-30T16:00:00Z,183.751999,183.798004,183.576004,183.610001
2026-04-30T17:00:00Z,183.606003,183.755005,183.485001,183.492004
2026-04-30T18:00:00Z,183.490005,183.643997,183.412994,183.584000
2026-04-30T19:00:00Z,183.587006,183.757996,183.529999,183.723999
2026-04-30T20:00:00Z,183.733002,183.764999,183.636002,183.636993
2026-04-30T21:00:00Z,183.632004,183.781006,183.522995,183.709000
2026-04-30T22:00:00Z,183.714005,183.880997,183.705002,183.789993
2026-04-30T23:00:00Z,183.800995,184.207001,183.792999,184.154007
2026-05-01T00:00:00Z,184.149994,184.498993,184.128998,184.242004
2026-05-01T01:00:00Z,184.238007,184.470001,184.184006,184.432007
2026-05-01T02:00:00Z,184.434006,184.578003,184.360992,184.516006
2026-05-01T03:00:00Z,184.516998,184.582001,184.261993,184.417999
2026-05-01T04:00:00Z,184.412994,184.470001,184.309998,184.417007
2026-05-01T05:00:00Z,184.416000,184.453003,184.335999,184.391998
2026-05-01T06:00:00Z,184.393997,184.408997,182.623993,183.044998
2026-05-01T07:00:00Z,183.050995,183.895004,182.908005,183.811996
2026-05-01T08:00:00Z,183.806000,183.889999,183.550995,183.770996
2026-05-01T09:00:00Z,183.778000,183.966995,183.645004,183.705994
2026-05-01T10:00:00Z,183.707993,183.944000,183.699005,183.929993
2026-05-01T11:00:00Z,183.929993,184.039993,183.893005,184.020996
2026-05-01T12:00:00Z,184.020004,184.177002,183.994003,184.139999
2026-05-01T13:00:00Z,184.132996,184.223007,183.778000,184.087006
2026-05-01T14:00:00Z,184.087997,184.451996,183.983994,184.341995
2026-05-01T15:00:00Z,184.341003,184.445999,184.287994,184.292007
2026-05-01T16:00:00Z,184.292007,184.320007,184.186005,184.242996
2026-05-01T17:00:00Z,184.240997,184.248993,184.108994,184.151993
2026-05-01T18:00:00Z,184.147995,184.227997,184.014008,184.153000
2026-05-01T19:00:00Z,184.156006,184.182007,184.061005,184.087997
2026-05-01T20:00:00Z,184.093002,184.130997,183.932007,184.072998
2026-05-01T21:00:00Z,184.063004,184.063004,184.063004,184.063004
2026-05-04T04:00:00Z,183.764999,183.904999,183.723007,183.841995
2026-05-04T05:00:00Z,183.841995,183.957001,183.638000,183.921997
2026-05-04T06:00:00Z,183.921997,184.074005,183.882004,184.061996
2026-05-04T07:00:00Z,184.069000,184.104004,183.796005,183.856003
2026-05-04T08:00:00Z,183.852997,184.001999,183.794998,183.942993
2026-05-04T09:00:00Z,183.947998,184.020004,183.893005,183.932007
2026-05-04T10:00:00Z,183.932999,183.994003,183.744003,183.916000
2026-05-04T11:00:00Z,183.912994,183.927994,183.789001,183.796997
2026-05-04T12:00:00Z,183.798004,184.033997,183.774002,184.005997
2026-05-04T13:00:00Z,184.011993,184.014999,183.858002,183.955994
2026-05-04T14:00:00Z,183.957993,184.022995,183.830002,183.925003
2026-05-04T15:00:00Z,183.927002,183.996994,183.820999,183.897995
2026-05-04T16:00:00Z,183.901993,183.951004,183.722000,183.738998
2026-05-04T17:00:00Z,183.738007,183.901993,183.735992,183.865997
2026-05-04T18:00:00Z,183.863007,183.901001,183.126007,183.317993
2026-05-04T19:00:00Z,183.335007,183.813004,183.328003,183.740005
2026-05-04T20:00:00Z,183.731995,183.985001,183.709000,183.804993
2026-05-04T21:00:00Z,183.779999,183.983994,183.619003,183.654999
2026-05-04T22:00:00Z,183.673996,183.841995,183.654999,183.798996
2026-05-04T23:00:00Z,183.800003,183.834000,183.761002,183.809998
2026-05-05T00:00:00Z,183.809998,183.847000,183.712006,183.722000
2026-05-05T01:00:00Z,183.723999,183.796005,183.679993,183.735992
2026-05-05T02:00:00Z,183.735992,183.811996,183.720001,183.755005
2026-05-05T03:00:00Z,183.755005,183.779999,183.725998,183.750000
2026-05-05T04:00:00Z,183.753998,183.806000,183.671005,183.673996
2026-05-05T05:00:00Z,183.682007,183.757004,183.658997,183.753006
2026-05-05T06:00:00Z,183.753998,183.813995,183.699005,183.742004
2026-05-05T07:00:00Z,183.740997,183.820007,183.684998,183.798004
2026-05-05T08:00:00Z,183.792007,183.945999,183.774002,183.845001
2026-05-05T09:00:00Z,183.845993,184.485001,183.686005,184.136002
2026-05-05T10:00:00Z,184.125000,184.304993,184.108002,184.244995
2026-05-05T11:00:00Z,184.244995,184.425995,184.231003,184.395004
2026-05-05T12:00:00Z,184.389999,184.518005,184.283005,184.470001
2026-05-05T13:00:00Z,184.470001,184.606003,184.459000,184.529999
2026-05-05T14:00:00Z,184.533005,184.649994,184.485001,184.580002
2026-05-05T15:00:00Z,184.578995,184.671005,184.531998,184.595993
2026-05-05T16:00:00Z,184.595993,184.651001,184.518997,184.608002
2026-05-05T17:00:00Z,184.625000,184.718002,184.610001,184.673004
2026-05-05T18:00:00Z,184.671997,184.755005,184.656998,184.714996
2026-05-05T19:00:00Z,184.718002,184.733994,184.619995,184.647003
2026-05-05T20:00:00Z,184.651993,184.694000,184.580994,184.600006
2026-05-05T21:00:00Z,184.584000,184.643997,184.414993,184.589005
2026-05-05T22:00:00Z,184.630005,184.701996,184.498993,184.610001
2026-05-05T23:00:00Z,184.613007,184.798004,184.552002,184.705994
2026-05-06T00:00:00Z,184.703003,184.733002,184.619003,184.697006
2026-05-06T01:00:00Z,184.695999,184.852005,184.686005,184.835007
2026-05-06T02:00:00Z,184.830002,184.929001,184.813004,184.908997
2026-05-06T03:00:00Z,184.912003,185.039001,184.845993,184.873001
2026-05-06T04:00:00Z,184.873993,184.934998,182.007004,182.996002
2026-05-06T05:00:00Z,182.994995,183.460999,182.798996,183.408005
2026-05-06T06:00:00Z,183.399002,183.561005,183.371002,183.492004
2026-05-06T07:00:00Z,183.492996,183.610001,182.733994,182.880997
2026-05-06T08:00:00Z,182.880005,183.572998,182.837006,183.468002
2026-05-06T09:00:00Z,183.466995,183.675995,183.423004,183.604996
2026-05-06T10:00:00Z,183.598999,183.723999,183.472000,183.617004
2026-05-06T11:00:00Z,183.615997,183.850998,183.550003,183.707001
2026-05-06T12:00:00Z,183.709000,183.759003,183.550003,183.686005
2026-05-06T13:00:00Z,183.684998,183.712006,183.404999,183.455994
2026-05-06T14:00:00Z,183.460007,183.744003,183.425995,183.707001
2026-05-06T15:00:00Z,183.705002,183.871994,183.669998,183.850998
2026-05-06T16:00:00Z,183.854004,183.910004,183.667007,183.703995
2026-05-06T17:00:00Z,183.707993,183.867996,183.681000,183.839005
2026-05-06T18:00:00Z,183.843002,183.848999,183.712997,183.761002
2026-05-06T19:00:00Z,183.757996,183.830994,183.733002,183.746002
2026-05-06T20:00:00Z,183.753998,183.785004,183.625000,183.649002
2026-05-06T21:00:00Z,183.764008,183.789993,183.494003,183.548004
2026-05-06T22:00:00Z,183.522995,183.746002,183.501007,183.701996
2026-05-06T23:00:00Z,183.703003,183.882004,183.634995,183.871002
2026-05-07T00:00:00Z,183.873993,183.884995,183.610992,183.653000
2026-05-07T01:00:00Z,183.649002,183.705002,183.488998,183.692993
2026-05-07T02:00:00Z,183.688004,183.809006,183.625000,183.789993
2026-05-07T03:00:00Z,183.783005,183.796997,183.690994,183.764999
2026-05-07T04:00:00Z,183.764999,183.783997,183.682007,183.729004
2026-05-07T05:00:00Z,183.729996,183.800003,183.695007,183.759995
2026-05-07T06:00:00Z,183.753998,183.787994,183.511002,183.610001
2026-05-07T07:00:00Z,183.608994,183.878998,183.524994,183.863998
2026-05-07T08:00:00Z,183.865997,184.028000,183.802002,184.014008
2026-05-07T09:00:00Z,184.018997,184.134003,183.988007,184.050995
2026-05-07T10:00:00Z,184.052002,184.164001,183.992996,184.029999
2026-05-07T11:00:00Z,184.029007,184.084000,183.929001,184.084000
2026-05-07T12:00:00Z,184.082993,184.093994,183.938995,183.990997
2026-05-07T13:00:00Z,183.983002,184.102997,183.977005,183.987000
2026-05-07T14:00:00Z,183.987000,184.123001,183.910004,183.996994
2026-05-07T15:00:00Z,183.992996,184.162003,183.992996,184.085007
2026-05-07T16:00:00Z,184.082993,184.222000,184.072998,184.203995
2026-05-07T17:00:00Z,184.203995,184.238998,184.031998,184.065994
2026-05-07T18:00:00Z,184.069000,184.222000,184.028000,184.173996
2026-05-07T19:00:00Z,184.171997,184.194000,184.050003,184.057999
2026-05-07T20:00:00Z,184.067001,184.141006,183.912994,183.942001
2026-05-07T21:00:00Z,183.925003,184.057999,183.686996,183.895996
2026-05-07T22:00:00Z,183.893997,184.031998,183.811005,183.947006
2026-05-07T23:00:00Z,183.953003,184.022003,183.938004,183.981995
2026-05-08T00:00:00Z,183.988998,184.119003,183.970001,184.074005
2026-05-08T01:00:00Z,184.074005,184.121994,184.009003,184.080994
2026-05-08T02:00:00Z,184.080994,184.121994,183.979004,183.988998
2026-05-08T03:00:00Z,183.990005,184.000000,183.925995,183.942993
2026-05-08T04:00:00Z,183.940994,184.100006,183.936996,184.059998
2026-05-08T05:00:00Z,184.057999,184.108002,184.035995,184.067001
2026-05-08T06:00:00Z,184.074005,184.194000,184.048004,184.182007
2026-05-08T07:00:00Z,184.181000,184.199997,184.104996,184.167007
2026-05-08T08:00:00Z,184.162994,184.343002,184.160004,184.337997
2026-05-08T09:00:00Z,184.339996,184.423996,184.317001,184.391006
2026-05-08T10:00:00Z,184.391998,184.494003,184.380005,184.423004
2026-05-08T11:00:00Z,184.417999,184.492004,184.393997,184.419998
2026-05-08T12:00:00Z,184.416000,184.449005,184.270996,184.429993
2026-05-08T13:00:00Z,184.423004,184.442993,184.272995,184.360992
2026-05-08T14:00:00Z,184.358994,184.442993,184.317993,184.417007
2026-05-08T15:00:00Z,184.419006,184.492004,184.307999,184.406998
2026-05-08T16:00:00Z,184.410004,184.481003,184.386993,184.447006
2026-05-08T17:00:00Z,184.447006,184.492004,184.397995,184.451996
2026-05-08T18:00:00Z,184.453995,184.591995,184.434006,184.559006
2026-05-08T19:00:00Z,184.559998,184.673004,184.548004,184.628006
2026-05-08T20:00:00Z,184.628998,184.738007,184.548996,184.621994
2026-05-08T21:00:00Z,184.669006,184.669006,184.669006,184.669006
2026-05-10T23:00:00Z,184.570007,184.623993,184.539993,184.580002
2026-05-11T00:00:00Z,184.585999,184.802002,184.578003,184.709000
2026-05-11T01:00:00Z,184.707993,184.796005,184.669006,184.781006
2026-05-11T02:00:00Z,184.781006,184.869995,184.746002,184.785995
2026-05-11T03:00:00Z,184.783997,184.800003,184.714005,184.757996
2026-05-11T04:00:00Z,184.757004,184.766998,184.598999,184.626007
2026-05-11T05:00:00Z,184.626999,184.658005,184.593994,184.626007
2026-05-11T06:00:00Z,184.626999,184.768005,184.615997,184.746002
2026-05-11T07:00:00Z,184.744995,184.966003,184.723007,184.957993
2026-05-11T08:00:00Z,184.960007,185.016006,184.858994,184.908005
2026-05-11T09:00:00Z,184.912003,184.970993,184.876007,184.916000
2026-05-11T10:00:00Z,184.914993,184.962006,184.834000,184.940002
2026-05-11T11:00:00Z,184.934998,184.979004,184.839005,184.897003
2026-05-11T12:00:00Z,184.891998,184.992004,184.839996,184.990005
2026-05-11T13:00:00Z,184.988007,185.123993,184.983994,185.065002
2026-05-11T14:00:00Z,185.061996,185.110992,184.919998,184.934998
2026-05-11T15:00:00Z,184.934006,185.035004,184.921997,184.996994
2026-05-11T16:00:00Z,184.992004,185.078995,184.964005,185.020004
2026-05-11T17:00:00Z,185.018997,185.091995,185.005997,185.037994
2026-05-11T18:00:00Z,185.037994,185.126007,185.033997,185.106995
2026-05-11T19:00:00Z,185.106995,185.214996,185.098007,185.184006
2026-05-11T20:00:00Z,185.188004,185.255005,185.089996,185.136002
2026-05-11T21:00:00Z,185.156006,185.242004,185.016998,185.156998
2026-05-11T22:00:00Z,185.147995,185.291000,185.106003,185.251999
2026-05-11T23:00:00Z,185.257004,185.266006,185.179993,185.197006
2026-05-12T00:00:00Z,185.197006,185.253998,185.164993,185.231995
2026-05-12T01:00:00Z,185.231995,185.335007,185.199005,185.281006
2026-05-12T02:00:00Z,185.281006,185.389999,185.272003,185.365997
2026-05-12T03:00:00Z,185.360001,185.367004,185.242996,185.292007
2026-05-12T04:00:00Z,185.289001,185.343994,185.238007,185.272003
2026-05-12T05:00:00Z,185.274002,185.453995,184.388000,185.022003
2026-05-12T06:00:00Z,185.011993,185.143005,184.759995,185.078003
2026-05-12T07:00:00Z,185.078995,185.125000,184.925995,185.031006
2026-05-12T08:00:00Z,185.029007,185.169998,184.964996,185.100998
2026-05-12T09:00:00Z,185.110001,185.199005,185.074997,185.091995
2026-05-12T10:00:00Z,185.089005,185.151993,184.975998,184.981995
2026-05-12T11:00:00Z,184.983994,185.070999,184.923004,185.042999
2026-05-12T12:00:00Z,185.044006,185.112000,184.908997,185.080002
2026-05-12T13:00:00Z,185.084000,185.123001,184.889999,184.914993
2026-05-12T14:00:00Z,184.919998,184.998993,184.865997,184.981003
2026-05-12T15:00:00Z,184.981995,185.050003,184.893005,185.029999
2026-05-12T16:00:00Z,185.029999,185.110992,185.001999,185.014008
2026-05-12T17:00:00Z,185.014008,185.031006,184.972000,185.024994
2026-05-12T18:00:00Z,185.020996,185.046005,184.942993,185.018997
2026-05-12T19:00:00Z,185.018005,185.070007,184.996994,185.059006
2026-05-12T20:00:00Z,185.065002,185.072998,184.975998,184.987000
2026-05-12T21:00:00Z,184.940002,185.044998,184.856003,184.936005
2026-05-12T22:00:00Z,184.880005,185.031006,184.826996,185.003998
2026-05-12T23:00:00Z,185.001999,185.048004,184.964005,185.018997
2026-05-13T00:00:00Z,185.018997,185.149994,184.987000,185.117004
2026-05-13T01:00:00Z,185.119995,185.151993,184.981995,185.057007
2026-05-13T02:00:00Z,185.057007,185.126999,185.007004,185.037003
2026-05-13T03:00:00Z,185.039993,185.046005,184.981995,185.022995
2026-05-13T04:00:00Z,185.024002,185.085007,185.016006,185.070007
2026-05-13T05:00:00Z,185.069000,185.117004,185.020004,185.022995
2026-05-13T06:00:00Z,185.028000,185.061996,184.848007,184.901001
2026-05-13T07:00:00Z,184.901993,184.917007,184.735001,184.772995
2026-05-13T08:00:00Z,184.772995,184.785004,184.621994,184.666000
2026-05-13T09:00:00Z,184.677994,184.779007,184.632004,184.757004
2026-05-13T10:00:00Z,184.761993,184.876999,184.662003,184.837006
2026-05-13T11:00:00Z,184.839996,184.878006,184.761993,184.770004
2026-05-13T12:00:00Z,184.770004,184.835999,184.608994,184.701004
2026-05-13T13:00:00Z,184.701004,184.783997,184.686005,184.751999
2026-05-13T14:00:00Z,184.750000,184.856995,184.718002,184.815002
2026-05-13T15:00:00Z,184.817993,184.889008,184.804993,184.837997
2026-05-13T16:00:00Z,184.835007,184.871002,184.809006,184.820999
2026-05-13T17:00:00Z,184.820007,184.856003,184.809006,184.828995
2026-05-13T18:00:00Z,184.830002,184.865005,184.811996,184.854996
2026-05-13T19:00:00Z,184.852005,184.899002,184.835007,184.860001
2026-05-13T20:00:00Z,184.862000,184.977005,184.804993,184.828003
2026-05-13T21:00:00Z,184.776993,184.951004,184.690002,184.856003
2026-05-13T22:00:00Z,184.856003,184.934998,184.761993,184.908997
2026-05-13T23:00:00Z,184.910995,184.942993,184.843002,184.940994
2026-05-14T00:00:00Z,184.936005,184.979004,184.878006,184.951996
2026-05-14T01:00:00Z,184.951996,185.005997,184.914001,184.970001
2026-05-14T02:00:00Z,184.973007,185.011993,184.929001,184.955994
2026-05-14T03:00:00Z,184.957001,185.046005,184.951004,185.018997
2026-05-14T04:00:00Z,185.018997,185.020996,184.529007,184.929993
2026-05-14T05:00:00Z,184.927002,184.994003,184.886002,184.906998
2026-05-14T06:00:00Z,184.906998,185.011993,184.807007,184.962006
2026-05-14T07:00:00Z,184.966995,185.011002,184.841995,184.873001
2026-05-14T08:00:00Z,184.873001,184.932999,184.817993,184.914001
2026-05-14T09:00:00Z,184.914001,184.949997,184.834000,184.871002
2026-05-14T10:00:00Z,184.871002,184.925003,184.839005,184.912003
2026-05-14T11:00:00Z,184.914993,184.919998,184.778000,184.820007
2026-05-14T12:00:00Z,184.815994,184.869003,184.759003,184.781998
2026-05-14T13:00:00Z,184.778000,184.854996,184.024002,184.587006
2026-05-14T14:00:00Z,184.587006,184.748001,184.529007,184.701004
2026-05-14T15:00:00Z,184.701996,184.725006,184.580002,184.602005
2026-05-14T16:00:00Z,184.595001,184.697006,184.580994,184.677002
2026-05-14T17:00:00Z,184.677002,184.764008,184.658997,184.733002
2026-05-14T18:00:00Z,184.731003,184.742004,184.658005,184.714005
2026-05-14T19:00:00Z,184.714005,184.837997,184.675003,184.802994
2026-05-14T20:00:00Z,184.811996,184.871002,184.727005,184.768997
2026-05-14T21:00:00Z,184.729996,184.820999,184.632996,184.740997
2026-05-14T22:00:00Z,184.731995,184.848007,184.710999,184.811996
2026-05-14T23:00:00Z,184.811996,184.817993,184.634995,184.695007
2026-05-15T00:00:00Z,184.699997,184.733002,184.619003,184.699005
2026-05-15T01:00:00Z,184.695007,184.727997,184.561005,184.634995
2026-05-15T02:00:00Z,184.630997,184.742004,184.626999,184.731995
2026-05-15T03:00:00Z,184.731003,184.740005,184.639008,184.662994
2026-05-15T04:00:00Z,184.669998,184.690002,184.595001,184.621994
2026-05-15T05:00:00Z,184.621994,184.675995,184.477997,184.507004
2026-05-15T06:00:00Z,184.500000,184.688995,184.324005,184.332001
2026-05-15T07:00:00Z,184.332993,184.490997,184.315994,184.369995
2026-05-15T08:00:00Z,184.376007,184.462006,184.261002,184.453995
2026-05-15T09:00:00Z,184.455002,184.468002,184.169006,184.317001
2026-05-15T10:00:00Z,184.311996,184.554993,184.307007,184.483994
2026-05-15T11:00:00Z,184.479996,184.537994,184.401001,184.436996
2026-05-15T12:00:00Z,184.438004,184.447006,184.242004,184.360001
2026-05-15T13:00:00Z,184.360001,184.507004,184.307007,184.445007
2026-05-15T14:00:00Z,184.440994,184.602005,184.425003,184.431000
2026-05-15T15:00:00Z,184.427002,184.516006,184.388000,184.505005
2026-05-15T16:00:00Z,184.503998,184.585999,184.459000,184.565994
2026-05-15T17:00:00Z,184.572998,184.598999,184.533005,184.546997
2026-05-15T18:00:00Z,184.546005,184.554001,184.408005,184.442001
2026-05-15T19:00:00Z,184.440994,184.518997,184.417999,184.507996
2026-05-15T20:00:00Z,184.509995,184.608994,184.475998,184.531006
2026-05-15T21:00:00Z,184.559998,184.559998,184.559998,184.559998
2026-05-17T23:00:00Z,184.557999,184.574005,184.468994,184.481995
2026-05-18T00:00:00Z,184.477997,184.591003,184.447006,184.544006
2026-05-18T01:00:00Z,184.546997,184.647003,184.475006,184.636002
2026-05-18T02:00:00Z,184.630997,184.641998,184.548004,184.582993
2026-05-18T03:00:00Z,184.582001,184.841995,184.578003,184.826004
2026-05-18T04:00:00Z,184.822006,184.882004,184.625000,184.746002
2026-05-18T05:00:00Z,184.742996,184.757996,184.662003,184.740997
2026-05-18T06:00:00Z,184.740005,184.886002,184.690002,184.878998
2026-05-18T07:00:00Z,184.878998,184.940002,184.809998,184.848999
2026-05-18T08:00:00Z,184.850998,184.927002,184.804993,184.893997
2026-05-18T09:00:00Z,184.891006,184.940994,184.867996,184.917999
2026-05-18T10:00:00Z,184.917999,184.945999,184.774994,184.781998
2026-05-18T11:00:00Z,184.781006,184.973999,184.772003,184.904999
2026-05-18T12:00:00Z,184.906998,185.039001,184.886993,184.889008
2026-05-18T13:00:00Z,184.889008,184.970993,184.852997,184.953003
2026-05-18T14:00:00Z,184.949997,185.041000,184.917999,184.919998
2026-05-18T15:00:00Z,184.917007,185.057007,184.884003,185.009995
2026-05-18T16:00:00Z,185.011993,185.212006,184.951004,185.177994
2026-05-18T17:00:00Z,185.179993,185.195007,185.102005,185.102997
2026-05-18T18:00:00Z,185.104004,185.130005,184.975998,184.983994
2026-05-18T19:00:00Z,184.990997,185.139999,184.985001,185.112000
2026-05-18T20:00:00Z,185.115005,185.195007,185.052994,185.082001
2026-05-18T21:00:00Z,185.059998,185.179993,184.945007,185.014008
2026-05-18T22:00:00Z,185.057999,185.169998,185.037003,185.154999
2026-05-18T23:00:00Z,185.153000,185.175995,185.108994,185.149994
2026-05-19T00:00:00Z,185.149994,185.207993,185.085007,185.158997
2026-05-19T01:00:00Z,185.154999,185.167007,185.100998,185.149994
2026-05-19T02:00:00Z,185.154999,185.154999,185.070999,185.082001
2026-05-19T03:00:00Z,185.078995,185.098007,185.037994,185.037994
2026-05-19T04:00:00Z,185.042007,185.048996,184.979996,185.005005
2026-05-19T05:00:00Z,185.005005,185.141006,184.953995,185.113007
2026-05-19T06:00:00Z,185.115005,185.184006,185.067993,185.100998
2026-05-19T07:00:00Z,185.104004,185.162003,184.988998,185.037003
2026-05-19T08:00:00Z,185.039993,185.050003,184.912994,184.968994
2026-05-19T09:00:00Z,184.970993,184.977997,184.809998,184.862000
2026-05-19T10:00:00Z,184.858002,184.940994,184.804001,184.895004
2026-05-19T11:00:00Z,184.893997,184.923004,184.850998,184.852997
2026-05-19T12:00:00Z,184.854004,184.938995,184.369003,184.781006
2026-05-19T13:00:00Z,184.774994,184.867004,184.542999,184.712006
2026-05-19T14:00:00Z,184.709000,184.779007,184.419006,184.445007
2026-05-19T15:00:00Z,184.442993,184.636993,184.348007,184.600006
2026-05-19T16:00:00Z,184.600998,184.606003,184.190994,184.343002
2026-05-19T17:00:00Z,184.335999,184.462006,184.330994,184.444000
2026-05-19T18:00:00Z,184.445999,184.613998,184.442993,184.539993
2026-05-19T19:00:00Z,184.541000,184.604004,184.533997,184.598999
2026-05-19T20:00:00Z,184.600998,184.643005,184.567001,184.567001
2026-05-19T21:00:00Z,184.548996,184.662994,184.440002,184.572998
2026-05-19T22:00:00Z,184.572998,184.679993,184.563995,184.643997
2026-05-19T23:00:00Z,184.654007,184.658997,184.587997,184.595993
2026-05-20T00:00:00Z,184.589996,184.643997,184.442993,184.453995
2026-05-20T01:00:00Z,184.451004,184.498001,184.380005,184.432007
2026-05-20T02:00:00Z,184.429993,184.466003,184.279999,184.315994
2026-05-20T03:00:00Z,184.313995,184.380997,184.278000,184.326004
2026-05-20T04:00:00Z,184.322006,184.410004,184.306000,184.369995
2026-05-20T05:00:00Z,184.369003,184.412994,184.261993,184.330994
2026-05-20T06:00:00Z,184.332001,184.410995,184.300003,184.352005
2026-05-20T07:00:00Z,184.354004,184.412003,184.332993,184.397995
2026-05-20T08:00:00Z,184.397995,184.414001,184.268005,184.332001
2026-05-20T09:00:00Z,184.324997,184.395004,184.313004,184.326004
2026-05-20T10:00:00Z,184.324997,184.468002,184.313004,184.447006
2026-05-20T11:00:00Z,184.451004,184.501999,184.382004,184.490997
2026-05-20T12:00:00Z,184.488998,184.522003,184.356995,184.378998
2026-05-20T13:00:00Z,184.378998,184.438004,184.332993,184.408005
2026-05-20T14:00:00Z,184.410004,184.694000,184.347000,184.574005
2026-05-20T15:00:00Z,184.574005,184.695999,184.507996,184.557999
2026-05-20T16:00:00Z,184.559998,184.686005,184.552994,184.651993
2026-05-20T17:00:00Z,184.647003,184.718002,184.578003,184.578003
2026-05-20T18:00:00Z,184.632996,184.785004,184.585007,184.746994
2026-05-20T19:00:00Z,184.742996,184.779007,184.703995,184.710999
2026-05-20T20:00:00Z,184.714005,184.772003,184.654999,184.679001
2026-05-20T21:00:00Z,184.677002,184.761002,184.557999,184.628006
2026-05-20T22:00:00Z,184.608994,184.712006,184.595001,184.664993
2026-05-20T23:00:00Z,184.684006,184.720993,184.647003,184.699005
2026-05-21T00:00:00Z,184.695999,184.755005,184.684998,184.729996
2026-05-21T01:00:00Z,184.729996,184.809006,184.662994,184.714996
2026-05-21T02:00:00Z,184.718994,184.744995,184.619003,184.686005
2026-05-21T03:00:00Z,184.684998,184.729004,184.649994,184.697006
2026-05-21T04:00:00Z,184.697006,184.798004,184.694000,184.783005
2026-05-21T05:00:00Z,184.785004,184.820999,184.746994,184.796005
2026-05-21T06:00:00Z,184.794006,184.884995,184.759995,184.828003
2026-05-21T07:00:00Z,184.828003,184.839005,184.399994,184.587997
2026-05-21T08:00:00Z,184.587997,184.936005,184.526001,184.785004
2026-05-21T09:00:00Z,184.789001,184.882996,184.746002,184.839005
2026-05-21T10:00:00Z,184.837997,184.906006,184.559006,184.697998
2026-05-21T11:00:00Z,184.695999,184.748001,184.556000,184.600006
2026-05-21T12:00:00Z,184.602997,184.695999,184.520004,184.578003
2026-05-21T13:00:00Z,184.580002,184.632996,184.389008,184.578995
2026-05-21T14:00:00Z,184.585007,184.632996,184.442001,184.514008
2026-05-21T15:00:00Z,184.511002,184.559998,184.388000,184.447006
2026-05-21T16:00:00Z,184.440002,184.550003,184.397995,184.528000
2026-05-21T17:00:00Z,184.522995,184.751999,184.494003,184.692993
2026-05-21T18:00:00Z,184.692993,184.768997,184.641998,184.705994
2026-05-21T19:00:00Z,184.707001,184.740997,184.643005,184.682999
2026-05-21T20:00:00Z,184.679001,184.723999,184.621994,184.639999
2026-05-21T21:00:00Z,184.636002,184.742996,184.516998,184.656006
2026-05-21T22:00:00Z,184.628006,184.731995,184.615997,184.716995
2026-05-21T23:00:00Z,184.718002,184.759003,184.694000,184.746002
2026-05-22T00:00:00Z,184.746002,184.798996,184.701996,184.770004
2026-05-22T01:00:00Z,184.768997,184.807007,184.703003,184.712997
2026-05-22T02:00:00Z,184.707001,184.727005,184.636993,184.662003
2026-05-22T03:00:00Z,184.662003,184.679001,184.623001,184.669998
2026-05-22T04:00:00Z,184.669006,184.766998,184.647995,184.761993
2026-05-22T05:00:00Z,184.757996,184.800995,184.699005,184.733002
2026-05-22T06:00:00Z,184.729004,184.779007,184.643005,184.714005
2026-05-22T07:00:00Z,184.714005,184.735992,184.619995,184.716003
2026-05-22T08:00:00Z,184.712997,184.757996,184.630005,184.664993
2026-05-22T09:00:00Z,184.662003,184.682999,184.535995,184.619995
2026-05-22T10:00:00Z,184.625000,184.667007,184.507004,184.539993
2026-05-22T11:00:00Z,184.535004,184.619995,184.485992,184.539993
2026-05-22T12:00:00Z,184.539993,184.647003,184.514008,184.598999
2026-05-22T13:00:00Z,184.598007,184.731003,184.580002,184.591995
2026-05-22T14:00:00Z,184.600998,184.623001,184.442993,184.522003
2026-05-22T15:00:00Z,184.522995,184.753998,184.507996,184.709000
2026-05-22T16:00:00Z,184.709000,184.820007,184.677994,184.815002
2026-05-22T17:00:00Z,184.817993,184.856995,184.746994,184.794998
2026-05-22T18:00:00Z,184.796005,184.826996,184.757004,184.781006
2026-05-22T19:00:00Z,184.776993,184.787994,184.697006,184.720001
2026-05-22T20:00:00Z,184.720001,184.737000,184.585999,184.664993
2026-05-22T21:00:00Z,184.703995,184.703995,184.703995,184.703995
2026-05-24T23:00:00Z,184.977997,185.067001,184.960999,185.044998
2026-05-25T00:00:00Z,185.050003,185.057999,184.893005,184.903000
2026-05-25T01:00:00Z,184.904007,184.936996,184.835007,184.914001
2026-05-25T02:00:00Z,184.914001,184.945007,184.848007,184.858002
2026-05-25T03:00:00Z,184.860001,184.904999,184.845001,184.891998
2026-05-25T04:00:00Z,184.893005,184.968994,184.869995,184.942001
2026-05-25T05:00:00Z,184.942993,184.990005,184.916000,184.973007
2026-05-25T06:00:00Z,184.968994,185.046005,184.929001,184.979004
2026-05-25T07:00:00Z,184.979996,185.024994,184.945007,185.001999
2026-05-25T08:00:00Z,184.996002,185.084000,184.944000,185.033005
2026-05-25T09:00:00Z,185.037003,185.059998,184.994995,185.007004
2026-05-25T10:00:00Z,185.007004,185.069000,185.003998,185.052002
2026-05-25T11:00:00Z,185.052002,185.121994,185.022995,185.059998
2026-05-25T12:00:00Z,185.061005,185.139999,185.024002,185.087006
2026-05-25T13:00:00Z,185.087006,185.112000,184.953995,184.960999
2026-05-25T14:00:00Z,184.957993,185.067001,184.949005,185.009995
2026-05-25T15:00:00Z,185.009003,185.091003,184.983002,184.983002
2026-05-25T16:00:00Z,184.983002,185.009995,184.916000,184.964005
2026-05-25T17:00:00Z,184.966003,185.020004,184.951004,185.001999
2026-05-25T18:00:00Z,185.001999,185.020996,184.981003,185.013000
2026-05-25T19:00:00Z,185.011002,185.018997,184.988007,185.000000
2026-05-25T20:00:00Z,184.998993,185.050995,184.947998,184.955002
2026-05-25T21:00:00Z,184.938995,185.057999,184.785995,184.901993
2026-05-25T22:00:00Z,184.876007,185.029007,184.876007,185.005005
2026-05-25T23:00:00Z,184.996002,185.048004,184.938004,184.955002
2026-05-26T00:00:00Z,184.953995,185.037994,184.931000,185.016998
2026-05-26T01:00:00Z,185.016998,185.039001,184.889008,184.940002
2026-05-26T02:00:00Z,184.936996,184.942993,184.891998,184.908005
2026-05-26T03:00:00Z,184.908005,184.944000,184.891998,184.938004
2026-05-26T04:00:00Z,184.934006,184.938004,184.880005,184.910004
2026-05-26T05:00:00Z,184.910004,184.925003,184.876007,184.910004
2026-05-26T06:00:00Z,184.908005,185.147995,184.895004,185.104996
2026-05-26T07:00:00Z,185.102997,185.276001,185.014999,185.253998
2026-05-26T08:00:00Z,185.255997,185.356995,185.229996,185.264008
2026-05-26T09:00:00Z,185.261002,185.343994,185.186996,185.298996
2026-05-26T10:00:00Z,185.302002,185.315002,185.182007,185.263000
2026-05-26T11:00:00Z,185.268005,185.319000,185.199005,185.212006
2026-05-26T12:00:00Z,185.212006,185.246994,185.184998,185.210999
2026-05-26T13:00:00Z,185.205994,185.250000,185.057999,185.162994
2026-05-26T14:00:00Z,185.160004,185.216995,185.084000,185.205994
2026-05-26T15:00:00Z,185.203995,185.220993,185.093002,185.166000
2026-05-26T16:00:00Z,185.166000,185.250000,185.151993,185.171005
2026-05-26T17:00:00Z,185.171005,185.248993,185.141998,185.240997
2026-05-26T18:00:00Z,185.237000,185.294998,185.225998,185.291000
2026-05-26T19:00:00Z,185.292999,185.315994,185.259003,185.313004
2026-05-26T20:00:00Z,185.317001,185.326004,185.207001,185.235992
2026-05-26T21:00:00Z,185.177994,185.311005,185.134995,185.188004
2026-05-26T22:00:00Z,185.188995,185.304001,185.160004,185.279007
2026-05-26T23:00:00Z,185.264008,185.322006,185.261002,185.302994
2026-05-27T00:00:00Z,185.302994,185.417007,185.266006,185.369995
2026-05-27T01:00:00Z,185.369995,185.380005,185.276993,185.320999
2026-05-27T02:00:00Z,185.326004,185.371994,185.276001,185.304001
2026-05-27T03:00:00Z,185.304993,185.339996,185.268997,185.285995
2026-05-27T04:00:00Z,185.287003,185.384003,185.279007,185.376999
2026-05-27T05:00:00Z,185.375000,185.498001,185.367996,185.472000
2026-05-27T06:00:00Z,185.468994,185.585999,185.445999,185.569000
2026-05-27T07:00:00Z,185.569000,185.621994,185.488998,185.494003
2026-05-27T08:00:00Z,185.494003,185.705994,185.459000,185.608002
2026-05-27T09:00:00Z,185.604004,185.613998,185.516998,185.563004
2026-05-27T10:00:00Z,185.561996,185.565002,185.449005,185.498993
2026-05-27T11:00:00Z,185.505997,185.572006,185.473999,185.535995
2026-05-27T12:00:00Z,185.537994,185.781006,185.501999,185.617996
2026-05-27T13:00:00Z,185.619003,185.667999,185.492996,185.541000
2026-05-27T14:00:00Z,185.531006,185.746994,185.414001,185.434006
2026-05-27T15:00:00Z,185.434006,185.533997,185.401993,185.462997
2026-05-27T16:00:00Z,185.462997,185.533997,185.421005,185.522003
2026-05-27T17:00:00Z,185.526001,185.546005,185.425995,185.477005
2026-05-27T18:00:00Z,185.477005,185.511002,185.427002,185.488998
2026-05-27T19:00:00Z,185.488998,185.550995,185.483994,185.522003
2026-05-27T20:00:00Z,185.520996,185.533005,185.360001,185.404007
2026-05-27T21:00:00Z,185.421997,185.516998,185.285995,185.408005
2026-05-27T22:00:00Z,185.388000,185.494995,185.378006,185.440002
2026-05-27T23:00:00Z,185.434006,185.475998,185.354004,185.371994
2026-05-28T00:00:00Z,185.373993,185.451996,185.363998,185.414001
2026-05-28T01:00:00Z,185.410004,185.423004,185.264999,185.278000
2026-05-28T02:00:00Z,185.279007,185.309998,185.257004,185.283997
2026-05-28T03:00:00Z,185.287003,185.294998,184.945999,184.947006
2026-05-28T04:00:00Z,184.949005,185.001999,184.878006,184.970993
2026-05-28T05:00:00Z,184.970993,185.100998,184.908005,185.070007
2026-05-28T06:00:00Z,185.070007,185.186996,185.063004,185.167007
2026-05-28T07:00:00Z,185.167007,185.261993,185.154999,185.179001
2026-05-28T08:00:00Z,185.179001,185.235992,185.145996,185.212997
2026-05-28T09:00:00Z,185.216003,185.240005,185.121994,185.128006
2026-05-28T10:00:00Z,185.123993,185.138000,185.033005,185.035995
2026-05-28T11:00:00Z,185.037003,185.326004,185.018005,185.240005
2026-05-28T12:00:00Z,185.240997,185.449997,185.212997,185.445999
2026-05-28T13:00:00Z,185.445999,185.529007,185.393005,185.449997
2026-05-28T14:00:00Z,185.449005,185.653000,185.416000,185.457001
2026-05-28T15:00:00Z,185.451996,185.608994,185.451996,185.541000
2026-05-28T16:00:00Z,185.544006,185.621994,185.492004,185.529007
2026-05-28T17:00:00Z,185.533997,185.544998,185.487000,185.514999
2026-05-28T18:00:00Z,185.518997,185.537003,185.483002,185.501007
2026-05-28T19:00:00Z,185.501007,185.524994,185.464005,185.483994
2026-05-28T20:00:00Z,185.487000,185.524002,185.440994,185.524002
2026-05-28T21:00:00Z,185.466003,185.559998,185.388000,185.522995
2026-05-28T22:00:00Z,185.460007,185.574997,185.451996,185.544006
2026-05-28T23:00:00Z,185.528000,185.589996,185.511993,185.585999
2026-05-29T00:00:00Z,185.585999,185.647995,185.544006,185.546997
2026-05-29T01:00:00Z,185.552002,185.641006,185.496994,185.513000
2026-05-29T02:00:00Z,185.516006,185.554993,185.481995,185.511993
2026-05-29T03:00:00Z,185.514008,185.522003,185.408005,185.444000
2026-05-29T04:00:00Z,185.442993,185.496002,185.389008,185.406006
2026-05-29T05:00:00Z,185.406006,185.490005,185.395996,185.466995
2026-05-29T06:00:00Z,185.468002,185.574005,185.464996,185.533997
2026-05-29T07:00:00Z,185.524994,185.556000,185.388000,185.412003
2026-05-29T08:00:00Z,185.410995,185.417007,185.179001,185.225998
2026-05-29T09:00:00Z,185.227005,185.449005,185.199005,185.445999
2026-05-29T10:00:00Z,185.447006,185.490005,185.393005,185.453003
2026-05-29T11:00:00Z,185.451996,185.501007,185.389008,185.485992
2026-05-29T12:00:00Z,185.479996,185.522995,185.429001,185.514008
2026-05-29T13:00:00Z,185.514008,185.598999,185.472000,185.539993
2026-05-29T14:00:00Z,185.539993,185.835007,185.485992,185.750000
2026-05-29T15:00:00Z,185.753998,185.981003,185.705994,185.944000
2026-05-29T16:00:00Z,185.944000,185.953995,185.763000,185.811005
2026-05-29T17:00:00Z,185.811005,185.826996,185.727997,185.759003
2026-05-29T18:00:00Z,185.755005,185.807999,185.738007,185.761993
2026-05-29T19:00:00Z,185.761993,185.839996,185.750000,185.770004
2026-05-29T20:00:00Z,185.770004,185.776993,185.626007,185.654999
2026-05-29T21:00:00Z,185.709000,185.709000,185.709000,185.709000
2026-05-31T23:00:00Z,185.744995,185.764008,185.619995,185.628998
2026-06-01T00:00:00Z,185.630005,185.761993,185.626007,185.725006
2026-06-01T01:00:00Z,185.722000,185.738007,185.669006,185.712997
2026-06-01T02:00:00Z,185.716995,185.729996,185.681000,185.712006
2026-06-01T03:00:00Z,185.710999,185.744995,185.649002,185.690002
2026-06-01T04:00:00Z,185.688004,185.748993,185.679001,185.737000
2026-06-01T05:00:00Z,185.733994,185.837997,185.733002,185.787003
2026-06-01T06:00:00Z,185.789001,185.977005,185.774994,185.960007
2026-06-01T07:00:00Z,185.960007,185.960999,185.813995,185.880005
2026-06-01T08:00:00Z,185.878006,185.914993,185.820007,185.882004
2026-06-01T09:00:00Z,185.882004,185.919998,185.740997,185.772995
2026-06-01T10:00:00Z,185.772995,185.785995,185.697006,185.718994
2026-06-01T11:00:00Z,185.716995,185.763000,185.643005,185.738007
2026-06-01T12:00:00Z,185.737000,185.783005,185.707001,185.751999
2026-06-01T13:00:00Z,185.750000,185.787994,185.410004,185.451004
2026-06-01T14:00:00Z,185.423996,185.570007,185.380005,185.552002
2026-06-01T15:00:00Z,185.552994,185.602005,185.460007,185.565994
2026-06-01T16:00:00Z,185.565994,185.619995,185.509003,185.606003
2026-06-01T17:00:00Z,185.610001,185.759003,185.574005,185.727005
2026-06-01T18:00:00Z,185.723007,185.819000,185.701996,185.811005
2026-06-01T19:00:00Z,185.802994,185.813004,185.692001,185.744003
2026-06-01T20:00:00Z,185.740997,185.763000,185.617004,185.669006
2026-06-01T21:00:00Z,185.585007,185.778000,185.546997,185.718994
2026-06-01T22:00:00Z,185.718994,185.755005,185.628998,185.735992
2026-06-01T23:00:00Z,185.740997,185.768005,185.699997,185.746994
2026-06-02T00:00:00Z,185.744995,185.785995,185.688995,185.703003
2026-06-02T01:00:00Z,185.705002,185.774002,185.697006,185.740997
2026-06-02T02:00:00Z,185.742004,185.783005,185.731003,185.761002
2026-06-02T03:00:00Z,185.757996,185.828995,185.753998,185.815002
2026-06-02T04:00:00Z,185.815002,185.897003,185.811996,185.884003
2026-06-02T05:00:00Z,185.884003,185.906006,185.863007,185.886993
2026-06-02T06:00:00Z,185.884995,186.095993,185.878006,186.063995
2026-06-02T07:00:00Z,186.057007,186.067993,185.977997,186.014999
2026-06-02T08:00:00Z,186.018005,186.048996,185.960007,185.979004
2026-06-02T09:00:00Z,185.990997,185.998001,185.921005,185.983002
2026-06-02T10:00:00Z,185.985001,186.009995,185.904007,185.979996
2026-06-02T11:00:00Z,185.977997,186.134995,185.975006,186.089996
2026-06-02T12:00:00Z,186.089996,186.201996,186.061996,186.145996
2026-06-02T13:00:00Z,186.149994,186.184006,186.026001,186.031998
2026-06-02T14:00:00Z,186.059998,186.179001,185.957993,186.134995
2026-06-02T15:00:00Z,186.136002,186.171005,186.035995,186.098999
2026-06-02T16:00:00Z,186.098999,186.104004,185.925995,185.942993
2026-06-02T17:00:00Z,185.940002,185.968002,185.876007,185.895004
2026-06-02T18:00:00Z,185.895004,185.966003,185.798004,185.944000
2026-06-02T19:00:00Z,185.944000,186.048996,185.940994,186.026001
2026-06-02T20:00:00Z,186.031998,186.065002,185.927002,185.949997
2026-06-02T21:00:00Z,185.947998,186.042007,185.826996,185.917999
2026-06-02T22:00:00Z,185.914001,186.007996,185.873993,185.977005
2026-06-02T23:00:00Z,185.968002,185.985992,185.895004,185.916000
2026-06-03T00:00:00Z,185.916000,186.009003,185.895004,185.983994
2026-06-03T01:00:00Z,185.981995,185.990005,185.884995,185.904007
2026-06-03T02:00:00Z,185.903000,185.925003,185.845993,185.893997
2026-06-03T03:00:00Z,185.893997,185.944000,185.880997,185.899994
2026-06-03T04:00:00Z,185.899994,185.908005,185.850998,185.876999
2026-06-03T05:00:00Z,185.873001,185.899002,185.807999,185.811005
2026-06-03T06:00:00Z,185.807999,185.850006,185.731995,185.834000
2026-06-03T07:00:00Z,185.828995,185.841003,185.440994,185.505997
2026-06-03T08:00:00Z,185.503006,185.550003,185.093994,185.440994
2026-06-03T09:00:00Z,185.440994,185.662994,185.440994,185.569000
2026-06-03T10:00:00Z,185.565994,185.690002,185.542007,185.610001
2026-06-03T11:00:00Z,185.613998,185.740997,185.598999,185.695007
2026-06-03T12:00:00Z,185.690994,185.707993,185.447998,185.505997
2026-06-03T13:00:00Z,185.505997,185.630005,185.479996,185.580994
2026-06-03T14:00:00Z,185.589996,185.744995,185.496002,185.725006
2026-06-03T15:00:00Z,185.729004,185.738007,185.628006,185.639008
2026-06-03T16:00:00Z,185.639999,185.651993,185.533005,185.578995
2026-06-03T17:00:00Z,185.580002,185.630997,185.550995,185.623001
2026-06-03T18:00:00Z,185.626007,185.628998,185.574005,185.604996
2026-06-03T19:00:00Z,185.608002,185.660995,185.584000,185.656006
2026-06-03T20:00:00Z,185.656006,185.694000,185.582993,185.582993
2026-06-03T21:00:00Z,185.552002,185.692001,185.500000,185.556000
2026-06-03T22:00:00Z,185.529999,185.632996,185.524002,185.604004
2026-06-03T23:00:00Z,185.591995,185.699005,185.572998,185.684006
2026-06-04T00:00:00Z,185.684006,185.699005,185.591995,185.595001
2026-06-04T01:00:00Z,185.595001,185.623993,185.563995,185.613007
2026-06-04T02:00:00Z,185.612000,185.654999,185.578995,185.634995
2026-06-04T03:00:00Z,185.634003,185.662994,185.587006,185.656998
2026-06-04T04:00:00Z,185.656998,185.677994,185.324005,185.598007
2026-06-04T05:00:00Z,185.595001,185.636993,185.576996,185.617996
2026-06-04T06:00:00Z,185.615005,185.677994,185.582001,185.654007
2026-06-04T07:00:00Z,185.653000,185.664993,185.470993,185.550995
2026-06-04T08:00:00Z,185.542007,185.677002,185.537994,185.660004
2026-06-04T09:00:00Z,185.662003,185.880005,185.651001,185.843002
2026-06-04T10:00:00Z,185.837006,185.992996,185.830002,185.940994
2026-06-04T11:00:00Z,185.938995,186.091003,185.929001,185.994003
2026-06-04T12:00:00Z,185.992004,186.095993,185.927002,186.029007
2026-06-04T13:00:00Z,186.035995,186.100006,185.996994,186.074997
2026-06-04T14:00:00Z,186.080994,186.110001,186.016006,186.065994
2026-06-04T15:00:00Z,186.065994,186.104996,185.945007,186.014999
2026-06-04T16:00:00Z,186.016006,186.033005,185.923996,185.934998
2026-06-04T17:00:00Z,185.934006,185.957001,185.891998,185.921997
2026-06-04T18:00:00Z,185.917999,185.932999,185.834000,185.869003
2026-06-04T19:00:00Z,185.865997,185.880005,185.787994,185.807999
2026-06-04T20:00:00Z,185.811996,185.826004,185.763000,185.776993
2026-06-04T21:00:00Z,185.772003,185.906006,185.673004,185.695007
2026-06-04T22:00:00Z,185.766006,185.813004,185.692001,185.787994
2026-06-04T23:00:00Z,185.785004,185.815994,185.764999,185.787994
2026-06-05T00:00:00Z,185.787003,185.815002,185.712006,185.753006
2026-06-05T01:00:00Z,185.751007,185.785995,185.692001,185.768005
2026-06-05T02:00:00Z,185.764999,185.822006,185.753006,185.787994
2026-06-05T03:00:00Z,185.796997,185.819000,185.755005,185.783005
2026-06-05T04:00:00Z,185.783997,185.819000,185.766006,185.804001
2026-06-05T05:00:00Z,185.802994,185.830002,185.761002,185.802002
2026-06-05T06:00:00Z,185.798004,185.897003,185.755005,185.880005
2026-06-05T07:00:00Z,185.882996,186.091995,185.869995,186.048996
2026-06-05T08:00:00Z,186.048996,186.156998,186.046997,186.117996
2026-06-05T09:00:00Z,186.113998,186.201004,186.097000,186.145996
2026-06-05T10:00:00Z,186.147995,186.199997,186.108994,186.134003
2026-06-05T11:00:00Z,186.138000,186.141006,185.996994,186.076996
2026-06-05T12:00:00Z,186.080002,186.113007,185.626007,185.628006
2026-06-05T13:00:00Z,185.626999,185.695007,185.229004,185.315002
2026-06-05T14:00:00Z,185.315994,185.373993,185.089996,185.251999
2026-06-05T15:00:00Z,185.253998,185.261002,184.753998,184.820007
2026-06-05T16:00:00Z,184.820007,184.834000,184.710999,184.832993
2026-06-05T17:00:00Z,184.830994,184.852005,184.692993,184.748993
2026-06-05T18:00:00Z,184.750000,184.764999,184.496994,184.548996
2026-06-05T19:00:00Z,184.548996,184.666000,184.490005,184.600998
2026-06-05T20:00:00Z,184.610992,184.757996,184.516998,184.660004
2026-06-05T21:00:00Z,184.682999,184.682999,184.682999,184.682999
2026-06-07T23:00:00Z,184.578995,184.746994,184.570007,184.735001
2026-06-08T00:00:00Z,184.731995,184.908005,184.649002,184.904007
2026-06-08T01:00:00Z,184.901993,184.936996,184.582001,184.802994
2026-06-08T02:00:00Z,184.800003,184.927002,184.738007,184.886993
2026-06-08T03:00:00Z,184.888000,184.912994,184.850006,184.901001
2026-06-08T04:00:00Z,184.904999,184.919998,184.841003,184.889999
2026-06-08T05:00:00Z,184.891006,184.990997,184.582993,184.587997
2026-06-08T06:00:00Z,184.587997,184.766006,184.529007,184.541000
2026-06-08T07:00:00Z,184.539993,184.690994,184.518997,184.520996
2026-06-08T08:00:00Z,184.520004,184.578995,183.968994,184.151993
2026-06-08T09:00:00Z,184.153000,184.238007,184.020996,184.203003
2026-06-08T10:00:00Z,184.203995,184.425995,184.164001,184.391998
2026-06-08T11:00:00Z,184.391998,184.617004,184.365005,184.542999
2026-06-08T12:00:00Z,184.542999,184.638000,184.518005,184.621994
2026-06-08T13:00:00Z,184.619995,184.811005,184.608002,184.697006
2026-06-08T14:00:00Z,184.695999,184.776993,184.682007,184.764999
2026-06-08T15:00:00Z,184.761002,184.865997,184.729996,184.839005
2026-06-08T16:00:00Z,184.841995,184.858002,184.774002,184.800003
2026-06-08T17:00:00Z,184.800003,184.848007,184.785995,184.794998
2026-06-08T18:00:00Z,184.794998,184.843002,184.738998,184.746994
2026-06-08T19:00:00Z,184.744995,184.804001,184.723999,184.735001
2026-06-08T20:00:00Z,184.735001,184.798004,184.664001,184.686005
2026-06-08T21:00:00Z,184.649994,184.822006,184.600006,184.697998
2026-06-08T22:00:00Z,184.712006,184.746002,184.634995,184.723999
2026-06-08T23:00:00Z,184.725006,184.751999,184.647003,184.651993
2026-06-09T00:00:00Z,184.649994,184.783005,184.597000,184.770004
2026-06-09T01:00:00Z,184.768005,184.856995,184.751999,184.848999
2026-06-09T02:00:00Z,184.847000,184.865997,184.828003,184.850006
2026-06-09T03:00:00Z,184.850006,184.899002,184.815002,184.893997
2026-06-09T04:00:00Z,184.895996,184.987000,184.876007,184.942993
2026-06-09T05:00:00Z,184.942993,184.951004,184.837006,184.876007
2026-06-09T06:00:00Z,184.880997,184.970001,184.824005,184.889999
2026-06-09T07:00:00Z,184.889999,184.927002,184.813004,184.850006
2026-06-09T08:00:00Z,184.850006,185.039993,184.813995,185.009995
2026-06-09T09:00:00Z,185.009003,185.210999,185.005997,185.194000
2026-06-09T10:00:00Z,185.194000,185.285004,185.186005,185.237000
2026-06-09T11:00:00Z,185.237000,185.367996,185.237000,185.341995
2026-06-09T12:00:00Z,185.343994,185.412994,185.306000,185.395996
2026-06-09T13:00:00Z,185.389999,185.462006,185.255997,185.287994
2026-06-09T14:00:00Z,185.289993,185.373993,185.167007,185.285004
2026-06-09T15:00:00Z,185.283997,185.356995,185.069000,185.145004
2026-06-09T16:00:00Z,185.138000,185.173996,184.960007,185.110001
2026-06-09T17:00:00Z,185.108994,185.190002,185.080002,185.175003
2026-06-09T18:00:00Z,185.175995,185.257004,185.160004,185.203995
2026-06-09T19:00:00Z,185.207001,185.214005,185.087006,185.134995
2026-06-09T20:00:00Z,185.134003,185.167999,185.048996,185.084000
2026-06-09T21:00:00Z,185.031998,185.173996,184.910004,184.945007
2026-06-09T22:00:00Z,184.964996,185.085007,184.927002,185.037994
2026-06-09T23:00:00Z,185.042999,185.091003,184.977997,185.001007
2026-06-10T00:00:00Z,185.003998,185.123993,184.968994,185.110001
2026-06-10T01:00:00Z,185.113007,185.119995,184.947998,185.037994
2026-06-10T02:00:00Z,185.039001,185.110992,185.013000,185.098007
2026-06-10T03:00:00Z,185.098007,185.238007,185.093994,185.216003
2026-06-10T04:00:00Z,185.212997,185.218994,185.119003,185.160004
2026-06-10T05:00:00Z,185.160004,185.292999,185.139008,185.263000
2026-06-10T06:00:00Z,185.261002,185.343994,185.209000,185.218994
2026-06-10T07:00:00Z,185.216995,185.345001,185.186005,185.307999
2026-06-10T08:00:00Z,185.309998,185.341995,185.233002,185.341995
2026-06-10T09:00:00Z,185.339996,185.464005,185.289993,185.432999
2026-06-10T10:00:00Z,185.432007,185.468994,185.348007,185.367004
2026-06-10T11:00:00Z,185.367996,185.371002,185.136993,185.154007
2026-06-10T12:00:00Z,185.158005,185.432007,185.145004,185.274994
2026-06-10T13:00:00Z,185.274994,185.570007,185.264008,185.440994
2026-06-10T14:00:00Z,185.440994,185.505997,185.311996,185.389999
2026-06-10T15:00:00Z,185.389999,185.440994,185.143997,185.332993
2026-06-10T16:00:00Z,185.328995,185.498001,185.317993,185.417999
2026-06-10T17:00:00Z,185.417999,185.436005,185.317001,185.417007
2026-06-10T18:00:00Z,185.414001,185.475998,185.309006,185.341003
2026-06-10T19:00:00Z,185.341003,185.354004,185.268005,185.283997
2026-06-10T20:00:00Z,185.279007,185.283005,185.154999,185.173996
2026-06-10T21:00:00Z,185.115997,185.225006,185.074997,185.117004
2026-06-10T22:00:00Z,185.121994,185.182999,185.050003,185.113007
2026-06-10T23:00:00Z,185.102997,185.207001,185.044006,185.171005
2026-06-11T00:00:00Z,185.171997,185.285995,185.162003,185.270996
2026-06-11T01:00:00Z,185.272003,185.434006,185.268005,185.423996
2026-06-11T02:00:00Z,185.423996,185.429993,185.326004,185.356003
2026-06-11T03:00:00Z,185.356003,185.380005,185.309998,185.313995
2026-06-11T04:00:00Z,185.313995,185.384995,185.285004,185.352997
2026-06-11T05:00:00Z,185.350006,185.404007,185.326996,185.380005
2026-06-11T06:00:00Z,185.378998,185.397995,185.291000,185.302994
2026-06-11T07:00:00Z,185.304993,185.466003,185.291000,185.302002
2026-06-11T08:00:00Z,185.300003,185.307999,185.102997,185.123001
2026-06-11T09:00:00Z,185.130997,185.210999,185.095001,185.149994
2026-06-11T10:00:00Z,185.151993,185.162003,184.994995,185.100006
2026-06-11T11:00:00Z,185.098999,185.253998,185.098999,185.225998
2026-06-11T12:00:00Z,185.223007,185.294006,184.929001,185.242996
2026-06-11T13:00:00Z,185.246994,185.266006,184.916000,185.026993
2026-06-11T14:00:00Z,185.026993,185.042007,184.813995,184.886002
2026-06-11T15:00:00Z,184.886993,184.932999,184.792007,184.811005
2026-06-11T16:00:00Z,184.809998,184.839996,184.731003,184.746002
2026-06-11T17:00:00Z,184.746002,185.207993,184.654007,184.953995
2026-06-11T18:00:00Z,184.953003,185.037994,184.929001,185.011993
2026-06-11T19:00:00Z,185.011002,185.121002,184.873993,185.011993
2026-06-11T20:00:00Z,185.011993,185.233994,185.011993,185.108002
2026-06-11T21:00:00Z,185.113998,185.231003,184.981995,185.151993
2026-06-11T22:00:00Z,185.115997,185.376999,185.115997,185.365005
2026-06-11T23:00:00Z,185.369003,185.384995,185.268997,185.360001
2026-06-12T00:00:00Z,185.358002,185.378998,185.255997,185.302994
2026-06-12T01:00:00Z,185.304001,185.320007,185.158997,185.313995
2026-06-12T02:00:00Z,185.313004,185.419998,185.302002,185.395004
2026-06-12T03:00:00Z,185.395996,185.449005,185.371002,185.417999
2026-06-12T04:00:00Z,185.414993,185.470001,185.397995,185.436005
2026-06-12T05:00:00Z,185.436005,185.459000,185.304001,185.304001
2026-06-12T06:00:00Z,185.311996,185.554001,185.304001,185.529007
2026-06-12T07:00:00Z,185.531998,185.544006,185.322998,185.389999
2026-06-12T08:00:00Z,185.388000,185.462997,185.287003,185.332001
2026-06-12T09:00:00Z,185.330994,185.447006,185.274994,185.412994
2026-06-12T10:00:00Z,185.416000,185.429993,185.279007,185.289001
2026-06-12T11:00:00Z,185.287994,185.401001,185.285004,185.337997
2026-06-12T12:00:00Z,185.339996,185.369003,185.246994,185.304001
2026-06-12T13:00:00Z,185.304001,185.498001,185.291000,185.431000
2026-06-12T14:00:00Z,185.414001,185.498993,185.386993,185.445999
2026-06-12T15:00:00Z,185.447998,185.542007,185.423004,185.445007
2026-06-12T16:00:00Z,185.445999,185.473999,185.360001,185.453995
2026-06-12T17:00:00Z,185.455994,185.468002,185.395004,185.419006
2026-06-12T18:00:00Z,185.419998,185.490005,185.406006,185.464996
2026-06-12T19:00:00Z,185.462997,185.475006,185.352997,185.373001
2026-06-12T20:00:00Z,185.371994,185.391006,185.244003,185.311005
2026-06-12T21:00:00Z,185.365997,185.365997,185.365997,185.365997
2026-06-14T23:00:00Z,185.651993,185.664001,185.557007,185.595001
2026-06-15T00:00:00Z,185.595993,185.753006,185.582001,185.703003
2026-06-15T01:00:00Z,185.703003,185.850006,185.667007,185.807007
2026-06-15T02:00:00Z,185.804993,185.835007,185.718002,185.753998
2026-06-15T03:00:00Z,185.751999,185.761993,185.690002,185.729004
2026-06-15T04:00:00Z,185.729004,185.862000,185.729004,185.854004
2026-06-15T05:00:00Z,185.854004,185.953003,185.841003,185.923004
2026-06-15T06:00:00Z,185.923996,185.945007,185.787003,185.845993
2026-06-15T07:00:00Z,185.845993,185.854004,185.763000,185.822006
2026-06-15T08:00:00Z,185.824997,185.880005,185.714996,185.774994
2026-06-15T09:00:00Z,185.778000,185.899994,185.764999,185.847000
2026-06-15T10:00:00Z,185.845993,185.951004,185.811996,185.908005
2026-06-15T11:00:00Z,185.906998,186.009003,185.884003,185.951996
2026-06-15T12:00:00Z,185.955994,186.054001,185.867996,186.003998
2026-06-15T13:00:00Z,186.003998,186.016998,185.912003,185.949005
2026-06-15T14:00:00Z,185.949005,185.949997,185.789993,185.878006
2026-06-15T15:00:00Z,185.880005,185.882996,185.750000,185.800003
2026-06-15T16:00:00Z,185.800003,185.932007,185.791000,185.904999
2026-06-15T17:00:00Z,185.904999,185.919998,185.856003,185.899994
2026-06-15T18:00:00Z,185.899002,185.945999,185.835999,185.867996
2026-06-15T19:00:00Z,185.865997,185.878998,185.794998,185.806000
2026-06-15T20:00:00Z,185.807007,185.843002,185.783005,185.813995
2026-06-15T21:00:00Z,185.748001,185.979004,185.690994,185.804001
2026-06-15T22:00:00Z,185.785004,185.852005,185.729996,185.783005
2026-06-15T23:00:00Z,185.792007,185.806000,185.727005,185.740005
2026-06-16T00:00:00Z,185.738007,185.766006,185.641998,185.712997
2026-06-16T01:00:00Z,185.712997,185.738007,185.574997,185.582993
2026-06-16T02:00:00Z,185.584000,185.595993,185.518005,185.561996
2026-06-16T03:00:00Z,185.556000,185.669006,185.444000,185.617004
2026-06-16T04:00:00Z,185.617996,185.647995,185.511002,185.552002
2026-06-16T05:00:00Z,185.552002,185.623001,185.529007,185.544998
2026-06-16T06:00:00Z,185.542007,185.636002,185.490005,185.634995
2026-06-16T07:00:00Z,185.634003,185.869995,185.610992,185.792999
2026-06-16T08:00:00Z,185.798996,186.072006,185.774994,186.057999
2026-06-16T09:00:00Z,186.046005,186.117996,185.964005,186.007996
2026-06-16T10:00:00Z,186.007004,186.158997,185.994003,186.123001
2026-06-16T11:00:00Z,186.121994,186.134995,185.949997,185.994003
2026-06-16T12:00:00Z,185.994003,186.001007,185.888000,185.964996
2026-06-16T13:00:00Z,185.964005,186.070999,185.914993,185.936996
2026-06-16T14:00:00Z,185.934998,186.199005,185.891006,186.169006
2026-06-16T15:00:00Z,186.169006,186.302002,186.119995,186.272995
2026-06-16T16:00:00Z,186.274002,186.315994,186.246994,186.264999
2026-06-16T17:00:00Z,186.264999,186.306000,186.251007,186.287003
2026-06-16T18:00:00Z,186.283005,186.309006,186.223999,186.268005
2026-06-16T19:00:00Z,186.268005,186.292007,186.225006,186.266998
2026-06-16T20:00:00Z,186.266998,186.292007,186.169998,186.175995
2026-06-16T21:00:00Z,186.188004,186.279999,186.158005,186.192993
2026-06-16T22:00:00Z,186.158997,186.315002,186.147995,186.270004
2026-06-16T23:00:00Z,186.264008,186.304001,186.240005,186.240997
2026-06-17T00:00:00Z,186.240997,186.313004,186.212997,186.238007
2026-06-17T01:00:00Z,186.235992,186.266006,186.154007,186.199005
2026-06-17T02:00:00Z,186.197006,186.214996,186.126999,186.126999
2026-06-17T03:00:00Z,186.126999,186.173996,186.110001,186.132004
2026-06-17T04:00:00Z,186.132004,186.145996,186.082993,186.102005
2026-06-17T05:00:00Z,186.102005,186.175995,186.095993,186.166000
2026-06-17T06:00:00Z,186.166000,186.197006,185.981003,186.014008
2026-06-17T07:00:00Z,186.013000,186.141006,185.934006,185.949005
2026-06-17T08:00:00Z,185.949997,185.949997,185.763000,185.865005
2026-06-17T09:00:00Z,185.858994,185.904007,185.828003,185.871002
2026-06-17T10:00:00Z,185.871002,185.899002,185.770004,185.824997
2026-06-17T11:00:00Z,185.822006,185.834000,185.712006,185.817001
2026-06-17T12:00:00Z,185.820007,185.927002,185.804993,185.916000
2026-06-17T13:00:00Z,185.917007,185.945007,185.776001,185.776001
2026-06-17T14:00:00Z,185.776993,185.822998,185.681000,185.798004
2026-06-17T15:00:00Z,185.798004,185.819000,185.699005,185.731003
2026-06-17T16:00:00Z,185.733002,185.738998,185.660995,185.688995
2026-06-17T17:00:00Z,185.688995,185.787994,185.667007,185.688004
2026-06-17T18:00:00Z,185.740005,185.740005,185.126999,185.190002
2026-06-17T19:00:00Z,185.184006,185.207993,184.533997,184.735001
2026-06-17T20:00:00Z,184.738998,184.876007,184.643997,184.750000
2026-06-17T21:00:00Z,184.744003,184.796005,184.557999,184.699997
2026-06-17T22:00:00Z,184.645004,184.798004,184.645004,184.776001
2026-06-17T23:00:00Z,184.764008,184.813995,184.733002,184.800995
2026-06-18T00:00:00Z,184.800995,185.082001,184.791000,185.046997
2026-06-18T01:00:00Z,185.044006,185.123993,184.990005,184.998001
2026-06-18T02:00:00Z,184.996002,185.029007,184.936005,184.949997
2026-06-18T03:00:00Z,184.951996,185.048996,184.949005,185.042007
2026-06-18T04:00:00Z,185.042007,185.093002,185.003006,185.048996
2026-06-18T05:00:00Z,185.048996,185.078995,184.901993,184.906998
2026-06-18T06:00:00Z,184.910995,185.197006,184.903000,185.037994
2026-06-18T07:00:00Z,185.035995,185.072006,184.830002,184.888000
2026-06-18T08:00:00Z,184.886002,184.910995,184.567993,184.604996
2026-06-18T09:00:00Z,184.604996,184.621994,184.276993,184.533997
2026-06-18T10:00:00Z,184.529007,184.554001,184.384995,184.421997
2026-06-18T11:00:00Z,184.423996,184.514999,184.345001,184.376999
2026-06-18T12:00:00Z,184.375000,184.658997,184.328003,184.507996
2026-06-18T13:00:00Z,184.507004,184.684006,184.425003,184.567001
2026-06-18T14:00:00Z,184.567001,184.763000,184.507004,184.761002
2026-06-18T15:00:00Z,184.761993,185.078003,184.656006,185.067001
2026-06-18T16:00:00Z,185.070999,185.080002,184.914993,185.074005
2026-06-18T17:00:00Z,185.076004,185.177002,185.033005,185.050003
2026-06-18T18:00:00Z,185.054001,185.276001,185.024002,185.274994
2026-06-18T19:00:00Z,185.266998,185.369003,184.315002,184.953003
2026-06-18T20:00:00Z,184.949997,184.996994,184.873001,184.884003
2026-06-18T21:00:00Z,184.880997,185.018997,184.817993,184.889999
2026-06-18T22:00:00Z,184.830002,185.024994,184.725998,184.837997
2026-06-18T23:00:00Z,184.865005,184.923004,184.796005,184.811005
2026-06-19T00:00:00Z,184.811005,184.889999,184.574005,184.654999
2026-06-19T01:00:00Z,184.647003,184.712997,184.537003,184.613007
2026-06-19T02:00:00Z,184.613998,184.694000,184.572998,184.673004
2026-06-19T03:00:00Z,184.673004,184.695007,184.507004,184.613998
2026-06-19T04:00:00Z,184.613998,184.656006,184.404007,184.427994
2026-06-19T05:00:00Z,184.427994,184.483994,184.294006,184.414001
2026-06-19T06:00:00Z,184.414001,184.576004,184.401993,184.524994
2026-06-19T07:00:00Z,184.526001,184.682999,184.520996,184.645004
2026-06-19T08:00:00Z,184.643005,184.925995,184.641006,184.899994
2026-06-19T09:00:00Z,184.897995,184.921005,184.789001,184.792999
2026-06-19T10:00:00Z,184.792007,184.880997,184.727005,184.856003
2026-06-19T11:00:00Z,184.858994,184.938004,184.764999,184.811005
2026-06-19T12:00:00Z,184.815994,184.945999,184.813004,184.871994
2026-06-19T13:00:00Z,184.873993,184.906006,184.764008,184.886002
2026-06-19T14:00:00Z,184.886002,184.936996,184.781006,184.822998
2026-06-19T15:00:00Z,184.822998,184.968994,184.820999,184.929001
2026-06-19T16:00:00Z,184.927002,185.028000,184.906006,185.020004
2026-06-19T17:00:00Z,185.018997,185.119995,184.983002,185.050995
2026-06-19T18:00:00Z,185.046005,185.134995,185.022003,185.072006
2026-06-19T19:00:00Z,185.067993,185.113007,185.007996,185.080002
2026-06-19T20:00:00Z,185.084000,185.119995,184.884003,184.949005
2026-06-19T21:00:00Z,185.003998,185.003998,184.998001,184.998001
2026-06-21T23:00:00Z,185.035995,185.104004,185.003006,185.042007
2026-06-22T00:00:00Z,185.041000,185.190994,185.024994,185.171997
2026-06-22T01:00:00Z,185.175003,185.270004,185.110992,185.177002
2026-06-22T02:00:00Z,185.173996,185.240997,185.126999,185.205994
2026-06-22T03:00:00Z,185.203003,185.238007,185.085007,185.112000
2026-06-22T04:00:00Z,185.110992,185.212997,185.080994,185.201004
2026-06-22T05:00:00Z,185.201996,185.289993,185.171997,185.210999
2026-06-22T06:00:00Z,185.210999,185.313004,185.143005,185.285995
2026-06-22T07:00:00Z,185.283005,185.324997,185.100006,185.119995
2026-06-22T08:00:00Z,185.119995,185.248001,185.057007,185.240005
2026-06-22T09:00:00Z,185.240005,185.373993,185.231995,185.317001
2026-06-22T10:00:00Z,185.317001,185.376999,185.253998,185.276993
2026-06-22T11:00:00Z,185.276993,185.285995,185.177994,185.197006
2026-06-22T12:00:00Z,185.195007,185.391006,185.182007,185.302994
2026-06-22T13:00:00Z,185.302994,185.313995,185.016006,185.024994
2026-06-22T14:00:00Z,185.022995,185.044006,184.375000,184.630997
2026-06-22T15:00:00Z,184.630997,184.720001,184.462006,184.626999
2026-06-22T16:00:00Z,184.630005,184.731995,184.580002,184.667007
2026-06-22T17:00:00Z,184.667999,184.671997,184.569000,184.574005
2026-06-22T18:00:00Z,184.574005,184.623001,184.378998,184.408005
2026-06-22T19:00:00Z,184.404007,184.673996,184.403000,184.623001
2026-06-22T20:00:00Z,184.628006,184.699997,184.565002,184.565002
2026-06-22T21:00:00Z,184.639008,184.649994,184.479004,184.600998
2026-06-22T22:00:00Z,184.576004,184.703003,184.567001,184.636993
2026-06-22T23:00:00Z,184.638000,184.653000,184.589005,184.623993
2026-06-23T00:00:00Z,184.621994,184.677002,184.509995,184.628006
2026-06-23T01:00:00Z,184.628998,184.673004,184.542999,184.639999
2026-06-23T02:00:00Z,184.639008,184.675003,184.608002,184.615005
2026-06-23T03:00:00Z,184.613998,184.656006,184.507996,184.645996
2026-06-23T04:00:00Z,184.645004,184.675995,184.550003,184.570007
2026-06-23T05:00:00Z,184.569000,184.679001,184.548996,184.647995
2026-06-23T06:00:00Z,184.647995,184.839996,184.615005,184.639008
2026-06-23T07:00:00Z,184.639008,184.731995,184.240005,184.240005
2026-06-23T08:00:00Z,184.253998,184.272995,184.067001,184.162994
2026-06-23T09:00:00Z,184.162994,184.216995,184.044006,184.151993
2026-06-23T10:00:00Z,184.153000,184.192993,183.968002,184.059006
2026-06-23T11:00:00Z,184.059006,184.123993,183.966995,183.977005
2026-06-23T12:00:00Z,183.975006,184.061996,183.837006,183.988007
2026-06-23T13:00:00Z,183.990005,184.091995,183.916000,183.964996
2026-06-23T14:00:00Z,183.966995,183.990997,183.787994,183.865005
2026-06-23T15:00:00Z,183.863998,183.925995,183.774002,183.886002
2026-06-23T16:00:00Z,183.886002,183.910004,183.841995,183.886002
2026-06-23T17:00:00Z,183.878998,183.912003,183.815994,183.843002
2026-06-23T18:00:00Z,183.839005,183.884995,183.779999,183.839996
2026-06-23T19:00:00Z,183.839996,183.891006,183.813004,183.848999
2026-06-23T20:00:00Z,183.850998,183.904999,183.792007,183.809006
2026-06-23T21:00:00Z,183.776993,183.919006,183.753998,183.813004
2026-06-23T22:00:00Z,183.813004,183.899994,183.750000,183.871002
2026-06-23T23:00:00Z,183.869995,183.927002,183.837006,183.886002
2026-06-24T00:00:00Z,183.882004,183.889999,183.764999,183.862000
2026-06-24T01:00:00Z,183.863007,183.867004,183.718002,183.802994
2026-06-24T02:00:00Z,183.802994,183.817993,183.628998,183.636002
2026-06-24T03:00:00Z,183.634003,183.671005,183.561005,183.634995
2026-06-24T04:00:00Z,183.634995,183.641006,183.528000,183.574005
2026-06-24T05:00:00Z,183.572998,183.722000,183.570007,183.714996
2026-06-24T06:00:00Z,183.710007,183.852997,183.654999,183.690002
2026-06-24T07:00:00Z,183.686996,183.701996,183.544998,183.576004
2026-06-24T08:00:00Z,183.567001,183.647003,183.388000,183.628998
2026-06-24T09:00:00Z,183.626999,183.647003,183.488007,183.507004
2026-06-24T10:00:00Z,183.507004,183.520996,183.328995,183.345993
2026-06-24T11:00:00Z,183.345993,183.464996,183.289993,183.317993
2026-06-24T12:00:00Z,183.313995,183.391998,183.162994,183.246994
2026-06-24T13:00:00Z,183.248001,183.531998,183.164993,183.488998
2026-06-24T14:00:00Z,183.494003,183.574005,183.356003,183.492996
2026-06-24T15:00:00Z,183.494003,183.774002,183.483002,183.559006
2026-06-24T16:00:00Z,183.559006,183.822006,183.539993,183.744003
2026-06-24T17:00:00Z,183.744003,183.764008,183.623001,183.647995
2026-06-24T18:00:00Z,183.649994,183.794998,183.647003,183.679001
2026-06-24T19:00:00Z,183.675995,183.766998,183.667999,183.718994
2026-06-24T20:00:00Z,183.712997,183.824005,183.692001,183.692001
2026-06-24T21:00:00Z,183.740997,183.791000,183.565994,183.692993
2026-06-24T22:00:00Z,183.684006,183.755997,183.628006,183.684006
2026-06-24T23:00:00Z,183.679001,183.710999,183.654999,183.673996
2026-06-25T00:00:00Z,183.669998,183.682007,183.522995,183.597000
2026-06-25T01:00:00Z,183.593994,183.783005,183.591995,183.673004
2026-06-25T02:00:00Z,183.673004,183.761993,183.645004,183.757996
2026-06-25T03:00:00Z,183.755005,183.903000,183.748993,183.875000
2026-06-25T04:00:00Z,183.871994,183.899002,183.832993,183.873993
2026-06-25T05:00:00Z,183.873993,183.886993,183.783997,183.848007
2026-06-25T06:00:00Z,183.863007,183.906006,183.748001,183.779999
2026-06-25T07:00:00Z,183.774994,183.856995,183.653000,183.796997
2026-06-25T08:00:00Z,183.800995,183.994003,183.792999,183.921005
2026-06-25T09:00:00Z,183.921005,184.029007,183.841003,183.843002
2026-06-25T10:00:00Z,183.845993,183.845993,183.623993,183.654999
2026-06-25T11:00:00Z,183.656998,183.664993,183.395004,183.514008
2026-06-25T12:00:00Z,183.511002,183.860001,183.511002,183.738998
2026-06-25T13:00:00Z,183.742004,183.925003,183.682007,183.791000
2026-06-25T14:00:00Z,183.794006,183.983002,183.785004,183.899994
2026-06-25T15:00:00Z,183.897995,184.089996,183.893997,184.048996
2026-06-25T16:00:00Z,184.048996,184.093994,183.955002,183.985001
2026-06-25T17:00:00Z,183.985001,184.042007,183.955002,184.005997
2026-06-25T18:00:00Z,184.007996,184.098007,183.988998,184.003006
2026-06-25T19:00:00Z,184.003006,184.069000,183.955994,183.994003
2026-06-25T20:00:00Z,183.992004,184.024994,183.895004,183.934006
2026-06-25T21:00:00Z,183.878006,184.072998,183.815002,183.945007
2026-06-25T22:00:00Z,183.951996,184.003998,183.878998,183.914993
2026-06-25T23:00:00Z,183.929001,183.945007,183.811996,183.826996
2026-06-26T00:00:00Z,183.830002,183.957993,183.813995,183.910004
2026-06-26T01:00:00Z,183.912994,183.966003,183.748001,183.796997
2026-06-26T02:00:00Z,183.800995,183.848007,183.712997,183.757004
2026-06-26T03:00:00Z,183.755997,183.828003,183.714005,183.817993
2026-06-26T04:00:00Z,183.815002,183.889999,183.710007,183.880997
2026-06-26T05:00:00Z,183.878006,183.891006,183.798996,183.802002
2026-06-26T06:00:00Z,183.807007,184.018005,183.792999,183.951996
2026-06-26T07:00:00Z,183.949005,184.076996,183.889008,184.033997
2026-06-26T08:00:00Z,184.028000,184.335007,183.970001,184.225006
2026-06-26T09:00:00Z,184.222000,184.369995,184.117004,184.335999
2026-06-26T10:00:00Z,184.335999,184.354004,184.253006,184.315994
2026-06-26T11:00:00Z,184.317001,184.350006,184.205002,184.263000
2026-06-26T12:00:00Z,184.263000,184.824997,184.248993,184.720001
2026-06-26T13:00:00Z,184.723999,184.770996,184.541000,184.654999
2026-06-26T14:00:00Z,184.636993,184.697006,184.255997,184.268997
2026-06-26T15:00:00Z,184.274002,184.395996,184.246994,184.345001
2026-06-26T16:00:00Z,184.348007,184.350998,184.138000,184.229996
2026-06-26T17:00:00Z,184.231003,184.266998,184.154007,184.195999
2026-06-26T18:00:00Z,184.197006,184.248993,184.143997,184.151001
2026-06-26T19:00:00Z,184.149002,184.216003,184.067001,184.186996
2026-06-26T20:00:00Z,184.184006,184.255997,184.018997,184.072998
2026-06-26T21:00:00Z,184.128006,184.151001,184.128006,184.151001
2026-06-28T23:00:00Z,184.199005,184.229996,184.153000,184.201996
2026-06-29T00:00:00Z,184.199005,184.220993,184.117996,184.199997
2026-06-29T01:00:00Z,184.199005,184.261002,184.156998,184.195999
2026-06-29T02:00:00Z,184.195999,184.292999,184.156998,184.231995
2026-06-29T03:00:00Z,184.231995,184.268005,184.167999,184.167999
2026-06-29T04:00:00Z,184.167999,184.218994,184.139999,184.181000
2026-06-29T05:00:00Z,184.182007,184.363998,184.179001,184.358994
2026-06-29T06:00:00Z,184.356995,184.669998,184.320999,184.632996
2026-06-29T07:00:00Z,184.632004,184.654007,184.477997,184.514999
2026-06-29T08:00:00Z,184.514999,184.578003,184.378998,184.442001
2026-06-29T09:00:00Z,184.442001,184.608002,184.412003,184.595993
2026-06-29T10:00:00Z,184.595993,184.630997,184.526993,184.585999
2026-06-29T11:00:00Z,184.587006,184.664993,184.479004,184.632004
2026-06-29T12:00:00Z,184.630997,184.647995,184.552002,184.593994
2026-06-29T13:00:00Z,184.593994,184.794006,184.574005,184.787994
2026-06-29T14:00:00Z,184.787994,184.975006,184.649994,184.947998
2026-06-29T15:00:00Z,184.951004,185.005997,184.863998,184.983994
2026-06-29T16:00:00Z,184.981995,185.082993,184.975998,185.028000
2026-06-29T17:00:00Z,185.026993,185.059998,184.960999,185.033005
2026-06-29T18:00:00Z,185.033005,185.093994,185.026993,185.056000
2026-06-29T19:00:00Z,185.059998,185.061005,184.990005,185.026993
2026-06-29T20:00:00Z,185.026001,185.050003,184.914001,184.934006
2026-06-29T21:00:00Z,184.906006,185.033005,184.826004,184.936005
2026-06-29T22:00:00Z,184.929001,185.018005,184.882004,184.979996
2026-06-29T23:00:00Z,184.983002,184.996002,184.897995,184.901001
2026-06-30T00:00:00Z,184.897995,185.360001,184.843002,185.089005
2026-06-30T01:00:00Z,185.093994,185.171997,184.925995,184.949005
2026-06-30T02:00:00Z,184.953003,184.981003,184.863007,184.899994
2026-06-30T03:00:00Z,184.899994,184.968994,184.735001,184.847000
2026-06-30T04:00:00Z,184.847000,184.876007,184.718994,184.725998
2026-06-30T05:00:00Z,184.733994,184.841995,184.664993,184.748993
2026-06-30T06:00:00Z,184.755997,185.018005,184.746994,184.955994
2026-06-30T07:00:00Z,184.960007,185.022995,184.899994,184.919006
2026-06-30T08:00:00Z,184.919006,184.975006,184.813004,184.929993
2026-06-30T09:00:00Z,184.931000,184.985992,184.839996,184.960007
2026-06-30T10:00:00Z,184.960007,185.087997,184.925003,185.065994
2026-06-30T11:00:00Z,185.065994,185.110001,184.917999,185.031006
2026-06-30T12:00:00Z,185.037003,185.164001,184.638000,185.070007
2026-06-30T13:00:00Z,185.070007,185.199005,185.039993,185.136002
2026-06-30T14:00:00Z,185.098007,185.832993,185.057999,185.800003
2026-06-30T15:00:00Z,185.798004,185.860001,185.610001,185.651001
2026-06-30T16:00:00Z,185.651001,185.686005,185.593002,185.641998
2026-06-30T17:00:00Z,185.643005,185.694000,185.626007,185.688995
2026-06-30T18:00:00Z,185.690002,185.792007,185.671997,185.712997
2026-06-30T19:00:00Z,185.710999,185.792999,185.645004,185.768997
2026-06-30T20:00:00Z,185.768005,185.785004,185.595001,185.623993
2026-06-30T21:00:00Z,185.606995,185.761993,185.552994,185.604004
2026-06-30T22:00:00Z,185.604004,185.738998,185.602005,185.682007
2026-06-30T23:00:00Z,185.688004,185.690994,185.580994,185.608002
2026-07-01T00:00:00Z,185.606995,185.709000,185.582001,185.604004
2026-07-01T01:00:00Z,185.606003,185.626999,185.440002,185.524002
2026-07-01T02:00:00Z,185.524002,185.679001,185.518005,185.621994
2026-07-01T03:00:00Z,185.623001,185.701004,185.610001,185.654007
2026-07-01T04:00:00Z,185.651001,185.660004,185.451996,185.641998
2026-07-01T05:00:00Z,185.639999,185.695999,185.522995,185.572006
2026-07-01T06:00:00Z,185.578995,185.658005,185.464996,185.492004
2026-07-01T07:00:00Z,185.496994,185.511002,185.320007,185.470993
2026-07-01T08:00:00Z,185.472000,185.509003,185.315002,185.354996
2026-07-01T09:00:00Z,185.358994,185.432007,185.244995,185.317001
2026-07-01T10:00:00Z,185.313004,185.460007,185.279007,185.425995
2026-07-01T11:00:00Z,185.427002,185.440994,185.227997,185.235001
2026-07-01T12:00:00Z,185.235001,185.281006,184.994995,185.000000
2026-07-01T13:00:00Z,185.000000,185.220001,184.876007,185.046005
2026-07-01T14:00:00Z,185.059998,185.156006,184.932007,185.052002
2026-07-01T15:00:00Z,185.050995,185.061996,184.858994,184.882996
2026-07-01T16:00:00Z,184.888000,184.990997,184.847000,184.910995
2026-07-01T17:00:00Z,184.906006,185.009003,184.876999,184.972000
2026-07-01T18:00:00Z,184.973999,184.990005,184.914993,184.942993
2026-07-01T19:00:00Z,184.942001,184.990005,184.923004,184.981995
2026-07-01T20:00:00Z,184.983002,185.014999,184.940994,184.949005
2026-07-01T21:00:00Z,184.949997,185.026993,184.834000,184.908997
2026-07-01T22:00:00Z,184.934006,184.981995,184.865997,184.949997
2026-07-01T23:00:00Z,184.949997,184.988998,184.901001,184.938995
2026-07-02T00:00:00Z,184.934006,185.018005,184.897995,184.936005
2026-07-02T01:00:00Z,184.938004,185.026993,184.919998,184.983002
2026-07-02T02:00:00Z,184.983994,185.085007,184.962997,184.981995
2026-07-02T03:00:00Z,184.981995,185.014008,184.871002,184.910995
2026-07-02T04:00:00Z,184.910995,184.962006,184.869003,184.951996
2026-07-02T05:00:00Z,184.951004,184.964005,184.787003,184.824005
2026-07-02T06:00:00Z,184.824005,184.830994,183.731003,184.380997
2026-07-02T07:00:00Z,184.391006,184.503006,184.085999,184.149002
2026-07-02T08:00:00Z,184.156006,184.209000,183.750000,183.888000
2026-07-02T09:00:00Z,183.886993,184.141998,183.867996,183.919006
2026-07-02T10:00:00Z,183.917999,184.209000,183.914993,184.110992
2026-07-02T11:00:00Z,184.113998,184.203995,184.063995,184.141998
2026-07-02T12:00:00Z,184.143005,184.421005,183.919006,184.389999
2026-07-02T13:00:00Z,184.391998,184.438004,184.177002,184.190002
2026-07-02T14:00:00Z,184.184998,184.343994,184.151001,184.289001
2026-07-02T15:00:00Z,184.287003,184.296005,184.033005,184.192993
2026-07-02T16:00:00Z,184.195999,184.231003,184.108994,184.121994
2026-07-02T17:00:00Z,184.117996,184.179001,184.091995,184.110001
2026-07-02T18:00:00Z,184.108994,184.177994,184.097000,184.123993
2026-07-02T19:00:00Z,184.119995,184.192993,184.113998,184.173996
2026-07-02T20:00:00Z,184.173996,184.238998,184.121994,184.136993
2026-07-02T21:00:00Z,184.117996,184.242996,184.016998,184.158005
2026-07-02T22:00:00Z,184.141006,184.326996,184.110001,184.302002
2026-07-02T23:00:00Z,184.294006,184.429993,184.266998,184.414993
2026-07-03T00:00:00Z,184.417007,184.473999,184.233994,184.246002
2026-07-03T01:00:00Z,184.242996,184.427994,184.136993,184.401001
2026-07-03T02:00:00Z,184.401001,184.479004,184.334000,184.369003
2026-07-03T03:00:00Z,184.369003,184.410995,184.343994,184.393997
2026-07-03T04:00:00Z,184.393997,184.483994,184.360001,184.423996
2026-07-03T05:00:00Z,184.423996,184.567993,184.362000,184.514008
2026-07-03T06:00:00Z,184.507004,184.507996,183.921005,184.255997
2026-07-03T07:00:00Z,184.261002,184.330994,184.093994,184.179001
2026-07-03T08:00:00Z,184.182007,184.432999,184.145996,184.427994
2026-07-03T09:00:00Z,184.427002,184.457001,184.296005,184.335999
2026-07-03T10:00:00Z,184.335007,184.464996,184.330002,184.399002
2026-07-03T11:00:00Z,184.397003,184.559006,184.397003,184.485992
2026-07-03T12:00:00Z,184.483994,184.526001,184.432999,184.483994
2026-07-03T13:00:00Z,184.488007,184.541000,184.451996,184.473999
2026-07-03T14:00:00Z,184.473999,184.554001,184.464996,184.539001
2026-07-03T15:00:00Z,184.537994,184.598999,184.468002,184.496002
2026-07-03T16:00:00Z,184.494003,184.576004,184.483994,184.539993
2026-07-03T17:00:00Z,184.535995,184.602997,184.470993,184.529007
2026-07-03T18:00:00Z,184.522995,184.582001,184.503998,184.567993
2026-07-03T19:00:00Z,184.565002,184.591003,184.514999,184.529999
2026-07-03T20:00:00Z,184.529999,184.589996,184.417999,184.451004
2026-07-03T21:00:00Z,184.556000,184.556000,184.556000,184.556000
2026-07-05T23:00:00Z,184.595001,184.684006,184.595001,184.647995
2026-07-06T00:00:00Z,184.649994,184.843994,184.647995,184.757996
2026-07-06T01:00:00Z,184.759003,184.929001,184.744003,184.921997
2026-07-06T02:00:00Z,184.923996,184.979004,184.901993,184.962006
2026-07-06T03:00:00Z,184.962006,185.018997,184.919006,185.007004
2026-07-06T04:00:00Z,185.007004,185.143005,184.988998,185.136002
2026-07-06T05:00:00Z,185.136002,185.179001,185.042007,185.145996
2026-07-06T06:00:00Z,185.143005,185.363007,185.138000,185.332993
2026-07-06T07:00:00Z,185.332001,185.404007,185.246002,185.283997
2026-07-06T08:00:00Z,185.283997,185.356003,185.205994,185.287994
2026-07-06T09:00:00Z,185.287994,185.335007,185.227997,185.264999
2026-07-06T10:00:00Z,185.263000,185.378998,185.223007,185.345001
2026-07-06T11:00:00Z,185.345001,185.356003,185.253006,185.302002
2026-07-06T12:00:00Z,185.302002,185.393005,185.289001,185.341003
2026-07-06T13:00:00Z,185.339005,185.416000,185.197998,185.248993
2026-07-06T14:00:00Z,185.229004,185.403000,185.216003,185.358002
2026-07-06T15:00:00Z,185.358002,185.438004,185.302002,185.410004
2026-07-06T16:00:00Z,185.404999,185.500000,185.404999,185.468994
2026-07-06T17:00:00Z,185.468994,185.528000,185.442001,185.460007
2026-07-06T18:00:00Z,185.460999,185.522003,185.397995,185.419006
2026-07-06T19:00:00Z,185.419998,185.466003,185.380005,185.399002
2026-07-06T20:00:00Z,185.397995,185.468002,185.382004,185.432007
2026-07-06T21:00:00Z,185.432007,185.585007,185.328995,185.485992
2026-07-06T22:00:00Z,185.447006,185.496994,185.406006,185.468002
2026-07-06T23:00:00Z,185.481003,185.485992,185.417999,185.455002
2026-07-07T00:00:00Z,185.455994,185.526993,185.440002,185.449997
2026-07-07T01:00:00Z,185.447998,185.475998,185.059998,185.237000
2026-07-07T02:00:00Z,185.235001,185.261993,185.169006,185.223999
2026-07-07T03:00:00Z,185.222000,185.255997,185.100998,185.126999
2026-07-07T04:00:00Z,185.123993,185.162003,184.936996,185.013000
2026-07-07T05:00:00Z,185.011002,185.050003,184.934006,185.041000
2026-07-07T06:00:00Z,185.039001,185.199997,184.990997,185.184006
2026-07-07T07:00:00Z,185.188004,185.223999,184.800003,185.037994
2026-07-07T08:00:00Z,185.037994,185.147003,184.979996,185.014008
2026-07-07T09:00:00Z,185.014999,185.057999,184.916000,185.014999
2026-07-07T10:00:00Z,185.013000,185.154999,184.987000,185.145996
2026-07-07T11:00:00Z,185.145996,185.192001,185.033005,185.104004
2026-07-07T12:00:00Z,185.104004,185.136002,185.018005,185.084000
2026-07-07T13:00:00Z,185.082001,185.205994,185.026993,185.139008
2026-07-07T14:00:00Z,185.138000,185.182999,185.035995,185.115005
2026-07-07T15:00:00Z,185.108002,185.147003,184.934998,184.945007
2026-07-07T16:00:00Z,184.947006,184.981995,184.867004,184.981003
2026-07-07T17:00:00Z,184.977005,185.014008,184.942993,185.007004
2026-07-07T18:00:00Z,185.001999,185.028000,184.891998,184.893005
2026-07-07T19:00:00Z,184.893005,185.033997,184.891006,185.028000
2026-07-07T20:00:00Z,185.026993,185.031006,184.947998,184.972000
2026-07-07T21:00:00Z,184.973007,185.089005,184.748001,184.895996
2026-07-07T22:00:00Z,184.893997,185.031006,184.878998,184.994003
2026-07-07T23:00:00Z,184.992004,185.119003,184.970993,185.106003
2026-07-08T00:00:00Z,185.112000,185.259003,185.059998,185.199997
2026-07-08T01:00:00Z,185.199997,185.229996,185.132996,185.171997
2026-07-08T02:00:00Z,185.167999,185.317001,185.153000,185.251007
2026-07-08T03:00:00Z,185.251007,185.309998,185.231995,185.298004
2026-07-08T04:00:00Z,185.298004,185.369995,185.266998,185.328995
2026-07-08T05:00:00Z,185.326996,185.380005,185.251999,185.330002
2026-07-08T06:00:00Z,185.330002,185.352005,185.139008,185.272995
2026-07-08T07:00:00Z,185.274002,185.410004,185.235992,185.348007
2026-07-08T08:00:00Z,185.347000,185.460999,185.179993,185.399994
2026-07-08T09:00:00Z,185.397003,185.406006,185.154007,185.274994
2026-07-08T10:00:00Z,185.274994,185.384003,185.212997,185.354996
2026-07-08T11:00:00Z,185.348999,185.384995,185.181000,185.261002
2026-07-08T12:00:00Z,185.261002,185.334000,185.197006,185.207993
2026-07-08T13:00:00Z,185.205994,185.498001,185.199005,185.451004
2026-07-08T14:00:00Z,185.453003,185.498993,185.380005,185.490005
2026-07-08T15:00:00Z,185.490997,185.554001,185.330994,185.360992
2026-07-08T16:00:00Z,185.360001,185.522995,185.341003,185.513000
2026-07-08T17:00:00Z,185.514008,185.666000,185.498993,185.561005
2026-07-08T18:00:00Z,185.576004,185.671997,185.505005,185.634003
2026-07-08T19:00:00Z,185.630997,185.707001,185.628006,185.669006
2026-07-08T20:00:00Z,185.667999,185.720993,185.593994,185.621002
2026-07-08T21:00:00Z,185.550003,185.707993,185.444000,185.535995
2026-07-08T22:00:00Z,185.535995,185.660995,185.535995,185.628006
2026-07-08T23:00:00Z,185.628006,185.662003,185.574997,185.638000
2026-07-09T00:00:00Z,185.632996,185.639999,185.520996,185.598007
2026-07-09T01:00:00Z,185.598007,185.699005,185.559006,185.600006
2026-07-09T02:00:00Z,185.600006,185.660995,185.598007,185.610992
2026-07-09T03:00:00Z,185.608002,185.658005,185.591995,185.626999
2026-07-09T04:00:00Z,185.623993,185.632996,185.533997,185.600006
2026-07-09T05:00:00Z,185.602997,185.654007,185.574005,185.595001
2026-07-09T06:00:00Z,185.595001,185.779007,185.595001,185.695999
2026-07-09T07:00:00Z,185.695999,185.727997,185.598999,185.649002
2026-07-09T08:00:00Z,185.645004,185.686005,185.520004,185.557007
2026-07-09T09:00:00Z,185.559006,185.651001,185.535004,185.634003
2026-07-09T10:00:00Z,185.630005,185.662994,185.582001,185.613998
2026-07-09T11:00:00Z,185.613007,185.707993,185.589996,185.695999
2026-07-09T12:00:00Z,185.697006,185.723007,185.550995,185.584000
2026-07-09T13:00:00Z,185.585999,185.699997,185.570007,185.695999
2026-07-09T14:00:00Z,185.697006,185.815994,185.612000,185.632004
2026-07-09T15:00:00Z,185.626007,185.697998,185.589005,185.630997
2026-07-09T16:00:00Z,185.630005,185.666000,185.597000,185.628006
2026-07-09T17:00:00Z,185.628006,185.654007,185.593002,185.610992
2026-07-09T18:00:00Z,185.610992,185.630997,185.585999,185.598999
2026-07-09T19:00:00Z,185.598999,185.615005,185.552994,185.565994
2026-07-09T20:00:00Z,185.569000,185.619995,185.541000,185.576004
2026-07-09T21:00:00Z,185.531998,185.679001,185.522003,185.533005
2026-07-09T22:00:00Z,185.565994,185.647995,185.522003,185.608002
2026-07-09T23:00:00Z,185.608994,185.645996,185.602005,185.628998
2026-07-10T00:00:00Z,185.628998,185.673004,185.220001,185.386002
2026-07-10T01:00:00Z,185.388000,185.412994,185.007004,185.136002
2026-07-10T02:00:00Z,185.134995,185.160995,184.819000,184.990997
2026-07-10T03:00:00Z,184.990997,185.035995,184.824997,184.921997
2026-07-10T04:00:00Z,184.921997,185.035995,184.910995,184.947998
2026-07-10T05:00:00Z,184.947006,184.966003,184.753006,184.835999
2026-07-10T06:00:00Z,184.839005,184.904007,184.725006,184.875000
2026-07-10T07:00:00Z,184.875000,185.076004,184.858994,184.931000
2026-07-10T08:00:00Z,184.927002,184.940994,184.727005,184.811005
2026-07-10T09:00:00Z,184.807007,184.990997,184.791000,184.916000
2026-07-10T10:00:00Z,184.917999,185.003006,184.848007,184.945999
2026-07-10T11:00:00Z,184.955002,185.026001,184.873993,185.005005
2026-07-10T12:00:00Z,185.005005,185.031006,184.834000,184.914993
2026-07-10T13:00:00Z,184.916000,184.925003,184.727997,184.744995
2026-07-10T14:00:00Z,184.746002,184.871994,184.679001,184.841003
2026-07-10T15:00:00Z,184.841003,184.873001,184.460007,184.505005
2026-07-10T16:00:00Z,184.501007,184.651993,184.485001,184.593994
2026-07-10T17:00:00Z,184.591003,184.615997,184.513000,184.559998
2026-07-10T18:00:00Z,184.561996,184.598007,184.546005,184.582993
2026-07-10T19:00:00Z,184.585999,184.628998,184.567993,184.628998
2026-07-10T20:00:00Z,184.628998,184.675995,184.477005,184.494995
2026-07-10T21:00:00Z,184.554001,184.554001,184.554001,184.554001
2026-07-12T23:00:00Z,184.623001,184.679001,184.600006,184.617996
2026-07-13T00:00:00Z,184.612000,184.718994,184.565994,184.709000
2026-07-13T01:00:00Z,184.707993,184.744995,184.535004,184.608002
2026-07-13T02:00:00Z,184.606995,184.710007,184.587997,184.667007
2026-07-13T03:00:00Z,184.667007,184.738998,184.647995,184.733994
2026-07-13T04:00:00Z,184.733994,184.757004,184.679993,184.727005
2026-07-13T05:00:00Z,184.729004,185.048996,184.707993,184.955002
2026-07-13T06:00:00Z,184.957993,185.100998,184.925995,184.964005
2026-07-13T07:00:00Z,184.964005,185.274994,184.647995,185.194000
2026-07-13T08:00:00Z,185.192001,185.464005,185.182007,185.348007
2026-07-13T09:00:00Z,185.350998,185.373001,185.117004,185.177994
2026-07-13T10:00:00Z,185.179001,185.345001,185.173996,185.326996
2026-07-13T11:00:00Z,185.328003,185.335007,185.223007,185.257004
2026-07-13T12:00:00Z,185.257996,185.332001,185.199005,185.304001
2026-07-13T13:00:00Z,185.304001,185.311005,185.151993,185.167007
2026-07-13T14:00:00Z,185.164993,185.220993,185.054993,185.173004
2026-07-13T15:00:00Z,185.173004,185.192001,185.009995,185.067993
2026-07-13T16:00:00Z,185.070999,185.093002,184.906006,185.007004
2026-07-13T17:00:00Z,185.007004,185.031006,184.951004,184.981003
2026-07-13T18:00:00Z,184.981003,185.007004,184.873993,184.878998
2026-07-13T19:00:00Z,184.878998,184.927994,184.876007,184.917999
2026-07-13T20:00:00Z,184.919006,185.007004,184.815994,184.819000
2026-07-13T21:00:00Z,184.860001,185.024994,184.783005,184.876007
2026-07-13T22:00:00Z,184.807007,184.942993,184.807007,184.876007
2026-07-13T23:00:00Z,184.875000,184.893997,184.839005,184.886002
2026-07-14T00:00:00Z,184.889999,184.942993,184.757004,184.862000
2026-07-14T01:00:00Z,184.862000,184.979004,184.839996,184.944000
2026-07-14T02:00:00Z,184.945007,184.990005,184.893997,184.897003
2026-07-14T03:00:00Z,184.897003,184.953003,184.858994,184.901993
2026-07-14T04:00:00Z,184.904007,184.940994,184.832001,184.884003
2026-07-14T05:00:00Z,184.886002,184.934998,184.845993,184.869003
2026-07-14T06:00:00Z,184.869995,184.934998,184.817993,184.841003
2026-07-14T07:00:00Z,184.845001,185.007996,184.830002,184.998001
2026-07-14T08:00:00Z,184.998993,185.082001,184.787003,184.983002
2026-07-14T09:00:00Z,184.981003,184.998993,184.832993,184.899002
2026-07-14T10:00:00Z,184.899002,184.906998,184.819000,184.837006
2026-07-14T11:00:00Z,184.835999,185.050003,184.802002,185.007004
2026-07-14T12:00:00Z,185.009003,185.358002,184.910995,185.315002
2026-07-14T13:00:00Z,185.317993,185.479004,185.289001,185.421005
2026-07-14T14:00:00Z,185.421005,185.485992,185.289001,185.371994
2026-07-14T15:00:00Z,185.373001,185.431000,185.276001,185.279007
2026-07-14T16:00:00Z,185.276001,185.371994,185.274002,185.324005
2026-07-14T17:00:00Z,185.322006,185.350998,185.250000,185.274994
2026-07-14T18:00:00Z,185.272003,185.311996,185.250000,185.278000
2026-07-14T19:00:00Z,185.274994,185.287003,185.212006,185.248001
2026-07-14T20:00:00Z,185.244003,185.322998,185.222000,185.259995
2026-07-14T21:00:00Z,185.257996,185.317993,185.121994,185.153000
2026-07-14T22:00:00Z,185.223999,185.302002,185.160004,185.276993
2026-07-14T23:00:00Z,185.270004,185.292007,185.244003,185.289993
2026-07-15T00:00:00Z,185.292999,185.376007,185.268005,185.326004
2026-07-15T01:00:00Z,185.324005,185.371994,185.225006,185.358002
2026-07-15T02:00:00Z,185.358002,185.464005,185.328003,185.451004
2026-07-15T03:00:00Z,185.447998,185.472000,185.412994,185.451996
2026-07-15T04:00:00Z,185.451004,185.570007,185.436996,185.516998
2026-07-15T05:00:00Z,185.518005,185.623001,185.477005,185.559998
2026-07-15T06:00:00Z,185.559998,185.595001,185.373001,185.378998
2026-07-15T07:00:00Z,185.375000,185.444000,185.328003,185.360001
2026-07-15T08:00:00Z,185.360992,185.464005,185.358994,185.412994
2026-07-15T09:00:00Z,185.404007,185.432999,185.335007,185.363007
2026-07-15T10:00:00Z,185.363998,185.397995,185.270004,185.302994
2026-07-15T11:00:00Z,185.292999,185.401001,185.235992,185.248001
2026-07-15T12:00:00Z,185.257996,185.406998,185.201996,185.324005
2026-07-15T13:00:00Z,185.324997,185.442001,185.317001,185.401001
2026-07-15T14:00:00Z,185.395996,185.535004,185.378006,185.432007
2026-07-15T15:00:00Z,185.438995,185.518997,185.335007,185.391998
2026-07-15T16:00:00Z,185.393005,185.552994,185.354004,185.542999
2026-07-15T17:00:00Z,185.544006,185.876999,185.539001,185.847000
2026-07-15T18:00:00Z,185.850006,185.908997,185.774994,185.807007
2026-07-15T19:00:00Z,185.800995,186.005005,185.785995,185.970993
2026-07-15T20:00:00Z,185.970001,185.972000,185.852005,185.940002
2026-07-15T21:00:00Z,185.845993,186.031006,185.755005,185.839996
2026-07-15T22:00:00Z,185.847000,185.955002,185.781998,185.893997
2026-07-15T23:00:00Z,185.904999,185.917007,185.860992,185.897003
2026-07-16T00:00:00Z,185.893005,185.994995,185.863007,185.988007
2026-07-16T01:00:00Z,185.988998,185.988998,185.820007,185.873001
2026-07-16T02:00:00Z,185.869995,185.914993,185.820007,185.901993
2026-07-16T03:00:00Z,185.899994,185.904999,185.854004,185.863998
2026-07-16T04:00:00Z,185.858994,185.901993,185.834000,185.862000
2026-07-16T05:00:00Z,185.862000,185.934006,185.854004,185.884003
2026-07-16T06:00:00Z,185.884003,185.975998,185.884003,185.925003
2026-07-16T07:00:00Z,185.925003,185.949997,185.776993,185.897003
2026-07-16T08:00:00Z,185.904007,185.944000,185.813995,185.910995
2026-07-16T09:00:00Z,185.912003,185.962006,185.843002,185.955994
2026-07-16T10:00:00Z,185.951004,185.990997,185.804001,185.832993
2026-07-16T11:00:00Z,185.824005,185.988998,185.785995,185.968994
2026-07-16T12:00:00Z,185.968994,186.029999,185.774994,185.794006
2026-07-16T13:00:00Z,185.789993,185.940002,185.753998,185.852005
2026-07-16T14:00:00Z,185.854996,185.960007,185.822006,185.886993
2026-07-16T15:00:00Z,185.886993,185.966003,185.807007,185.927002
2026-07-16T16:00:00Z,185.927002,185.934998,185.783997,185.794006
2026-07-16T17:00:00Z,185.794006,185.809998,185.740997,185.740997
2026-07-16T18:00:00Z,185.740997,185.757996,185.705002,185.751999
2026-07-16T19:00:00Z,185.748993,185.804001,185.723999,185.796005
2026-07-16T20:00:00Z,185.792007,185.828995,185.727997,185.792007
2026-07-16T21:00:00Z,185.716003,185.841995,185.697006,185.720993
2026-07-16T22:00:00Z,185.774002,185.809006,185.684006,185.794006
2026-07-16T23:00:00Z,185.785004,185.854996,185.776993,185.848007
2026-07-17T00:00:00Z,185.841995,185.923996,185.781998,185.919998
2026-07-17T01:00:00Z,185.919998,185.951996,185.815994,185.848007
2026-07-17T02:00:00Z,185.845993,185.858994,185.677002,185.701004
2026-07-17T03:00:00Z,185.699997,185.781998,185.699005,185.766998
2026-07-17T04:00:00Z,185.768997,185.785004,185.710007,185.746994
2026-07-17T05:00:00Z,185.742996,185.822998,185.731995,185.781998
2026-07-17T06:00:00Z,185.781998,185.955002,185.651993,185.783997
2026-07-17T07:00:00Z,185.787994,185.806000,185.623001,185.733994
2026-07-17T08:00:00Z,185.738998,185.822006,185.669006,185.787003
2026-07-17T09:00:00Z,185.787003,185.858994,185.737000,185.748001
2026-07-17T10:00:00Z,185.751999,185.757996,185.520004,185.529007
2026-07-17T11:00:00Z,185.522995,185.628998,185.473007,185.582993
2026-07-17T12:00:00Z,185.582001,185.660004,185.537994,185.621994
2026-07-17T13:00:00Z,185.623993,185.727997,185.567001,185.677002
2026-07-17T14:00:00Z,185.656006,185.817001,185.634003,185.792007
2026-07-17T15:00:00Z,185.794006,185.835999,185.744995,185.820999
2026-07-17T16:00:00Z,185.826996,185.908005,185.779999,185.809006
2026-07-17T17:00:00Z,185.789001,185.807999,185.742996,185.746994
2026-07-17T18:00:00Z,185.750000,185.792007,185.727997,185.757996
2026-07-17T19:00:00Z,185.764008,185.837006,185.735992,185.791000
2026-07-17T20:00:00Z,185.792007,185.815994,185.654007,185.725006
2026-07-17T21:00:00Z,185.761993,185.761993,185.761993,185.761993
2026-07-19T23:00:00Z,185.686996,185.733002,185.656006,185.707993
2026-07-20T00:00:00Z,185.716003,185.761002,185.578003,185.597000
2026-07-20T01:00:00Z,185.597000,185.675003,185.578003,185.666000
2026-07-20T02:00:00Z,185.671005,185.774994,185.647995,185.757996
2026-07-20T03:00:00Z,185.757004,185.785004,185.720993,185.774002
2026-07-20T04:00:00Z,185.776001,185.822006,185.764008,185.779007
2026-07-20T05:00:00Z,185.779007,185.796997,185.714996,185.751007
2026-07-20T06:00:00Z,185.748993,185.781998,185.656998,185.710999
2026-07-20T07:00:00Z,185.710999,185.869995,185.701004,185.804001
2026-07-20T08:00:00Z,185.802994,185.822998,185.699997,185.729996
2026-07-20T09:00:00Z,185.725998,185.746002,185.610001,185.634995
2026-07-20T10:00:00Z,185.636002,185.709000,185.621994,185.638000
2026-07-20T11:00:00Z,185.641998,185.720993,185.528000,185.546005
2026-07-20T12:00:00Z,185.546005,185.585007,185.408997,185.524002
2026-07-20T13:00:00Z,185.522995,185.537003,185.378006,185.460999
2026-07-20T14:00:00Z,185.460007,185.574997,185.341995,185.375000
2026-07-20T15:00:00Z,185.376007,185.516006,185.375000,185.509003
2026-07-20T16:00:00Z,185.505997,185.563004,185.438995,185.455994
2026-07-20T17:00:00Z,185.455994,185.473007,185.414993,185.429001
2026-07-20T18:00:00Z,185.429001,185.505997,185.427994,185.498993
2026-07-20T19:00:00Z,185.498001,185.520004,185.462997,185.520004
2026-07-20T20:00:00Z,185.518005,185.524994,185.369003,185.386993
2026-07-20T21:00:00Z,185.432007,185.524994,185.335007,185.393005
2026-07-20T22:00:00Z,185.410004,185.462006,185.347000,185.457993
2026-07-20T23:00:00Z,185.451004,185.490997,185.438995,185.488007
2026-07-21T00:00:00Z,185.485001,185.522995,185.442993,185.501999
2026-07-21T01:00:00Z,185.496994,185.514008,185.414001,185.490997
2026-07-21T02:00:00Z,185.490997,185.531998,185.406998,185.417999
2026-07-21T03:00:00Z,185.414993,185.460007,185.397995,185.432007
2026-07-21T04:00:00Z,185.427002,185.529999,185.421997,185.524002
2026-07-21T05:00:00Z,185.522995,185.580994,185.500000,185.544006
2026-07-21T06:00:00Z,185.544998,185.671997,185.529999,185.619003
2026-07-21T07:00:00Z,185.623001,185.770004,185.619995,185.731003
2026-07-21T08:00:00Z,185.731003,185.837997,185.705002,185.789001
2026-07-21T09:00:00Z,185.807007,185.889999,185.768005,185.802994
2026-07-21T10:00:00Z,185.802994,185.914993,185.755997,185.764008
2026-07-21T11:00:00Z,185.757996,185.889999,185.753006,185.819000
2026-07-21T12:00:00Z,185.824005,185.876999,185.742004,185.781998
2026-07-21T13:00:00Z,185.781006,185.867996,185.703995,185.850998
2026-07-21T14:00:00Z,185.852005,186.029007,185.813004,185.925995
2026-07-21T15:00:00Z,185.927002,185.968002,185.850998,185.953003
2026-07-21T16:00:00Z,185.953995,185.992004,185.921997,185.951996
2026-07-21T17:00:00Z,185.951996,185.983994,185.927002,185.955994
2026-07-21T18:00:00Z,185.955994,186.117004,185.923004,186.076004
2026-07-21T19:00:00Z,186.076004,186.106003,186.042999,186.074997
2026-07-21T20:00:00Z,186.076996,186.115997,185.959000,185.966995
2026-07-21T21:00:00Z,185.966003,186.037003,185.906006,185.983002
2026-07-21T22:00:00Z,185.988007,186.048996,185.927994,186.042007
2026-07-21T23:00:00Z,186.035004,186.089005,186.018997,186.063004
2026-07-22T00:00:00Z,186.067993,186.089005,185.953003,186.037994
2026-07-22T01:00:00Z,186.033997,186.082993,186.007004,186.029999
2026-07-22T02:00:00Z,186.033997,186.089005,186.018005,186.039001
2026-07-22T03:00:00Z,186.044006,186.119003,186.041000,186.115997
2026-07-22T04:00:00Z,186.110001,186.158005,186.091995,186.154007
2026-07-22T05:00:00Z,186.145996,186.162994,186.037003,186.065002
2026-07-22T06:00:00Z,186.067993,186.162003,186.039001,186.117004
2026-07-22T07:00:00Z,186.113998,186.184006,185.727997,185.901001
2026-07-22T08:00:00Z,185.904007,186.056000,185.850998,185.931000
2026-07-22T09:00:00Z,185.927994,186.029007,185.910004,185.932007
2026-07-22T10:00:00Z,185.929001,186.003998,185.878006,185.901993
2026-07-22T11:00:00Z,185.897995,186.018005,185.863007,186.014008
2026-07-22T12:00:00Z,186.011993,186.110992,185.994003,186.057007
2026-07-22T13:00:00Z,186.063995,186.194000,186.039993,186.097000
2026-07-22T14:00:00Z,186.097000,186.182007,186.035995,186.098999
2026-07-22T15:00:00Z,186.102005,186.167999,186.054001,186.128998
2026-07-22T16:00:00Z,186.126007,186.136993,186.028000,186.091003
2026-07-22T17:00:00Z,186.091003,186.179993,186.091003,186.149994
2026-07-22T18:00:00Z,186.151001,186.175995,186.093002,186.139008
2026-07-22T19:00:00Z,186.139999,186.184006,186.132996,186.167999
2026-07-22T20:00:00Z,186.162003,186.205994,186.139008,186.151001
2026-07-22T21:00:00Z,186.080002,186.164001,185.977997,186.067993
2026-07-22T22:00:00Z,186.020996,186.112000,186.014008,186.069000
2026-07-22T23:00:00Z,186.070999,186.123993,186.054993,186.098007
2026-07-23T00:00:00Z,186.102997,186.186005,186.097000,186.162003
2026-07-23T01:00:00Z,186.154007,186.207001,186.093002,186.151993
2026-07-23T02:00:00Z,186.151993,186.352005,186.147995,186.341995
2026-07-23T03:00:00Z,186.343994,186.369995,186.291000,186.335007
2026-07-23T04:00:00Z,186.335007,186.459000,186.326004,186.425995
2026-07-23T05:00:00Z,186.429993,186.473999,186.376007,186.427002
2026-07-23T06:00:00Z,186.425995,186.481003,186.313995,186.352005
2026-07-23T07:00:00Z,186.352005,186.660004,186.339996,186.578995
2026-07-23T08:00:00Z,186.574005,186.610992,186.360001,186.376007
2026-07-23T09:00:00Z,186.369995,186.468994,186.365997,186.451996
2026-07-23T10:00:00Z,186.451996,186.459000,186.292999,186.317993
2026-07-23T11:00:00Z,186.311996,186.335999,186.024994,186.283005
2026-07-23T12:00:00Z,186.283997,186.347000,186.117004,186.335007
2026-07-23T13:00:00Z,186.335007,186.513000,186.197998,186.460999
2026-07-23T14:00:00Z,186.460999,186.487000,186.300995,186.401001
2026-07-23T15:00:00Z,186.399994,186.427994,186.212997,186.287003
2026-07-23T16:00:00Z,186.281006,186.371994,186.281006,186.363007
2026-07-23T17:00:00Z,186.362000,186.371002,186.289001,186.300003
2026-07-23T18:00:00Z,186.300995,186.343994,186.279999,186.335007
2026-07-23T19:00:00Z,186.337997,186.406006,186.320007,186.380997
2026-07-23T20:00:00Z,186.386002,186.462997,186.348007,186.445999
2026-07-23T21:00:00Z,186.417999,186.487000,186.264999,186.294998
2026-07-23T22:00:00Z,186.313995,186.453995,186.251007,186.434998
2026-07-23T23:00:00Z,186.434998,186.455002,186.365997,186.380997
2026-07-24T00:00:00Z,186.388000,186.528000,186.371994,186.485992
2026-07-24T01:00:00Z,186.479004,186.535995,186.410004,186.434006
2026-07-24T02:00:00Z,186.434006,186.462006,186.382996,186.384003
2026-07-24T03:00:00Z,186.384995,186.481003,186.363998,186.442001
2026-07-24T04:00:00Z,186.438004,186.492996,186.384003,186.414001
2026-07-24T05:00:00Z,186.414001,186.479004,186.386002,186.408997
2026-07-24T06:00:00Z,186.406998,186.494995,186.352997,186.470001
2026-07-24T07:00:00Z,186.470993,186.602997,186.391006,186.522003
2026-07-24T08:00:00Z,186.522995,186.542007,186.367996,186.373993
2026-07-24T09:00:00Z,186.373001,186.462997,186.371994,186.419998
2026-07-24T10:00:00Z,186.419998,186.518005,186.395996,186.436996
2026-07-24T11:00:00Z,186.436005,186.496002,186.287994,186.322006
2026-07-24T12:00:00Z,186.313995,186.384003,186.231995,186.292007
2026-07-24T13:00:00Z,186.292007,186.358002,186.235001,186.326004
2026-07-24T14:00:00Z,186.322006,186.363007,186.231003,186.320999
2026-07-24T15:00:00Z,186.320999,186.436996,186.311005,186.369995
2026-07-24T16:00:00Z,186.369995,186.401993,186.324005,186.343002
2026-07-24T17:00:00Z,186.341003,186.358002,186.229996,186.240005
2026-07-24T18:00:00Z,186.244003,186.289001,186.222000,186.279999
2026-07-24T19:00:00Z,186.281006,186.309998,186.250000,186.294998
2026-07-24T20:00:00Z,186.294998,186.334000,186.218002,186.283997
2026-07-24T21:00:00Z,186.244995,186.244995,186.244995,186.244995
2026-07-26T23:00:00Z,186.425995,186.459000,186.393997,186.432007
2026-07-27T00:00:00Z,186.432999,186.634003,186.404007,186.561005
2026-07-27T01:00:00Z,186.561996,186.613007,186.516998,186.593994
2026-07-27T02:00:00Z,186.595001,186.615005,186.533997,186.561005
2026-07-27T03:00:00Z,186.561005,186.580002,186.520004,186.531998
2026-07-27T04:00:00Z,186.522995,186.554001,186.505997,186.531998
2026-07-27T05:00:00Z,186.531998,186.608002,186.516006,186.589996
2026-07-27T06:00:00Z,186.587006,186.733002,186.537994,186.544006
2026-07-27T07:00:00Z,186.544998,186.544998,186.285004,186.348999
2026-07-27T08:00:00Z,186.348999,186.455994,186.328003,186.440002
2026-07-27T09:00:00Z,186.440994,186.488007,186.343002,186.360001
2026-07-27T10:00:00Z,186.360001,186.472000,186.354004,186.404999
2026-07-27T11:00:00Z,186.404999,186.438995,186.296997,186.326996
2026-07-27T12:00:00Z,186.334000,186.388000,186.216995,186.330994
2026-07-27T13:00:00Z,186.328003,186.363007,186.218994,186.244995
2026-07-27T14:00:00Z,186.244995,186.261993,186.154999,186.167999
2026-07-27T15:00:00Z,186.166000,186.244003,186.119003,186.218994
2026-07-27T16:00:00Z,186.220001,186.279007,186.192993,186.227997
2026-07-27T17:00:00Z,186.227997,186.233994,186.117996,186.192001
2026-07-27T18:00:00Z,186.190002,186.194000,186.130005,186.186005
2026-07-27T19:00:00Z,186.188004,186.194000,186.136993,186.162994
2026-07-27T20:00:00Z,186.164001,186.207993,186.112000,186.134003
2026-07-27T21:00:00Z,186.046997,186.231003,186.000000,186.143005
2026-07-27T22:00:00Z,186.143005,186.205002,186.087997,186.160004
2026-07-27T23:00:00Z,186.162994,186.201996,186.128006,186.197998
2026-07-28T00:00:00Z,186.197006,186.272003,186.175995,186.246994
2026-07-28T01:00:00Z,186.244995,186.300995,186.220001,186.246994
2026-07-28T02:00:00Z,186.246002,186.289993,186.203003,186.251999
2026-07-28T03:00:00Z,186.251999,186.311005,186.231003,186.264008
2026-07-28T04:00:00Z,186.264999,186.270996,186.143997,186.154999
2026-07-28T05:00:00Z,186.154999,186.169998,186.037994,186.104004
2026-07-28T06:00:00Z,186.093994,186.156006,186.052994,186.106003
2026-07-28T07:00:00Z,186.113007,186.222000,186.093002,186.130997
2026-07-28T08:00:00Z,186.130997,186.307999,186.128998,186.302994
2026-07-28T09:00:00Z,186.307007,186.320007,186.093994,186.102005
2026-07-28T10:00:00Z,186.100998,186.270996,186.063995,186.237000
2026-07-28T11:00:00Z,186.237000,186.348999,186.167007,186.309006
2026-07-28T12:00:00Z,186.309998,186.330002,186.192001,186.255997
2026-07-28T13:00:00Z,186.257004,186.334000,186.251007,186.304001
2026-07-28T14:00:00Z,186.309998,186.582001,186.268997,186.569000
2026-07-28T15:00:00Z,186.569000,186.617004,186.507996,186.565002
2026-07-28T16:00:00Z,186.563004,186.681000,186.563004,186.597000
2026-07-28T17:00:00Z,186.595993,186.619995,186.550995,186.557999
2026-07-28T18:00:00Z,186.559006,186.582993,186.518997,186.578995
2026-07-28T19:00:00Z,186.578995,186.634995,186.570007,186.584000
2026-07-28T20:00:00Z,186.584000,186.612000,186.514008,186.522003
2026-07-28T21:00:00Z,186.514008,186.658005,186.397995,186.550003
2026-07-28T22:00:00Z,186.526993,186.613007,186.518997,186.535995
2026-07-28T23:00:00Z,186.535004,186.580002,186.494003,186.570007
2026-07-29T00:00:00Z,186.578003,186.587997,186.397003,186.472000
2026-07-29T01:00:00Z,186.464005,186.539001,186.440994,186.490005
2026-07-29T02:00:00Z,186.500000,186.567001,186.468994,186.548004
2026-07-29T03:00:00Z,186.548004,186.585999,186.462006,186.483002
2026-07-29T04:00:00Z,186.479004,186.498993,186.179001,186.317001
2026-07-29T05:00:00Z,186.315994,186.360992,186.233002,186.348007
2026-07-29T06:00:00Z,186.337997,186.412994,186.253998,186.285995
2026-07-29T07:00:00Z,186.285995,186.574997,186.272003,186.552994
2026-07-29T08:00:00Z,186.552994,186.572998,186.412003,186.421005
2026-07-29T09:00:00Z,186.421005,186.440002,186.300003,186.376999
2026-07-29T10:00:00Z,186.378006,186.436996,186.309006,186.322998
2026-07-29T11:00:00Z,186.322006,186.395004,186.248001,186.257004
2026-07-29T12:00:00Z,186.257004,186.406998,186.233994,186.371994
2026-07-29T13:00:00Z,186.371994,186.546997,186.334000,186.535004
2026-07-29T14:00:00Z,186.537003,186.664001,186.496002,186.511002
2026-07-29T15:00:00Z,186.516006,186.539993,186.434998,186.511993
2026-07-29T16:00:00Z,186.511002,186.593002,186.457993,186.591003
2026-07-29T17:00:00Z,186.587006,186.703995,186.578995,186.621994
2026-07-29T18:00:00Z,186.634003,187.056000,186.384003,187.022995
2026-07-29T19:00:00Z,187.022995,187.253998,186.966995,187.186005
2026-07-29T20:00:00Z,187.179001,187.466995,187.177002,187.296005
2026-07-29T21:00:00Z,187.313995,187.354004,187.125000,187.266998
2026-07-29T22:00:00Z,187.233002,187.440002,187.231995,187.412003
2026-07-29T23:00:00Z,187.414001,187.423996,187.246002,187.253998
2026-07-30T00:00:00Z,187.255997,187.326996,187.149994,187.322006
2026-07-30T01:00:00Z,187.324997,187.326996,187.237000,187.257004
2026-07-30T02:00:00Z,187.257004,187.261993,187.207001,187.235001
2026-07-30T03:00:00Z,187.231995,187.279999,187.194000,187.197998
2026-07-30T04:00:00Z,187.197998,187.248993,187.188004,187.207993
2026-07-30T05:00:00Z,187.207993,187.304001,187.205994,187.244003
2026-07-30T06:00:00Z,187.244003,187.352005,187.203995,187.313995
2026-07-30T07:00:00Z,187.317001,187.348999,187.149002,187.259995
2026-07-30T08:00:00Z,187.248001,187.421997,187.240997,187.339005
2026-07-30T09:00:00Z,187.343002,187.403000,187.197006,187.223007
2026-07-30T10:00:00Z,187.220993,187.227997,186.242004,186.798004
2026-07-30T11:00:00Z,186.798004,186.938004,186.731003,186.919006
2026-07-30T12:00:00Z,186.921997,187.005997,186.783005,186.944000
2026-07-30T13:00:00Z,186.944000,186.947998,184.061005,184.067993
2026-07-30T14:00:00Z,184.074997,184.227997,182.044006,183.216003
2026-07-30T15:00:00Z,183.210999,183.748993,182.828995,183.725998
2026-07-30T16:00:00Z,183.720993,184.001999,183.703995,183.953003
2026-07-30T17:00:00Z,183.964996,184.132996,182.658997,183.300995
2026-07-30T18:00:00Z,183.300995,183.436005,183.207001,183.283005
2026-07-30T19:00:00Z,183.287994,183.830002,183.285995,183.740005
2026-07-30T20:00:00Z,183.738998,183.985992,183.716995,183.873993
2026-07-30T21:00:00Z,183.876999,183.990005,183.712997,183.940002
2026-07-30T22:00:00Z,183.949997,184.167999,183.766006,184.098007
2026-07-30T23:00:00Z,184.054001,184.615997,183.968994,184.578995
2026-07-31T00:00:00Z,184.584000,185.091995,184.556000,184.899002
2026-07-31T01:00:00Z,184.899002,185.028000,184.701004,185.001999
2026-07-31T02:00:00Z,185.001007,185.005997,184.694000,184.759995
2026-07-31T03:00:00Z,184.761002,185.164001,184.723007,184.914001
2026-07-31T04:00:00Z,184.912994,185.044006,184.858994,184.906006
2026-07-31T05:00:00Z,184.904999,184.938004,184.755005,184.787003
2026-07-31T06:00:00Z,184.792007,184.845993,184.266006,184.600006
2026-07-31T07:00:00Z,184.593002,185.020004,184.460007,184.460007
2026-07-31T08:00:00Z,184.457001,184.720001,182.699997,183.093994
2026-07-31T09:00:00Z,183.100006,184.167999,182.733994,184.082001
2026-07-31T10:00:00Z,184.078003,184.212997,183.919998,184.018005
2026-07-31T11:00:00Z,184.013000,184.143005,183.938004,183.998993
2026-07-31T12:00:00Z,184.001999,184.281998,183.947006,184.231003
2026-07-31T13:00:00Z,184.231995,184.367004,182.544006,182.884995
2026-07-31T14:00:00Z,182.882004,183.386002,182.188004,183.194000
2026-07-31T15:00:00Z,183.195999,183.380997,182.737000,183.320007
2026-07-31T16:00:00Z,183.322998,183.544006,183.244995,183.541000
2026-07-31T17:00:00Z,183.535995,183.772995,182.436005,182.796997
2026-07-31T18:00:00Z,182.802002,183.393005,182.608002,183.210007
2026-07-31T19:00:00Z,183.214996,183.561996,183.210999,183.533005
2026-07-31T20:00:00Z,183.548004,183.556000,181.123001,181.570999
2026-07-31T21:00:00Z,181.490997,181.490997,181.490997,181.490997
2026-08-02T23:00:00Z,181.658997,182.231995,181.395004,181.906998
2026-08-03T00:00:00Z,181.899002,182.151001,179.352997,180.192001
2026-08-03T01:00:00Z,180.194000,180.479004,179.410004,180.302002
2026-08-03T02:00:00Z,180.313995,180.613998,180.190002,180.436996
2026-08-03T03:00:00Z,180.432999,180.561996,180.197998,180.459000
2026-08-03T04:00:00Z,180.468994,180.546005,180.332993,180.464005
2026-08-03T05:00:00Z,180.462997,180.514999,180.360001,180.429001
2026-08-03T06:00:00Z,180.419006,180.802994,180.356995,180.703995
2026-08-03T07:00:00Z,180.710007,180.742004,180.442993,180.697998
2026-08-03T08:00:00Z,180.701996,180.893005,180.470001,180.880997
2026-08-03T09:00:00Z,180.880005,181.145996,180.766998,180.992996
2026-08-03T10:00:00Z,181.000000,181.003998,180.539993,180.688995
2026-08-03T11:00:00Z,180.692993,180.923004,180.511002,180.660004
2026-08-03T12:00:00Z,180.667007,180.811996,180.565994,180.778000
2026-08-03T13:00:00Z,180.778000,180.850998,180.179993,180.356003
2026-08-03T14:00:00Z,180.304993,180.445999,180.022003,180.251999
2026-08-03T15:00:00Z,180.261993,180.684006,180.216003,180.656006
2026-08-03T16:00:00Z,180.662003,180.667007,180.205994,180.522003
2026-08-03T17:00:00Z,180.520996,180.615997,180.488998,180.602005
2026-08-03T18:00:00Z,180.602005,180.669998,180.403000,180.507004
2026-08-03T19:00:00Z,180.501007,180.671997,180.475998,180.651993
2026-08-03T20:00:00Z,180.647003,180.938004,180.528000,180.904999
2026-08-03T21:00:00Z,180.822998,180.968994,180.804993,180.897003
2026-08-03T22:00:00Z,180.897003,181.164001,180.845993,181.089996
2026-08-03T23:00:00Z,181.087006,181.421005,181.003006,181.276001
2026-08-04T00:00:00Z,181.270996,181.306000,180.994003,181.201996
2026-08-04T01:00:00Z,181.199997,181.449005,181.192993,181.440002
2026-08-04T02:00:00Z,181.444000,181.552002,181.427002,181.494003
2026-08-04T03:00:00Z,181.494003,181.507996,181.264008,181.417007
2026-08-04T04:00:00Z,181.417007,181.434006,181.244003,181.335007
2026-08-04T05:00:00Z,181.332993,181.477997,181.268997,181.472000
2026-08-04T06:00:00Z,181.470001,181.511993,181.317993,181.442001
2026-08-04T07:00:00Z,181.444000,181.677002,181.412003,181.647003
2026-08-04T08:00:00Z,181.645996,181.684006,181.520996,181.591003
2026-08-04T09:00:00Z,181.593994,181.772995,181.574005,181.718002
2026-08-04T10:00:00Z,181.716003,181.794998,181.647995,181.707001
2026-08-04T11:00:00Z,181.707001,181.731995,181.237000,181.328995
2026-08-04T12:00:00Z,181.328995,181.466995,181.171005,181.384003
2026-08-04T13:00:00Z,181.386993,181.425003,181.171005,181.395996
2026-08-04T14:00:00Z,181.399002,181.604004,181.324997,181.548004
2026-08-04T15:00:00Z,181.548996,181.613998,181.320999,181.464996
2026-08-04T16:00:00Z,181.464005,181.544006,181.380997,181.500000
2026-08-04T17:00:00Z,181.500000,181.647995,181.475998,181.619995
2026-08-04T18:00:00Z,181.619995,181.822006,181.619995,181.809998
2026-08-04T19:00:00Z,181.807999,181.979996,181.800003,181.906998
2026-08-04T20:00:00Z,181.914993,181.932999,181.822006,181.917007
2026-08-04T21:00:00Z,181.800995,181.947006,181.770996,181.826004
2026-08-04T22:00:00Z,181.826004,181.932007,181.785995,181.882004
2026-08-04T23:00:00Z,181.897995,181.962997,181.815994,181.863998
2026-08-05T00:00:00Z,181.863998,181.931000,181.582001,181.684006
2026-08-05T01:00:00Z,181.684998,181.757004,181.628998,181.709000
2026-08-05T02:00:00Z,181.710999,181.800995,181.528000,181.617004
2026-08-05T03:00:00Z,181.617004,181.723999,181.576004,181.625000
2026-08-05T04:00:00Z,181.619995,181.882996,181.576004,181.860992
2026-08-05T05:00:00Z,181.862000,181.899002,181.798004,181.843002
2026-08-05T06:00:00Z,181.843002,182.018005,181.761993,181.964996
2026-08-05T07:00:00Z,181.962006,181.990997,181.800003,181.970001
2026-08-05T08:00:00Z,181.966003,182.167007,181.944000,182.048996
2026-08-05T09:00:00Z,182.048996,182.134995,182.000000,182.035995
2026-08-05T10:00:00Z,182.031006,182.106003,181.968002,181.981003
2026-08-05T11:00:00Z,181.979996,182.052002,181.854004,182.018005
2026-08-05T12:00:00Z,182.022995,182.082993,181.910995,181.988007
2026-08-05T13:00:00Z,181.985001,182.069000,181.757004,181.852005
2026-08-05T14:00:00Z,181.852005,182.009003,181.772995,181.955002
2026-08-05T15:00:00Z,181.962006,182.037994,181.867996,182.028000
2026-08-05T16:00:00Z,182.029007,182.126999,181.968002,182.126007
2026-08-05T17:00:00Z,182.126999,182.223999,182.082993,182.220001
2026-08-05T18:00:00Z,182.220001,182.238007,182.149994,182.162994
2026-08-05T19:00:00Z,182.164993,182.197998,182.115005,182.177994
2026-08-05T20:00:00Z,182.177994,182.287003,182.164993,182.227005
2026-08-05T21:00:00Z,182.179001,182.274994,182.042007,182.117996
2026-08-05T22:00:00Z,182.119003,182.229004,182.110992,182.160004
2026-08-05T23:00:00Z,182.175003,182.190994,182.080002,182.141006
2026-08-06T00:00:00Z,182.145996,182.332001,182.136002,182.270004
2026-08-06T01:00:00Z,182.270004,182.287994,182.121994,182.171997
2026-08-06T02:00:00Z,182.171997,182.210007,182.128998,182.158997
2026-08-06T03:00:00Z,182.160004,182.209000,182.115005,182.158005
2026-08-06T04:00:00Z,182.158005,182.175003,182.119003,182.169998
2026-08-06T05:00:00Z,182.167007,182.205994,182.125000,182.184006
2026-08-06T06:00:00Z,182.184998,182.251999,182.154007,182.203003
2026-08-06T07:00:00Z,182.203003,182.255997,182.082993,182.238007
2026-08-06T08:00:00Z,182.235001,182.261993,182.119995,182.181000
2026-08-06T09:00:00Z,182.182007,182.205994,182.128006,182.149994
2026-08-06T10:00:00Z,182.149994,182.203995,182.102005,182.192993
2026-08-06T11:00:00Z,182.192993,182.326996,182.179993,182.240997
2026-08-06T12:00:00Z,182.240997,182.279999,182.130005,182.195999
2026-08-06T13:00:00Z,182.192001,182.298004,182.167007,182.216995
2026-08-06T14:00:00Z,182.220001,182.563995,182.199997,182.487000
2026-08-06T15:00:00Z,182.488007,182.632004,182.473007,182.535995
2026-08-06T16:00:00Z,182.539993,182.625000,182.250000,182.606003
2026-08-06T17:00:00Z,182.604996,182.612000,182.475998,182.522003
2026-08-06T18:00:00Z,182.518005,182.542007,182.438995,182.449997
2026-08-06T19:00:00Z,182.449997,182.582001,182.434998,182.524002
2026-08-06T20:00:00Z,182.524994,182.626007,182.514008,182.514008
2026-08-06T21:00:00Z,182.518997,182.628006,182.425995,182.557999
2026-08-06T22:00:00Z,182.535995,182.623993,182.494003,182.591995
2026-08-06T23:00:00Z,182.578003,182.595993,182.509995,182.563004
2026-08-07T00:00:00Z,182.559998,182.688004,182.554001,182.608002
2026-08-07T01:00:00Z,182.608002,182.634003,182.322006,182.421005
2026-08-07T02:00:00Z,182.423004,182.485992,182.417999,182.470001
2026-08-07T03:00:00Z,182.468002,182.569000,182.460999,182.533997
2026-08-07T04:00:00Z,182.533997,182.563995,182.496002,182.507004
2026-08-07T05:00:00Z,182.507004,182.535995,182.427994,182.429993
2026-08-07T06:00:00Z,182.438004,182.481995,182.401993,182.470001
2026-08-07T07:00:00Z,182.468994,182.585007,182.393997,182.524994
2026-08-07T08:00:00Z,182.533005,182.570007,182.479996,182.507004
2026-08-07T09:00:00Z,182.505005,182.595001,182.496002,182.570999
2026-08-07T10:00:00Z,182.572006,182.617004,182.412003,182.483002
2026-08-07T11:00:00Z,182.481003,182.606995,182.462006,182.606003
2026-08-07T12:00:00Z,182.606003,182.688004,181.289001,182.141998
2026-08-07T13:00:00Z,182.141006,182.358002,182.001999,182.313995
2026-08-07T14:00:00Z,182.313995,182.501007,182.227005,182.457001
2026-08-07T15:00:00Z,182.460999,182.494995,182.022003,182.106995
2026-08-07T16:00:00Z,182.104996,182.125000,181.895004,181.998001
2026-08-07T17:00:00Z,181.998001,182.084000,181.966003,182.074997
2026-08-07T18:00:00Z,182.074997,182.244995,182.067001,182.192993
2026-08-07T19:00:00Z,182.188004,182.278000,182.102005,182.162994
2026-08-07T20:00:00Z,182.169998,182.475998,182.139999,182.384995
2026-08-07T21:00:00Z,182.378006,182.378006,182.378006,182.378006
2026-08-09T23:00:00Z,182.488007,182.509003,182.397995,182.468002
2026-08-10T00:00:00Z,182.473007,182.572006,182.434998,182.557007
2026-08-10T01:00:00Z,182.559998,182.906006,182.544998,182.873993
2026-08-10T02:00:00Z,182.867004,182.893997,182.774994,182.778000
2026-08-10T03:00:00Z,182.778000,182.787994,182.684998,182.709000
2026-08-10T04:00:00Z,182.709000,182.910995,182.709000,182.901001
2026-08-10T05:00:00Z,182.901001,182.979996,182.882004,182.962006
2026-08-10T06:00:00Z,182.962997,183.098007,182.953003,183.009995
2026-08-10T07:00:00Z,183.011993,183.272003,182.998001,183.227005
2026-08-10T08:00:00Z,183.229996,183.466995,183.167007,183.429001
2026-08-10T09:00:00Z,183.429001,183.634003,183.425995,183.580002
2026-08-10T10:00:00Z,183.580002,183.619995,183.440994,183.485001
2026-08-10T11:00:00Z,183.485001,183.531998,183.397995,183.473999
2026-08-10T12:00:00Z,183.468994,183.552994,183.042007,183.529999
2026-08-10T13:00:00Z,183.529999,183.645004,183.498993,183.582001
2026-08-10T14:00:00Z,183.578995,183.647995,183.473007,183.604004
2026-08-10T15:00:00Z,183.602997,183.651993,183.498001,183.556000
2026-08-10T16:00:00Z,183.554993,183.658005,183.552002,183.639008
2026-08-10T17:00:00Z,183.638000,183.750000,183.632004,183.688004
2026-08-10T18:00:00Z,183.688995,183.912003,183.658005,183.796997
2026-08-10T19:00:00Z,183.794998,183.932007,183.766006,183.860001
2026-08-10T20:00:00Z,183.860001,183.914993,183.794998,183.826996
2026-08-10T21:00:00Z,183.845001,183.873993,183.606995,183.820007
2026-08-10T22:00:00Z,183.820007,183.895004,183.748993,183.839996
2026-08-10T23:00:00Z,183.824997,183.856003,183.729996,183.755005
2026-08-11T00:00:00Z,183.757004,183.835007,183.550003,183.746994
2026-08-11T01:00:00Z,183.746994,183.798004,183.671997,183.778000
2026-08-11T02:00:00Z,183.774002,183.854004,183.753006,183.779007
2026-08-11T03:00:00Z,183.779007,183.807007,183.720993,183.759995
2026-08-11T04:00:00Z,183.759995,183.789993,183.735001,183.746994
2026-08-11T05:00:00Z,183.742996,183.755997,183.681000,183.731995
2026-08-11T06:00:00Z,183.731995,183.763000,183.630005,183.671997
2026-08-11T07:00:00Z,183.673996,183.832001,183.667007,183.770996
2026-08-11T08:00:00Z,183.770996,183.848007,183.722000,183.832993
2026-08-11T09:00:00Z,183.830002,183.867996,183.731003,183.759995
2026-08-11T10:00:00Z,183.759995,183.815994,183.654999,183.690002
2026-08-11T11:00:00Z,183.688995,183.727997,183.593002,183.714005
2026-08-11T12:00:00Z,183.712006,183.847000,183.692993,183.815994
2026-08-11T13:00:00Z,183.815994,183.856003,183.729996,183.813004
2026-08-11T14:00:00Z,183.815994,183.841995,183.748001,183.794998
2026-08-11T15:00:00Z,183.789993,183.841003,183.727005,183.817993
2026-08-11T16:00:00Z,183.815002,183.820999,183.725998,183.781006
2026-08-11T17:00:00Z,183.781006,183.830002,183.750000,183.807999
2026-08-11T18:00:00Z,183.804993,183.841003,183.785004,183.796005
2026-08-11T19:00:00Z,183.794006,183.867996,183.794006,183.847000
2026-08-11T20:00:00Z,183.856995,183.914001,183.748993,183.792999
2026-08-11T21:00:00Z,183.796997,183.845993,183.597000,183.785995
2026-08-11T22:00:00Z,183.809998,183.880005,183.766006,183.830002
2026-08-11T23:00:00Z,183.841003,183.867996,183.832993,183.854004
2026-08-12T00:00:00Z,183.852005,183.910004,183.770996,183.886993
2026-08-12T01:00:00Z,183.882996,183.908005,183.813004,183.841003
2026-08-12T02:00:00Z,183.837006,183.938995,183.832001,183.917999
2026-08-12T03:00:00Z,183.914001,183.960999,183.893997,183.903000
2026-08-12T04:00:00Z,183.899002,183.921005,183.847000,183.891998
2026-08-12T05:00:00Z,183.893005,183.897003,183.768997,183.850006
2026-08-12T06:00:00Z,183.852005,183.884003,183.807999,183.878006
2026-08-12T07:00:00Z,183.878006,183.917999,183.830002,183.867004
2026-08-12T08:00:00Z,183.865005,183.875000,183.785995,183.802002
2026-08-12T09:00:00Z,183.806000,183.830002,183.139999,183.595993
2026-08-12T10:00:00Z,183.595993,183.671997,183.542999,183.608994
2026-08-12T11:00:00Z,183.608002,183.671997,183.533005,183.653000
2026-08-12T12:00:00Z,183.651993,183.718994,183.350998,183.563995
2026-08-12T13:00:00Z,183.563995,183.712997,183.470001,183.695999
2026-08-12T14:00:00Z,183.699997,183.824997,183.677994,183.764008
2026-08-12T15:00:00Z,183.763000,183.817001,183.710999,183.735001
2026-08-12T16:00:00Z,183.738007,183.755005,183.692001,183.740005
2026-08-12T17:00:00Z,183.735001,183.830002,183.733002,183.768005
2026-08-12T18:00:00Z,183.761002,183.809006,183.733002,183.750000
2026-08-12T19:00:00Z,183.748001,183.785004,183.718002,183.772003
2026-08-12T20:00:00Z,183.764999,183.794006,183.692993,183.748001
2026-08-12T21:00:00Z,183.744995,183.869003,183.606003,183.653000
2026-08-12T22:00:00Z,183.651001,183.764008,183.647003,183.716995
2026-08-12T23:00:00Z,183.712997,183.723007,183.639999,183.675995
2026-08-13T00:00:00Z,183.673004,183.742996,183.613007,183.671005
2026-08-13T01:00:00Z,183.671005,183.699005,183.630005,183.641998
2026-08-13T02:00:00Z,183.641998,183.723999,183.634003,183.694000
2026-08-13T03:00:00Z,183.694000,183.746002,183.673004,183.699997
2026-08-13T04:00:00Z,183.699997,183.740005,183.434998,183.544998
2026-08-13T05:00:00Z,183.544998,183.671997,183.518997,183.574997
2026-08-13T06:00:00Z,183.569000,183.647995,183.535004,183.576996
2026-08-13T07:00:00Z,183.578003,183.697006,183.561996,183.671005
2026-08-13T08:00:00Z,183.671997,183.744995,183.649002,183.692993
2026-08-13T09:00:00Z,183.694000,183.800003,183.684998,183.783997
2026-08-13T10:00:00Z,183.785004,183.848999,183.779999,183.811996
2026-08-13T11:00:00Z,183.811005,183.822006,183.744003,183.772995
2026-08-13T12:00:00Z,183.774002,183.792007,183.641998,183.740997
2026-08-13T13:00:00Z,183.748001,183.779999,183.673996,183.697998
2026-08-13T14:00:00Z,183.699997,183.822998,183.546997,183.735992
2026-08-13T15:00:00Z,183.738007,183.830994,183.731003,183.738998
2026-08-13T16:00:00Z,183.742004,183.882996,183.729996,183.869003
2026-08-13T17:00:00Z,183.869003,183.921005,183.834000,183.888000
2026-08-13T18:00:00Z,183.889008,183.914993,183.856003,183.893005
2026-08-13T19:00:00Z,183.893005,183.921997,183.873001,183.897003
2026-08-13T20:00:00Z,183.901993,183.942001,183.815002,183.815002
2026-08-13T21:00:00Z,183.794998,183.912994,183.733994,183.828995
2026-08-13T22:00:00Z,183.828995,183.936005,183.813995,183.880997
2026-08-13T23:00:00Z,183.878006,183.925995,183.878006,183.880005
2026-08-14T00:00:00Z,183.884003,183.972000,183.852005,183.886993
2026-08-14T01:00:00Z,183.886002,183.945007,183.850006,183.899002
2026-08-14T02:00:00Z,183.899002,183.929001,183.860001,183.865005
2026-08-14T03:00:00Z,183.863998,183.906006,183.824997,183.876007
2026-08-14T04:00:00Z,183.876007,183.901001,183.848999,183.869003
2026-08-14T05:00:00Z,183.869003,183.878006,183.701004,183.809998
2026-08-14T06:00:00Z,183.807999,183.837997,183.688995,183.830994
2026-08-14T07:00:00Z,183.832001,183.934998,183.802002,183.891998
2026-08-14T08:00:00Z,183.891998,183.942993,183.742004,183.936005
2026-08-14T09:00:00Z,183.929001,183.947998,183.811005,183.880005
2026-08-14T10:00:00Z,183.880005,183.947006,183.817993,183.936005
2026-08-14T11:00:00Z,183.936005,184.095993,183.936005,184.011993
2026-08-14T12:00:00Z,184.013000,184.029999,183.593994,183.804001
2026-08-14T13:00:00Z,183.804001,184.074997,183.779999,184.050003
2026-08-14T14:00:00Z,184.054001,184.184006,184.041000,184.162994
2026-08-14T15:00:00Z,184.164001,184.399994,184.119995,184.369003
2026-08-14T16:00:00Z,184.371994,184.447998,184.365005,184.397995
2026-08-14T17:00:00Z,184.397003,184.406006,184.278000,184.296997
2026-08-14T18:00:00Z,184.294998,184.350998,184.274994,184.326996
2026-08-14T19:00:00Z,184.326996,184.382004,184.313004,184.350998
2026-08-14T20:00:00Z,184.350998,184.358994,184.253998,184.287003
2026-08-14T21:00:00Z,184.365005,184.365005,184.365005,184.365005
2026-08-16T23:00:00Z,184.205994,184.307999,184.195007,184.283005
2026-08-17T00:00:00Z,184.279007,184.332993,184.121994,184.141006
2026-08-17T01:00:00Z,184.141998,184.270004,184.113007,184.240005
2026-08-17T02:00:00Z,184.238998,184.259995,184.128998,184.158005
2026-08-17T03:00:00Z,184.160004,184.292999,184.158005,184.281998
2026-08-17T04:00:00Z,184.279999,184.348007,184.268997,184.332001
2026-08-17T05:00:00Z,184.330002,184.341003,184.201996,184.330002
2026-08-17T06:00:00Z,184.330002,184.354996,184.272995,184.320999
2026-08-17T07:00:00Z,184.320999,184.529999,184.248993,184.485001
2026-08-17T08:00:00Z,184.483002,184.632996,184.470001,184.563995
2026-08-17T09:00:00Z,184.565002,184.630005,184.518005,184.578003
2026-08-17T10:00:00Z,184.580994,184.589005,184.464996,184.501007
2026-08-17T11:00:00Z,184.501007,184.602005,184.475998,184.591995
2026-08-17T12:00:00Z,184.593994,184.688995,184.550995,184.679001
2026-08-17T13:00:00Z,184.679001,184.764008,184.651001,184.656998
2026-08-17T14:00:00Z,184.654999,184.684006,184.524994,184.559998
2026-08-17T15:00:00Z,184.559006,184.686996,184.533005,184.675003
2026-08-17T16:00:00Z,184.673996,184.723007,184.639999,184.673004
2026-08-17T17:00:00Z,184.671005,184.716995,184.628998,184.639999
2026-08-17T18:00:00Z,184.641006,184.701996,184.630005,184.686005
2026-08-17T19:00:00Z,184.684998,184.697998,184.572998,184.632996
2026-08-17T20:00:00Z,184.634003,184.688004,184.591995,184.606995
2026-08-17T21:00:00Z,184.589996,184.757004,184.337997,184.518005
2026-08-17T22:00:00Z,184.516006,184.653000,184.466995,184.574005
2026-08-17T23:00:00Z,184.576996,184.589005,184.526001,184.542999
2026-08-18T00:00:00Z,184.542999,184.727005,184.535004,184.656006
2026-08-18T01:00:00Z,184.653000,184.716003,184.623993,184.695007
2026-08-18T02:00:00Z,184.695007,184.723007,184.604004,184.651993
2026-08-18T03:00:00Z,184.651001,184.671005,184.606003,184.651001
2026-08-18T04:00:00Z,184.654007,184.848999,184.643005,184.787003
2026-08-18T05:00:00Z,184.783997,184.800995,184.722000,184.770996
2026-08-18T06:00:00Z,184.770996,184.856003,184.723999,184.822006
2026-08-18T07:00:00Z,184.824005,184.906998,184.815002,184.854996
2026-08-18T08:00:00Z,184.852005,184.858994,184.776993,184.830002
2026-08-18T09:00:00Z,184.828995,184.841003,184.744995,184.807999
2026-08-18T10:00:00Z,184.811996,184.876999,184.768005,184.867996
2026-08-18T11:00:00Z,184.867996,184.899002,184.835999,184.871002
2026-08-18T12:00:00Z,184.875000,184.884995,184.783997,184.802994
2026-08-18T13:00:00Z,184.802002,184.863007,184.779999,184.794006
2026-08-18T14:00:00Z,184.794006,184.850006,184.705994,184.778000
2026-08-18T15:00:00Z,184.774994,184.817993,184.709000,184.792999
2026-08-18T16:00:00Z,184.792999,184.852005,184.774994,184.776993
2026-08-18T17:00:00Z,184.776001,184.781006,184.737000,184.759003
2026-08-18T18:00:00Z,184.759003,184.772995,184.735992,184.746002
2026-08-18T19:00:00Z,184.746994,184.819000,184.731003,184.778000
2026-08-18T20:00:00Z,184.779999,184.789993,184.718002,184.731995
2026-08-18T21:00:00Z,184.740005,184.830002,184.602005,184.667999
2026-08-18T22:00:00Z,184.684006,184.781998,184.664001,184.740997
2026-08-18T23:00:00Z,184.738007,184.751999,184.667999,184.695007
2026-08-19T00:00:00Z,184.692993,184.697998,184.537994,184.556000
2026-08-19T01:00:00Z,184.554993,184.626999,184.542007,184.593994
2026-08-19T02:00:00Z,184.593994,184.621994,184.524994,184.574997
2026-08-19T03:00:00Z,184.572998,184.667999,184.572006,184.628006
2026-08-19T04:00:00Z,184.628006,184.636002,184.490005,184.591003
2026-08-19T05:00:00Z,184.591003,184.625000,184.466003,184.593002
2026-08-19T06:00:00Z,184.593994,184.675995,184.500000,184.632996
2026-08-19T07:00:00Z,184.634995,184.653000,184.511993,184.574005
2026-08-19T08:00:00Z,184.576996,184.641006,184.490997,184.598007
2026-08-19T09:00:00Z,184.595993,184.725998,184.595993,184.641006
2026-08-19T10:00:00Z,184.641006,184.705994,184.600998,184.653000
2026-08-19T11:00:00Z,184.653000,184.684998,184.617004,184.645996
2026-08-19T12:00:00Z,184.645004,184.658005,183.917999,184.531006
2026-08-19T13:00:00Z,184.529007,184.750000,184.427994,184.675003
2026-08-19T14:00:00Z,184.681000,184.740005,184.533005,184.682999
2026-08-19T15:00:00Z,184.682999,184.839996,184.681000,184.817001
2026-08-19T16:00:00Z,184.817001,184.888000,184.763000,184.809006
2026-08-19T17:00:00Z,184.807999,184.936996,184.791000,184.904007
2026-08-19T18:00:00Z,184.893005,184.921005,184.750000,184.807999
2026-08-19T19:00:00Z,184.807999,184.850006,184.591003,184.662994
2026-08-19T20:00:00Z,184.667999,184.738007,184.608002,184.673004
2026-08-19T21:00:00Z,184.634995,184.682007,184.546997,184.591003
2026-08-19T22:00:00Z,184.604004,184.701004,184.557007,184.679993
2026-08-19T23:00:00Z,184.684998,184.764999,184.684998,184.757004
2026-08-20T00:00:00Z,184.753006,184.938995,184.720001,184.919998
2026-08-20T01:00:00Z,184.921997,185.117004,184.917007,185.102997
2026-08-20T02:00:00Z,185.100998,185.119995,184.953995,184.975006
2026-08-20T03:00:00Z,184.975006,185.059998,184.960007,185.035004
2026-08-20T04:00:00Z,185.035004,185.203003,185.020004,185.093002
2026-08-20T05:00:00Z,185.095993,185.242996,185.087997,185.218994
2026-08-20T06:00:00Z,185.220001,185.235992,185.052002,185.091003
2026-08-20T07:00:00Z,185.089996,185.281006,184.975998,185.251007
2026-08-20T08:00:00Z,185.255005,185.466003,185.199997,185.412994
2026-08-20T09:00:00Z,185.412003,185.417999,185.231003,185.365997
2026-08-20T10:00:00Z,185.367996,185.384003,185.272003,185.358002
2026-08-20T11:00:00Z,185.358002,185.466003,185.345993,185.384003
2026-08-20T12:00:00Z,185.386993,185.485001,185.345993,185.423996
2026-08-20T13:00:00Z,185.425003,185.457001,185.339005,185.431000
2026-08-20T14:00:00Z,185.427002,185.503006,185.401993,185.434006
2026-08-20T15:00:00Z,185.434006,185.578995,185.250000,185.520004
2026-08-20T16:00:00Z,185.518005,185.699005,185.514008,185.595001
2026-08-20T17:00:00Z,185.595001,185.697998,185.570999,185.682007
2026-08-20T18:00:00Z,185.682007,185.815002,185.669006,185.807007
2026-08-20T19:00:00Z,185.809006,185.832001,185.774002,185.809998
2026-08-20T20:00:00Z,185.809998,185.826996,185.660004,185.720993
2026-08-20T21:00:00Z,185.671005,185.789001,185.645004,185.695999
2026-08-20T22:00:00Z,185.712006,185.783997,185.675995,185.707993
2026-08-20T23:00:00Z,185.707001,185.735992,185.660004,185.703003
2026-08-21T00:00:00Z,185.701004,185.932007,185.673004,185.869003
2026-08-21T01:00:00Z,185.867996,185.919998,185.794006,185.811005
2026-08-21T02:00:00Z,185.811005,185.947006,185.796997,185.923004
2026-08-21T03:00:00Z,185.923004,186.020004,185.914993,185.932999
2026-08-21T04:00:00Z,185.932999,185.966995,185.882004,185.917007
2026-08-21T05:00:00Z,185.916000,185.936005,185.781998,185.798996
2026-08-21T06:00:00Z,185.798004,185.884995,185.735001,185.865997
2026-08-21T07:00:00Z,185.867004,185.901993,185.559998,185.660995
2026-08-21T08:00:00Z,185.669006,185.740005,185.524002,185.556000
2026-08-21T09:00:00Z,185.554993,185.619003,185.432999,185.563004
2026-08-21T10:00:00Z,185.565994,185.755005,185.542999,185.707993
2026-08-21T11:00:00Z,185.707993,185.783997,185.505005,185.669998
2026-08-21T12:00:00Z,185.669998,185.686996,185.563004,185.585999
2026-08-21T13:00:00Z,185.585007,185.636002,185.488998,185.498993
2026-08-21T14:00:00Z,185.503006,185.598999,185.447006,185.546005
2026-08-21T15:00:00Z,185.546005,185.699005,185.526993,185.658997
2026-08-21T16:00:00Z,185.660004,185.718002,185.615997,185.692993
2026-08-21T17:00:00Z,185.697006,185.746994,185.690002,185.735001
2026-08-21T18:00:00Z,185.733002,185.789001,185.731995,185.776001
2026-08-21T19:00:00Z,185.776001,185.778000,185.664001,185.690994
2026-08-21T20:00:00Z,185.690002,185.699997,185.570007,185.585007
2026-08-21T21:00:00Z,185.593994,185.593994,185.593994,185.593994
2026-08-23T23:00:00Z,185.589005,185.651993,185.574005,185.602005
2026-08-24T00:00:00Z,185.604996,185.654007,185.429993,185.470993
2026-08-24T01:00:00Z,185.472000,185.598999,185.464996,185.548996
2026-08-24T02:00:00Z,185.552002,185.623001,185.533005,185.595001
2026-08-24T03:00:00Z,185.593002,185.656998,185.593002,185.625000
2026-08-24T04:00:00Z,185.625000,185.628998,185.473999,185.587006
2026-08-24T05:00:00Z,185.587997,185.634995,185.582001,185.604996
2026-08-24T06:00:00Z,185.604996,185.709000,185.524002,185.703995
2026-08-24T07:00:00Z,185.703995,185.796997,185.641998,185.690994
2026-08-24T08:00:00Z,185.690994,185.761993,185.654007,185.664001
2026-08-24T09:00:00Z,185.664001,185.707993,185.606995,185.695999
2026-08-24T10:00:00Z,185.699997,185.723999,185.595993,185.695999
2026-08-24T11:00:00Z,185.695999,185.735992,185.531006,185.572998
2026-08-24T12:00:00Z,185.576996,185.602997,185.453995,185.591995
2026-08-24T13:00:00Z,185.595001,185.748993,185.582993,185.597000
2026-08-24T14:00:00Z,185.600006,185.723999,185.556000,185.710007
2026-08-24T15:00:00Z,185.710007,185.737000,185.653000,185.667999
2026-08-24T16:00:00Z,185.667999,185.673996,185.526993,185.550995
2026-08-24T17:00:00Z,185.550995,185.576996,185.479996,185.563995
2026-08-24T18:00:00Z,185.563995,185.675003,185.550995,185.664001
2026-08-24T19:00:00Z,185.667007,185.667007,185.578003,185.602005
2026-08-24T20:00:00Z,185.600006,185.632996,185.494995,185.514008
2026-08-24T21:00:00Z,185.488007,185.617004,185.341003,185.513000
2026-08-24T22:00:00Z,185.513000,185.602997,185.464005,185.584000
2026-08-24T23:00:00Z,185.582001,185.688004,185.541000,185.671005
2026-08-25T00:00:00Z,185.671005,185.751007,185.641998,185.742996
2026-08-25T01:00:00Z,185.742996,185.789993,185.647003,185.746002
2026-08-25T02:00:00Z,185.746002,185.850998,185.735001,185.817993
2026-08-25T03:00:00Z,185.817001,185.843994,185.768005,185.779007
2026-08-25T04:00:00Z,185.779007,185.787994,185.567993,185.673996
2026-08-25T05:00:00Z,185.673996,185.733002,185.638000,185.673996
2026-08-25T06:00:00Z,185.675003,185.776001,185.636002,185.748993
2026-08-25T07:00:00Z,185.748993,185.897995,185.740997,185.886002
2026-08-25T08:00:00Z,185.882004,185.951996,185.860992,185.912003
2026-08-25T09:00:00Z,185.908997,185.925995,185.828995,185.845001
2026-08-25T10:00:00Z,185.843994,185.871002,185.714996,185.757004
2026-08-25T11:00:00Z,185.757004,185.785995,185.667007,185.673004
2026-08-25T12:00:00Z,185.677994,185.835999,185.649994,185.830994
2026-08-25T13:00:00Z,185.830994,185.884003,185.764999,185.847000
2026-08-25T14:00:00Z,185.837006,185.906998,185.798004,185.835007
2026-08-25T15:00:00Z,185.834000,185.893997,185.809998,185.847000
2026-08-25T16:00:00Z,185.845993,185.893005,185.819000,185.888000
2026-08-25T17:00:00Z,185.886993,185.923996,185.856995,185.871994
2026-08-25T18:00:00Z,185.871994,185.908005,185.848007,185.876999
2026-08-25T19:00:00Z,185.876007,185.904999,185.744995,185.811996
2026-08-25T20:00:00Z,185.809998,185.895004,185.757996,185.779999
2026-08-25T21:00:00Z,185.798004,185.929993,185.727997,185.792007
2026-08-25T22:00:00Z,185.817993,185.897995,185.770004,185.886002
2026-08-25T23:00:00Z,185.884995,185.916000,185.863998,185.867996
2026-08-26T00:00:00Z,185.867004,185.906998,185.740005,185.781006
2026-08-26T01:00:00Z,185.783005,185.794006,185.526001,185.606995
2026-08-26T02:00:00Z,185.606995,185.613007,185.442001,185.554001
2026-08-26T03:00:00Z,185.550995,185.554993,185.341003,185.416000
2026-08-26T04:00:00Z,185.414001,185.473007,185.393005,185.459000
2026-08-26T05:00:00Z,185.460007,185.487000,185.429001,185.470993
2026-08-26T06:00:00Z,185.470993,185.570007,185.455002,185.563004
2026-08-26T07:00:00Z,185.563004,185.608002,185.492996,185.576996
2026-08-26T08:00:00Z,185.576996,185.630005,185.503998,185.578995
2026-08-26T09:00:00Z,185.578995,185.600998,185.440994,185.472000
2026-08-26T10:00:00Z,185.475998,185.567993,185.455994,185.524994
2026-08-26T11:00:00Z,185.524994,185.649002,185.520004,185.628998
2026-08-26T12:00:00Z,185.628998,185.686996,185.429993,185.600998
2026-08-26T13:00:00Z,185.600998,185.751007,185.587997,185.733002
2026-08-26T14:00:00Z,185.733994,185.737000,185.597000,185.626999
2026-08-26T15:00:00Z,185.630005,185.699997,185.619995,185.662994
2026-08-26T16:00:00Z,185.666000,185.738007,185.638000,185.709000
2026-08-26T17:00:00Z,185.709000,185.750000,185.692993,185.733002
2026-08-26T18:00:00Z,185.731995,185.750000,185.690002,185.714996
2026-08-26T19:00:00Z,185.720001,185.735001,185.662003,185.688004
2026-08-26T20:00:00Z,185.684998,185.714005,185.520004,185.574005
2026-08-26T21:00:00Z,185.531998,185.641998,185.460007,185.565002
2026-08-26T22:00:00Z,185.565002,185.662003,185.565002,185.613998
2026-08-26T23:00:00Z,185.600998,185.636002,185.557007,185.610001
2026-08-27T00:00:00Z,185.608002,185.612000,185.460999,185.544006
2026-08-27T01:00:00Z,185.541000,185.675003,185.514008,185.647003
2026-08-27T02:00:00Z,185.645996,185.770996,185.645996,185.705002
2026-08-27T03:00:00Z,185.705002,185.727997,185.679993,185.701996
2026-08-27T04:00:00Z,185.703003,185.757996,185.699997,185.738007
2026-08-27T05:00:00Z,185.740997,185.766006,185.673996,185.723999
2026-08-27T06:00:00Z,185.723999,185.744003,185.688004,185.701004
2026-08-27T07:00:00Z,185.701004,185.731003,185.626999,185.723999
2026-08-27T08:00:00Z,185.722000,185.729996,185.565994,185.578003
2026-08-27T09:00:00Z,185.578995,185.694000,185.535995,185.641998
2026-08-27T10:00:00Z,185.639999,185.701996,185.617996,185.623993
2026-08-27T11:00:00Z,185.623993,185.649002,185.565002,185.600006
2026-08-27T12:00:00Z,185.600998,185.634003,185.541000,185.569000
2026-08-27T13:00:00Z,185.569000,185.811996,185.556000,185.718002
2026-08-27T14:00:00Z,185.718002,185.723999,185.492996,185.533005
2026-08-27T15:00:00Z,185.533997,185.638000,185.524002,185.587006
2026-08-27T16:00:00Z,185.587006,185.625000,185.539001,185.606003
2026-08-27T17:00:00Z,185.606003,185.688995,185.595993,185.684006
2026-08-27T18:00:00Z,185.684006,185.722000,185.666000,185.716003
2026-08-27T19:00:00Z,185.718002,185.744995,185.675995,185.703995
2026-08-27T20:00:00Z,185.703995,185.742996,185.671997,185.718994
2026-08-27T21:00:00Z,185.684006,185.768997,185.460007,185.613998
2026-08-27T22:00:00Z,185.647003,185.748993,185.595993,185.703003
2026-08-27T23:00:00Z,185.699997,185.720001,185.647003,185.654007
2026-08-28T00:00:00Z,185.658005,185.710999,185.638000,185.703995
2026-08-28T01:00:00Z,185.705002,185.764008,185.667007,185.725998
2026-08-28T02:00:00Z,185.725998,185.759003,185.656006,185.755005
2026-08-28T03:00:00Z,185.753006,185.776001,185.690994,185.692001
2026-08-28T04:00:00Z,185.694000,185.753998,185.694000,185.738007
2026-08-28T05:00:00Z,185.738007,185.789001,185.727005,185.746994
2026-08-28T06:00:00Z,185.753998,185.792007,185.677002,185.690002
2026-08-28T07:00:00Z,185.688995,185.781998,185.645996,185.755997
2026-08-28T08:00:00Z,185.755997,185.852005,185.751999,185.807007
2026-08-28T09:00:00Z,185.807999,185.882996,185.792999,185.867996
2026-08-28T10:00:00Z,185.871002,185.973999,185.852997,185.960007
2026-08-28T11:00:00Z,185.955994,185.985001,185.914993,185.914993
2026-08-28T12:00:00Z,185.914993,185.929993,185.785995,185.884995
2026-08-28T13:00:00Z,185.884003,185.912003,185.768997,185.789001
2026-08-28T14:00:00Z,185.811996,185.871994,185.429001,185.723999
2026-08-28T15:00:00Z,185.725006,185.753998,185.514999,185.537003
2026-08-28T16:00:00Z,185.533005,185.643005,185.483994,185.608994
2026-08-28T17:00:00Z,185.612000,185.612000,185.466995,185.496994
2026-08-28T18:00:00Z,185.496994,185.505997,185.432007,185.444000
2026-08-28T19:00:00Z,185.444000,185.498001,185.382004,185.466003
2026-08-28T20:00:00Z,185.464996,185.473999,185.287994,185.356003
2026-08-28T21:00:00Z,185.434006,185.434006,185.244003,185.434006
2026-08-30T23:00:00Z,185.477997,185.580994,185.477997,185.548004
2026-08-31T00:00:00Z,185.548004,185.552994,185.419006,185.429001
2026-08-31T01:00:00Z,185.431000,185.447998,185.209000,185.240997
2026-08-31T02:00:00Z,185.240997,185.272003,185.162003,185.214996
2026-08-31T03:00:00Z,185.212997,185.268997,185.186005,185.229996
2026-08-31T04:00:00Z,185.218994,185.235992,185.167999,185.207001
2026-08-31T05:00:00Z,185.203003,185.257004,185.162003,185.242004
2026-08-31T06:00:00Z,185.238998,185.304001,185.173996,185.186996
2026-08-31T07:00:00Z,185.186005,185.199005,184.914001,185.147003
2026-08-31T08:00:00Z,185.145996,185.207001,185.037003,185.197006
2026-08-31T09:00:00Z,185.197006,185.285995,185.181000,185.272995
2026-08-31T10:00:00Z,185.272995,185.326996,185.229996,185.229996
2026-08-31T11:00:00Z,185.229996,185.246002,185.179993,185.188995
2026-08-31T12:00:00Z,185.188995,185.389999,185.175003,185.378998
2026-08-31T13:00:00Z,185.378998,185.404999,185.320007,185.389999
2026-08-31T14:00:00Z,185.391998,185.550003,185.246994,185.483002
2026-08-31T15:00:00Z,185.483994,185.617996,185.477005,185.561005
2026-08-31T16:00:00Z,185.561996,185.563004,185.468994,185.488998
2026-08-31T17:00:00Z,185.488998,185.518997,185.475006,185.481995
2026-08-31T18:00:00Z,185.485001,185.626999,185.470001,185.608994
2026-08-31T19:00:00Z,185.610001,185.621002,185.531998,185.569000
2026-08-31T20:00:00Z,185.570999,185.585007,185.535004,185.559998
2026-08-31T21:00:00Z,185.565994,185.626999,185.438004,185.537003
2026-08-31T22:00:00Z,185.556000,185.619003,185.520996,185.576004
2026-08-31T23:00:00Z,185.578003,185.625000,185.565994,185.593002
2026-09-01T00:00:00Z,185.593994,185.692993,185.541000,185.647995
2026-09-01T01:00:00Z,185.651001,185.664993,185.417999,185.468994
2026-09-01T02:00:00Z,185.466003,185.524994,185.457001,185.509003
2026-09-01T03:00:00Z,185.509995,185.513000,185.447006,185.457001
2026-09-01T04:00:00Z,185.457001,185.537994,185.453995,185.533005
2026-09-01T05:00:00Z,185.533005,185.606003,185.533005,185.582001
2026-09-01T06:00:00Z,185.589005,185.634003,185.554993,185.613007
2026-09-01T07:00:00Z,185.612000,185.647995,185.479996,185.501999
2026-09-01T08:00:00Z,185.501999,185.516006,185.386993,185.404999
2026-09-01T09:00:00Z,185.416000,185.591995,185.369995,185.548996
2026-09-01T10:00:00Z,185.548996,185.606003,185.488007,185.572006
2026-09-01T11:00:00Z,185.574005,185.660995,185.516006,185.612000
2026-09-01T12:00:00Z,185.608994,185.701996,185.533997,185.608002
2026-09-01T13:00:00Z,185.608002,185.703995,185.556000,185.619995
2026-09-01T14:00:00Z,185.643997,185.714996,185.520004,185.621994
2026-09-01T15:00:00Z,185.619003,185.649994,185.477997,185.505997
2026-09-01T16:00:00Z,185.505997,185.613007,185.468994,185.556000
2026-09-01T17:00:00Z,185.556000,185.705002,185.550003,185.679001
2026-09-01T18:00:00Z,185.679001,185.712006,185.654007,185.673996
2026-09-01T19:00:00Z,185.677994,185.716995,185.667007,185.694000
2026-09-01T20:00:00Z,185.694000,185.718002,185.649994,185.660004
2026-09-01T21:00:00Z,185.630005,185.682007,185.520004,185.651993
2026-09-01T22:00:00Z,185.606995,185.733994,185.598007,185.716995
2026-09-01T23:00:00Z,185.710999,185.750000,185.662003,185.673996
2026-09-02T00:00:00Z,185.673996,185.684998,185.589996,185.660995
2026-09-02T01:00:00Z,185.660995,185.692001,185.621994,185.686996
2026-09-02T02:00:00Z,185.684998,185.690002,185.587006,185.606003
2026-09-02T03:00:00Z,185.606003,185.613007,185.494003,185.516998
2026-09-02T04:00:00Z,185.516998,185.518005,185.263000,185.335999
2026-09-02T05:00:00Z,185.335007,185.343002,185.069000,185.072006
2026-09-02T06:00:00Z,185.070999,185.072998,184.542007,184.608002
2026-09-02T07:00:00Z,184.608994,184.904007,184.608994,184.882996
2026-09-02T08:00:00Z,184.884995,185.018005,184.845993,184.998001
2026-09-02T09:00:00Z,184.998001,185.054993,184.934998,184.975006
2026-09-02T10:00:00Z,184.973007,185.031998,184.925003,185.031006
2026-09-02T11:00:00Z,185.031998,185.041000,184.785004,184.802994
2026-09-02T12:00:00Z,184.804993,184.932007,184.751999,184.778000
2026-09-02T13:00:00Z,184.776001,184.837997,183.632004,184.000000
2026-09-02T14:00:00Z,184.001999,184.195999,183.785004,184.031006
2026-09-02T15:00:00Z,184.031998,184.093002,183.871002,184.067001
2026-09-02T16:00:00Z,184.067001,184.134995,184.048996,184.056000
2026-09-02T17:00:00Z,184.061005,184.160995,184.001999,184.080994
2026-09-02T18:00:00Z,184.085999,184.173996,184.046997,184.134003
2026-09-02T19:00:00Z,184.139999,184.192993,183.953995,183.966003
2026-09-02T20:00:00Z,183.966003,183.988007,183.807007,183.901993
2026-09-02T21:00:00Z,183.904007,183.938004,183.667007,183.845001
2026-09-02T22:00:00Z,183.867996,184.028000,183.835999,183.977005
2026-09-02T23:00:00Z,183.964005,184.119995,183.942001,184.080002
2026-09-03T00:00:00Z,184.080002,184.177002,183.766998,183.932007
2026-09-03T01:00:00Z,183.932007,183.944000,183.414001,183.639999
2026-09-03T02:00:00Z,183.639008,183.664001,183.054993,183.169006
2026-09-03T03:00:00Z,183.167007,183.171997,182.796005,182.955002
2026-09-03T04:00:00Z,182.957001,183.061996,182.707001,182.830002
2026-09-03T05:00:00Z,182.834000,182.936996,182.546005,182.548996
2026-09-03T06:00:00Z,182.548996,182.589996,182.225998,182.332001
2026-09-03T07:00:00Z,182.332001,182.578003,181.565994,182.225998
2026-09-03T08:00:00Z,182.229004,182.319000,181.744995,181.904999
2026-09-03T09:00:00Z,181.906006,182.080002,181.274994,181.535004
2026-09-03T10:00:00Z,181.533997,181.533997,181.233994,181.380997
2026-09-03T11:00:00Z,181.382996,181.423996,180.973999,181.259003
2026-09-03T12:00:00Z,181.259003,181.320999,180.658997,180.850006
2026-09-03T13:00:00Z,180.848007,181.009995,180.634995,180.658997
2026-09-03T14:00:00Z,180.639008,180.934006,180.542999,180.567001
2026-09-03T15:00:00Z,180.567001,181.007996,180.518005,180.602997
2026-09-03T16:00:00Z,180.602005,180.834000,180.561996,180.781006
2026-09-03T17:00:00Z,180.781006,180.923996,180.781006,180.845993
2026-09-03T18:00:00Z,180.847000,180.985992,180.779007,180.910004
2026-09-03T19:00:00Z,180.904999,181.179001,180.903000,181.113998
2026-09-03T20:00:00Z,181.113007,181.156998,181.074005,181.117996
2026-09-03T21:00:00Z,181.072006,181.274002,180.945999,181.171005
2026-09-03T22:00:00Z,181.156006,181.468994,181.108994,181.451004
2026-09-03T23:00:00Z,181.451004,181.503006,180.964005,180.973007
2026-09-04T00:00:00Z,180.977005,181.306000,180.600998,181.117004
2026-09-04T01:00:00Z,181.115997,181.483994,181.033997,181.255997
2026-09-04T02:00:00Z,181.255997,181.490005,181.201996,181.460999
2026-09-04T03:00:00Z,181.460999,181.826004,181.438004,181.738007
2026-09-04T04:00:00Z,181.737000,181.845993,181.669006,181.744995
2026-09-04T05:00:00Z,181.744003,181.832993,181.660995,181.779007
2026-09-04T06:00:00Z,181.781998,181.942001,181.488007,181.699005
2026-09-04T07:00:00Z,181.695999,181.850998,181.600998,181.658997
2026-09-04T08:00:00Z,181.664001,181.856003,181.645004,181.826996
2026-09-04T09:00:00Z,181.820007,181.957993,181.669006,181.783005
2026-09-04T10:00:00Z,181.781006,181.792999,181.582001,181.662003
2026-09-04T11:00:00Z,181.658997,181.707001,181.503006,181.582993
2026-09-04T12:00:00Z,181.582001,181.634995,180.214996,180.615005
2026-09-04T13:00:00Z,180.625000,181.091995,180.604996,180.932999
2026-09-04T14:00:00Z,180.936996,181.419006,180.921005,181.335007
2026-09-04T15:00:00Z,181.334000,181.399994,181.227997,181.362000
2026-09-04T16:00:00Z,181.363007,181.419998,181.253998,181.279999
2026-09-04T17:00:00Z,181.294998,181.419006,181.248001,181.315002
2026-09-04T18:00:00Z,181.313995,181.431000,181.292007,181.384995
2026-09-04T19:00:00Z,181.384995,181.475006,181.382004,181.455994
2026-09-04T20:00:00Z,181.457001,181.490005,181.279999,181.447006
2026-09-04T21:00:00Z,181.462006,181.462006,181.462006,181.462006
2026-09-06T23:00:00Z,181.414993,181.449005,181.304001,181.397995
2026-09-07T00:00:00Z,181.397003,181.455994,181.024002,181.110001
2026-09-07T01:00:00Z,181.106995,181.326996,181.067001,181.207993
2026-09-07T02:00:00Z,181.209000,181.376999,181.177002,181.319000
2026-09-07T03:00:00Z,181.319000,181.345993,181.177994,181.195999
2026-09-07T04:00:00Z,181.197006,181.319000,181.169998,181.184998
2026-09-07T05:00:00Z,181.181000,181.225006,180.929001,180.940994
2026-09-07T06:00:00Z,180.942993,181.035004,180.686996,181.029007
2026-09-07T07:00:00Z,181.033005,181.063004,180.763000,180.798004
2026-09-07T08:00:00Z,180.800003,180.822998,179.220001,179.490997
2026-09-07T09:00:00Z,179.494003,179.610992,179.259995,179.533005
2026-09-07T10:00:00Z,179.529999,179.886993,179.522003,179.768005
2026-09-07T11:00:00Z,179.768005,179.891998,179.703995,179.835999
2026-09-07T12:00:00Z,179.835999,179.897995,179.354996,179.587997
2026-09-07T13:00:00Z,179.587997,179.744995,179.455994,179.675003
2026-09-07T14:00:00Z,179.681000,179.815002,179.436996,179.447998
2026-09-07T15:00:00Z,179.449005,179.567993,179.376999,179.518005
2026-09-07T16:00:00Z,179.516006,179.542007,179.410004,179.421997
2026-09-07T17:00:00Z,179.414993,179.470001,179.395996,179.436996
2026-09-07T18:00:00Z,179.440002,179.447998,179.393997,179.395996
2026-09-07T19:00:00Z,179.395996,179.431000,179.376007,179.389999
2026-09-07T20:00:00Z,179.389999,179.425003,179.291000,179.369003
2026-09-07T21:00:00Z,179.330002,179.511002,179.205994,179.373993
2026-09-07T22:00:00Z,179.367004,179.436005,179.207001,179.223007
2026-09-07T23:00:00Z,179.214005,179.220001,178.834000,178.860001
2026-09-08T00:00:00Z,178.863007,178.932007,178.513000,178.800003
2026-09-08T01:00:00Z,178.804001,178.815002,178.393997,178.399994
2026-09-08T02:00:00Z,178.395996,178.410004,177.843994,178.246994
2026-09-08T03:00:00Z,178.242996,178.263000,178.020996,178.229004
2026-09-08T04:00:00Z,178.229004,178.522003,178.130005,178.399002
2026-09-08T05:00:00Z,178.397995,178.537994,178.197006,178.320007
2026-09-08T06:00:00Z,178.328003,178.880997,178.306000,178.695999
2026-09-08T07:00:00Z,178.697006,178.876999,178.548996,178.600998
2026-09-08T08:00:00Z,178.602005,179.136002,178.535995,178.992996
2026-09-08T09:00:00Z,179.001007,179.022995,178.636002,178.746002
2026-09-08T10:00:00Z,178.746994,179.132004,178.744003,179.112000
2026-09-08T11:00:00Z,179.113007,179.283005,179.080994,179.151993
2026-09-08T12:00:00Z,179.149002,179.214996,178.688995,178.718994
2026-09-08T13:00:00Z,178.710007,178.914001,178.632004,178.759003
2026-09-08T14:00:00Z,178.753006,179.147995,178.746994,179.115005
2026-09-08T15:00:00Z,179.119995,179.393005,179.115005,179.324005
2026-09-08T16:00:00Z,179.324997,179.419006,179.278000,179.319000
2026-09-08T17:00:00Z,179.307007,179.382004,179.281998,179.296005
2026-09-08T18:00:00Z,179.294998,179.470993,178.440994,178.604004
2026-09-08T19:00:00Z,178.625000,178.998001,178.615997,178.975006
2026-09-08T20:00:00Z,178.973999,179.009003,178.914001,178.957993
2026-09-08T21:00:00Z,178.845993,179.054993,178.690002,178.886993
2026-09-08T22:00:00Z,178.845001,178.977005,178.610001,178.733994
2026-09-08T23:00:00Z,178.718002,178.723007,178.393997,178.421997
2026-09-09T00:00:00Z,178.421997,178.798996,178.253006,178.632004
2026-09-09T01:00:00Z,178.632996,178.871994,178.585007,178.595001
2026-09-09T02:00:00Z,178.595001,178.727005,178.488007,178.542007
2026-09-09T03:00:00Z,178.542999,178.634003,178.354004,178.457001
2026-09-09T04:00:00Z,178.453995,178.528000,178.322998,178.520004
2026-09-09T05:00:00Z,178.509003,178.528000,178.279999,178.343002
2026-09-09T06:00:00Z,178.341003,178.516998,178.054001,178.460999
2026-09-09T07:00:00Z,178.462006,178.498001,178.235992,178.259995
2026-09-09T08:00:00Z,178.259003,178.815994,178.257004,178.744003
2026-09-09T09:00:00Z,178.738998,178.750000,178.416000,178.587997
2026-09-09T10:00:00Z,178.587006,178.697006,178.501999,178.585999
2026-09-09T11:00:00Z,178.585999,178.630005,178.399994,178.442001
2026-09-09T12:00:00Z,178.442001,178.735992,178.440002,178.574997
2026-09-09T13:00:00Z,178.572006,178.695999,178.490997,178.535004
2026-09-09T14:00:00Z,178.533997,178.576004,178.369003,178.449997
2026-09-09T15:00:00Z,178.455994,178.766998,178.317993,178.516998
2026-09-09T16:00:00Z,178.516998,178.707001,178.477997,178.695007
2026-09-09T17:00:00Z,178.695007,178.725006,178.600006,178.608002
2026-09-09T18:00:00Z,178.606995,178.699005,178.548996,178.621994
2026-09-09T19:00:00Z,178.621994,178.733994,178.604996,178.692993
2026-09-09T20:00:00Z,178.692001,178.714996,178.529007,178.561996
2026-09-09T21:00:00Z,178.602997,178.772003,178.244995,178.578003
2026-09-09T22:00:00Z,178.617996,178.654007,178.432007,178.447006
2026-09-09T23:00:00Z,178.457993,178.695999,178.412994,178.619003
2026-09-10T00:00:00Z,178.623993,178.796997,178.557999,178.770004
2026-09-10T01:00:00Z,178.776001,178.835007,178.585999,178.585999
2026-09-10T02:00:00Z,178.587997,178.695999,178.432999,178.570007
2026-09-10T03:00:00Z,178.572006,178.613007,178.483994,178.514008
2026-09-10T04:00:00Z,178.514008,178.593994,178.436005,178.589005
2026-09-10T05:00:00Z,178.585999,178.839005,178.546005,178.789993
2026-09-10T06:00:00Z,178.792007,178.800995,178.567001,178.580002
2026-09-10T07:00:00Z,178.578003,178.705002,178.488998,178.544998
2026-09-10T08:00:00Z,178.548004,178.843994,178.539993,178.785004
2026-09-10T09:00:00Z,178.787994,178.903000,178.714005,178.820999
2026-09-10T10:00:00Z,178.820999,179.218002,178.785995,179.153000
2026-09-10T11:00:00Z,179.151993,179.231003,179.059998,179.080994
2026-09-10T12:00:00Z,179.084000,179.477997,179.003998,179.117004
2026-09-10T13:00:00Z,179.112000,179.125000,178.858994,178.862000
2026-09-10T14:00:00Z,178.867996,179.143005,178.746002,178.962997
2026-09-10T15:00:00Z,178.962006,179.197006,178.917999,179.139999
2026-09-10T16:00:00Z,179.143005,179.412994,179.119995,179.255005
2026-09-10T17:00:00Z,179.255005,179.332001,179.227005,179.233994
2026-09-10T18:00:00Z,179.233994,179.315994,179.203995,179.218002
2026-09-10T19:00:00Z,179.218994,179.251007,179.175995,179.188995
2026-09-10T20:00:00Z,179.186996,179.373993,179.171005,179.304001
2026-09-10T21:00:00Z,179.255997,179.350998,178.944000,179.164993
2026-09-10T22:00:00Z,179.212006,179.384995,179.166000,179.251007
2026-09-10T23:00:00Z,179.222000,179.490997,179.222000,179.343002
2026-09-11T00:00:00Z,179.348007,179.537994,179.218002,179.451004
2026-09-11T01:00:00Z,179.449997,179.481003,179.128006,179.231995
2026-09-11T02:00:00Z,179.229996,179.343002,179.175995,179.197998
2026-09-11T03:00:00Z,179.195007,179.253006,179.095993,179.126007
2026-09-11T04:00:00Z,179.123001,179.201996,179.039001,179.106003
2026-09-11T05:00:00Z,179.106003,179.138000,178.794998,178.856995
2026-09-11T06:00:00Z,178.858002,179.033997,178.791000,178.992004
2026-09-11T07:00:00Z,178.990997,179.041000,178.845993,178.981995
2026-09-11T08:00:00Z,178.979004,179.117004,178.692001,178.744003
2026-09-11T09:00:00Z,178.744003,178.869995,178.634003,178.688995
2026-09-11T10:00:00Z,178.690994,178.742004,178.455002,178.481003
2026-09-11T11:00:00Z,178.481003,178.612000,178.397995,178.535995
2026-09-11T12:00:00Z,178.535995,178.757996,178.011993,178.054001
2026-09-11T13:00:00Z,178.061005,178.240997,177.880005,178.160995
2026-09-11T14:00:00Z,178.156006,178.371994,178.132996,178.250000
2026-09-11T15:00:00Z,178.248993,178.360001,178.158997,178.350998
2026-09-11T16:00:00Z,178.354004,178.380997,178.251007,178.298996
2026-09-11T17:00:00Z,178.296997,178.315002,178.218994,178.261002
2026-09-11T18:00:00Z,178.257004,178.291000,178.192993,178.246002
2026-09-11T19:00:00Z,178.246002,178.289993,178.207001,178.207993
2026-09-11T20:00:00Z,178.214005,178.255005,177.839996,178.087997
2026-09-11T21:00:00Z,178.141998,178.141998,178.141998,178.141998
2026-09-13T23:00:00Z,178.126999,178.167999,177.847000,177.858002
2026-09-14T00:00:00Z,177.865997,178.149002,177.839996,178.042007
2026-09-14T01:00:00Z,178.044006,178.242004,178.013000,178.113998
2026-09-14T02:00:00Z,178.117996,178.468994,178.113007,178.380997
2026-09-14T03:00:00Z,178.380997,178.417999,178.233002,178.246002
2026-09-14T04:00:00Z,178.242004,178.253998,178.042999,178.132004
2026-09-14T05:00:00Z,178.132004,178.278000,178.059998,178.203995
2026-09-14T06:00:00Z,178.199997,178.348007,178.057999,178.220993
2026-09-14T07:00:00Z,178.223999,178.395996,178.164993,178.235001
2026-09-14T08:00:00Z,178.235001,178.404999,178.156998,178.320007
2026-09-14T09:00:00Z,178.322006,178.406006,178.235992,178.378006
2026-09-14T10:00:00Z,178.378006,178.546005,178.358002,178.371002
2026-09-14T11:00:00Z,178.373001,178.544998,178.345001,178.501007
2026-09-14T12:00:00Z,178.503998,178.608994,178.429001,178.587006
2026-09-14T13:00:00Z,178.585999,178.669998,178.501007,178.539993
2026-09-14T14:00:00Z,178.542007,178.617004,178.432007,178.492996
2026-09-14T15:00:00Z,178.492996,178.518005,178.251007,178.324997
2026-09-14T16:00:00Z,178.322998,178.485992,178.246002,178.391998
2026-09-14T17:00:00Z,178.391006,178.477997,178.378998,178.423004
2026-09-14T18:00:00Z,178.423004,178.436005,177.949997,178.005997
2026-09-14T19:00:00Z,178.003006,178.250000,178.003006,178.233994
2026-09-14T20:00:00Z,178.233002,178.315002,178.175995,178.177002
2026-09-14T21:00:00Z,178.194000,178.304993,178.018005,178.201996
2026-09-14T22:00:00Z,178.229004,178.283997,178.117996,178.190002
2026-09-14T23:00:00Z,178.197006,178.341003,178.128006,178.315002
2026-09-15T00:00:00Z,178.317993,178.541000,178.294998,178.539001
2026-09-15T01:00:00Z,178.535004,178.574997,178.455994,178.546005
2026-09-15T02:00:00Z,178.546005,178.682999,178.526001,178.634995
2026-09-15T03:00:00Z,178.630005,178.634995,178.408005,178.421005
2026-09-15T04:00:00Z,178.425995,178.516998,178.399002,178.513000
2026-09-15T05:00:00Z,178.509995,178.684998,178.434006,178.572006
2026-09-15T06:00:00Z,178.574005,178.707001,178.373001,178.667999
2026-09-15T07:00:00Z,178.669006,178.768005,178.569000,178.740005
2026-09-15T08:00:00Z,178.740005,179.074005,178.608002,178.744995
2026-09-15T09:00:00Z,178.746994,178.830002,178.677002,178.725998
2026-09-15T10:00:00Z,178.725998,178.729004,178.544998,178.619995
2026-09-15T11:00:00Z,178.613998,178.746002,178.537003,178.740005
2026-09-15T12:00:00Z,178.738998,178.973007,178.731995,178.929001
2026-09-15T13:00:00Z,178.931000,179.074997,178.839005,178.990005
2026-09-15T14:00:00Z,178.992004,179.029999,178.837997,179.011002
2026-09-15T15:00:00Z,179.011993,179.117004,178.899994,179.014999
2026-09-15T16:00:00Z,179.013000,179.044006,178.934006,178.990005
2026-09-15T17:00:00Z,178.988998,179.050995,178.953003,179.016006
2026-09-15T18:00:00Z,179.018005,179.057007,179.001007,179.011993
2026-09-15T19:00:00Z,179.011993,179.039001,178.975998,179.024994
2026-09-15T20:00:00Z,179.029007,179.031998,178.955002,178.985992
2026-09-15T21:00:00Z,178.962997,179.020996,178.479004,178.953995
2026-09-15T22:00:00Z,178.983994,179.050003,178.884995,178.966003
2026-09-15T23:00:00Z,178.975998,179.276993,178.972000,179.141998
2026-09-16T00:00:00Z,179.130997,179.266006,179.007004,179.212006
2026-09-16T01:00:00Z,179.216003,179.307007,179.134003,179.237000
2026-09-16T02:00:00Z,179.235001,179.268005,179.143997,179.184006
2026-09-16T03:00:00Z,179.186005,179.347000,179.164001,179.322998
2026-09-16T04:00:00Z,179.317993,179.332001,179.278000,179.287003
2026-09-16T05:00:00Z,179.285004,179.326004,179.195999,179.231995
2026-09-16T06:00:00Z,179.233994,179.240997,178.942001,178.947998
2026-09-16T07:00:00Z,178.949005,179.069000,178.880005,178.960007
2026-09-16T08:00:00Z,178.962006,179.037994,178.914001,178.983994
2026-09-16T09:00:00Z,178.987000,179.044006,178.927002,179.003006
2026-09-16T10:00:00Z,179.003006,179.022995,178.938004,178.945999
2026-09-16T11:00:00Z,178.942993,178.966003,178.792007,178.828995
2026-09-16T12:00:00Z,178.828995,179.076996,178.824005,179.050003
2026-09-16T13:00:00Z,179.059998,179.151993,179.014999,179.070007
2026-09-16T14:00:00Z,179.070999,179.106003,178.934006,178.945999
2026-09-16T15:00:00Z,178.944000,178.970001,178.850006,178.927994
2026-09-16T16:00:00Z,178.927002,179.093002,178.884003,178.916000
2026-09-16T17:00:00Z,178.917007,178.947006,178.582001,178.582001
2026-09-16T18:00:00Z,178.834000,178.966995,178.595993,178.845993
2026-09-16T19:00:00Z,178.847000,179.162003,178.826004,179.147003
2026-09-16T20:00:00Z,179.147003,179.296997,179.102997,179.119003
2026-09-16T21:00:00Z,179.117996,179.195007,178.837997,179.084000
2026-09-16T22:00:00Z,179.085999,179.216995,179.074005,179.167999
2026-09-16T23:00:00Z,179.184006,179.210007,178.953003,178.975998
2026-09-17T00:00:00Z,178.973007,179.029999,178.828003,179.003006
2026-09-17T01:00:00Z,179.018005,179.067993,178.848999,178.960999
2026-09-17T02:00:00Z,178.962006,179.067993,178.929993,178.977005
2026-09-17T03:00:00Z,178.973999,178.996002,178.841003,178.934006
2026-09-17T04:00:00Z,178.931000,178.964996,178.876007,178.921005
2026-09-17T05:00:00Z,178.923996,178.929001,178.488998,178.554993
2026-09-17T06:00:00Z,178.556000,178.735001,178.468002,178.688004
2026-09-17T07:00:00Z,178.686996,178.787994,178.580994,178.636993
2026-09-17T08:00:00Z,178.632996,178.798996,178.606995,178.720001
2026-09-17T09:00:00Z,178.718994,178.774002,178.516998,178.695007
2026-09-17T10:00:00Z,178.695007,178.746002,178.570007,178.673004
2026-09-17T11:00:00Z,178.675003,178.865005,178.600006,178.863998
2026-09-17T12:00:00Z,178.860992,178.910004,178.496002,178.802002
2026-09-17T13:00:00Z,178.800995,178.979004,178.781006,178.863007
2026-09-17T14:00:00Z,178.863998,179.000000,178.841995,178.897995
2026-09-17T15:00:00Z,178.897003,178.936005,178.834000,178.904999
2026-09-17T16:00:00Z,178.906998,179.115997,178.858994,179.108002
2026-09-17T17:00:00Z,179.106003,179.145004,179.013000,179.059998
2026-09-17T18:00:00Z,179.059998,179.091995,179.035004,179.065994
2026-09-17T19:00:00Z,179.065002,179.089996,179.007996,179.067993
2026-09-17T20:00:00Z,179.067001,179.078003,178.893005,178.979996
2026-09-17T21:00:00Z,178.942001,179.067001,178.841995,178.973007
2026-09-17T22:00:00Z,179.014999,179.089005,178.951004,179.018005
2026-09-17T23:00:00Z,179.014008,179.227005,178.932007,179.214005
2026-09-18T00:00:00Z,179.218002,179.391998,179.186996,179.300995
2026-09-18T01:00:00Z,179.300003,179.455002,179.285995,179.393005
2026-09-18T02:00:00Z,179.393005,180.052994,179.248001,179.841995
2026-09-18T03:00:00Z,179.839005,180.516006,179.737000,180.449997
2026-09-18T04:00:00Z,180.445007,180.561996,180.298004,180.513000
2026-09-18T05:00:00Z,180.511993,180.671997,180.365997,180.449997
2026-09-18T06:00:00Z,180.447006,180.643005,179.740997,180.167999
2026-09-18T07:00:00Z,180.160004,180.951004,180.024994,180.914001
2026-09-18T08:00:00Z,180.912994,181.285004,180.906006,181.210007
2026-09-18T09:00:00Z,181.210999,181.546005,180.994003,181.399994
2026-09-18T10:00:00Z,181.399994,181.451996,180.992004,181.026001
2026-09-18T11:00:00Z,181.026001,181.151993,180.787003,180.904007
2026-09-18T12:00:00Z,180.906006,181.022995,180.850006,180.880005
2026-09-18T13:00:00Z,180.882004,181.018005,180.791000,180.912003
2026-09-18T14:00:00Z,180.889008,180.994995,179.973007,180.473999
2026-09-18T15:00:00Z,180.473999,180.535004,179.768997,179.852005
2026-09-18T16:00:00Z,179.854996,179.990997,179.742004,179.919998
2026-09-18T17:00:00Z,179.917007,180.005997,179.820999,179.891006
2026-09-18T18:00:00Z,179.891998,180.046005,179.869003,179.940994
2026-09-18T19:00:00Z,179.942001,180.089996,179.904999,180.044998
2026-09-18T20:00:00Z,180.041000,180.238007,179.970001,180.190002
2026-09-18T21:00:00Z,180.158005,180.158005,180.158005,180.158005
2026-09-20T23:00:00Z,180.322998,180.363998,180.141998,180.212006
2026-09-21T00:00:00Z,180.210999,180.276993,179.957993,180.104004
2026-09-21T01:00:00Z,180.102005,180.158997,179.839996,179.968994
2026-09-21T02:00:00Z,179.970001,180.117996,179.953003,180.070999
2026-09-21T03:00:00Z,180.067993,180.139999,180.054993,180.110001
2026-09-21T04:00:00Z,180.110992,180.264008,180.106995,180.184006
2026-09-21T05:00:00Z,180.184006,180.283005,180.151993,180.205994
2026-09-21T06:00:00Z,180.201996,180.283005,180.138000,180.242004
2026-09-21T07:00:00Z,180.240997,180.505997,180.222000,180.494003
2026-09-21T08:00:00Z,180.494995,180.574997,180.376999,180.529007
2026-09-21T09:00:00Z,180.531998,180.584000,180.429001,180.537003
2026-09-21T10:00:00Z,180.535995,180.576004,180.472000,180.572998
2026-09-21T11:00:00Z,180.572998,180.654999,180.539993,180.643997
2026-09-21T12:00:00Z,180.643005,180.802002,180.630997,180.723999
2026-09-21T13:00:00Z,180.723999,180.731003,180.559998,180.621002
2026-09-21T14:00:00Z,180.619995,180.746002,180.511993,180.654007
2026-09-21T15:00:00Z,180.656006,180.694000,180.559998,180.617004
2026-09-21T16:00:00Z,180.615997,180.619995,180.483994,180.563004
2026-09-21T17:00:00Z,180.565002,180.604996,180.535995,180.567993
2026-09-21T18:00:00Z,180.567993,180.621994,180.472000,180.518997
2026-09-21T19:00:00Z,180.520004,180.584000,180.451996,180.485992
2026-09-21T20:00:00Z,180.483002,180.501999,180.313004,180.348999
2026-09-21T21:00:00Z,180.376007,180.436005,180.138000,180.315002
2026-09-21T22:00:00Z,180.317993,180.481003,180.317993,180.356995
2026-09-21T23:00:00Z,180.352997,180.442001,180.335007,180.408997
2026-09-22T00:00:00Z,180.408997,180.501999,180.373001,180.492996
2026-09-22T01:00:00Z,180.492996,180.636002,180.477997,180.582001
2026-09-22T02:00:00Z,180.576996,180.649994,180.557007,180.639999
2026-09-22T03:00:00Z,180.639008,180.707001,180.608994,180.697006
2026-09-22T04:00:00Z,180.692993,180.763000,180.684006,180.738007
2026-09-22T05:00:00Z,180.738007,180.751999,180.626999,180.632996
2026-09-22T06:00:00Z,180.632996,180.729996,180.598007,180.701996
2026-09-22T07:00:00Z,180.701004,180.822006,180.548996,180.559998
2026-09-22T08:00:00Z,180.559006,180.565002,179.748001,180.078003
2026-09-22T09:00:00Z,180.076996,180.149002,179.867996,179.897003
2026-09-22T10:00:00Z,179.897995,180.098007,179.867004,180.046997
2026-09-22T11:00:00Z,180.048004,180.195999,180.046005,180.147995
2026-09-22T12:00:00Z,180.147003,180.270004,180.117004,180.210007
2026-09-22T13:00:00Z,180.210007,180.227005,180.097000,180.141006
2026-09-22T14:00:00Z,180.139008,180.177002,179.942001,179.968994
2026-09-22T15:00:00Z,179.966995,180.117996,179.944000,180.108994
2026-09-22T16:00:00Z,180.106995,180.186005,180.089005,180.093002
2026-09-22T17:00:00Z,180.089005,180.134995,180.031006,180.072998
2026-09-22T18:00:00Z,180.076004,180.223007,180.018005,180.210999
2026-09-22T19:00:00Z,180.210999,180.227997,180.084000,180.210007
2026-09-22T20:00:00Z,180.210007,180.250000,180.134995,180.136993
2026-09-22T21:00:00Z,180.167007,180.240997,179.944000,180.100006
2026-09-22T22:00:00Z,180.139008,180.270004,180.076996,180.242004
2026-09-22T23:00:00Z,180.223999,180.289993,180.216003,180.255997
2026-09-23T00:00:00Z,180.253998,180.371994,180.233994,180.367996
2026-09-23T01:00:00Z,180.367996,180.380997,180.238998,180.253006
2026-09-23T02:00:00Z,180.253006,180.283005,180.212997,180.227005
2026-09-23T03:00:00Z,180.227005,180.253006,180.136002,180.164001
2026-09-23T04:00:00Z,180.164001,180.177994,180.016998,180.072998
2026-09-23T05:00:00Z,180.072998,180.173996,180.069000,180.126999
2026-09-23T06:00:00Z,180.123993,180.203995,180.102005,180.154007
2026-09-23T07:00:00Z,180.154007,180.347000,180.108002,180.132004
2026-09-23T08:00:00Z,180.130997,180.261002,180.065994,180.255005
2026-09-23T09:00:00Z,180.253998,180.278000,180.056000,180.063995
2026-09-23T10:00:00Z,180.063004,180.182007,180.020004,180.177002
2026-09-23T11:00:00Z,180.175995,180.289001,180.130005,180.207001
2026-09-23T12:00:00Z,180.207993,180.220001,180.059006,180.112000
2026-09-23T13:00:00Z,180.112000,180.371994,180.065994,180.339996
2026-09-23T14:00:00Z,180.339005,180.386993,180.220001,180.362000
2026-09-23T15:00:00Z,180.360992,180.417999,180.302994,180.352997
2026-09-23T16:00:00Z,180.352997,180.401993,180.147003,180.182999
2026-09-23T17:00:00Z,180.184006,180.223007,180.011993,180.190002
2026-09-23T18:00:00Z,180.188004,180.225006,180.164001,180.210999
2026-09-23T19:00:00Z,180.210999,180.292007,180.190002,180.268997
2026-09-23T20:00:00Z,180.268005,180.291000,180.154007,180.164001
2026-09-23T21:00:00Z,180.166000,180.279999,179.955994,180.097000
2026-09-23T22:00:00Z,180.097000,180.244995,180.080994,180.192001
2026-09-23T23:00:00Z,180.175003,180.244995,180.115997,180.123993
2026-09-24T00:00:00Z,180.128006,180.233994,179.550995,179.813995
2026-09-24T01:00:00Z,179.819000,179.871994,179.585007,179.591003
2026-09-24T02:00:00Z,179.591003,179.744995,179.498001,179.740997
2026-09-24T03:00:00Z,179.738998,179.878998,179.714005,179.794006
2026-09-24T04:00:00Z,179.798004,179.826996,179.686005,179.738007
2026-09-24T05:00:00Z,179.735992,180.076004,179.686005,179.992996
2026-09-24T06:00:00Z,179.992004,180.449997,179.985992,180.389008
2026-09-24T07:00:00Z,180.389999,180.455994,180.098007,180.237000
2026-09-24T08:00:00Z,180.238007,180.432007,180.218994,180.371994
2026-09-24T09:00:00Z,180.373993,180.613998,180.371994,180.565002
2026-09-24T10:00:00Z,180.563004,180.604996,180.403000,180.542007
