time,open,high,low,close
2025-09-24T06:00:00Z,1.180359,1.180638,1.179106,1.179245
2025-09-24T07:00:00Z,1.179523,1.179663,1.178828,1.179245
2025-09-24T08:00:00Z,1.178689,1.178828,1.177024,1.177579
2025-09-24T09:00:00Z,1.177718,1.177856,1.176609,1.177163
2025-09-24T10:00:00Z,1.177163,1.177302,1.175503,1.175503
2025-09-24T11:00:00Z,1.175503,1.175779,1.175088,1.175364
2025-09-24T12:00:00Z,1.175364,1.176055,1.174398,1.174674
2025-09-24T13:00:00Z,1.174674,1.174674,1.173434,1.174260
2025-09-24T14:00:00Z,1.173709,1.174950,1.173158,1.174674
2025-09-24T15:00:00Z,1.174674,1.174812,1.174122,1.174398
2025-09-24T16:00:00Z,1.174398,1.174674,1.173434,1.173709
2025-09-24T17:00:00Z,1.173571,1.174398,1.173571,1.174122
2025-09-24T18:00:00Z,1.174260,1.174260,1.173709,1.173985
2025-09-24T19:00:00Z,1.173847,1.174260,1.173571,1.174122
2025-09-24T20:00:00Z,1.174260,1.174260,1.173847,1.174122
2025-09-24T21:00:00Z,1.173709,1.174812,1.173709,1.174398
2025-09-24T22:00:00Z,1.174260,1.174812,1.174260,1.174812
2025-09-24T23:00:00Z,1.174812,1.174950,1.174536,1.174536
2025-09-25T00:00:00Z,1.174536,1.175088,1.174398,1.175088
2025-09-25T01:00:00Z,1.175226,1.175226,1.174398,1.174812
2025-09-25T02:00:00Z,1.174950,1.175503,1.174674,1.175364
2025-09-25T03:00:00Z,1.175226,1.175779,1.175088,1.175641
2025-09-25T04:00:00Z,1.175641,1.175641,1.175226,1.175503
2025-09-25T05:00:00Z,1.175503,1.175503,1.174398,1.174536
2025-09-25T06:00:00Z,1.174398,1.175503,1.174260,1.175088
2025-09-25T07:00:00Z,1.174812,1.175088,1.173571,1.173709
2025-09-25T08:00:00Z,1.173709,1.174812,1.173434,1.174536
2025-09-25T09:00:00Z,1.174674,1.175503,1.174398,1.174950
2025-09-25T10:00:00Z,1.174950,1.175641,1.174950,1.175088
2025-09-25T11:00:00Z,1.174950,1.174950,1.173847,1.174398
2025-09-25T12:00:00Z,1.174398,1.174674,1.169317,1.170275
2025-09-25T13:00:00Z,1.170138,1.171372,1.168770,1.169044
2025-09-25T14:00:00Z,1.168634,1.169727,1.167815,1.167951
2025-09-25T15:00:00Z,1.167815,1.168361,1.167133,1.167679
2025-09-25T16:00:00Z,1.167679,1.168634,1.167270,1.167406
2025-09-25T17:00:00Z,1.167542,1.167542,1.165637,1.166181
2025-09-25T18:00:00Z,1.166181,1.166181,1.165094,1.165501
2025-09-25T19:00:00Z,1.165637,1.166589,1.165637,1.166453
2025-09-25T20:00:00Z,1.166453,1.167270,1.166317,1.166997
2025-09-25T21:00:00Z,1.166997,1.167133,1.166453,1.166453
2025-09-25T22:00:00Z,1.166861,1.167133,1.166725,1.167133
2025-09-25T23:00:00Z,1.167133,1.167133,1.166317,1.166589
2025-09-26T00:00:00Z,1.166453,1.167406,1.166181,1.167406
2025-09-26T01:00:00Z,1.167542,1.167679,1.166997,1.167133
2025-09-26T02:00:00Z,1.167133,1.168224,1.167133,1.168088
2025-09-26T03:00:00Z,1.167951,1.168224,1.167815,1.168088
2025-09-26T04:00:00Z,1.168088,1.168497,1.167815,1.168224
2025-09-26T05:00:00Z,1.168361,1.168497,1.167951,1.168088
2025-09-26T06:00:00Z,1.167951,1.168634,1.167542,1.168361
2025-09-26T07:00:00Z,1.168088,1.168634,1.167270,1.167679
2025-09-26T08:00:00Z,1.167542,1.169044,1.167542,1.168361
2025-09-26T09:00:00Z,1.168224,1.168770,1.167951,1.168224
2025-09-26T10:00:00Z,1.168088,1.168361,1.166589,1.166589
2025-09-26T11:00:00Z,1.166861,1.167815,1.166589,1.167133
2025-09-26T12:00:00Z,1.167270,1.168770,1.167270,1.168497
2025-09-26T13:00:00Z,1.169044,1.169591,1.168224,1.168770
2025-09-26T14:00:00Z,1.169044,1.170686,1.169044,1.169591
2025-09-26T15:00:00Z,1.169454,1.170275,1.169180,1.169454
2025-09-26T16:00:00Z,1.169454,1.170001,1.169180,1.169727
2025-09-26T17:00:00Z,1.169727,1.170412,1.169591,1.170275
2025-09-26T18:00:00Z,1.170275,1.170960,1.170001,1.170686
2025-09-26T19:00:00Z,1.170823,1.170960,1.170138,1.170960
2025-09-26T20:00:00Z,1.170960,1.170960,1.170275,1.170686
2025-09-26T21:00:00Z,1.170823,1.170823,1.170686,1.170823
2025-09-28T23:00:00Z,1.170823,1.171372,1.170686,1.170823
2025-09-29T00:00:00Z,1.171097,1.172608,1.171097,1.172470
2025-09-29T01:00:00Z,1.172470,1.172883,1.171783,1.172608
2025-09-29T02:00:00Z,1.172608,1.173158,1.172608,1.172883
2025-09-29T03:00:00Z,1.172883,1.173296,1.172883,1.172883
2025-09-29T04:00:00Z,1.172745,1.173571,1.172608,1.173020
2025-09-29T05:00:00Z,1.173158,1.173571,1.172745,1.173158
2025-09-29T06:00:00Z,1.172883,1.172883,1.172196,1.172333
2025-09-29T07:00:00Z,1.172333,1.173571,1.172196,1.173020
2025-09-29T08:00:00Z,1.172883,1.173020,1.171234,1.172745
2025-09-29T09:00:00Z,1.172883,1.172883,1.172058,1.172196
2025-09-29T10:00:00Z,1.172058,1.172470,1.171921,1.172333
2025-09-29T11:00:00Z,1.172333,1.173296,1.171372,1.173296
2025-09-29T12:00:00Z,1.173571,1.175503,1.172196,1.175364
2025-09-29T13:00:00Z,1.175364,1.175641,1.174122,1.174398
2025-09-29T14:00:00Z,1.174674,1.174674,1.173434,1.173434
2025-09-29T15:00:00Z,1.173296,1.173709,1.172745,1.173296
2025-09-29T16:00:00Z,1.173296,1.173571,1.172883,1.173296
2025-09-29T17:00:00Z,1.173434,1.173434,1.172470,1.172470
2025-09-29T18:00:00Z,1.172608,1.173571,1.172470,1.173571
2025-09-29T19:00:00Z,1.173434,1.173571,1.173020,1.173020
2025-09-29T20:00:00Z,1.173020,1.173020,1.172745,1.173020
2025-09-29T21:00:00Z,1.173158,1.173296,1.172745,1.173158
2025-09-29T22:00:00Z,1.173020,1.173158,1.172883,1.173020
2025-09-29T23:00:00Z,1.173158,1.173571,1.173158,1.173434
2025-09-30T00:00:00Z,1.173020,1.173571,1.171646,1.172333
2025-09-30T01:00:00Z,1.172608,1.172883,1.171783,1.171783
2025-09-30T02:00:00Z,1.171646,1.172745,1.171646,1.172608
2025-09-30T03:00:00Z,1.172470,1.173020,1.172333,1.172745
2025-09-30T04:00:00Z,1.172745,1.173158,1.172196,1.173158
2025-09-30T05:00:00Z,1.173434,1.173985,1.173158,1.173709
2025-09-30T06:00:00Z,1.173709,1.174674,1.173571,1.174260
2025-09-30T07:00:00Z,1.174122,1.175088,1.173985,1.174536
2025-09-30T08:00:00Z,1.174674,1.176194,1.174674,1.175917
2025-09-30T09:00:00Z,1.175917,1.176055,1.174950,1.175088
2025-09-30T10:00:00Z,1.175226,1.175364,1.174398,1.174812
2025-09-30T11:00:00Z,1.175226,1.175226,1.173985,1.174536
2025-09-30T12:00:00Z,1.174674,1.175088,1.173709,1.174122
2025-09-30T13:00:00Z,1.174122,1.174122,1.172058,1.173434
2025-09-30T14:00:00Z,1.173158,1.175364,1.173158,1.175364
2025-09-30T15:00:00Z,1.175226,1.175226,1.172883,1.173847
2025-09-30T16:00:00Z,1.173847,1.176194,1.173847,1.176055
2025-09-30T17:00:00Z,1.176055,1.176471,1.175088,1.175226
2025-09-30T18:00:00Z,1.175226,1.175226,1.173985,1.174536
2025-09-30T19:00:00Z,1.174122,1.174398,1.173985,1.174260
2025-09-30T20:00:00Z,1.174260,1.174260,1.173709,1.173709
2025-09-30T21:00:00Z,1.173434,1.174122,1.173434,1.173847
2025-09-30T22:00:00Z,1.173985,1.174536,1.173709,1.173709
2025-09-30T23:00:00Z,1.173709,1.174536,1.173709,1.173847
2025-10-01T00:00:00Z,1.173709,1.174122,1.173296,1.173985
2025-10-01T01:00:00Z,1.173985,1.174398,1.173434,1.174260
2025-10-01T02:00:00Z,1.174260,1.174260,1.173709,1.174122
2025-10-01T03:00:00Z,1.174122,1.174260,1.173709,1.174122
2025-10-01T04:00:00Z,1.174122,1.176194,1.174122,1.176194
2025-10-01T05:00:00Z,1.177024,1.177024,1.175641,1.175641
2025-10-01T06:00:00Z,1.175917,1.177579,1.175503,1.177163
2025-10-01T07:00:00Z,1.177579,1.178134,1.174536,1.175364
2025-10-01T08:00:00Z,1.175503,1.176886,1.175364,1.175364
2025-10-01T09:00:00Z,1.175364,1.175779,1.173571,1.173709
2025-10-01T10:00:00Z,1.173571,1.173571,1.172058,1.172883
2025-10-01T11:00:00Z,1.172883,1.174398,1.172883,1.173709
2025-10-01T12:00:00Z,1.173709,1.176886,1.172745,1.175226
2025-10-01T13:00:00Z,1.175226,1.176332,1.175226,1.175779
2025-10-01T14:00:00Z,1.176194,1.176332,1.173985,1.174950
2025-10-01T15:00:00Z,1.175088,1.175088,1.172608,1.172608
2025-10-01T16:00:00Z,1.172196,1.172883,1.171921,1.172608
2025-10-01T17:00:00Z,1.172745,1.173571,1.172745,1.172745
2025-10-01T18:00:00Z,1.172608,1.174536,1.172608,1.173847
2025-10-01T19:00:00Z,1.173985,1.173985,1.173296,1.173434
2025-10-01T20:00:00Z,1.173434,1.173434,1.173020,1.173434
2025-10-01T21:00:00Z,1.172333,1.173847,1.172196,1.173571
2025-10-01T22:00:00Z,1.173709,1.174122,1.173571,1.173709
2025-10-01T23:00:00Z,1.173847,1.173985,1.173571,1.173571
2025-10-02T00:00:00Z,1.173571,1.173709,1.172883,1.173296
2025-10-02T01:00:00Z,1.173296,1.174260,1.172745,1.174260
2025-10-02T02:00:00Z,1.174260,1.174536,1.174122,1.174122
2025-10-02T03:00:00Z,1.174122,1.174122,1.173571,1.173847
2025-10-02T04:00:00Z,1.173847,1.173985,1.173434,1.173709
2025-10-02T05:00:00Z,1.173985,1.173985,1.173296,1.173985
2025-10-02T06:00:00Z,1.174260,1.174674,1.173847,1.174674
2025-10-02T07:00:00Z,1.174674,1.176055,1.174674,1.175364
2025-10-02T08:00:00Z,1.175364,1.176055,1.174950,1.175779
2025-10-02T09:00:00Z,1.175641,1.176194,1.175503,1.175779
2025-10-02T10:00:00Z,1.175641,1.175641,1.175088,1.175641
2025-10-02T11:00:00Z,1.175641,1.175917,1.175088,1.175503
2025-10-02T12:00:00Z,1.175364,1.176194,1.173985,1.174122
2025-10-02T13:00:00Z,1.174122,1.174674,1.171921,1.172608
2025-10-02T14:00:00Z,1.172333,1.172333,1.170960,1.171646
2025-10-02T15:00:00Z,1.171509,1.171509,1.168770,1.170001
2025-10-02T16:00:00Z,1.170001,1.171783,1.170001,1.171783
2025-10-02T17:00:00Z,1.171921,1.172333,1.171646,1.171783
2025-10-02T18:00:00Z,1.171783,1.172470,1.171783,1.172470
2025-10-02T19:00:00Z,1.172608,1.172883,1.172058,1.172196
2025-10-02T20:00:00Z,1.172058,1.172745,1.171783,1.171921
2025-10-02T21:00:00Z,1.172745,1.172883,1.171646,1.172333
2025-10-02T22:00:00Z,1.172196,1.172333,1.172058,1.172196
2025-10-02T23:00:00Z,1.172333,1.172883,1.172333,1.172745
2025-10-03T00:00:00Z,1.172745,1.172745,1.172333,1.172745
2025-10-03T01:00:00Z,1.172883,1.173296,1.172058,1.173020
2025-10-03T02:00:00Z,1.173020,1.173158,1.172470,1.172883
2025-10-03T03:00:00Z,1.172745,1.173020,1.172333,1.173020
2025-10-03T04:00:00Z,1.173020,1.173158,1.172196,1.172196
2025-10-03T05:00:00Z,1.172058,1.172470,1.171921,1.172058
2025-10-03T06:00:00Z,1.172058,1.173158,1.172058,1.172333
2025-10-03T07:00:00Z,1.172608,1.173709,1.172470,1.173434
2025-10-03T08:00:00Z,1.173709,1.174812,1.173709,1.174398
2025-10-03T09:00:00Z,1.174260,1.174260,1.173571,1.174122
2025-10-03T10:00:00Z,1.174122,1.174398,1.173709,1.173985
2025-10-03T11:00:00Z,1.173985,1.174536,1.173571,1.173709
2025-10-03T12:00:00Z,1.173985,1.174398,1.173296,1.174398
2025-10-03T13:00:00Z,1.174260,1.174674,1.173709,1.174122
2025-10-03T14:00:00Z,1.174674,1.176194,1.173847,1.174536
2025-10-03T15:00:00Z,1.174398,1.175226,1.173985,1.174950
2025-10-03T16:00:00Z,1.174950,1.175088,1.174122,1.174260
2025-10-03T17:00:00Z,1.174122,1.174536,1.173571,1.173709
2025-10-03T18:00:00Z,1.173571,1.174398,1.173158,1.174260
2025-10-03T19:00:00Z,1.174398,1.174536,1.174122,1.174398
2025-10-03T20:00:00Z,1.174536,1.174812,1.174260,1.174536
2025-10-03T21:00:00Z,1.174398,1.174398,1.174398,1.174398
2025-10-05T23:00:00Z,1.171921,1.171921,1.171097,1.171509
2025-10-06T00:00:00Z,1.171509,1.172058,1.171372,1.171921
2025-10-06T01:00:00Z,1.171921,1.172745,1.171372,1.172745
2025-10-06T02:00:00Z,1.172745,1.173434,1.172745,1.173020
2025-10-06T03:00:00Z,1.173020,1.173296,1.172745,1.172745
2025-10-06T04:00:00Z,1.172883,1.173020,1.172333,1.172333
2025-10-06T05:00:00Z,1.172470,1.172883,1.171783,1.172058
2025-10-06T06:00:00Z,1.172196,1.172196,1.169454,1.169727
2025-10-06T07:00:00Z,1.169591,1.171372,1.166725,1.166725
2025-10-06T08:00:00Z,1.166589,1.168224,1.165637,1.167133
2025-10-06T09:00:00Z,1.166997,1.167270,1.166045,1.166861
2025-10-06T10:00:00Z,1.166997,1.166997,1.165637,1.166725
2025-10-06T11:00:00Z,1.166589,1.168224,1.166045,1.167815
2025-10-06T12:00:00Z,1.167815,1.169180,1.167815,1.169180
2025-10-06T13:00:00Z,1.169317,1.170686,1.168770,1.170412
2025-10-06T14:00:00Z,1.170275,1.172058,1.169864,1.172058
2025-10-06T15:00:00Z,1.172058,1.172196,1.170686,1.170960
2025-10-06T16:00:00Z,1.171234,1.171509,1.170686,1.171372
2025-10-06T17:00:00Z,1.171646,1.171921,1.171372,1.171372
2025-10-06T18:00:00Z,1.171372,1.171921,1.171372,1.171646
2025-10-06T19:00:00Z,1.171646,1.172058,1.171509,1.171509
2025-10-06T20:00:00Z,1.171372,1.171783,1.171234,1.171646
2025-10-06T21:00:00Z,1.171646,1.172058,1.171234,1.171509
2025-10-06T22:00:00Z,1.171646,1.171783,1.171234,1.171372
2025-10-06T23:00:00Z,1.171372,1.171783,1.171234,1.171372
2025-10-07T00:00:00Z,1.171234,1.171372,1.170823,1.171097
2025-10-07T01:00:00Z,1.171234,1.171234,1.170001,1.170001
2025-10-07T02:00:00Z,1.170138,1.170960,1.170138,1.170549
2025-10-07T03:00:00Z,1.170549,1.171097,1.170412,1.170686
2025-10-07T04:00:00Z,1.170686,1.171097,1.169864,1.170138
2025-10-07T05:00:00Z,1.170001,1.170275,1.169180,1.169591
2025-10-07T06:00:00Z,1.169317,1.169317,1.168634,1.168907
2025-10-07T07:00:00Z,1.169180,1.169180,1.167406,1.167951
2025-10-07T08:00:00Z,1.167951,1.168497,1.166861,1.166997
2025-10-07T09:00:00Z,1.166997,1.167406,1.166453,1.166725
2025-10-07T10:00:00Z,1.166997,1.167815,1.166725,1.167679
2025-10-07T11:00:00Z,1.167815,1.167815,1.165909,1.166589
2025-10-07T12:00:00Z,1.166725,1.166997,1.165909,1.166861
2025-10-07T13:00:00Z,1.166861,1.167406,1.166317,1.166453
2025-10-07T14:00:00Z,1.166181,1.166997,1.165773,1.166725
2025-10-07T15:00:00Z,1.166589,1.168224,1.166589,1.167679
2025-10-07T16:00:00Z,1.167679,1.168361,1.167542,1.167542
2025-10-07T17:00:00Z,1.167542,1.168224,1.167270,1.167270
2025-10-07T18:00:00Z,1.166997,1.166997,1.166045,1.166181
2025-10-07T19:00:00Z,1.166045,1.166045,1.165230,1.165365
2025-10-07T20:00:00Z,1.165365,1.166317,1.165230,1.166317
2025-10-07T21:00:00Z,1.165637,1.166453,1.165501,1.166045
2025-10-07T22:00:00Z,1.166317,1.166453,1.166181,1.166317
2025-10-07T23:00:00Z,1.166317,1.166317,1.165637,1.165637
2025-10-08T00:00:00Z,1.165501,1.165501,1.164958,1.165094
2025-10-08T01:00:00Z,1.164144,1.164687,1.162926,1.162926
2025-10-08T02:00:00Z,1.162926,1.163061,1.162115,1.162656
2025-10-08T03:00:00Z,1.162656,1.162791,1.162115,1.162791
2025-10-08T04:00:00Z,1.162791,1.162791,1.161980,1.162250
2025-10-08T05:00:00Z,1.162250,1.162250,1.161575,1.161980
2025-10-08T06:00:00Z,1.162115,1.162250,1.161170,1.161980
2025-10-08T07:00:00Z,1.162115,1.163738,1.161575,1.163467
2025-10-08T08:00:00Z,1.163332,1.163873,1.161575,1.161710
2025-10-08T09:00:00Z,1.161845,1.162250,1.161036,1.161305
2025-10-08T10:00:00Z,1.161440,1.163873,1.161440,1.163603
2025-10-08T11:00:00Z,1.163467,1.163738,1.162926,1.162926
2025-10-08T12:00:00Z,1.162926,1.164144,1.162791,1.163738
2025-10-08T13:00:00Z,1.163467,1.164687,1.163196,1.163738
2025-10-08T14:00:00Z,1.163196,1.164009,1.162520,1.162656
2025-10-08T15:00:00Z,1.162520,1.162520,1.160631,1.160901
2025-10-08T16:00:00Z,1.160901,1.160901,1.160227,1.160901
2025-10-08T17:00:00Z,1.160901,1.161305,1.160631,1.161036
2025-10-08T18:00:00Z,1.160901,1.162520,1.160362,1.162250
2025-10-08T19:00:00Z,1.162385,1.163061,1.162385,1.163061
2025-10-08T20:00:00Z,1.163196,1.163603,1.163061,1.163332
2025-10-08T21:00:00Z,1.163196,1.163873,1.162926,1.163332
2025-10-08T22:00:00Z,1.163738,1.163738,1.163332,1.163738
2025-10-08T23:00:00Z,1.163603,1.163738,1.163196,1.163332
2025-10-09T00:00:00Z,1.163332,1.164415,1.163332,1.164144
2025-10-09T01:00:00Z,1.164144,1.164822,1.164144,1.164280
2025-10-09T02:00:00Z,1.164280,1.165094,1.164280,1.164822
2025-10-09T03:00:00Z,1.164687,1.164958,1.164415,1.164822
2025-10-09T04:00:00Z,1.164822,1.165094,1.164551,1.164958
2025-10-09T05:00:00Z,1.164822,1.165094,1.164280,1.164280
2025-10-09T06:00:00Z,1.164144,1.164144,1.161575,1.161845
2025-10-09T07:00:00Z,1.161980,1.162656,1.161036,1.161440
2025-10-09T08:00:00Z,1.161440,1.161710,1.160766,1.161575
2025-10-09T09:00:00Z,1.161710,1.163061,1.161440,1.162791
2025-10-09T10:00:00Z,1.162926,1.162926,1.161710,1.162115
2025-10-09T11:00:00Z,1.162115,1.162520,1.161305,1.161575
2025-10-09T12:00:00Z,1.161710,1.161980,1.160901,1.161845
2025-10-09T13:00:00Z,1.161845,1.162250,1.159689,1.160497
2025-10-09T14:00:00Z,1.160362,1.160362,1.158078,1.158346
2025-10-09T15:00:00Z,1.158480,1.158480,1.155135,1.156069
2025-10-09T16:00:00Z,1.156337,1.156604,1.155668,1.156069
2025-10-09T17:00:00Z,1.156069,1.156872,1.155802,1.156337
2025-10-09T18:00:00Z,1.156337,1.156337,1.154868,1.155001
2025-10-09T19:00:00Z,1.155135,1.156470,1.155135,1.156337
2025-10-09T20:00:00Z,1.156337,1.157006,1.156337,1.156872
2025-10-09T21:00:00Z,1.156203,1.157407,1.155936,1.157006
2025-10-09T22:00:00Z,1.156872,1.157140,1.156604,1.156872
2025-10-09T23:00:00Z,1.156738,1.156872,1.156069,1.156872
2025-10-10T00:00:00Z,1.157006,1.157274,1.156470,1.157140
2025-10-10T01:00:00Z,1.157140,1.157407,1.156738,1.156738
2025-10-10T02:00:00Z,1.156604,1.157541,1.156604,1.157274
2025-10-10T03:00:00Z,1.157407,1.157675,1.157140,1.157675
2025-10-10T04:00:00Z,1.157675,1.157675,1.157140,1.157675
2025-10-10T05:00:00Z,1.157675,1.158078,1.157274,1.157274
2025-10-10T06:00:00Z,1.157274,1.157675,1.156470,1.157675
2025-10-10T07:00:00Z,1.157274,1.158212,1.156872,1.158212
2025-10-10T08:00:00Z,1.158078,1.159152,1.158078,1.158212
2025-10-10T09:00:00Z,1.158212,1.158346,1.157274,1.157809
2025-10-10T10:00:00Z,1.157675,1.158614,1.157541,1.157541
2025-10-10T11:00:00Z,1.157541,1.157809,1.156604,1.156604
2025-10-10T12:00:00Z,1.156738,1.157809,1.156337,1.157675
2025-10-10T13:00:00Z,1.157541,1.157675,1.156604,1.157274
2025-10-10T14:00:00Z,1.157140,1.158212,1.156872,1.158078
2025-10-10T15:00:00Z,1.158346,1.163332,1.158346,1.161440
2025-10-10T16:00:00Z,1.161980,1.162791,1.160766,1.160766
2025-10-10T17:00:00Z,1.160901,1.161170,1.160093,1.160631
2025-10-10T18:00:00Z,1.160497,1.161575,1.160362,1.161440
2025-10-10T19:00:00Z,1.160901,1.161845,1.160901,1.161575
2025-10-10T20:00:00Z,1.161575,1.163196,1.160901,1.163196
2025-10-10T21:00:00Z,1.163061,1.163061,1.163061,1.163061
2025-10-12T23:00:00Z,1.160631,1.161305,1.160497,1.160497
2025-10-13T00:00:00Z,1.160497,1.161845,1.160362,1.161845
2025-10-13T01:00:00Z,1.162250,1.162385,1.161440,1.162115
2025-10-13T02:00:00Z,1.162385,1.163061,1.162115,1.162250
2025-10-13T03:00:00Z,1.162250,1.162520,1.161980,1.162385
2025-10-13T04:00:00Z,1.162385,1.162791,1.162250,1.162250
2025-10-13T05:00:00Z,1.162385,1.162656,1.161710,1.161710
2025-10-13T06:00:00Z,1.161845,1.163332,1.161575,1.161710
2025-10-13T07:00:00Z,1.161845,1.161845,1.160362,1.160362
2025-10-13T08:00:00Z,1.160362,1.160631,1.158480,1.158883
2025-10-13T09:00:00Z,1.158883,1.160093,1.158883,1.159824
2025-10-13T10:00:00Z,1.159689,1.159824,1.158480,1.158614
2025-10-13T11:00:00Z,1.158749,1.159555,1.156872,1.157006
2025-10-13T12:00:00Z,1.157274,1.157943,1.156604,1.157140
2025-10-13T13:00:00Z,1.157140,1.157943,1.157006,1.157809
2025-10-13T14:00:00Z,1.157809,1.157809,1.156203,1.156337
2025-10-13T15:00:00Z,1.156470,1.157809,1.156470,1.157809
2025-10-13T16:00:00Z,1.157809,1.157943,1.157274,1.157809
2025-10-13T17:00:00Z,1.157809,1.158078,1.157407,1.157675
2025-10-13T18:00:00Z,1.157675,1.158078,1.157006,1.157140
2025-10-13T19:00:00Z,1.157274,1.157675,1.157006,1.157006
2025-10-13T20:00:00Z,1.157006,1.157407,1.156872,1.157407
2025-10-13T21:00:00Z,1.157274,1.158212,1.156872,1.157541
2025-10-13T22:00:00Z,1.157541,1.157675,1.157140,1.157140
2025-10-13T23:00:00Z,1.157140,1.157274,1.156738,1.156872
2025-10-14T00:00:00Z,1.157006,1.157006,1.155936,1.156470
2025-10-14T01:00:00Z,1.156604,1.157675,1.156470,1.157407
2025-10-14T02:00:00Z,1.157407,1.157943,1.157407,1.157809
2025-10-14T03:00:00Z,1.157675,1.158480,1.157541,1.158212
2025-10-14T04:00:00Z,1.158212,1.159555,1.158212,1.159555
2025-10-14T05:00:00Z,1.159420,1.159689,1.158614,1.158749
2025-10-14T06:00:00Z,1.159017,1.159286,1.156872,1.157407
2025-10-14T07:00:00Z,1.157541,1.157675,1.154734,1.155268
2025-10-14T08:00:00Z,1.155001,1.156337,1.155001,1.156069
2025-10-14T09:00:00Z,1.155668,1.156604,1.155668,1.155936
2025-10-14T10:00:00Z,1.155936,1.156203,1.155535,1.155535
2025-10-14T11:00:00Z,1.155402,1.156069,1.155001,1.155535
2025-10-14T12:00:00Z,1.155936,1.156738,1.155268,1.156069
2025-10-14T13:00:00Z,1.155936,1.158480,1.155802,1.157809
2025-10-14T14:00:00Z,1.157541,1.159824,1.157274,1.159689
2025-10-14T15:00:00Z,1.159824,1.161170,1.159017,1.161170
2025-10-14T16:00:00Z,1.161170,1.161845,1.160497,1.161305
2025-10-14T17:00:00Z,1.161305,1.161440,1.160631,1.161305
2025-10-14T18:00:00Z,1.161305,1.161440,1.160766,1.160766
2025-10-14T19:00:00Z,1.160901,1.161305,1.160901,1.160901
2025-10-14T20:00:00Z,1.161036,1.161170,1.160362,1.161170
2025-10-14T21:00:00Z,1.160766,1.161575,1.160766,1.161170
2025-10-14T22:00:00Z,1.161170,1.161305,1.160766,1.160766
2025-10-14T23:00:00Z,1.160631,1.160901,1.160497,1.160631
2025-10-15T00:00:00Z,1.160631,1.161710,1.160631,1.161305
2025-10-15T01:00:00Z,1.161440,1.162520,1.161170,1.162385
2025-10-15T02:00:00Z,1.162250,1.162926,1.162250,1.162656
2025-10-15T03:00:00Z,1.162520,1.162791,1.162250,1.162520
2025-10-15T04:00:00Z,1.162656,1.162791,1.162115,1.162250
2025-10-15T05:00:00Z,1.162250,1.162926,1.162250,1.162385
2025-10-15T06:00:00Z,1.162250,1.164009,1.162250,1.163738
2025-10-15T07:00:00Z,1.164009,1.164687,1.163467,1.163873
2025-10-15T08:00:00Z,1.164009,1.164822,1.163603,1.163603
2025-10-15T09:00:00Z,1.163603,1.164280,1.163196,1.163873
2025-10-15T10:00:00Z,1.163603,1.163603,1.162385,1.162926
2025-10-15T11:00:00Z,1.162926,1.163467,1.162385,1.162385
2025-10-15T12:00:00Z,1.162250,1.162926,1.161845,1.162115
2025-10-15T13:00:00Z,1.162115,1.163467,1.161440,1.163061
2025-10-15T14:00:00Z,1.163196,1.163196,1.162250,1.162791
2025-10-15T15:00:00Z,1.162791,1.164822,1.162385,1.164009
2025-10-15T16:00:00Z,1.163873,1.164415,1.163196,1.164280
2025-10-15T17:00:00Z,1.164144,1.164280,1.163061,1.163332
2025-10-15T18:00:00Z,1.163332,1.164009,1.163196,1.163603
2025-10-15T19:00:00Z,1.163738,1.164822,1.163738,1.164822
2025-10-15T20:00:00Z,1.164822,1.165230,1.164687,1.165230
2025-10-15T21:00:00Z,1.165773,1.165909,1.164687,1.164822
2025-10-15T22:00:00Z,1.164958,1.165501,1.164687,1.165094
2025-10-15T23:00:00Z,1.165094,1.165230,1.164687,1.164958
2025-10-16T00:00:00Z,1.164822,1.166997,1.164687,1.166725
2025-10-16T01:00:00Z,1.166725,1.167815,1.166453,1.167270
2025-10-16T02:00:00Z,1.167270,1.167815,1.166861,1.166997
2025-10-16T03:00:00Z,1.166861,1.166997,1.166589,1.166589
2025-10-16T04:00:00Z,1.166453,1.166589,1.165909,1.165909
2025-10-16T05:00:00Z,1.166045,1.166453,1.165773,1.166317
2025-10-16T06:00:00Z,1.166453,1.166997,1.165773,1.165773
2025-10-16T07:00:00Z,1.165773,1.165909,1.164822,1.165501
2025-10-16T08:00:00Z,1.165365,1.166317,1.165365,1.166181
2025-10-16T09:00:00Z,1.166181,1.166453,1.165637,1.166181
2025-10-16T10:00:00Z,1.166181,1.166589,1.165637,1.165909
2025-10-16T11:00:00Z,1.165773,1.165909,1.165094,1.165637
2025-10-16T12:00:00Z,1.165637,1.166589,1.165365,1.166453
2025-10-16T13:00:00Z,1.166317,1.166725,1.165501,1.166181
2025-10-16T14:00:00Z,1.166045,1.168088,1.165773,1.168088
2025-10-16T15:00:00Z,1.167951,1.168224,1.166589,1.166861
2025-10-16T16:00:00Z,1.167133,1.168224,1.166997,1.168088
2025-10-16T17:00:00Z,1.168088,1.169591,1.168088,1.169180
2025-10-16T18:00:00Z,1.169317,1.169591,1.168361,1.169454
2025-10-16T19:00:00Z,1.169180,1.169727,1.169044,1.169317
2025-10-16T20:00:00Z,1.169180,1.169454,1.168907,1.169180
2025-10-16T21:00:00Z,1.168224,1.169454,1.168088,1.169180
2025-10-16T22:00:00Z,1.169317,1.169864,1.169317,1.169727
2025-10-16T23:00:00Z,1.169727,1.170275,1.169727,1.170275
2025-10-17T00:00:00Z,1.170275,1.171509,1.169864,1.171097
2025-10-17T01:00:00Z,1.171097,1.171234,1.170412,1.170412
2025-10-17T02:00:00Z,1.170549,1.171372,1.169864,1.170960
2025-10-17T03:00:00Z,1.170823,1.171509,1.170823,1.171234
2025-10-17T04:00:00Z,1.171372,1.171509,1.170960,1.171372
2025-10-17T05:00:00Z,1.171509,1.173020,1.171509,1.172608
2025-10-17T06:00:00Z,1.172608,1.172883,1.171234,1.171372
2025-10-17T07:00:00Z,1.171234,1.171646,1.170001,1.171509
2025-10-17T08:00:00Z,1.171783,1.171921,1.169591,1.170138
2025-10-17T09:00:00Z,1.170138,1.171097,1.170001,1.170412
2025-10-17T10:00:00Z,1.170412,1.170549,1.169180,1.169317
2025-10-17T11:00:00Z,1.169317,1.170001,1.168497,1.168770
2025-10-17T12:00:00Z,1.168770,1.168770,1.166997,1.167951
2025-10-17T13:00:00Z,1.167815,1.168497,1.167270,1.167270
2025-10-17T14:00:00Z,1.167406,1.167542,1.166045,1.167133
2025-10-17T15:00:00Z,1.166997,1.167679,1.166453,1.167542
2025-10-17T16:00:00Z,1.167406,1.168224,1.167406,1.167542
2025-10-17T17:00:00Z,1.167542,1.167815,1.167133,1.167133
2025-10-17T18:00:00Z,1.166861,1.167679,1.166861,1.167133
2025-10-17T19:00:00Z,1.167270,1.167406,1.166997,1.167406
2025-10-17T20:00:00Z,1.167270,1.167406,1.165365,1.165773
2025-10-17T21:00:00Z,1.165501,1.165501,1.165501,1.165501
2025-10-19T23:00:00Z,1.165909,1.166453,1.165773,1.166181
2025-10-20T00:00:00Z,1.166317,1.166997,1.166181,1.166997
2025-10-20T01:00:00Z,1.166997,1.167133,1.166045,1.166453
2025-10-20T02:00:00Z,1.166453,1.167406,1.166453,1.166997
2025-10-20T03:00:00Z,1.166861,1.167133,1.166861,1.167133
2025-10-20T04:00:00Z,1.167133,1.167679,1.166861,1.167542
2025-10-20T05:00:00Z,1.167406,1.167951,1.167406,1.167679
2025-10-20T06:00:00Z,1.167406,1.167406,1.166045,1.166181
2025-10-20T07:00:00Z,1.166181,1.167133,1.165773,1.166589
2025-10-20T08:00:00Z,1.166453,1.166997,1.166317,1.166725
2025-10-20T09:00:00Z,1.166725,1.167133,1.166317,1.166589
2025-10-20T10:00:00Z,1.166589,1.166589,1.165501,1.165773
2025-10-20T11:00:00Z,1.165501,1.165909,1.164822,1.165909
2025-10-20T12:00:00Z,1.166181,1.166317,1.165501,1.165637
2025-10-20T13:00:00Z,1.165637,1.165637,1.164958,1.165230
2025-10-20T14:00:00Z,1.165230,1.166725,1.165094,1.165637
2025-10-20T15:00:00Z,1.165773,1.166725,1.165637,1.165909
2025-10-20T16:00:00Z,1.165773,1.166045,1.165365,1.165365
2025-10-20T17:00:00Z,1.165230,1.165637,1.164551,1.164687
2025-10-20T18:00:00Z,1.164551,1.165094,1.164280,1.164958
2025-10-20T19:00:00Z,1.165094,1.165230,1.164415,1.164415
2025-10-20T20:00:00Z,1.164415,1.164822,1.164415,1.164551
2025-10-20T21:00:00Z,1.163196,1.165094,1.163196,1.164822
2025-10-20T22:00:00Z,1.164822,1.165094,1.164687,1.164958
2025-10-20T23:00:00Z,1.164687,1.165094,1.164687,1.164687
2025-10-21T00:00:00Z,1.164822,1.165909,1.164822,1.165637
2025-10-21T01:00:00Z,1.165501,1.165501,1.164687,1.164822
2025-10-21T02:00:00Z,1.164687,1.164822,1.163603,1.163738
2025-10-21T03:00:00Z,1.163738,1.163873,1.163603,1.163738
2025-10-21T04:00:00Z,1.163738,1.163873,1.163603,1.163873
2025-10-21T05:00:00Z,1.163873,1.163873,1.162791,1.162926
2025-10-21T06:00:00Z,1.162791,1.163738,1.162385,1.163603
2025-10-21T07:00:00Z,1.163603,1.163873,1.162520,1.162926
2025-10-21T08:00:00Z,1.162656,1.163061,1.161710,1.162520
2025-10-21T09:00:00Z,1.162385,1.162926,1.161980,1.162385
2025-10-21T10:00:00Z,1.162520,1.162656,1.161036,1.162115
2025-10-21T11:00:00Z,1.162115,1.162926,1.161440,1.161575
2025-10-21T12:00:00Z,1.161575,1.161575,1.160631,1.161440
2025-10-21T13:00:00Z,1.161575,1.161980,1.160766,1.161575
2025-10-21T14:00:00Z,1.161575,1.162115,1.160227,1.160766
2025-10-21T15:00:00Z,1.160766,1.161980,1.160766,1.161845
2025-10-21T16:00:00Z,1.162115,1.162656,1.161305,1.161305
2025-10-21T17:00:00Z,1.161170,1.161305,1.160497,1.160766
2025-10-21T18:00:00Z,1.160901,1.161170,1.160766,1.160901
2025-10-21T19:00:00Z,1.160901,1.161170,1.160362,1.160362
2025-10-21T20:00:00Z,1.160362,1.160631,1.160227,1.160362
2025-10-21T21:00:00Z,1.159824,1.161036,1.159824,1.160766
2025-10-21T22:00:00Z,1.160362,1.160631,1.160362,1.160362
2025-10-21T23:00:00Z,1.160362,1.160497,1.160227,1.160227
2025-10-22T00:00:00Z,1.160227,1.161036,1.160227,1.160766
2025-10-22T01:00:00Z,1.160901,1.161170,1.160497,1.160901
2025-10-22T02:00:00Z,1.160901,1.161440,1.160901,1.161170
2025-10-22T03:00:00Z,1.161170,1.161170,1.160766,1.161036
2025-10-22T04:00:00Z,1.161170,1.161305,1.160901,1.161305
2025-10-22T05:00:00Z,1.161305,1.161845,1.161305,1.161710
2025-10-22T06:00:00Z,1.161170,1.161845,1.160766,1.161305
2025-10-22T07:00:00Z,1.161440,1.161440,1.160362,1.160362
2025-10-22T08:00:00Z,1.160227,1.160362,1.159420,1.160093
2025-10-22T09:00:00Z,1.160093,1.160497,1.159689,1.159824
2025-10-22T10:00:00Z,1.159689,1.159958,1.158614,1.158883
2025-10-22T11:00:00Z,1.159017,1.159152,1.158614,1.158614
2025-10-22T12:00:00Z,1.158614,1.159286,1.158078,1.158614
2025-10-22T13:00:00Z,1.158883,1.159958,1.158614,1.159824
2025-10-22T14:00:00Z,1.160227,1.161440,1.159555,1.161440
2025-10-22T15:00:00Z,1.161575,1.161980,1.161305,1.161440
2025-10-22T16:00:00Z,1.161575,1.162520,1.161440,1.162250
2025-10-22T17:00:00Z,1.162250,1.162250,1.161710,1.161845
2025-10-22T18:00:00Z,1.161845,1.161845,1.161170,1.161305
2025-10-22T19:00:00Z,1.161305,1.161440,1.160901,1.160901
2025-10-22T20:00:00Z,1.160901,1.161440,1.160901,1.161440
2025-10-22T21:00:00Z,1.161305,1.161710,1.161036,1.161710
2025-10-22T22:00:00Z,1.161575,1.161845,1.161575,1.161575
2025-10-22T23:00:00Z,1.161440,1.161440,1.161036,1.161036
2025-10-23T00:00:00Z,1.161036,1.161036,1.160227,1.160766
2025-10-23T01:00:00Z,1.160901,1.160901,1.160093,1.160093
2025-10-23T02:00:00Z,1.160093,1.160227,1.159824,1.159958
2025-10-23T03:00:00Z,1.159958,1.160227,1.159555,1.159689
2025-10-23T04:00:00Z,1.159555,1.160227,1.159420,1.160227
2025-10-23T05:00:00Z,1.160093,1.160631,1.160093,1.160497
2025-10-23T06:00:00Z,1.160497,1.160631,1.159420,1.159824
2025-10-23T07:00:00Z,1.159555,1.160362,1.159555,1.160362
2025-10-23T08:00:00Z,1.160227,1.160901,1.159689,1.159958
2025-10-23T09:00:00Z,1.159958,1.160227,1.159689,1.159689
2025-10-23T10:00:00Z,1.159555,1.159824,1.159017,1.159152
2025-10-23T11:00:00Z,1.159017,1.159555,1.158883,1.159017
2025-10-23T12:00:00Z,1.159286,1.160901,1.159017,1.160362
2025-10-23T13:00:00Z,1.160362,1.161305,1.160227,1.161036
2025-10-23T14:00:00Z,1.161170,1.162250,1.161170,1.161575
2025-10-23T15:00:00Z,1.161845,1.161980,1.161036,1.161440
2025-10-23T16:00:00Z,1.161710,1.161980,1.161036,1.161036
2025-10-23T17:00:00Z,1.161036,1.161575,1.160766,1.161440
2025-10-23T18:00:00Z,1.161440,1.162115,1.161305,1.162115
2025-10-23T19:00:00Z,1.162250,1.162250,1.161845,1.161980
2025-10-23T20:00:00Z,1.161845,1.162250,1.161710,1.162115
2025-10-23T21:00:00Z,1.162250,1.162250,1.161710,1.162115
2025-10-23T22:00:00Z,1.162385,1.162520,1.162115,1.162115
2025-10-23T23:00:00Z,1.162115,1.162250,1.161845,1.162115
2025-10-24T00:00:00Z,1.162115,1.162520,1.162115,1.162115
2025-10-24T01:00:00Z,1.161980,1.162250,1.161305,1.161305
2025-10-24T02:00:00Z,1.161305,1.161575,1.161170,1.161170
2025-10-24T03:00:00Z,1.161170,1.161440,1.161170,1.161305
2025-10-24T04:00:00Z,1.161170,1.161305,1.160901,1.161170
2025-10-24T05:00:00Z,1.161036,1.161036,1.160497,1.160901
2025-10-24T06:00:00Z,1.160901,1.161710,1.160497,1.161710
2025-10-24T07:00:00Z,1.161710,1.163061,1.160497,1.162250
2025-10-24T08:00:00Z,1.162385,1.162520,1.161036,1.161440
2025-10-24T09:00:00Z,1.161170,1.161575,1.160901,1.161575
2025-10-24T10:00:00Z,1.161440,1.161980,1.161440,1.161575
2025-10-24T11:00:00Z,1.161575,1.161845,1.161170,1.161845
2025-10-24T12:00:00Z,1.161845,1.164958,1.161305,1.163738
2025-10-24T13:00:00Z,1.163467,1.164551,1.162656,1.162926
2025-10-24T14:00:00Z,1.163061,1.163873,1.162250,1.162926
2025-10-24T15:00:00Z,1.163061,1.163738,1.162520,1.162926
2025-10-24T16:00:00Z,1.162926,1.163061,1.162520,1.162926
2025-10-24T17:00:00Z,1.162926,1.163467,1.162791,1.163061
2025-10-24T18:00:00Z,1.163061,1.163061,1.162791,1.162926
2025-10-24T19:00:00Z,1.163061,1.163603,1.162926,1.163467
2025-10-24T20:00:00Z,1.163603,1.163873,1.162520,1.162926
2025-10-24T21:00:00Z,1.163196,1.163196,1.163196,1.163196
2025-10-27T00:00:00Z,1.163467,1.164144,1.163196,1.163873
2025-10-27T01:00:00Z,1.163738,1.165094,1.163738,1.164280
2025-10-27T02:00:00Z,1.164280,1.164280,1.163332,1.163467
2025-10-27T03:00:00Z,1.163467,1.163603,1.163061,1.163061
2025-10-27T04:00:00Z,1.163061,1.163061,1.162385,1.162791
2025-10-27T05:00:00Z,1.162926,1.163061,1.162520,1.162926
2025-10-27T06:00:00Z,1.163061,1.163603,1.162926,1.162926
2025-10-27T07:00:00Z,1.163061,1.163061,1.162385,1.162385
2025-10-27T08:00:00Z,1.162250,1.163603,1.162115,1.163332
2025-10-27T09:00:00Z,1.163196,1.164280,1.163061,1.164144
2025-10-27T10:00:00Z,1.164009,1.164687,1.163873,1.164551
2025-10-27T11:00:00Z,1.164415,1.165094,1.164009,1.164958
2025-10-27T12:00:00Z,1.164958,1.165365,1.164144,1.164415
2025-10-27T13:00:00Z,1.164551,1.164551,1.163603,1.163873
2025-10-27T14:00:00Z,1.164009,1.164551,1.163738,1.164280
2025-10-27T15:00:00Z,1.164280,1.164415,1.163738,1.163873
2025-10-27T16:00:00Z,1.163873,1.164415,1.163603,1.164144
2025-10-27T17:00:00Z,1.164280,1.164415,1.164009,1.164144
2025-10-27T18:00:00Z,1.164144,1.165501,1.163873,1.165501
2025-10-27T19:00:00Z,1.165094,1.165230,1.164822,1.164958
2025-10-27T20:00:00Z,1.165094,1.165230,1.164687,1.164687
2025-10-27T21:00:00Z,1.164822,1.164958,1.164822,1.164958
2025-10-27T22:00:00Z,1.164958,1.165365,1.164958,1.165365
2025-10-27T23:00:00Z,1.165365,1.165773,1.165365,1.165501
2025-10-28T00:00:00Z,1.165365,1.166181,1.164958,1.165909
2025-10-28T01:00:00Z,1.165909,1.166725,1.165909,1.166045
2025-10-28T02:00:00Z,1.166181,1.166589,1.165773,1.165773
2025-10-28T03:00:00Z,1.165909,1.166589,1.165909,1.166317
2025-10-28T04:00:00Z,1.166317,1.167133,1.166181,1.166861
2025-10-28T05:00:00Z,1.166997,1.167133,1.166589,1.166725
2025-10-28T06:00:00Z,1.166725,1.166997,1.165909,1.165909
2025-10-28T07:00:00Z,1.165773,1.166453,1.165501,1.165773
2025-10-28T08:00:00Z,1.165773,1.166589,1.165365,1.165773
2025-10-28T09:00:00Z,1.165637,1.166181,1.165094,1.166045
2025-10-28T10:00:00Z,1.166045,1.166861,1.165909,1.166725
2025-10-28T11:00:00Z,1.166725,1.166725,1.165909,1.166181
2025-10-28T12:00:00Z,1.166181,1.166317,1.164009,1.164415
2025-10-28T13:00:00Z,1.164144,1.164415,1.162926,1.164415
2025-10-28T14:00:00Z,1.164144,1.166589,1.164144,1.166317
2025-10-28T15:00:00Z,1.166725,1.166997,1.165909,1.166181
2025-10-28T16:00:00Z,1.166181,1.166997,1.165637,1.166997
2025-10-28T17:00:00Z,1.167133,1.167133,1.166317,1.166589
2025-10-28T18:00:00Z,1.166725,1.166725,1.165909,1.166589
2025-10-28T19:00:00Z,1.166589,1.166861,1.165637,1.165637
2025-10-28T20:00:00Z,1.165637,1.166045,1.165501,1.165637
2025-10-28T21:00:00Z,1.165637,1.166045,1.165365,1.165637
2025-10-28T22:00:00Z,1.165773,1.165773,1.165365,1.165365
2025-10-28T23:00:00Z,1.165365,1.165909,1.165230,1.165909
2025-10-29T00:00:00Z,1.165909,1.166453,1.165637,1.165773
2025-10-29T01:00:00Z,1.165773,1.165909,1.164958,1.165094
2025-10-29T02:00:00Z,1.165094,1.165094,1.164687,1.164958
2025-10-29T03:00:00Z,1.164958,1.164958,1.164009,1.164009
2025-10-29T04:00:00Z,1.164009,1.164009,1.163467,1.163738
2025-10-29T05:00:00Z,1.163738,1.163873,1.163061,1.163467
2025-10-29T06:00:00Z,1.163332,1.163603,1.162926,1.163332
2025-10-29T07:00:00Z,1.163332,1.164009,1.163332,1.163603
2025-10-29T08:00:00Z,1.163603,1.163738,1.162791,1.162791
2025-10-29T09:00:00Z,1.162656,1.164822,1.162385,1.164551
2025-10-29T10:00:00Z,1.164551,1.165230,1.164144,1.165094
2025-10-29T11:00:00Z,1.165094,1.165094,1.163738,1.164280
2025-10-29T12:00:00Z,1.164415,1.164687,1.163196,1.163738
2025-10-29T13:00:00Z,1.163873,1.164822,1.163738,1.164009
2025-10-29T14:00:00Z,1.164144,1.165365,1.163603,1.165365
2025-10-29T15:00:00Z,1.165501,1.166725,1.164822,1.166725
2025-10-29T16:00:00Z,1.166725,1.166861,1.165909,1.166181
2025-10-29T17:00:00Z,1.166045,1.166181,1.164958,1.165094
2025-10-29T18:00:00Z,1.163873,1.165094,1.159152,1.159824
2025-10-29T19:00:00Z,1.160093,1.160362,1.158212,1.160362
2025-10-29T20:00:00Z,1.160362,1.161036,1.159555,1.160362
2025-10-29T21:00:00Z,1.160497,1.161440,1.160227,1.160631
2025-10-29T22:00:00Z,1.160766,1.160901,1.160497,1.160631
2025-10-29T23:00:00Z,1.160766,1.160901,1.160497,1.160631
2025-10-30T00:00:00Z,1.160631,1.161845,1.160093,1.161575
2025-10-30T01:00:00Z,1.161710,1.161845,1.161305,1.161710
2025-10-30T02:00:00Z,1.161710,1.162250,1.161575,1.162115
2025-10-30T03:00:00Z,1.162115,1.162250,1.161170,1.161845
2025-10-30T04:00:00Z,1.161845,1.163873,1.161710,1.163603
2025-10-30T05:00:00Z,1.163738,1.163738,1.162791,1.162791
2025-10-30T06:00:00Z,1.162926,1.163332,1.162250,1.162385
2025-10-30T07:00:00Z,1.162385,1.162520,1.161440,1.162115
2025-10-30T08:00:00Z,1.162115,1.162385,1.161036,1.161980
2025-10-30T09:00:00Z,1.162115,1.163061,1.161845,1.161980
2025-10-30T10:00:00Z,1.162115,1.162250,1.161036,1.161036
2025-10-30T11:00:00Z,1.160766,1.161440,1.159958,1.160093
2025-10-30T12:00:00Z,1.160093,1.160227,1.155802,1.155802
2025-10-30T13:00:00Z,1.155802,1.158078,1.155135,1.158078
2025-10-30T14:00:00Z,1.158078,1.159017,1.157274,1.157541
2025-10-30T15:00:00Z,1.157675,1.158078,1.156470,1.156738
2025-10-30T16:00:00Z,1.156738,1.157407,1.156203,1.157274
2025-10-30T17:00:00Z,1.157274,1.157274,1.156470,1.156872
2025-10-30T18:00:00Z,1.156872,1.157407,1.156872,1.157140
2025-10-30T19:00:00Z,1.157274,1.157407,1.156470,1.156738
2025-10-30T20:00:00Z,1.156738,1.157541,1.156738,1.156872
2025-10-30T21:00:00Z,1.157407,1.157407,1.156738,1.157274
2025-10-30T22:00:00Z,1.157006,1.157274,1.157006,1.157140
2025-10-30T23:00:00Z,1.157140,1.157675,1.157006,1.157541
2025-10-31T00:00:00Z,1.157541,1.158078,1.157274,1.157675
2025-10-31T01:00:00Z,1.157809,1.158078,1.157006,1.157006
2025-10-31T02:00:00Z,1.157006,1.157943,1.156872,1.157140
2025-10-31T03:00:00Z,1.157140,1.157407,1.157006,1.157140
2025-10-31T04:00:00Z,1.157006,1.157675,1.157006,1.157541
2025-10-31T05:00:00Z,1.157541,1.157675,1.157006,1.157140
2025-10-31T06:00:00Z,1.157140,1.157809,1.156470,1.156470
2025-10-31T07:00:00Z,1.156604,1.156872,1.155936,1.156872
2025-10-31T08:00:00Z,1.156738,1.157407,1.156337,1.157407
2025-10-31T09:00:00Z,1.157274,1.158078,1.157006,1.158078
2025-10-31T10:00:00Z,1.157809,1.157809,1.157140,1.157407
2025-10-31T11:00:00Z,1.157407,1.157675,1.156203,1.157006
2025-10-31T12:00:00Z,1.156872,1.157006,1.155802,1.155802
2025-10-31T13:00:00Z,1.155668,1.155936,1.153403,1.154468
2025-10-31T14:00:00Z,1.154468,1.154468,1.152605,1.153802
2025-10-31T15:00:00Z,1.153802,1.154601,1.152738,1.154335
2025-10-31T16:00:00Z,1.154335,1.154734,1.153270,1.153270
2025-10-31T17:00:00Z,1.153270,1.153270,1.152605,1.152738
2025-10-31T18:00:00Z,1.152738,1.153004,1.152472,1.152738
2025-10-31T19:00:00Z,1.152738,1.153403,1.152738,1.152871
2025-10-31T20:00:00Z,1.153004,1.154335,1.153004,1.154335
2025-10-31T21:00:00Z,1.154335,1.154335,1.154335,1.154335
2025-11-03T00:00:00Z,1.153270,1.153403,1.152738,1.152871
2025-11-03T01:00:00Z,1.152871,1.153270,1.152605,1.153004
2025-11-03T02:00:00Z,1.153004,1.153802,1.153004,1.153536
2025-11-03T03:00:00Z,1.153536,1.153802,1.153403,1.153669
2025-11-03T04:00:00Z,1.153669,1.154068,1.153536,1.153669
2025-11-03T05:00:00Z,1.153802,1.154068,1.153669,1.153802
2025-11-03T06:00:00Z,1.153802,1.154468,1.153802,1.154201
2025-11-03T07:00:00Z,1.154335,1.154468,1.153802,1.154335
2025-11-03T08:00:00Z,1.154068,1.154068,1.151410,1.151676
2025-11-03T09:00:00Z,1.151543,1.152339,1.151543,1.151808
2025-11-03T10:00:00Z,1.151941,1.152206,1.151145,1.151941
2025-11-03T11:00:00Z,1.151676,1.152339,1.151543,1.151941
2025-11-03T12:00:00Z,1.151808,1.152472,1.151808,1.152074
2025-11-03T13:00:00Z,1.152074,1.152074,1.151013,1.151410
2025-11-03T14:00:00Z,1.151543,1.151543,1.150880,1.151410
2025-11-03T15:00:00Z,1.152206,1.152871,1.151013,1.152871
2025-11-03T16:00:00Z,1.152871,1.153536,1.152738,1.153403
2025-11-03T17:00:00Z,1.153270,1.154068,1.153004,1.153004
2025-11-03T18:00:00Z,1.153136,1.153403,1.152472,1.152605
2025-11-03T19:00:00Z,1.152605,1.152738,1.152074,1.152206
2025-11-03T20:00:00Z,1.152339,1.152605,1.152074,1.152339
2025-11-03T21:00:00Z,1.152074,1.152339,1.151941,1.152206
2025-11-03T22:00:00Z,1.152339,1.152738,1.152074,1.152339
2025-11-03T23:00:00Z,1.152472,1.152472,1.152206,1.152206
2025-11-04T00:00:00Z,1.151808,1.151941,1.150880,1.151145
2025-11-04T01:00:00Z,1.151013,1.151278,1.150351,1.151278
2025-11-04T02:00:00Z,1.151278,1.151410,1.150880,1.151410
2025-11-04T03:00:00Z,1.151543,1.152074,1.151410,1.151676
2025-11-04T04:00:00Z,1.151676,1.152074,1.151278,1.151278
2025-11-04T05:00:00Z,1.151278,1.151676,1.151145,1.151543
2025-11-04T06:00:00Z,1.151543,1.152871,1.151543,1.152605
2025-11-04T07:00:00Z,1.152738,1.153536,1.152605,1.153004
2025-11-04T08:00:00Z,1.153136,1.153136,1.151676,1.151676
2025-11-04T09:00:00Z,1.151676,1.152074,1.150351,1.150483
2025-11-04T10:00:00Z,1.150483,1.151278,1.150483,1.150748
2025-11-04T11:00:00Z,1.150880,1.150880,1.149293,1.149293
2025-11-04T12:00:00Z,1.149425,1.149557,1.148106,1.149293
2025-11-04T13:00:00Z,1.149161,1.149954,1.149161,1.149557
2025-11-04T14:00:00Z,1.149557,1.149822,1.147710,1.148501
2025-11-04T15:00:00Z,1.148369,1.149557,1.147842,1.149557
2025-11-04T16:00:00Z,1.149557,1.149822,1.149161,1.149293
2025-11-04T17:00:00Z,1.149293,1.149293,1.148765,1.148765
2025-11-04T18:00:00Z,1.148633,1.149029,1.148501,1.148765
2025-11-04T19:00:00Z,1.148765,1.149029,1.148237,1.148237
2025-11-04T20:00:00Z,1.148106,1.148633,1.147842,1.148369
2025-11-04T21:00:00Z,1.148369,1.148633,1.148237,1.148633
2025-11-04T22:00:00Z,1.148237,1.149161,1.147842,1.148633
2025-11-04T23:00:00Z,1.148765,1.148897,1.148633,1.148765
2025-11-05T00:00:00Z,1.148897,1.148897,1.148369,1.148765
2025-11-05T01:00:00Z,1.148765,1.150086,1.148369,1.149293
2025-11-05T02:00:00Z,1.149425,1.149557,1.148897,1.149161
2025-11-05T03:00:00Z,1.149293,1.149557,1.148897,1.149161
2025-11-05T04:00:00Z,1.149161,1.149425,1.149161,1.149425
2025-11-05T05:00:00Z,1.149425,1.149690,1.149293,1.149557
2025-11-05T06:00:00Z,1.149425,1.149690,1.149029,1.149029
2025-11-05T07:00:00Z,1.149029,1.149425,1.148765,1.149029
2025-11-05T08:00:00Z,1.149029,1.149954,1.149029,1.149161
2025-11-05T09:00:00Z,1.149029,1.149557,1.148633,1.148765
2025-11-05T10:00:00Z,1.148765,1.148765,1.147974,1.148633
2025-11-05T11:00:00Z,1.148765,1.149293,1.148237,1.149161
2025-11-05T12:00:00Z,1.149293,1.149557,1.149029,1.149425
2025-11-05T13:00:00Z,1.149293,1.149690,1.147710,1.147710
2025-11-05T14:00:00Z,1.147974,1.149557,1.147315,1.149029
2025-11-05T15:00:00Z,1.147710,1.149029,1.147579,1.148237
2025-11-05T16:00:00Z,1.148237,1.148897,1.147447,1.148765
2025-11-05T17:00:00Z,1.148633,1.148897,1.148106,1.148369
2025-11-05T18:00:00Z,1.148369,1.148633,1.148237,1.148501
2025-11-05T19:00:00Z,1.148633,1.149029,1.148369,1.148897
2025-11-05T20:00:00Z,1.149029,1.149557,1.149029,1.149161
2025-11-05T21:00:00Z,1.149161,1.149822,1.149029,1.149822
2025-11-05T22:00:00Z,1.149690,1.149690,1.149293,1.149557
2025-11-05T23:00:00Z,1.149557,1.149954,1.149425,1.149954
2025-11-06T00:00:00Z,1.149822,1.150483,1.149690,1.150483
2025-11-06T01:00:00Z,1.150483,1.151145,1.150483,1.151013
2025-11-06T02:00:00Z,1.151013,1.151145,1.150616,1.150880
2025-11-06T03:00:00Z,1.150880,1.151145,1.150748,1.151013
2025-11-06T04:00:00Z,1.151013,1.151145,1.150748,1.151013
2025-11-06T05:00:00Z,1.150880,1.151410,1.150748,1.151410
2025-11-06T06:00:00Z,1.151145,1.151676,1.150880,1.151013
2025-11-06T07:00:00Z,1.151013,1.151676,1.151013,1.151145
2025-11-06T08:00:00Z,1.151278,1.152605,1.151013,1.152472
2025-11-06T09:00:00Z,1.152339,1.152605,1.151543,1.151676
2025-11-06T10:00:00Z,1.151543,1.152074,1.151410,1.151410
2025-11-06T11:00:00Z,1.151410,1.152339,1.151410,1.152339
2025-11-06T12:00:00Z,1.152074,1.153536,1.151808,1.153403
2025-11-06T13:00:00Z,1.153270,1.154734,1.153270,1.153935
2025-11-06T14:00:00Z,1.153802,1.154068,1.152472,1.152472
2025-11-06T15:00:00Z,1.152339,1.154468,1.152339,1.154335
2025-11-06T16:00:00Z,1.154201,1.154468,1.153536,1.154068
2025-11-06T17:00:00Z,1.154068,1.154601,1.153536,1.154335
2025-11-06T18:00:00Z,1.154335,1.155402,1.154335,1.155001
2025-11-06T19:00:00Z,1.155001,1.155535,1.154601,1.154734
2025-11-06T20:00:00Z,1.154868,1.155268,1.154601,1.155135
2025-11-06T21:00:00Z,1.155135,1.155268,1.154868,1.155001
2025-11-06T22:00:00Z,1.155268,1.155535,1.154601,1.154868
2025-11-06T23:00:00Z,1.155135,1.155535,1.155135,1.155135
2025-11-07T00:00:00Z,1.155001,1.155135,1.154201,1.154335
2025-11-07T01:00:00Z,1.154201,1.154468,1.153935,1.154068
2025-11-07T02:00:00Z,1.154335,1.154601,1.154201,1.154335
2025-11-07T03:00:00Z,1.154468,1.154468,1.153802,1.154201
2025-11-07T04:00:00Z,1.154068,1.154068,1.153669,1.153935
2025-11-07T05:00:00Z,1.153935,1.154201,1.153669,1.153802
2025-11-07T06:00:00Z,1.153669,1.153935,1.153403,1.153403
2025-11-07T07:00:00Z,1.153536,1.153935,1.153403,1.153669
2025-11-07T08:00:00Z,1.153669,1.154335,1.153403,1.153935
2025-11-07T09:00:00Z,1.154068,1.154468,1.153802,1.154201
2025-11-07T10:00:00Z,1.154201,1.155535,1.154201,1.155402
2025-11-07T11:00:00Z,1.155535,1.156337,1.155268,1.156203
2025-11-07T12:00:00Z,1.156069,1.156872,1.155802,1.155936
2025-11-07T13:00:00Z,1.155936,1.157274,1.155936,1.157140
2025-11-07T14:00:00Z,1.157006,1.158078,1.157006,1.157809
2025-11-07T15:00:00Z,1.158212,1.159286,1.157541,1.157541
2025-11-07T16:00:00Z,1.157675,1.158614,1.157675,1.158078
2025-11-07T17:00:00Z,1.158078,1.158480,1.157541,1.158480
2025-11-07T18:00:00Z,1.158480,1.158614,1.157140,1.157140
2025-11-07T19:00:00Z,1.157006,1.157541,1.155936,1.156337
2025-11-07T20:00:00Z,1.156203,1.157006,1.156069,1.156738
2025-11-07T21:00:00Z,1.156872,1.157006,1.156337,1.156738
2025-11-07T22:00:00Z,1.157006,1.157006,1.157006,1.157006
2025-11-10T00:00:00Z,1.154601,1.155936,1.154601,1.155802
2025-11-10T01:00:00Z,1.155535,1.156337,1.155001,1.156069
2025-11-10T02:00:00Z,1.156203,1.156337,1.155802,1.156069
2025-11-10T03:00:00Z,1.156069,1.156203,1.155535,1.155802
2025-11-10T04:00:00Z,1.155802,1.156604,1.155802,1.156470
2025-11-10T05:00:00Z,1.156470,1.156872,1.156203,1.156604
2025-11-10T06:00:00Z,1.156604,1.156738,1.155535,1.155668
2025-11-10T07:00:00Z,1.155936,1.157407,1.155802,1.157140
2025-11-10T08:00:00Z,1.157006,1.158614,1.157006,1.157675
2025-11-10T09:00:00Z,1.157675,1.157675,1.156738,1.157274
2025-11-10T10:00:00Z,1.157140,1.157407,1.156470,1.156604
2025-11-10T11:00:00Z,1.156604,1.156738,1.155802,1.156738
2025-11-10T12:00:00Z,1.156738,1.157809,1.156604,1.157274
2025-11-10T13:00:00Z,1.157140,1.158078,1.157006,1.157274
2025-11-10T14:00:00Z,1.157140,1.157140,1.156337,1.156604
2025-11-10T15:00:00Z,1.156872,1.157006,1.155001,1.155001
2025-11-10T16:00:00Z,1.154868,1.155802,1.154734,1.154734
2025-11-10T17:00:00Z,1.154868,1.156337,1.154468,1.156337
2025-11-10T18:00:00Z,1.156470,1.156872,1.156203,1.156203
2025-11-10T19:00:00Z,1.156203,1.156604,1.156203,1.156470
2025-11-10T20:00:00Z,1.156470,1.156738,1.156470,1.156738
2025-11-10T21:00:00Z,1.156738,1.156738,1.155936,1.156069
2025-11-10T22:00:00Z,1.155936,1.156470,1.155802,1.156069
2025-11-10T23:00:00Z,1.156203,1.156337,1.155936,1.155936
2025-11-11T00:00:00Z,1.155936,1.156203,1.155535,1.155535
2025-11-11T01:00:00Z,1.155535,1.155802,1.155135,1.155802
2025-11-11T02:00:00Z,1.155936,1.156069,1.155535,1.155668
2025-11-11T03:00:00Z,1.155668,1.156203,1.155668,1.155936
2025-11-11T04:00:00Z,1.155936,1.156337,1.155936,1.156069
2025-11-11T05:00:00Z,1.156203,1.156872,1.156203,1.156470
2025-11-11T06:00:00Z,1.156470,1.156604,1.155402,1.155535
2025-11-11T07:00:00Z,1.155402,1.156337,1.155402,1.156337
2025-11-11T08:00:00Z,1.156470,1.157140,1.155802,1.155936
2025-11-11T09:00:00Z,1.155668,1.157140,1.155668,1.157140
2025-11-11T10:00:00Z,1.156738,1.157675,1.156604,1.157541
2025-11-11T11:00:00Z,1.157675,1.158078,1.157407,1.157675
2025-11-11T12:00:00Z,1.157541,1.158078,1.157274,1.157541
2025-11-11T13:00:00Z,1.157407,1.160901,1.157407,1.160631
2025-11-11T14:00:00Z,1.160497,1.160766,1.159824,1.160362
2025-11-11T15:00:00Z,1.160362,1.160631,1.159555,1.159824
2025-11-11T16:00:00Z,1.159824,1.160227,1.159420,1.159689
2025-11-11T17:00:00Z,1.159689,1.160227,1.159420,1.159824
2025-11-11T18:00:00Z,1.159824,1.159958,1.159555,1.159689
2025-11-11T19:00:00Z,1.159555,1.159689,1.158749,1.158749
2025-11-11T20:00:00Z,1.158749,1.159286,1.158614,1.158614
2025-11-11T21:00:00Z,1.158749,1.158883,1.158480,1.158614
2025-11-11T22:00:00Z,1.158480,1.159152,1.157541,1.158883
2025-11-11T23:00:00Z,1.158883,1.159017,1.158480,1.159017
2025-11-12T00:00:00Z,1.159017,1.159017,1.158346,1.158346
2025-11-12T01:00:00Z,1.158212,1.158480,1.157809,1.157943
2025-11-12T02:00:00Z,1.157943,1.158346,1.157943,1.158346
2025-11-12T03:00:00Z,1.158212,1.158480,1.157943,1.158078
2025-11-12T04:00:00Z,1.158078,1.158212,1.157407,1.157541
2025-11-12T05:00:00Z,1.157541,1.158212,1.157407,1.158078
2025-11-12T06:00:00Z,1.157809,1.158614,1.157809,1.158614
2025-11-12T07:00:00Z,1.158614,1.159152,1.158480,1.158614
2025-11-12T08:00:00Z,1.158749,1.159017,1.158078,1.158212
2025-11-12T09:00:00Z,1.158078,1.158346,1.157140,1.157274
2025-11-12T10:00:00Z,1.157407,1.157809,1.156872,1.157274
2025-11-12T11:00:00Z,1.157407,1.157943,1.157006,1.157943
2025-11-12T12:00:00Z,1.158212,1.158346,1.157541,1.157943
2025-11-12T13:00:00Z,1.158212,1.158212,1.157006,1.157407
2025-11-12T14:00:00Z,1.157541,1.157809,1.156604,1.157675
2025-11-12T15:00:00Z,1.157809,1.159824,1.157675,1.159824
2025-11-12T16:00:00Z,1.159689,1.160093,1.159286,1.159420
2025-11-12T17:00:00Z,1.159420,1.159958,1.159420,1.159555
2025-11-12T18:00:00Z,1.159689,1.159824,1.159420,1.159420
2025-11-12T19:00:00Z,1.159286,1.159420,1.158749,1.159017
2025-11-12T20:00:00Z,1.158883,1.159420,1.158883,1.159420
2025-11-12T21:00:00Z,1.159152,1.159689,1.158883,1.159689
2025-11-12T22:00:00Z,1.160362,1.160362,1.159286,1.159286
2025-11-12T23:00:00Z,1.159689,1.159689,1.159420,1.159420
2025-11-13T00:00:00Z,1.159555,1.159555,1.158346,1.158346
2025-11-13T01:00:00Z,1.158346,1.159286,1.158346,1.159286
2025-11-13T02:00:00Z,1.159286,1.159555,1.158883,1.159286
2025-11-13T03:00:00Z,1.159286,1.159555,1.159017,1.159286
2025-11-13T04:00:00Z,1.159286,1.159420,1.159152,1.159286
2025-11-13T05:00:00Z,1.159420,1.159420,1.158346,1.158614
2025-11-13T06:00:00Z,1.158614,1.158883,1.158480,1.158883
2025-11-13T07:00:00Z,1.158749,1.161575,1.158749,1.161575
2025-11-13T08:00:00Z,1.161575,1.163196,1.161440,1.163196
2025-11-13T09:00:00Z,1.162926,1.163738,1.161440,1.162115
2025-11-13T10:00:00Z,1.161980,1.162656,1.161575,1.161845
2025-11-13T11:00:00Z,1.161710,1.162385,1.160901,1.160901
2025-11-13T12:00:00Z,1.161036,1.162520,1.161036,1.162520
2025-11-13T13:00:00Z,1.162791,1.162791,1.161575,1.162385
2025-11-13T14:00:00Z,1.162385,1.163332,1.162115,1.162926
2025-11-13T15:00:00Z,1.163061,1.164551,1.162656,1.164280
2025-11-13T16:00:00Z,1.164280,1.165094,1.164009,1.165094
2025-11-13T17:00:00Z,1.165230,1.165773,1.165094,1.165501
2025-11-13T18:00:00Z,1.165501,1.165501,1.164009,1.164280
2025-11-13T19:00:00Z,1.164144,1.164415,1.163873,1.163873
2025-11-13T20:00:00Z,1.163873,1.164280,1.163603,1.163603
2025-11-13T21:00:00Z,1.163603,1.164144,1.163467,1.163738
2025-11-13T22:00:00Z,1.163603,1.164415,1.163332,1.164009
2025-11-13T23:00:00Z,1.164144,1.164144,1.162656,1.163332
2025-11-14T00:00:00Z,1.163332,1.163603,1.163061,1.163467
2025-11-14T01:00:00Z,1.163603,1.164144,1.163467,1.163738
2025-11-14T02:00:00Z,1.163738,1.164009,1.163332,1.163873
2025-11-14T03:00:00Z,1.164009,1.164822,1.164009,1.164144
2025-11-14T04:00:00Z,1.164144,1.164687,1.164144,1.164551
2025-11-14T05:00:00Z,1.164551,1.165094,1.164280,1.164958
2025-11-14T06:00:00Z,1.164958,1.165230,1.163738,1.164009
2025-11-14T07:00:00Z,1.164280,1.164822,1.163738,1.163738
2025-11-14T08:00:00Z,1.163603,1.163873,1.162385,1.163467
2025-11-14T09:00:00Z,1.163196,1.163467,1.162385,1.162520
2025-11-14T10:00:00Z,1.162520,1.162520,1.161575,1.161980
2025-11-14T11:00:00Z,1.161710,1.162250,1.161305,1.162250
2025-11-14T12:00:00Z,1.162250,1.165501,1.162115,1.165365
2025-11-14T13:00:00Z,1.165637,1.165637,1.163873,1.164144
2025-11-14T14:00:00Z,1.164009,1.164144,1.162656,1.162791
2025-11-14T15:00:00Z,1.162656,1.162791,1.161036,1.161575
2025-11-14T16:00:00Z,1.161575,1.162656,1.161305,1.162115
2025-11-14T17:00:00Z,1.161980,1.162115,1.161170,1.161845
2025-11-14T18:00:00Z,1.161845,1.162115,1.161305,1.161980
2025-11-14T19:00:00Z,1.161980,1.162250,1.161980,1.162115
2025-11-14T20:00:00Z,1.162115,1.162656,1.161980,1.162385
2025-11-14T21:00:00Z,1.162385,1.162656,1.162115,1.162520
2025-11-14T22:00:00Z,1.162385,1.162520,1.162385,1.162520
2025-11-17T00:00:00Z,1.161845,1.161845,1.160901,1.161036
2025-11-17T01:00:00Z,1.160901,1.161305,1.160901,1.160901
2025-11-17T02:00:00Z,1.160901,1.160901,1.160497,1.160497
2025-11-17T03:00:00Z,1.160497,1.160497,1.160093,1.160227
2025-11-17T04:00:00Z,1.160227,1.160631,1.160093,1.160631
2025-11-17T05:00:00Z,1.160766,1.160901,1.160362,1.160362
2025-11-17T06:00:00Z,1.160362,1.161170,1.159824,1.161170
2025-11-17T07:00:00Z,1.161170,1.161845,1.161036,1.161575
2025-11-17T08:00:00Z,1.161575,1.161845,1.160227,1.160766
2025-11-17T09:00:00Z,1.160362,1.160631,1.160093,1.160362
2025-11-17T10:00:00Z,1.160497,1.161170,1.159958,1.159958
2025-11-17T11:00:00Z,1.159824,1.160631,1.159824,1.160497
2025-11-17T12:00:00Z,1.160497,1.160766,1.159958,1.160227
2025-11-17T13:00:00Z,1.160093,1.160227,1.159286,1.159420
2025-11-17T14:00:00Z,1.159555,1.159824,1.158749,1.159017
2025-11-17T15:00:00Z,1.158749,1.160093,1.158614,1.160093
2025-11-17T16:00:00Z,1.160093,1.160497,1.159824,1.160227
2025-11-17T17:00:00Z,1.160093,1.160227,1.159555,1.159689
2025-11-17T18:00:00Z,1.159689,1.159689,1.159152,1.159420
2025-11-17T19:00:00Z,1.159420,1.159824,1.158749,1.158749
2025-11-17T20:00:00Z,1.158614,1.159420,1.158614,1.159152
2025-11-17T21:00:00Z,1.159152,1.159689,1.159152,1.159689
2025-11-17T22:00:00Z,1.159555,1.159824,1.158883,1.159420
2025-11-17T23:00:00Z,1.159689,1.159689,1.159286,1.159286
2025-11-18T00:00:00Z,1.159286,1.159286,1.158883,1.159017
2025-11-18T01:00:00Z,1.159017,1.159689,1.158883,1.159420
2025-11-18T02:00:00Z,1.159420,1.159824,1.159152,1.159689
2025-11-18T03:00:00Z,1.159689,1.159958,1.159555,1.159555
2025-11-18T04:00:00Z,1.159555,1.160497,1.159286,1.160362
2025-11-18T05:00:00Z,1.160227,1.160362,1.159958,1.160227
2025-11-18T06:00:00Z,1.160093,1.160362,1.159689,1.159824
2025-11-18T07:00:00Z,1.159958,1.160362,1.159555,1.159555
2025-11-18T08:00:00Z,1.159555,1.161036,1.159420,1.159555
2025-11-18T09:00:00Z,1.159286,1.159824,1.159152,1.159286
2025-11-18T10:00:00Z,1.159286,1.159420,1.158480,1.158614
2025-11-18T11:00:00Z,1.158614,1.159152,1.158346,1.158883
2025-11-18T12:00:00Z,1.158749,1.159555,1.158749,1.159555
2025-11-18T13:00:00Z,1.159689,1.160497,1.159152,1.160093
2025-11-18T14:00:00Z,1.160227,1.160497,1.159824,1.160362
2025-11-18T15:00:00Z,1.160497,1.161036,1.158480,1.158480
2025-11-18T16:00:00Z,1.158480,1.158749,1.157675,1.158212
2025-11-18T17:00:00Z,1.158212,1.158346,1.157541,1.157943
2025-11-18T18:00:00Z,1.157943,1.158883,1.157809,1.158480
2025-11-18T19:00:00Z,1.158480,1.159017,1.158480,1.158883
2025-11-18T20:00:00Z,1.158883,1.159017,1.158212,1.158346
2025-11-18T21:00:00Z,1.158346,1.158614,1.158212,1.158480
2025-11-18T22:00:00Z,1.158614,1.159017,1.158078,1.158346
2025-11-18T23:00:00Z,1.158346,1.158480,1.158078,1.158346
2025-11-19T00:00:00Z,1.158346,1.158749,1.158212,1.158614
2025-11-19T01:00:00Z,1.158614,1.158749,1.157943,1.158078
2025-11-19T02:00:00Z,1.157943,1.158480,1.157675,1.158212
2025-11-19T03:00:00Z,1.158212,1.158749,1.158078,1.158614
2025-11-19T04:00:00Z,1.158749,1.158749,1.158078,1.158749
2025-11-19T05:00:00Z,1.158883,1.159286,1.158749,1.159152
2025-11-19T06:00:00Z,1.159286,1.159555,1.159017,1.159017
2025-11-19T07:00:00Z,1.158883,1.159958,1.158078,1.158346
2025-11-19T08:00:00Z,1.159017,1.159152,1.157541,1.157675
2025-11-19T09:00:00Z,1.157675,1.158346,1.157006,1.157809
2025-11-19T10:00:00Z,1.157809,1.158078,1.157140,1.157274
2025-11-19T11:00:00Z,1.157274,1.159017,1.157274,1.159017
2025-11-19T12:00:00Z,1.159152,1.159152,1.158078,1.158212
2025-11-19T13:00:00Z,1.158078,1.159420,1.157407,1.157675
2025-11-19T14:00:00Z,1.157675,1.157675,1.155936,1.155936
2025-11-19T15:00:00Z,1.156069,1.156069,1.154468,1.155001
2025-11-19T16:00:00Z,1.155001,1.155001,1.153802,1.154335
2025-11-19T17:00:00Z,1.154468,1.154601,1.153004,1.153669
2025-11-19T18:00:00Z,1.153536,1.153935,1.153270,1.153403
2025-11-19T19:00:00Z,1.153136,1.153270,1.152206,1.152339
2025-11-19T20:00:00Z,1.152472,1.153136,1.152472,1.153004
2025-11-19T21:00:00Z,1.152871,1.154201,1.152738,1.154201
2025-11-19T22:00:00Z,1.154335,1.154335,1.153935,1.154068
2025-11-19T23:00:00Z,1.154335,1.154468,1.154068,1.154201
2025-11-20T00:00:00Z,1.154068,1.154068,1.153270,1.153802
2025-11-20T01:00:00Z,1.153802,1.153802,1.152605,1.152605
2025-11-20T02:00:00Z,1.152605,1.152605,1.151941,1.152339
2025-11-20T03:00:00Z,1.152472,1.152605,1.151410,1.151676
2025-11-20T04:00:00Z,1.151676,1.152339,1.151676,1.152339
2025-11-20T05:00:00Z,1.152206,1.152206,1.151808,1.151941
2025-11-20T06:00:00Z,1.151808,1.152605,1.151808,1.152339
2025-11-20T07:00:00Z,1.152074,1.152472,1.151941,1.152206
2025-11-20T08:00:00Z,1.152339,1.152605,1.151543,1.152472
2025-11-20T09:00:00Z,1.152472,1.153136,1.152206,1.153136
2025-11-20T10:00:00Z,1.153136,1.153270,1.152871,1.153004
2025-11-20T11:00:00Z,1.153004,1.153004,1.151808,1.151808
2025-11-20T12:00:00Z,1.151808,1.151941,1.151145,1.151410
2025-11-20T13:00:00Z,1.151543,1.154201,1.151543,1.153403
2025-11-20T14:00:00Z,1.153004,1.155268,1.152871,1.153802
2025-11-20T15:00:00Z,1.153669,1.153802,1.152472,1.153004
2025-11-20T16:00:00Z,1.153270,1.154335,1.153136,1.153669
2025-11-20T17:00:00Z,1.153669,1.154068,1.152871,1.153270
2025-11-20T18:00:00Z,1.153136,1.153935,1.153004,1.153935
2025-11-20T19:00:00Z,1.154068,1.154468,1.153935,1.154068
2025-11-20T20:00:00Z,1.154201,1.154201,1.152871,1.153004
2025-11-20T21:00:00Z,1.153004,1.153270,1.152738,1.153136
2025-11-20T22:00:00Z,1.153004,1.153536,1.153004,1.153270
2025-11-20T23:00:00Z,1.153136,1.153802,1.152738,1.153669
2025-11-21T00:00:00Z,1.153669,1.153935,1.153136,1.153802
2025-11-21T01:00:00Z,1.153935,1.154201,1.153536,1.153669
2025-11-21T02:00:00Z,1.153669,1.154201,1.153669,1.153935
2025-11-21T03:00:00Z,1.153935,1.154201,1.153802,1.154068
2025-11-21T04:00:00Z,1.153935,1.154468,1.153935,1.154201
2025-11-21T05:00:00Z,1.154335,1.154468,1.153802,1.153802
2025-11-21T06:00:00Z,1.153935,1.155001,1.153935,1.154468
2025-11-21T07:00:00Z,1.154335,1.155135,1.154335,1.154335
2025-11-21T08:00:00Z,1.154335,1.155535,1.153802,1.154201
2025-11-21T09:00:00Z,1.154335,1.154601,1.152871,1.152871
2025-11-21T10:00:00Z,1.152871,1.153004,1.151676,1.152206
2025-11-21T11:00:00Z,1.152472,1.152605,1.150880,1.151013
2025-11-21T12:00:00Z,1.151145,1.152871,1.150086,1.152738
2025-11-21T13:00:00Z,1.152738,1.152871,1.151941,1.152472
2025-11-21T14:00:00Z,1.152339,1.152339,1.150880,1.151676
2025-11-21T15:00:00Z,1.151941,1.152472,1.150218,1.150616
2025-11-21T16:00:00Z,1.150483,1.150748,1.149425,1.150748
2025-11-21T17:00:00Z,1.151145,1.151543,1.150483,1.151013
2025-11-21T18:00:00Z,1.151013,1.151013,1.150616,1.150880
2025-11-21T19:00:00Z,1.150880,1.152074,1.150880,1.151676
2025-11-21T20:00:00Z,1.151676,1.152074,1.151278,1.152074
2025-11-21T21:00:00Z,1.152074,1.152472,1.151676,1.151676
2025-11-21T22:00:00Z,1.151941,1.151941,1.151941,1.151941
2025-11-24T00:00:00Z,1.151145,1.151145,1.150616,1.151013
2025-11-24T01:00:00Z,1.151145,1.151676,1.150880,1.151410
2025-11-24T02:00:00Z,1.151410,1.152206,1.151410,1.151941
2025-11-24T03:00:00Z,1.152074,1.152206,1.151676,1.151941
2025-11-24T04:00:00Z,1.152074,1.152472,1.151941,1.152472
2025-11-24T05:00:00Z,1.152472,1.153136,1.152472,1.152605
2025-11-24T06:00:00Z,1.152605,1.153004,1.152339,1.152472
2025-11-24T07:00:00Z,1.152339,1.152605,1.151543,1.151543
2025-11-24T08:00:00Z,1.151543,1.153669,1.151543,1.153270
2025-11-24T09:00:00Z,1.153136,1.153669,1.152871,1.153270
2025-11-24T10:00:00Z,1.153403,1.154468,1.153403,1.154335
2025-11-24T11:00:00Z,1.154468,1.155001,1.153935,1.154868
2025-11-24T12:00:00Z,1.154868,1.155268,1.154068,1.155001
2025-11-24T13:00:00Z,1.155135,1.155268,1.154068,1.154201
2025-11-24T14:00:00Z,1.154335,1.154468,1.153004,1.153004
2025-11-24T15:00:00Z,1.153004,1.153270,1.152206,1.153270
2025-11-24T16:00:00Z,1.153403,1.153403,1.152206,1.152206
2025-11-24T17:00:00Z,1.152206,1.152339,1.151543,1.152206
2025-11-24T18:00:00Z,1.152074,1.153136,1.152074,1.153136
2025-11-24T19:00:00Z,1.153004,1.153270,1.152605,1.153136
2025-11-24T20:00:00Z,1.153004,1.153136,1.152605,1.152605
2025-11-24T21:00:00Z,1.152605,1.152605,1.152339,1.152339
2025-11-24T22:00:00Z,1.152871,1.153004,1.152472,1.152871
2025-11-24T23:00:00Z,1.152605,1.152738,1.152206,1.152206
2025-11-25T00:00:00Z,1.152339,1.152738,1.152206,1.152738
2025-11-25T01:00:00Z,1.152738,1.153270,1.152605,1.152871
2025-11-25T02:00:00Z,1.153004,1.153136,1.152605,1.153136
2025-11-25T03:00:00Z,1.153403,1.153403,1.152074,1.152206
2025-11-25T04:00:00Z,1.152074,1.152074,1.151808,1.151808
2025-11-25T05:00:00Z,1.151808,1.152074,1.151543,1.152074
2025-11-25T06:00:00Z,1.152074,1.152472,1.151808,1.152339
2025-11-25T07:00:00Z,1.152472,1.153403,1.152339,1.152472
2025-11-25T08:00:00Z,1.152605,1.153669,1.152472,1.153403
2025-11-25T09:00:00Z,1.153403,1.153935,1.153136,1.153802
2025-11-25T10:00:00Z,1.153669,1.154601,1.153536,1.154201
2025-11-25T11:00:00Z,1.154335,1.154335,1.152871,1.153004
2025-11-25T12:00:00Z,1.153004,1.155402,1.152871,1.154734
2025-11-25T13:00:00Z,1.155001,1.156337,1.154601,1.156203
2025-11-25T14:00:00Z,1.156337,1.157407,1.155535,1.157140
2025-11-25T15:00:00Z,1.157140,1.158749,1.156604,1.156604
2025-11-25T16:00:00Z,1.156604,1.157407,1.155402,1.155535
2025-11-25T17:00:00Z,1.156738,1.158614,1.156203,1.158614
2025-11-25T18:00:00Z,1.158749,1.158883,1.158212,1.158346
2025-11-25T19:00:00Z,1.158346,1.158749,1.157809,1.158749
2025-11-25T20:00:00Z,1.158749,1.158749,1.156203,1.156872
2025-11-25T21:00:00Z,1.156872,1.157541,1.156872,1.157274
2025-11-25T22:00:00Z,1.157541,1.157809,1.156604,1.157274
2025-11-25T23:00:00Z,1.157274,1.157541,1.156738,1.156738
2025-11-26T00:00:00Z,1.156872,1.157541,1.156738,1.157140
2025-11-26T01:00:00Z,1.157407,1.158614,1.156872,1.158078
2025-11-26T02:00:00Z,1.157943,1.159017,1.157943,1.158614
2025-11-26T03:00:00Z,1.158480,1.159555,1.158480,1.159420
2025-11-26T04:00:00Z,1.159420,1.159420,1.158614,1.158749
2025-11-26T05:00:00Z,1.158614,1.159420,1.158614,1.159420
2025-11-26T06:00:00Z,1.159286,1.159958,1.158749,1.159017
2025-11-26T07:00:00Z,1.159152,1.159555,1.158078,1.158212
2025-11-26T08:00:00Z,1.158346,1.158346,1.157006,1.157407
2025-11-26T09:00:00Z,1.157541,1.158346,1.157274,1.157541
2025-11-26T10:00:00Z,1.157675,1.158078,1.157274,1.157675
2025-11-26T11:00:00Z,1.157541,1.158078,1.157140,1.157809
2025-11-26T12:00:00Z,1.157541,1.158346,1.157274,1.157407
2025-11-26T13:00:00Z,1.157541,1.158749,1.155268,1.155535
2025-11-26T14:00:00Z,1.155268,1.158480,1.155135,1.158212
2025-11-26T15:00:00Z,1.158346,1.159689,1.158346,1.159286
2025-11-26T16:00:00Z,1.159555,1.160362,1.159420,1.159420
2025-11-26T17:00:00Z,1.159286,1.159689,1.158883,1.159689
2025-11-26T18:00:00Z,1.159555,1.159958,1.159286,1.159689
2025-11-26T19:00:00Z,1.159689,1.159958,1.159420,1.159824
2025-11-26T20:00:00Z,1.159555,1.160093,1.159555,1.159689
2025-11-26T21:00:00Z,1.159689,1.160093,1.159689,1.159824
2025-11-26T22:00:00Z,1.159824,1.160227,1.159555,1.159958
2025-11-26T23:00:00Z,1.160093,1.160497,1.159958,1.160497
2025-11-27T00:00:00Z,1.160497,1.160766,1.160362,1.160631
2025-11-27T01:00:00Z,1.160631,1.161575,1.160497,1.161170
2025-11-27T02:00:00Z,1.161305,1.161710,1.160631,1.160631
2025-11-27T03:00:00Z,1.160766,1.160901,1.160362,1.160631
2025-11-27T04:00:00Z,1.160631,1.160901,1.160362,1.160362
2025-11-27T05:00:00Z,1.160497,1.160901,1.160497,1.160631
2025-11-27T06:00:00Z,1.160631,1.160901,1.159420,1.159420
2025-11-27T07:00:00Z,1.159555,1.159689,1.158883,1.159420
2025-11-27T08:00:00Z,1.159555,1.159958,1.159017,1.159689
2025-11-27T09:00:00Z,1.159555,1.159555,1.158078,1.158078
2025-11-27T10:00:00Z,1.158078,1.158883,1.158078,1.158749
2025-11-27T11:00:00Z,1.158883,1.159152,1.158212,1.159017
2025-11-27T12:00:00Z,1.159017,1.159420,1.158614,1.158614
2025-11-27T13:00:00Z,1.158749,1.159958,1.158749,1.159824
2025-11-27T14:00:00Z,1.159689,1.160093,1.159420,1.159824
2025-11-27T15:00:00Z,1.159824,1.160362,1.159555,1.159689
2025-11-27T16:00:00Z,1.159824,1.160362,1.159689,1.160227
2025-11-27T17:00:00Z,1.160362,1.160497,1.159555,1.159824
2025-11-27T18:00:00Z,1.159824,1.159958,1.159420,1.159420
2025-11-27T19:00:00Z,1.159555,1.159958,1.159555,1.159824
2025-11-27T20:00:00Z,1.159824,1.159958,1.159824,1.159824
2025-11-27T21:00:00Z,1.159958,1.160093,1.159824,1.159824
2025-11-27T22:00:00Z,1.159958,1.160227,1.159555,1.159958
2025-11-27T23:00:00Z,1.160227,1.160497,1.160093,1.160227
2025-11-28T00:00:00Z,1.160362,1.160497,1.159555,1.159824
2025-11-28T01:00:00Z,1.159824,1.160227,1.158480,1.158480
2025-11-28T02:00:00Z,1.158749,1.159152,1.158480,1.158749
2025-11-28T03:00:00Z,1.158749,1.159286,1.158749,1.159017
2025-11-28T04:00:00Z,1.159152,1.159420,1.159017,1.159152
2025-11-28T05:00:00Z,1.159286,1.159420,1.158749,1.159017
2025-11-28T06:00:00Z,1.159152,1.159286,1.158480,1.158749
2025-11-28T07:00:00Z,1.158749,1.159286,1.158212,1.158212
2025-11-28T08:00:00Z,1.157943,1.158346,1.157006,1.157407
2025-11-28T09:00:00Z,1.157274,1.158346,1.157140,1.157140
2025-11-28T10:00:00Z,1.157006,1.157140,1.155936,1.156203
2025-11-28T11:00:00Z,1.156203,1.157140,1.156069,1.157006
2025-11-28T12:00:00Z,1.156872,1.157541,1.156738,1.156872
2025-11-28T13:00:00Z,1.157006,1.158078,1.156738,1.157809
2025-11-28T14:00:00Z,1.158212,1.158883,1.157407,1.158749
2025-11-28T15:00:00Z,1.158749,1.161036,1.158346,1.161036
2025-11-28T16:00:00Z,1.160631,1.160766,1.159689,1.160362
2025-11-28T17:00:00Z,1.160227,1.160631,1.159824,1.160631
2025-11-28T18:00:00Z,1.160631,1.160766,1.159958,1.160362
2025-11-28T19:00:00Z,1.160362,1.160766,1.160362,1.160631
2025-11-28T20:00:00Z,1.160631,1.160766,1.160497,1.160497
2025-11-28T21:00:00Z,1.160631,1.160631,1.160093,1.160362
2025-11-28T22:00:00Z,1.160227,1.160227,1.160227,1.160227
2025-12-01T00:00:00Z,1.160497,1.161036,1.160227,1.160631
2025-12-01T01:00:00Z,1.160631,1.161845,1.160497,1.160901
2025-12-01T02:00:00Z,1.160766,1.160901,1.159689,1.159958
2025-12-01T03:00:00Z,1.159824,1.160093,1.159286,1.159958
2025-12-01T04:00:00Z,1.160093,1.160631,1.159824,1.160227
2025-12-01T05:00:00Z,1.160227,1.160497,1.159824,1.160093
2025-12-01T06:00:00Z,1.160093,1.160093,1.159420,1.159958
2025-12-01T07:00:00Z,1.160227,1.161575,1.159958,1.161305
2025-12-01T08:00:00Z,1.160901,1.162520,1.160901,1.161710
2025-12-01T09:00:00Z,1.161845,1.162656,1.161845,1.162656
2025-12-01T10:00:00Z,1.162520,1.163196,1.162250,1.162926
2025-12-01T11:00:00Z,1.163061,1.163467,1.162791,1.163061
2025-12-01T12:00:00Z,1.163061,1.165230,1.163061,1.165230
2025-12-01T13:00:00Z,1.165230,1.165501,1.164280,1.164958
2025-12-01T14:00:00Z,1.164822,1.164822,1.163467,1.163603
2025-12-01T15:00:00Z,1.164009,1.164280,1.162656,1.163332
2025-12-01T16:00:00Z,1.163332,1.163738,1.162520,1.162656
2025-12-01T17:00:00Z,1.162656,1.163196,1.162385,1.162385
2025-12-01T18:00:00Z,1.162385,1.162656,1.161575,1.161575
2025-12-01T19:00:00Z,1.161440,1.161575,1.161036,1.161170
2025-12-01T20:00:00Z,1.161305,1.161305,1.161036,1.161170
2025-12-01T21:00:00Z,1.161440,1.161440,1.161170,1.161305
2025-12-01T22:00:00Z,1.161170,1.161305,1.160362,1.161170
2025-12-01T23:00:00Z,1.161305,1.161440,1.161036,1.161036
2025-12-02T00:00:00Z,1.161036,1.161305,1.160766,1.160901
2025-12-02T01:00:00Z,1.160901,1.161440,1.160766,1.161305
2025-12-02T02:00:00Z,1.161305,1.161575,1.161305,1.161440
2025-12-02T03:00:00Z,1.161440,1.161575,1.161305,1.161575
2025-12-02T04:00:00Z,1.161575,1.161710,1.161305,1.161305
2025-12-02T05:00:00Z,1.161305,1.161440,1.161036,1.161305
2025-12-02T06:00:00Z,1.161305,1.161440,1.160901,1.161305
2025-12-02T07:00:00Z,1.161170,1.161845,1.161170,1.161575
2025-12-02T08:00:00Z,1.161710,1.161980,1.161305,1.161305
2025-12-02T09:00:00Z,1.161440,1.161710,1.160766,1.161440
2025-12-02T10:00:00Z,1.161305,1.161305,1.160362,1.161036
2025-12-02T11:00:00Z,1.161036,1.161575,1.160766,1.161440
2025-12-02T12:00:00Z,1.161440,1.162250,1.161170,1.162115
2025-12-02T13:00:00Z,1.162115,1.162250,1.161440,1.161980
2025-12-02T14:00:00Z,1.162115,1.162656,1.161710,1.162115
2025-12-02T15:00:00Z,1.162115,1.162115,1.159824,1.160901
2025-12-02T16:00:00Z,1.161036,1.161170,1.159689,1.159689
2025-12-02T17:00:00Z,1.159958,1.161170,1.159689,1.161036
2025-12-02T18:00:00Z,1.161170,1.161710,1.160901,1.161170
2025-12-02T19:00:00Z,1.161305,1.162791,1.161305,1.162656
2025-12-02T20:00:00Z,1.162520,1.162926,1.162385,1.162791
2025-12-02T21:00:00Z,1.162656,1.162926,1.162520,1.162791
2025-12-02T22:00:00Z,1.161845,1.163061,1.161845,1.162926
2025-12-02T23:00:00Z,1.162791,1.163196,1.162791,1.163196
2025-12-03T00:00:00Z,1.163196,1.163603,1.163196,1.163467
2025-12-03T01:00:00Z,1.163467,1.164144,1.163467,1.164009
2025-12-03T02:00:00Z,1.164009,1.164280,1.163873,1.164144
2025-12-03T03:00:00Z,1.164144,1.164280,1.164009,1.164144
2025-12-03T04:00:00Z,1.164144,1.164551,1.164009,1.164415
2025-12-03T05:00:00Z,1.164415,1.164822,1.164415,1.164551
2025-12-03T06:00:00Z,1.164551,1.165094,1.164551,1.164687
2025-12-03T07:00:00Z,1.164822,1.165637,1.164280,1.164415
2025-12-03T08:00:00Z,1.164415,1.164822,1.163873,1.164822
2025-12-03T09:00:00Z,1.164822,1.165230,1.164415,1.165094
2025-12-03T10:00:00Z,1.164958,1.166725,1.164958,1.166453
2025-12-03T11:00:00Z,1.166453,1.166861,1.165909,1.166861
2025-12-03T12:00:00Z,1.166861,1.167270,1.166589,1.166589
2025-12-03T13:00:00Z,1.166589,1.167815,1.166589,1.166997
2025-12-03T14:00:00Z,1.166997,1.166997,1.166045,1.166589
2025-12-03T15:00:00Z,1.166181,1.167133,1.165909,1.166453
2025-12-03T16:00:00Z,1.166317,1.166861,1.166181,1.166317
2025-12-03T17:00:00Z,1.166317,1.167406,1.166045,1.167270
2025-12-03T18:00:00Z,1.167270,1.167815,1.167270,1.167542
2025-12-03T19:00:00Z,1.167542,1.168088,1.167542,1.167679
2025-12-03T20:00:00Z,1.167542,1.167679,1.166861,1.166861
2025-12-03T21:00:00Z,1.166997,1.167406,1.166725,1.167406
2025-12-03T22:00:00Z,1.167270,1.167679,1.166997,1.167542
2025-12-03T23:00:00Z,1.167542,1.167542,1.166725,1.166997
2025-12-04T00:00:00Z,1.166861,1.166861,1.166317,1.166453
2025-12-04T01:00:00Z,1.166589,1.166861,1.166317,1.166725
2025-12-04T02:00:00Z,1.166589,1.166725,1.166317,1.166317
2025-12-04T03:00:00Z,1.166317,1.166317,1.165773,1.165909
2025-12-04T04:00:00Z,1.165909,1.166317,1.165909,1.166045
2025-12-04T05:00:00Z,1.166045,1.166589,1.166045,1.166181
2025-12-04T06:00:00Z,1.166317,1.166317,1.165637,1.166181
2025-12-04T07:00:00Z,1.166317,1.166861,1.165909,1.166861
2025-12-04T08:00:00Z,1.166861,1.168497,1.166861,1.168224
2025-12-04T09:00:00Z,1.168088,1.168770,1.167679,1.168224
2025-12-04T10:00:00Z,1.168224,1.168224,1.166725,1.166997
2025-12-04T11:00:00Z,1.166997,1.168361,1.166997,1.168361
2025-12-04T12:00:00Z,1.168361,1.168497,1.166861,1.167270
2025-12-04T13:00:00Z,1.167270,1.167406,1.166181,1.166725
2025-12-04T14:00:00Z,1.166861,1.167951,1.166861,1.167406
2025-12-04T15:00:00Z,1.167270,1.167815,1.166181,1.167679
2025-12-04T16:00:00Z,1.167679,1.167679,1.165773,1.166317
2025-12-04T17:00:00Z,1.166181,1.166317,1.165637,1.166045
2025-12-04T18:00:00Z,1.165909,1.166317,1.165773,1.165773
2025-12-04T19:00:00Z,1.165773,1.165909,1.165365,1.165637
2025-12-04T20:00:00Z,1.165365,1.165501,1.164415,1.164687
2025-12-04T21:00:00Z,1.164687,1.164958,1.164551,1.164822
2025-12-04T22:00:00Z,1.164822,1.165094,1.164551,1.164822
2025-12-04T23:00:00Z,1.164687,1.164687,1.164415,1.164551
2025-12-05T00:00:00Z,1.164822,1.165365,1.164822,1.165365
2025-12-05T01:00:00Z,1.165365,1.165773,1.165365,1.165637
2025-12-05T02:00:00Z,1.165773,1.165773,1.165501,1.165501
2025-12-05T03:00:00Z,1.165501,1.165501,1.164958,1.165230
2025-12-05T04:00:00Z,1.165230,1.165773,1.165230,1.165637
2025-12-05T05:00:00Z,1.165637,1.166317,1.165637,1.166317
2025-12-05T06:00:00Z,1.166181,1.166453,1.165909,1.166317
2025-12-05T07:00:00Z,1.166453,1.167542,1.166317,1.166589
2025-12-05T08:00:00Z,1.166317,1.166725,1.165637,1.165773
2025-12-05T09:00:00Z,1.165637,1.165773,1.165230,1.165773
2025-12-05T10:00:00Z,1.165909,1.166589,1.164687,1.165501
2025-12-05T11:00:00Z,1.165365,1.165501,1.164551,1.164958
2025-12-05T12:00:00Z,1.165094,1.165637,1.164822,1.165501
2025-12-05T13:00:00Z,1.165501,1.165637,1.164822,1.165501
2025-12-05T14:00:00Z,1.165637,1.166317,1.165094,1.165365
2025-12-05T15:00:00Z,1.165501,1.166181,1.164551,1.165094
2025-12-05T16:00:00Z,1.165094,1.165230,1.163196,1.163873
2025-12-05T17:00:00Z,1.163738,1.164687,1.163603,1.164687
2025-12-05T18:00:00Z,1.164687,1.165230,1.164551,1.164551
2025-12-05T19:00:00Z,1.164551,1.164822,1.164415,1.164687
2025-12-05T20:00:00Z,1.164551,1.164687,1.164415,1.164687
2025-12-05T21:00:00Z,1.164822,1.164958,1.164415,1.164551
2025-12-05T22:00:00Z,1.164551,1.164551,1.164551,1.164551
2025-12-08T00:00:00Z,1.164415,1.165365,1.164415,1.165365
2025-12-08T01:00:00Z,1.165501,1.165637,1.164958,1.165365
2025-12-08T02:00:00Z,1.165501,1.165773,1.165230,1.165773
2025-12-08T03:00:00Z,1.165773,1.165909,1.165365,1.165365
2025-12-08T04:00:00Z,1.165365,1.165909,1.165365,1.165773
2025-12-08T05:00:00Z,1.165773,1.165909,1.165637,1.165909
2025-12-08T06:00:00Z,1.165909,1.167406,1.165909,1.166453
2025-12-08T07:00:00Z,1.166589,1.167133,1.165909,1.166045
2025-12-08T08:00:00Z,1.166181,1.166725,1.165230,1.165909
2025-12-08T09:00:00Z,1.165909,1.166045,1.164822,1.164822
2025-12-08T10:00:00Z,1.165094,1.166453,1.165094,1.165501
2025-12-08T11:00:00Z,1.165365,1.166453,1.165094,1.165501
2025-12-08T12:00:00Z,1.165365,1.166045,1.165094,1.165637
2025-12-08T13:00:00Z,1.165773,1.166453,1.164958,1.165094
2025-12-08T14:00:00Z,1.165230,1.165773,1.164144,1.164687
2025-12-08T15:00:00Z,1.164280,1.164280,1.162115,1.162791
2025-12-08T16:00:00Z,1.162791,1.163196,1.161980,1.162791
2025-12-08T17:00:00Z,1.162791,1.164144,1.162385,1.164144
2025-12-08T18:00:00Z,1.164280,1.164822,1.163873,1.164009
2025-12-08T19:00:00Z,1.164009,1.164551,1.164009,1.164280
2025-12-08T20:00:00Z,1.164280,1.164551,1.164144,1.164144
2025-12-08T21:00:00Z,1.164144,1.164551,1.163873,1.164009
2025-12-08T22:00:00Z,1.164009,1.164551,1.163196,1.164009
2025-12-08T23:00:00Z,1.164009,1.164415,1.164009,1.164415
2025-12-09T00:00:00Z,1.164415,1.165230,1.164009,1.164144
2025-12-09T01:00:00Z,1.164144,1.165094,1.164009,1.164958
2025-12-09T02:00:00Z,1.164958,1.165501,1.164687,1.164958
2025-12-09T03:00:00Z,1.164958,1.165094,1.164551,1.164958
2025-12-09T04:00:00Z,1.164958,1.165230,1.164687,1.164958
2025-12-09T05:00:00Z,1.165094,1.165365,1.164822,1.165365
2025-12-09T06:00:00Z,1.165230,1.165230,1.164687,1.164687
2025-12-09T07:00:00Z,1.164687,1.164958,1.164144,1.164415
2025-12-09T08:00:00Z,1.164415,1.165230,1.163738,1.164958
2025-12-09T09:00:00Z,1.164822,1.165909,1.164822,1.165637
2025-12-09T10:00:00Z,1.165637,1.165773,1.164415,1.164822
2025-12-09T11:00:00Z,1.164822,1.165094,1.164144,1.164687
2025-12-09T12:00:00Z,1.164687,1.164687,1.163873,1.164280
2025-12-09T13:00:00Z,1.164144,1.164280,1.163332,1.163873
2025-12-09T14:00:00Z,1.163738,1.164144,1.163196,1.164144
2025-12-09T15:00:00Z,1.162791,1.163873,1.161980,1.163196
2025-12-09T16:00:00Z,1.163196,1.164280,1.163196,1.164144
2025-12-09T17:00:00Z,1.164144,1.164144,1.162520,1.162656
2025-12-09T18:00:00Z,1.162791,1.162791,1.162115,1.162791
2025-12-09T19:00:00Z,1.162791,1.163332,1.162520,1.163061
2025-12-09T20:00:00Z,1.163196,1.163467,1.163061,1.163061
2025-12-09T21:00:00Z,1.163061,1.163332,1.162791,1.163061
2025-12-09T22:00:00Z,1.163467,1.163467,1.162791,1.162926
2025-12-09T23:00:00Z,1.162926,1.163196,1.162926,1.163196
2025-12-10T00:00:00Z,1.163196,1.163196,1.162791,1.162926
2025-12-10T01:00:00Z,1.163061,1.163196,1.162656,1.162791
2025-12-10T02:00:00Z,1.162656,1.163196,1.162656,1.162656
2025-12-10T03:00:00Z,1.162656,1.163061,1.162520,1.162926
2025-12-10T04:00:00Z,1.163061,1.163196,1.162926,1.163061
2025-12-10T05:00:00Z,1.163061,1.163467,1.163061,1.163332
2025-12-10T06:00:00Z,1.163332,1.163873,1.163196,1.163873
2025-12-10T07:00:00Z,1.163873,1.165230,1.163873,1.165230
2025-12-10T08:00:00Z,1.165094,1.166045,1.164822,1.165637
2025-12-10T09:00:00Z,1.165637,1.165637,1.163873,1.164009
2025-12-10T10:00:00Z,1.163873,1.164280,1.163061,1.163738
2025-12-10T11:00:00Z,1.163873,1.164144,1.163467,1.163738
2025-12-10T12:00:00Z,1.163873,1.164551,1.163603,1.164280
2025-12-10T13:00:00Z,1.164415,1.164415,1.163196,1.164415
2025-12-10T14:00:00Z,1.164415,1.164822,1.163738,1.164822
2025-12-10T15:00:00Z,1.164687,1.165365,1.163873,1.164551
2025-12-10T16:00:00Z,1.164551,1.165230,1.164144,1.165230
2025-12-10T17:00:00Z,1.165365,1.166317,1.164958,1.166181
2025-12-10T18:00:00Z,1.166181,1.166317,1.165773,1.165909
2025-12-10T19:00:00Z,1.165501,1.168361,1.165230,1.168361
2025-12-10T20:00:00Z,1.168088,1.170275,1.167815,1.169727
2025-12-10T21:00:00Z,1.169727,1.169864,1.169317,1.169864
2025-12-10T22:00:00Z,1.169864,1.170412,1.169044,1.169727
2025-12-10T23:00:00Z,1.169727,1.170686,1.169727,1.170412
2025-12-11T00:00:00Z,1.170549,1.170823,1.170138,1.170549
2025-12-11T01:00:00Z,1.170549,1.170960,1.170412,1.170412
2025-12-11T02:00:00Z,1.170549,1.170960,1.169727,1.169727
2025-12-11T03:00:00Z,1.169864,1.170001,1.169454,1.169591
2025-12-11T04:00:00Z,1.169454,1.169454,1.168907,1.169454
2025-12-11T05:00:00Z,1.169454,1.169591,1.168907,1.168907
2025-12-11T06:00:00Z,1.168770,1.169317,1.168634,1.169317
2025-12-11T07:00:00Z,1.169317,1.170275,1.169180,1.169727
2025-12-11T08:00:00Z,1.169727,1.170960,1.169727,1.170138
2025-12-11T09:00:00Z,1.170138,1.170549,1.169044,1.170412
2025-12-11T10:00:00Z,1.170549,1.171097,1.170412,1.171097
2025-12-11T11:00:00Z,1.170960,1.172058,1.170960,1.171646
2025-12-11T12:00:00Z,1.171646,1.172196,1.171372,1.172058
2025-12-11T13:00:00Z,1.172058,1.173985,1.171783,1.173434
2025-12-11T14:00:00Z,1.173571,1.175088,1.173434,1.174398
2025-12-11T15:00:00Z,1.173985,1.176055,1.173709,1.176055
2025-12-11T16:00:00Z,1.176055,1.176332,1.174950,1.175779
2025-12-11T17:00:00Z,1.175917,1.176609,1.175364,1.175779
2025-12-11T18:00:00Z,1.175779,1.176194,1.175503,1.175641
2025-12-11T19:00:00Z,1.175641,1.175779,1.174398,1.174398
2025-12-11T20:00:00Z,1.174260,1.174950,1.174122,1.174398
2025-12-11T21:00:00Z,1.174398,1.174674,1.174122,1.174122
2025-12-11T22:00:00Z,1.174260,1.174398,1.173847,1.174260
2025-12-11T23:00:00Z,1.174260,1.174536,1.174122,1.174260
2025-12-12T00:00:00Z,1.174536,1.174812,1.174398,1.174398
2025-12-12T01:00:00Z,1.174398,1.174950,1.173571,1.173847
2025-12-12T02:00:00Z,1.173847,1.174122,1.173571,1.173985
2025-12-12T03:00:00Z,1.173985,1.174122,1.173709,1.173847
2025-12-12T04:00:00Z,1.173847,1.173847,1.173571,1.173571
2025-12-12T05:00:00Z,1.173571,1.174260,1.173571,1.174260
2025-12-12T06:00:00Z,1.174260,1.174536,1.173709,1.174122
2025-12-12T07:00:00Z,1.174122,1.174674,1.173985,1.174122
2025-12-12T08:00:00Z,1.174122,1.174536,1.173434,1.173434
2025-12-12T09:00:00Z,1.173020,1.173847,1.173020,1.173571
2025-12-12T10:00:00Z,1.173571,1.173571,1.172883,1.173020
2025-12-12T11:00:00Z,1.173020,1.173158,1.172608,1.173020
2025-12-12T12:00:00Z,1.172745,1.173020,1.172333,1.172745
2025-12-12T13:00:00Z,1.172883,1.173847,1.172883,1.173020
2025-12-12T14:00:00Z,1.173020,1.174674,1.172745,1.174536
2025-12-12T15:00:00Z,1.174536,1.174812,1.173434,1.173985
2025-12-12T16:00:00Z,1.174260,1.174674,1.173020,1.173434
2025-12-12T17:00:00Z,1.173434,1.175226,1.173434,1.175226
2025-12-12T18:00:00Z,1.175088,1.175364,1.174536,1.174536
2025-12-12T19:00:00Z,1.174398,1.174398,1.173985,1.174398
2025-12-12T20:00:00Z,1.174536,1.174950,1.174260,1.174260
2025-12-12T21:00:00Z,1.174260,1.174812,1.174260,1.174536
2025-12-12T22:00:00Z,1.174398,1.174398,1.174398,1.174398
2025-12-15T00:00:00Z,1.174122,1.174122,1.173158,1.173709
2025-12-15T01:00:00Z,1.173709,1.174536,1.173296,1.174398
2025-12-15T02:00:00Z,1.174536,1.174812,1.174122,1.174536
2025-12-15T03:00:00Z,1.174536,1.174812,1.173571,1.173709
2025-12-15T04:00:00Z,1.173709,1.173847,1.173571,1.173571
2025-12-15T05:00:00Z,1.173571,1.173847,1.173571,1.173847
2025-12-15T06:00:00Z,1.173847,1.173985,1.173434,1.173985
2025-12-15T07:00:00Z,1.173985,1.174122,1.173158,1.173158
2025-12-15T08:00:00Z,1.173296,1.174122,1.173020,1.173571
2025-12-15T09:00:00Z,1.173434,1.174674,1.173434,1.174674
2025-12-15T10:00:00Z,1.174674,1.174950,1.174260,1.174674
2025-12-15T11:00:00Z,1.174536,1.175364,1.174536,1.175226
2025-12-15T12:00:00Z,1.175226,1.176194,1.175226,1.175641
2025-12-15T13:00:00Z,1.175779,1.176332,1.175088,1.175226
2025-12-15T14:00:00Z,1.174950,1.176609,1.174812,1.176609
2025-12-15T15:00:00Z,1.176747,1.177163,1.175917,1.176609
2025-12-15T16:00:00Z,1.176609,1.176747,1.175641,1.175917
2025-12-15T17:00:00Z,1.175917,1.175917,1.174812,1.174950
2025-12-15T18:00:00Z,1.174950,1.175226,1.174260,1.174674
2025-12-15T19:00:00Z,1.174674,1.175364,1.174260,1.175364
2025-12-15T20:00:00Z,1.175226,1.175503,1.175088,1.175503
2025-12-15T21:00:00Z,1.175503,1.175641,1.175226,1.175641
2025-12-15T22:00:00Z,1.175364,1.175779,1.175088,1.175503
2025-12-15T23:00:00Z,1.175641,1.175917,1.175641,1.175779
2025-12-16T00:00:00Z,1.175641,1.176194,1.175226,1.175226
2025-12-16T01:00:00Z,1.175364,1.175779,1.175088,1.175364
2025-12-16T02:00:00Z,1.175503,1.176055,1.175364,1.175917
2025-12-16T03:00:00Z,1.175917,1.176332,1.175364,1.175503
2025-12-16T04:00:00Z,1.175503,1.175779,1.175364,1.175503
2025-12-16T05:00:00Z,1.175503,1.175779,1.175364,1.175364
2025-12-16T06:00:00Z,1.175364,1.175641,1.175088,1.175641
2025-12-16T07:00:00Z,1.175779,1.175779,1.174950,1.175364
2025-12-16T08:00:00Z,1.175641,1.176747,1.175088,1.175779
2025-12-16T09:00:00Z,1.175779,1.176471,1.175364,1.176055
2025-12-16T10:00:00Z,1.176194,1.176471,1.175779,1.176055
2025-12-16T11:00:00Z,1.176055,1.176609,1.175641,1.176609
2025-12-16T12:00:00Z,1.176747,1.177995,1.176471,1.177995
2025-12-16T13:00:00Z,1.178134,1.179384,1.176194,1.177718
2025-12-16T14:00:00Z,1.177856,1.180359,1.177440,1.180359
2025-12-16T15:00:00Z,1.180220,1.180638,1.177302,1.177302
2025-12-16T16:00:00Z,1.177302,1.177995,1.176609,1.177163
2025-12-16T17:00:00Z,1.177163,1.178134,1.176609,1.176747
2025-12-16T18:00:00Z,1.176747,1.176747,1.174950,1.175641
2025-12-16T19:00:00Z,1.175503,1.176609,1.174398,1.176194
2025-12-16T20:00:00Z,1.176194,1.176609,1.175088,1.175226
2025-12-16T21:00:00Z,1.175226,1.175364,1.174950,1.175088
2025-12-16T22:00:00Z,1.175088,1.175226,1.174812,1.175088
2025-12-16T23:00:00Z,1.175226,1.175641,1.175226,1.175226
2025-12-17T00:00:00Z,1.175226,1.175503,1.174950,1.175364
2025-12-17T01:00:00Z,1.175364,1.175503,1.174950,1.175088
2025-12-17T02:00:00Z,1.174950,1.175088,1.174122,1.174398
2025-12-17T03:00:00Z,1.174398,1.174398,1.174122,1.174260
2025-12-17T04:00:00Z,1.174260,1.174260,1.173158,1.173434
2025-12-17T05:00:00Z,1.173296,1.173434,1.172883,1.173158
2025-12-17T06:00:00Z,1.173296,1.173434,1.171097,1.171097
2025-12-17T07:00:00Z,1.171097,1.171646,1.170823,1.171646
2025-12-17T08:00:00Z,1.171783,1.172333,1.170960,1.172196
2025-12-17T09:00:00Z,1.172196,1.172333,1.171509,1.172058
2025-12-17T10:00:00Z,1.171921,1.172883,1.171646,1.172883
2025-12-17T11:00:00Z,1.172883,1.173020,1.171097,1.171372
2025-12-17T12:00:00Z,1.171234,1.172883,1.171234,1.172745
2025-12-17T13:00:00Z,1.173020,1.173571,1.172470,1.173571
2025-12-17T14:00:00Z,1.173571,1.174812,1.173158,1.174536
2025-12-17T15:00:00Z,1.174398,1.176055,1.174398,1.175779
2025-12-17T16:00:00Z,1.175641,1.175917,1.174950,1.175088
2025-12-17T17:00:00Z,1.175088,1.175779,1.175088,1.175088
2025-12-17T18:00:00Z,1.175226,1.175779,1.174536,1.174674
2025-12-17T19:00:00Z,1.174812,1.175088,1.174536,1.174812
2025-12-17T20:00:00Z,1.174812,1.174950,1.174260,1.174260
2025-12-17T21:00:00Z,1.174260,1.174536,1.174260,1.174398
2025-12-17T22:00:00Z,1.174260,1.174812,1.174122,1.174398
2025-12-17T23:00:00Z,1.174398,1.174674,1.174398,1.174536
2025-12-18T00:00:00Z,1.174536,1.174950,1.174398,1.174812
2025-12-18T01:00:00Z,1.174812,1.174812,1.173985,1.173985
2025-12-18T02:00:00Z,1.174398,1.174674,1.173985,1.174398
2025-12-18T03:00:00Z,1.174398,1.174536,1.174122,1.174260
2025-12-18T04:00:00Z,1.174260,1.174536,1.174122,1.174536
2025-12-18T05:00:00Z,1.174674,1.175088,1.174536,1.174950
2025-12-18T06:00:00Z,1.174950,1.175088,1.174260,1.174812
2025-12-18T07:00:00Z,1.174812,1.175226,1.173847,1.173847
2025-12-18T08:00:00Z,1.173709,1.173985,1.173158,1.173434
2025-12-18T09:00:00Z,1.173571,1.173571,1.172058,1.172470
2025-12-18T10:00:00Z,1.172470,1.173020,1.172196,1.172883
2025-12-18T11:00:00Z,1.172745,1.173020,1.172470,1.172470
2025-12-18T12:00:00Z,1.172608,1.172608,1.171646,1.171646
2025-12-18T13:00:00Z,1.171646,1.176332,1.171646,1.175088
2025-12-18T14:00:00Z,1.175088,1.175779,1.173709,1.173847
2025-12-18T15:00:00Z,1.173847,1.174398,1.172058,1.173020
2025-12-18T16:00:00Z,1.173020,1.174950,1.172883,1.173158
2025-12-18T17:00:00Z,1.173158,1.173158,1.171921,1.172333
2025-12-18T18:00:00Z,1.172333,1.172745,1.171921,1.172470
2025-12-18T19:00:00Z,1.172333,1.173020,1.172196,1.172883
2025-12-18T20:00:00Z,1.172883,1.173158,1.172470,1.172470
2025-12-18T21:00:00Z,1.172470,1.172883,1.172470,1.172745
2025-12-18T22:00:00Z,1.172745,1.172883,1.172058,1.172883
2025-12-18T23:00:00Z,1.173020,1.173158,1.172745,1.172883
2025-12-19T00:00:00Z,1.172883,1.173020,1.172608,1.173020
2025-12-19T01:00:00Z,1.173020,1.173158,1.172470,1.172745
2025-12-19T02:00:00Z,1.172883,1.173158,1.172470,1.172608
2025-12-19T03:00:00Z,1.172608,1.172883,1.172196,1.172470
2025-12-19T04:00:00Z,1.172470,1.172608,1.171921,1.172058
2025-12-19T05:00:00Z,1.172058,1.172470,1.172058,1.172333
2025-12-19T06:00:00Z,1.172333,1.172470,1.171646,1.172333
2025-12-19T07:00:00Z,1.172333,1.172333,1.170823,1.170960
2025-12-19T08:00:00Z,1.171234,1.171921,1.171097,1.171783
2025-12-19T09:00:00Z,1.171646,1.172058,1.171234,1.171509
2025-12-19T10:00:00Z,1.171646,1.172058,1.171372,1.171921
2025-12-19T11:00:00Z,1.171921,1.172058,1.171234,1.171646
2025-12-19T12:00:00Z,1.171372,1.171921,1.171234,1.171372
2025-12-19T13:00:00Z,1.171234,1.172196,1.170686,1.172196
2025-12-19T14:00:00Z,1.172333,1.174122,1.172333,1.173020
2025-12-19T15:00:00Z,1.173020,1.173158,1.171372,1.171372
2025-12-19T16:00:00Z,1.171372,1.172333,1.171234,1.172333
2025-12-19T17:00:00Z,1.172470,1.172470,1.171783,1.172196
2025-12-19T18:00:00Z,1.172196,1.173020,1.172196,1.172333
2025-12-19T19:00:00Z,1.172333,1.172745,1.172058,1.172745
2025-12-19T20:00:00Z,1.172745,1.172883,1.171234,1.171372
2025-12-19T21:00:00Z,1.171372,1.171646,1.171097,1.171234
2025-12-19T22:00:00Z,1.171372,1.171509,1.171372,1.171509
2025-12-22T00:00:00Z,1.171372,1.171921,1.171372,1.171921
2025-12-22T01:00:00Z,1.172058,1.172333,1.171646,1.172058
2025-12-22T02:00:00Z,1.172196,1.172333,1.171921,1.172058
2025-12-22T03:00:00Z,1.171921,1.172196,1.171783,1.172196
2025-12-22T04:00:00Z,1.172058,1.172470,1.172058,1.172333
2025-12-22T05:00:00Z,1.172333,1.172470,1.171921,1.172058
2025-12-22T06:00:00Z,1.172058,1.172196,1.171646,1.171921
2025-12-22T07:00:00Z,1.172196,1.173434,1.171921,1.173296
2025-12-22T08:00:00Z,1.173296,1.174122,1.172745,1.173985
2025-12-22T09:00:00Z,1.173985,1.173985,1.173158,1.173296
2025-12-22T10:00:00Z,1.173434,1.174122,1.173434,1.173571
2025-12-22T11:00:00Z,1.173709,1.173985,1.173296,1.173571
2025-12-22T12:00:00Z,1.173709,1.174674,1.173709,1.174536
2025-12-22T13:00:00Z,1.174674,1.175641,1.174674,1.175364
2025-12-22T14:00:00Z,1.175364,1.176886,1.174812,1.176471
2025-12-22T15:00:00Z,1.176332,1.177302,1.176332,1.176747
2025-12-22T16:00:00Z,1.176609,1.176747,1.175226,1.175364
2025-12-22T17:00:00Z,1.175503,1.176747,1.175364,1.176194
2025-12-22T18:00:00Z,1.176055,1.176194,1.175364,1.175641
2025-12-22T19:00:00Z,1.175641,1.175917,1.175226,1.175917
2025-12-22T20:00:00Z,1.175779,1.176194,1.175641,1.175779
2025-12-22T21:00:00Z,1.175779,1.176609,1.175779,1.176471
2025-12-22T22:00:00Z,1.176194,1.176609,1.175917,1.176332
2025-12-22T23:00:00Z,1.176332,1.176886,1.176332,1.176886
2025-12-23T00:00:00Z,1.176747,1.177302,1.176747,1.177163
2025-12-23T01:00:00Z,1.177163,1.177856,1.176886,1.177579
2025-12-23T02:00:00Z,1.177718,1.178273,1.177579,1.178134
2025-12-23T03:00:00Z,1.178134,1.178273,1.177718,1.177856
2025-12-23T04:00:00Z,1.178134,1.178273,1.177718,1.177856
2025-12-23T05:00:00Z,1.177856,1.178273,1.177856,1.177856
2025-12-23T06:00:00Z,1.177995,1.177995,1.177302,1.177440
2025-12-23T07:00:00Z,1.177440,1.178411,1.177302,1.178411
2025-12-23T08:00:00Z,1.178273,1.178689,1.177995,1.178550
2025-12-23T09:00:00Z,1.178828,1.179523,1.178550,1.179523
2025-12-23T10:00:00Z,1.179663,1.180359,1.179663,1.180220
2025-12-23T11:00:00Z,1.180220,1.180220,1.179663,1.179941
2025-12-23T12:00:00Z,1.179941,1.180498,1.179245,1.179245
2025-12-23T13:00:00Z,1.179384,1.179663,1.177856,1.177856
2025-12-23T14:00:00Z,1.177856,1.178273,1.177163,1.177163
2025-12-23T15:00:00Z,1.177163,1.178134,1.176747,1.177856
2025-12-23T16:00:00Z,1.177856,1.178411,1.177718,1.177995
2025-12-23T17:00:00Z,1.177856,1.178134,1.177302,1.177302
2025-12-23T18:00:00Z,1.177302,1.178550,1.177302,1.178550
2025-12-23T19:00:00Z,1.178689,1.179384,1.178689,1.179384
2025-12-23T20:00:00Z,1.179384,1.179663,1.179106,1.179384
2025-12-23T21:00:00Z,1.179384,1.180080,1.179245,1.179802
2025-12-23T22:00:00Z,1.180498,1.181614,1.179523,1.179941
2025-12-23T23:00:00Z,1.179663,1.180080,1.179663,1.179802
2025-12-24T00:00:00Z,1.179941,1.180220,1.179384,1.180080
2025-12-24T01:00:00Z,1.180220,1.180916,1.180080,1.180916
2025-12-24T02:00:00Z,1.180916,1.181195,1.180359,1.180359
2025-12-24T03:00:00Z,1.180080,1.180080,1.179106,1.179106
2025-12-24T04:00:00Z,1.179106,1.179663,1.178967,1.179523
2025-12-24T05:00:00Z,1.179523,1.180498,1.179523,1.180359
2025-12-24T06:00:00Z,1.180359,1.180777,1.180220,1.180359
2025-12-24T07:00:00Z,1.180359,1.180498,1.178967,1.179245
2025-12-24T08:00:00Z,1.179523,1.180220,1.178411,1.180220
2025-12-24T09:00:00Z,1.180220,1.180359,1.179802,1.180359
2025-12-24T10:00:00Z,1.180359,1.180359,1.179523,1.179941
2025-12-24T11:00:00Z,1.179941,1.180220,1.179384,1.179663
2025-12-24T12:00:00Z,1.179663,1.179663,1.178828,1.178828
2025-12-24T13:00:00Z,1.178828,1.179384,1.178828,1.178967
2025-12-24T14:00:00Z,1.178828,1.179106,1.178273,1.178411
2025-12-24T15:00:00Z,1.178273,1.178550,1.177856,1.178273
2025-12-24T16:00:00Z,1.178134,1.178411,1.177856,1.178273
2025-12-24T17:00:00Z,1.178273,1.178689,1.177718,1.177718
2025-12-24T18:00:00Z,1.177856,1.178273,1.177718,1.178273
2025-12-24T19:00:00Z,1.178273,1.178550,1.178273,1.178550
2025-12-24T20:00:00Z,1.178550,1.178550,1.178134,1.178550
2025-12-24T21:00:00Z,1.178273,1.178411,1.177995,1.178273
2025-12-24T22:00:00Z,1.178550,1.178550,1.178550,1.178550
2025-12-24T23:00:00Z,1.178828,1.179106,1.178134,1.178134
2025-12-25T00:00:00Z,1.177440,1.179523,1.177163,1.179523
2025-12-25T01:00:00Z,1.178828,1.179106,1.177440,1.178550
2025-12-25T02:00:00Z,1.178134,1.178828,1.177856,1.178550
2025-12-25T03:00:00Z,1.178550,1.178967,1.177856,1.178411
2025-12-25T04:00:00Z,1.178411,1.178550,1.177995,1.178273
2025-12-25T05:00:00Z,1.178411,1.178689,1.177995,1.178273
2025-12-25T06:00:00Z,1.178273,1.178689,1.177995,1.178134
2025-12-25T07:00:00Z,1.178273,1.179802,1.177995,1.178550
2025-12-25T08:00:00Z,1.178550,1.178689,1.178550,1.178689
2025-12-25T22:00:00Z,1.177995,1.179245,1.177995,1.178550
2025-12-25T23:00:00Z,1.178134,1.178967,1.178134,1.178828
2025-12-26T00:00:00Z,1.178689,1.179523,1.178134,1.178967
2025-12-26T01:00:00Z,1.178828,1.179523,1.178550,1.179106
2025-12-26T02:00:00Z,1.179106,1.179663,1.178689,1.179663
2025-12-26T03:00:00Z,1.179523,1.179523,1.178828,1.178828
2025-12-26T04:00:00Z,1.178689,1.179106,1.178411,1.178550
2025-12-26T05:00:00Z,1.178689,1.179106,1.178411,1.178967
2025-12-26T06:00:00Z,1.178967,1.179106,1.177579,1.177995
2025-12-26T07:00:00Z,1.177856,1.177995,1.177440,1.177579
2025-12-26T08:00:00Z,1.177579,1.177995,1.177024,1.177995
2025-12-26T09:00:00Z,1.177995,1.178134,1.177163,1.177440
2025-12-26T10:00:00Z,1.177302,1.178273,1.177302,1.177718
2025-12-26T11:00:00Z,1.177718,1.178550,1.177718,1.177995
2025-12-26T12:00:00Z,1.178134,1.178550,1.177718,1.178550
2025-12-26T13:00:00Z,1.178689,1.179941,1.178689,1.179523
2025-12-26T14:00:00Z,1.179663,1.179802,1.178550,1.178828
2025-12-26T15:00:00Z,1.178689,1.179523,1.177718,1.177995
2025-12-26T16:00:00Z,1.178134,1.178273,1.176609,1.176886
2025-12-26T17:00:00Z,1.176747,1.177440,1.176471,1.177302
2025-12-26T18:00:00Z,1.177440,1.177718,1.177302,1.177579
2025-12-26T19:00:00Z,1.177579,1.177995,1.177302,1.177995
2025-12-26T20:00:00Z,1.178134,1.178411,1.177718,1.177856
2025-12-26T21:00:00Z,1.177856,1.177995,1.176886,1.177440
2025-12-26T22:00:00Z,1.177718,1.177718,1.177718,1.177718
2025-12-29T00:00:00Z,1.177856,1.178689,1.177579,1.178411
2025-12-29T01:00:00Z,1.178273,1.178967,1.178273,1.178828
2025-12-29T02:00:00Z,1.178828,1.178828,1.177995,1.177995
2025-12-29T03:00:00Z,1.177856,1.177995,1.177579,1.177718
2025-12-29T04:00:00Z,1.177579,1.177579,1.176747,1.176747
2025-12-29T05:00:00Z,1.176609,1.176609,1.175779,1.175917
2025-12-29T06:00:00Z,1.176055,1.177302,1.175779,1.177302
2025-12-29T07:00:00Z,1.177440,1.178273,1.176886,1.177995
2025-12-29T08:00:00Z,1.178134,1.179245,1.177579,1.178828
2025-12-29T09:00:00Z,1.178967,1.179106,1.177579,1.177995
2025-12-29T10:00:00Z,1.177995,1.178411,1.177024,1.177024
2025-12-29T11:00:00Z,1.176886,1.177440,1.176194,1.176886
2025-12-29T12:00:00Z,1.176886,1.177163,1.176055,1.176471
2025-12-29T13:00:00Z,1.176609,1.177579,1.176471,1.177440
2025-12-29T14:00:00Z,1.177302,1.179245,1.177163,1.178689
2025-12-29T15:00:00Z,1.178828,1.178967,1.177163,1.177163
2025-12-29T16:00:00Z,1.177024,1.177163,1.175779,1.176194
2025-12-29T17:00:00Z,1.175917,1.175917,1.175364,1.175641
2025-12-29T18:00:00Z,1.175503,1.176194,1.175503,1.176055
2025-12-29T19:00:00Z,1.176055,1.177024,1.176055,1.177024
2025-12-29T20:00:00Z,1.177163,1.177440,1.176886,1.177440
2025-12-29T21:00:00Z,1.177440,1.177856,1.177440,1.177718
2025-12-29T22:00:00Z,1.177579,1.177718,1.177163,1.177302
2025-12-29T23:00:00Z,1.177718,1.177856,1.177579,1.177579
2025-12-30T00:00:00Z,1.177718,1.177856,1.177579,1.177579
2025-12-30T01:00:00Z,1.177579,1.177856,1.177302,1.177856
2025-12-30T02:00:00Z,1.177856,1.177995,1.177579,1.177718
2025-12-30T03:00:00Z,1.177718,1.177856,1.177440,1.177579
2025-12-30T04:00:00Z,1.177579,1.178134,1.177579,1.177995
2025-12-30T05:00:00Z,1.177995,1.178273,1.177579,1.177856
2025-12-30T06:00:00Z,1.177995,1.178273,1.177718,1.178134
2025-12-30T07:00:00Z,1.177995,1.177995,1.177024,1.177302
2025-12-30T08:00:00Z,1.177440,1.177856,1.177024,1.177163
2025-12-30T09:00:00Z,1.177024,1.178134,1.176747,1.177163
2025-12-30T10:00:00Z,1.177302,1.177995,1.177302,1.177718
2025-12-30T11:00:00Z,1.177718,1.177995,1.177024,1.177024
2025-12-30T12:00:00Z,1.176886,1.177163,1.176471,1.176471
2025-12-30T13:00:00Z,1.176471,1.177024,1.175917,1.176609
2025-12-30T14:00:00Z,1.176471,1.176747,1.176055,1.176747
2025-12-30T15:00:00Z,1.176747,1.176886,1.174950,1.176332
2025-12-30T16:00:00Z,1.176194,1.177024,1.175779,1.176886
2025-12-30T17:00:00Z,1.176886,1.176886,1.175917,1.175917
2025-12-30T18:00:00Z,1.176055,1.176332,1.175226,1.175364
2025-12-30T19:00:00Z,1.175364,1.175641,1.174950,1.175088
2025-12-30T20:00:00Z,1.175088,1.175364,1.174674,1.174674
2025-12-30T21:00:00Z,1.174812,1.175088,1.174812,1.175088
2025-12-30T22:00:00Z,1.175088,1.175226,1.174674,1.174950
2025-12-30T23:00:00Z,1.174950,1.175226,1.174950,1.174950
2025-12-31T00:00:00Z,1.174950,1.175088,1.174812,1.175088
2025-12-31T01:00:00Z,1.175088,1.175226,1.174674,1.174674
2025-12-31T02:00:00Z,1.174536,1.174536,1.174260,1.174398
2025-12-31T03:00:00Z,1.174398,1.174674,1.174398,1.174674
2025-12-31T04:00:00Z,1.174674,1.174674,1.173709,1.173709
2025-12-31T05:00:00Z,1.173847,1.174260,1.173847,1.174260
2025-12-31T06:00:00Z,1.173985,1.174260,1.173709,1.174122
2025-12-31T07:00:00Z,1.173985,1.174122,1.173296,1.173985
2025-12-31T08:00:00Z,1.173985,1.174260,1.172333,1.172608
2025-12-31T09:00:00Z,1.172608,1.174260,1.172333,1.173847
2025-12-31T10:00:00Z,1.173847,1.174674,1.173158,1.174260
2025-12-31T11:00:00Z,1.174260,1.175088,1.173985,1.175088
2025-12-31T12:00:00Z,1.175226,1.176194,1.175226,1.175917
2025-12-31T13:00:00Z,1.175917,1.176055,1.174536,1.174536
2025-12-31T14:00:00Z,1.174536,1.174536,1.173158,1.173296
2025-12-31T15:00:00Z,1.173020,1.174950,1.172470,1.174812
2025-12-31T16:00:00Z,1.174674,1.175088,1.173296,1.173847
2025-12-31T17:00:00Z,1.173709,1.174260,1.173571,1.173847
2025-12-31T18:00:00Z,1.173985,1.174260,1.173434,1.173985
2025-12-31T19:00:00Z,1.174122,1.174674,1.174122,1.174398
2025-12-31T20:00:00Z,1.174536,1.175641,1.174536,1.175503
2025-12-31T21:00:00Z,1.175641,1.175641,1.174950,1.174950
2025-12-31T22:00:00Z,1.174536,1.174950,1.174398,1.174950
2025-12-31T23:00:00Z,1.174950,1.174950,1.174950,1.174950
2026-01-01T00:00:00Z,1.174950,1.174950,1.174950,1.174950
2026-01-01T01:00:00Z,1.174950,1.174950,1.174950,1.174950
2026-01-01T04:00:00Z,1.174950,1.174950,1.174950,1.174950
2026-01-01T05:00:00Z,1.174950,1.174950,1.174950,1.174950
2026-01-01T10:00:00Z,1.174950,1.174950,1.174950,1.174950
2026-01-01T22:00:00Z,1.174812,1.175779,1.174260,1.175364
2026-01-01T23:00:00Z,1.175088,1.175364,1.174950,1.175364
2026-01-02T00:00:00Z,1.175364,1.176055,1.175364,1.176055
2026-01-02T01:00:00Z,1.176194,1.176609,1.176055,1.176471
2026-01-02T02:00:00Z,1.176471,1.176747,1.176194,1.176332
2026-01-02T03:00:00Z,1.176471,1.176886,1.176471,1.176886
2026-01-02T04:00:00Z,1.176747,1.176886,1.175917,1.175917
2026-01-02T05:00:00Z,1.175917,1.176055,1.175503,1.175503
2026-01-02T06:00:00Z,1.175364,1.175364,1.174536,1.174812
2026-01-02T07:00:00Z,1.174674,1.174950,1.173709,1.174122
2026-01-02T08:00:00Z,1.173709,1.173985,1.172883,1.173296
2026-01-02T09:00:00Z,1.173296,1.173985,1.172470,1.172470
2026-01-02T10:00:00Z,1.172470,1.172745,1.171646,1.172470
2026-01-02T11:00:00Z,1.172470,1.172608,1.171921,1.172470
2026-01-02T12:00:00Z,1.172470,1.173020,1.172470,1.172745
2026-01-02T13:00:00Z,1.172608,1.173296,1.172196,1.172608
2026-01-02T14:00:00Z,1.172470,1.173296,1.171921,1.173158
2026-01-02T15:00:00Z,1.173434,1.175503,1.173296,1.175364
2026-01-02T16:00:00Z,1.175503,1.175503,1.173847,1.174122
2026-01-02T17:00:00Z,1.174122,1.174122,1.173296,1.173434
2026-01-02T18:00:00Z,1.173434,1.173434,1.171921,1.172196
2026-01-02T19:00:00Z,1.172196,1.172745,1.171783,1.172745
2026-01-02T20:00:00Z,1.172745,1.172745,1.171921,1.172058
2026-01-02T21:00:00Z,1.172196,1.172745,1.172058,1.172333
2026-01-02T22:00:00Z,1.172333,1.172333,1.172333,1.172333
2026-01-05T00:00:00Z,1.171097,1.171372,1.170823,1.170823
2026-01-05T01:00:00Z,1.170686,1.171097,1.170275,1.170412
2026-01-05T02:00:00Z,1.170412,1.170549,1.168770,1.169180
2026-01-05T03:00:00Z,1.169317,1.169317,1.167542,1.167951
2026-01-05T04:00:00Z,1.167815,1.168634,1.167679,1.168497
2026-01-05T05:00:00Z,1.168361,1.168907,1.168361,1.168907
2026-01-05T06:00:00Z,1.168907,1.169454,1.168361,1.169454
2026-01-05T07:00:00Z,1.169317,1.169591,1.168770,1.169044
2026-01-05T08:00:00Z,1.168907,1.169727,1.168497,1.168634
2026-01-05T09:00:00Z,1.168770,1.169044,1.167815,1.168634
2026-01-05T10:00:00Z,1.168634,1.169317,1.168361,1.169317
2026-01-05T11:00:00Z,1.169317,1.169454,1.168361,1.168497
2026-01-05T12:00:00Z,1.168497,1.168770,1.167406,1.167406
2026-01-05T13:00:00Z,1.167406,1.167815,1.166317,1.167815
2026-01-05T14:00:00Z,1.167815,1.168907,1.167815,1.168907
2026-01-05T15:00:00Z,1.169180,1.170686,1.169180,1.170686
2026-01-05T16:00:00Z,1.170823,1.172196,1.170823,1.171783
2026-01-05T17:00:00Z,1.171783,1.172333,1.171509,1.171783
2026-01-05T18:00:00Z,1.171783,1.172883,1.171783,1.172883
2026-01-05T19:00:00Z,1.173020,1.173158,1.172608,1.173020
2026-01-05T20:00:00Z,1.173020,1.173158,1.172745,1.172745
2026-01-05T21:00:00Z,1.172745,1.173020,1.172333,1.172470
2026-01-05T22:00:00Z,1.172470,1.172608,1.172196,1.172196
2026-01-05T23:00:00Z,1.172470,1.172470,1.171646,1.171783
2026-01-06T00:00:00Z,1.171921,1.172058,1.171372,1.172058
2026-01-06T01:00:00Z,1.172196,1.172883,1.171646,1.172883
2026-01-06T02:00:00Z,1.172883,1.174122,1.172608,1.174122
2026-01-06T03:00:00Z,1.173985,1.174122,1.173571,1.173847
2026-01-06T04:00:00Z,1.173847,1.173847,1.173571,1.173709
2026-01-06T05:00:00Z,1.173709,1.174122,1.173158,1.173296
2026-01-06T06:00:00Z,1.173296,1.174122,1.173296,1.173985
2026-01-06T07:00:00Z,1.174122,1.174812,1.172883,1.173158
2026-01-06T08:00:00Z,1.173296,1.174122,1.173020,1.173296
2026-01-06T09:00:00Z,1.173158,1.173158,1.171234,1.171783
2026-01-06T10:00:00Z,1.171646,1.172058,1.171234,1.171646
2026-01-06T11:00:00Z,1.171372,1.171509,1.170823,1.170960
2026-01-06T12:00:00Z,1.171234,1.171509,1.170138,1.170412
2026-01-06T13:00:00Z,1.170138,1.171646,1.170138,1.171509
2026-01-06T14:00:00Z,1.171646,1.172058,1.170412,1.171372
2026-01-06T15:00:00Z,1.171097,1.171097,1.168770,1.169864
2026-01-06T16:00:00Z,1.170138,1.170138,1.169044,1.169180
2026-01-06T17:00:00Z,1.169317,1.170412,1.169180,1.170412
2026-01-06T18:00:00Z,1.170549,1.170549,1.169180,1.169180
2026-01-06T19:00:00Z,1.169180,1.169317,1.168770,1.169317
2026-01-06T20:00:00Z,1.169591,1.169727,1.169317,1.169454
2026-01-06T21:00:00Z,1.168907,1.169180,1.168907,1.169180
2026-01-06T22:00:00Z,1.168634,1.169317,1.168634,1.169317
2026-01-06T23:00:00Z,1.169317,1.169317,1.169044,1.169180
2026-01-07T00:00:00Z,1.169180,1.169727,1.168907,1.169454
2026-01-07T01:00:00Z,1.169454,1.170412,1.169317,1.169864
2026-01-07T02:00:00Z,1.170001,1.170549,1.169864,1.170001
2026-01-07T03:00:00Z,1.170138,1.170275,1.170138,1.170275
2026-01-07T04:00:00Z,1.170275,1.170549,1.169454,1.169454
2026-01-07T05:00:00Z,1.169454,1.169727,1.169454,1.169727
2026-01-07T06:00:00Z,1.169727,1.170275,1.169591,1.170138
2026-01-07T07:00:00Z,1.170001,1.170138,1.168361,1.168634
2026-01-07T08:00:00Z,1.168497,1.169044,1.167679,1.168770
2026-01-07T09:00:00Z,1.168907,1.169044,1.168497,1.168770
2026-01-07T10:00:00Z,1.168907,1.169864,1.168907,1.169180
2026-01-07T11:00:00Z,1.169180,1.169591,1.168907,1.169180
2026-01-07T12:00:00Z,1.169317,1.169454,1.168497,1.169180
2026-01-07T13:00:00Z,1.168907,1.169864,1.168634,1.169454
2026-01-07T14:00:00Z,1.169591,1.170138,1.169044,1.170138
2026-01-07T15:00:00Z,1.169180,1.170138,1.168361,1.169454
2026-01-07T16:00:00Z,1.169454,1.169591,1.168634,1.169317
2026-01-07T17:00:00Z,1.169454,1.169864,1.169044,1.169044
2026-01-07T18:00:00Z,1.169044,1.169317,1.168634,1.168634
2026-01-07T19:00:00Z,1.168770,1.168907,1.168224,1.168634
2026-01-07T20:00:00Z,1.168497,1.168770,1.168224,1.168224
2026-01-07T21:00:00Z,1.168088,1.168224,1.167815,1.167815
2026-01-07T22:00:00Z,1.167679,1.168224,1.167542,1.167951
2026-01-07T23:00:00Z,1.167951,1.168088,1.167951,1.167951
2026-01-08T00:00:00Z,1.168088,1.168088,1.167951,1.167951
2026-01-08T01:00:00Z,1.167815,1.168088,1.167679,1.167815
2026-01-08T02:00:00Z,1.167951,1.168361,1.167542,1.168361
2026-01-08T03:00:00Z,1.168361,1.168634,1.168224,1.168361
2026-01-08T04:00:00Z,1.168224,1.168497,1.168088,1.168361
2026-01-08T05:00:00Z,1.168361,1.168634,1.168088,1.168634
2026-01-08T06:00:00Z,1.168497,1.168634,1.167815,1.168497
2026-01-08T07:00:00Z,1.168497,1.168634,1.168088,1.168224
2026-01-08T08:00:00Z,1.168088,1.168224,1.167270,1.167542
2026-01-08T09:00:00Z,1.167270,1.168088,1.167270,1.168088
2026-01-08T10:00:00Z,1.168224,1.168361,1.167951,1.168361
2026-01-08T11:00:00Z,1.168224,1.168361,1.167951,1.168088
2026-01-08T12:00:00Z,1.167951,1.167951,1.167406,1.167542
2026-01-08T13:00:00Z,1.167815,1.168088,1.166181,1.166589
2026-01-08T14:00:00Z,1.166589,1.166997,1.166045,1.166861
2026-01-08T15:00:00Z,1.166725,1.167679,1.166589,1.166997
2026-01-08T16:00:00Z,1.166997,1.167133,1.165637,1.165909
2026-01-08T17:00:00Z,1.165637,1.165909,1.164822,1.165501
2026-01-08T18:00:00Z,1.165501,1.165501,1.164822,1.164822
2026-01-08T19:00:00Z,1.164687,1.165365,1.164551,1.165365
2026-01-08T20:00:00Z,1.165365,1.165773,1.165365,1.165501
2026-01-08T21:00:00Z,1.165501,1.166589,1.165365,1.166317
2026-01-08T22:00:00Z,1.166453,1.166861,1.165637,1.166181
2026-01-08T23:00:00Z,1.166317,1.166589,1.166045,1.166045
2026-01-09T00:00:00Z,1.166045,1.166045,1.165773,1.165773
2026-01-09T01:00:00Z,1.165773,1.166045,1.165094,1.165230
2026-01-09T02:00:00Z,1.165365,1.165773,1.164958,1.165773
2026-01-09T03:00:00Z,1.165909,1.166181,1.165773,1.165909
2026-01-09T04:00:00Z,1.166181,1.166181,1.165637,1.165773
2026-01-09T05:00:00Z,1.165773,1.166045,1.165365,1.165501
2026-01-09T06:00:00Z,1.165365,1.165637,1.165230,1.165230
2026-01-09T07:00:00Z,1.165094,1.165365,1.164415,1.165365
2026-01-09T08:00:00Z,1.165501,1.165501,1.164551,1.165094
2026-01-09T09:00:00Z,1.165365,1.165365,1.164551,1.164551
2026-01-09T10:00:00Z,1.164551,1.164958,1.164280,1.164958
2026-01-09T11:00:00Z,1.164958,1.164958,1.164551,1.164958
2026-01-09T12:00:00Z,1.164822,1.164958,1.164415,1.164415
2026-01-09T13:00:00Z,1.164415,1.166317,1.164144,1.164822
2026-01-09T14:00:00Z,1.165230,1.165365,1.163332,1.164009
2026-01-09T15:00:00Z,1.163738,1.164415,1.162250,1.164280
2026-01-09T16:00:00Z,1.164551,1.164551,1.163196,1.163738
2026-01-09T17:00:00Z,1.163603,1.163603,1.163196,1.163467
2026-01-09T18:00:00Z,1.163467,1.164280,1.163467,1.163738
2026-01-09T19:00:00Z,1.163603,1.164144,1.163603,1.163873
2026-01-09T20:00:00Z,1.163738,1.164144,1.163738,1.163873
2026-01-09T21:00:00Z,1.163738,1.164009,1.163332,1.163873
2026-01-09T22:00:00Z,1.163873,1.163873,1.163873,1.163873
2026-01-12T00:00:00Z,1.162791,1.166725,1.162656,1.166725
2026-01-12T01:00:00Z,1.166861,1.167406,1.165909,1.166045
2026-01-12T02:00:00Z,1.165909,1.166725,1.165909,1.165909
2026-01-12T03:00:00Z,1.165909,1.166181,1.165909,1.165909
2026-01-12T04:00:00Z,1.165909,1.166181,1.165637,1.165909
2026-01-12T05:00:00Z,1.165909,1.167406,1.165909,1.167270
2026-01-12T06:00:00Z,1.167270,1.167679,1.166725,1.167270
2026-01-12T07:00:00Z,1.167270,1.168907,1.167270,1.168907
2026-01-12T08:00:00Z,1.168770,1.169454,1.167951,1.169180
2026-01-12T09:00:00Z,1.169044,1.169864,1.168634,1.168634
2026-01-12T10:00:00Z,1.168634,1.168907,1.167951,1.168907
2026-01-12T11:00:00Z,1.168907,1.169317,1.167951,1.168224
2026-01-12T12:00:00Z,1.168224,1.169044,1.168088,1.168497
2026-01-12T13:00:00Z,1.168497,1.170138,1.168088,1.169591
2026-01-12T14:00:00Z,1.169591,1.169591,1.167951,1.168088
2026-01-12T15:00:00Z,1.168088,1.168907,1.167679,1.168497
2026-01-12T16:00:00Z,1.168497,1.168497,1.167542,1.167542
2026-01-12T17:00:00Z,1.167542,1.167815,1.166997,1.167406
2026-01-12T18:00:00Z,1.167270,1.167406,1.166861,1.167270
2026-01-12T19:00:00Z,1.167270,1.167679,1.167133,1.167542
2026-01-12T20:00:00Z,1.167542,1.167542,1.166725,1.166725
2026-01-12T21:00:00Z,1.166861,1.167270,1.166725,1.166997
2026-01-12T22:00:00Z,1.166997,1.167406,1.166997,1.167270
2026-01-12T23:00:00Z,1.166997,1.167270,1.166861,1.166997
2026-01-13T00:00:00Z,1.167133,1.167133,1.166453,1.166589
2026-01-13T01:00:00Z,1.166725,1.166861,1.166181,1.166181
2026-01-13T02:00:00Z,1.166181,1.166453,1.166045,1.166181
2026-01-13T03:00:00Z,1.166181,1.166589,1.166045,1.166181
2026-01-13T04:00:00Z,1.166181,1.166861,1.166181,1.166861
2026-01-13T05:00:00Z,1.166861,1.167133,1.166589,1.166589
2026-01-13T06:00:00Z,1.166589,1.166589,1.165773,1.166181
2026-01-13T07:00:00Z,1.166181,1.166861,1.165909,1.166861
2026-01-13T08:00:00Z,1.166725,1.167133,1.166181,1.166997
2026-01-13T09:00:00Z,1.167270,1.167679,1.166725,1.167406
2026-01-13T10:00:00Z,1.167542,1.167679,1.166861,1.166997
2026-01-13T11:00:00Z,1.166997,1.167406,1.166861,1.167133
2026-01-13T12:00:00Z,1.167270,1.167270,1.165773,1.165909
2026-01-13T13:00:00Z,1.165773,1.168088,1.165365,1.167133
2026-01-13T14:00:00Z,1.167133,1.167542,1.166181,1.166725
2026-01-13T15:00:00Z,1.166725,1.166725,1.164822,1.165365
2026-01-13T16:00:00Z,1.165501,1.165637,1.163873,1.164958
2026-01-13T17:00:00Z,1.164958,1.165230,1.164551,1.164822
2026-01-13T18:00:00Z,1.165094,1.165773,1.164551,1.165773
2026-01-13T19:00:00Z,1.165637,1.165637,1.164958,1.165365
2026-01-13T20:00:00Z,1.165230,1.165365,1.164822,1.164958
2026-01-13T21:00:00Z,1.164822,1.164958,1.164551,1.164551
2026-01-13T22:00:00Z,1.164822,1.164958,1.164415,1.164551
2026-01-13T23:00:00Z,1.164687,1.164958,1.164551,1.164551
2026-01-14T00:00:00Z,1.164551,1.164687,1.164144,1.164687
2026-01-14T01:00:00Z,1.164687,1.164687,1.164009,1.164144
2026-01-14T02:00:00Z,1.164144,1.164822,1.164009,1.164822
2026-01-14T03:00:00Z,1.164822,1.165230,1.164822,1.165094
2026-01-14T04:00:00Z,1.164958,1.165230,1.164687,1.164687
2026-01-14T05:00:00Z,1.164687,1.164958,1.164551,1.164551
2026-01-14T06:00:00Z,1.164551,1.165230,1.164551,1.165230
2026-01-14T07:00:00Z,1.165230,1.165501,1.164822,1.164958
2026-01-14T08:00:00Z,1.164958,1.165365,1.164551,1.164958
2026-01-14T09:00:00Z,1.165094,1.165637,1.164958,1.165637
2026-01-14T10:00:00Z,1.165501,1.166181,1.165094,1.165909
2026-01-14T11:00:00Z,1.165773,1.165773,1.164822,1.164958
2026-01-14T12:00:00Z,1.165094,1.166317,1.164822,1.166317
2026-01-14T13:00:00Z,1.166317,1.166317,1.164958,1.165365
2026-01-14T14:00:00Z,1.165365,1.166317,1.165365,1.165909
2026-01-14T15:00:00Z,1.165773,1.166317,1.165365,1.166317
2026-01-14T16:00:00Z,1.166317,1.166453,1.165637,1.165909
2026-01-14T17:00:00Z,1.165773,1.165909,1.164958,1.164958
2026-01-14T18:00:00Z,1.164958,1.165094,1.164280,1.164415
2026-01-14T19:00:00Z,1.164144,1.164280,1.163873,1.164144
2026-01-14T20:00:00Z,1.164009,1.165094,1.164009,1.164551
2026-01-14T21:00:00Z,1.164687,1.164958,1.164551,1.164822
2026-01-14T22:00:00Z,1.165094,1.165230,1.164687,1.164958
2026-01-14T23:00:00Z,1.165230,1.165230,1.164687,1.164958
2026-01-15T00:00:00Z,1.164822,1.164958,1.163873,1.164009
2026-01-15T01:00:00Z,1.164144,1.164551,1.163738,1.164280
2026-01-15T02:00:00Z,1.164144,1.164415,1.164009,1.164415
2026-01-15T03:00:00Z,1.164415,1.164415,1.164009,1.164280
2026-01-15T04:00:00Z,1.164280,1.164280,1.163738,1.163873
2026-01-15T05:00:00Z,1.163738,1.164144,1.163738,1.163873
2026-01-15T06:00:00Z,1.163873,1.164144,1.163332,1.163738
2026-01-15T07:00:00Z,1.163738,1.163873,1.163061,1.163196
2026-01-15T08:00:00Z,1.163196,1.163873,1.163061,1.163467
2026-01-15T09:00:00Z,1.163467,1.164280,1.163467,1.164009
2026-01-15T10:00:00Z,1.164009,1.164415,1.163738,1.164009
2026-01-15T11:00:00Z,1.164009,1.164144,1.163467,1.163467
2026-01-15T12:00:00Z,1.163467,1.163873,1.162520,1.162520
2026-01-15T13:00:00Z,1.162656,1.162791,1.160227,1.160227
2026-01-15T14:00:00Z,1.160497,1.161305,1.159689,1.160362
2026-01-15T15:00:00Z,1.160497,1.161170,1.160093,1.160497
2026-01-15T16:00:00Z,1.160631,1.161440,1.160227,1.160901
2026-01-15T17:00:00Z,1.160766,1.161710,1.160766,1.161036
2026-01-15T18:00:00Z,1.161305,1.161845,1.161305,1.161710
2026-01-15T19:00:00Z,1.161845,1.162115,1.161575,1.161710
2026-01-15T20:00:00Z,1.161710,1.161845,1.160631,1.160766
2026-01-15T21:00:00Z,1.160766,1.161440,1.160631,1.161440
2026-01-15T22:00:00Z,1.161170,1.161440,1.161036,1.161036
2026-01-15T23:00:00Z,1.160901,1.161305,1.160901,1.161305
2026-01-16T00:00:00Z,1.161305,1.161305,1.160631,1.160766
2026-01-16T01:00:00Z,1.160766,1.161170,1.160631,1.161036
2026-01-16T02:00:00Z,1.161036,1.161710,1.161036,1.161170
2026-01-16T03:00:00Z,1.161305,1.161575,1.161036,1.161575
2026-01-16T04:00:00Z,1.161575,1.161710,1.161440,1.161440
2026-01-16T05:00:00Z,1.161440,1.161440,1.160901,1.161036
2026-01-16T06:00:00Z,1.161036,1.161305,1.160766,1.161305
2026-01-16T07:00:00Z,1.161170,1.161710,1.161170,1.161575
2026-01-16T08:00:00Z,1.161575,1.161710,1.161170,1.161305
2026-01-16T09:00:00Z,1.161305,1.161845,1.161170,1.161170
2026-01-16T10:00:00Z,1.161170,1.162250,1.161170,1.161845
2026-01-16T11:00:00Z,1.161710,1.162656,1.161710,1.162250
2026-01-16T12:00:00Z,1.162250,1.162520,1.161710,1.162250
2026-01-16T13:00:00Z,1.162250,1.162385,1.161440,1.162250
2026-01-16T14:00:00Z,1.162250,1.162385,1.161710,1.161980
2026-01-16T15:00:00Z,1.162115,1.162926,1.159017,1.159689
2026-01-16T16:00:00Z,1.159824,1.160901,1.159824,1.160093
2026-01-16T17:00:00Z,1.160227,1.160631,1.159824,1.159958
2026-01-16T18:00:00Z,1.159824,1.160227,1.159286,1.159958
2026-01-16T19:00:00Z,1.159824,1.160093,1.159555,1.159958
2026-01-16T20:00:00Z,1.159958,1.160631,1.159958,1.160362
2026-01-16T21:00:00Z,1.160227,1.160631,1.160093,1.160227
2026-01-16T22:00:00Z,1.160362,1.160362,1.160362,1.160362
2026-01-19T00:00:00Z,1.162791,1.164144,1.161170,1.163603
2026-01-19T01:00:00Z,1.163467,1.163603,1.162520,1.162520
2026-01-19T02:00:00Z,1.162520,1.162656,1.161980,1.162115
2026-01-19T03:00:00Z,1.162250,1.162926,1.161980,1.162791
2026-01-19T04:00:00Z,1.162926,1.163603,1.162926,1.163603
2026-01-19T05:00:00Z,1.163738,1.164009,1.163061,1.163061
2026-01-19T06:00:00Z,1.163196,1.163467,1.162926,1.163196
2026-01-19T07:00:00Z,1.163061,1.164415,1.162656,1.162926
2026-01-19T08:00:00Z,1.163061,1.163196,1.162250,1.162791
2026-01-19T09:00:00Z,1.162791,1.163332,1.161440,1.162656
2026-01-19T10:00:00Z,1.162791,1.163196,1.162520,1.162926
2026-01-19T11:00:00Z,1.162791,1.163196,1.162385,1.163196
2026-01-19T12:00:00Z,1.163061,1.163603,1.162926,1.162926
2026-01-19T13:00:00Z,1.163061,1.163873,1.163061,1.163467
2026-01-19T14:00:00Z,1.163467,1.164551,1.163332,1.164415
2026-01-19T15:00:00Z,1.164280,1.164687,1.163603,1.164280
2026-01-19T16:00:00Z,1.164280,1.165094,1.164144,1.164551
2026-01-19T17:00:00Z,1.164551,1.164958,1.164415,1.164958
2026-01-19T18:00:00Z,1.164958,1.165230,1.164687,1.164687
2026-01-19T19:00:00Z,1.164687,1.165094,1.164551,1.164687
2026-01-19T20:00:00Z,1.164687,1.164822,1.164551,1.164822
2026-01-19T21:00:00Z,1.164822,1.164958,1.164687,1.164958
2026-01-19T22:00:00Z,1.165637,1.165637,1.164280,1.164687
2026-01-19T23:00:00Z,1.164958,1.164958,1.164280,1.164280
2026-01-20T00:00:00Z,1.164280,1.164415,1.163603,1.164415
2026-01-20T01:00:00Z,1.164415,1.164687,1.164280,1.164687
2026-01-20T02:00:00Z,1.164822,1.164958,1.164415,1.164822
2026-01-20T03:00:00Z,1.164822,1.166181,1.164687,1.166045
2026-01-20T04:00:00Z,1.165909,1.166997,1.165909,1.166861
2026-01-20T05:00:00Z,1.166997,1.167542,1.166725,1.166725
2026-01-20T06:00:00Z,1.166589,1.167270,1.166589,1.167270
2026-01-20T07:00:00Z,1.167133,1.169727,1.166725,1.169317
2026-01-20T08:00:00Z,1.169180,1.172470,1.169180,1.172058
2026-01-20T09:00:00Z,1.172196,1.173571,1.172058,1.172883
2026-01-20T10:00:00Z,1.173158,1.173434,1.171921,1.173434
2026-01-20T11:00:00Z,1.173434,1.174260,1.172608,1.173709
2026-01-20T12:00:00Z,1.173847,1.174674,1.173020,1.173020
2026-01-20T13:00:00Z,1.173158,1.177024,1.172333,1.173847
2026-01-20T14:00:00Z,1.173709,1.173847,1.172058,1.172196
2026-01-20T15:00:00Z,1.172058,1.173985,1.172058,1.173985
2026-01-20T16:00:00Z,1.173158,1.174260,1.173158,1.174260
2026-01-20T17:00:00Z,1.174122,1.174536,1.173434,1.173571
2026-01-20T18:00:00Z,1.173434,1.173709,1.173020,1.173020
2026-01-20T19:00:00Z,1.173158,1.173158,1.171509,1.171509
2026-01-20T20:00:00Z,1.171646,1.172333,1.171509,1.172196
2026-01-20T21:00:00Z,1.172196,1.173020,1.172196,1.173020
2026-01-20T22:00:00Z,1.172333,1.173296,1.171783,1.172333
2026-01-20T23:00:00Z,1.172745,1.173158,1.172470,1.173158
2026-01-21T00:00:00Z,1.172745,1.172883,1.172058,1.172608
2026-01-21T01:00:00Z,1.172745,1.173709,1.172745,1.173158
2026-01-21T02:00:00Z,1.173158,1.173434,1.172745,1.172883
2026-01-21T03:00:00Z,1.173158,1.173158,1.171509,1.172196
2026-01-21T04:00:00Z,1.172196,1.172470,1.171783,1.172196
2026-01-21T05:00:00Z,1.172196,1.172470,1.171921,1.172058
2026-01-21T06:00:00Z,1.171921,1.172883,1.171921,1.172745
2026-01-21T07:00:00Z,1.172470,1.172883,1.171509,1.172058
2026-01-21T08:00:00Z,1.172196,1.172196,1.170960,1.171372
2026-01-21T09:00:00Z,1.171234,1.171646,1.170549,1.170686
2026-01-21T10:00:00Z,1.170686,1.171234,1.170412,1.170960
2026-01-21T11:00:00Z,1.170960,1.172333,1.170823,1.171646
2026-01-21T12:00:00Z,1.171646,1.173985,1.171646,1.173847
2026-01-21T13:00:00Z,1.173709,1.174536,1.173296,1.174122
2026-01-21T14:00:00Z,1.174398,1.174398,1.172058,1.172883
2026-01-21T15:00:00Z,1.172745,1.173158,1.170412,1.170549
2026-01-21T16:00:00Z,1.170549,1.171372,1.169864,1.170686
2026-01-21T17:00:00Z,1.170686,1.171509,1.170138,1.170686
2026-01-21T18:00:00Z,1.170549,1.170549,1.170001,1.170001
2026-01-21T19:00:00Z,1.169864,1.170823,1.168224,1.169454
2026-01-21T20:00:00Z,1.169317,1.169317,1.168088,1.169180
2026-01-21T21:00:00Z,1.169044,1.169317,1.168770,1.168907
2026-01-21T22:00:00Z,1.168907,1.169454,1.168634,1.168770
2026-01-21T23:00:00Z,1.168770,1.168907,1.167542,1.167542
2026-01-22T00:00:00Z,1.167679,1.169317,1.167679,1.169044
2026-01-22T01:00:00Z,1.169044,1.169317,1.168634,1.169317
2026-01-22T02:00:00Z,1.169180,1.169727,1.168770,1.168907
2026-01-22T03:00:00Z,1.169044,1.169317,1.168907,1.169317
2026-01-22T04:00:00Z,1.169317,1.170001,1.169317,1.169454
2026-01-22T05:00:00Z,1.169454,1.169454,1.168770,1.169180
2026-01-22T06:00:00Z,1.169180,1.169454,1.168770,1.169180
2026-01-22T07:00:00Z,1.169180,1.169864,1.168907,1.169454
2026-01-22T08:00:00Z,1.169317,1.169864,1.168770,1.169317
2026-01-22T09:00:00Z,1.169180,1.170001,1.169180,1.169454
2026-01-22T10:00:00Z,1.169727,1.169864,1.169044,1.169727
2026-01-22T11:00:00Z,1.169727,1.170823,1.169454,1.170686
2026-01-22T12:00:00Z,1.170549,1.171234,1.170412,1.170823
2026-01-22T13:00:00Z,1.170686,1.172196,1.170686,1.171646
2026-01-22T14:00:00Z,1.171783,1.172883,1.171509,1.172333
2026-01-22T15:00:00Z,1.172470,1.173709,1.172333,1.173709
2026-01-22T16:00:00Z,1.173709,1.175364,1.173709,1.174260
2026-01-22T17:00:00Z,1.174260,1.175088,1.173709,1.175088
2026-01-22T18:00:00Z,1.174812,1.175226,1.174674,1.175088
2026-01-22T19:00:00Z,1.175088,1.175088,1.174536,1.174812
2026-01-22T20:00:00Z,1.174674,1.175503,1.174536,1.175088
2026-01-22T21:00:00Z,1.175226,1.176055,1.175088,1.175641
2026-01-22T22:00:00Z,1.175226,1.176194,1.174812,1.175917
2026-01-22T23:00:00Z,1.176055,1.176471,1.175641,1.175779
2026-01-23T00:00:00Z,1.175641,1.175641,1.175226,1.175226
2026-01-23T01:00:00Z,1.175088,1.175641,1.175088,1.175226
2026-01-23T02:00:00Z,1.175364,1.175364,1.174812,1.174950
2026-01-23T03:00:00Z,1.174950,1.175226,1.174674,1.174674
2026-01-23T04:00:00Z,1.174812,1.175364,1.174674,1.175364
2026-01-23T05:00:00Z,1.175503,1.175641,1.175364,1.175364
2026-01-23T06:00:00Z,1.175364,1.175779,1.174536,1.174536
2026-01-23T07:00:00Z,1.174674,1.174812,1.173985,1.173985
2026-01-23T08:00:00Z,1.174260,1.174812,1.173158,1.174398
2026-01-23T09:00:00Z,1.174398,1.174812,1.173847,1.173847
2026-01-23T10:00:00Z,1.173847,1.173847,1.173434,1.173709
2026-01-23T11:00:00Z,1.173847,1.174398,1.173434,1.174122
2026-01-23T12:00:00Z,1.174122,1.174812,1.174122,1.174536
2026-01-23T13:00:00Z,1.174674,1.175088,1.173709,1.173709
2026-01-23T14:00:00Z,1.173847,1.175088,1.173571,1.174950
2026-01-23T15:00:00Z,1.175088,1.176332,1.174950,1.176194
2026-01-23T16:00:00Z,1.176055,1.177718,1.175088,1.177440
2026-01-23T17:00:00Z,1.177440,1.180080,1.177440,1.179802
2026-01-23T18:00:00Z,1.179523,1.179663,1.178134,1.179523
2026-01-23T19:00:00Z,1.179523,1.181754,1.179523,1.181614
2026-01-23T20:00:00Z,1.181614,1.182872,1.181474,1.182592
2026-01-23T21:00:00Z,1.182452,1.183572,1.182452,1.183292
2026-01-23T22:00:00Z,1.182313,1.182313,1.182313,1.182313
2026-01-26T00:00:00Z,1.185677,1.186662,1.184834,1.186521
2026-01-26T01:00:00Z,1.186662,1.187225,1.185818,1.186099
2026-01-26T02:00:00Z,1.185958,1.187931,1.185958,1.187085
2026-01-26T03:00:00Z,1.186944,1.186944,1.186240,1.186521
2026-01-26T04:00:00Z,1.186380,1.187085,1.185958,1.186240
2026-01-26T05:00:00Z,1.186380,1.187225,1.186240,1.186803
2026-01-26T06:00:00Z,1.186803,1.186803,1.185536,1.185536
2026-01-26T07:00:00Z,1.185536,1.186662,1.184273,1.184273
2026-01-26T08:00:00Z,1.184694,1.186240,1.184273,1.185677
2026-01-26T09:00:00Z,1.185536,1.187085,1.184553,1.186803
2026-01-26T10:00:00Z,1.186803,1.186803,1.185677,1.186380
2026-01-26T11:00:00Z,1.186380,1.186380,1.185255,1.185958
2026-01-26T12:00:00Z,1.185818,1.185958,1.184413,1.184553
2026-01-26T13:00:00Z,1.184553,1.185958,1.183992,1.185958
2026-01-26T14:00:00Z,1.185958,1.188354,1.185677,1.188354
2026-01-26T15:00:00Z,1.188213,1.189910,1.187507,1.189910
2026-01-26T16:00:00Z,1.190051,1.190618,1.188354,1.188919
2026-01-26T17:00:00Z,1.188919,1.189485,1.187931,1.188213
2026-01-26T18:00:00Z,1.188213,1.189343,1.188213,1.188354
2026-01-26T19:00:00Z,1.188213,1.188495,1.187366,1.188213
2026-01-26T20:00:00Z,1.188637,1.188778,1.188072,1.188637
2026-01-26T21:00:00Z,1.188637,1.188919,1.187790,1.188354
2026-01-26T22:00:00Z,1.187648,1.188637,1.187648,1.188354
2026-01-26T23:00:00Z,1.188495,1.188495,1.187648,1.187790
2026-01-27T00:00:00Z,1.187790,1.188637,1.187790,1.188072
2026-01-27T01:00:00Z,1.188213,1.188495,1.187790,1.188213
2026-01-27T02:00:00Z,1.188213,1.190334,1.187931,1.189768
2026-01-27T03:00:00Z,1.189626,1.189626,1.188354,1.188354
2026-01-27T04:00:00Z,1.188354,1.188495,1.187366,1.187648
2026-01-27T05:00:00Z,1.187648,1.188213,1.187648,1.188072
2026-01-27T06:00:00Z,1.187931,1.188495,1.187507,1.187507
2026-01-27T07:00:00Z,1.187648,1.187931,1.186521,1.186803
2026-01-27T08:00:00Z,1.186944,1.186944,1.185536,1.186380
2026-01-27T09:00:00Z,1.186240,1.189202,1.186240,1.189202
2026-01-27T10:00:00Z,1.189061,1.189343,1.187790,1.189202
2026-01-27T11:00:00Z,1.189202,1.190051,1.188919,1.190051
2026-01-27T12:00:00Z,1.189910,1.193460,1.189768,1.193175
2026-01-27T13:00:00Z,1.193602,1.194172,1.191895,1.192748
2026-01-27T14:00:00Z,1.192748,1.195743,1.192321,1.194743
2026-01-27T15:00:00Z,1.195314,1.197461,1.195171,1.195314
2026-01-27T16:00:00Z,1.195600,1.199328,1.195600,1.198322
2026-01-27T17:00:00Z,1.198179,1.198610,1.196315,1.198322
2026-01-27T18:00:00Z,1.198466,1.199041,1.197605,1.198322
2026-01-27T19:00:00Z,1.198035,1.198322,1.197605,1.198035
2026-01-27T20:00:00Z,1.197892,1.208459,1.197892,1.203659
2026-01-27T21:00:00Z,1.203514,1.205255,1.202790,1.204384
2026-01-27T22:00:00Z,1.205400,1.205400,1.202357,1.204674
2026-01-27T23:00:00Z,1.204529,1.204529,1.202068,1.202212
2026-01-28T00:00:00Z,1.202357,1.202646,1.201345,1.201923
2026-01-28T01:00:00Z,1.201490,1.201634,1.199760,1.199760
2026-01-28T02:00:00Z,1.200048,1.200336,1.199185,1.200048
2026-01-28T03:00:00Z,1.200048,1.200769,1.199904,1.200048
2026-01-28T04:00:00Z,1.200048,1.200480,1.199472,1.200480
2026-01-28T05:00:00Z,1.200336,1.200336,1.197892,1.200048
2026-01-28T06:00:00Z,1.200048,1.200913,1.199616,1.199904
2026-01-28T07:00:00Z,1.199904,1.202935,1.198897,1.199472
2026-01-28T08:00:00Z,1.199328,1.200624,1.197461,1.198322
2026-01-28T09:00:00Z,1.198897,1.199616,1.198035,1.199185
2026-01-28T10:00:00Z,1.199185,1.199616,1.197748,1.199328
2026-01-28T11:00:00Z,1.199041,1.199041,1.196602,1.197175
2026-01-28T12:00:00Z,1.197318,1.198610,1.197031,1.198322
2026-01-28T13:00:00Z,1.198179,1.198322,1.195743,1.196029
2026-01-28T14:00:00Z,1.196029,1.198035,1.195743,1.196602
2026-01-28T15:00:00Z,1.196602,1.197318,1.193602,1.194600
2026-01-28T16:00:00Z,1.195029,1.195457,1.192606,1.194315
2026-01-28T17:00:00Z,1.194458,1.194600,1.193317,1.194458
2026-01-28T18:00:00Z,1.194458,1.194600,1.191895,1.192606
2026-01-28T19:00:00Z,1.193745,1.194458,1.190618,1.194458
2026-01-28T20:00:00Z,1.194743,1.195314,1.193317,1.194886
2026-01-28T21:00:00Z,1.194886,1.195886,1.194600,1.195886
2026-01-28T22:00:00Z,1.195886,1.196315,1.195171,1.196029
2026-01-28T23:00:00Z,1.195886,1.198035,1.195600,1.198035
2026-01-29T00:00:00Z,1.198179,1.198753,1.197318,1.197748
2026-01-29T01:00:00Z,1.197461,1.197461,1.196172,1.196458
2026-01-29T02:00:00Z,1.196315,1.197892,1.195886,1.197605
2026-01-29T03:00:00Z,1.197461,1.199041,1.197461,1.199041
2026-01-29T04:00:00Z,1.199185,1.199328,1.198035,1.199328
2026-01-29T05:00:00Z,1.199472,1.199616,1.198466,1.198466
2026-01-29T06:00:00Z,1.198466,1.199328,1.198035,1.198897
2026-01-29T07:00:00Z,1.199041,1.199760,1.197175,1.197748
2026-01-29T08:00:00Z,1.198179,1.198897,1.196602,1.197031
2026-01-29T09:00:00Z,1.197175,1.197605,1.195600,1.195886
2026-01-29T10:00:00Z,1.196029,1.196029,1.194315,1.194600
2026-01-29T11:00:00Z,1.194600,1.195600,1.194315,1.195171
2026-01-29T12:00:00Z,1.195029,1.196458,1.194600,1.196458
2026-01-29T13:00:00Z,1.196602,1.197175,1.194743,1.195886
2026-01-29T14:00:00Z,1.196172,1.197318,1.195600,1.197175
2026-01-29T15:00:00Z,1.197031,1.197031,1.191185,1.193317
2026-01-29T16:00:00Z,1.193460,1.195457,1.193175,1.194600
2026-01-29T17:00:00Z,1.194886,1.196458,1.194743,1.195886
2026-01-29T18:00:00Z,1.195743,1.196745,1.195314,1.196315
2026-01-29T19:00:00Z,1.195886,1.196315,1.195457,1.195457
2026-01-29T20:00:00Z,1.195457,1.197175,1.195029,1.196745
2026-01-29T21:00:00Z,1.196745,1.197461,1.196602,1.197461
2026-01-29T22:00:00Z,1.198179,1.198322,1.195743,1.197318
2026-01-29T23:00:00Z,1.197461,1.197748,1.196888,1.196888
2026-01-30T00:00:00Z,1.197031,1.197748,1.193460,1.193460
2026-01-30T01:00:00Z,1.193317,1.194315,1.191895,1.192037
2026-01-30T02:00:00Z,1.191753,1.192321,1.189910,1.192179
2026-01-30T03:00:00Z,1.192179,1.192606,1.191753,1.192464
2026-01-30T04:00:00Z,1.192321,1.193745,1.192321,1.192890
2026-01-30T05:00:00Z,1.192890,1.193887,1.191895,1.192748
2026-01-30T06:00:00Z,1.192890,1.193602,1.191753,1.192179
2026-01-30T07:00:00Z,1.192179,1.194458,1.191895,1.194030
2026-01-30T08:00:00Z,1.194172,1.194600,1.192748,1.193602
2026-01-30T09:00:00Z,1.194315,1.194315,1.190334,1.191185
2026-01-30T10:00:00Z,1.191327,1.192890,1.191043,1.192464
2026-01-30T11:00:00Z,1.192464,1.195314,1.192464,1.195314
2026-01-30T12:00:00Z,1.195457,1.195886,1.191895,1.192179
2026-01-30T13:00:00Z,1.192464,1.192748,1.190760,1.191611
2026-01-30T14:00:00Z,1.192037,1.192464,1.190760,1.191043
2026-01-30T15:00:00Z,1.190618,1.190760,1.188919,1.189061
2026-02-02T19:00:00Z,1.178134,1.179523,1.177995,1.179384
2026-02-02T20:00:00Z,1.179106,1.179523,1.178411,1.179523
2026-02-02T21:00:00Z,1.179663,1.179802,1.179245,1.179245
2026-02-02T22:00:00Z,1.179245,1.179802,1.179245,1.179384
2026-02-02T23:00:00Z,1.179384,1.180220,1.179106,1.180220
2026-02-03T00:00:00Z,1.180220,1.181056,1.180220,1.180916
2026-02-03T01:00:00Z,1.181056,1.181754,1.180638,1.181754
2026-02-03T02:00:00Z,1.181754,1.181754,1.180498,1.180498
2026-02-03T03:00:00Z,1.180498,1.181614,1.180498,1.181614
2026-02-03T04:00:00Z,1.181335,1.182033,1.181335,1.181335
2026-02-03T05:00:00Z,1.181335,1.181614,1.180916,1.181335
2026-02-03T06:00:00Z,1.181195,1.182033,1.181195,1.181754
2026-02-03T07:00:00Z,1.181614,1.182732,1.181335,1.181893
2026-02-03T08:00:00Z,1.181893,1.182313,1.180777,1.182033
2026-02-03T09:00:00Z,1.181893,1.181893,1.179663,1.179663
2026-02-03T10:00:00Z,1.179663,1.180220,1.179106,1.179106
2026-02-03T11:00:00Z,1.179106,1.179802,1.178689,1.179245
2026-02-03T12:00:00Z,1.179245,1.180220,1.179106,1.179941
2026-02-03T13:00:00Z,1.180080,1.181056,1.179802,1.179941
2026-02-03T14:00:00Z,1.179802,1.180498,1.178411,1.179523
2026-02-03T15:00:00Z,1.179523,1.181754,1.179106,1.181754
2026-02-03T16:00:00Z,1.181614,1.182452,1.181474,1.182173
2026-02-03T17:00:00Z,1.182313,1.183152,1.181754,1.182033
2026-02-03T18:00:00Z,1.182033,1.182452,1.181335,1.181335
2026-02-03T19:00:00Z,1.181195,1.182033,1.181056,1.181754
2026-02-03T20:00:00Z,1.181614,1.182452,1.181335,1.182452
2026-02-03T21:00:00Z,1.182452,1.182872,1.182173,1.182173
2026-02-03T22:00:00Z,1.182452,1.182732,1.181754,1.182452
2026-02-03T23:00:00Z,1.182033,1.182452,1.181614,1.181893
2026-02-04T00:00:00Z,1.181893,1.182033,1.181335,1.181754
2026-02-04T01:00:00Z,1.181754,1.183572,1.181614,1.183012
2026-02-04T02:00:00Z,1.183012,1.183432,1.182313,1.182452
2026-02-04T03:00:00Z,1.182592,1.183152,1.182452,1.183012
2026-02-04T04:00:00Z,1.183012,1.183852,1.183012,1.183852
2026-02-04T05:00:00Z,1.183852,1.183992,1.183572,1.183712
2026-02-04T06:00:00Z,1.183712,1.183852,1.183292,1.183292
2026-02-04T07:00:00Z,1.183432,1.183572,1.182872,1.183432
2026-02-04T08:00:00Z,1.183432,1.184133,1.182872,1.183292
2026-02-04T09:00:00Z,1.183292,1.183572,1.181474,1.181893
2026-02-04T10:00:00Z,1.181754,1.182033,1.180916,1.181754
2026-02-04T11:00:00Z,1.181614,1.181754,1.181056,1.181474
2026-02-04T12:00:00Z,1.181474,1.182732,1.181474,1.182592
2026-02-04T13:00:00Z,1.182592,1.182872,1.181614,1.182592
2026-02-04T14:00:00Z,1.182592,1.182872,1.181056,1.181893
2026-02-04T15:00:00Z,1.182173,1.182452,1.179663,1.179941
2026-02-04T16:00:00Z,1.179941,1.180777,1.179523,1.180638
2026-02-04T17:00:00Z,1.180498,1.181754,1.179802,1.180220
2026-02-04T18:00:00Z,1.180080,1.180498,1.179941,1.180498
2026-02-04T19:00:00Z,1.180498,1.181195,1.179941,1.181195
2026-02-04T20:00:00Z,1.181335,1.181335,1.180498,1.180638
2026-02-04T21:00:00Z,1.180777,1.181195,1.180638,1.180916
2026-02-04T22:00:00Z,1.182173,1.182173,1.180498,1.180777
2026-02-04T23:00:00Z,1.180916,1.181056,1.180498,1.180498
2026-02-05T00:00:00Z,1.180498,1.180777,1.180359,1.180638
2026-02-05T01:00:00Z,1.180777,1.181195,1.180638,1.180777
2026-02-05T02:00:00Z,1.180638,1.180777,1.179106,1.179106
2026-02-05T03:00:00Z,1.178828,1.179384,1.178828,1.179245
2026-02-05T04:00:00Z,1.179245,1.179523,1.179106,1.179245
2026-02-05T05:00:00Z,1.179106,1.179384,1.178828,1.179384
2026-02-05T06:00:00Z,1.179384,1.179523,1.178828,1.179384
2026-02-05T07:00:00Z,1.179384,1.180638,1.179384,1.180220
2026-02-05T08:00:00Z,1.180220,1.181056,1.179941,1.180359
2026-02-05T09:00:00Z,1.180498,1.180498,1.178411,1.178411
2026-02-05T10:00:00Z,1.178411,1.179523,1.178411,1.179106
2026-02-05T11:00:00Z,1.179106,1.179941,1.179106,1.179663
2026-02-05T12:00:00Z,1.179384,1.180638,1.179106,1.180359
2026-02-05T13:00:00Z,1.180498,1.181754,1.179523,1.181754
2026-02-05T14:00:00Z,1.181335,1.182452,1.180080,1.180080
2026-02-05T15:00:00Z,1.181474,1.181474,1.178550,1.179663
2026-02-05T16:00:00Z,1.179523,1.180638,1.178967,1.180638
2026-02-05T17:00:00Z,1.180359,1.180777,1.180080,1.180359
2026-02-05T18:00:00Z,1.180498,1.180638,1.179663,1.179663
2026-02-05T19:00:00Z,1.179663,1.180080,1.179663,1.179802
2026-02-05T20:00:00Z,1.179663,1.179802,1.178411,1.178411
2026-02-05T21:00:00Z,1.178411,1.178550,1.177856,1.177995
2026-02-05T22:00:00Z,1.178411,1.178828,1.177856,1.178134
2026-02-05T23:00:00Z,1.178411,1.178411,1.177856,1.178134
2026-02-06T00:00:00Z,1.177995,1.178550,1.177024,1.178550
2026-02-06T01:00:00Z,1.178550,1.179245,1.178273,1.178689
2026-02-06T02:00:00Z,1.178967,1.179523,1.178967,1.179106
2026-02-06T03:00:00Z,1.179106,1.179384,1.178967,1.179106
2026-02-06T04:00:00Z,1.179106,1.179941,1.179106,1.179802
2026-02-06T05:00:00Z,1.179802,1.180359,1.179802,1.180220
2026-02-06T06:00:00Z,1.180080,1.180498,1.179802,1.180080
2026-02-06T07:00:00Z,1.179941,1.180080,1.179245,1.179384
2026-02-06T08:00:00Z,1.179384,1.179941,1.179106,1.179663
2026-02-06T09:00:00Z,1.179663,1.180080,1.179523,1.179663
2026-02-06T10:00:00Z,1.179523,1.180359,1.179384,1.179663
2026-02-06T11:00:00Z,1.179523,1.179663,1.178967,1.179384
2026-02-06T12:00:00Z,1.179384,1.179663,1.179245,1.179663
2026-02-06T13:00:00Z,1.179663,1.181335,1.179663,1.181335
2026-02-06T14:00:00Z,1.181335,1.182872,1.181335,1.182173
2026-02-06T15:00:00Z,1.182313,1.182313,1.180916,1.182313
2026-02-06T16:00:00Z,1.182313,1.182452,1.181474,1.181474
2026-02-06T17:00:00Z,1.181474,1.182452,1.181474,1.182313
2026-02-06T18:00:00Z,1.182173,1.182732,1.182173,1.182173
2026-02-06T19:00:00Z,1.182313,1.182452,1.181893,1.182313
2026-02-06T20:00:00Z,1.182313,1.182592,1.182173,1.182592
2026-02-06T21:00:00Z,1.182592,1.182732,1.181754,1.182173
2026-02-06T22:00:00Z,1.181754,1.182033,1.181754,1.182033
2026-02-09T00:00:00Z,1.183012,1.183572,1.182732,1.183432
2026-02-09T01:00:00Z,1.183432,1.183572,1.182872,1.182872
2026-02-09T02:00:00Z,1.182872,1.182872,1.182033,1.182313
2026-02-09T03:00:00Z,1.182313,1.182872,1.182173,1.182173
2026-02-09T04:00:00Z,1.182313,1.183012,1.182313,1.183012
2026-02-09T05:00:00Z,1.183012,1.183992,1.183012,1.183712
2026-02-09T06:00:00Z,1.183712,1.186099,1.183712,1.185677
2026-02-09T07:00:00Z,1.185677,1.186380,1.185115,1.185958
2026-02-09T08:00:00Z,1.185958,1.186803,1.185536,1.186662
2026-02-09T09:00:00Z,1.186803,1.187366,1.186380,1.186521
2026-02-09T10:00:00Z,1.186521,1.187225,1.185958,1.186380
2026-02-09T11:00:00Z,1.186380,1.187507,1.186240,1.187225
2026-02-09T12:00:00Z,1.187366,1.188637,1.187366,1.188495
2026-02-09T13:00:00Z,1.188637,1.190760,1.188495,1.190618
2026-02-09T14:00:00Z,1.190618,1.192179,1.190618,1.192179
2026-02-09T15:00:00Z,1.192321,1.192890,1.190760,1.191327
2026-02-09T16:00:00Z,1.191469,1.192037,1.189768,1.190051
2026-02-09T17:00:00Z,1.190193,1.191327,1.190193,1.191185
2026-02-09T18:00:00Z,1.191185,1.192037,1.190902,1.191895
2026-02-09T19:00:00Z,1.192037,1.192606,1.191611,1.192321
2026-02-09T20:00:00Z,1.192321,1.192464,1.191753,1.191895
2026-02-09T21:00:00Z,1.191895,1.191895,1.191469,1.191753
2026-02-09T22:00:00Z,1.191611,1.192037,1.191469,1.192037
2026-02-09T23:00:00Z,1.191895,1.191895,1.190618,1.190618
2026-02-10T00:00:00Z,1.190760,1.190902,1.190193,1.190476
2026-02-10T01:00:00Z,1.190618,1.191327,1.190051,1.190902
2026-02-10T02:00:00Z,1.190902,1.191753,1.190902,1.191753
2026-02-10T03:00:00Z,1.191753,1.192037,1.191327,1.191327
2026-02-10T04:00:00Z,1.191469,1.191611,1.190902,1.191185
2026-02-10T05:00:00Z,1.191043,1.191327,1.190760,1.191185
2026-02-10T06:00:00Z,1.191043,1.191611,1.190476,1.190618
2026-02-10T07:00:00Z,1.190902,1.191327,1.190334,1.190902
2026-02-10T08:00:00Z,1.191185,1.192037,1.190618,1.191327
2026-02-10T09:00:00Z,1.191327,1.192321,1.191185,1.191753
2026-02-10T10:00:00Z,1.191753,1.192037,1.191327,1.191469
2026-02-10T11:00:00Z,1.191327,1.191327,1.190476,1.190760
2026-02-10T12:00:00Z,1.190760,1.191185,1.189485,1.189626
2026-02-10T13:00:00Z,1.189768,1.191469,1.189343,1.190760
2026-02-10T14:00:00Z,1.191043,1.193033,1.190760,1.192037
2026-02-10T15:00:00Z,1.191753,1.192179,1.190193,1.191895
2026-02-10T16:00:00Z,1.191753,1.191753,1.190051,1.190051
2026-02-10T17:00:00Z,1.190193,1.190902,1.189768,1.190051
2026-02-10T18:00:00Z,1.189910,1.190051,1.189485,1.189626
2026-02-10T19:00:00Z,1.189626,1.190618,1.189202,1.190476
2026-02-10T20:00:00Z,1.190618,1.190618,1.189910,1.189910
2026-02-10T21:00:00Z,1.189910,1.190051,1.189626,1.189910
2026-02-10T22:00:00Z,1.190051,1.190051,1.188495,1.189485
2026-02-10T23:00:00Z,1.189626,1.189626,1.189061,1.189202
2026-02-11T00:00:00Z,1.189202,1.190476,1.189061,1.190051
2026-02-11T01:00:00Z,1.190051,1.190618,1.189768,1.190051
2026-02-11T02:00:00Z,1.190193,1.191611,1.190193,1.191043
2026-02-11T03:00:00Z,1.191185,1.191753,1.190760,1.191327
2026-02-11T04:00:00Z,1.191469,1.191753,1.191043,1.191185
2026-02-11T05:00:00Z,1.191185,1.192179,1.191043,1.192179
2026-02-11T06:00:00Z,1.192179,1.192890,1.191611,1.191895
2026-02-11T07:00:00Z,1.191753,1.192179,1.191469,1.192179
2026-02-11T08:00:00Z,1.192037,1.192321,1.191611,1.192037
2026-02-11T09:00:00Z,1.192179,1.192321,1.191469,1.192037
2026-02-11T10:00:00Z,1.192179,1.193033,1.192037,1.192748
2026-02-11T11:00:00Z,1.192464,1.192464,1.191043,1.191327
2026-02-11T12:00:00Z,1.191185,1.191185,1.190334,1.190334
2026-02-11T13:00:00Z,1.190334,1.190760,1.184133,1.187225
2026-02-11T14:00:00Z,1.186521,1.188495,1.185677,1.186099
2026-02-11T15:00:00Z,1.186521,1.187507,1.185536,1.186240
2026-02-11T16:00:00Z,1.186240,1.188637,1.185818,1.188637
2026-02-11T17:00:00Z,1.188637,1.189626,1.188072,1.188919
2026-02-11T18:00:00Z,1.188919,1.189202,1.188354,1.188778
2026-02-11T19:00:00Z,1.188495,1.188778,1.188213,1.188354
2026-02-11T20:00:00Z,1.188354,1.188495,1.187507,1.187507
2026-02-11T21:00:00Z,1.187366,1.187790,1.187225,1.187507
2026-02-11T22:00:00Z,1.187507,1.188072,1.187225,1.187931
2026-02-11T23:00:00Z,1.187931,1.187931,1.187366,1.187931
2026-02-12T00:00:00Z,1.187790,1.188072,1.187085,1.187931
2026-02-12T01:00:00Z,1.187931,1.188495,1.187790,1.188354
2026-02-12T02:00:00Z,1.188495,1.188778,1.187931,1.188213
2026-02-12T03:00:00Z,1.188354,1.188354,1.186944,1.187225
2026-02-12T04:00:00Z,1.187366,1.187507,1.186380,1.186521
2026-02-12T05:00:00Z,1.186662,1.186944,1.186240,1.186803
2026-02-12T06:00:00Z,1.186803,1.187085,1.185677,1.186662
2026-02-12T07:00:00Z,1.186380,1.187931,1.186380,1.187648
2026-02-12T08:00:00Z,1.187790,1.188354,1.187507,1.188354
2026-02-12T09:00:00Z,1.188354,1.189061,1.188354,1.188919
2026-02-12T10:00:00Z,1.189061,1.189061,1.187931,1.188072
2026-02-12T11:00:00Z,1.188072,1.188778,1.187931,1.188778
2026-02-12T12:00:00Z,1.188778,1.188919,1.187085,1.187648
2026-02-12T13:00:00Z,1.187648,1.188778,1.187648,1.188778
2026-02-12T14:00:00Z,1.188919,1.189061,1.188213,1.188495
2026-02-12T15:00:00Z,1.188637,1.189202,1.188213,1.189061
2026-02-12T16:00:00Z,1.188919,1.189343,1.186803,1.187085
2026-02-12T17:00:00Z,1.187507,1.187931,1.186380,1.186803
2026-02-12T18:00:00Z,1.186944,1.187225,1.186099,1.186803
2026-02-12T19:00:00Z,1.186662,1.187507,1.186521,1.187366
2026-02-12T20:00:00Z,1.187366,1.187366,1.186662,1.187366
2026-02-12T21:00:00Z,1.187366,1.187648,1.187225,1.187507
2026-02-12T22:00:00Z,1.188354,1.188354,1.186803,1.186944
2026-02-12T23:00:00Z,1.187790,1.187790,1.186944,1.187085
2026-02-13T00:00:00Z,1.187225,1.187507,1.187085,1.187507
2026-02-13T01:00:00Z,1.187648,1.187648,1.186803,1.186803
2026-02-13T02:00:00Z,1.186944,1.187507,1.186662,1.187225
2026-02-13T03:00:00Z,1.187366,1.187366,1.186944,1.187085
2026-02-13T04:00:00Z,1.187085,1.187085,1.186380,1.186521
2026-02-13T05:00:00Z,1.186662,1.186803,1.186240,1.186240
2026-02-13T06:00:00Z,1.186240,1.186521,1.185818,1.185958
2026-02-13T07:00:00Z,1.185818,1.186380,1.185115,1.186240
2026-02-13T08:00:00Z,1.186240,1.186662,1.185958,1.186662
2026-02-13T09:00:00Z,1.186521,1.186944,1.186380,1.186380
2026-02-13T10:00:00Z,1.186380,1.186380,1.185677,1.185958
2026-02-13T11:00:00Z,1.186099,1.186380,1.185958,1.186099
2026-02-13T12:00:00Z,1.186240,1.186662,1.185958,1.186521
2026-02-13T13:00:00Z,1.186662,1.188354,1.186099,1.187790
2026-02-13T14:00:00Z,1.187648,1.187648,1.186099,1.186380
2026-02-13T15:00:00Z,1.186380,1.187366,1.185255,1.185255
2026-02-13T16:00:00Z,1.185255,1.187648,1.185255,1.187366
2026-02-13T17:00:00Z,1.187366,1.188637,1.187225,1.187931
2026-02-13T18:00:00Z,1.187931,1.188354,1.187648,1.187648
2026-02-13T19:00:00Z,1.187790,1.187790,1.186944,1.186944
2026-02-13T20:00:00Z,1.186944,1.187790,1.186803,1.187790
2026-02-13T21:00:00Z,1.187790,1.188072,1.187225,1.187225
2026-02-13T22:00:00Z,1.187085,1.187085,1.187085,1.187085
2026-02-16T00:00:00Z,1.187085,1.187085,1.186521,1.186521
2026-02-16T01:00:00Z,1.186521,1.186944,1.186380,1.186944
2026-02-16T02:00:00Z,1.186944,1.187085,1.186521,1.186944
2026-02-16T03:00:00Z,1.186944,1.187225,1.186803,1.187085
2026-02-16T04:00:00Z,1.187085,1.187085,1.186521,1.186662
2026-02-16T05:00:00Z,1.186521,1.186944,1.186521,1.186803
2026-02-16T06:00:00Z,1.186803,1.187366,1.186803,1.186944
2026-02-16T07:00:00Z,1.186944,1.186944,1.186521,1.186662
2026-02-16T08:00:00Z,1.186662,1.187366,1.186099,1.186944
2026-02-16T09:00:00Z,1.186803,1.187225,1.186521,1.186803
2026-02-16T10:00:00Z,1.186803,1.187085,1.186662,1.187085
2026-02-16T11:00:00Z,1.187085,1.187085,1.186380,1.186521
2026-02-16T12:00:00Z,1.186521,1.186662,1.185396,1.185536
2026-02-16T13:00:00Z,1.185958,1.186099,1.185255,1.185818
2026-02-16T14:00:00Z,1.185958,1.186521,1.185677,1.185958
2026-02-16T15:00:00Z,1.186099,1.186099,1.185536,1.185818
2026-02-16T16:00:00Z,1.185677,1.185958,1.185115,1.185536
2026-02-16T17:00:00Z,1.185536,1.185677,1.184974,1.185255
2026-02-16T18:00:00Z,1.185396,1.185396,1.185255,1.185255
2026-02-16T19:00:00Z,1.185255,1.185818,1.185255,1.185818
2026-02-16T20:00:00Z,1.185818,1.185818,1.185536,1.185818
2026-02-16T21:00:00Z,1.185677,1.185818,1.185396,1.185536
2026-02-16T22:00:00Z,1.184834,1.185958,1.184834,1.185255
2026-02-16T23:00:00Z,1.185536,1.185536,1.185115,1.185255
2026-02-17T00:00:00Z,1.185396,1.185536,1.184553,1.184834
2026-02-17T01:00:00Z,1.184834,1.184834,1.184413,1.184694
2026-02-17T02:00:00Z,1.184834,1.184974,1.184413,1.184553
2026-02-17T03:00:00Z,1.184553,1.184553,1.184273,1.184413
2026-02-17T04:00:00Z,1.184553,1.184553,1.184273,1.184413
2026-02-17T05:00:00Z,1.184553,1.184553,1.183992,1.184553
2026-02-17T06:00:00Z,1.184553,1.184974,1.184553,1.184834
2026-02-17T07:00:00Z,1.184553,1.184553,1.183292,1.183712
2026-02-17T08:00:00Z,1.183712,1.184834,1.183432,1.184413
2026-02-17T09:00:00Z,1.184553,1.185255,1.184413,1.184974
2026-02-17T10:00:00Z,1.184694,1.185115,1.184553,1.184694
2026-02-17T11:00:00Z,1.184694,1.184834,1.183152,1.183292
2026-02-17T12:00:00Z,1.183432,1.183852,1.183152,1.183152
2026-02-17T13:00:00Z,1.183152,1.183432,1.182033,1.182452
2026-02-17T14:00:00Z,1.182452,1.183012,1.182033,1.182592
2026-02-17T15:00:00Z,1.182452,1.182452,1.180916,1.181474
2026-02-17T16:00:00Z,1.181474,1.183852,1.181474,1.183432
2026-02-17T17:00:00Z,1.183292,1.184553,1.183292,1.184413
2026-02-17T18:00:00Z,1.184413,1.185677,1.184413,1.185255
2026-02-17T19:00:00Z,1.185255,1.185396,1.184694,1.185115
2026-02-17T20:00:00Z,1.185115,1.185536,1.185115,1.185536
2026-02-17T21:00:00Z,1.185536,1.185818,1.185396,1.185677
2026-02-17T22:00:00Z,1.185818,1.185958,1.185115,1.185677
2026-02-17T23:00:00Z,1.185958,1.186099,1.185396,1.185536
2026-02-18T00:00:00Z,1.185536,1.185677,1.185115,1.185115
2026-02-18T01:00:00Z,1.184974,1.185115,1.184694,1.184974
2026-02-18T02:00:00Z,1.184834,1.185115,1.184553,1.184834
2026-02-18T03:00:00Z,1.184834,1.184974,1.184413,1.184413
2026-02-18T04:00:00Z,1.184553,1.184694,1.184273,1.184553
2026-02-18T05:00:00Z,1.184553,1.184974,1.184553,1.184974
2026-02-18T06:00:00Z,1.184974,1.184974,1.184413,1.184974
2026-02-18T07:00:00Z,1.184974,1.184974,1.183712,1.183852
2026-02-18T08:00:00Z,1.183852,1.184133,1.183292,1.183432
2026-02-18T09:00:00Z,1.183432,1.184133,1.183292,1.183992
2026-02-18T10:00:00Z,1.183992,1.184413,1.183432,1.183572
2026-02-18T11:00:00Z,1.183572,1.184133,1.183432,1.183852
2026-02-18T12:00:00Z,1.183852,1.184974,1.183852,1.184413
2026-02-18T13:00:00Z,1.184413,1.185255,1.182732,1.182732
2026-02-18T14:00:00Z,1.182872,1.183152,1.181614,1.181893
2026-02-18T15:00:00Z,1.181893,1.182872,1.181893,1.182592
2026-02-18T16:00:00Z,1.182452,1.182872,1.181335,1.181474
2026-02-18T17:00:00Z,1.181335,1.181754,1.180638,1.180777
2026-02-18T18:00:00Z,1.180916,1.181056,1.179106,1.179384
2026-02-18T19:00:00Z,1.179106,1.179523,1.178828,1.179106
2026-02-18T20:00:00Z,1.178967,1.179384,1.178550,1.178689
2026-02-18T21:00:00Z,1.178689,1.179106,1.178689,1.178689
2026-02-18T22:00:00Z,1.179523,1.179523,1.178411,1.178967
2026-02-18T23:00:00Z,1.178967,1.179245,1.178967,1.179245
2026-02-19T00:00:00Z,1.179245,1.179523,1.178828,1.179245
2026-02-19T01:00:00Z,1.179384,1.179802,1.179384,1.179802
2026-02-19T02:00:00Z,1.179802,1.179941,1.179384,1.179384
2026-02-19T03:00:00Z,1.179523,1.179663,1.179245,1.179523
2026-02-19T04:00:00Z,1.179523,1.179523,1.178828,1.179245
2026-02-19T05:00:00Z,1.179245,1.179663,1.179106,1.179523
2026-02-19T06:00:00Z,1.179523,1.180359,1.179384,1.180220
2026-02-19T07:00:00Z,1.179941,1.180638,1.179663,1.180498
2026-02-19T08:00:00Z,1.180359,1.180777,1.180080,1.180359
2026-02-19T09:00:00Z,1.180498,1.181056,1.180220,1.180359
2026-02-19T10:00:00Z,1.180359,1.180638,1.179106,1.179106
2026-02-19T11:00:00Z,1.179245,1.179384,1.178134,1.178411
2026-02-19T12:00:00Z,1.178273,1.178411,1.177163,1.177163
2026-02-19T13:00:00Z,1.177302,1.177302,1.175641,1.176747
2026-02-19T14:00:00Z,1.176747,1.176747,1.174536,1.175364
2026-02-19T15:00:00Z,1.175641,1.177718,1.175641,1.176609
2026-02-19T16:00:00Z,1.176609,1.177302,1.176194,1.176332
2026-02-19T17:00:00Z,1.176471,1.177163,1.175917,1.177024
2026-02-19T18:00:00Z,1.176886,1.177718,1.176886,1.177163
2026-02-19T19:00:00Z,1.177302,1.177440,1.176332,1.176609
2026-02-19T20:00:00Z,1.176747,1.177163,1.176747,1.177163
2026-02-19T21:00:00Z,1.177163,1.178134,1.177163,1.177579
2026-02-19T22:00:00Z,1.177302,1.177856,1.177302,1.177440
2026-02-19T23:00:00Z,1.177440,1.177995,1.177163,1.177163
2026-02-20T00:00:00Z,1.177302,1.177579,1.177024,1.177302
2026-02-20T01:00:00Z,1.177302,1.177440,1.175917,1.176194
2026-02-20T02:00:00Z,1.176194,1.176194,1.175779,1.175917
2026-02-20T03:00:00Z,1.175917,1.176194,1.175917,1.176194
2026-02-20T04:00:00Z,1.176194,1.176332,1.175641,1.175641
2026-02-20T05:00:00Z,1.175641,1.175917,1.175364,1.175917
2026-02-20T06:00:00Z,1.175779,1.176055,1.175503,1.175917
2026-02-20T07:00:00Z,1.176055,1.176609,1.175364,1.175503
2026-02-20T08:00:00Z,1.175641,1.176747,1.174812,1.176471
2026-02-20T09:00:00Z,1.176471,1.177163,1.176332,1.177024
2026-02-20T10:00:00Z,1.176886,1.177163,1.176194,1.176609
2026-02-20T11:00:00Z,1.176747,1.177302,1.176332,1.177024
2026-02-20T12:00:00Z,1.177024,1.177302,1.176747,1.176886
2026-02-20T13:00:00Z,1.176886,1.177995,1.176194,1.177024
2026-02-20T14:00:00Z,1.177302,1.177302,1.176055,1.177163
2026-02-20T15:00:00Z,1.177163,1.180916,1.176055,1.178967
2026-02-20T16:00:00Z,1.179245,1.180080,1.177718,1.178273
2026-02-20T17:00:00Z,1.178273,1.178828,1.177024,1.178411
2026-02-20T18:00:00Z,1.178411,1.180080,1.178134,1.178828
2026-02-20T19:00:00Z,1.178967,1.179245,1.178273,1.178411
2026-02-20T20:00:00Z,1.178273,1.179106,1.178134,1.178967
2026-02-20T21:00:00Z,1.178967,1.179523,1.178550,1.178550
2026-02-20T22:00:00Z,1.178550,1.178550,1.178550,1.178550
2026-02-23T00:00:00Z,1.183572,1.183712,1.182732,1.183292
2026-02-23T01:00:00Z,1.183572,1.183572,1.182452,1.182872
2026-02-23T02:00:00Z,1.183012,1.183432,1.182732,1.183012
2026-02-23T03:00:00Z,1.183152,1.183152,1.182173,1.182732
2026-02-23T04:00:00Z,1.182732,1.182732,1.182173,1.182452
2026-02-23T05:00:00Z,1.182452,1.182452,1.181893,1.182452
2026-02-23T06:00:00Z,1.182313,1.183712,1.182173,1.182872
2026-02-23T07:00:00Z,1.182732,1.183012,1.182313,1.182592
2026-02-23T08:00:00Z,1.182732,1.182732,1.181056,1.181614
2026-02-23T09:00:00Z,1.181335,1.181614,1.180359,1.180498
2026-02-23T10:00:00Z,1.180498,1.180498,1.179941,1.180220
2026-02-23T11:00:00Z,1.180220,1.180220,1.178411,1.178967
2026-02-23T12:00:00Z,1.178967,1.178967,1.177856,1.178411
2026-02-23T13:00:00Z,1.178550,1.180080,1.178411,1.179941
2026-02-23T14:00:00Z,1.180080,1.181056,1.179802,1.180916
2026-02-23T15:00:00Z,1.181056,1.181335,1.179802,1.179802
2026-02-23T16:00:00Z,1.179663,1.180916,1.179245,1.180498
2026-02-23T17:00:00Z,1.180777,1.181056,1.179384,1.180220
2026-02-23T18:00:00Z,1.180220,1.180359,1.179941,1.180220
2026-02-23T19:00:00Z,1.180220,1.180359,1.179245,1.179523
2026-02-23T20:00:00Z,1.179523,1.179663,1.179106,1.179245
2026-02-23T21:00:00Z,1.179245,1.179523,1.178967,1.178967
2026-02-23T22:00:00Z,1.178828,1.179941,1.178550,1.178828
2026-02-23T23:00:00Z,1.179106,1.179802,1.179106,1.179663
2026-02-24T00:00:00Z,1.179663,1.179941,1.179106,1.179245
2026-02-24T01:00:00Z,1.178967,1.178967,1.177579,1.178273
2026-02-24T02:00:00Z,1.178550,1.178828,1.178134,1.178689
2026-02-24T03:00:00Z,1.178689,1.178828,1.177856,1.177856
2026-02-24T04:00:00Z,1.177856,1.177995,1.177163,1.177302
2026-02-24T05:00:00Z,1.177302,1.178273,1.177302,1.178273
2026-02-24T06:00:00Z,1.178273,1.178550,1.178134,1.178411
2026-02-24T07:00:00Z,1.178273,1.178550,1.177440,1.178134
2026-02-24T08:00:00Z,1.178273,1.179245,1.177856,1.178967
2026-02-24T09:00:00Z,1.178689,1.179663,1.178689,1.179245
2026-02-24T10:00:00Z,1.179106,1.179384,1.178689,1.178967
2026-02-24T11:00:00Z,1.178967,1.178967,1.178273,1.178411
2026-02-24T12:00:00Z,1.178411,1.178550,1.177718,1.178411
2026-02-24T13:00:00Z,1.178411,1.178411,1.177163,1.177579
2026-02-24T14:00:00Z,1.177579,1.178134,1.177163,1.177856
2026-02-24T15:00:00Z,1.177579,1.178411,1.177024,1.177579
2026-02-24T16:00:00Z,1.177579,1.179384,1.177579,1.179106
2026-02-24T17:00:00Z,1.179245,1.179245,1.178550,1.178967
2026-02-24T18:00:00Z,1.178967,1.179106,1.178134,1.178134
2026-02-24T19:00:00Z,1.178273,1.178689,1.177995,1.178273
2026-02-24T20:00:00Z,1.178273,1.178689,1.177995,1.177995
2026-02-24T21:00:00Z,1.177856,1.177995,1.177718,1.177718
2026-02-24T22:00:00Z,1.177440,1.178134,1.177302,1.177856
2026-02-24T23:00:00Z,1.177718,1.177995,1.177718,1.177718
2026-02-25T00:00:00Z,1.177856,1.178273,1.177718,1.178273
2026-02-25T01:00:00Z,1.178134,1.178550,1.177995,1.178134
2026-02-25T02:00:00Z,1.178134,1.179663,1.178134,1.179384
2026-02-25T03:00:00Z,1.179663,1.179663,1.178967,1.179384
2026-02-25T04:00:00Z,1.179245,1.179941,1.179245,1.179802
2026-02-25T05:00:00Z,1.179941,1.180916,1.179941,1.180498
2026-02-25T06:00:00Z,1.180498,1.180916,1.180220,1.180916
2026-02-25T07:00:00Z,1.180916,1.181056,1.180220,1.180220
2026-02-25T08:00:00Z,1.180080,1.180359,1.179384,1.179523
2026-02-25T09:00:00Z,1.179245,1.179663,1.178967,1.179245
2026-02-25T10:00:00Z,1.179106,1.179106,1.178411,1.178411
2026-02-25T11:00:00Z,1.178134,1.178411,1.177440,1.177718
2026-02-25T12:00:00Z,1.177856,1.178967,1.177856,1.178967
2026-02-25T13:00:00Z,1.178967,1.179384,1.177718,1.177718
2026-02-25T14:00:00Z,1.177856,1.179245,1.177718,1.179245
2026-02-25T15:00:00Z,1.178967,1.180359,1.178828,1.180220
2026-02-25T16:00:00Z,1.180498,1.181056,1.180220,1.180777
2026-02-25T17:00:00Z,1.180777,1.181754,1.180638,1.181056
2026-02-25T18:00:00Z,1.181195,1.181474,1.180777,1.180777
2026-02-25T19:00:00Z,1.180777,1.181335,1.180638,1.181056
2026-02-25T20:00:00Z,1.180916,1.181195,1.180916,1.180916
2026-02-25T21:00:00Z,1.180916,1.181614,1.180638,1.181335
2026-02-25T22:00:00Z,1.181614,1.181754,1.180916,1.181474
2026-02-25T23:00:00Z,1.181614,1.181893,1.181474,1.181893
2026-02-26T00:00:00Z,1.181893,1.182313,1.181614,1.182033
2026-02-26T01:00:00Z,1.182173,1.183292,1.182173,1.183152
2026-02-26T02:00:00Z,1.183152,1.183152,1.181754,1.182173
2026-02-26T03:00:00Z,1.182173,1.182592,1.182033,1.182173
2026-02-26T04:00:00Z,1.182033,1.182173,1.181614,1.182173
2026-02-26T05:00:00Z,1.182173,1.182592,1.182033,1.182173
2026-02-26T06:00:00Z,1.182313,1.182592,1.181893,1.182313
2026-02-26T07:00:00Z,1.182173,1.182173,1.181195,1.182033
2026-02-26T08:00:00Z,1.181893,1.181893,1.180638,1.180777
2026-02-26T09:00:00Z,1.180638,1.180916,1.180080,1.180220
2026-02-26T10:00:00Z,1.180080,1.180220,1.179802,1.180220
2026-02-26T11:00:00Z,1.180220,1.180916,1.180220,1.180498
2026-02-26T12:00:00Z,1.180498,1.181335,1.180359,1.181195
2026-02-26T13:00:00Z,1.181335,1.182033,1.180638,1.181056
2026-02-26T14:00:00Z,1.181056,1.181893,1.180638,1.181474
2026-02-26T15:00:00Z,1.181614,1.181614,1.178550,1.180220
2026-02-26T16:00:00Z,1.180220,1.180220,1.178967,1.179523
2026-02-26T17:00:00Z,1.179523,1.179523,1.177718,1.177718
2026-02-26T18:00:00Z,1.177995,1.178967,1.177856,1.178689
2026-02-26T19:00:00Z,1.178828,1.180080,1.178828,1.180080
2026-02-26T20:00:00Z,1.180080,1.180638,1.179941,1.180638
2026-02-26T21:00:00Z,1.180498,1.180638,1.180080,1.180080
2026-02-26T22:00:00Z,1.180498,1.180498,1.179384,1.180220
2026-02-26T23:00:00Z,1.180080,1.180638,1.180080,1.180638
2026-02-27T00:00:00Z,1.180638,1.180916,1.179941,1.179941
2026-02-27T01:00:00Z,1.180080,1.180498,1.179384,1.179384
2026-02-27T02:00:00Z,1.179384,1.180498,1.179384,1.180359
2026-02-27T03:00:00Z,1.180359,1.181056,1.180359,1.180777
2026-02-27T04:00:00Z,1.180777,1.181614,1.180638,1.181474
2026-02-27T05:00:00Z,1.181474,1.181474,1.181056,1.181195
2026-02-27T06:00:00Z,1.181195,1.181474,1.180638,1.180916
2026-02-27T07:00:00Z,1.180638,1.182173,1.180080,1.181893
2026-02-27T08:00:00Z,1.181893,1.182452,1.181195,1.181195
2026-02-27T09:00:00Z,1.180916,1.181474,1.179802,1.179802
2026-02-27T10:00:00Z,1.179802,1.180638,1.179802,1.180220
2026-02-27T11:00:00Z,1.180220,1.180777,1.179941,1.180359
2026-02-27T12:00:00Z,1.180359,1.181195,1.180220,1.180638
2026-02-27T13:00:00Z,1.180638,1.180916,1.179523,1.179802
2026-02-27T14:00:00Z,1.179663,1.181754,1.179523,1.180080
2026-02-27T15:00:00Z,1.180080,1.182033,1.180080,1.181056
2026-02-27T16:00:00Z,1.181056,1.182872,1.181056,1.182452
2026-02-27T17:00:00Z,1.182592,1.183012,1.182033,1.182173
2026-02-27T18:00:00Z,1.182033,1.182173,1.181614,1.182173
2026-02-27T19:00:00Z,1.182173,1.182592,1.182033,1.182313
2026-02-27T20:00:00Z,1.182313,1.182872,1.181893,1.181893
2026-02-27T21:00:00Z,1.181893,1.182592,1.181474,1.182592
2026-02-27T22:00:00Z,1.181754,1.181754,1.181754,1.181754
2026-03-02T00:00:00Z,1.176194,1.177856,1.176194,1.177718
2026-03-02T01:00:00Z,1.178134,1.179802,1.177856,1.179384
2026-03-02T02:00:00Z,1.179523,1.179523,1.178550,1.179245
2026-03-02T03:00:00Z,1.179245,1.179941,1.179245,1.179245
2026-03-02T04:00:00Z,1.179245,1.179384,1.178550,1.178967
2026-03-02T05:00:00Z,1.178828,1.178828,1.177024,1.177024
2026-03-02T06:00:00Z,1.177024,1.177024,1.173434,1.173571
2026-03-02T07:00:00Z,1.173571,1.173709,1.170960,1.171921
2026-03-02T08:00:00Z,1.172196,1.172745,1.170138,1.172608
2026-03-02T09:00:00Z,1.172470,1.174674,1.172470,1.173709
2026-03-02T10:00:00Z,1.173847,1.174950,1.173709,1.174122
2026-03-02T11:00:00Z,1.174122,1.174398,1.173020,1.173709
2026-03-02T12:00:00Z,1.173434,1.173709,1.170686,1.170823
2026-03-02T13:00:00Z,1.170823,1.171921,1.170001,1.170138
2026-03-02T14:00:00Z,1.170001,1.172470,1.169864,1.172058
2026-03-02T15:00:00Z,1.171646,1.171783,1.168361,1.168361
2026-03-02T16:00:00Z,1.168361,1.169727,1.167542,1.169591
2026-03-02T17:00:00Z,1.169317,1.171097,1.169180,1.171097
2026-03-02T18:00:00Z,1.170960,1.170960,1.169044,1.169864
2026-03-02T19:00:00Z,1.169864,1.171646,1.169864,1.171509
2026-03-02T20:00:00Z,1.171509,1.171646,1.168361,1.169454
2026-03-02T21:00:00Z,1.169317,1.169864,1.169317,1.169317
2026-03-02T22:00:00Z,1.169591,1.169591,1.169044,1.169044
2026-03-02T23:00:00Z,1.169044,1.170138,1.169044,1.170001
2026-03-03T00:00:00Z,1.169727,1.169864,1.169044,1.169727
2026-03-03T01:00:00Z,1.169864,1.170960,1.169727,1.170001
2026-03-03T02:00:00Z,1.169864,1.170138,1.169044,1.169727
2026-03-03T03:00:00Z,1.169864,1.170001,1.169044,1.169454
2026-03-03T04:00:00Z,1.169454,1.169591,1.168361,1.168361
2026-03-03T05:00:00Z,1.168497,1.168770,1.166861,1.167133
2026-03-03T06:00:00Z,1.166997,1.167406,1.166589,1.167270
2026-03-03T07:00:00Z,1.167270,1.167270,1.164822,1.164822
2026-03-03T08:00:00Z,1.164687,1.164687,1.162250,1.162520
2026-03-03T09:00:00Z,1.162791,1.163196,1.160362,1.161036
2026-03-03T10:00:00Z,1.161036,1.161575,1.159420,1.159420
2026-03-03T11:00:00Z,1.159555,1.160497,1.158614,1.159958
2026-03-03T12:00:00Z,1.159958,1.161845,1.159420,1.161845
2026-03-03T13:00:00Z,1.161575,1.161710,1.159555,1.159555
2026-03-03T14:00:00Z,1.159689,1.160093,1.157006,1.157006
2026-03-03T15:00:00Z,1.157274,1.158480,1.153536,1.157675
2026-03-03T16:00:00Z,1.157675,1.160901,1.157407,1.160901
2026-03-03T17:00:00Z,1.160497,1.160631,1.159152,1.159555
2026-03-03T18:00:00Z,1.159420,1.162385,1.159420,1.161980
2026-03-03T19:00:00Z,1.161980,1.162791,1.160497,1.161845
2026-03-03T20:00:00Z,1.161710,1.162656,1.161575,1.162115
2026-03-03T21:00:00Z,1.162115,1.162115,1.161305,1.161575
2026-03-03T22:00:00Z,1.161980,1.162250,1.160901,1.161440
2026-03-03T23:00:00Z,1.161845,1.162385,1.161440,1.161575
2026-03-04T00:00:00Z,1.161305,1.161305,1.159689,1.159689
2026-03-04T01:00:00Z,1.159689,1.160093,1.157943,1.159689
2026-03-04T02:00:00Z,1.159689,1.160766,1.159555,1.160227
2026-03-04T03:00:00Z,1.160093,1.161305,1.159958,1.161170
2026-03-04T04:00:00Z,1.161305,1.161305,1.159555,1.159824
2026-03-04T05:00:00Z,1.159555,1.160227,1.159017,1.159824
2026-03-04T06:00:00Z,1.159689,1.162115,1.159286,1.161440
2026-03-04T07:00:00Z,1.161575,1.162791,1.161575,1.162115
2026-03-04T08:00:00Z,1.161980,1.161980,1.160093,1.160227
2026-03-04T09:00:00Z,1.160227,1.162385,1.159958,1.161170
2026-03-04T10:00:00Z,1.161305,1.164822,1.161305,1.163738
2026-03-04T11:00:00Z,1.163738,1.165773,1.163603,1.163873
2026-03-04T12:00:00Z,1.163873,1.165094,1.163061,1.163061
2026-03-04T13:00:00Z,1.163603,1.165365,1.163467,1.163603
2026-03-04T14:00:00Z,1.163467,1.164280,1.162656,1.162791
2026-03-04T15:00:00Z,1.162791,1.164280,1.162115,1.164144
2026-03-04T16:00:00Z,1.164415,1.164822,1.163332,1.164009
2026-03-04T17:00:00Z,1.164144,1.164551,1.163061,1.163603
2026-03-04T18:00:00Z,1.163603,1.163603,1.162656,1.162656
2026-03-04T19:00:00Z,1.162926,1.164415,1.162926,1.164415
2026-03-04T20:00:00Z,1.164415,1.164687,1.164280,1.164551
2026-03-04T21:00:00Z,1.164415,1.164551,1.163873,1.164280
2026-03-04T22:00:00Z,1.163603,1.164009,1.163332,1.163738
2026-03-04T23:00:00Z,1.163873,1.164280,1.163738,1.163873
2026-03-05T00:00:00Z,1.163738,1.164958,1.163603,1.164822
2026-03-05T01:00:00Z,1.164822,1.164958,1.163196,1.163196
2026-03-05T02:00:00Z,1.163061,1.163467,1.162656,1.162926
2026-03-05T03:00:00Z,1.162926,1.163061,1.161305,1.161575
2026-03-05T04:00:00Z,1.161575,1.161845,1.161036,1.161170
2026-03-05T05:00:00Z,1.161170,1.161710,1.159824,1.159824
2026-03-05T06:00:00Z,1.159824,1.161710,1.159152,1.160901
2026-03-05T07:00:00Z,1.161170,1.161980,1.160497,1.160901
2026-03-05T08:00:00Z,1.160631,1.160631,1.158614,1.160227
2026-03-05T09:00:00Z,1.160093,1.164280,1.160093,1.162656
2026-03-05T10:00:00Z,1.162656,1.163061,1.160901,1.161440
2026-03-05T11:00:00Z,1.161440,1.161980,1.160766,1.161440
2026-03-05T12:00:00Z,1.161305,1.162791,1.161036,1.162520
2026-03-05T13:00:00Z,1.162250,1.162656,1.159420,1.160093
2026-03-05T14:00:00Z,1.160093,1.161170,1.159689,1.160497
2026-03-05T15:00:00Z,1.160901,1.161170,1.157407,1.158749
2026-03-05T16:00:00Z,1.158480,1.159017,1.156337,1.158614
2026-03-05T17:00:00Z,1.158749,1.159286,1.157675,1.159152
2026-03-05T18:00:00Z,1.159152,1.159555,1.157541,1.159017
2026-03-05T19:00:00Z,1.158883,1.159017,1.157407,1.157407
2026-03-05T20:00:00Z,1.157675,1.161305,1.157407,1.160766
2026-03-05T21:00:00Z,1.160766,1.161305,1.160631,1.161170
2026-03-05T22:00:00Z,1.161440,1.161710,1.160093,1.161575
2026-03-05T23:00:00Z,1.161305,1.161440,1.160766,1.161170
2026-03-06T00:00:00Z,1.160901,1.161710,1.160766,1.161440
2026-03-06T01:00:00Z,1.161440,1.162385,1.161036,1.161845
2026-03-06T02:00:00Z,1.161845,1.162250,1.161710,1.161980
2026-03-06T03:00:00Z,1.161980,1.162385,1.161845,1.162385
2026-03-06T04:00:00Z,1.162385,1.162385,1.161710,1.161710
2026-03-06T05:00:00Z,1.161575,1.161980,1.160901,1.160901
2026-03-06T06:00:00Z,1.161170,1.161575,1.160631,1.161440
2026-03-06T07:00:00Z,1.161440,1.162115,1.161036,1.161710
2026-03-06T08:00:00Z,1.161710,1.161710,1.160631,1.160631
2026-03-06T09:00:00Z,1.160497,1.160497,1.157541,1.157809
2026-03-06T10:00:00Z,1.157809,1.158749,1.157675,1.158346
2026-03-06T11:00:00Z,1.158212,1.158346,1.156470,1.156604
2026-03-06T12:00:00Z,1.156738,1.157140,1.155668,1.155802
2026-03-06T13:00:00Z,1.156069,1.159420,1.155535,1.156069
2026-03-06T14:00:00Z,1.156069,1.157809,1.155135,1.157407
2026-03-06T15:00:00Z,1.157943,1.159420,1.157541,1.158212
2026-03-06T16:00:00Z,1.158346,1.161575,1.158346,1.161036
2026-03-06T17:00:00Z,1.160901,1.161036,1.159824,1.159958
2026-03-06T18:00:00Z,1.159958,1.162250,1.159689,1.160497
2026-03-06T19:00:00Z,1.160227,1.161170,1.160093,1.160631
2026-03-06T20:00:00Z,1.160631,1.161170,1.159958,1.160901
2026-03-06T21:00:00Z,1.160901,1.162250,1.160901,1.162115
2026-03-06T22:00:00Z,1.162520,1.162520,1.162115,1.162115
2026-03-09T00:00:00Z,1.152605,1.153403,1.151941,1.152074
2026-03-09T01:00:00Z,1.151941,1.152605,1.151145,1.151278
2026-03-09T02:00:00Z,1.151543,1.153004,1.151278,1.152871
2026-03-09T03:00:00Z,1.153136,1.153136,1.151676,1.151941
2026-03-09T04:00:00Z,1.152206,1.153270,1.151941,1.152871
2026-03-09T05:00:00Z,1.152871,1.157407,1.152871,1.157140
2026-03-09T06:00:00Z,1.156872,1.157140,1.155001,1.155001
2026-03-09T07:00:00Z,1.155535,1.156738,1.154068,1.156604
2026-03-09T08:00:00Z,1.156872,1.156872,1.152074,1.153802
2026-03-09T09:00:00Z,1.153935,1.157407,1.153536,1.155802
2026-03-09T10:00:00Z,1.155668,1.156604,1.155135,1.156470
2026-03-09T11:00:00Z,1.156337,1.157006,1.155936,1.156337
2026-03-09T12:00:00Z,1.156470,1.157140,1.155402,1.155668
2026-03-09T13:00:00Z,1.155936,1.159017,1.155802,1.157943
2026-03-09T14:00:00Z,1.157809,1.157943,1.155135,1.157675
2026-03-09T15:00:00Z,1.157943,1.159689,1.157943,1.159555
2026-03-09T16:00:00Z,1.159689,1.160227,1.159017,1.159152
2026-03-09T17:00:00Z,1.159152,1.159152,1.158212,1.158212
2026-03-09T18:00:00Z,1.158346,1.158749,1.157943,1.157943
2026-03-09T19:00:00Z,1.157943,1.163467,1.157943,1.161170
2026-03-09T20:00:00Z,1.161710,1.164009,1.161575,1.163873
2026-03-09T21:00:00Z,1.164009,1.164280,1.163196,1.164009
2026-03-09T22:00:00Z,1.164415,1.164822,1.162656,1.163196
2026-03-09T23:00:00Z,1.163196,1.163467,1.161845,1.161980
2026-03-10T00:00:00Z,1.161980,1.163873,1.161575,1.162926
2026-03-10T01:00:00Z,1.162926,1.163196,1.161575,1.162385
2026-03-10T02:00:00Z,1.162520,1.163061,1.161575,1.161575
2026-03-10T03:00:00Z,1.161710,1.161845,1.161170,1.161305
2026-03-10T04:00:00Z,1.161036,1.161845,1.161036,1.161575
2026-03-10T05:00:00Z,1.161575,1.162250,1.161575,1.162250
2026-03-10T06:00:00Z,1.162520,1.164009,1.162520,1.163603
2026-03-10T07:00:00Z,1.163332,1.166589,1.163196,1.166453
2026-03-10T08:00:00Z,1.166045,1.166317,1.164687,1.164958
2026-03-10T09:00:00Z,1.164822,1.166181,1.164822,1.165501
2026-03-10T10:00:00Z,1.165365,1.165365,1.162385,1.164280
2026-03-10T11:00:00Z,1.164280,1.165637,1.164009,1.164280
2026-03-10T12:00:00Z,1.164415,1.164415,1.162520,1.163738
2026-03-10T13:00:00Z,1.164009,1.165094,1.163332,1.163603
2026-03-10T14:00:00Z,1.163196,1.165230,1.163196,1.165230
2026-03-10T15:00:00Z,1.165365,1.165773,1.164415,1.165094
2026-03-10T16:00:00Z,1.164822,1.165773,1.164280,1.165501
2026-03-10T17:00:00Z,1.165637,1.166997,1.164551,1.164822
2026-03-10T18:00:00Z,1.164822,1.164822,1.161845,1.162791
2026-03-10T19:00:00Z,1.162791,1.163196,1.161305,1.161710
2026-03-10T20:00:00Z,1.161710,1.161845,1.161170,1.161440
2026-03-10T21:00:00Z,1.161575,1.161980,1.160901,1.160901
2026-03-10T22:00:00Z,1.161305,1.161575,1.160631,1.160901
2026-03-10T23:00:00Z,1.161036,1.161440,1.160901,1.161440
2026-03-11T00:00:00Z,1.161575,1.162791,1.161036,1.162250
2026-03-11T01:00:00Z,1.162250,1.163061,1.161575,1.163061
2026-03-11T02:00:00Z,1.163061,1.163196,1.162250,1.162926
2026-03-11T03:00:00Z,1.163061,1.163467,1.162926,1.163332
2026-03-11T04:00:00Z,1.163332,1.163873,1.163196,1.163738
2026-03-11T05:00:00Z,1.163738,1.163873,1.163332,1.163603
2026-03-11T06:00:00Z,1.163738,1.164280,1.163332,1.163738
2026-03-11T07:00:00Z,1.163738,1.164415,1.161845,1.162115
2026-03-11T08:00:00Z,1.161845,1.162385,1.160901,1.161575
2026-03-11T09:00:00Z,1.160901,1.160901,1.159420,1.159555
2026-03-11T10:00:00Z,1.159555,1.161440,1.159555,1.161036
2026-03-11T11:00:00Z,1.161036,1.161305,1.159958,1.159958
2026-03-11T12:00:00Z,1.159824,1.160497,1.158212,1.158480
2026-03-11T13:00:00Z,1.158883,1.159555,1.158346,1.159555
2026-03-11T14:00:00Z,1.160227,1.161305,1.158480,1.158480
2026-03-11T15:00:00Z,1.158614,1.158614,1.157006,1.157006
2026-03-11T16:00:00Z,1.156872,1.157809,1.156738,1.157407
2026-03-11T17:00:00Z,1.157407,1.157943,1.156738,1.157407
2026-03-11T18:00:00Z,1.157541,1.157809,1.156738,1.157541
2026-03-11T19:00:00Z,1.157407,1.157943,1.157274,1.157675
2026-03-11T20:00:00Z,1.157541,1.157541,1.156872,1.157006
2026-03-11T21:00:00Z,1.157006,1.157809,1.157006,1.157809
2026-03-11T22:00:00Z,1.157541,1.157541,1.155268,1.155402
2026-03-11T23:00:00Z,1.155535,1.155535,1.154335,1.154601
2026-03-12T00:00:00Z,1.154468,1.155268,1.153802,1.154868
2026-03-12T01:00:00Z,1.155001,1.155802,1.154868,1.155402
2026-03-12T02:00:00Z,1.155402,1.155668,1.153669,1.154201
2026-03-12T03:00:00Z,1.154201,1.154335,1.153669,1.154201
2026-03-12T04:00:00Z,1.154201,1.154335,1.153536,1.153669
2026-03-12T05:00:00Z,1.153669,1.154868,1.153669,1.154335
2026-03-12T06:00:00Z,1.154468,1.155402,1.154468,1.155135
2026-03-12T07:00:00Z,1.155001,1.155535,1.154601,1.155402
2026-03-12T08:00:00Z,1.155668,1.155936,1.154734,1.155001
2026-03-12T09:00:00Z,1.154868,1.156337,1.154868,1.156337
2026-03-12T10:00:00Z,1.156337,1.156604,1.155268,1.156203
2026-03-12T11:00:00Z,1.156203,1.156872,1.155535,1.155936
2026-03-12T12:00:00Z,1.155936,1.155936,1.153669,1.154201
2026-03-12T13:00:00Z,1.154601,1.155268,1.152472,1.153004
2026-03-12T14:00:00Z,1.153403,1.153669,1.152074,1.152472
2026-03-12T15:00:00Z,1.151941,1.152871,1.151410,1.152472
2026-03-12T16:00:00Z,1.152605,1.153270,1.151808,1.152472
2026-03-12T17:00:00Z,1.152738,1.153403,1.152472,1.152472
2026-03-12T18:00:00Z,1.152605,1.152605,1.151543,1.151543
2026-03-12T19:00:00Z,1.151410,1.152206,1.151410,1.151808
2026-03-12T20:00:00Z,1.151676,1.151941,1.151410,1.151410
2026-03-12T21:00:00Z,1.151676,1.151808,1.151145,1.151410
2026-03-12T22:00:00Z,1.151676,1.152339,1.151543,1.152206
2026-03-12T23:00:00Z,1.152206,1.152605,1.151941,1.152605
2026-03-13T00:00:00Z,1.152605,1.153136,1.152472,1.152738
2026-03-13T01:00:00Z,1.152871,1.153270,1.151808,1.151941
2026-03-13T02:00:00Z,1.152074,1.152472,1.151410,1.151676
2026-03-13T03:00:00Z,1.151676,1.151676,1.150880,1.151278
2026-03-13T04:00:00Z,1.151278,1.151278,1.150351,1.150748
2026-03-13T05:00:00Z,1.150748,1.150880,1.150351,1.150351
2026-03-13T06:00:00Z,1.150616,1.150616,1.148633,1.148633
2026-03-13T07:00:00Z,1.148106,1.148501,1.145869,1.146132
2026-03-13T08:00:00Z,1.145738,1.145738,1.143641,1.144820
2026-03-13T09:00:00Z,1.145213,1.146395,1.145082,1.145607
2026-03-13T10:00:00Z,1.145869,1.147447,1.145607,1.146132
2026-03-13T11:00:00Z,1.146395,1.147447,1.145869,1.147315
2026-03-13T12:00:00Z,1.147052,1.148897,1.146526,1.148106
2026-03-13T13:00:00Z,1.148369,1.149161,1.147710,1.148237
2026-03-13T14:00:00Z,1.147842,1.148765,1.146000,1.146000
2026-03-13T15:00:00Z,1.145869,1.146395,1.143903,1.144689
2026-03-13T16:00:00Z,1.144558,1.145213,1.144034,1.144558
2026-03-13T17:00:00Z,1.144427,1.144820,1.143772,1.144558
2026-03-13T18:00:00Z,1.144558,1.144558,1.143641,1.143903
2026-03-13T19:00:00Z,1.143903,1.144034,1.142335,1.142596
2026-03-13T20:00:00Z,1.142465,1.142596,1.141422,1.141944
2026-03-13T21:00:00Z,1.141944,1.142335,1.141944,1.142335
2026-03-16T00:00:00Z,1.144165,1.145869,1.144165,1.145869
2026-03-16T01:00:00Z,1.145869,1.145869,1.144427,1.145213
2026-03-16T02:00:00Z,1.145213,1.145475,1.144951,1.145213
2026-03-16T03:00:00Z,1.145213,1.145738,1.144951,1.145344
2026-03-16T04:00:00Z,1.145344,1.145475,1.144558,1.144558
2026-03-16T05:00:00Z,1.144558,1.144689,1.143641,1.143772
2026-03-16T06:00:00Z,1.143641,1.144034,1.142857,1.143511
2026-03-16T07:00:00Z,1.143380,1.143772,1.141944,1.142857
2026-03-16T08:00:00Z,1.143249,1.144820,1.142988,1.144689
2026-03-16T09:00:00Z,1.144689,1.145607,1.144427,1.145344
2026-03-16T10:00:00Z,1.145213,1.147974,1.145213,1.147842
2026-03-16T11:00:00Z,1.147579,1.148897,1.147447,1.148237
2026-03-16T12:00:00Z,1.148237,1.149161,1.147579,1.147710
2026-03-16T13:00:00Z,1.147974,1.150351,1.147974,1.150351
2026-03-16T14:00:00Z,1.150218,1.150483,1.148501,1.149161
2026-03-16T15:00:00Z,1.149293,1.150351,1.148501,1.149029
2026-03-16T16:00:00Z,1.148897,1.150218,1.148106,1.149690
2026-03-16T17:00:00Z,1.150218,1.150748,1.149425,1.149557
2026-03-16T18:00:00Z,1.149690,1.152605,1.149690,1.152074
2026-03-16T19:00:00Z,1.152339,1.152738,1.151013,1.151013
2026-03-16T20:00:00Z,1.151278,1.151278,1.150616,1.151145
2026-03-16T21:00:00Z,1.150880,1.151278,1.150616,1.150880
2026-03-16T22:00:00Z,1.150748,1.150748,1.150218,1.150218
2026-03-16T23:00:00Z,1.150351,1.150351,1.149822,1.150218
2026-03-17T00:00:00Z,1.149954,1.149954,1.149293,1.149557
2026-03-17T01:00:00Z,1.149557,1.149822,1.149029,1.149690
2026-03-17T02:00:00Z,1.149557,1.150218,1.149557,1.149822
2026-03-17T03:00:00Z,1.149690,1.150483,1.149557,1.149557
2026-03-17T04:00:00Z,1.149557,1.150351,1.149293,1.150086
2026-03-17T05:00:00Z,1.149954,1.150218,1.148237,1.148369
2026-03-17T06:00:00Z,1.148237,1.148501,1.147052,1.148501
2026-03-17T07:00:00Z,1.148501,1.150351,1.148369,1.149822
2026-03-17T08:00:00Z,1.149822,1.151941,1.149161,1.151410
2026-03-17T09:00:00Z,1.151543,1.152738,1.151278,1.151941
2026-03-17T10:00:00Z,1.151410,1.151808,1.150748,1.151013
2026-03-17T11:00:00Z,1.150880,1.152206,1.150880,1.151013
2026-03-17T12:00:00Z,1.151013,1.152738,1.150748,1.152738
2026-03-17T13:00:00Z,1.153004,1.154468,1.153004,1.153403
2026-03-17T14:00:00Z,1.153136,1.154068,1.152472,1.153669
2026-03-17T15:00:00Z,1.153802,1.154068,1.152472,1.152871
2026-03-17T16:00:00Z,1.152605,1.153536,1.152339,1.153136
2026-03-17T17:00:00Z,1.153004,1.154335,1.153004,1.154201
2026-03-17T18:00:00Z,1.154468,1.155135,1.154201,1.154201
2026-03-17T19:00:00Z,1.154335,1.154468,1.153802,1.153802
2026-03-17T20:00:00Z,1.153935,1.154468,1.153935,1.154468
2026-03-17T21:00:00Z,1.154335,1.154601,1.153669,1.154068
2026-03-17T22:00:00Z,1.154201,1.154734,1.154201,1.154335
2026-03-17T23:00:00Z,1.154335,1.154468,1.154201,1.154201
2026-03-18T00:00:00Z,1.154068,1.154601,1.153669,1.153669
2026-03-18T01:00:00Z,1.153669,1.154335,1.153669,1.153669
2026-03-18T02:00:00Z,1.153802,1.154201,1.153536,1.153669
2026-03-18T03:00:00Z,1.153536,1.153935,1.153536,1.153935
2026-03-18T04:00:00Z,1.154068,1.154601,1.154068,1.154468
2026-03-18T05:00:00Z,1.154468,1.155001,1.154335,1.155001
2026-03-18T06:00:00Z,1.155001,1.155268,1.154335,1.154601
2026-03-18T07:00:00Z,1.154468,1.154868,1.152738,1.153004
2026-03-18T08:00:00Z,1.152871,1.153669,1.152206,1.153536
2026-03-18T09:00:00Z,1.153403,1.154201,1.153004,1.154201
2026-03-18T10:00:00Z,1.154201,1.154734,1.153802,1.154335
2026-03-18T11:00:00Z,1.154468,1.155668,1.153669,1.155001
2026-03-18T12:00:00Z,1.154868,1.155135,1.150880,1.151145
2026-03-18T13:00:00Z,1.151013,1.151808,1.149690,1.151808
2026-03-18T14:00:00Z,1.151808,1.152871,1.150880,1.152074
2026-03-18T15:00:00Z,1.152472,1.153004,1.151543,1.151543
2026-03-18T16:00:00Z,1.151676,1.152472,1.151013,1.151410
2026-03-18T17:00:00Z,1.151543,1.151941,1.150616,1.151941
2026-03-18T18:00:00Z,1.152738,1.152738,1.148237,1.148237
2026-03-18T19:00:00Z,1.148106,1.148501,1.147315,1.147315
2026-03-18T20:00:00Z,1.147184,1.147315,1.145475,1.145475
2026-03-18T21:00:00Z,1.145213,1.147579,1.145213,1.147052
2026-03-18T22:00:00Z,1.146657,1.146789,1.145475,1.146000
2026-03-18T23:00:00Z,1.146132,1.146920,1.146132,1.146657
2026-03-19T00:00:00Z,1.146657,1.147842,1.146657,1.147842
2026-03-19T01:00:00Z,1.147842,1.148633,1.147842,1.147974
2026-03-19T02:00:00Z,1.147842,1.149293,1.147579,1.148633
2026-03-19T03:00:00Z,1.148633,1.148633,1.147842,1.147842
2026-03-19T04:00:00Z,1.147710,1.147842,1.147052,1.147184
2026-03-19T05:00:00Z,1.147315,1.147447,1.146789,1.146920
2026-03-19T06:00:00Z,1.146920,1.147974,1.146395,1.146789
2026-03-19T07:00:00Z,1.147052,1.147710,1.145475,1.145607
2026-03-19T08:00:00Z,1.145738,1.146132,1.144689,1.145475
2026-03-19T09:00:00Z,1.145738,1.148897,1.145738,1.148369
2026-03-19T10:00:00Z,1.147974,1.148106,1.147052,1.147710
2026-03-19T11:00:00Z,1.147710,1.148369,1.147052,1.148237
2026-03-19T12:00:00Z,1.148237,1.149293,1.146789,1.149161
2026-03-19T13:00:00Z,1.149029,1.152339,1.147579,1.151941
2026-03-19T14:00:00Z,1.152206,1.152871,1.150616,1.152074
2026-03-19T15:00:00Z,1.151808,1.154201,1.150218,1.151808
2026-03-19T16:00:00Z,1.151808,1.153935,1.151808,1.153935
2026-03-19T17:00:00Z,1.154068,1.156872,1.154068,1.156337
2026-03-19T18:00:00Z,1.156203,1.158614,1.155535,1.158480
2026-03-19T19:00:00Z,1.158883,1.161845,1.158078,1.159017
2026-03-19T20:00:00Z,1.158883,1.159286,1.158480,1.159152
2026-03-19T21:00:00Z,1.159152,1.159958,1.158480,1.158614
2026-03-19T22:00:00Z,1.159152,1.159824,1.158078,1.158078
2026-03-19T23:00:00Z,1.158480,1.158480,1.157943,1.158078
2026-03-20T00:00:00Z,1.157943,1.158212,1.157541,1.157675
2026-03-20T01:00:00Z,1.157809,1.157943,1.156738,1.156872
2026-03-20T02:00:00Z,1.156872,1.157006,1.156604,1.156738
2026-03-20T03:00:00Z,1.156604,1.156604,1.155936,1.156069
2026-03-20T04:00:00Z,1.156069,1.156337,1.155802,1.155936
2026-03-20T05:00:00Z,1.155936,1.156337,1.155535,1.155535
2026-03-20T06:00:00Z,1.155802,1.156872,1.155802,1.156337
2026-03-20T07:00:00Z,1.156203,1.157809,1.155936,1.157675
2026-03-20T08:00:00Z,1.157675,1.158346,1.157274,1.157274
2026-03-20T09:00:00Z,1.157006,1.157541,1.155135,1.155268
2026-03-20T10:00:00Z,1.154868,1.156470,1.153935,1.156337
2026-03-20T11:00:00Z,1.156203,1.158346,1.156203,1.157541
2026-03-20T12:00:00Z,1.157541,1.158212,1.156604,1.156738
2026-03-20T13:00:00Z,1.156872,1.156872,1.154601,1.154601
2026-03-20T14:00:00Z,1.154201,1.154601,1.152738,1.153935
2026-03-20T15:00:00Z,1.154068,1.155936,1.153935,1.154734
2026-03-20T16:00:00Z,1.154734,1.156872,1.154734,1.156203
2026-03-20T17:00:00Z,1.156337,1.157274,1.155535,1.156069
2026-03-20T18:00:00Z,1.156470,1.157274,1.155135,1.155402
2026-03-20T19:00:00Z,1.155535,1.156337,1.155135,1.156069
2026-03-20T20:00:00Z,1.156337,1.157541,1.156337,1.157407
2026-03-20T21:00:00Z,1.157407,1.157541,1.157407,1.157541
2026-03-23T00:00:00Z,1.156470,1.156738,1.154335,1.154868
2026-03-23T01:00:00Z,1.155001,1.156337,1.155001,1.155668
2026-03-23T02:00:00Z,1.155802,1.156069,1.154734,1.155001
2026-03-23T03:00:00Z,1.155001,1.155268,1.154601,1.155001
2026-03-23T04:00:00Z,1.155268,1.155402,1.155001,1.155402
2026-03-23T05:00:00Z,1.155268,1.155535,1.153802,1.153802
2026-03-23T06:00:00Z,1.153669,1.153669,1.152472,1.153403
2026-03-23T07:00:00Z,1.153536,1.154201,1.152738,1.153004
2026-03-23T08:00:00Z,1.153270,1.154868,1.153136,1.153403
2026-03-23T09:00:00Z,1.153270,1.153270,1.149557,1.149822
2026-03-23T10:00:00Z,1.149690,1.149822,1.148897,1.148897
2026-03-23T11:00:00Z,1.149293,1.162250,1.149029,1.155802
2026-03-23T12:00:00Z,1.155802,1.161440,1.155135,1.161440
2026-03-23T13:00:00Z,1.161440,1.161440,1.158346,1.160227
2026-03-23T14:00:00Z,1.159689,1.164280,1.159689,1.161980
2026-03-23T15:00:00Z,1.162115,1.163332,1.158749,1.159017
2026-03-23T16:00:00Z,1.158749,1.160362,1.158078,1.159420
2026-03-23T17:00:00Z,1.159689,1.161170,1.159017,1.160497
2026-03-23T18:00:00Z,1.160631,1.164009,1.159824,1.163873
2026-03-23T19:00:00Z,1.163196,1.163603,1.161710,1.161710
2026-03-23T20:00:00Z,1.161575,1.161845,1.161305,1.161710
2026-03-23T21:00:00Z,1.161710,1.162656,1.161440,1.161980
2026-03-23T22:00:00Z,1.161710,1.162115,1.161305,1.161845
2026-03-23T23:00:00Z,1.161845,1.161845,1.161036,1.161036
2026-03-24T00:00:00Z,1.161036,1.161036,1.158749,1.159286
2026-03-24T01:00:00Z,1.159286,1.159958,1.158346,1.158883
2026-03-24T02:00:00Z,1.158749,1.159420,1.158614,1.158883
2026-03-24T03:00:00Z,1.158883,1.159286,1.158480,1.158614
2026-03-24T04:00:00Z,1.158614,1.158614,1.157943,1.158346
2026-03-24T05:00:00Z,1.158346,1.159152,1.157943,1.158614
2026-03-24T06:00:00Z,1.158480,1.159555,1.158346,1.159555
2026-03-24T07:00:00Z,1.159689,1.161845,1.159555,1.161170
2026-03-24T08:00:00Z,1.161170,1.161170,1.158749,1.159152
2026-03-24T09:00:00Z,1.159152,1.159958,1.158346,1.159824
2026-03-24T10:00:00Z,1.159824,1.159824,1.158749,1.159555
2026-03-24T11:00:00Z,1.159555,1.160227,1.158480,1.159286
2026-03-24T12:00:00Z,1.159420,1.159824,1.158480,1.158749
2026-03-24T13:00:00Z,1.158749,1.159286,1.157274,1.158078
2026-03-24T14:00:00Z,1.158480,1.160631,1.158212,1.159152
2026-03-24T15:00:00Z,1.159555,1.159958,1.158078,1.158078
2026-03-24T16:00:00Z,1.158078,1.159420,1.157943,1.158614
2026-03-24T17:00:00Z,1.158614,1.158614,1.156337,1.157943
2026-03-24T18:00:00Z,1.158078,1.159555,1.157140,1.158614
2026-03-24T19:00:00Z,1.158883,1.159555,1.158749,1.159017
2026-03-24T20:00:00Z,1.158883,1.163061,1.158614,1.161170
2026-03-24T21:00:00Z,1.161440,1.161575,1.160497,1.161575
2026-03-24T22:00:00Z,1.161710,1.162250,1.160901,1.161845
2026-03-24T23:00:00Z,1.161710,1.162115,1.161305,1.161710
2026-03-25T00:00:00Z,1.161845,1.163332,1.161845,1.162656
2026-03-25T01:00:00Z,1.162520,1.162656,1.161575,1.161575
2026-03-25T02:00:00Z,1.161440,1.161440,1.160497,1.160766
2026-03-25T03:00:00Z,1.160766,1.160901,1.160497,1.160631
2026-03-25T04:00:00Z,1.160631,1.160766,1.160093,1.160093
2026-03-25T05:00:00Z,1.159958,1.160093,1.159286,1.159555
2026-03-25T06:00:00Z,1.159555,1.160362,1.159152,1.159958
2026-03-25T07:00:00Z,1.160227,1.160766,1.159152,1.160093
2026-03-25T08:00:00Z,1.159689,1.161845,1.159555,1.160631
2026-03-25T09:00:00Z,1.160631,1.161170,1.159555,1.160362
2026-03-25T10:00:00Z,1.160631,1.160766,1.159958,1.160766
2026-03-25T11:00:00Z,1.160901,1.161440,1.159958,1.160901
2026-03-25T12:00:00Z,1.161170,1.161575,1.159017,1.159420
2026-03-25T13:00:00Z,1.159824,1.160093,1.157675,1.157675
2026-03-25T14:00:00Z,1.157274,1.159017,1.157006,1.158883
2026-03-25T15:00:00Z,1.159152,1.159152,1.156738,1.157407
2026-03-25T16:00:00Z,1.157407,1.157943,1.155936,1.157140
2026-03-25T17:00:00Z,1.157140,1.158480,1.157006,1.158212
2026-03-25T18:00:00Z,1.158212,1.158346,1.156470,1.157006
2026-03-25T19:00:00Z,1.156738,1.157006,1.156337,1.156604
2026-03-25T20:00:00Z,1.156470,1.156470,1.155936,1.156203
2026-03-25T21:00:00Z,1.156203,1.156738,1.156069,1.156203
2026-03-25T22:00:00Z,1.156203,1.156604,1.155936,1.156337
2026-03-25T23:00:00Z,1.156470,1.156470,1.156203,1.156470
2026-03-26T00:00:00Z,1.156604,1.156738,1.155802,1.156203
2026-03-26T01:00:00Z,1.156470,1.157006,1.156470,1.156738
2026-03-26T02:00:00Z,1.156738,1.156872,1.155936,1.156203
2026-03-26T03:00:00Z,1.156069,1.157274,1.156069,1.157140
2026-03-26T04:00:00Z,1.157140,1.157541,1.157006,1.157274
2026-03-26T05:00:00Z,1.157140,1.157274,1.156203,1.156203
2026-03-26T06:00:00Z,1.156203,1.157006,1.155668,1.157006
2026-03-26T07:00:00Z,1.156604,1.156604,1.155535,1.155668
2026-03-26T08:00:00Z,1.155402,1.156337,1.155135,1.156337
2026-03-26T09:00:00Z,1.156203,1.156738,1.155668,1.156337
2026-03-26T10:00:00Z,1.156203,1.156738,1.155802,1.156069
2026-03-26T11:00:00Z,1.156203,1.156203,1.152738,1.152738
2026-03-26T12:00:00Z,1.152871,1.153802,1.152738,1.153802
2026-03-26T13:00:00Z,1.153935,1.155402,1.153935,1.154601
2026-03-26T14:00:00Z,1.154601,1.155802,1.154068,1.155001
2026-03-26T15:00:00Z,1.155268,1.155402,1.153536,1.154468
2026-03-26T16:00:00Z,1.154468,1.154601,1.153536,1.153935
2026-03-26T17:00:00Z,1.153935,1.153935,1.152871,1.152871
2026-03-26T18:00:00Z,1.152871,1.153669,1.152871,1.153669
2026-03-26T19:00:00Z,1.153669,1.153669,1.152472,1.152472
2026-03-26T20:00:00Z,1.152472,1.156069,1.152339,1.152871
2026-03-26T21:00:00Z,1.153004,1.154201,1.152871,1.153802
2026-03-26T22:00:00Z,1.153802,1.154335,1.153669,1.154201
2026-03-26T23:00:00Z,1.154201,1.154335,1.153669,1.153669
2026-03-27T00:00:00Z,1.153802,1.154201,1.152738,1.153403
2026-03-27T01:00:00Z,1.153536,1.154335,1.153403,1.154335
2026-03-27T02:00:00Z,1.154468,1.154468,1.154068,1.154201
2026-03-27T03:00:00Z,1.154335,1.154335,1.153669,1.154201
2026-03-27T04:00:00Z,1.154201,1.154601,1.154068,1.154601
2026-03-27T05:00:00Z,1.154468,1.154868,1.154068,1.154335
2026-03-27T06:00:00Z,1.154468,1.154734,1.153802,1.153802
2026-03-27T07:00:00Z,1.153669,1.153802,1.152074,1.152206
2026-03-27T08:00:00Z,1.152206,1.152738,1.152074,1.152472
2026-03-27T09:00:00Z,1.152472,1.153004,1.151808,1.152206
2026-03-27T10:00:00Z,1.152339,1.152871,1.151410,1.151410
2026-03-27T11:00:00Z,1.151410,1.151676,1.150880,1.151145
2026-03-27T12:00:00Z,1.151013,1.152074,1.150483,1.151941
2026-03-27T13:00:00Z,1.151941,1.153536,1.151808,1.152738
2026-03-27T14:00:00Z,1.153004,1.153802,1.153004,1.153270
2026-03-27T15:00:00Z,1.153270,1.155001,1.152206,1.152472
2026-03-27T16:00:00Z,1.152339,1.152871,1.151808,1.152339
2026-03-27T17:00:00Z,1.152074,1.152339,1.151013,1.151543
2026-03-27T18:00:00Z,1.151676,1.151941,1.151145,1.151676
2026-03-27T19:00:00Z,1.151676,1.152074,1.151410,1.152074
2026-03-27T20:00:00Z,1.151941,1.152206,1.151145,1.151145
2026-03-27T21:00:00Z,1.151013,1.151013,1.151013,1.151013
2026-03-29T23:00:00Z,1.149161,1.149690,1.149161,1.149425
2026-03-30T00:00:00Z,1.149557,1.151543,1.149425,1.151013
2026-03-30T01:00:00Z,1.151145,1.151410,1.150748,1.150748
2026-03-30T02:00:00Z,1.150748,1.151808,1.150483,1.151410
2026-03-30T03:00:00Z,1.151410,1.152206,1.151410,1.151941
2026-03-30T04:00:00Z,1.151941,1.152472,1.151676,1.151676
2026-03-30T05:00:00Z,1.151676,1.152074,1.151278,1.151941
2026-03-30T06:00:00Z,1.151808,1.152339,1.151543,1.151543
2026-03-30T07:00:00Z,1.151543,1.151543,1.149822,1.150086
2026-03-30T08:00:00Z,1.150086,1.150218,1.149425,1.149954
2026-03-30T09:00:00Z,1.149822,1.150086,1.148897,1.149954
2026-03-30T10:00:00Z,1.149690,1.150086,1.149293,1.149293
2026-03-30T11:00:00Z,1.149293,1.149954,1.148897,1.148897
2026-03-30T12:00:00Z,1.148765,1.148897,1.147579,1.148633
2026-03-30T13:00:00Z,1.148765,1.149029,1.146526,1.146657
2026-03-30T14:00:00Z,1.146920,1.147184,1.145869,1.146789
2026-03-30T15:00:00Z,1.146789,1.146920,1.144820,1.145738
2026-03-30T16:00:00Z,1.145738,1.146263,1.145213,1.146132
2026-03-30T17:00:00Z,1.146395,1.146657,1.145869,1.146000
2026-03-30T18:00:00Z,1.146000,1.146920,1.146000,1.146526
2026-03-30T19:00:00Z,1.146395,1.146526,1.145869,1.146132
2026-03-30T20:00:00Z,1.146263,1.146526,1.146000,1.146526
2026-03-30T21:00:00Z,1.146132,1.147184,1.145869,1.146657
2026-03-30T22:00:00Z,1.146395,1.146920,1.146395,1.146395
2026-03-30T23:00:00Z,1.146132,1.146132,1.145607,1.145869
2026-03-31T00:00:00Z,1.146000,1.147974,1.145213,1.147974
2026-03-31T01:00:00Z,1.147842,1.149293,1.147710,1.147974
2026-03-31T02:00:00Z,1.147842,1.148237,1.147710,1.147974
2026-03-31T03:00:00Z,1.147974,1.147974,1.147052,1.147315
2026-03-31T04:00:00Z,1.147315,1.147579,1.147315,1.147315
2026-03-31T05:00:00Z,1.147315,1.147447,1.146657,1.146657
2026-03-31T06:00:00Z,1.146789,1.147710,1.146395,1.147579
2026-03-31T07:00:00Z,1.147447,1.147579,1.146789,1.147579
2026-03-31T08:00:00Z,1.147579,1.147842,1.146789,1.147184
2026-03-31T09:00:00Z,1.147052,1.147579,1.146526,1.147052
2026-03-31T10:00:00Z,1.147184,1.147315,1.146132,1.146263
2026-03-31T11:00:00Z,1.146263,1.149425,1.146132,1.149161
2026-03-31T12:00:00Z,1.149557,1.151278,1.149293,1.150748
2026-03-31T13:00:00Z,1.150748,1.153536,1.150483,1.153403
2026-03-31T14:00:00Z,1.153669,1.154201,1.151543,1.152472
2026-03-31T15:00:00Z,1.152472,1.153669,1.151543,1.151941
2026-03-31T16:00:00Z,1.151941,1.156069,1.151808,1.154335
2026-03-31T17:00:00Z,1.154601,1.155802,1.154601,1.154601
2026-03-31T18:00:00Z,1.154335,1.155268,1.154335,1.155001
2026-03-31T19:00:00Z,1.154734,1.156337,1.154335,1.156337
2026-03-31T20:00:00Z,1.156337,1.156604,1.155668,1.155668
2026-03-31T21:00:00Z,1.155802,1.156069,1.155001,1.155802
2026-03-31T22:00:00Z,1.156069,1.156337,1.155668,1.156203
2026-03-31T23:00:00Z,1.156203,1.157675,1.156069,1.157675
2026-04-01T00:00:00Z,1.157675,1.158212,1.157274,1.157809
2026-04-01T01:00:00Z,1.157675,1.157675,1.155936,1.156470
2026-04-01T02:00:00Z,1.156604,1.157407,1.156470,1.157274
2026-04-01T03:00:00Z,1.157140,1.157140,1.156337,1.156470
2026-04-01T04:00:00Z,1.156337,1.157006,1.156337,1.156872
2026-04-01T05:00:00Z,1.156872,1.157943,1.156872,1.157407
2026-04-01T06:00:00Z,1.157274,1.159555,1.156604,1.159420
2026-04-01T07:00:00Z,1.159555,1.160093,1.158212,1.158614
2026-04-01T08:00:00Z,1.158480,1.161440,1.158078,1.160093
2026-04-01T09:00:00Z,1.159958,1.160497,1.158480,1.159824
2026-04-01T10:00:00Z,1.159824,1.160766,1.159689,1.160362
2026-04-01T11:00:00Z,1.160227,1.161305,1.160227,1.161036
2026-04-01T12:00:00Z,1.161170,1.161980,1.159824,1.160631
2026-04-01T13:00:00Z,1.160766,1.162656,1.160362,1.161440
2026-04-01T14:00:00Z,1.161036,1.163061,1.160901,1.162791
2026-04-01T15:00:00Z,1.162656,1.162926,1.160901,1.161710
2026-04-01T16:00:00Z,1.161710,1.162250,1.160766,1.162250
2026-04-01T17:00:00Z,1.162250,1.162520,1.159824,1.159824
2026-04-01T18:00:00Z,1.159689,1.159689,1.158212,1.158480
2026-04-01T19:00:00Z,1.158078,1.159017,1.158078,1.158883
2026-04-01T20:00:00Z,1.158883,1.159555,1.158614,1.159555
2026-04-01T21:00:00Z,1.159152,1.159824,1.158480,1.159420
2026-04-01T22:00:00Z,1.159420,1.159689,1.159152,1.159420
2026-04-01T23:00:00Z,1.159555,1.159824,1.159286,1.159286
2026-04-02T00:00:00Z,1.159286,1.160093,1.159017,1.160093
2026-04-02T01:00:00Z,1.159958,1.160631,1.155001,1.155535
2026-04-02T02:00:00Z,1.155535,1.156337,1.154734,1.155135
2026-04-02T03:00:00Z,1.154868,1.155268,1.154201,1.154335
2026-04-02T04:00:00Z,1.154335,1.154468,1.153669,1.153935
2026-04-02T05:00:00Z,1.154201,1.154201,1.152871,1.152871
2026-04-02T06:00:00Z,1.153270,1.153935,1.151941,1.153935
2026-04-02T07:00:00Z,1.153802,1.153935,1.152206,1.153669
2026-04-02T08:00:00Z,1.153669,1.153802,1.152738,1.152871
2026-04-02T09:00:00Z,1.152871,1.153403,1.152605,1.152738
2026-04-02T10:00:00Z,1.152871,1.152871,1.151543,1.151543
2026-04-02T11:00:00Z,1.151676,1.152206,1.151278,1.152206
2026-04-02T12:00:00Z,1.152206,1.153403,1.152206,1.152738
2026-04-02T13:00:00Z,1.152738,1.153403,1.152339,1.153403
2026-04-02T14:00:00Z,1.153270,1.155802,1.153136,1.155535
2026-04-02T15:00:00Z,1.155668,1.156069,1.154734,1.154868
2026-04-02T16:00:00Z,1.154868,1.155001,1.154335,1.154601
2026-04-02T17:00:00Z,1.154335,1.155135,1.154068,1.154068
2026-04-02T18:00:00Z,1.154201,1.154201,1.153669,1.154201
2026-04-02T19:00:00Z,1.154068,1.154468,1.153802,1.153802
2026-04-02T20:00:00Z,1.153669,1.154335,1.153669,1.154201
2026-04-02T21:00:00Z,1.154335,1.154601,1.153669,1.154601
2026-04-02T22:00:00Z,1.154734,1.154734,1.154201,1.154335
2026-04-02T23:00:00Z,1.154335,1.154601,1.154335,1.154468
2026-04-03T00:00:00Z,1.154468,1.154734,1.154201,1.154201
2026-04-03T01:00:00Z,1.154201,1.154335,1.153802,1.153802
2026-04-03T02:00:00Z,1.153802,1.154201,1.153536,1.153935
2026-04-03T03:00:00Z,1.153935,1.154068,1.153802,1.153935
2026-04-03T04:00:00Z,1.153935,1.153935,1.153802,1.153802
2026-04-03T05:00:00Z,1.153802,1.154201,1.153270,1.154201
2026-04-03T06:00:00Z,1.154068,1.154335,1.153802,1.154335
2026-04-03T07:00:00Z,1.154335,1.155001,1.154335,1.154601
2026-04-03T08:00:00Z,1.154601,1.154868,1.154335,1.154601
2026-04-03T09:00:00Z,1.154734,1.154868,1.154468,1.154601
2026-04-03T10:00:00Z,1.154734,1.155135,1.154601,1.154868
2026-04-03T11:00:00Z,1.154868,1.155001,1.154468,1.154734
2026-04-03T12:00:00Z,1.154868,1.154868,1.152605,1.153403
2026-04-03T13:00:00Z,1.153270,1.154201,1.153136,1.153935
2026-04-03T14:00:00Z,1.153935,1.153935,1.152472,1.152472
2026-04-03T15:00:00Z,1.152472,1.153136,1.152472,1.152472
2026-04-03T16:00:00Z,1.152472,1.152472,1.152074,1.152339
2026-04-03T17:00:00Z,1.152206,1.152472,1.152074,1.152206
2026-04-03T18:00:00Z,1.152339,1.152339,1.151676,1.151808
2026-04-03T19:00:00Z,1.151808,1.152074,1.151808,1.151941
2026-04-03T20:00:00Z,1.151941,1.153270,1.151808,1.152206
2026-04-03T21:00:00Z,1.152339,1.152339,1.152206,1.152206
2026-04-05T23:00:00Z,1.151808,1.151941,1.151278,1.151278
2026-04-06T00:00:00Z,1.151410,1.152206,1.151410,1.151543
2026-04-06T01:00:00Z,1.151543,1.151676,1.151013,1.151013
2026-04-06T02:00:00Z,1.151278,1.153136,1.151278,1.152472
2026-04-06T03:00:00Z,1.152472,1.152605,1.152074,1.152206
2026-04-06T04:00:00Z,1.152339,1.152871,1.152206,1.152738
2026-04-06T05:00:00Z,1.152738,1.153270,1.152738,1.152871
2026-04-06T06:00:00Z,1.152738,1.153935,1.152605,1.153669
2026-04-06T07:00:00Z,1.153669,1.157140,1.152871,1.156738
2026-04-06T08:00:00Z,1.157006,1.157006,1.155802,1.155936
2026-04-06T09:00:00Z,1.155936,1.156203,1.155135,1.155402
2026-04-06T10:00:00Z,1.155402,1.155668,1.154601,1.155135
2026-04-06T11:00:00Z,1.155268,1.155268,1.154468,1.154868
2026-04-06T12:00:00Z,1.154868,1.155802,1.154601,1.155668
2026-04-06T13:00:00Z,1.155668,1.156337,1.155402,1.156337
2026-04-06T14:00:00Z,1.156604,1.157274,1.154601,1.154601
2026-04-06T15:00:00Z,1.154468,1.154734,1.153935,1.154734
2026-04-06T16:00:00Z,1.154868,1.155135,1.154601,1.154868
2026-04-06T17:00:00Z,1.154601,1.155001,1.153802,1.154468
2026-04-06T18:00:00Z,1.154335,1.155535,1.154335,1.154868
2026-04-06T19:00:00Z,1.154734,1.155001,1.154468,1.154601
2026-04-06T20:00:00Z,1.154601,1.154734,1.154468,1.154468
2026-04-06T21:00:00Z,1.154468,1.155135,1.154201,1.154601
2026-04-06T22:00:00Z,1.154734,1.154868,1.154601,1.154601
2026-04-06T23:00:00Z,1.154601,1.154734,1.154335,1.154468
2026-04-07T00:00:00Z,1.154468,1.154601,1.154068,1.154068
2026-04-07T01:00:00Z,1.153935,1.154335,1.153136,1.153270
2026-04-07T02:00:00Z,1.153270,1.153536,1.152871,1.153270
2026-04-07T03:00:00Z,1.153270,1.153802,1.153270,1.153802
2026-04-07T04:00:00Z,1.153802,1.154201,1.153669,1.154201
2026-04-07T05:00:00Z,1.154201,1.154335,1.153403,1.153802
2026-04-07T06:00:00Z,1.153935,1.154868,1.153669,1.154734
2026-04-07T07:00:00Z,1.154734,1.154868,1.154068,1.154601
2026-04-07T08:00:00Z,1.154601,1.157809,1.154601,1.157809
2026-04-07T09:00:00Z,1.157809,1.157809,1.156604,1.156604
2026-04-07T10:00:00Z,1.156604,1.156604,1.155135,1.155668
2026-04-07T11:00:00Z,1.155668,1.156470,1.155268,1.156203
2026-04-07T12:00:00Z,1.156337,1.157006,1.155802,1.156470
2026-04-07T13:00:00Z,1.156337,1.156872,1.156069,1.156738
2026-04-07T14:00:00Z,1.156738,1.158212,1.156203,1.157541
2026-04-07T15:00:00Z,1.157407,1.157943,1.157006,1.157541
2026-04-07T16:00:00Z,1.157407,1.158212,1.157274,1.157407
2026-04-07T17:00:00Z,1.157541,1.158212,1.157006,1.158078
2026-04-07T18:00:00Z,1.158212,1.158614,1.157541,1.157809
2026-04-07T19:00:00Z,1.157809,1.160497,1.157675,1.159824
2026-04-07T20:00:00Z,1.159689,1.160766,1.159689,1.159958
2026-04-07T21:00:00Z,1.159555,1.160766,1.159555,1.160227
2026-04-07T22:00:00Z,1.160631,1.166725,1.160631,1.166725
2026-04-07T23:00:00Z,1.167133,1.169317,1.166725,1.168907
2026-04-08T00:00:00Z,1.169044,1.169864,1.166997,1.167542
2026-04-08T01:00:00Z,1.167542,1.169044,1.167542,1.167815
2026-04-08T02:00:00Z,1.168088,1.168497,1.167270,1.167679
2026-04-08T03:00:00Z,1.167815,1.167815,1.167133,1.167542
2026-04-08T04:00:00Z,1.167406,1.168361,1.167406,1.167815
2026-04-08T05:00:00Z,1.167951,1.171097,1.167815,1.169591
2026-04-08T06:00:00Z,1.169591,1.171097,1.168907,1.170001
2026-04-08T07:00:00Z,1.169864,1.170275,1.168361,1.169864
2026-04-08T08:00:00Z,1.169864,1.170001,1.167542,1.168497
2026-04-08T09:00:00Z,1.168497,1.169180,1.168224,1.168361
2026-04-08T10:00:00Z,1.168224,1.169591,1.168224,1.169454
2026-04-08T11:00:00Z,1.169180,1.171097,1.169044,1.170412
2026-04-08T12:00:00Z,1.170412,1.172058,1.169727,1.171783
2026-04-08T13:00:00Z,1.171646,1.172470,1.169180,1.169591
2026-04-08T14:00:00Z,1.169864,1.170549,1.169454,1.169864
2026-04-08T15:00:00Z,1.169727,1.170001,1.168907,1.169180
2026-04-08T16:00:00Z,1.168907,1.169044,1.168224,1.168497
2026-04-08T17:00:00Z,1.168497,1.168907,1.167406,1.167815
2026-04-08T18:00:00Z,1.167542,1.168361,1.165501,1.165501
2026-04-08T19:00:00Z,1.164958,1.167406,1.164958,1.167406
2026-04-08T20:00:00Z,1.167133,1.167133,1.166453,1.166589
2026-04-08T21:00:00Z,1.166725,1.167133,1.165909,1.166861
2026-04-08T22:00:00Z,1.166997,1.166997,1.166453,1.166589
2026-04-08T23:00:00Z,1.166453,1.166589,1.166181,1.166181
2026-04-09T00:00:00Z,1.166181,1.166317,1.165773,1.166181
2026-04-09T01:00:00Z,1.166181,1.166589,1.165365,1.166589
2026-04-09T02:00:00Z,1.166725,1.166997,1.166317,1.166861
2026-04-09T03:00:00Z,1.166861,1.166997,1.166453,1.166589
2026-04-09T04:00:00Z,1.166725,1.167406,1.166589,1.166997
2026-04-09T05:00:00Z,1.166997,1.167133,1.166317,1.166453
2026-04-09T06:00:00Z,1.166453,1.166589,1.165773,1.166589
2026-04-09T07:00:00Z,1.166861,1.167133,1.166045,1.166589
2026-04-09T08:00:00Z,1.166589,1.167815,1.166317,1.167542
2026-04-09T09:00:00Z,1.167542,1.168224,1.167270,1.167815
2026-04-09T10:00:00Z,1.167815,1.168224,1.167815,1.167815
2026-04-09T11:00:00Z,1.167406,1.169317,1.167406,1.169180
2026-04-09T12:00:00Z,1.169180,1.169180,1.168361,1.168907
2026-04-09T13:00:00Z,1.168907,1.169864,1.168634,1.168634
2026-04-09T14:00:00Z,1.168361,1.169180,1.167815,1.168770
2026-04-09T15:00:00Z,1.168770,1.170960,1.168088,1.170823
2026-04-09T16:00:00Z,1.170823,1.171783,1.170823,1.171372
2026-04-09T17:00:00Z,1.171509,1.172608,1.171372,1.171783
2026-04-09T18:00:00Z,1.171783,1.171783,1.170138,1.170412
2026-04-09T19:00:00Z,1.170275,1.171234,1.170138,1.170412
2026-04-09T20:00:00Z,1.170275,1.170412,1.169864,1.170275
2026-04-09T21:00:00Z,1.170275,1.170686,1.169591,1.170412
2026-04-09T22:00:00Z,1.170412,1.170549,1.169591,1.169727
2026-04-09T23:00:00Z,1.169727,1.170001,1.169454,1.169454
2026-04-10T00:00:00Z,1.169454,1.169454,1.168907,1.169044
2026-04-10T01:00:00Z,1.169044,1.169864,1.169044,1.169591
2026-04-10T02:00:00Z,1.169727,1.169727,1.169044,1.169454
2026-04-10T03:00:00Z,1.169454,1.170001,1.169317,1.169864
2026-04-10T04:00:00Z,1.169864,1.170001,1.169454,1.169591
2026-04-10T05:00:00Z,1.169591,1.169591,1.169180,1.169454
2026-04-10T06:00:00Z,1.169317,1.169591,1.168770,1.168770
2026-04-10T07:00:00Z,1.168907,1.169317,1.168224,1.168224
2026-04-10T08:00:00Z,1.168361,1.169317,1.168088,1.168907
2026-04-10T09:00:00Z,1.169044,1.171372,1.168907,1.171234
2026-04-10T10:00:00Z,1.171372,1.171921,1.170960,1.171646
2026-04-10T11:00:00Z,1.171646,1.172196,1.171509,1.171783
2026-04-10T12:00:00Z,1.171783,1.172883,1.171372,1.172196
2026-04-10T13:00:00Z,1.172196,1.173847,1.172196,1.173020
2026-04-10T14:00:00Z,1.173020,1.174122,1.172608,1.173158
2026-04-10T15:00:00Z,1.173158,1.174122,1.172608,1.172608
2026-04-10T16:00:00Z,1.172470,1.172883,1.171646,1.172470
2026-04-10T17:00:00Z,1.172333,1.172883,1.172333,1.172745
2026-04-10T18:00:00Z,1.172608,1.173847,1.172333,1.173434
2026-04-10T19:00:00Z,1.173434,1.173571,1.173158,1.173158
2026-04-10T20:00:00Z,1.173020,1.173434,1.172745,1.172745
2026-04-10T21:00:00Z,1.172883,1.172883,1.172883,1.172883
2026-04-12T23:00:00Z,1.167542,1.167815,1.166725,1.167679
2026-04-13T00:00:00Z,1.167951,1.168907,1.167406,1.168907
2026-04-13T01:00:00Z,1.169180,1.169180,1.168361,1.169044
2026-04-13T02:00:00Z,1.169044,1.169317,1.168907,1.169180
2026-04-13T03:00:00Z,1.169180,1.169180,1.168907,1.169180
2026-04-13T04:00:00Z,1.169180,1.169317,1.168907,1.168907
2026-04-13T05:00:00Z,1.169044,1.169180,1.168770,1.169180
2026-04-13T06:00:00Z,1.169180,1.169727,1.168224,1.168907
2026-04-13T07:00:00Z,1.169044,1.170275,1.169044,1.170138
2026-04-13T08:00:00Z,1.170001,1.170001,1.168770,1.168907
2026-04-13T09:00:00Z,1.169044,1.169454,1.168770,1.169044
2026-04-13T10:00:00Z,1.168907,1.169864,1.168634,1.169591
2026-04-13T11:00:00Z,1.169864,1.170275,1.168634,1.168634
2026-04-13T12:00:00Z,1.168497,1.170138,1.168497,1.170138
2026-04-13T13:00:00Z,1.170275,1.171509,1.170001,1.170686
2026-04-13T14:00:00Z,1.170960,1.172196,1.170549,1.171509
2026-04-13T15:00:00Z,1.171372,1.171509,1.170549,1.171234
2026-04-13T16:00:00Z,1.171372,1.173158,1.171097,1.172883
2026-04-13T17:00:00Z,1.172883,1.174122,1.172883,1.173709
2026-04-13T18:00:00Z,1.173709,1.176471,1.173709,1.176471
2026-04-13T19:00:00Z,1.176886,1.176886,1.175779,1.176471
2026-04-13T20:00:00Z,1.176471,1.176609,1.176055,1.176194
2026-04-13T21:00:00Z,1.176194,1.176471,1.175917,1.176055
2026-04-13T22:00:00Z,1.176332,1.176747,1.176332,1.176332
2026-04-13T23:00:00Z,1.176471,1.177024,1.176471,1.177024
2026-04-14T00:00:00Z,1.177024,1.177024,1.176609,1.176886
2026-04-14T01:00:00Z,1.177024,1.177024,1.176332,1.176332
2026-04-14T02:00:00Z,1.176332,1.176609,1.176055,1.176471
2026-04-14T03:00:00Z,1.176471,1.177163,1.176332,1.177163
2026-04-14T04:00:00Z,1.177024,1.177302,1.176886,1.177163
2026-04-14T05:00:00Z,1.177024,1.177302,1.176332,1.176747
2026-04-14T06:00:00Z,1.176886,1.178134,1.176194,1.178134
2026-04-14T07:00:00Z,1.178134,1.179663,1.178134,1.178411
2026-04-14T08:00:00Z,1.178273,1.178689,1.177856,1.178550
2026-04-14T09:00:00Z,1.178689,1.179523,1.178550,1.178967
2026-04-14T10:00:00Z,1.179245,1.180220,1.179245,1.180080
2026-04-14T11:00:00Z,1.179941,1.180777,1.179941,1.180777
2026-04-14T12:00:00Z,1.180080,1.180777,1.179663,1.180777
2026-04-14T13:00:00Z,1.180777,1.181056,1.179802,1.180220
2026-04-14T14:00:00Z,1.180359,1.181335,1.179802,1.181335
2026-04-14T15:00:00Z,1.181195,1.181195,1.179106,1.179384
2026-04-14T16:00:00Z,1.179384,1.179941,1.179245,1.179802
2026-04-14T17:00:00Z,1.179802,1.180220,1.179523,1.179941
2026-04-14T18:00:00Z,1.180080,1.180080,1.179384,1.179663
2026-04-14T19:00:00Z,1.179523,1.179802,1.179384,1.179523
2026-04-14T20:00:00Z,1.179523,1.179941,1.179523,1.179941
2026-04-14T21:00:00Z,1.179941,1.180220,1.179106,1.179384
2026-04-14T22:00:00Z,1.179663,1.180220,1.179663,1.179802
2026-04-14T23:00:00Z,1.179941,1.180359,1.179802,1.180220
2026-04-15T00:00:00Z,1.180220,1.180220,1.179384,1.179802
2026-04-15T01:00:00Z,1.179802,1.179941,1.179384,1.179523
2026-04-15T02:00:00Z,1.179384,1.179384,1.178273,1.178689
2026-04-15T03:00:00Z,1.178689,1.179245,1.178411,1.179106
2026-04-15T04:00:00Z,1.179106,1.179384,1.178967,1.179245
2026-04-15T05:00:00Z,1.179245,1.180080,1.179245,1.179523
2026-04-15T06:00:00Z,1.179663,1.180220,1.178828,1.178967
2026-04-15T07:00:00Z,1.178828,1.179384,1.178689,1.178828
2026-04-15T08:00:00Z,1.178967,1.179802,1.178967,1.179384
2026-04-15T09:00:00Z,1.179245,1.179523,1.177995,1.178550
2026-04-15T10:00:00Z,1.178550,1.178967,1.177718,1.178134
2026-04-15T11:00:00Z,1.177995,1.178689,1.177718,1.178550
2026-04-15T12:00:00Z,1.178689,1.179384,1.178134,1.179245
2026-04-15T13:00:00Z,1.179245,1.179941,1.178828,1.179245
2026-04-15T14:00:00Z,1.179245,1.180359,1.178967,1.180080
2026-04-15T15:00:00Z,1.180080,1.181056,1.179941,1.180359
2026-04-15T16:00:00Z,1.180220,1.180638,1.180080,1.180498
2026-04-15T17:00:00Z,1.180498,1.180498,1.179663,1.179941
2026-04-15T18:00:00Z,1.179802,1.180498,1.179802,1.180359
2026-04-15T19:00:00Z,1.180359,1.180777,1.180220,1.180498
2026-04-15T20:00:00Z,1.180359,1.180359,1.179941,1.180220
2026-04-15T21:00:00Z,1.180220,1.180638,1.179941,1.180080
2026-04-15T22:00:00Z,1.180498,1.180638,1.180498,1.180638
2026-04-15T23:00:00Z,1.180638,1.181195,1.180638,1.181056
2026-04-16T00:00:00Z,1.181056,1.181056,1.180638,1.181056
2026-04-16T01:00:00Z,1.181056,1.181195,1.180080,1.180498
2026-04-16T02:00:00Z,1.180638,1.182033,1.180638,1.182033
2026-04-16T03:00:00Z,1.182033,1.182732,1.181614,1.181614
2026-04-16T04:00:00Z,1.181614,1.181614,1.181195,1.181335
2026-04-16T05:00:00Z,1.181335,1.181335,1.180777,1.180777
2026-04-16T06:00:00Z,1.180916,1.180916,1.179663,1.180638
2026-04-16T07:00:00Z,1.180777,1.180777,1.179523,1.179663
2026-04-16T08:00:00Z,1.179523,1.179663,1.178134,1.178967
2026-04-16T09:00:00Z,1.178828,1.179106,1.178134,1.178273
2026-04-16T10:00:00Z,1.178273,1.178411,1.177718,1.178273
2026-04-16T11:00:00Z,1.178411,1.179106,1.178411,1.178828
2026-04-16T12:00:00Z,1.178689,1.178689,1.177856,1.178550
2026-04-16T13:00:00Z,1.178550,1.178689,1.177163,1.177302
2026-04-16T14:00:00Z,1.177579,1.178411,1.177302,1.177579
2026-04-16T15:00:00Z,1.177579,1.178411,1.177440,1.178411
2026-04-16T16:00:00Z,1.178550,1.179106,1.177440,1.177856
2026-04-16T17:00:00Z,1.177856,1.177856,1.177163,1.177579
2026-04-16T18:00:00Z,1.177718,1.178411,1.177718,1.178273
2026-04-16T19:00:00Z,1.178411,1.178828,1.178411,1.178550
2026-04-16T20:00:00Z,1.178550,1.178689,1.178273,1.178550
2026-04-16T21:00:00Z,1.178689,1.178689,1.177718,1.178689
2026-04-16T22:00:00Z,1.178411,1.179106,1.178411,1.178828
2026-04-16T23:00:00Z,1.178828,1.178967,1.178411,1.178411
2026-04-17T00:00:00Z,1.178411,1.178689,1.178134,1.178273
2026-04-17T01:00:00Z,1.178273,1.178273,1.177856,1.177995
2026-04-17T02:00:00Z,1.177995,1.178134,1.177718,1.178134
2026-04-17T03:00:00Z,1.178134,1.178828,1.177856,1.178689
2026-04-17T04:00:00Z,1.178689,1.178828,1.178550,1.178689
2026-04-17T05:00:00Z,1.178550,1.178828,1.178411,1.178550
2026-04-17T06:00:00Z,1.178273,1.178550,1.177718,1.177856
2026-04-17T07:00:00Z,1.177995,1.178550,1.177856,1.178550
2026-04-17T08:00:00Z,1.178689,1.179802,1.178411,1.179802
2026-04-17T09:00:00Z,1.179802,1.180220,1.179523,1.179802
2026-04-17T10:00:00Z,1.179663,1.179941,1.179523,1.179802
2026-04-17T11:00:00Z,1.179802,1.180220,1.179523,1.179802
2026-04-17T12:00:00Z,1.179802,1.183852,1.179802,1.183712
2026-04-17T13:00:00Z,1.183992,1.185255,1.182872,1.183712
2026-04-17T14:00:00Z,1.183712,1.183852,1.181614,1.181893
2026-04-17T15:00:00Z,1.181614,1.181754,1.180359,1.180359
2026-04-17T16:00:00Z,1.180359,1.180777,1.179663,1.180220
2026-04-17T17:00:00Z,1.180080,1.180080,1.178967,1.179802
2026-04-17T18:00:00Z,1.179941,1.179941,1.177995,1.178273
2026-04-17T19:00:00Z,1.178273,1.178689,1.177163,1.177163
2026-04-17T20:00:00Z,1.177302,1.177440,1.176609,1.176747
2026-04-17T21:00:00Z,1.176747,1.176747,1.176747,1.176747
2026-04-19T23:00:00Z,1.174398,1.174812,1.173985,1.174260
2026-04-20T00:00:00Z,1.174122,1.176055,1.174122,1.175779
2026-04-20T01:00:00Z,1.175917,1.176332,1.175503,1.176055
2026-04-20T02:00:00Z,1.176055,1.176471,1.175779,1.176055
2026-04-20T03:00:00Z,1.176055,1.176471,1.175779,1.176332
2026-04-20T04:00:00Z,1.176332,1.176471,1.176055,1.176332
2026-04-20T05:00:00Z,1.176332,1.176471,1.175088,1.175641
2026-04-20T06:00:00Z,1.175779,1.175779,1.175503,1.175503
2026-04-20T09:00:00Z,1.176332,1.176886,1.176332,1.176886
2026-04-20T10:00:00Z,1.176886,1.177440,1.176609,1.177440
2026-04-20T11:00:00Z,1.177440,1.177856,1.177024,1.177163
2026-04-20T12:00:00Z,1.176886,1.177024,1.176055,1.176747
2026-04-20T13:00:00Z,1.176609,1.178550,1.176471,1.177856
2026-04-20T14:00:00Z,1.177579,1.178134,1.177024,1.177579
2026-04-20T15:00:00Z,1.177718,1.179245,1.177302,1.178828
2026-04-20T16:00:00Z,1.178967,1.179106,1.178550,1.178828
2026-04-20T17:00:00Z,1.178967,1.179245,1.178550,1.178689
2026-04-20T18:00:00Z,1.178828,1.179245,1.178411,1.178411
2026-04-20T19:00:00Z,1.178550,1.179245,1.178550,1.178967
2026-04-20T20:00:00Z,1.178828,1.179245,1.178828,1.179106
2026-04-20T21:00:00Z,1.179384,1.179384,1.178550,1.178689
2026-04-20T22:00:00Z,1.179245,1.179384,1.178828,1.179245
2026-04-20T23:00:00Z,1.179384,1.179384,1.178689,1.178828
2026-04-21T00:00:00Z,1.178828,1.178828,1.178411,1.178689
2026-04-21T01:00:00Z,1.178550,1.178967,1.178411,1.178411
2026-04-21T02:00:00Z,1.178411,1.178550,1.178134,1.178273
2026-04-21T03:00:00Z,1.178273,1.178273,1.177718,1.177856
2026-04-21T04:00:00Z,1.177995,1.177995,1.177718,1.177995
2026-04-21T05:00:00Z,1.177995,1.178550,1.177856,1.178273
2026-04-21T06:00:00Z,1.178134,1.178134,1.177579,1.177856
2026-04-21T07:00:00Z,1.177856,1.177995,1.176747,1.176747
2026-04-21T08:00:00Z,1.176886,1.177163,1.176055,1.176747
2026-04-21T09:00:00Z,1.176886,1.176886,1.176055,1.176332
2026-04-21T10:00:00Z,1.176194,1.176471,1.176055,1.176471
2026-04-21T11:00:00Z,1.176471,1.177163,1.176055,1.177024
2026-04-21T12:00:00Z,1.177163,1.177163,1.176055,1.176194
2026-04-21T13:00:00Z,1.176471,1.177302,1.176471,1.176886
2026-04-21T14:00:00Z,1.177024,1.177856,1.175641,1.175641
2026-04-21T15:00:00Z,1.175503,1.176194,1.174536,1.175503
2026-04-21T16:00:00Z,1.175503,1.175779,1.174398,1.174536
2026-04-21T17:00:00Z,1.174398,1.176194,1.172470,1.174674
2026-04-21T18:00:00Z,1.174950,1.174950,1.173296,1.174398
2026-04-21T19:00:00Z,1.174536,1.175364,1.172470,1.173020
2026-04-21T20:00:00Z,1.172883,1.175641,1.172745,1.174674
2026-04-21T21:00:00Z,1.174812,1.175917,1.173847,1.174122
2026-04-21T22:00:00Z,1.174536,1.174536,1.174260,1.174260
2026-04-21T23:00:00Z,1.174260,1.174812,1.174122,1.174674
2026-04-22T00:00:00Z,1.174950,1.175503,1.174674,1.174674
2026-04-22T01:00:00Z,1.174950,1.175088,1.174260,1.174812
2026-04-22T02:00:00Z,1.174950,1.175088,1.174398,1.174398
2026-04-22T03:00:00Z,1.174398,1.174674,1.174122,1.174260
2026-04-22T04:00:00Z,1.174260,1.174536,1.174260,1.174260
2026-04-22T05:00:00Z,1.174398,1.176471,1.174398,1.175503
2026-04-22T06:00:00Z,1.175503,1.175779,1.174950,1.175226
2026-04-22T07:00:00Z,1.175503,1.175917,1.175088,1.175917
2026-04-22T08:00:00Z,1.175917,1.176194,1.175088,1.175779
2026-04-22T09:00:00Z,1.175641,1.176055,1.175088,1.175088
2026-04-22T10:00:00Z,1.174950,1.175641,1.174950,1.175503
2026-04-22T11:00:00Z,1.175364,1.175364,1.173571,1.173709
2026-04-22T12:00:00Z,1.173847,1.174122,1.172883,1.173158
2026-04-22T13:00:00Z,1.173020,1.174536,1.172883,1.174398
2026-04-22T14:00:00Z,1.174674,1.174674,1.172196,1.172196
2026-04-22T15:00:00Z,1.172196,1.172608,1.171646,1.171646
2026-04-22T16:00:00Z,1.171783,1.171921,1.171372,1.171646
2026-04-22T17:00:00Z,1.171509,1.172058,1.171509,1.171509
2026-04-22T18:00:00Z,1.171234,1.171646,1.171097,1.171234
2026-04-22T19:00:00Z,1.171234,1.171509,1.170823,1.170823
2026-04-22T20:00:00Z,1.170960,1.171097,1.170686,1.170960
2026-04-22T21:00:00Z,1.171097,1.171372,1.170686,1.171097
2026-04-22T22:00:00Z,1.171097,1.171234,1.170823,1.170960
2026-04-22T23:00:00Z,1.170960,1.171097,1.170823,1.170960
2026-04-23T00:00:00Z,1.170823,1.171646,1.169591,1.171509
2026-04-23T01:00:00Z,1.171509,1.171509,1.171097,1.171234
2026-04-23T02:00:00Z,1.171372,1.171372,1.170001,1.170138
2026-04-23T03:00:00Z,1.170001,1.170412,1.169864,1.169864
2026-04-23T04:00:00Z,1.170001,1.170412,1.169864,1.170412
2026-04-23T05:00:00Z,1.170275,1.170960,1.170275,1.170960
2026-04-23T06:00:00Z,1.170960,1.171234,1.170549,1.170686
2026-04-23T07:00:00Z,1.170686,1.171372,1.170001,1.170549
2026-04-23T08:00:00Z,1.170686,1.170823,1.170001,1.170549
2026-04-23T09:00:00Z,1.170549,1.170549,1.169454,1.169727
2026-04-23T10:00:00Z,1.169864,1.169864,1.168361,1.168634
2026-04-23T11:00:00Z,1.168497,1.169864,1.168224,1.169454
2026-04-23T12:00:00Z,1.169454,1.170138,1.169044,1.169591
2026-04-23T13:00:00Z,1.169591,1.170001,1.168770,1.169591
2026-04-23T14:00:00Z,1.169317,1.171921,1.169180,1.171372
2026-04-23T15:00:00Z,1.171509,1.171783,1.170412,1.170823
2026-04-23T16:00:00Z,1.170686,1.170960,1.170275,1.170686
2026-04-23T17:00:00Z,1.170549,1.170549,1.167406,1.169591
2026-04-23T18:00:00Z,1.169727,1.170138,1.169180,1.169180
2026-04-23T19:00:00Z,1.169317,1.169317,1.168361,1.169044
2026-04-23T20:00:00Z,1.168907,1.168907,1.168361,1.168770
2026-04-23T21:00:00Z,1.169727,1.169727,1.168224,1.169044
2026-04-23T22:00:00Z,1.169044,1.169044,1.168907,1.168907
2026-04-23T23:00:00Z,1.168907,1.168907,1.168497,1.168634
2026-04-24T00:00:00Z,1.168634,1.169180,1.168634,1.168907
2026-04-24T01:00:00Z,1.168907,1.169180,1.168634,1.169180
2026-04-24T02:00:00Z,1.169180,1.169180,1.168224,1.168224
2026-04-24T03:00:00Z,1.168361,1.168361,1.167679,1.168088
2026-04-24T04:00:00Z,1.168088,1.168497,1.167951,1.168224
2026-04-24T05:00:00Z,1.168361,1.168634,1.168088,1.168634
2026-04-24T06:00:00Z,1.168497,1.168634,1.168088,1.168088
2026-04-24T07:00:00Z,1.168088,1.169591,1.167951,1.169591
2026-04-24T08:00:00Z,1.169180,1.169864,1.168907,1.169317
2026-04-24T09:00:00Z,1.169454,1.169454,1.168770,1.169044
2026-04-24T10:00:00Z,1.169044,1.170686,1.168907,1.170686
2026-04-24T11:00:00Z,1.170686,1.172196,1.170686,1.171783
2026-04-24T12:00:00Z,1.171921,1.172058,1.170686,1.171234
2026-04-24T13:00:00Z,1.171372,1.171509,1.170275,1.171097
2026-04-24T14:00:00Z,1.171097,1.171921,1.170823,1.170960
2026-04-24T15:00:00Z,1.170960,1.172196,1.170686,1.172058
2026-04-24T16:00:00Z,1.172196,1.172333,1.171783,1.172333
2026-04-24T17:00:00Z,1.172333,1.172470,1.171646,1.171783
2026-04-24T18:00:00Z,1.171646,1.172196,1.171509,1.172058
2026-04-24T19:00:00Z,1.172196,1.172470,1.171921,1.172196
2026-04-24T20:00:00Z,1.172196,1.172745,1.172058,1.172470
2026-04-24T21:00:00Z,1.172608,1.172608,1.172608,1.172608
2026-04-26T23:00:00Z,1.171097,1.171372,1.170960,1.170960
2026-04-27T00:00:00Z,1.170960,1.171921,1.170960,1.171921
2026-04-27T01:00:00Z,1.172058,1.173020,1.172058,1.172745
2026-04-27T02:00:00Z,1.172883,1.173158,1.172333,1.173020
2026-04-27T03:00:00Z,1.173020,1.173571,1.173020,1.173296
2026-04-27T04:00:00Z,1.173296,1.173434,1.172883,1.173020
2026-04-27T05:00:00Z,1.173020,1.173158,1.172608,1.172608
2026-04-27T06:00:00Z,1.172608,1.173296,1.172058,1.173296
2026-04-27T07:00:00Z,1.173296,1.174812,1.173296,1.174812
2026-04-27T08:00:00Z,1.174674,1.175364,1.174398,1.175226
2026-04-27T09:00:00Z,1.175226,1.175364,1.174398,1.174536
2026-04-27T10:00:00Z,1.174536,1.175088,1.174260,1.174950
2026-04-27T11:00:00Z,1.174950,1.174950,1.174122,1.174398
2026-04-27T12:00:00Z,1.174536,1.175779,1.174398,1.174812
2026-04-27T13:00:00Z,1.174674,1.175779,1.173985,1.174122
2026-04-27T14:00:00Z,1.174122,1.175088,1.173985,1.173985
2026-04-27T15:00:00Z,1.173985,1.173985,1.173434,1.173434
2026-04-27T16:00:00Z,1.173434,1.173709,1.172883,1.173158
2026-04-27T17:00:00Z,1.173020,1.173296,1.172470,1.172745
2026-04-27T18:00:00Z,1.172745,1.172883,1.172196,1.172333
2026-04-27T19:00:00Z,1.172333,1.172883,1.172333,1.172333
2026-04-27T20:00:00Z,1.172470,1.172745,1.172333,1.172470
2026-04-27T21:00:00Z,1.172745,1.172745,1.172196,1.172608
2026-04-27T22:00:00Z,1.172608,1.172745,1.172333,1.172608
2026-04-27T23:00:00Z,1.172608,1.172608,1.172470,1.172608
2026-04-28T00:00:00Z,1.172745,1.173020,1.172058,1.172196
2026-04-28T01:00:00Z,1.172058,1.172196,1.171646,1.171646
2026-04-28T02:00:00Z,1.171646,1.171646,1.171234,1.171234
2026-04-28T03:00:00Z,1.171097,1.172058,1.171097,1.171783
2026-04-28T04:00:00Z,1.171646,1.171921,1.171509,1.171509
2026-04-28T05:00:00Z,1.171646,1.171646,1.170960,1.170960
2026-04-28T06:00:00Z,1.170823,1.171097,1.169180,1.169180
2026-04-28T07:00:00Z,1.169044,1.170412,1.169044,1.170138
2026-04-28T08:00:00Z,1.170138,1.171097,1.170001,1.170549
2026-04-28T09:00:00Z,1.170412,1.170412,1.169044,1.169591
2026-04-28T10:00:00Z,1.169591,1.169864,1.169454,1.169591
2026-04-28T11:00:00Z,1.169727,1.170275,1.168634,1.168634
2026-04-28T12:00:00Z,1.168497,1.170275,1.168224,1.170001
2026-04-28T13:00:00Z,1.169864,1.170686,1.169180,1.170001
2026-04-28T14:00:00Z,1.170001,1.170686,1.169454,1.170138
2026-04-28T15:00:00Z,1.170549,1.171921,1.170549,1.171646
2026-04-28T16:00:00Z,1.171646,1.171921,1.170960,1.171372
2026-04-28T17:00:00Z,1.171372,1.172058,1.170960,1.171646
2026-04-28T18:00:00Z,1.171783,1.171921,1.171509,1.171509
2026-04-28T19:00:00Z,1.171509,1.171783,1.171097,1.171234
2026-04-28T20:00:00Z,1.171372,1.171783,1.171372,1.171646
2026-04-28T21:00:00Z,1.171646,1.172058,1.171646,1.171783
2026-04-28T22:00:00Z,1.171921,1.172196,1.171921,1.171921
2026-04-28T23:00:00Z,1.171921,1.172196,1.171921,1.172196
2026-04-29T00:00:00Z,1.172333,1.172470,1.171783,1.172058
2026-04-29T01:00:00Z,1.171921,1.171921,1.171097,1.171509
2026-04-29T02:00:00Z,1.171783,1.172058,1.171097,1.171097
2026-04-29T03:00:00Z,1.171234,1.171509,1.170960,1.170960
2026-04-29T04:00:00Z,1.170960,1.171234,1.170823,1.170960
2026-04-29T05:00:00Z,1.170960,1.170960,1.170275,1.170549
2026-04-29T06:00:00Z,1.170549,1.170823,1.170138,1.170412
2026-04-29T07:00:00Z,1.170275,1.171097,1.170275,1.170960
2026-04-29T08:00:00Z,1.170823,1.170823,1.169864,1.170549
2026-04-29T09:00:00Z,1.170412,1.170823,1.170138,1.170138
2026-04-29T10:00:00Z,1.170001,1.171097,1.170001,1.171097
2026-04-29T11:00:00Z,1.171097,1.171234,1.170412,1.170549
2026-04-29T12:00:00Z,1.170549,1.171097,1.169864,1.170275
2026-04-29T13:00:00Z,1.170275,1.170549,1.168770,1.169180
2026-04-29T14:00:00Z,1.169317,1.170549,1.168770,1.170549
2026-04-29T15:00:00Z,1.170412,1.170823,1.169317,1.169864
2026-04-29T16:00:00Z,1.169864,1.170138,1.168770,1.168770
2026-04-29T17:00:00Z,1.168770,1.169317,1.168497,1.169180
2026-04-29T18:00:00Z,1.168088,1.168907,1.166725,1.167679
2026-04-29T19:00:00Z,1.167815,1.168361,1.167270,1.167951
2026-04-29T20:00:00Z,1.167951,1.168088,1.167542,1.167951
2026-04-29T21:00:00Z,1.167133,1.168497,1.167133,1.167542
2026-04-29T22:00:00Z,1.167815,1.168224,1.167542,1.168088
2026-04-29T23:00:00Z,1.168224,1.168907,1.167951,1.168907
2026-04-30T00:00:00Z,1.169180,1.169317,1.168224,1.168224
2026-04-30T01:00:00Z,1.168088,1.168497,1.167679,1.167815
2026-04-30T02:00:00Z,1.167815,1.168088,1.166589,1.166997
2026-04-30T03:00:00Z,1.167133,1.167406,1.166861,1.166861
2026-04-30T04:00:00Z,1.166997,1.166997,1.165909,1.166317
2026-04-30T05:00:00Z,1.166453,1.166725,1.166317,1.166317
2026-04-30T06:00:00Z,1.166181,1.167406,1.166181,1.167270
2026-04-30T07:00:00Z,1.167406,1.168497,1.167406,1.168224
2026-04-30T08:00:00Z,1.168361,1.170001,1.167951,1.168224
2026-04-30T09:00:00Z,1.168497,1.170001,1.167815,1.169864
2026-04-30T10:00:00Z,1.169864,1.171646,1.169317,1.171646
2026-04-30T11:00:00Z,1.172058,1.172196,1.170686,1.170823
2026-04-30T12:00:00Z,1.170823,1.170823,1.169317,1.169727
2026-04-30T13:00:00Z,1.169727,1.170275,1.168770,1.169727
2026-04-30T14:00:00Z,1.169317,1.173709,1.169317,1.173434
2026-04-30T15:00:00Z,1.173158,1.173847,1.172745,1.173296
2026-04-30T16:00:00Z,1.173158,1.173847,1.172745,1.173020
2026-04-30T17:00:00Z,1.173020,1.173434,1.172745,1.172883
2026-04-30T18:00:00Z,1.173020,1.174398,1.173020,1.173985
2026-04-30T19:00:00Z,1.174260,1.174398,1.173571,1.173985
2026-04-30T20:00:00Z,1.173847,1.173985,1.173434,1.173434
2026-04-30T21:00:00Z,1.173709,1.174122,1.173434,1.173847
2026-04-30T22:00:00Z,1.173847,1.173847,1.173296,1.173434
2026-04-30T23:00:00Z,1.173571,1.173709,1.173296,1.173296
2026-05-01T00:00:00Z,1.173296,1.173296,1.172883,1.173158
2026-05-01T01:00:00Z,1.173158,1.173571,1.172883,1.173434
2026-05-01T02:00:00Z,1.173571,1.173847,1.173434,1.173709
2026-05-01T03:00:00Z,1.173847,1.174122,1.173434,1.173571
2026-05-01T04:00:00Z,1.173434,1.173571,1.173020,1.173158
2026-05-01T05:00:00Z,1.173020,1.173158,1.172608,1.172608
2026-05-01T06:00:00Z,1.172608,1.174812,1.172333,1.174122
2026-05-01T07:00:00Z,1.173847,1.174536,1.173709,1.173847
2026-05-01T08:00:00Z,1.173985,1.175088,1.173709,1.174674
2026-05-01T09:00:00Z,1.174674,1.174674,1.173571,1.173709
2026-05-01T10:00:00Z,1.173571,1.174950,1.173571,1.174812
2026-05-01T11:00:00Z,1.174950,1.176055,1.174812,1.175503
2026-05-01T12:00:00Z,1.175641,1.177302,1.175364,1.176332
2026-05-01T13:00:00Z,1.176194,1.176609,1.174812,1.176609
2026-05-01T14:00:00Z,1.176747,1.178828,1.176747,1.177163
2026-05-01T15:00:00Z,1.177024,1.177440,1.176055,1.176055
2026-05-01T16:00:00Z,1.175917,1.176055,1.174398,1.174398
2026-05-01T17:00:00Z,1.174260,1.174398,1.173434,1.173709
2026-05-01T18:00:00Z,1.173709,1.173709,1.172470,1.173296
2026-05-01T19:00:00Z,1.173158,1.173158,1.172196,1.172333
2026-05-01T20:00:00Z,1.172333,1.172608,1.172058,1.172608
2026-05-01T21:00:00Z,1.172333,1.172333,1.172333,1.172333
2026-05-04T04:00:00Z,1.173296,1.173296,1.173158,1.173158
2026-05-04T05:00:00Z,1.173158,1.173571,1.173020,1.173434
2026-05-04T06:00:00Z,1.173571,1.173985,1.172745,1.173296
2026-05-04T07:00:00Z,1.173158,1.173158,1.172058,1.172333
2026-05-04T08:00:00Z,1.171921,1.172608,1.171509,1.172333
2026-05-04T09:00:00Z,1.172333,1.172608,1.172058,1.172058
2026-05-04T10:00:00Z,1.171921,1.172058,1.169317,1.170823
2026-05-04T11:00:00Z,1.170960,1.171097,1.169727,1.169727
2026-05-04T12:00:00Z,1.169591,1.171509,1.169591,1.171509
2026-05-04T13:00:00Z,1.170960,1.172058,1.170686,1.171783
2026-05-04T14:00:00Z,1.171783,1.171921,1.170960,1.171234
2026-05-04T15:00:00Z,1.170960,1.171783,1.169727,1.170138
2026-05-04T16:00:00Z,1.170138,1.170138,1.168497,1.168634
2026-05-04T17:00:00Z,1.168634,1.170001,1.168634,1.169727
2026-05-04T18:00:00Z,1.169591,1.170001,1.169317,1.169591
2026-05-04T19:00:00Z,1.170001,1.170549,1.169727,1.169864
2026-05-04T20:00:00Z,1.169727,1.169727,1.169044,1.169591
2026-05-04T21:00:00Z,1.170138,1.170275,1.169180,1.169591
2026-05-04T22:00:00Z,1.169317,1.169591,1.169317,1.169317
2026-05-04T23:00:00Z,1.169317,1.169591,1.169317,1.169591
2026-05-05T00:00:00Z,1.169591,1.169727,1.168907,1.169044
2026-05-05T01:00:00Z,1.168907,1.169180,1.168361,1.168907
2026-05-05T02:00:00Z,1.169044,1.169454,1.169044,1.169044
2026-05-05T03:00:00Z,1.169180,1.169180,1.168770,1.168770
2026-05-05T04:00:00Z,1.168770,1.169044,1.168088,1.168088
2026-05-05T05:00:00Z,1.167951,1.168770,1.167951,1.168497
2026-05-05T06:00:00Z,1.168634,1.169180,1.168361,1.168907
2026-05-05T07:00:00Z,1.168907,1.169864,1.168907,1.169454
2026-05-05T08:00:00Z,1.169317,1.169864,1.168907,1.169180
2026-05-05T09:00:00Z,1.168907,1.169591,1.168634,1.169454
2026-05-05T10:00:00Z,1.169317,1.169864,1.169044,1.169317
2026-05-05T11:00:00Z,1.169317,1.169727,1.168770,1.169180
2026-05-05T12:00:00Z,1.169180,1.170001,1.168907,1.169591
2026-05-05T13:00:00Z,1.169591,1.170686,1.169591,1.170001
2026-05-05T14:00:00Z,1.170138,1.170823,1.169864,1.170823
2026-05-05T15:00:00Z,1.170960,1.171646,1.170549,1.171097
2026-05-05T16:00:00Z,1.170960,1.171097,1.170138,1.170275
2026-05-05T17:00:00Z,1.170275,1.170686,1.170001,1.170275
2026-05-05T18:00:00Z,1.170275,1.170412,1.170138,1.170412
2026-05-05T19:00:00Z,1.170412,1.170412,1.169727,1.169864
2026-05-05T20:00:00Z,1.169864,1.170001,1.169591,1.169591
2026-05-05T21:00:00Z,1.169864,1.170138,1.168907,1.169591
2026-05-05T22:00:00Z,1.169727,1.171234,1.169454,1.170823
2026-05-05T23:00:00Z,1.170960,1.172745,1.170960,1.171783
2026-05-06T00:00:00Z,1.171783,1.172470,1.171509,1.172333
2026-05-06T01:00:00Z,1.172470,1.172883,1.172196,1.172470
2026-05-06T02:00:00Z,1.172608,1.172745,1.171921,1.172058
2026-05-06T03:00:00Z,1.172058,1.172608,1.172058,1.172058
2026-05-06T04:00:00Z,1.172058,1.174674,1.171921,1.174260
2026-05-06T05:00:00Z,1.173985,1.174122,1.173296,1.173571
2026-05-06T06:00:00Z,1.173847,1.173847,1.173158,1.173709
2026-05-06T07:00:00Z,1.173709,1.173847,1.172883,1.173847
2026-05-06T08:00:00Z,1.174260,1.177302,1.173709,1.176747
2026-05-06T09:00:00Z,1.176747,1.177995,1.176055,1.177856
2026-05-06T10:00:00Z,1.177995,1.179941,1.177024,1.179384
2026-05-06T11:00:00Z,1.179245,1.179523,1.177163,1.177302
2026-05-06T12:00:00Z,1.177302,1.177302,1.175503,1.175641
2026-05-06T13:00:00Z,1.175641,1.176194,1.175088,1.175503
2026-05-06T14:00:00Z,1.175503,1.176609,1.174950,1.175917
2026-05-06T15:00:00Z,1.175779,1.176055,1.175226,1.175641
2026-05-06T16:00:00Z,1.175641,1.175641,1.174812,1.174812
2026-05-06T17:00:00Z,1.174674,1.175917,1.174674,1.175088
2026-05-06T18:00:00Z,1.175226,1.175503,1.174812,1.175226
2026-05-06T19:00:00Z,1.175364,1.175917,1.175226,1.175226
2026-05-06T20:00:00Z,1.174950,1.175364,1.174812,1.175226
2026-05-06T21:00:00Z,1.175226,1.175641,1.174812,1.175226
2026-05-06T22:00:00Z,1.175226,1.175503,1.175226,1.175364
2026-05-06T23:00:00Z,1.175364,1.175641,1.175088,1.175088
2026-05-07T00:00:00Z,1.175226,1.175779,1.175088,1.175226
2026-05-07T01:00:00Z,1.175226,1.176609,1.174950,1.176332
2026-05-07T02:00:00Z,1.176194,1.176332,1.175917,1.176055
2026-05-07T03:00:00Z,1.175917,1.175917,1.175226,1.175226
2026-05-07T04:00:00Z,1.175226,1.175641,1.175226,1.175503
2026-05-07T05:00:00Z,1.175503,1.175641,1.175364,1.175503
2026-05-07T06:00:00Z,1.175503,1.175917,1.174950,1.175088
2026-05-07T07:00:00Z,1.175226,1.177163,1.175226,1.177024
2026-05-07T08:00:00Z,1.177024,1.177718,1.176747,1.177440
2026-05-07T09:00:00Z,1.177440,1.178134,1.177024,1.177302
2026-05-07T10:00:00Z,1.177302,1.177995,1.177024,1.177163
2026-05-07T11:00:00Z,1.177024,1.177302,1.176609,1.177302
2026-05-07T12:00:00Z,1.177440,1.178134,1.177163,1.177718
2026-05-07T13:00:00Z,1.177579,1.177995,1.177024,1.177302
2026-05-07T14:00:00Z,1.177302,1.177995,1.176886,1.177995
2026-05-07T15:00:00Z,1.177995,1.178134,1.176747,1.176747
2026-05-07T16:00:00Z,1.176609,1.176886,1.176055,1.176332
2026-05-07T17:00:00Z,1.176332,1.176332,1.174122,1.175226
2026-05-07T18:00:00Z,1.175226,1.175503,1.174536,1.175226
2026-05-07T19:00:00Z,1.175364,1.175641,1.173847,1.173847
2026-05-07T20:00:00Z,1.173709,1.174674,1.172745,1.172745
2026-05-07T21:00:00Z,1.173158,1.173847,1.172883,1.173020
2026-05-07T22:00:00Z,1.173020,1.173434,1.172883,1.172883
2026-05-07T23:00:00Z,1.172883,1.173434,1.172883,1.173434
2026-05-08T00:00:00Z,1.173571,1.173847,1.173020,1.173158
2026-05-08T01:00:00Z,1.173296,1.173709,1.173158,1.173571
2026-05-08T02:00:00Z,1.173571,1.173571,1.172883,1.173158
2026-05-08T03:00:00Z,1.173158,1.173709,1.173020,1.173296
2026-05-08T04:00:00Z,1.173434,1.173847,1.173158,1.173847
2026-05-08T05:00:00Z,1.173847,1.174122,1.173709,1.174122
2026-05-08T06:00:00Z,1.174260,1.175088,1.174122,1.174812
2026-05-08T07:00:00Z,1.174950,1.175088,1.174536,1.174674
2026-05-08T08:00:00Z,1.174674,1.176747,1.174674,1.176609
2026-05-08T09:00:00Z,1.176747,1.177718,1.176747,1.177302
2026-05-08T10:00:00Z,1.177302,1.177579,1.176609,1.176747
2026-05-08T11:00:00Z,1.176747,1.177163,1.176609,1.176886
2026-05-08T12:00:00Z,1.176886,1.178134,1.176332,1.177856
2026-05-08T13:00:00Z,1.177718,1.178967,1.177163,1.178134
2026-05-08T14:00:00Z,1.178134,1.178134,1.177163,1.177718
2026-05-08T15:00:00Z,1.177718,1.178134,1.177024,1.177718
2026-05-08T16:00:00Z,1.177718,1.178134,1.177440,1.177579
2026-05-08T17:00:00Z,1.177440,1.177995,1.177440,1.177718
2026-05-08T18:00:00Z,1.177440,1.178550,1.177440,1.178273
2026-05-08T19:00:00Z,1.178273,1.178689,1.178134,1.178411
2026-05-08T20:00:00Z,1.178273,1.179106,1.178273,1.178828
2026-05-08T21:00:00Z,1.178967,1.178967,1.178967,1.178967
2026-05-10T23:00:00Z,1.176747,1.177302,1.176747,1.177024
2026-05-11T00:00:00Z,1.177163,1.177579,1.177024,1.177302
2026-05-11T01:00:00Z,1.177302,1.177302,1.176609,1.176609
2026-05-11T02:00:00Z,1.176747,1.176886,1.176332,1.176332
2026-05-11T03:00:00Z,1.176194,1.176194,1.176055,1.176055
2026-05-11T04:00:00Z,1.176055,1.176055,1.175364,1.175364
2026-05-11T05:00:00Z,1.175503,1.175779,1.175226,1.175364
2026-05-11T06:00:00Z,1.175503,1.177163,1.175503,1.177163
2026-05-11T07:00:00Z,1.177163,1.177718,1.176886,1.177440
2026-05-11T08:00:00Z,1.177440,1.178550,1.177440,1.177579
2026-05-11T09:00:00Z,1.177440,1.177718,1.177163,1.177163
2026-05-11T10:00:00Z,1.177024,1.177718,1.176886,1.177302
2026-05-11T11:00:00Z,1.177302,1.177856,1.176886,1.177024
2026-05-11T12:00:00Z,1.177163,1.177856,1.176886,1.177579
2026-05-11T13:00:00Z,1.177718,1.179106,1.177718,1.178828
2026-05-11T14:00:00Z,1.178967,1.179106,1.178273,1.178273
2026-05-11T15:00:00Z,1.178273,1.178828,1.177995,1.178411
2026-05-11T16:00:00Z,1.178411,1.178411,1.177579,1.177718
2026-05-11T17:00:00Z,1.177718,1.178273,1.177579,1.178134
2026-05-11T18:00:00Z,1.178273,1.178411,1.177856,1.177856
2026-05-11T19:00:00Z,1.177856,1.178134,1.177856,1.177995
2026-05-11T20:00:00Z,1.178134,1.178689,1.177995,1.178550
2026-05-11T21:00:00Z,1.177856,1.179106,1.177856,1.178828
2026-05-11T22:00:00Z,1.178967,1.179106,1.178828,1.178828
2026-05-11T23:00:00Z,1.178828,1.178828,1.178134,1.178134
2026-05-12T00:00:00Z,1.177995,1.177995,1.177024,1.177024
2026-05-12T01:00:00Z,1.177024,1.177302,1.176194,1.176471
2026-05-12T02:00:00Z,1.176471,1.176747,1.176332,1.176609
2026-05-12T03:00:00Z,1.176609,1.176609,1.175917,1.175917
2026-05-12T04:00:00Z,1.176055,1.176332,1.175917,1.176055
2026-05-12T05:00:00Z,1.175917,1.176609,1.175641,1.176609
2026-05-12T06:00:00Z,1.176747,1.176747,1.175503,1.175503
2026-05-12T07:00:00Z,1.175364,1.175641,1.174674,1.175088
2026-05-12T08:00:00Z,1.175088,1.175364,1.174398,1.174950
2026-05-12T09:00:00Z,1.174950,1.175364,1.174812,1.175088
2026-05-12T10:00:00Z,1.175088,1.175226,1.174536,1.174536
2026-05-12T11:00:00Z,1.174398,1.175088,1.173847,1.174812
2026-05-12T12:00:00Z,1.174674,1.175364,1.173985,1.175088
2026-05-12T13:00:00Z,1.175226,1.175226,1.173158,1.173434
2026-05-12T14:00:00Z,1.173434,1.173847,1.173158,1.173847
2026-05-12T15:00:00Z,1.173985,1.173985,1.172745,1.173709
2026-05-12T16:00:00Z,1.173571,1.174122,1.173158,1.173158
2026-05-12T17:00:00Z,1.173158,1.173709,1.173158,1.173571
2026-05-12T18:00:00Z,1.173709,1.174398,1.173296,1.174398
2026-05-12T19:00:00Z,1.174536,1.174950,1.174398,1.174398
2026-05-12T20:00:00Z,1.174260,1.174398,1.174122,1.174398
2026-05-12T21:00:00Z,1.173847,1.174536,1.173847,1.174260
2026-05-12T22:00:00Z,1.174260,1.174398,1.174122,1.174260
2026-05-12T23:00:00Z,1.174260,1.174536,1.173847,1.173847
2026-05-13T00:00:00Z,1.173847,1.174122,1.173571,1.174122
2026-05-13T01:00:00Z,1.174122,1.174536,1.173571,1.174122
2026-05-13T02:00:00Z,1.174260,1.174536,1.173985,1.173985
2026-05-13T03:00:00Z,1.174122,1.174122,1.173709,1.173847
2026-05-13T04:00:00Z,1.173847,1.173847,1.173571,1.173847
2026-05-13T05:00:00Z,1.173847,1.173985,1.173571,1.173709
2026-05-13T06:00:00Z,1.173709,1.173709,1.172196,1.172196
2026-05-13T07:00:00Z,1.172333,1.172608,1.171097,1.171097
2026-05-13T08:00:00Z,1.171097,1.171509,1.170412,1.170686
2026-05-13T09:00:00Z,1.170686,1.170960,1.170001,1.170960
2026-05-13T10:00:00Z,1.170960,1.171783,1.170686,1.171509
2026-05-13T11:00:00Z,1.171646,1.172058,1.171509,1.171509
2026-05-13T12:00:00Z,1.171646,1.171921,1.170138,1.170412
2026-05-13T13:00:00Z,1.170549,1.171509,1.170549,1.171509
2026-05-13T14:00:00Z,1.171372,1.171509,1.170686,1.171234
2026-05-13T15:00:00Z,1.171234,1.171921,1.171097,1.171509
2026-05-13T16:00:00Z,1.171372,1.172058,1.171234,1.171234
2026-05-13T17:00:00Z,1.171234,1.171372,1.170823,1.170823
2026-05-13T18:00:00Z,1.170823,1.171372,1.170823,1.171234
2026-05-13T19:00:00Z,1.171234,1.171646,1.171234,1.171372
2026-05-13T20:00:00Z,1.171372,1.171783,1.171234,1.171646
2026-05-13T21:00:00Z,1.171646,1.172058,1.171509,1.171921
2026-05-13T22:00:00Z,1.171783,1.172196,1.171783,1.172058
2026-05-13T23:00:00Z,1.172196,1.172196,1.171921,1.171921
2026-05-14T00:00:00Z,1.171921,1.172196,1.171783,1.172058
2026-05-14T01:00:00Z,1.171921,1.172058,1.171646,1.171646
2026-05-14T02:00:00Z,1.171783,1.171921,1.171509,1.171646
2026-05-14T03:00:00Z,1.171646,1.171783,1.171372,1.171509
2026-05-14T04:00:00Z,1.171509,1.172058,1.171509,1.171783
2026-05-14T05:00:00Z,1.171783,1.171921,1.171372,1.171372
2026-05-14T06:00:00Z,1.171509,1.172470,1.171097,1.172196
2026-05-14T07:00:00Z,1.172196,1.172196,1.171097,1.171097
2026-05-14T08:00:00Z,1.171097,1.171646,1.170823,1.171509
2026-05-14T09:00:00Z,1.171372,1.171646,1.170960,1.171234
2026-05-14T10:00:00Z,1.170960,1.171372,1.170960,1.171234
2026-05-14T11:00:00Z,1.171097,1.171097,1.170275,1.170549
2026-05-14T12:00:00Z,1.170549,1.170823,1.170001,1.170138
2026-05-14T13:00:00Z,1.170138,1.170138,1.168907,1.169454
2026-05-14T14:00:00Z,1.169044,1.170275,1.168361,1.168361
2026-05-14T15:00:00Z,1.168088,1.168497,1.167542,1.168088
2026-05-14T16:00:00Z,1.168088,1.168361,1.167542,1.167951
2026-05-14T17:00:00Z,1.168088,1.168361,1.168088,1.168088
2026-05-14T18:00:00Z,1.168088,1.168224,1.167815,1.168088
2026-05-14T19:00:00Z,1.168088,1.168224,1.167270,1.167406
2026-05-14T20:00:00Z,1.167542,1.167542,1.166997,1.167270
2026-05-14T21:00:00Z,1.166997,1.167679,1.166997,1.167542
2026-05-14T22:00:00Z,1.167406,1.167542,1.167270,1.167270
2026-05-14T23:00:00Z,1.167270,1.167270,1.166453,1.166453
2026-05-15T00:00:00Z,1.166453,1.166589,1.165637,1.166045
2026-05-15T01:00:00Z,1.165909,1.165909,1.164958,1.165094
2026-05-15T02:00:00Z,1.164958,1.166045,1.164958,1.165637
2026-05-15T03:00:00Z,1.165637,1.165773,1.165365,1.165637
2026-05-15T04:00:00Z,1.165501,1.165637,1.164958,1.165094
2026-05-15T05:00:00Z,1.165094,1.165094,1.163738,1.163738
2026-05-15T06:00:00Z,1.163738,1.164687,1.163738,1.163873
2026-05-15T07:00:00Z,1.163603,1.165094,1.163603,1.163873
2026-05-15T08:00:00Z,1.164009,1.164144,1.163467,1.163603
2026-05-15T09:00:00Z,1.163603,1.163603,1.162115,1.163196
2026-05-15T10:00:00Z,1.163061,1.165773,1.163061,1.165365
2026-05-15T11:00:00Z,1.165230,1.165230,1.163332,1.163467
2026-05-15T12:00:00Z,1.163467,1.163467,1.162250,1.163061
2026-05-15T13:00:00Z,1.162926,1.163332,1.162250,1.162656
2026-05-15T14:00:00Z,1.162791,1.164009,1.162520,1.163332
2026-05-15T15:00:00Z,1.163332,1.163332,1.162385,1.162926
2026-05-15T16:00:00Z,1.162926,1.163467,1.162656,1.163332
2026-05-15T17:00:00Z,1.163196,1.163873,1.163061,1.163061
2026-05-15T18:00:00Z,1.163061,1.163061,1.162115,1.162520
2026-05-15T19:00:00Z,1.162520,1.162656,1.162250,1.162385
2026-05-15T20:00:00Z,1.162385,1.162926,1.162250,1.162926
2026-05-15T21:00:00Z,1.163061,1.163061,1.163061,1.163061
2026-05-17T23:00:00Z,1.162656,1.162656,1.161575,1.161710
2026-05-18T00:00:00Z,1.161845,1.162385,1.161170,1.161440
2026-05-18T01:00:00Z,1.161575,1.162250,1.161170,1.162115
2026-05-18T02:00:00Z,1.161980,1.162250,1.161710,1.161845
2026-05-18T03:00:00Z,1.161980,1.162520,1.161980,1.162520
2026-05-18T04:00:00Z,1.162520,1.162926,1.162250,1.162385
2026-05-18T05:00:00Z,1.162520,1.162520,1.162115,1.162520
2026-05-18T06:00:00Z,1.162656,1.164009,1.162656,1.163873
2026-05-18T07:00:00Z,1.163873,1.164280,1.163467,1.163603
2026-05-18T08:00:00Z,1.163738,1.164822,1.163332,1.164551
2026-05-18T09:00:00Z,1.164551,1.164551,1.163873,1.163873
2026-05-18T10:00:00Z,1.163873,1.164009,1.163061,1.163061
2026-05-18T11:00:00Z,1.163061,1.165230,1.163061,1.164415
2026-05-18T12:00:00Z,1.164415,1.166045,1.164415,1.165501
2026-05-18T13:00:00Z,1.165501,1.165909,1.164822,1.165501
2026-05-18T14:00:00Z,1.165637,1.165637,1.164551,1.164687
2026-05-18T15:00:00Z,1.164551,1.165501,1.163738,1.165365
2026-05-18T16:00:00Z,1.165094,1.165909,1.164822,1.165637
2026-05-18T17:00:00Z,1.165501,1.165637,1.165230,1.165230
2026-05-18T18:00:00Z,1.165230,1.165230,1.163467,1.163467
2026-05-18T19:00:00Z,1.163332,1.165909,1.163332,1.165637
2026-05-18T20:00:00Z,1.165501,1.166317,1.165501,1.165909
2026-05-18T21:00:00Z,1.165637,1.166453,1.165501,1.166317
2026-05-18T22:00:00Z,1.166453,1.166453,1.166181,1.166181
2026-05-18T23:00:00Z,1.166181,1.166181,1.165773,1.165773
2026-05-19T00:00:00Z,1.165909,1.165909,1.164687,1.164822
2026-05-19T01:00:00Z,1.164687,1.165637,1.164687,1.165094
2026-05-19T02:00:00Z,1.164822,1.165094,1.164551,1.164687
2026-05-19T03:00:00Z,1.164687,1.164958,1.164415,1.164551
2026-05-19T04:00:00Z,1.164551,1.164687,1.163873,1.164009
2026-05-19T05:00:00Z,1.164009,1.164551,1.163738,1.164551
2026-05-19T06:00:00Z,1.164415,1.164958,1.164009,1.164009
2026-05-19T07:00:00Z,1.164009,1.164009,1.163332,1.163873
2026-05-19T08:00:00Z,1.163873,1.163873,1.162656,1.162656
2026-05-19T09:00:00Z,1.162656,1.162656,1.161845,1.162250
2026-05-19T10:00:00Z,1.162250,1.162926,1.161440,1.162520
2026-05-19T11:00:00Z,1.162520,1.162520,1.162115,1.162115
2026-05-19T12:00:00Z,1.161980,1.162791,1.161845,1.162115
2026-05-19T13:00:00Z,1.161980,1.161980,1.160497,1.161845
2026-05-19T14:00:00Z,1.161575,1.161710,1.159958,1.159958
2026-05-19T15:00:00Z,1.159958,1.160497,1.159689,1.160497
2026-05-19T16:00:00Z,1.160497,1.161305,1.160093,1.161036
2026-05-19T17:00:00Z,1.161170,1.161575,1.161036,1.161575
2026-05-19T18:00:00Z,1.161440,1.161710,1.160631,1.160766
2026-05-19T19:00:00Z,1.160766,1.161170,1.160631,1.160901
2026-05-19T20:00:00Z,1.160901,1.161036,1.160766,1.160901
2026-05-19T21:00:00Z,1.160227,1.161440,1.160227,1.161170
2026-05-19T22:00:00Z,1.161036,1.161170,1.160901,1.161170
2026-05-19T23:00:00Z,1.161170,1.161575,1.161036,1.161036
2026-05-20T00:00:00Z,1.161036,1.161305,1.160497,1.160497
2026-05-20T01:00:00Z,1.160497,1.160497,1.159689,1.159958
2026-05-20T02:00:00Z,1.160093,1.160631,1.159824,1.160227
2026-05-20T03:00:00Z,1.159958,1.160901,1.159958,1.160497
2026-05-20T04:00:00Z,1.160631,1.160901,1.160093,1.160093
2026-05-20T05:00:00Z,1.160093,1.160362,1.159555,1.159824
2026-05-20T06:00:00Z,1.159824,1.160901,1.159689,1.160093
2026-05-20T07:00:00Z,1.159958,1.160497,1.159555,1.159689
2026-05-20T08:00:00Z,1.159555,1.159824,1.158749,1.159420
2026-05-20T09:00:00Z,1.159420,1.159824,1.159286,1.159286
2026-05-20T10:00:00Z,1.159152,1.160631,1.159152,1.160497
2026-05-20T11:00:00Z,1.160362,1.160766,1.159958,1.160362
2026-05-20T12:00:00Z,1.160497,1.160631,1.159689,1.159689
2026-05-20T13:00:00Z,1.159824,1.159958,1.159286,1.159420
2026-05-20T14:00:00Z,1.159420,1.162656,1.158614,1.162250
2026-05-20T15:00:00Z,1.162250,1.164687,1.161710,1.162250
2026-05-20T16:00:00Z,1.162250,1.163332,1.162250,1.162791
2026-05-20T17:00:00Z,1.162791,1.162926,1.162250,1.162250
2026-05-20T18:00:00Z,1.161980,1.163873,1.161980,1.163603
2026-05-20T19:00:00Z,1.163467,1.163738,1.163061,1.163061
2026-05-20T20:00:00Z,1.163061,1.163196,1.162656,1.162926
2026-05-20T21:00:00Z,1.162656,1.163061,1.162520,1.162926
2026-05-20T22:00:00Z,1.162926,1.163061,1.162791,1.162926
2026-05-20T23:00:00Z,1.162926,1.163061,1.162656,1.162791
2026-05-21T00:00:00Z,1.162791,1.163196,1.162656,1.163196
2026-05-21T01:00:00Z,1.163332,1.163873,1.162656,1.162926
2026-05-21T02:00:00Z,1.163061,1.163196,1.162115,1.162115
2026-05-21T03:00:00Z,1.162115,1.162656,1.162115,1.162250
2026-05-21T04:00:00Z,1.162250,1.162656,1.162250,1.162656
2026-05-21T05:00:00Z,1.162656,1.162656,1.162250,1.162520
2026-05-21T06:00:00Z,1.162520,1.162926,1.161980,1.162385
2026-05-21T07:00:00Z,1.162385,1.162385,1.159958,1.161036
2026-05-21T08:00:00Z,1.161036,1.163738,1.161036,1.162520
2026-05-21T09:00:00Z,1.162656,1.163603,1.162520,1.163061
2026-05-21T10:00:00Z,1.163061,1.163332,1.160362,1.161170
2026-05-21T11:00:00Z,1.161036,1.161845,1.160093,1.160093
2026-05-21T12:00:00Z,1.160362,1.161170,1.159689,1.160093
2026-05-21T13:00:00Z,1.160093,1.160362,1.158212,1.159824
2026-05-21T14:00:00Z,1.159824,1.159958,1.158883,1.159824
2026-05-21T15:00:00Z,1.159689,1.159689,1.158614,1.159286
2026-05-21T16:00:00Z,1.159286,1.159958,1.159017,1.159958
2026-05-21T17:00:00Z,1.159958,1.163332,1.159555,1.162791
2026-05-21T18:00:00Z,1.162926,1.163332,1.161170,1.161575
2026-05-21T19:00:00Z,1.161575,1.162791,1.161440,1.162520
2026-05-21T20:00:00Z,1.162520,1.162656,1.161980,1.162115
2026-05-21T21:00:00Z,1.161980,1.162656,1.161440,1.162520
2026-05-21T22:00:00Z,1.162520,1.162520,1.161980,1.162115
2026-05-21T23:00:00Z,1.162250,1.162250,1.161980,1.162115
2026-05-22T00:00:00Z,1.162115,1.162115,1.161710,1.161845
2026-05-22T01:00:00Z,1.161845,1.161980,1.161440,1.161440
2026-05-22T02:00:00Z,1.161440,1.161845,1.161440,1.161575
2026-05-22T03:00:00Z,1.161710,1.161710,1.161305,1.161575
2026-05-22T04:00:00Z,1.161575,1.161980,1.161575,1.161980
2026-05-22T05:00:00Z,1.161980,1.162115,1.161305,1.161305
2026-05-22T06:00:00Z,1.161305,1.161845,1.160901,1.161440
2026-05-22T07:00:00Z,1.161036,1.161305,1.160631,1.161305
2026-05-22T08:00:00Z,1.161305,1.161710,1.160901,1.161170
2026-05-22T09:00:00Z,1.161170,1.161170,1.160093,1.160766
2026-05-22T10:00:00Z,1.160901,1.161170,1.159958,1.160093
2026-05-22T11:00:00Z,1.160093,1.160497,1.159689,1.159958
2026-05-22T12:00:00Z,1.160093,1.161036,1.159824,1.160631
2026-05-22T13:00:00Z,1.160766,1.162115,1.160362,1.160766
2026-05-22T14:00:00Z,1.160362,1.160497,1.159286,1.160227
2026-05-22T15:00:00Z,1.160093,1.160901,1.160093,1.160631
2026-05-22T16:00:00Z,1.160497,1.161440,1.160362,1.161440
2026-05-22T17:00:00Z,1.161575,1.162250,1.161305,1.161710
2026-05-22T18:00:00Z,1.161710,1.161845,1.161305,1.161575
2026-05-22T19:00:00Z,1.161575,1.161710,1.160901,1.161036
2026-05-22T20:00:00Z,1.161036,1.161036,1.160362,1.160497
2026-05-22T21:00:00Z,1.160631,1.160631,1.160497,1.160497
2026-05-24T23:00:00Z,1.164687,1.164958,1.164415,1.164415
2026-05-25T00:00:00Z,1.164415,1.165094,1.164009,1.164009
2026-05-25T01:00:00Z,1.163873,1.164958,1.163873,1.164280
2026-05-25T02:00:00Z,1.164280,1.164551,1.164009,1.164144
2026-05-25T03:00:00Z,1.164280,1.164280,1.164009,1.164009
2026-05-25T04:00:00Z,1.164144,1.164687,1.163873,1.164551
2026-05-25T05:00:00Z,1.164551,1.164822,1.164144,1.164280
2026-05-25T06:00:00Z,1.164144,1.164687,1.164144,1.164415
2026-05-25T07:00:00Z,1.164415,1.164551,1.163467,1.164009
2026-05-25T08:00:00Z,1.163873,1.164687,1.163738,1.164687
2026-05-25T09:00:00Z,1.164687,1.164822,1.164415,1.164415
2026-05-25T10:00:00Z,1.164551,1.164822,1.164551,1.164687
2026-05-25T11:00:00Z,1.164551,1.165365,1.164415,1.164687
2026-05-25T12:00:00Z,1.164687,1.165501,1.164687,1.165230
2026-05-25T13:00:00Z,1.165094,1.165365,1.164280,1.164280
2026-05-25T14:00:00Z,1.164280,1.164958,1.164144,1.164551
2026-05-25T15:00:00Z,1.164551,1.165094,1.164280,1.164551
2026-05-25T16:00:00Z,1.164551,1.164551,1.164009,1.164415
2026-05-25T17:00:00Z,1.164415,1.164687,1.164415,1.164687
2026-05-25T18:00:00Z,1.164687,1.164687,1.164551,1.164687
2026-05-25T19:00:00Z,1.164687,1.164687,1.164551,1.164551
2026-05-25T20:00:00Z,1.164551,1.164687,1.164551,1.164687
2026-05-25T21:00:00Z,1.165094,1.165094,1.164009,1.164415
2026-05-25T22:00:00Z,1.164280,1.164551,1.164280,1.164415
2026-05-25T23:00:00Z,1.164415,1.164687,1.163873,1.164009
2026-05-26T00:00:00Z,1.164009,1.164280,1.163738,1.164280
2026-05-26T01:00:00Z,1.164144,1.164280,1.163332,1.163738
2026-05-26T02:00:00Z,1.163738,1.163873,1.163467,1.163738
2026-05-26T03:00:00Z,1.163738,1.164009,1.163738,1.164009
2026-05-26T04:00:00Z,1.163873,1.163873,1.163332,1.163332
2026-05-26T05:00:00Z,1.163332,1.163332,1.163061,1.163196
2026-05-26T06:00:00Z,1.163061,1.164009,1.163061,1.163738
2026-05-26T07:00:00Z,1.163873,1.164280,1.163061,1.164144
2026-05-26T08:00:00Z,1.164009,1.164415,1.163738,1.164009
2026-05-26T09:00:00Z,1.163873,1.164687,1.163738,1.164687
2026-05-26T10:00:00Z,1.164687,1.164687,1.164144,1.164551
2026-05-26T11:00:00Z,1.164551,1.164822,1.163738,1.163738
2026-05-26T12:00:00Z,1.163738,1.164009,1.163467,1.163603
2026-05-26T13:00:00Z,1.163467,1.163603,1.162250,1.162791
2026-05-26T14:00:00Z,1.162656,1.163196,1.162520,1.162791
2026-05-26T15:00:00Z,1.162791,1.162791,1.162115,1.162250
2026-05-26T16:00:00Z,1.162385,1.163196,1.162385,1.162791
2026-05-26T17:00:00Z,1.162656,1.163061,1.162520,1.162656
2026-05-26T18:00:00Z,1.162656,1.163332,1.162656,1.163332
2026-05-26T19:00:00Z,1.163061,1.163603,1.163061,1.163467
2026-05-26T20:00:00Z,1.163603,1.163603,1.163467,1.163603
2026-05-26T21:00:00Z,1.163196,1.163603,1.163061,1.163332
2026-05-26T22:00:00Z,1.163738,1.164009,1.163467,1.163738
2026-05-26T23:00:00Z,1.163738,1.164687,1.163738,1.164009
2026-05-27T00:00:00Z,1.164009,1.164687,1.164009,1.164144
2026-05-27T01:00:00Z,1.164415,1.164551,1.163603,1.163738
2026-05-27T02:00:00Z,1.164280,1.164415,1.163738,1.164144
2026-05-27T03:00:00Z,1.164144,1.164822,1.164009,1.164551
2026-05-27T04:00:00Z,1.164551,1.164958,1.164144,1.164551
2026-05-27T05:00:00Z,1.164415,1.165094,1.164280,1.164280
2026-05-27T06:00:00Z,1.164551,1.165501,1.164144,1.164958
2026-05-27T07:00:00Z,1.165094,1.165501,1.164415,1.164415
2026-05-27T08:00:00Z,1.164144,1.165365,1.164144,1.164822
2026-05-27T09:00:00Z,1.164687,1.165365,1.164687,1.164822
2026-05-27T10:00:00Z,1.164687,1.165094,1.164009,1.164280
2026-05-27T11:00:00Z,1.164280,1.164687,1.163738,1.164280
2026-05-27T12:00:00Z,1.164009,1.166453,1.163873,1.164687
2026-05-27T13:00:00Z,1.165365,1.165501,1.164144,1.164415
2026-05-27T14:00:00Z,1.164415,1.165637,1.163061,1.163061
2026-05-27T15:00:00Z,1.162656,1.164280,1.162656,1.163603
2026-05-27T16:00:00Z,1.163603,1.163873,1.162926,1.163603
2026-05-27T17:00:00Z,1.163873,1.163873,1.162520,1.163061
2026-05-27T18:00:00Z,1.163061,1.163467,1.162656,1.163332
2026-05-27T19:00:00Z,1.163332,1.163873,1.163061,1.163196
2026-05-27T20:00:00Z,1.163196,1.163738,1.162926,1.162926
2026-05-27T21:00:00Z,1.164009,1.164009,1.162926,1.163196
2026-05-27T22:00:00Z,1.163061,1.163332,1.162926,1.162926
2026-05-27T23:00:00Z,1.162926,1.163332,1.161980,1.162115
2026-05-28T00:00:00Z,1.161980,1.162656,1.161980,1.162520
2026-05-28T01:00:00Z,1.162385,1.162385,1.161305,1.161305
2026-05-28T02:00:00Z,1.161440,1.161845,1.161305,1.161575
2026-05-28T03:00:00Z,1.161575,1.161710,1.159152,1.159152
2026-05-28T04:00:00Z,1.159152,1.159555,1.159017,1.159555
2026-05-28T05:00:00Z,1.159555,1.160497,1.159286,1.160227
2026-05-28T06:00:00Z,1.160227,1.161575,1.160227,1.161440
2026-05-28T07:00:00Z,1.161575,1.162115,1.161440,1.161440
2026-05-28T08:00:00Z,1.161575,1.161980,1.161036,1.161980
2026-05-28T09:00:00Z,1.161980,1.162250,1.161575,1.161575
2026-05-28T10:00:00Z,1.161710,1.161845,1.160766,1.160766
2026-05-28T11:00:00Z,1.160766,1.162520,1.160766,1.162115
2026-05-28T12:00:00Z,1.162115,1.164009,1.161980,1.164009
2026-05-28T13:00:00Z,1.164144,1.164551,1.163332,1.163332
2026-05-28T14:00:00Z,1.163196,1.166045,1.163061,1.164958
2026-05-28T15:00:00Z,1.165365,1.165909,1.165230,1.165230
2026-05-28T16:00:00Z,1.165230,1.166317,1.164958,1.166045
2026-05-28T17:00:00Z,1.166045,1.166045,1.165501,1.165773
2026-05-28T18:00:00Z,1.165637,1.165773,1.164958,1.165094
2026-05-28T19:00:00Z,1.165094,1.165501,1.165094,1.165094
2026-05-28T20:00:00Z,1.164958,1.165365,1.164822,1.165365
2026-05-28T21:00:00Z,1.165365,1.165637,1.165094,1.165365
2026-05-28T22:00:00Z,1.165501,1.165637,1.165365,1.165365
2026-05-28T23:00:00Z,1.165365,1.165637,1.165365,1.165637
2026-05-29T00:00:00Z,1.165637,1.165909,1.165094,1.165230
2026-05-29T01:00:00Z,1.165230,1.166045,1.164687,1.164822
2026-05-29T02:00:00Z,1.164958,1.165365,1.164822,1.164822
2026-05-29T03:00:00Z,1.164822,1.164822,1.164009,1.164009
2026-05-29T04:00:00Z,1.164144,1.164280,1.163873,1.164280
2026-05-29T05:00:00Z,1.164280,1.164687,1.164144,1.164551
2026-05-29T06:00:00Z,1.164551,1.165773,1.164551,1.165773
2026-05-29T07:00:00Z,1.165501,1.165637,1.164144,1.164551
2026-05-29T08:00:00Z,1.164009,1.164280,1.162926,1.163196
2026-05-29T09:00:00Z,1.163061,1.164551,1.163061,1.164551
2026-05-29T10:00:00Z,1.164415,1.164822,1.164144,1.164687
2026-05-29T11:00:00Z,1.164551,1.165230,1.164415,1.165230
2026-05-29T12:00:00Z,1.165230,1.165230,1.164551,1.165230
2026-05-29T13:00:00Z,1.165094,1.165637,1.164822,1.165094
2026-05-29T14:00:00Z,1.165094,1.167679,1.164415,1.167542
2026-05-29T15:00:00Z,1.167133,1.168770,1.167133,1.168088
2026-05-29T16:00:00Z,1.168088,1.168088,1.167133,1.167542
2026-05-29T17:00:00Z,1.167542,1.167679,1.166589,1.166589
2026-05-29T18:00:00Z,1.166589,1.167133,1.166589,1.166861
2026-05-29T19:00:00Z,1.166861,1.167270,1.166725,1.166725
2026-05-29T20:00:00Z,1.166725,1.166725,1.166181,1.166181
2026-05-29T21:00:00Z,1.165909,1.165909,1.165909,1.165909
2026-05-31T23:00:00Z,1.165773,1.165909,1.165230,1.165230
2026-06-01T00:00:00Z,1.165230,1.165637,1.164822,1.165094
2026-06-01T01:00:00Z,1.164958,1.164958,1.164551,1.164822
2026-06-01T02:00:00Z,1.164822,1.164958,1.164687,1.164958
2026-06-01T03:00:00Z,1.164958,1.165230,1.164551,1.164687
2026-06-01T04:00:00Z,1.164687,1.165230,1.164687,1.165094
2026-06-01T05:00:00Z,1.165230,1.165637,1.165230,1.165365
2026-06-01T06:00:00Z,1.165637,1.166861,1.165365,1.166861
2026-06-01T07:00:00Z,1.166589,1.166589,1.165501,1.166045
2026-06-01T08:00:00Z,1.165909,1.166317,1.165637,1.166181
2026-06-01T09:00:00Z,1.166317,1.166317,1.165230,1.165365
2026-06-01T10:00:00Z,1.165365,1.165365,1.164958,1.165094
2026-06-01T11:00:00Z,1.165094,1.165094,1.164551,1.164958
2026-06-01T12:00:00Z,1.165094,1.165365,1.164958,1.165094
2026-06-01T13:00:00Z,1.165094,1.165094,1.161440,1.161440
2026-06-01T14:00:00Z,1.161170,1.162115,1.161036,1.161980
2026-06-01T15:00:00Z,1.162115,1.163061,1.161845,1.162656
2026-06-01T16:00:00Z,1.162791,1.163332,1.161980,1.163332
2026-06-01T17:00:00Z,1.163332,1.164009,1.162926,1.163873
2026-06-01T18:00:00Z,1.163873,1.163873,1.163467,1.163467
2026-06-01T19:00:00Z,1.163467,1.163738,1.163061,1.163467
2026-06-01T20:00:00Z,1.163603,1.163738,1.163332,1.163603
2026-06-01T21:00:00Z,1.163738,1.164415,1.163332,1.163873
2026-06-01T22:00:00Z,1.163738,1.163873,1.163603,1.163738
2026-06-01T23:00:00Z,1.163873,1.164009,1.163603,1.163873
2026-06-02T00:00:00Z,1.163873,1.163873,1.163332,1.163467
2026-06-02T01:00:00Z,1.163603,1.164144,1.163196,1.163467
2026-06-02T02:00:00Z,1.163467,1.163738,1.163467,1.163467
2026-06-02T03:00:00Z,1.163467,1.163873,1.163467,1.163738
2026-06-02T04:00:00Z,1.163738,1.164280,1.163738,1.164144
2026-06-02T05:00:00Z,1.164144,1.164280,1.164009,1.164009
2026-06-02T06:00:00Z,1.164144,1.165501,1.164144,1.165365
2026-06-02T07:00:00Z,1.165230,1.165365,1.164822,1.165230
2026-06-02T08:00:00Z,1.165230,1.165501,1.164551,1.164687
2026-06-02T09:00:00Z,1.164551,1.164822,1.164415,1.164687
2026-06-02T10:00:00Z,1.164551,1.164958,1.164280,1.164687
2026-06-02T11:00:00Z,1.164687,1.165637,1.164687,1.165365
2026-06-02T12:00:00Z,1.165365,1.165909,1.165230,1.165365
2026-06-02T13:00:00Z,1.165501,1.165501,1.164280,1.164687
2026-06-02T14:00:00Z,1.164009,1.165230,1.164009,1.164687
2026-06-02T15:00:00Z,1.164687,1.164822,1.164009,1.164415
2026-06-02T16:00:00Z,1.164144,1.164280,1.163061,1.163196
2026-06-02T17:00:00Z,1.163332,1.163332,1.162385,1.162520
2026-06-02T18:00:00Z,1.162520,1.163332,1.161710,1.163196
2026-06-02T19:00:00Z,1.163332,1.163603,1.163196,1.163603
2026-06-02T20:00:00Z,1.163603,1.163738,1.163332,1.163467
2026-06-02T21:00:00Z,1.163196,1.163738,1.163061,1.163332
2026-06-02T22:00:00Z,1.163332,1.163467,1.163061,1.163061
2026-06-02T23:00:00Z,1.163061,1.163061,1.162250,1.162520
2026-06-03T00:00:00Z,1.162520,1.163332,1.162520,1.163196
2026-06-03T01:00:00Z,1.163061,1.163603,1.162926,1.163332
2026-06-03T02:00:00Z,1.163332,1.163603,1.162926,1.163196
2026-06-03T03:00:00Z,1.163061,1.163332,1.163061,1.163061
2026-06-03T04:00:00Z,1.163061,1.163061,1.162791,1.162926
2026-06-03T05:00:00Z,1.162926,1.163061,1.162250,1.162250
2026-06-03T06:00:00Z,1.162250,1.162520,1.161710,1.161980
2026-06-03T07:00:00Z,1.161845,1.162520,1.161710,1.161980
2026-06-03T08:00:00Z,1.161845,1.161980,1.160901,1.161170
2026-06-03T09:00:00Z,1.161305,1.161980,1.161305,1.161710
2026-06-03T10:00:00Z,1.161710,1.162520,1.161710,1.161980
2026-06-03T11:00:00Z,1.161980,1.162520,1.161980,1.162115
2026-06-03T12:00:00Z,1.161980,1.161980,1.160093,1.160362
2026-06-03T13:00:00Z,1.160362,1.160901,1.160093,1.160631
2026-06-03T14:00:00Z,1.160901,1.161575,1.159824,1.161575
2026-06-03T15:00:00Z,1.161440,1.161440,1.160631,1.160766
2026-06-03T16:00:00Z,1.160766,1.160766,1.159824,1.160362
2026-06-03T17:00:00Z,1.160362,1.160631,1.160093,1.160227
2026-06-03T18:00:00Z,1.160227,1.160227,1.159958,1.160227
2026-06-03T19:00:00Z,1.160227,1.160362,1.160093,1.160093
2026-06-03T20:00:00Z,1.160227,1.160362,1.160093,1.160227
2026-06-03T21:00:00Z,1.160497,1.160766,1.160093,1.160227
2026-06-03T22:00:00Z,1.160227,1.161036,1.159824,1.160766
2026-06-03T23:00:00Z,1.160901,1.161440,1.160497,1.161305
2026-06-04T00:00:00Z,1.161305,1.161575,1.160901,1.161036
2026-06-04T01:00:00Z,1.160766,1.161305,1.160766,1.161305
2026-06-04T02:00:00Z,1.161305,1.161440,1.161036,1.161305
2026-06-04T03:00:00Z,1.161170,1.161305,1.160631,1.160901
2026-06-04T04:00:00Z,1.160901,1.161440,1.160766,1.161305
2026-06-04T05:00:00Z,1.161305,1.161305,1.160901,1.161305
2026-06-04T06:00:00Z,1.161305,1.161845,1.161036,1.161440
2026-06-04T07:00:00Z,1.161440,1.161575,1.160227,1.160766
2026-06-04T08:00:00Z,1.160766,1.161710,1.160766,1.161710
2026-06-04T09:00:00Z,1.161845,1.163061,1.161845,1.162926
2026-06-04T10:00:00Z,1.162926,1.163738,1.162926,1.163467
2026-06-04T11:00:00Z,1.163603,1.164822,1.163603,1.164551
2026-06-04T12:00:00Z,1.164822,1.164822,1.163873,1.164144
2026-06-04T13:00:00Z,1.164009,1.164280,1.163738,1.164009
2026-06-04T14:00:00Z,1.164280,1.164280,1.163332,1.163467
2026-06-04T15:00:00Z,1.163467,1.163467,1.162656,1.163196
2026-06-04T16:00:00Z,1.163196,1.163332,1.162656,1.162656
2026-06-04T17:00:00Z,1.162656,1.162656,1.162385,1.162385
2026-06-04T18:00:00Z,1.162385,1.162520,1.161710,1.161845
2026-06-04T19:00:00Z,1.161845,1.161980,1.161440,1.161575
2026-06-04T20:00:00Z,1.161575,1.161710,1.161170,1.161440
2026-06-04T21:00:00Z,1.161440,1.162115,1.161440,1.161575
2026-06-04T22:00:00Z,1.161575,1.161710,1.161440,1.161575
2026-06-04T23:00:00Z,1.161575,1.161710,1.161575,1.161575
2026-06-05T00:00:00Z,1.161575,1.161710,1.161440,1.161710
2026-06-05T01:00:00Z,1.161575,1.161845,1.161305,1.161710
2026-06-05T02:00:00Z,1.161710,1.161980,1.161575,1.161845
2026-06-05T03:00:00Z,1.161710,1.161845,1.161710,1.161845
2026-06-05T04:00:00Z,1.161845,1.161980,1.161710,1.161980
2026-06-05T05:00:00Z,1.161980,1.162250,1.161845,1.161980
2026-06-05T06:00:00Z,1.161845,1.162656,1.161710,1.162520
2026-06-05T07:00:00Z,1.162656,1.164009,1.162656,1.163603
2026-06-05T08:00:00Z,1.163738,1.164280,1.163738,1.164009
2026-06-05T09:00:00Z,1.163873,1.164687,1.163873,1.164280
2026-06-05T10:00:00Z,1.164280,1.164687,1.164144,1.164415
2026-06-05T11:00:00Z,1.164415,1.164551,1.163738,1.164415
2026-06-05T12:00:00Z,1.164551,1.164551,1.159017,1.159017
2026-06-05T13:00:00Z,1.159017,1.160093,1.157541,1.157541
2026-06-05T14:00:00Z,1.157407,1.158212,1.155402,1.156203
2026-06-05T15:00:00Z,1.156203,1.156203,1.153536,1.153536
2026-06-05T16:00:00Z,1.153403,1.153536,1.152605,1.153536
2026-06-05T17:00:00Z,1.153536,1.153536,1.152339,1.152738
2026-06-05T18:00:00Z,1.152738,1.153004,1.152339,1.152605
2026-06-05T19:00:00Z,1.152605,1.153004,1.152206,1.152871
2026-06-05T20:00:00Z,1.152871,1.152871,1.152206,1.152738
2026-06-05T21:00:00Z,1.152738,1.152738,1.152738,1.152738
2026-06-07T23:00:00Z,1.151808,1.152605,1.151808,1.152605
2026-06-08T00:00:00Z,1.152605,1.153536,1.152472,1.153536
2026-06-08T01:00:00Z,1.153669,1.153802,1.151543,1.152871
2026-06-08T02:00:00Z,1.153004,1.153403,1.152472,1.153270
2026-06-08T03:00:00Z,1.153270,1.153536,1.153004,1.153536
2026-06-08T04:00:00Z,1.153536,1.153669,1.153403,1.153403
2026-06-08T05:00:00Z,1.153536,1.154335,1.152074,1.152206
2026-06-08T06:00:00Z,1.152206,1.152738,1.151676,1.151941
2026-06-08T07:00:00Z,1.151941,1.153004,1.151808,1.152074
2026-06-08T08:00:00Z,1.151941,1.152472,1.151278,1.151410
2026-06-08T09:00:00Z,1.151145,1.151676,1.150351,1.151676
2026-06-08T10:00:00Z,1.151543,1.153136,1.151410,1.152871
2026-06-08T11:00:00Z,1.152738,1.154601,1.152738,1.153935
2026-06-08T12:00:00Z,1.154068,1.154734,1.153935,1.154468
2026-06-08T13:00:00Z,1.154601,1.155802,1.154468,1.154601
2026-06-08T14:00:00Z,1.154468,1.154734,1.153669,1.154468
2026-06-08T15:00:00Z,1.154734,1.155001,1.154068,1.154868
2026-06-08T16:00:00Z,1.154734,1.154868,1.154335,1.154335
2026-06-08T17:00:00Z,1.154335,1.154468,1.153935,1.154201
2026-06-08T18:00:00Z,1.154201,1.154601,1.153270,1.153270
2026-06-08T19:00:00Z,1.153136,1.153802,1.153136,1.153403
2026-06-08T20:00:00Z,1.153403,1.153669,1.153403,1.153536
2026-06-08T21:00:00Z,1.153669,1.154335,1.153136,1.154068
2026-06-08T22:00:00Z,1.153802,1.153802,1.153536,1.153669
2026-06-08T23:00:00Z,1.153669,1.153802,1.153136,1.153136
2026-06-09T00:00:00Z,1.153136,1.153403,1.153136,1.153403
2026-06-09T01:00:00Z,1.153403,1.154201,1.153403,1.154201
2026-06-09T02:00:00Z,1.154335,1.154335,1.154068,1.154068
2026-06-09T03:00:00Z,1.154068,1.154335,1.153802,1.154068
2026-06-09T04:00:00Z,1.154201,1.155135,1.154068,1.154868
2026-06-09T05:00:00Z,1.154868,1.155135,1.154335,1.154734
2026-06-09T06:00:00Z,1.154734,1.155535,1.154734,1.154734
2026-06-09T07:00:00Z,1.154868,1.154868,1.154068,1.154335
2026-06-09T08:00:00Z,1.154201,1.155535,1.154068,1.155402
2026-06-09T09:00:00Z,1.155402,1.156604,1.155402,1.156470
2026-06-09T10:00:00Z,1.156470,1.157274,1.156470,1.156872
2026-06-09T11:00:00Z,1.156872,1.157675,1.156872,1.157541
2026-06-09T12:00:00Z,1.157675,1.157809,1.157274,1.157809
2026-06-09T13:00:00Z,1.157943,1.158078,1.156738,1.157140
2026-06-09T14:00:00Z,1.157140,1.157675,1.156337,1.156604
2026-06-09T15:00:00Z,1.156604,1.157006,1.155001,1.155936
2026-06-09T16:00:00Z,1.155936,1.156069,1.153270,1.154201
2026-06-09T17:00:00Z,1.154468,1.155535,1.154468,1.155135
2026-06-09T18:00:00Z,1.155135,1.155668,1.155001,1.155268
2026-06-09T19:00:00Z,1.155268,1.155268,1.154335,1.154468
2026-06-09T20:00:00Z,1.154468,1.154868,1.154468,1.154734
2026-06-09T21:00:00Z,1.154601,1.155135,1.153935,1.154201
2026-06-09T22:00:00Z,1.154201,1.154468,1.153935,1.154068
2026-06-09T23:00:00Z,1.153935,1.154201,1.153802,1.153802
2026-06-10T00:00:00Z,1.153802,1.154601,1.153669,1.154601
2026-06-10T01:00:00Z,1.154468,1.154601,1.153935,1.154068
2026-06-10T02:00:00Z,1.154201,1.154734,1.154068,1.154601
2026-06-10T03:00:00Z,1.154601,1.155402,1.154601,1.155402
2026-06-10T04:00:00Z,1.155402,1.155402,1.154868,1.154868
2026-06-10T05:00:00Z,1.155001,1.155802,1.154868,1.155668
2026-06-10T06:00:00Z,1.155802,1.156069,1.155402,1.155402
2026-06-10T07:00:00Z,1.155135,1.156203,1.155135,1.155668
2026-06-10T08:00:00Z,1.155668,1.155668,1.155268,1.155535
2026-06-10T09:00:00Z,1.155668,1.156203,1.155402,1.156069
2026-06-10T10:00:00Z,1.156069,1.156203,1.155535,1.155535
2026-06-10T11:00:00Z,1.155535,1.155535,1.153935,1.154068
2026-06-10T12:00:00Z,1.154068,1.156604,1.153935,1.155402
2026-06-10T13:00:00Z,1.155268,1.157541,1.155135,1.156604
2026-06-10T14:00:00Z,1.156470,1.157006,1.155402,1.155535
2026-06-10T15:00:00Z,1.155535,1.155936,1.154734,1.155135
2026-06-10T16:00:00Z,1.155402,1.156203,1.155402,1.155668
2026-06-10T17:00:00Z,1.155668,1.155936,1.154868,1.155668
2026-06-10T18:00:00Z,1.155668,1.156069,1.155135,1.155268
2026-06-10T19:00:00Z,1.155135,1.155135,1.154468,1.154468
2026-06-10T20:00:00Z,1.154468,1.154468,1.153802,1.153935
2026-06-10T21:00:00Z,1.153935,1.155135,1.153802,1.153802
2026-06-10T22:00:00Z,1.153802,1.153935,1.153136,1.153536
2026-06-10T23:00:00Z,1.153270,1.154068,1.153004,1.153802
2026-06-11T00:00:00Z,1.153935,1.154601,1.153935,1.154601
2026-06-11T01:00:00Z,1.154734,1.155936,1.154601,1.155668
2026-06-11T02:00:00Z,1.155668,1.155668,1.155001,1.155135
2026-06-11T03:00:00Z,1.155135,1.155268,1.154734,1.154868
2026-06-11T04:00:00Z,1.154868,1.155402,1.154601,1.155135
2026-06-11T05:00:00Z,1.155135,1.155402,1.154868,1.155135
2026-06-11T06:00:00Z,1.155001,1.155135,1.154468,1.154468
2026-06-11T07:00:00Z,1.154601,1.155802,1.154468,1.154868
2026-06-11T08:00:00Z,1.154868,1.154868,1.153536,1.153669
2026-06-11T09:00:00Z,1.153536,1.154068,1.153403,1.153802
2026-06-11T10:00:00Z,1.153802,1.153802,1.152738,1.153403
2026-06-11T11:00:00Z,1.153536,1.154335,1.153536,1.154201
2026-06-11T12:00:00Z,1.154201,1.154468,1.152339,1.154335
2026-06-11T13:00:00Z,1.154201,1.154201,1.152206,1.153403
2026-06-11T14:00:00Z,1.153403,1.153403,1.151941,1.152074
2026-06-11T15:00:00Z,1.152339,1.152738,1.151808,1.151808
2026-06-11T16:00:00Z,1.151808,1.151941,1.151145,1.151278
2026-06-11T17:00:00Z,1.151278,1.156604,1.150616,1.155535
2026-06-11T18:00:00Z,1.155535,1.156872,1.154601,1.156470
2026-06-11T19:00:00Z,1.156470,1.158883,1.156470,1.158212
2026-06-11T20:00:00Z,1.158212,1.158614,1.157943,1.158212
2026-06-11T21:00:00Z,1.158078,1.158614,1.157675,1.158212
2026-06-11T22:00:00Z,1.158212,1.158749,1.157675,1.158614
2026-06-11T23:00:00Z,1.158749,1.158883,1.157809,1.157809
2026-06-12T00:00:00Z,1.157943,1.157943,1.157006,1.157140
2026-06-12T01:00:00Z,1.157274,1.157274,1.156470,1.156604
2026-06-12T02:00:00Z,1.156604,1.157274,1.156604,1.157006
2026-06-12T03:00:00Z,1.157006,1.157809,1.156872,1.157541
2026-06-12T04:00:00Z,1.157541,1.157809,1.157274,1.157407
2026-06-12T05:00:00Z,1.157541,1.157541,1.156203,1.156203
2026-06-12T06:00:00Z,1.156337,1.157675,1.156337,1.157675
2026-06-12T07:00:00Z,1.157541,1.157541,1.156069,1.157006
2026-06-12T08:00:00Z,1.157006,1.158749,1.157006,1.158078
2026-06-12T09:00:00Z,1.158078,1.159286,1.157675,1.158883
2026-06-12T10:00:00Z,1.158749,1.158883,1.157541,1.157675
2026-06-12T11:00:00Z,1.157809,1.158346,1.157541,1.157541
2026-06-12T12:00:00Z,1.157407,1.157541,1.156470,1.156738
2026-06-12T13:00:00Z,1.156738,1.158078,1.156604,1.157274
2026-06-12T14:00:00Z,1.157140,1.158078,1.157140,1.157943
2026-06-12T15:00:00Z,1.157541,1.158614,1.157541,1.157675
2026-06-12T16:00:00Z,1.157675,1.157809,1.157274,1.157809
2026-06-12T17:00:00Z,1.157943,1.158078,1.157541,1.157809
2026-06-12T18:00:00Z,1.157809,1.158212,1.157541,1.157943
2026-06-12T19:00:00Z,1.157675,1.158078,1.157274,1.157407
2026-06-12T20:00:00Z,1.157407,1.157407,1.157006,1.157140
2026-06-12T21:00:00Z,1.157140,1.157274,1.157140,1.157274
2026-06-14T23:00:00Z,1.161170,1.161170,1.160631,1.160631
2026-06-15T00:00:00Z,1.160901,1.161440,1.160227,1.160227
2026-06-15T01:00:00Z,1.160093,1.160497,1.159824,1.160093
2026-06-15T02:00:00Z,1.160227,1.160362,1.159824,1.160227
2026-06-15T03:00:00Z,1.160362,1.160766,1.160227,1.160766
2026-06-15T04:00:00Z,1.160766,1.161710,1.160631,1.161575
2026-06-15T05:00:00Z,1.161710,1.162385,1.161710,1.161980
2026-06-15T06:00:00Z,1.162115,1.162115,1.160362,1.160901
2026-06-15T07:00:00Z,1.160766,1.161440,1.160631,1.161036
2026-06-15T08:00:00Z,1.160901,1.161305,1.160093,1.160497
2026-06-15T09:00:00Z,1.160497,1.161305,1.160497,1.160901
2026-06-15T10:00:00Z,1.160901,1.161710,1.160766,1.161305
2026-06-15T11:00:00Z,1.161575,1.161710,1.160901,1.161305
2026-06-15T12:00:00Z,1.161305,1.162115,1.160766,1.161845
2026-06-15T13:00:00Z,1.161710,1.162385,1.161710,1.161980
2026-06-15T14:00:00Z,1.161980,1.162115,1.160901,1.161305
2026-06-15T15:00:00Z,1.160901,1.161036,1.160093,1.160227
2026-06-15T16:00:00Z,1.160093,1.160901,1.160093,1.160766
2026-06-15T17:00:00Z,1.160766,1.160766,1.160227,1.160227
2026-06-15T18:00:00Z,1.160227,1.160497,1.159824,1.159824
2026-06-15T19:00:00Z,1.159958,1.159958,1.158883,1.158883
2026-06-15T20:00:00Z,1.158749,1.159286,1.158749,1.159152
2026-06-15T21:00:00Z,1.159689,1.160362,1.159017,1.159420
2026-06-15T22:00:00Z,1.159152,1.159420,1.158883,1.159152
2026-06-15T23:00:00Z,1.159152,1.159689,1.159152,1.159420
2026-06-16T00:00:00Z,1.159555,1.159689,1.159152,1.159689
2026-06-16T01:00:00Z,1.159689,1.159824,1.159017,1.159152
2026-06-16T02:00:00Z,1.159017,1.159152,1.158614,1.159152
2026-06-16T03:00:00Z,1.159017,1.159152,1.158883,1.159017
2026-06-16T04:00:00Z,1.159017,1.159017,1.157943,1.158212
2026-06-16T05:00:00Z,1.158212,1.158346,1.157943,1.157943
2026-06-16T06:00:00Z,1.157943,1.159017,1.157809,1.159017
2026-06-16T07:00:00Z,1.158883,1.159824,1.158883,1.159824
2026-06-16T08:00:00Z,1.159824,1.161036,1.159689,1.160901
2026-06-16T09:00:00Z,1.161036,1.161305,1.160362,1.160497
2026-06-16T10:00:00Z,1.160497,1.161575,1.160362,1.161575
2026-06-16T11:00:00Z,1.161440,1.161440,1.160093,1.160227
2026-06-16T12:00:00Z,1.160227,1.160497,1.159555,1.160362
2026-06-16T13:00:00Z,1.160362,1.160631,1.159555,1.159555
2026-06-16T14:00:00Z,1.159958,1.161170,1.159152,1.161036
2026-06-16T15:00:00Z,1.161036,1.162115,1.160362,1.161710
2026-06-16T16:00:00Z,1.161710,1.162250,1.161575,1.161710
2026-06-16T17:00:00Z,1.161575,1.161710,1.161440,1.161440
2026-06-16T18:00:00Z,1.161575,1.161710,1.161036,1.161440
2026-06-16T19:00:00Z,1.161575,1.161710,1.161036,1.161170
2026-06-16T20:00:00Z,1.161036,1.161305,1.161036,1.161305
2026-06-16T21:00:00Z,1.161170,1.161845,1.161036,1.161170
2026-06-16T22:00:00Z,1.161440,1.161710,1.161305,1.161575
2026-06-16T23:00:00Z,1.161575,1.161845,1.161305,1.161305
2026-06-17T00:00:00Z,1.161305,1.161980,1.161305,1.161845
2026-06-17T01:00:00Z,1.161710,1.161980,1.161440,1.161575
2026-06-17T02:00:00Z,1.161575,1.161845,1.161305,1.161305
2026-06-17T03:00:00Z,1.161305,1.161575,1.161305,1.161440
2026-06-17T04:00:00Z,1.161305,1.161710,1.161305,1.161575
2026-06-17T05:00:00Z,1.161575,1.161845,1.161440,1.161575
2026-06-17T06:00:00Z,1.161440,1.161845,1.160766,1.161170
2026-06-17T07:00:00Z,1.161170,1.161845,1.160766,1.161170
2026-06-17T08:00:00Z,1.161036,1.161036,1.160227,1.160497
2026-06-17T09:00:00Z,1.160497,1.160901,1.160497,1.160766
2026-06-17T10:00:00Z,1.160631,1.160766,1.159958,1.160093
2026-06-17T11:00:00Z,1.159958,1.159958,1.158883,1.159420
2026-06-17T12:00:00Z,1.159555,1.160631,1.159420,1.160631
2026-06-17T13:00:00Z,1.160497,1.160631,1.159958,1.160093
2026-06-17T14:00:00Z,1.160093,1.160093,1.158749,1.159286
2026-06-17T15:00:00Z,1.159152,1.159689,1.159017,1.159555
2026-06-17T16:00:00Z,1.159555,1.159555,1.159286,1.159555
2026-06-17T17:00:00Z,1.159420,1.159958,1.159286,1.159958
2026-06-17T18:00:00Z,1.155268,1.156604,1.154068,1.154201
2026-06-17T19:00:00Z,1.154335,1.154335,1.148237,1.149690
2026-06-17T20:00:00Z,1.150086,1.150880,1.149029,1.150483
2026-06-17T21:00:00Z,1.150880,1.151013,1.150218,1.150616
2026-06-17T22:00:00Z,1.150616,1.151013,1.150351,1.150880
2026-06-17T23:00:00Z,1.150748,1.151145,1.150748,1.151013
2026-06-18T00:00:00Z,1.151278,1.152339,1.151278,1.151941
2026-06-18T01:00:00Z,1.151941,1.152605,1.151941,1.151941
2026-06-18T02:00:00Z,1.152074,1.152605,1.151676,1.152206
2026-06-18T03:00:00Z,1.152206,1.152738,1.152074,1.152738
2026-06-18T04:00:00Z,1.152871,1.152871,1.152472,1.152605
2026-06-18T05:00:00Z,1.152605,1.152738,1.151410,1.151410
2026-06-18T06:00:00Z,1.151676,1.153136,1.151676,1.152339
2026-06-18T07:00:00Z,1.152206,1.152339,1.151013,1.151543
2026-06-18T08:00:00Z,1.151543,1.151676,1.148633,1.148633
2026-06-18T09:00:00Z,1.148237,1.148897,1.147842,1.148106
2026-06-18T10:00:00Z,1.147974,1.147974,1.146263,1.146395
2026-06-18T11:00:00Z,1.146526,1.146920,1.145738,1.146132
2026-06-18T12:00:00Z,1.145869,1.148369,1.145738,1.147315
2026-06-18T13:00:00Z,1.147184,1.148633,1.146657,1.147447
2026-06-18T14:00:00Z,1.147579,1.149029,1.147052,1.148897
2026-06-18T15:00:00Z,1.149029,1.149029,1.147315,1.147315
2026-06-18T16:00:00Z,1.147447,1.147447,1.146526,1.146920
2026-06-18T17:00:00Z,1.146789,1.147710,1.146526,1.146526
2026-06-18T18:00:00Z,1.146526,1.146920,1.146263,1.146395
2026-06-18T19:00:00Z,1.146263,1.146526,1.145475,1.146132
2026-06-18T20:00:00Z,1.146000,1.146657,1.146000,1.146000
2026-06-18T21:00:00Z,1.146132,1.147184,1.145475,1.146395
2026-06-18T22:00:00Z,1.146395,1.146789,1.146263,1.146657
2026-06-18T23:00:00Z,1.146526,1.146526,1.146132,1.146132
2026-06-19T00:00:00Z,1.146526,1.146789,1.146395,1.146657
2026-06-19T01:00:00Z,1.146657,1.146657,1.145607,1.145607
2026-06-19T02:00:00Z,1.145607,1.146132,1.145475,1.145738
2026-06-19T03:00:00Z,1.145738,1.145738,1.144558,1.144558
2026-06-19T04:00:00Z,1.144558,1.144689,1.143118,1.143249
2026-06-19T05:00:00Z,1.143118,1.143641,1.142204,1.143380
2026-06-19T06:00:00Z,1.143511,1.144558,1.143511,1.144558
2026-06-19T07:00:00Z,1.144689,1.145213,1.144558,1.144951
2026-06-19T08:00:00Z,1.145213,1.146920,1.145213,1.146789
2026-06-19T09:00:00Z,1.146657,1.146920,1.146263,1.146395
2026-06-19T10:00:00Z,1.146395,1.146789,1.145607,1.146789
2026-06-19T11:00:00Z,1.146657,1.147052,1.146263,1.146395
2026-06-19T12:00:00Z,1.146526,1.147710,1.146526,1.147447
2026-06-19T13:00:00Z,1.147447,1.147579,1.146132,1.146657
2026-06-19T14:00:00Z,1.146526,1.147315,1.146132,1.147052
2026-06-19T15:00:00Z,1.147315,1.147710,1.146657,1.146657
2026-06-19T16:00:00Z,1.146657,1.147315,1.146526,1.147315
2026-06-19T17:00:00Z,1.147315,1.147974,1.147184,1.147842
2026-06-19T18:00:00Z,1.147974,1.148501,1.147710,1.147974
2026-06-19T19:00:00Z,1.147974,1.148369,1.147842,1.148106
2026-06-19T20:00:00Z,1.147842,1.148501,1.147315,1.147315
2026-06-19T21:00:00Z,1.146920,1.146920,1.146920,1.146920
2026-06-21T23:00:00Z,1.146657,1.146920,1.146132,1.146526
2026-06-22T00:00:00Z,1.146657,1.146920,1.146132,1.146920
2026-06-22T01:00:00Z,1.147184,1.147579,1.146789,1.146789
2026-06-22T02:00:00Z,1.146657,1.147052,1.146395,1.146920
2026-06-22T03:00:00Z,1.146920,1.147052,1.145869,1.146000
2026-06-22T04:00:00Z,1.146000,1.146000,1.145607,1.145869
2026-06-22T05:00:00Z,1.145869,1.146657,1.145869,1.145869
2026-06-22T06:00:00Z,1.145607,1.146526,1.145607,1.146263
2026-06-22T07:00:00Z,1.146395,1.146526,1.144820,1.144951
2026-06-22T08:00:00Z,1.144951,1.145738,1.144558,1.145344
2026-06-22T09:00:00Z,1.145344,1.146526,1.145344,1.146132
2026-06-22T10:00:00Z,1.146000,1.146657,1.145869,1.145869
2026-06-22T11:00:00Z,1.145738,1.146000,1.145082,1.145082
2026-06-22T12:00:00Z,1.145213,1.146526,1.145213,1.145869
2026-06-22T13:00:00Z,1.145082,1.145082,1.143249,1.143249
2026-06-22T14:00:00Z,1.143249,1.145344,1.142857,1.144820
2026-06-22T15:00:00Z,1.144951,1.145344,1.143511,1.143511
2026-06-22T16:00:00Z,1.143511,1.143511,1.142857,1.143511
2026-06-22T17:00:00Z,1.143380,1.143641,1.143118,1.143249
2026-06-22T18:00:00Z,1.143249,1.143511,1.142596,1.142596
2026-06-22T19:00:00Z,1.142857,1.142857,1.142204,1.142727
2026-06-22T20:00:00Z,1.142857,1.143249,1.142857,1.142988
2026-06-22T21:00:00Z,1.142074,1.143772,1.142074,1.143118
2026-06-22T22:00:00Z,1.142988,1.143249,1.142857,1.143118
2026-06-22T23:00:00Z,1.143118,1.143249,1.142988,1.142988
2026-06-23T00:00:00Z,1.142857,1.143118,1.142596,1.142988
2026-06-23T01:00:00Z,1.143118,1.143118,1.142596,1.142988
2026-06-23T02:00:00Z,1.142988,1.143641,1.142857,1.142988
2026-06-23T03:00:00Z,1.142988,1.143249,1.142335,1.143249
2026-06-23T04:00:00Z,1.143249,1.143380,1.142335,1.142335
2026-06-23T05:00:00Z,1.142335,1.142857,1.142335,1.142596
2026-06-23T06:00:00Z,1.142596,1.143249,1.142335,1.142727
2026-06-23T07:00:00Z,1.142727,1.144165,1.141292,1.141553
2026-06-23T08:00:00Z,1.141553,1.141944,1.140771,1.141162
2026-06-23T09:00:00Z,1.141032,1.141422,1.141032,1.141422
2026-06-23T10:00:00Z,1.141553,1.141553,1.139991,1.140381
2026-06-23T11:00:00Z,1.140511,1.140511,1.138822,1.138822
2026-06-23T12:00:00Z,1.138952,1.139861,1.138693,1.139212
2026-06-23T13:00:00Z,1.139212,1.140251,1.138822,1.139212
2026-06-23T14:00:00Z,1.139341,1.139341,1.138045,1.138563
2026-06-23T15:00:00Z,1.138563,1.138822,1.137915,1.138563
2026-06-23T16:00:00Z,1.138563,1.138693,1.138174,1.138304
2026-06-23T17:00:00Z,1.138174,1.138433,1.138045,1.138304
2026-06-23T18:00:00Z,1.138304,1.138433,1.137915,1.138174
2026-06-23T19:00:00Z,1.138174,1.138563,1.138174,1.138304
2026-06-23T20:00:00Z,1.138174,1.138563,1.138174,1.138433
2026-06-23T21:00:00Z,1.138304,1.138952,1.138304,1.138822
2026-06-23T22:00:00Z,1.138693,1.138693,1.138174,1.138433
2026-06-23T23:00:00Z,1.138433,1.138693,1.138174,1.138304
2026-06-24T00:00:00Z,1.138174,1.138563,1.137656,1.137915
2026-06-24T01:00:00Z,1.137915,1.138045,1.137398,1.137915
2026-06-24T02:00:00Z,1.137915,1.137915,1.137139,1.137139
2026-06-24T03:00:00Z,1.137139,1.137139,1.136493,1.137010
2026-06-24T04:00:00Z,1.137010,1.137010,1.136493,1.136622
2026-06-24T05:00:00Z,1.136622,1.137139,1.136622,1.137010
2026-06-24T06:00:00Z,1.137139,1.137786,1.136235,1.136235
2026-06-24T07:00:00Z,1.136235,1.136364,1.135589,1.135589
2026-06-24T08:00:00Z,1.135589,1.135847,1.134173,1.135589
2026-06-24T09:00:00Z,1.135589,1.135718,1.134816,1.135074
2026-06-24T10:00:00Z,1.134945,1.134945,1.134173,1.134430
2026-06-24T11:00:00Z,1.134430,1.135203,1.134173,1.134173
2026-06-24T12:00:00Z,1.134430,1.134816,1.132888,1.133144
2026-06-24T13:00:00Z,1.133273,1.134945,1.132888,1.134816
2026-06-24T14:00:00Z,1.134687,1.135460,1.133915,1.134430
2026-06-24T15:00:00Z,1.134430,1.136364,1.134430,1.135332
2026-06-24T16:00:00Z,1.135203,1.137010,1.135074,1.136235
2026-06-24T17:00:00Z,1.136364,1.136364,1.135203,1.135332
2026-06-24T18:00:00Z,1.135460,1.136364,1.135460,1.135718
2026-06-24T19:00:00Z,1.135976,1.136105,1.135460,1.135718
2026-06-24T20:00:00Z,1.135589,1.136235,1.135589,1.136105
2026-06-24T21:00:00Z,1.135332,1.136493,1.135332,1.136235
2026-06-24T22:00:00Z,1.136364,1.136364,1.135847,1.135847
2026-06-24T23:00:00Z,1.135847,1.135976,1.135589,1.135718
2026-06-25T00:00:00Z,1.135589,1.135718,1.135203,1.135589
2026-06-25T01:00:00Z,1.135718,1.137010,1.135718,1.136105
2026-06-25T02:00:00Z,1.136105,1.136880,1.136105,1.136622
2026-06-25T03:00:00Z,1.136751,1.137398,1.136751,1.137268
2026-06-25T04:00:00Z,1.137398,1.137398,1.137010,1.137139
2026-06-25T05:00:00Z,1.137010,1.137139,1.136364,1.136493
2026-06-25T06:00:00Z,1.136622,1.136751,1.135589,1.135718
2026-06-25T07:00:00Z,1.135718,1.136235,1.134945,1.136235
2026-06-25T08:00:00Z,1.136364,1.137527,1.136364,1.137010
2026-06-25T09:00:00Z,1.137010,1.137527,1.136622,1.136622
2026-06-25T10:00:00Z,1.136493,1.136493,1.134687,1.134816
2026-06-25T11:00:00Z,1.134816,1.134816,1.133658,1.134044
2026-06-25T12:00:00Z,1.134044,1.136622,1.134044,1.135589
2026-06-25T13:00:00Z,1.135847,1.137010,1.135332,1.136493
2026-06-25T14:00:00Z,1.136751,1.138433,1.136751,1.137786
2026-06-25T15:00:00Z,1.137915,1.139082,1.137786,1.138822
2026-06-25T16:00:00Z,1.138563,1.138952,1.137656,1.137786
2026-06-25T17:00:00Z,1.137656,1.138045,1.137527,1.137786
2026-06-25T18:00:00Z,1.137786,1.138304,1.137398,1.137786
2026-06-25T19:00:00Z,1.137786,1.138174,1.137268,1.137656
2026-06-25T20:00:00Z,1.137656,1.137786,1.137268,1.137268
2026-06-25T21:00:00Z,1.137010,1.137915,1.136622,1.137527
2026-06-25T22:00:00Z,1.137656,1.137656,1.137139,1.137268
2026-06-25T23:00:00Z,1.137268,1.137268,1.136364,1.136493
2026-06-26T00:00:00Z,1.136493,1.137010,1.136493,1.136880
2026-06-26T01:00:00Z,1.137010,1.137268,1.136105,1.136235
2026-06-26T02:00:00Z,1.136235,1.136622,1.135718,1.136235
2026-06-26T03:00:00Z,1.136235,1.137527,1.136235,1.137398
2026-06-26T04:00:00Z,1.137398,1.137915,1.137268,1.137915
2026-06-26T05:00:00Z,1.138045,1.138433,1.137915,1.138304
2026-06-26T06:00:00Z,1.138174,1.138433,1.137527,1.137915
2026-06-26T07:00:00Z,1.137786,1.139212,1.137656,1.139082
2026-06-26T08:00:00Z,1.139082,1.140901,1.138693,1.140511
2026-06-26T09:00:00Z,1.140381,1.141553,1.139991,1.141032
2026-06-26T10:00:00Z,1.141162,1.141162,1.140381,1.140771
2026-06-26T11:00:00Z,1.140901,1.140901,1.139861,1.140121
2026-06-26T12:00:00Z,1.140121,1.143380,1.140121,1.143380
2026-06-26T13:00:00Z,1.143118,1.143118,1.141683,1.142727
2026-06-26T14:00:00Z,1.142857,1.142857,1.139861,1.139861
2026-06-26T15:00:00Z,1.139601,1.141162,1.139601,1.140641
2026-06-26T16:00:00Z,1.140641,1.140641,1.138693,1.139341
2026-06-26T17:00:00Z,1.139212,1.139601,1.138822,1.138952
2026-06-26T18:00:00Z,1.138952,1.139471,1.138952,1.139082
2026-06-26T19:00:00Z,1.138952,1.139212,1.138433,1.139082
2026-06-26T20:00:00Z,1.139082,1.139471,1.138563,1.139082
2026-06-26T21:00:00Z,1.138952,1.138952,1.138952,1.138952
2026-06-28T23:00:00Z,1.138952,1.139082,1.138563,1.138952
2026-06-29T00:00:00Z,1.138952,1.139212,1.138693,1.139212
2026-06-29T01:00:00Z,1.139082,1.139341,1.138822,1.138822
2026-06-29T02:00:00Z,1.138822,1.139601,1.138822,1.139212
2026-06-29T03:00:00Z,1.139082,1.139341,1.138822,1.138822
2026-06-29T04:00:00Z,1.138693,1.138822,1.138433,1.138563
2026-06-29T05:00:00Z,1.138563,1.139861,1.138563,1.139731
2026-06-29T06:00:00Z,1.139731,1.141813,1.139601,1.141813
2026-06-29T07:00:00Z,1.141553,1.141553,1.140381,1.140511
2026-06-29T08:00:00Z,1.140641,1.141032,1.139601,1.139861
2026-06-29T09:00:00Z,1.139861,1.140511,1.139861,1.140511
2026-06-29T10:00:00Z,1.140641,1.140901,1.140381,1.140771
2026-06-29T11:00:00Z,1.140771,1.141422,1.140251,1.141292
2026-06-29T12:00:00Z,1.141162,1.141162,1.140381,1.140511
2026-06-29T13:00:00Z,1.140641,1.141422,1.140381,1.141292
2026-06-29T14:00:00Z,1.141422,1.142596,1.140901,1.142465
2026-06-29T15:00:00Z,1.142465,1.142857,1.142074,1.142596
2026-06-29T16:00:00Z,1.142727,1.143380,1.142727,1.142988
2026-06-29T17:00:00Z,1.142988,1.143118,1.142465,1.142988
2026-06-29T18:00:00Z,1.142988,1.143249,1.142857,1.142857
2026-06-29T19:00:00Z,1.142857,1.142988,1.142596,1.142857
2026-06-29T20:00:00Z,1.142857,1.142988,1.142596,1.142727
2026-06-29T21:00:00Z,1.142596,1.143772,1.142465,1.142988
2026-06-29T22:00:00Z,1.142596,1.142857,1.142596,1.142857
2026-06-29T23:00:00Z,1.142857,1.142857,1.142335,1.142335
2026-06-30T00:00:00Z,1.142204,1.142335,1.141553,1.141944
2026-06-30T01:00:00Z,1.142074,1.142074,1.140771,1.140771
2026-06-30T02:00:00Z,1.140771,1.140901,1.140641,1.140641
2026-06-30T03:00:00Z,1.140641,1.140901,1.139991,1.140251
2026-06-30T04:00:00Z,1.140121,1.140251,1.139341,1.139341
2026-06-30T05:00:00Z,1.139212,1.139601,1.138693,1.138693
2026-06-30T06:00:00Z,1.138822,1.140641,1.138693,1.140641
2026-06-30T07:00:00Z,1.140641,1.141162,1.140121,1.140251
2026-06-30T08:00:00Z,1.139991,1.140121,1.138693,1.139601
2026-06-30T09:00:00Z,1.139471,1.140121,1.139212,1.140121
2026-06-30T10:00:00Z,1.139991,1.140511,1.139601,1.140511
2026-06-30T11:00:00Z,1.140511,1.140511,1.139082,1.139601
2026-06-30T12:00:00Z,1.139601,1.140511,1.139212,1.139991
2026-06-30T13:00:00Z,1.139991,1.140901,1.139861,1.140121
2026-06-30T14:00:00Z,1.139991,1.143641,1.139601,1.143641
2026-06-30T15:00:00Z,1.143641,1.143641,1.141944,1.141944
2026-06-30T16:00:00Z,1.142074,1.142074,1.141553,1.141683
2026-06-30T17:00:00Z,1.141813,1.142596,1.141813,1.142465
2026-06-30T18:00:00Z,1.142465,1.142988,1.142335,1.142596
2026-06-30T19:00:00Z,1.142335,1.142988,1.141944,1.142988
2026-06-30T20:00:00Z,1.142988,1.142988,1.142465,1.142465
2026-06-30T21:00:00Z,1.142465,1.143118,1.142074,1.142857
2026-06-30T22:00:00Z,1.142596,1.142596,1.142204,1.142335
2026-06-30T23:00:00Z,1.142335,1.142335,1.141553,1.141683
2026-07-01T00:00:00Z,1.141683,1.141683,1.141162,1.141422
2026-07-01T01:00:00Z,1.141292,1.141292,1.140641,1.140771
2026-07-01T02:00:00Z,1.140771,1.141162,1.140641,1.140901
2026-07-01T03:00:00Z,1.140901,1.141162,1.140511,1.140771
2026-07-01T04:00:00Z,1.140771,1.141422,1.140641,1.141292
2026-07-01T05:00:00Z,1.141162,1.141422,1.140771,1.140901
2026-07-01T06:00:00Z,1.140901,1.141162,1.140381,1.140641
2026-07-01T07:00:00Z,1.140641,1.140641,1.139601,1.140511
2026-07-01T08:00:00Z,1.140511,1.140641,1.139731,1.139861
2026-07-01T09:00:00Z,1.139731,1.140251,1.138952,1.139082
2026-07-01T10:00:00Z,1.139082,1.140251,1.138952,1.140251
2026-07-01T11:00:00Z,1.140121,1.140121,1.138952,1.138952
2026-07-01T12:00:00Z,1.138952,1.139082,1.137268,1.137527
2026-07-01T13:00:00Z,1.137398,1.141292,1.136622,1.139731
2026-07-01T14:00:00Z,1.140121,1.140641,1.138952,1.139731
2026-07-01T15:00:00Z,1.139861,1.139861,1.138304,1.138693
2026-07-01T16:00:00Z,1.138693,1.139731,1.138304,1.138563
2026-07-01T17:00:00Z,1.138563,1.138952,1.138304,1.138433
2026-07-01T18:00:00Z,1.138433,1.138563,1.137915,1.138304
2026-07-01T19:00:00Z,1.138304,1.138433,1.138045,1.138304
2026-07-01T20:00:00Z,1.138174,1.138304,1.137786,1.138045
2026-07-01T21:00:00Z,1.137915,1.138693,1.137656,1.137786
2026-07-01T22:00:00Z,1.138304,1.138304,1.138045,1.138174
2026-07-01T23:00:00Z,1.138174,1.138174,1.138045,1.138045
2026-07-02T00:00:00Z,1.138045,1.138563,1.137915,1.138045
2026-07-02T01:00:00Z,1.138045,1.138822,1.138045,1.138433
2026-07-02T02:00:00Z,1.138433,1.139212,1.138433,1.138563
2026-07-02T03:00:00Z,1.138563,1.138693,1.138174,1.138563
2026-07-02T04:00:00Z,1.138563,1.139082,1.138563,1.139082
2026-07-02T05:00:00Z,1.139082,1.139212,1.138563,1.138952
2026-07-02T06:00:00Z,1.138952,1.140641,1.138952,1.139861
2026-07-02T07:00:00Z,1.139731,1.141292,1.139471,1.141162
2026-07-02T08:00:00Z,1.141162,1.142335,1.141162,1.142204
2026-07-02T09:00:00Z,1.142335,1.142335,1.141292,1.141553
2026-07-02T10:00:00Z,1.141292,1.141422,1.140771,1.141292
2026-07-02T11:00:00Z,1.141422,1.141813,1.140381,1.140641
2026-07-02T12:00:00Z,1.140641,1.147447,1.139861,1.145344
2026-07-02T13:00:00Z,1.145475,1.145738,1.144427,1.145213
2026-07-02T14:00:00Z,1.145344,1.146132,1.143772,1.144689
2026-07-02T15:00:00Z,1.144689,1.145344,1.144427,1.145082
2026-07-02T16:00:00Z,1.145082,1.145082,1.143903,1.144165
2026-07-02T17:00:00Z,1.144034,1.144034,1.143249,1.143249
2026-07-02T18:00:00Z,1.143380,1.144034,1.143380,1.143641
2026-07-02T19:00:00Z,1.143641,1.143641,1.142988,1.143380
2026-07-02T20:00:00Z,1.143380,1.143903,1.143380,1.143641
2026-07-02T21:00:00Z,1.142727,1.144296,1.142727,1.143772
2026-07-02T22:00:00Z,1.143641,1.143903,1.143118,1.143118
2026-07-02T23:00:00Z,1.143249,1.143380,1.142596,1.142596
2026-07-03T00:00:00Z,1.142727,1.143380,1.142335,1.143380
2026-07-03T01:00:00Z,1.143380,1.144689,1.143380,1.144034
2026-07-03T02:00:00Z,1.144034,1.144820,1.143903,1.144296
2026-07-03T03:00:00Z,1.144296,1.144427,1.144034,1.144427
2026-07-03T04:00:00Z,1.144427,1.144820,1.144296,1.144820
2026-07-03T05:00:00Z,1.144951,1.145738,1.144951,1.145082
2026-07-03T06:00:00Z,1.145213,1.146526,1.145213,1.145869
2026-07-03T07:00:00Z,1.145607,1.146000,1.145213,1.145738
2026-07-03T08:00:00Z,1.145869,1.146000,1.145475,1.145607
2026-07-03T09:00:00Z,1.145607,1.145607,1.144427,1.144427
2026-07-03T10:00:00Z,1.144427,1.145344,1.144427,1.145082
2026-07-03T11:00:00Z,1.144951,1.146000,1.144951,1.145213
2026-07-03T12:00:00Z,1.145344,1.145475,1.144951,1.144951
2026-07-03T13:00:00Z,1.144951,1.145082,1.144165,1.144165
2026-07-03T14:00:00Z,1.144296,1.145082,1.144165,1.144689
2026-07-03T15:00:00Z,1.144558,1.144689,1.143903,1.144034
2026-07-03T16:00:00Z,1.144034,1.144296,1.143903,1.144034
2026-07-03T17:00:00Z,1.144165,1.144427,1.144165,1.144296
2026-07-03T18:00:00Z,1.144427,1.144427,1.144165,1.144296
2026-07-03T19:00:00Z,1.144165,1.144427,1.143903,1.144034
2026-07-03T20:00:00Z,1.143903,1.144034,1.143772,1.144034
2026-07-03T21:00:00Z,1.144034,1.144034,1.144034,1.144034
2026-07-05T23:00:00Z,1.144034,1.144165,1.143641,1.144034
2026-07-06T00:00:00Z,1.144034,1.144427,1.143772,1.144165
2026-07-06T01:00:00Z,1.144165,1.144165,1.143249,1.143249
2026-07-06T02:00:00Z,1.143249,1.143772,1.143118,1.143772
2026-07-06T03:00:00Z,1.143772,1.143903,1.143118,1.143511
2026-07-06T04:00:00Z,1.143511,1.143772,1.143511,1.143641
2026-07-06T05:00:00Z,1.143511,1.143511,1.142727,1.142727
2026-07-06T06:00:00Z,1.142988,1.143249,1.142335,1.142465
2026-07-06T07:00:00Z,1.142335,1.143118,1.142074,1.142988
2026-07-06T08:00:00Z,1.142988,1.142988,1.141944,1.142335
2026-07-06T09:00:00Z,1.142335,1.142465,1.141422,1.141553
2026-07-06T10:00:00Z,1.141683,1.142465,1.141292,1.142335
2026-07-06T11:00:00Z,1.142335,1.142335,1.141553,1.141944
2026-07-06T12:00:00Z,1.142074,1.142204,1.141553,1.141683
2026-07-06T13:00:00Z,1.141422,1.142596,1.141162,1.141553
2026-07-06T14:00:00Z,1.141553,1.142204,1.141553,1.141944
2026-07-06T15:00:00Z,1.142074,1.142857,1.141944,1.142857
2026-07-06T16:00:00Z,1.142857,1.143511,1.142857,1.143380
2026-07-06T17:00:00Z,1.143511,1.144296,1.143511,1.144034
2026-07-06T18:00:00Z,1.144034,1.144820,1.143903,1.144689
2026-07-06T19:00:00Z,1.144427,1.144689,1.144165,1.144558
2026-07-06T20:00:00Z,1.144427,1.144558,1.144296,1.144427
2026-07-06T21:00:00Z,1.145082,1.145082,1.144165,1.145082
2026-07-06T22:00:00Z,1.144689,1.144820,1.144558,1.144689
2026-07-06T23:00:00Z,1.144951,1.145082,1.144427,1.144427
2026-07-07T00:00:00Z,1.144427,1.144558,1.144165,1.144296
2026-07-07T01:00:00Z,1.144296,1.144951,1.144034,1.144689
2026-07-07T02:00:00Z,1.144820,1.144951,1.144296,1.144296
2026-07-07T03:00:00Z,1.144296,1.144558,1.143903,1.144034
2026-07-07T04:00:00Z,1.144034,1.144165,1.143903,1.143903
2026-07-07T05:00:00Z,1.144034,1.144034,1.143249,1.143511
2026-07-07T06:00:00Z,1.143641,1.143641,1.142857,1.143118
2026-07-07T07:00:00Z,1.143249,1.143511,1.142857,1.142988
2026-07-07T08:00:00Z,1.142988,1.143903,1.142857,1.143118
2026-07-07T09:00:00Z,1.143118,1.143249,1.142857,1.142857
2026-07-07T10:00:00Z,1.142727,1.143641,1.142727,1.143641
2026-07-07T11:00:00Z,1.143641,1.144165,1.142988,1.143641
2026-07-07T12:00:00Z,1.143511,1.144558,1.143511,1.143903
2026-07-07T13:00:00Z,1.143903,1.144427,1.143380,1.143772
2026-07-07T14:00:00Z,1.144034,1.144034,1.142857,1.143772
2026-07-07T15:00:00Z,1.143641,1.143772,1.142596,1.142596
2026-07-07T16:00:00Z,1.142727,1.142857,1.142074,1.142596
2026-07-07T17:00:00Z,1.142727,1.143249,1.142596,1.143118
2026-07-07T18:00:00Z,1.143118,1.143249,1.142204,1.142204
2026-07-07T19:00:00Z,1.142074,1.142074,1.141162,1.141944
2026-07-07T20:00:00Z,1.141813,1.142074,1.141422,1.141553
2026-07-07T21:00:00Z,1.142727,1.142727,1.140381,1.141162
2026-07-07T22:00:00Z,1.141162,1.141162,1.140641,1.141032
2026-07-07T23:00:00Z,1.141032,1.141162,1.140381,1.140511
2026-07-08T00:00:00Z,1.140381,1.141553,1.140381,1.141162
2026-07-08T01:00:00Z,1.141162,1.141292,1.140251,1.140901
2026-07-08T02:00:00Z,1.140901,1.141553,1.140771,1.141553
2026-07-08T03:00:00Z,1.141553,1.141944,1.141553,1.141683
2026-07-08T04:00:00Z,1.141683,1.141944,1.141422,1.141813
2026-07-08T05:00:00Z,1.141813,1.142335,1.141553,1.142335
2026-07-08T06:00:00Z,1.142465,1.142727,1.142204,1.142465
2026-07-08T07:00:00Z,1.142596,1.143380,1.142074,1.142988
2026-07-08T08:00:00Z,1.142857,1.143118,1.140901,1.141422
2026-07-08T09:00:00Z,1.141162,1.141422,1.140121,1.140901
2026-07-08T10:00:00Z,1.140901,1.141683,1.140511,1.141162
2026-07-08T11:00:00Z,1.141162,1.141292,1.139731,1.139991
2026-07-08T12:00:00Z,1.140251,1.141032,1.139991,1.139991
2026-07-08T13:00:00Z,1.140121,1.141683,1.140121,1.141162
2026-07-08T14:00:00Z,1.141292,1.141553,1.140771,1.141032
2026-07-08T15:00:00Z,1.140901,1.141422,1.139471,1.139861
2026-07-08T16:00:00Z,1.139861,1.141813,1.139861,1.141683
2026-07-08T17:00:00Z,1.141813,1.142988,1.141813,1.142204
2026-07-08T18:00:00Z,1.142204,1.143118,1.142204,1.142988
2026-07-08T19:00:00Z,1.143118,1.143249,1.142596,1.143118
2026-07-08T20:00:00Z,1.142988,1.143118,1.141813,1.142074
2026-07-08T21:00:00Z,1.142074,1.142727,1.141813,1.142204
2026-07-08T22:00:00Z,1.142074,1.142204,1.141944,1.142204
2026-07-08T23:00:00Z,1.142204,1.142465,1.142074,1.142465
2026-07-09T00:00:00Z,1.142465,1.143249,1.142465,1.142857
2026-07-09T01:00:00Z,1.142857,1.142988,1.142335,1.142857
2026-07-09T02:00:00Z,1.142857,1.143118,1.142727,1.142727
2026-07-09T03:00:00Z,1.142727,1.143380,1.142596,1.142988
2026-07-09T04:00:00Z,1.142988,1.143118,1.142727,1.142988
2026-07-09T05:00:00Z,1.142988,1.143641,1.142988,1.143380
2026-07-09T06:00:00Z,1.143772,1.145082,1.143772,1.144427
2026-07-09T07:00:00Z,1.144558,1.144558,1.143641,1.143772
2026-07-09T08:00:00Z,1.143903,1.144165,1.142857,1.142988
2026-07-09T09:00:00Z,1.142988,1.143511,1.142727,1.143380
2026-07-09T10:00:00Z,1.143380,1.143511,1.142465,1.142596
2026-07-09T11:00:00Z,1.142596,1.143249,1.142596,1.143249
2026-07-09T12:00:00Z,1.143380,1.143903,1.142727,1.142727
2026-07-09T13:00:00Z,1.142857,1.144165,1.142857,1.144165
2026-07-09T14:00:00Z,1.144296,1.144820,1.143511,1.143641
2026-07-09T15:00:00Z,1.143641,1.144296,1.143249,1.144165
2026-07-09T16:00:00Z,1.144296,1.144427,1.143903,1.144034
2026-07-09T17:00:00Z,1.144034,1.144427,1.143903,1.144034
2026-07-09T18:00:00Z,1.144165,1.144165,1.143511,1.143641
2026-07-09T19:00:00Z,1.143772,1.143772,1.142988,1.143118
2026-07-09T20:00:00Z,1.143118,1.143380,1.143118,1.143249
2026-07-09T21:00:00Z,1.143772,1.143772,1.142465,1.143511
2026-07-09T22:00:00Z,1.143380,1.143641,1.143249,1.143641
2026-07-09T23:00:00Z,1.143641,1.143772,1.143511,1.143641
2026-07-10T00:00:00Z,1.143641,1.144558,1.143380,1.144427
2026-07-10T01:00:00Z,1.144296,1.145213,1.144165,1.145213
2026-07-10T02:00:00Z,1.145082,1.146395,1.145082,1.146132
2026-07-10T03:00:00Z,1.146263,1.146263,1.145213,1.145344
2026-07-10T04:00:00Z,1.145213,1.145213,1.144427,1.144558
2026-07-10T05:00:00Z,1.144558,1.144689,1.143903,1.144296
2026-07-10T06:00:00Z,1.144296,1.145082,1.144296,1.144558
2026-07-10T07:00:00Z,1.144427,1.144558,1.144034,1.144034
2026-07-10T08:00:00Z,1.144034,1.144558,1.143380,1.143380
2026-07-10T09:00:00Z,1.143380,1.143641,1.142988,1.143118
2026-07-10T10:00:00Z,1.143118,1.143903,1.142988,1.143641
2026-07-10T11:00:00Z,1.143641,1.143772,1.142988,1.143511
2026-07-10T12:00:00Z,1.143511,1.144034,1.142727,1.143249
2026-07-10T13:00:00Z,1.143249,1.143249,1.142335,1.142335
2026-07-10T14:00:00Z,1.142204,1.143118,1.141813,1.142596
2026-07-10T15:00:00Z,1.142596,1.144165,1.142596,1.144165
2026-07-10T16:00:00Z,1.144034,1.144427,1.143380,1.143380
2026-07-10T17:00:00Z,1.143380,1.143380,1.142074,1.142074
2026-07-10T18:00:00Z,1.142074,1.142074,1.141553,1.141944
2026-07-10T19:00:00Z,1.141944,1.141944,1.141683,1.141944
2026-07-10T20:00:00Z,1.141944,1.142204,1.141553,1.141683
2026-07-10T21:00:00Z,1.141944,1.141944,1.141944,1.141944
2026-07-12T23:00:00Z,1.139731,1.140641,1.139731,1.140641
2026-07-13T00:00:00Z,1.140771,1.140771,1.139861,1.139861
2026-07-13T01:00:00Z,1.139861,1.139991,1.138952,1.139991
2026-07-13T02:00:00Z,1.140121,1.140251,1.139731,1.139861
2026-07-13T03:00:00Z,1.139861,1.140121,1.139471,1.140121
2026-07-13T04:00:00Z,1.140251,1.140771,1.139991,1.140771
2026-07-13T05:00:00Z,1.140771,1.141162,1.140121,1.140121
2026-07-13T06:00:00Z,1.140251,1.141032,1.139991,1.140381
2026-07-13T07:00:00Z,1.140511,1.142857,1.140511,1.142727
2026-07-13T08:00:00Z,1.142727,1.144951,1.142727,1.143903
2026-07-13T09:00:00Z,1.143903,1.144034,1.143118,1.143380
2026-07-13T10:00:00Z,1.143511,1.143903,1.142988,1.143903
2026-07-13T11:00:00Z,1.143903,1.144034,1.142857,1.143118
2026-07-13T12:00:00Z,1.143118,1.143249,1.142465,1.143249
2026-07-13T13:00:00Z,1.143511,1.143511,1.141813,1.141813
2026-07-13T14:00:00Z,1.141813,1.141813,1.140121,1.140641
2026-07-13T15:00:00Z,1.140901,1.140901,1.139991,1.140641
2026-07-13T16:00:00Z,1.140511,1.140511,1.138693,1.139082
2026-07-13T17:00:00Z,1.139212,1.139341,1.138952,1.138952
2026-07-13T18:00:00Z,1.138952,1.139212,1.138822,1.138952
2026-07-13T19:00:00Z,1.139082,1.139082,1.138563,1.138563
2026-07-13T20:00:00Z,1.138693,1.138822,1.138174,1.138433
2026-07-13T21:00:00Z,1.139341,1.139341,1.138174,1.138433
2026-07-13T22:00:00Z,1.138563,1.138822,1.138433,1.138433
2026-07-13T23:00:00Z,1.138433,1.138693,1.138304,1.138563
2026-07-14T00:00:00Z,1.138693,1.139212,1.138174,1.138952
2026-07-14T01:00:00Z,1.138822,1.139341,1.138822,1.139212
2026-07-14T02:00:00Z,1.139212,1.139731,1.139212,1.139471
2026-07-14T03:00:00Z,1.139471,1.139861,1.139212,1.139731
2026-07-14T04:00:00Z,1.139731,1.139731,1.139082,1.139341
2026-07-14T05:00:00Z,1.139471,1.139861,1.139471,1.139471
2026-07-14T06:00:00Z,1.139471,1.139731,1.138822,1.138952
2026-07-14T07:00:00Z,1.138822,1.139991,1.138822,1.139861
2026-07-14T08:00:00Z,1.139861,1.140901,1.139731,1.140381
2026-07-14T09:00:00Z,1.140251,1.140771,1.139861,1.140381
2026-07-14T10:00:00Z,1.140381,1.140511,1.139471,1.139471
2026-07-14T11:00:00Z,1.139471,1.141162,1.139341,1.141032
2026-07-14T12:00:00Z,1.140901,1.146263,1.140771,1.144689
2026-07-14T13:00:00Z,1.144820,1.145738,1.144820,1.145607
2026-07-14T14:00:00Z,1.145344,1.146132,1.144427,1.144820
2026-07-14T15:00:00Z,1.144820,1.145475,1.142988,1.142988
2026-07-14T16:00:00Z,1.143118,1.143772,1.142857,1.143641
2026-07-14T17:00:00Z,1.143511,1.143641,1.142335,1.142596
2026-07-14T18:00:00Z,1.142727,1.142857,1.142074,1.142596
2026-07-14T19:00:00Z,1.142727,1.142857,1.142465,1.142465
2026-07-14T20:00:00Z,1.142335,1.142596,1.142204,1.142335
2026-07-14T21:00:00Z,1.142465,1.143118,1.142204,1.142596
2026-07-14T22:00:00Z,1.142465,1.142465,1.142074,1.142465
2026-07-14T23:00:00Z,1.142335,1.142857,1.142335,1.142727
2026-07-15T00:00:00Z,1.142727,1.143772,1.142727,1.143772
2026-07-15T01:00:00Z,1.143772,1.144034,1.143511,1.143903
2026-07-15T02:00:00Z,1.143903,1.144427,1.143641,1.144427
2026-07-15T03:00:00Z,1.144296,1.144558,1.143772,1.144165
2026-07-15T04:00:00Z,1.144165,1.144427,1.144034,1.144034
2026-07-15T05:00:00Z,1.144034,1.144689,1.143903,1.144427
2026-07-15T06:00:00Z,1.144427,1.144689,1.143249,1.143249
2026-07-15T07:00:00Z,1.143249,1.143511,1.142335,1.142596
2026-07-15T08:00:00Z,1.142727,1.143118,1.142465,1.142727
2026-07-15T09:00:00Z,1.142727,1.142857,1.142074,1.142074
2026-07-15T10:00:00Z,1.142074,1.142204,1.141422,1.141553
2026-07-15T11:00:00Z,1.141944,1.142204,1.141422,1.141683
2026-07-15T12:00:00Z,1.141683,1.143249,1.141032,1.143249
2026-07-15T13:00:00Z,1.143118,1.143772,1.142727,1.143641
2026-07-15T14:00:00Z,1.143511,1.144427,1.143380,1.143903
2026-07-15T15:00:00Z,1.144034,1.144427,1.143511,1.143903
2026-07-15T16:00:00Z,1.143903,1.144558,1.143380,1.144558
2026-07-15T17:00:00Z,1.144558,1.147710,1.144558,1.147710
2026-07-15T18:00:00Z,1.147710,1.148369,1.147184,1.147184
2026-07-15T19:00:00Z,1.146920,1.147710,1.146526,1.146789
2026-07-15T20:00:00Z,1.146789,1.146789,1.146395,1.146657
2026-07-15T21:00:00Z,1.146789,1.147315,1.146395,1.146789
2026-07-15T22:00:00Z,1.146920,1.147184,1.146920,1.146920
2026-07-15T23:00:00Z,1.147184,1.147447,1.147052,1.147315
2026-07-16T00:00:00Z,1.147315,1.147710,1.147052,1.147710
2026-07-16T01:00:00Z,1.147710,1.147710,1.146789,1.146920
2026-07-16T02:00:00Z,1.146920,1.146920,1.146395,1.146789
2026-07-16T03:00:00Z,1.146789,1.147184,1.146657,1.146920
2026-07-16T04:00:00Z,1.146920,1.147052,1.146657,1.146920
2026-07-16T05:00:00Z,1.146920,1.147184,1.146657,1.146657
2026-07-16T06:00:00Z,1.146789,1.147447,1.146789,1.147184
2026-07-16T07:00:00Z,1.147184,1.147974,1.147052,1.147315
2026-07-16T08:00:00Z,1.147184,1.147447,1.146657,1.146920
2026-07-16T09:00:00Z,1.146920,1.147052,1.146395,1.146920
2026-07-16T10:00:00Z,1.146920,1.147184,1.146395,1.146395
2026-07-16T11:00:00Z,1.146263,1.147184,1.146132,1.147184
2026-07-16T12:00:00Z,1.147184,1.147315,1.145082,1.145082
2026-07-16T13:00:00Z,1.145082,1.146263,1.144951,1.145475
2026-07-16T14:00:00Z,1.145344,1.145738,1.144296,1.144689
2026-07-16T15:00:00Z,1.144558,1.145213,1.144034,1.144951
2026-07-16T16:00:00Z,1.145082,1.145082,1.143772,1.143772
2026-07-16T17:00:00Z,1.143772,1.144165,1.143511,1.144034
2026-07-16T18:00:00Z,1.144034,1.144165,1.143772,1.144165
2026-07-16T19:00:00Z,1.144165,1.144427,1.143772,1.144427
2026-07-16T20:00:00Z,1.144296,1.144820,1.144165,1.144820
2026-07-16T21:00:00Z,1.144427,1.144820,1.144296,1.144558
2026-07-16T22:00:00Z,1.144558,1.144820,1.144558,1.144689
2026-07-16T23:00:00Z,1.144689,1.144951,1.144558,1.144820
2026-07-17T00:00:00Z,1.144820,1.144951,1.144427,1.144951
2026-07-17T01:00:00Z,1.144951,1.145082,1.144165,1.144165
2026-07-17T02:00:00Z,1.144296,1.144427,1.144034,1.144034
2026-07-17T03:00:00Z,1.144034,1.144296,1.143903,1.144296
2026-07-17T04:00:00Z,1.144296,1.144296,1.143903,1.143903
2026-07-17T05:00:00Z,1.143903,1.144689,1.143903,1.144296
2026-07-17T06:00:00Z,1.144296,1.145475,1.144296,1.145344
2026-07-17T07:00:00Z,1.145344,1.145607,1.144689,1.144951
2026-07-17T08:00:00Z,1.144820,1.145082,1.144034,1.144558
2026-07-17T09:00:00Z,1.144427,1.144558,1.144034,1.144296
2026-07-17T10:00:00Z,1.144296,1.144296,1.142988,1.142988
2026-07-17T11:00:00Z,1.142988,1.143903,1.142857,1.143380
2026-07-17T12:00:00Z,1.143380,1.143903,1.142988,1.143118
2026-07-17T13:00:00Z,1.143249,1.144034,1.142857,1.143903
2026-07-17T14:00:00Z,1.143903,1.144689,1.143641,1.144296
2026-07-17T15:00:00Z,1.144296,1.144689,1.144034,1.144296
2026-07-17T16:00:00Z,1.144296,1.144427,1.143772,1.144165
2026-07-17T17:00:00Z,1.144165,1.144165,1.143641,1.143772
2026-07-17T18:00:00Z,1.143772,1.144034,1.143772,1.144034
2026-07-17T19:00:00Z,1.143903,1.144427,1.143772,1.144427
2026-07-17T20:00:00Z,1.144427,1.144558,1.143903,1.144034
2026-07-17T21:00:00Z,1.144296,1.144558,1.144296,1.144558
2026-07-19T23:00:00Z,1.142988,1.143118,1.142727,1.142988
2026-07-20T00:00:00Z,1.142988,1.143641,1.142988,1.143641
2026-07-20T01:00:00Z,1.143772,1.143903,1.143511,1.143903
2026-07-20T02:00:00Z,1.143903,1.144558,1.143903,1.144427
2026-07-20T03:00:00Z,1.144427,1.144558,1.144296,1.144558
2026-07-20T04:00:00Z,1.144558,1.144820,1.144427,1.144820
2026-07-20T05:00:00Z,1.144820,1.144820,1.144296,1.144427
2026-07-20T06:00:00Z,1.144427,1.144558,1.143772,1.143772
2026-07-20T07:00:00Z,1.143772,1.145213,1.143772,1.144689
2026-07-20T08:00:00Z,1.144820,1.144820,1.144165,1.144296
2026-07-20T09:00:00Z,1.144296,1.144296,1.143118,1.143380
2026-07-20T10:00:00Z,1.143380,1.143903,1.143249,1.143511
2026-07-20T11:00:00Z,1.143511,1.144296,1.143249,1.143249
2026-07-20T12:00:00Z,1.143118,1.143249,1.142074,1.142727
2026-07-20T13:00:00Z,1.142727,1.142727,1.141813,1.142074
2026-07-20T14:00:00Z,1.141944,1.142074,1.140641,1.141032
2026-07-20T15:00:00Z,1.141032,1.141553,1.140901,1.141553
2026-07-20T16:00:00Z,1.141422,1.141944,1.141292,1.141422
2026-07-20T17:00:00Z,1.141553,1.141813,1.141422,1.141683
2026-07-20T18:00:00Z,1.141683,1.142204,1.141683,1.141813
2026-07-20T19:00:00Z,1.141944,1.142074,1.141683,1.141944
2026-07-20T20:00:00Z,1.141944,1.141944,1.141553,1.141683
2026-07-20T21:00:00Z,1.141944,1.142335,1.141292,1.141683
2026-07-20T22:00:00Z,1.141422,1.141683,1.141292,1.141683
2026-07-20T23:00:00Z,1.141683,1.141813,1.141553,1.141813
2026-07-21T00:00:00Z,1.141944,1.142074,1.141553,1.141683
2026-07-21T01:00:00Z,1.141553,1.141944,1.141553,1.141813
2026-07-21T02:00:00Z,1.141813,1.141944,1.141422,1.141422
2026-07-21T03:00:00Z,1.141553,1.141813,1.141292,1.141553
2026-07-21T04:00:00Z,1.141553,1.142074,1.141553,1.142074
2026-07-21T05:00:00Z,1.142074,1.142465,1.141944,1.142074
2026-07-21T06:00:00Z,1.142204,1.142596,1.142074,1.142596
2026-07-21T07:00:00Z,1.142596,1.142988,1.142465,1.142596
2026-07-21T08:00:00Z,1.142596,1.142857,1.142335,1.142465
2026-07-21T09:00:00Z,1.142465,1.143118,1.142465,1.142596
2026-07-21T10:00:00Z,1.142596,1.143118,1.142335,1.142465
2026-07-21T11:00:00Z,1.142465,1.142596,1.142074,1.142204
2026-07-21T12:00:00Z,1.142335,1.142335,1.141813,1.142074
2026-07-21T13:00:00Z,1.141944,1.142074,1.140901,1.141553
2026-07-21T14:00:00Z,1.141553,1.142204,1.140641,1.140901
2026-07-21T15:00:00Z,1.140901,1.141422,1.140641,1.141032
2026-07-21T16:00:00Z,1.141032,1.141422,1.141032,1.141162
2026-07-21T17:00:00Z,1.141162,1.141292,1.141032,1.141032
2026-07-21T18:00:00Z,1.140901,1.140901,1.140251,1.140641
2026-07-21T19:00:00Z,1.140771,1.140771,1.140381,1.140381
2026-07-21T20:00:00Z,1.140511,1.140641,1.140121,1.140121
2026-07-21T21:00:00Z,1.139991,1.140641,1.139861,1.140641
2026-07-21T22:00:00Z,1.140381,1.140381,1.140251,1.140251
2026-07-21T23:00:00Z,1.140251,1.140511,1.140121,1.140511
2026-07-22T00:00:00Z,1.140381,1.141032,1.140381,1.140771
2026-07-22T01:00:00Z,1.140771,1.141032,1.140121,1.140641
2026-07-22T02:00:00Z,1.140641,1.141292,1.140511,1.140901
2026-07-22T03:00:00Z,1.140901,1.141162,1.140771,1.141032
2026-07-22T04:00:00Z,1.141032,1.141162,1.140901,1.141162
2026-07-22T05:00:00Z,1.141162,1.141292,1.140901,1.141292
2026-07-22T06:00:00Z,1.141292,1.141683,1.141032,1.141422
2026-07-22T07:00:00Z,1.141422,1.142074,1.140771,1.141292
2026-07-22T08:00:00Z,1.141292,1.141553,1.140771,1.141292
2026-07-22T09:00:00Z,1.141422,1.141553,1.140771,1.140771
2026-07-22T10:00:00Z,1.140771,1.141032,1.140381,1.140641
2026-07-22T11:00:00Z,1.140771,1.141032,1.140641,1.140901
2026-07-22T12:00:00Z,1.141032,1.141683,1.141032,1.141292
2026-07-22T13:00:00Z,1.141162,1.142335,1.141162,1.141683
2026-07-22T14:00:00Z,1.141813,1.142074,1.141162,1.141292
2026-07-22T15:00:00Z,1.141162,1.141683,1.141162,1.141683
2026-07-22T16:00:00Z,1.141683,1.141683,1.141032,1.141292
2026-07-22T17:00:00Z,1.141292,1.141553,1.141162,1.141292
2026-07-22T18:00:00Z,1.141422,1.141422,1.141162,1.141422
2026-07-22T19:00:00Z,1.141422,1.141553,1.141292,1.141422
2026-07-22T20:00:00Z,1.141422,1.141553,1.141422,1.141422
2026-07-22T21:00:00Z,1.140901,1.141553,1.140901,1.140901
2026-07-22T22:00:00Z,1.141292,1.141292,1.140901,1.141032
2026-07-22T23:00:00Z,1.141162,1.141553,1.141162,1.141422
2026-07-23T00:00:00Z,1.141553,1.142074,1.141422,1.142074
2026-07-23T01:00:00Z,1.142074,1.142335,1.141944,1.141944
2026-07-23T02:00:00Z,1.141944,1.143118,1.141944,1.143118
2026-07-23T03:00:00Z,1.143249,1.143380,1.142727,1.143249
2026-07-23T04:00:00Z,1.143118,1.143903,1.143118,1.143641
2026-07-23T05:00:00Z,1.143641,1.143772,1.143249,1.143380
2026-07-23T06:00:00Z,1.143380,1.143641,1.142727,1.142857
2026-07-23T07:00:00Z,1.142727,1.142988,1.142465,1.142727
2026-07-23T08:00:00Z,1.142857,1.142857,1.141162,1.141422
2026-07-23T09:00:00Z,1.141292,1.141813,1.141292,1.141553
2026-07-23T10:00:00Z,1.141683,1.141683,1.140771,1.140771
2026-07-23T11:00:00Z,1.140641,1.140901,1.138822,1.139861
2026-07-23T12:00:00Z,1.139731,1.139731,1.138045,1.138822
2026-07-23T13:00:00Z,1.138952,1.138952,1.137268,1.137786
2026-07-23T14:00:00Z,1.137786,1.137786,1.136751,1.137398
2026-07-23T15:00:00Z,1.137398,1.137786,1.137010,1.137527
2026-07-23T16:00:00Z,1.137656,1.138304,1.137656,1.138304
2026-07-23T17:00:00Z,1.138304,1.138433,1.137527,1.137527
2026-07-23T18:00:00Z,1.137527,1.137915,1.137398,1.137786
2026-07-23T19:00:00Z,1.138174,1.138174,1.137786,1.138045
2026-07-23T20:00:00Z,1.138174,1.138304,1.138045,1.138045
2026-07-23T21:00:00Z,1.137527,1.138433,1.137139,1.138174
2026-07-23T22:00:00Z,1.137915,1.138304,1.137915,1.138304
2026-07-23T23:00:00Z,1.138304,1.138304,1.137915,1.138045
2026-07-24T00:00:00Z,1.137915,1.138693,1.137915,1.138693
2026-07-24T01:00:00Z,1.138822,1.139082,1.138563,1.138693
2026-07-24T02:00:00Z,1.138822,1.139082,1.138563,1.138563
2026-07-24T03:00:00Z,1.138433,1.138563,1.138174,1.138563
2026-07-24T04:00:00Z,1.138563,1.138693,1.138045,1.138174
2026-07-24T05:00:00Z,1.138304,1.138693,1.138045,1.138045
2026-07-24T06:00:00Z,1.138174,1.138952,1.138045,1.138952
2026-07-24T07:00:00Z,1.139082,1.140381,1.138952,1.139341
2026-07-24T08:00:00Z,1.139341,1.139341,1.138433,1.138693
2026-07-24T09:00:00Z,1.138563,1.139082,1.138563,1.139082
2026-07-24T10:00:00Z,1.139212,1.139601,1.138563,1.138693
2026-07-24T11:00:00Z,1.138563,1.139082,1.137527,1.137786
2026-07-24T12:00:00Z,1.137915,1.138174,1.137139,1.137268
2026-07-24T13:00:00Z,1.137398,1.137915,1.136880,1.137915
2026-07-24T14:00:00Z,1.138045,1.138304,1.137398,1.138304
2026-07-24T15:00:00Z,1.138045,1.139341,1.138045,1.138693
2026-07-24T16:00:00Z,1.138693,1.138952,1.138174,1.138174
2026-07-24T17:00:00Z,1.138045,1.138045,1.137139,1.137268
2026-07-24T18:00:00Z,1.137268,1.137398,1.137010,1.137268
2026-07-24T19:00:00Z,1.137398,1.137527,1.137139,1.137398
2026-07-24T20:00:00Z,1.137398,1.137656,1.137010,1.137398
2026-07-24T21:00:00Z,1.137527,1.137527,1.137527,1.137527
2026-07-26T23:00:00Z,1.139341,1.139861,1.139212,1.139861
2026-07-27T00:00:00Z,1.139991,1.141553,1.139991,1.140511
2026-07-27T01:00:00Z,1.140641,1.141683,1.140641,1.141683
2026-07-27T02:00:00Z,1.141683,1.141683,1.140901,1.140901
2026-07-27T03:00:00Z,1.141032,1.141032,1.140511,1.140641
2026-07-27T04:00:00Z,1.140641,1.140901,1.140511,1.140771
2026-07-27T05:00:00Z,1.140511,1.141032,1.140511,1.140901
2026-07-27T06:00:00Z,1.141032,1.142074,1.141032,1.141292
2026-07-27T07:00:00Z,1.141162,1.141292,1.140251,1.140251
2026-07-27T08:00:00Z,1.140121,1.140641,1.139861,1.140641
2026-07-27T09:00:00Z,1.140511,1.140641,1.139861,1.139991
2026-07-27T10:00:00Z,1.139861,1.140511,1.139731,1.139731
2026-07-27T11:00:00Z,1.139861,1.139861,1.138822,1.138952
2026-07-27T12:00:00Z,1.139082,1.139341,1.138045,1.138822
2026-07-27T13:00:00Z,1.138563,1.138952,1.137656,1.137656
2026-07-27T14:00:00Z,1.137398,1.137915,1.137268,1.137398
2026-07-27T15:00:00Z,1.137527,1.138045,1.137268,1.137915
2026-07-27T16:00:00Z,1.137786,1.138822,1.137786,1.138304
2026-07-27T17:00:00Z,1.138174,1.138304,1.137139,1.137656
2026-07-27T18:00:00Z,1.137527,1.137656,1.137139,1.137139
2026-07-27T19:00:00Z,1.137268,1.137656,1.137010,1.137398
2026-07-27T20:00:00Z,1.137268,1.137527,1.137010,1.137139
2026-07-27T21:00:00Z,1.136493,1.138433,1.136493,1.137527
2026-07-27T22:00:00Z,1.137268,1.137527,1.137268,1.137268
2026-07-27T23:00:00Z,1.137268,1.137398,1.137139,1.137268
2026-07-28T00:00:00Z,1.137139,1.137786,1.137010,1.137786
2026-07-28T01:00:00Z,1.137786,1.138045,1.137398,1.137656
2026-07-28T02:00:00Z,1.137656,1.138174,1.137527,1.138045
2026-07-28T03:00:00Z,1.138045,1.138304,1.137656,1.137786
2026-07-28T04:00:00Z,1.137656,1.137656,1.137139,1.137268
2026-07-28T05:00:00Z,1.137139,1.137139,1.136493,1.137010
2026-07-28T06:00:00Z,1.137010,1.137527,1.136880,1.137139
2026-07-28T07:00:00Z,1.137139,1.137656,1.136751,1.136880
2026-07-28T08:00:00Z,1.136880,1.137527,1.136880,1.137527
2026-07-28T09:00:00Z,1.137656,1.137656,1.135976,1.135976
2026-07-28T10:00:00Z,1.135976,1.136622,1.135718,1.136364
2026-07-28T11:00:00Z,1.136493,1.137139,1.136105,1.137010
2026-07-28T12:00:00Z,1.136880,1.137139,1.136493,1.137010
2026-07-28T13:00:00Z,1.136880,1.137656,1.136880,1.137398
2026-07-28T14:00:00Z,1.137527,1.138952,1.137527,1.138952
2026-07-28T15:00:00Z,1.138952,1.140511,1.138822,1.140381
2026-07-28T16:00:00Z,1.140381,1.140771,1.139991,1.139991
2026-07-28T17:00:00Z,1.139861,1.139991,1.139212,1.139341
2026-07-28T18:00:00Z,1.139212,1.139471,1.138952,1.138952
2026-07-28T19:00:00Z,1.138952,1.139471,1.138952,1.139082
2026-07-28T20:00:00Z,1.139082,1.139212,1.138822,1.138952
2026-07-28T21:00:00Z,1.138563,1.139861,1.138304,1.139471
2026-07-28T22:00:00Z,1.139212,1.139471,1.138822,1.138822
2026-07-28T23:00:00Z,1.138822,1.138952,1.138563,1.138952
2026-07-29T00:00:00Z,1.138822,1.139341,1.138563,1.139341
2026-07-29T01:00:00Z,1.139471,1.139601,1.138952,1.139471
2026-07-29T02:00:00Z,1.139471,1.139861,1.139341,1.139731
2026-07-29T03:00:00Z,1.139731,1.140381,1.139731,1.139991
2026-07-29T04:00:00Z,1.139991,1.140641,1.139991,1.140511
2026-07-29T05:00:00Z,1.140511,1.140641,1.140121,1.140121
2026-07-29T06:00:00Z,1.140251,1.140381,1.139341,1.139471
2026-07-29T07:00:00Z,1.139471,1.140381,1.139471,1.140121
2026-07-29T08:00:00Z,1.140121,1.140381,1.139601,1.139991
2026-07-29T09:00:00Z,1.139861,1.139991,1.139601,1.139601
2026-07-29T10:00:00Z,1.139471,1.139601,1.138693,1.138822
2026-07-29T11:00:00Z,1.138952,1.139212,1.138433,1.138433
2026-07-29T12:00:00Z,1.138563,1.138563,1.137915,1.138045
2026-07-29T13:00:00Z,1.138304,1.139471,1.138045,1.139341
2026-07-29T14:00:00Z,1.139601,1.139991,1.138433,1.138433
2026-07-29T15:00:00Z,1.138433,1.138822,1.138174,1.138563
2026-07-29T16:00:00Z,1.138563,1.138822,1.138045,1.138822
2026-07-29T17:00:00Z,1.138822,1.140251,1.138822,1.139991
2026-07-29T18:00:00Z,1.141813,1.145475,1.141162,1.145344
2026-07-29T19:00:00Z,1.145607,1.146920,1.144689,1.145213
2026-07-29T20:00:00Z,1.145082,1.147315,1.145082,1.147052
2026-07-29T21:00:00Z,1.147579,1.149293,1.145344,1.146526
2026-07-29T22:00:00Z,1.146920,1.147447,1.146920,1.147447
2026-07-29T23:00:00Z,1.147579,1.147842,1.146789,1.147052
2026-07-30T00:00:00Z,1.147052,1.147184,1.146000,1.146132
2026-07-30T01:00:00Z,1.146132,1.146395,1.145607,1.145607
2026-07-30T02:00:00Z,1.145869,1.145869,1.145475,1.145607
2026-07-30T03:00:00Z,1.145607,1.145738,1.145213,1.145344
2026-07-30T04:00:00Z,1.145213,1.145738,1.145213,1.145344
2026-07-30T05:00:00Z,1.145344,1.146000,1.145213,1.145344
2026-07-30T06:00:00Z,1.145475,1.145475,1.144689,1.145082
2026-07-30T07:00:00Z,1.145082,1.145475,1.143903,1.144165
2026-07-30T08:00:00Z,1.144427,1.145738,1.144296,1.145213
2026-07-30T09:00:00Z,1.145344,1.147052,1.145344,1.146789
2026-07-30T10:00:00Z,1.146789,1.148633,1.146526,1.147710
2026-07-30T11:00:00Z,1.147842,1.147974,1.146920,1.147842
2026-07-30T12:00:00Z,1.147974,1.148633,1.147447,1.147710
2026-07-30T13:00:00Z,1.147710,1.152605,1.147315,1.152605
2026-07-30T14:00:00Z,1.152605,1.153802,1.150748,1.150748
2026-07-30T15:00:00Z,1.150483,1.152738,1.150351,1.152472
2026-07-30T16:00:00Z,1.152738,1.153403,1.152738,1.153136
2026-07-30T17:00:00Z,1.153270,1.153270,1.151941,1.153136
2026-07-30T18:00:00Z,1.153536,1.153802,1.153136,1.153802
2026-07-30T19:00:00Z,1.153935,1.153935,1.153136,1.153536
2026-07-30T20:00:00Z,1.153403,1.153536,1.153004,1.153136
2026-07-30T21:00:00Z,1.153136,1.153270,1.152738,1.152871
2026-07-30T22:00:00Z,1.153004,1.153403,1.152871,1.153136
2026-07-30T23:00:00Z,1.153270,1.153403,1.152605,1.152605
2026-07-31T00:00:00Z,1.152738,1.153004,1.151941,1.152206
2026-07-31T01:00:00Z,1.152206,1.152339,1.151410,1.151410
2026-07-31T02:00:00Z,1.151410,1.151941,1.151410,1.151543
2026-07-31T03:00:00Z,1.151543,1.151676,1.151013,1.151676
2026-07-31T04:00:00Z,1.151676,1.151676,1.150880,1.151145
2026-07-31T05:00:00Z,1.151145,1.151278,1.150880,1.151013
2026-07-31T06:00:00Z,1.150880,1.152472,1.150880,1.152074
2026-07-31T07:00:00Z,1.152074,1.152738,1.151543,1.151676
2026-07-31T08:00:00Z,1.151808,1.152871,1.150880,1.152871
2026-07-31T09:00:00Z,1.152738,1.152738,1.150748,1.150880
2026-07-31T10:00:00Z,1.150748,1.151145,1.150483,1.150483
2026-07-31T11:00:00Z,1.150483,1.150483,1.148897,1.148897
2026-07-31T12:00:00Z,1.148765,1.149425,1.148633,1.149293
2026-07-31T13:00:00Z,1.149161,1.150616,1.146132,1.147052
2026-07-31T14:00:00Z,1.147052,1.150880,1.146657,1.150880
2026-07-31T15:00:00Z,1.151013,1.152206,1.150086,1.152206
2026-07-31T16:00:00Z,1.152074,1.152206,1.151676,1.152074
2026-07-31T17:00:00Z,1.152206,1.154068,1.152074,1.153802
2026-07-31T18:00:00Z,1.153669,1.153802,1.152871,1.153403
2026-07-31T19:00:00Z,1.153536,1.153935,1.153004,1.153403
2026-07-31T20:00:00Z,1.153403,1.155001,1.152871,1.153270
2026-07-31T21:00:00Z,1.152738,1.152738,1.152738,1.152738
2026-08-02T23:00:00Z,1.155268,1.155268,1.154601,1.154734
2026-08-03T00:00:00Z,1.154335,1.155802,1.153935,1.154601
2026-08-03T01:00:00Z,1.154335,1.154734,1.153403,1.153536
2026-08-03T02:00:00Z,1.153536,1.153802,1.153270,1.153403
2026-08-03T03:00:00Z,1.153403,1.153403,1.153004,1.153403
2026-08-03T04:00:00Z,1.153403,1.153935,1.153270,1.153802
2026-08-03T05:00:00Z,1.153802,1.154068,1.153536,1.154068
2026-08-03T06:00:00Z,1.154201,1.154201,1.152738,1.153004
2026-08-03T07:00:00Z,1.153136,1.153536,1.152472,1.153004
2026-08-03T08:00:00Z,1.152738,1.153004,1.152472,1.152605
2026-08-03T09:00:00Z,1.152738,1.153270,1.152339,1.152605
2026-08-03T10:00:00Z,1.152472,1.152738,1.152074,1.152605
2026-08-03T11:00:00Z,1.152738,1.153536,1.152472,1.153536
2026-08-03T12:00:00Z,1.153669,1.153802,1.152605,1.153136
2026-08-03T13:00:00Z,1.153270,1.153802,1.152605,1.153004
2026-08-03T14:00:00Z,1.152605,1.153004,1.151410,1.151808
2026-08-03T15:00:00Z,1.151543,1.151543,1.150616,1.151278
2026-08-03T16:00:00Z,1.151278,1.151410,1.150880,1.151013
2026-08-03T17:00:00Z,1.150880,1.150880,1.150483,1.150483
2026-08-03T18:00:00Z,1.150483,1.151808,1.150483,1.151676
2026-08-03T19:00:00Z,1.151676,1.151808,1.151278,1.151410
2026-08-03T20:00:00Z,1.151410,1.151410,1.151013,1.151145
2026-08-03T21:00:00Z,1.151676,1.151808,1.151013,1.151410
2026-08-03T22:00:00Z,1.151543,1.151543,1.151013,1.151145
2026-08-03T23:00:00Z,1.151278,1.151410,1.151013,1.151013
2026-08-04T00:00:00Z,1.151145,1.151808,1.150880,1.150880
2026-08-04T01:00:00Z,1.150748,1.151808,1.150616,1.151543
2026-08-04T02:00:00Z,1.151676,1.151676,1.151145,1.151145
2026-08-04T03:00:00Z,1.151410,1.151543,1.151145,1.151145
2026-08-04T04:00:00Z,1.151278,1.151410,1.151013,1.151278
2026-08-04T05:00:00Z,1.151278,1.151410,1.150748,1.151013
2026-08-04T06:00:00Z,1.151013,1.151278,1.150748,1.151013
2026-08-04T07:00:00Z,1.151145,1.151941,1.151145,1.151410
2026-08-04T08:00:00Z,1.151543,1.151676,1.151013,1.151145
2026-08-04T09:00:00Z,1.151145,1.151410,1.150748,1.151145
2026-08-04T10:00:00Z,1.151145,1.152206,1.151145,1.151676
2026-08-04T11:00:00Z,1.151676,1.152605,1.151543,1.151941
2026-08-04T12:00:00Z,1.152074,1.152605,1.151676,1.151808
2026-08-04T13:00:00Z,1.151808,1.152871,1.151410,1.152738
2026-08-04T14:00:00Z,1.152738,1.153403,1.152339,1.152605
2026-08-04T15:00:00Z,1.152738,1.153004,1.151808,1.152871
2026-08-04T16:00:00Z,1.152871,1.152871,1.152074,1.152206
2026-08-04T17:00:00Z,1.152339,1.152871,1.152339,1.152738
2026-08-04T18:00:00Z,1.152738,1.153669,1.152605,1.153536
2026-08-04T19:00:00Z,1.153536,1.153669,1.153270,1.153403
2026-08-04T20:00:00Z,1.153403,1.153669,1.153403,1.153536
2026-08-04T21:00:00Z,1.153136,1.153403,1.153004,1.153270
2026-08-04T22:00:00Z,1.153403,1.153536,1.153403,1.153536
2026-08-04T23:00:00Z,1.153536,1.153669,1.153270,1.153536
2026-08-05T00:00:00Z,1.153536,1.153802,1.153403,1.153403
2026-08-05T01:00:00Z,1.153270,1.153536,1.153004,1.153004
2026-08-05T02:00:00Z,1.153136,1.154335,1.153136,1.153802
2026-08-05T03:00:00Z,1.153802,1.154468,1.153802,1.154068
2026-08-05T04:00:00Z,1.154068,1.154335,1.153802,1.153935
2026-08-05T05:00:00Z,1.153802,1.154068,1.153536,1.153935
2026-08-05T06:00:00Z,1.153802,1.154868,1.153536,1.154868
2026-08-05T07:00:00Z,1.154868,1.154868,1.153802,1.154201
2026-08-05T08:00:00Z,1.154335,1.154734,1.153536,1.153935
2026-08-05T09:00:00Z,1.154068,1.154601,1.153669,1.154335
2026-08-05T10:00:00Z,1.154335,1.154468,1.153802,1.154335
2026-08-05T11:00:00Z,1.154468,1.155802,1.154468,1.155535
2026-08-05T12:00:00Z,1.155668,1.155936,1.154868,1.154868
2026-08-05T13:00:00Z,1.154734,1.155668,1.154468,1.154734
2026-08-05T14:00:00Z,1.155135,1.155936,1.154868,1.155668
2026-08-05T15:00:00Z,1.155802,1.155936,1.154601,1.155001
2026-08-05T16:00:00Z,1.155135,1.155135,1.154734,1.154868
2026-08-05T17:00:00Z,1.155001,1.156069,1.154734,1.155936
2026-08-05T18:00:00Z,1.155936,1.156203,1.155802,1.155802
2026-08-05T19:00:00Z,1.155802,1.155802,1.155135,1.155402
2026-08-05T20:00:00Z,1.155668,1.155668,1.155268,1.155668
2026-08-05T21:00:00Z,1.156337,1.156337,1.155402,1.155535
2026-08-05T22:00:00Z,1.155668,1.155936,1.155535,1.155802
2026-08-05T23:00:00Z,1.155802,1.156203,1.155802,1.156069
2026-08-06T00:00:00Z,1.155936,1.156203,1.155802,1.155936
2026-08-06T01:00:00Z,1.155936,1.156069,1.155668,1.155802
2026-08-06T02:00:00Z,1.155936,1.156069,1.155668,1.155668
2026-08-06T03:00:00Z,1.155668,1.155668,1.155001,1.155268
2026-08-06T04:00:00Z,1.155135,1.155268,1.155001,1.155268
2026-08-06T05:00:00Z,1.155268,1.155402,1.154868,1.155268
2026-08-06T06:00:00Z,1.155535,1.155535,1.154734,1.154868
2026-08-06T07:00:00Z,1.154868,1.155001,1.154468,1.154734
2026-08-06T08:00:00Z,1.154734,1.154868,1.154335,1.154601
2026-08-06T09:00:00Z,1.154601,1.154734,1.154068,1.154201
2026-08-06T10:00:00Z,1.154201,1.154601,1.153935,1.154468
2026-08-06T11:00:00Z,1.154601,1.155001,1.154201,1.154868
2026-08-06T12:00:00Z,1.154734,1.154868,1.154068,1.154201
2026-08-06T13:00:00Z,1.154335,1.154734,1.153935,1.154734
2026-08-06T14:00:00Z,1.154734,1.154734,1.153403,1.153802
2026-08-06T15:00:00Z,1.153802,1.153802,1.152206,1.152472
2026-08-06T16:00:00Z,1.152339,1.152605,1.151941,1.152339
2026-08-06T17:00:00Z,1.152472,1.152605,1.152074,1.152605
2026-08-06T18:00:00Z,1.152605,1.152738,1.152472,1.152738
2026-08-06T19:00:00Z,1.152738,1.152871,1.152206,1.152605
2026-08-06T20:00:00Z,1.152605,1.152738,1.152206,1.152738
2026-08-06T21:00:00Z,1.153004,1.153004,1.152206,1.152472
2026-08-06T22:00:00Z,1.152605,1.152605,1.152472,1.152472
2026-08-06T23:00:00Z,1.152605,1.152738,1.152605,1.152738
2026-08-07T00:00:00Z,1.152605,1.152738,1.152206,1.152206
2026-08-07T01:00:00Z,1.152339,1.152871,1.152206,1.152472
2026-08-07T02:00:00Z,1.152605,1.152738,1.152472,1.152472
2026-08-07T03:00:00Z,1.152472,1.152605,1.152339,1.152605
2026-08-07T04:00:00Z,1.152605,1.152738,1.152472,1.152738
2026-08-07T05:00:00Z,1.152738,1.152871,1.152472,1.152605
2026-08-07T06:00:00Z,1.152738,1.152871,1.152472,1.152605
2026-08-07T07:00:00Z,1.152472,1.152738,1.152206,1.152605
2026-08-07T08:00:00Z,1.152605,1.152871,1.152206,1.152605
2026-08-07T09:00:00Z,1.152738,1.153403,1.152738,1.153136
2026-08-07T10:00:00Z,1.153270,1.153270,1.152871,1.153004
2026-08-07T11:00:00Z,1.153136,1.153669,1.153004,1.153669
2026-08-07T12:00:00Z,1.153802,1.158212,1.153270,1.157675
2026-08-07T13:00:00Z,1.157675,1.157809,1.156069,1.156069
2026-08-07T14:00:00Z,1.156069,1.156738,1.155402,1.155668
2026-08-07T15:00:00Z,1.155802,1.156738,1.155402,1.156203
2026-08-07T16:00:00Z,1.156203,1.157006,1.156203,1.156203
2026-08-07T17:00:00Z,1.156203,1.156604,1.156203,1.156470
2026-08-07T18:00:00Z,1.156337,1.157006,1.156203,1.156738
2026-08-07T19:00:00Z,1.156872,1.157274,1.156470,1.156470
2026-08-07T20:00:00Z,1.156470,1.156470,1.155936,1.156069
2026-08-07T21:00:00Z,1.156203,1.156203,1.156203,1.156203
2026-08-09T23:00:00Z,1.155936,1.156203,1.155802,1.155936
2026-08-10T00:00:00Z,1.156069,1.156203,1.155802,1.156069
2026-08-10T01:00:00Z,1.156203,1.156203,1.155535,1.155668
2026-08-10T02:00:00Z,1.155802,1.155802,1.155535,1.155535
2026-08-10T03:00:00Z,1.155535,1.155535,1.155268,1.155268
2026-08-10T04:00:00Z,1.155268,1.155535,1.155135,1.155535
2026-08-10T05:00:00Z,1.155535,1.155936,1.155402,1.155802
2026-08-10T06:00:00Z,1.155802,1.155936,1.155668,1.155802
2026-08-10T07:00:00Z,1.155668,1.156872,1.155535,1.156470
2026-08-10T08:00:00Z,1.156337,1.156872,1.156337,1.156470
2026-08-10T09:00:00Z,1.156337,1.156738,1.156069,1.156069
2026-08-10T10:00:00Z,1.155936,1.156069,1.155802,1.155936
2026-08-10T11:00:00Z,1.155802,1.155936,1.155268,1.155535
2026-08-10T12:00:00Z,1.155535,1.155802,1.155001,1.155135
2026-08-10T13:00:00Z,1.155135,1.155668,1.154734,1.154868
2026-08-10T14:00:00Z,1.154868,1.155802,1.154868,1.155402
2026-08-10T15:00:00Z,1.155535,1.155668,1.155001,1.155535
2026-08-10T16:00:00Z,1.155535,1.155802,1.154868,1.155135
2026-08-10T17:00:00Z,1.155001,1.155135,1.154468,1.154601
2026-08-10T18:00:00Z,1.154601,1.154868,1.154335,1.154601
2026-08-10T19:00:00Z,1.154468,1.154601,1.154335,1.154468
2026-08-10T20:00:00Z,1.154468,1.154601,1.154468,1.154601
2026-08-10T21:00:00Z,1.154601,1.154868,1.154335,1.154468
2026-08-10T22:00:00Z,1.154734,1.154734,1.154468,1.154734
2026-08-10T23:00:00Z,1.154734,1.155001,1.154601,1.155001
2026-08-11T00:00:00Z,1.155001,1.155268,1.154868,1.155001
2026-08-11T01:00:00Z,1.154868,1.155268,1.154601,1.155001
2026-08-11T02:00:00Z,1.155001,1.155001,1.154201,1.154335
2026-08-11T03:00:00Z,1.154335,1.154868,1.154335,1.154601
2026-08-11T04:00:00Z,1.154601,1.154868,1.154335,1.154601
2026-08-11T05:00:00Z,1.154468,1.154601,1.154201,1.154468
2026-08-11T06:00:00Z,1.154468,1.154601,1.153669,1.153935
2026-08-11T07:00:00Z,1.154068,1.154335,1.153536,1.153536
2026-08-11T08:00:00Z,1.153536,1.154201,1.153536,1.153935
2026-08-11T09:00:00Z,1.153935,1.154068,1.153669,1.153935
2026-08-11T10:00:00Z,1.153935,1.154201,1.153669,1.153935
2026-08-11T11:00:00Z,1.153935,1.154601,1.153935,1.154068
2026-08-11T12:00:00Z,1.154068,1.154601,1.153802,1.154601
2026-08-11T13:00:00Z,1.154734,1.155135,1.154335,1.154734
2026-08-11T14:00:00Z,1.154601,1.154601,1.154201,1.154601
2026-08-11T15:00:00Z,1.154601,1.154734,1.154068,1.154601
2026-08-11T16:00:00Z,1.154601,1.154601,1.154335,1.154335
2026-08-11T17:00:00Z,1.154201,1.154335,1.153802,1.154068
2026-08-11T18:00:00Z,1.154068,1.154601,1.153935,1.154335
2026-08-11T19:00:00Z,1.154468,1.154734,1.154335,1.154601
2026-08-11T20:00:00Z,1.154601,1.154734,1.154201,1.154601
2026-08-11T21:00:00Z,1.154468,1.154601,1.154201,1.154468
2026-08-11T22:00:00Z,1.154601,1.154734,1.154468,1.154734
2026-08-11T23:00:00Z,1.154734,1.154734,1.154468,1.154601
2026-08-12T00:00:00Z,1.154601,1.154868,1.154335,1.154335
2026-08-12T01:00:00Z,1.154335,1.154335,1.154068,1.154201
2026-08-12T02:00:00Z,1.154201,1.154335,1.153935,1.154068
2026-08-12T03:00:00Z,1.154201,1.154201,1.153802,1.153802
2026-08-12T04:00:00Z,1.153935,1.153935,1.153669,1.153935
2026-08-12T05:00:00Z,1.153935,1.153935,1.153536,1.153669
2026-08-12T06:00:00Z,1.153802,1.154068,1.153669,1.154068
2026-08-12T07:00:00Z,1.154068,1.154201,1.153935,1.154068
2026-08-12T08:00:00Z,1.154068,1.154335,1.153802,1.154068
2026-08-12T09:00:00Z,1.154068,1.155268,1.153935,1.153935
2026-08-12T10:00:00Z,1.153935,1.154201,1.153536,1.153802
2026-08-12T11:00:00Z,1.153802,1.154868,1.153802,1.154734
2026-08-12T12:00:00Z,1.154734,1.156337,1.153669,1.156069
2026-08-12T13:00:00Z,1.156337,1.156470,1.155001,1.155535
2026-08-12T14:00:00Z,1.155535,1.155668,1.154201,1.154468
2026-08-12T15:00:00Z,1.154468,1.154734,1.153802,1.154335
2026-08-12T16:00:00Z,1.154201,1.154335,1.152871,1.153136
2026-08-12T17:00:00Z,1.153270,1.153403,1.152472,1.152472
2026-08-12T18:00:00Z,1.152472,1.153004,1.152339,1.152339
2026-08-12T19:00:00Z,1.152472,1.152871,1.152339,1.152605
2026-08-12T20:00:00Z,1.152605,1.152871,1.152472,1.152871
2026-08-12T21:00:00Z,1.153270,1.153270,1.152472,1.152605
2026-08-12T22:00:00Z,1.152871,1.153004,1.152605,1.153004
2026-08-12T23:00:00Z,1.153004,1.153136,1.153004,1.153136
2026-08-13T00:00:00Z,1.153136,1.153403,1.153004,1.153136
2026-08-13T01:00:00Z,1.153270,1.153403,1.152738,1.152738
2026-08-13T02:00:00Z,1.152871,1.152871,1.152339,1.152605
2026-08-13T03:00:00Z,1.152472,1.152738,1.152339,1.152605
2026-08-13T04:00:00Z,1.152605,1.153004,1.152339,1.153004
2026-08-13T05:00:00Z,1.152871,1.153136,1.152738,1.152871
2026-08-13T06:00:00Z,1.152871,1.152871,1.151543,1.152074
2026-08-13T07:00:00Z,1.152074,1.153136,1.152074,1.152871
2026-08-13T08:00:00Z,1.152871,1.153136,1.152605,1.152738
2026-08-13T09:00:00Z,1.152738,1.153802,1.152738,1.153802
2026-08-13T10:00:00Z,1.153802,1.154201,1.153802,1.153935
2026-08-13T11:00:00Z,1.153935,1.154201,1.153669,1.153669
2026-08-13T12:00:00Z,1.153802,1.154734,1.152871,1.154734
2026-08-13T13:00:00Z,1.154601,1.154868,1.153403,1.153802
2026-08-13T14:00:00Z,1.153935,1.154868,1.153536,1.154734
2026-08-13T15:00:00Z,1.154734,1.154868,1.153403,1.153403
2026-08-13T16:00:00Z,1.153403,1.153536,1.152871,1.153270
2026-08-13T17:00:00Z,1.153403,1.153536,1.153004,1.153136
2026-08-13T18:00:00Z,1.153136,1.153536,1.153004,1.153270
2026-08-13T19:00:00Z,1.153270,1.153536,1.153136,1.153136
2026-08-13T20:00:00Z,1.153403,1.153536,1.153004,1.153270
2026-08-13T21:00:00Z,1.153004,1.153536,1.152871,1.153136
2026-08-13T22:00:00Z,1.153270,1.153536,1.153270,1.153536
2026-08-13T23:00:00Z,1.153536,1.153802,1.153536,1.153669
2026-08-14T00:00:00Z,1.153669,1.154201,1.153669,1.154201
2026-08-14T01:00:00Z,1.154201,1.154201,1.153536,1.153802
2026-08-14T02:00:00Z,1.153802,1.154068,1.153669,1.153669
2026-08-14T03:00:00Z,1.153802,1.154201,1.153669,1.154068
2026-08-14T04:00:00Z,1.154068,1.154335,1.154068,1.154201
2026-08-14T05:00:00Z,1.154201,1.154601,1.154201,1.154468
2026-08-14T06:00:00Z,1.154601,1.154734,1.154201,1.154734
2026-08-14T07:00:00Z,1.154734,1.155402,1.154601,1.155402
2026-08-14T08:00:00Z,1.155535,1.156069,1.155402,1.155936
2026-08-14T09:00:00Z,1.155936,1.156069,1.155402,1.155668
2026-08-14T10:00:00Z,1.155668,1.155936,1.155535,1.155802
2026-08-14T11:00:00Z,1.155936,1.157407,1.155936,1.156872
2026-08-14T12:00:00Z,1.157006,1.158078,1.156738,1.157006
2026-08-14T13:00:00Z,1.157006,1.158749,1.156604,1.158212
2026-08-14T14:00:00Z,1.158749,1.158883,1.158212,1.158346
2026-08-14T15:00:00Z,1.158480,1.158883,1.158078,1.158346
2026-08-14T16:00:00Z,1.158480,1.158480,1.157407,1.157407
2026-08-14T17:00:00Z,1.157407,1.157407,1.156604,1.156738
2026-08-14T18:00:00Z,1.156738,1.157006,1.156604,1.156872
2026-08-14T19:00:00Z,1.157006,1.157274,1.156872,1.157006
2026-08-14T20:00:00Z,1.157140,1.157407,1.157140,1.157274
2026-08-14T21:00:00Z,1.157274,1.157274,1.157274,1.157274
2026-08-16T23:00:00Z,1.157809,1.157943,1.157675,1.157675
2026-08-17T00:00:00Z,1.157943,1.158480,1.157943,1.158346
2026-08-17T01:00:00Z,1.158346,1.158749,1.158212,1.158614
2026-08-17T02:00:00Z,1.158749,1.158749,1.158212,1.158346
2026-08-17T03:00:00Z,1.158346,1.158749,1.158212,1.158749
2026-08-17T04:00:00Z,1.158614,1.159152,1.158614,1.158883
2026-08-17T05:00:00Z,1.158883,1.159286,1.158614,1.159017
2026-08-17T06:00:00Z,1.159152,1.159958,1.158749,1.159958
2026-08-17T07:00:00Z,1.159958,1.161575,1.159824,1.160901
2026-08-17T08:00:00Z,1.161036,1.161710,1.159958,1.160227
2026-08-17T09:00:00Z,1.160362,1.160497,1.159958,1.159958
2026-08-17T10:00:00Z,1.159824,1.160093,1.159286,1.159420
2026-08-17T11:00:00Z,1.159420,1.159824,1.159152,1.159555
2026-08-17T12:00:00Z,1.159555,1.160093,1.159286,1.160093
2026-08-17T13:00:00Z,1.160093,1.160227,1.159152,1.159824
2026-08-17T14:00:00Z,1.159689,1.160227,1.159017,1.159017
2026-08-17T15:00:00Z,1.159017,1.159286,1.158480,1.159286
2026-08-17T16:00:00Z,1.159286,1.159555,1.158883,1.159152
2026-08-17T17:00:00Z,1.159152,1.159286,1.158078,1.158078
2026-08-17T18:00:00Z,1.157943,1.158078,1.157407,1.157541
2026-08-17T19:00:00Z,1.157675,1.158346,1.157541,1.158212
2026-08-17T20:00:00Z,1.158346,1.158346,1.158078,1.158346
2026-08-17T21:00:00Z,1.158614,1.159017,1.157809,1.158078
2026-08-17T22:00:00Z,1.158212,1.158346,1.158078,1.158212
2026-08-17T23:00:00Z,1.158212,1.158749,1.158212,1.158614
2026-08-18T00:00:00Z,1.158614,1.158749,1.158078,1.158614
2026-08-18T01:00:00Z,1.158614,1.158883,1.158212,1.158212
2026-08-18T02:00:00Z,1.158212,1.158346,1.157943,1.158346
2026-08-18T03:00:00Z,1.158212,1.158212,1.157541,1.157675
2026-08-18T04:00:00Z,1.157675,1.157809,1.157407,1.157541
2026-08-18T05:00:00Z,1.157407,1.157809,1.157274,1.157675
2026-08-18T06:00:00Z,1.157541,1.157541,1.157140,1.157541
2026-08-18T07:00:00Z,1.157675,1.158078,1.157274,1.157675
2026-08-18T08:00:00Z,1.157541,1.158078,1.157274,1.157943
2026-08-18T09:00:00Z,1.157809,1.158212,1.157675,1.158212
2026-08-18T10:00:00Z,1.158212,1.158212,1.157809,1.157943
2026-08-18T11:00:00Z,1.157943,1.158078,1.157541,1.158078
2026-08-18T12:00:00Z,1.157943,1.158212,1.157541,1.157809
2026-08-18T13:00:00Z,1.157943,1.158749,1.157675,1.158346
2026-08-18T14:00:00Z,1.158749,1.159152,1.158480,1.158480
2026-08-18T15:00:00Z,1.158480,1.158883,1.158078,1.158212
2026-08-18T16:00:00Z,1.158480,1.158883,1.158212,1.158346
2026-08-18T17:00:00Z,1.158346,1.158346,1.157809,1.158078
2026-08-18T18:00:00Z,1.157943,1.158212,1.157809,1.157943
2026-08-18T19:00:00Z,1.157943,1.158346,1.157809,1.157809
2026-08-18T20:00:00Z,1.157675,1.157943,1.157541,1.157943
2026-08-18T21:00:00Z,1.157675,1.158346,1.157675,1.157943
2026-08-18T22:00:00Z,1.157943,1.158078,1.157809,1.157943
2026-08-18T23:00:00Z,1.158078,1.158212,1.157675,1.157943
2026-08-19T00:00:00Z,1.157943,1.158480,1.157675,1.157809
2026-08-19T01:00:00Z,1.157809,1.158078,1.157407,1.158078
2026-08-19T02:00:00Z,1.158078,1.159017,1.157943,1.158614
2026-08-19T03:00:00Z,1.158614,1.158883,1.158480,1.158480
2026-08-19T04:00:00Z,1.158480,1.158883,1.158480,1.158883
2026-08-19T05:00:00Z,1.159017,1.159286,1.158749,1.159152
2026-08-19T06:00:00Z,1.159286,1.160093,1.159286,1.159824
2026-08-19T07:00:00Z,1.159958,1.160093,1.159555,1.159958
2026-08-19T08:00:00Z,1.159958,1.160766,1.159958,1.160093
2026-08-19T09:00:00Z,1.160093,1.161036,1.159958,1.161036
2026-08-19T10:00:00Z,1.160901,1.161575,1.160901,1.161036
2026-08-19T11:00:00Z,1.161036,1.161170,1.160362,1.160631
2026-08-19T12:00:00Z,1.160766,1.164551,1.160631,1.164009
2026-08-19T13:00:00Z,1.164280,1.166045,1.164280,1.166045
2026-08-19T14:00:00Z,1.166045,1.168088,1.165773,1.166589
2026-08-19T15:00:00Z,1.166725,1.167133,1.166045,1.166725
2026-08-19T16:00:00Z,1.166861,1.167542,1.166861,1.167270
2026-08-19T17:00:00Z,1.167542,1.167542,1.166181,1.166181
2026-08-19T18:00:00Z,1.166453,1.167815,1.166317,1.167679
2026-08-19T19:00:00Z,1.167815,1.168224,1.167406,1.168088
2026-08-19T20:00:00Z,1.168088,1.168224,1.167815,1.168088
2026-08-19T21:00:00Z,1.168088,1.168361,1.167815,1.167951
2026-08-19T22:00:00Z,1.168361,1.168634,1.167951,1.168088
2026-08-19T23:00:00Z,1.167951,1.168088,1.167679,1.167815
2026-08-20T00:00:00Z,1.167951,1.168361,1.167542,1.167815
2026-08-20T01:00:00Z,1.167815,1.168497,1.167406,1.167951
2026-08-20T02:00:00Z,1.167951,1.168634,1.167679,1.167815
2026-08-20T03:00:00Z,1.167815,1.168361,1.167815,1.168224
2026-08-20T04:00:00Z,1.168361,1.168361,1.167679,1.167679
2026-08-20T05:00:00Z,1.167679,1.168088,1.167406,1.167951
2026-08-20T06:00:00Z,1.168088,1.169180,1.167679,1.169180
2026-08-20T07:00:00Z,1.169044,1.169591,1.168224,1.169591
2026-08-20T08:00:00Z,1.169591,1.170275,1.169317,1.170138
2026-08-20T09:00:00Z,1.170275,1.171234,1.169864,1.171097
2026-08-20T10:00:00Z,1.170823,1.171372,1.169864,1.170001
2026-08-20T11:00:00Z,1.170001,1.170001,1.168634,1.168770
2026-08-20T12:00:00Z,1.168907,1.169317,1.168224,1.169180
2026-08-20T13:00:00Z,1.169454,1.169727,1.167951,1.167951
2026-08-20T14:00:00Z,1.168088,1.168770,1.167542,1.168634
2026-08-20T15:00:00Z,1.168497,1.169591,1.167679,1.168224
2026-08-20T16:00:00Z,1.168224,1.168224,1.167270,1.167679
2026-08-20T17:00:00Z,1.167679,1.167815,1.167406,1.167815
2026-08-20T18:00:00Z,1.167815,1.167951,1.167406,1.167951
2026-08-20T19:00:00Z,1.167815,1.168224,1.167679,1.168088
2026-08-20T20:00:00Z,1.168224,1.168361,1.167951,1.168224
2026-08-20T21:00:00Z,1.168088,1.168361,1.167951,1.168088
2026-08-20T22:00:00Z,1.168224,1.168770,1.168224,1.168634
2026-08-20T23:00:00Z,1.168770,1.169180,1.168770,1.169044
2026-08-21T00:00:00Z,1.169044,1.169317,1.168634,1.168634
2026-08-21T01:00:00Z,1.168770,1.169591,1.168634,1.169454
2026-08-21T02:00:00Z,1.169454,1.170412,1.169180,1.170001
2026-08-21T03:00:00Z,1.170001,1.170138,1.169591,1.169727
2026-08-21T04:00:00Z,1.169591,1.169864,1.169454,1.169591
2026-08-21T05:00:00Z,1.169591,1.170275,1.169317,1.170138
2026-08-21T06:00:00Z,1.170001,1.170138,1.169317,1.170138
2026-08-21T07:00:00Z,1.170138,1.170275,1.169044,1.169454
2026-08-21T08:00:00Z,1.169591,1.170960,1.169317,1.170960
2026-08-21T09:00:00Z,1.170823,1.171509,1.170412,1.170412
2026-08-21T10:00:00Z,1.170275,1.171372,1.170275,1.170549
2026-08-21T11:00:00Z,1.170549,1.171234,1.170001,1.170412
2026-08-21T12:00:00Z,1.170549,1.170686,1.168907,1.169454
2026-08-21T13:00:00Z,1.169454,1.169454,1.168224,1.168634
2026-08-21T14:00:00Z,1.168361,1.168497,1.167270,1.167542
2026-08-21T15:00:00Z,1.167679,1.168770,1.167542,1.168634
2026-08-21T16:00:00Z,1.168634,1.168770,1.168361,1.168497
2026-08-21T17:00:00Z,1.168497,1.168634,1.168088,1.168361
2026-08-21T18:00:00Z,1.168497,1.168634,1.168361,1.168634
2026-08-21T19:00:00Z,1.168497,1.168634,1.168088,1.168224
2026-08-21T20:00:00Z,1.168224,1.168224,1.167815,1.167815
2026-08-21T21:00:00Z,1.167815,1.167815,1.167815,1.167815
2026-08-23T23:00:00Z,1.167951,1.168497,1.167815,1.168497
2026-08-24T00:00:00Z,1.168634,1.169044,1.168634,1.168907
2026-08-24T01:00:00Z,1.168907,1.168907,1.168088,1.168497
2026-08-24T02:00:00Z,1.168497,1.168770,1.168361,1.168497
2026-08-24T03:00:00Z,1.168497,1.168497,1.168224,1.168361
2026-08-24T04:00:00Z,1.168361,1.168497,1.167951,1.168497
2026-08-24T05:00:00Z,1.168634,1.168634,1.167951,1.168361
2026-08-24T06:00:00Z,1.168361,1.168361,1.167815,1.168088
2026-08-24T07:00:00Z,1.168361,1.168361,1.166861,1.167133
2026-08-24T08:00:00Z,1.167133,1.167133,1.166453,1.166725
2026-08-24T09:00:00Z,1.166725,1.166997,1.166453,1.166725
2026-08-24T10:00:00Z,1.166861,1.166997,1.166589,1.166725
2026-08-24T11:00:00Z,1.166725,1.167406,1.166725,1.166997
2026-08-24T12:00:00Z,1.166997,1.167542,1.166589,1.167270
2026-08-24T13:00:00Z,1.167406,1.167815,1.166725,1.166861
2026-08-24T14:00:00Z,1.166725,1.167542,1.166725,1.166861
2026-08-24T15:00:00Z,1.166861,1.167542,1.166861,1.166861
2026-08-24T16:00:00Z,1.166725,1.167270,1.166725,1.166861
2026-08-24T17:00:00Z,1.166861,1.166997,1.165909,1.166317
2026-08-24T18:00:00Z,1.166317,1.166861,1.166045,1.166861
2026-08-24T19:00:00Z,1.166589,1.166725,1.166317,1.166453
2026-08-24T20:00:00Z,1.166453,1.166725,1.166453,1.166725
2026-08-24T21:00:00Z,1.166453,1.166997,1.166317,1.166725
2026-08-24T22:00:00Z,1.166725,1.166861,1.166725,1.166861
2026-08-24T23:00:00Z,1.166861,1.167133,1.166725,1.167133
2026-08-25T00:00:00Z,1.167270,1.167406,1.167133,1.167270
2026-08-25T01:00:00Z,1.166997,1.167133,1.166589,1.166589
2026-08-25T02:00:00Z,1.166589,1.166725,1.166317,1.166317
2026-08-25T03:00:00Z,1.166453,1.166589,1.166181,1.166453
2026-08-25T04:00:00Z,1.166453,1.166453,1.165909,1.165909
2026-08-25T05:00:00Z,1.165909,1.166045,1.165637,1.165637
2026-08-25T06:00:00Z,1.165637,1.166181,1.165501,1.165637
2026-08-25T07:00:00Z,1.165637,1.166589,1.165637,1.166181
2026-08-25T08:00:00Z,1.166317,1.167133,1.166181,1.167133
2026-08-25T09:00:00Z,1.167133,1.167679,1.166997,1.167270
2026-08-25T10:00:00Z,1.167133,1.167133,1.166317,1.166589
2026-08-25T11:00:00Z,1.166589,1.166725,1.166181,1.166317
2026-08-25T12:00:00Z,1.166453,1.166997,1.166453,1.166997
2026-08-25T13:00:00Z,1.166997,1.167815,1.166725,1.167679
2026-08-25T14:00:00Z,1.167542,1.167815,1.166997,1.167270
2026-08-25T15:00:00Z,1.167270,1.167815,1.167133,1.167679
2026-08-25T16:00:00Z,1.167679,1.167679,1.167133,1.167406
2026-08-25T17:00:00Z,1.167406,1.167815,1.167270,1.167815
2026-08-25T18:00:00Z,1.167679,1.167815,1.167542,1.167679
2026-08-25T19:00:00Z,1.167815,1.168224,1.167270,1.167951
2026-08-25T20:00:00Z,1.167951,1.168224,1.167679,1.167679
2026-08-25T21:00:00Z,1.168907,1.169044,1.167406,1.167679
2026-08-25T22:00:00Z,1.167679,1.168088,1.167679,1.168088
2026-08-25T23:00:00Z,1.168088,1.168088,1.167679,1.167815
2026-08-26T00:00:00Z,1.167815,1.167951,1.167542,1.167679
2026-08-26T01:00:00Z,1.167679,1.167679,1.167270,1.167406
2026-08-26T02:00:00Z,1.167406,1.167542,1.166997,1.167133
2026-08-26T03:00:00Z,1.167133,1.167133,1.166725,1.166725
2026-08-26T04:00:00Z,1.166861,1.166861,1.166453,1.166589
2026-08-26T05:00:00Z,1.166589,1.166997,1.166453,1.166861
2026-08-26T06:00:00Z,1.166861,1.166997,1.166453,1.166997
2026-08-26T07:00:00Z,1.167133,1.167542,1.167133,1.167406
2026-08-26T08:00:00Z,1.167406,1.168088,1.167406,1.167406
2026-08-26T09:00:00Z,1.167406,1.167406,1.166725,1.166997
2026-08-26T10:00:00Z,1.166997,1.166997,1.166453,1.166589
2026-08-26T11:00:00Z,1.166589,1.167270,1.166453,1.167270
2026-08-26T12:00:00Z,1.167270,1.167815,1.166181,1.166181
2026-08-26T13:00:00Z,1.165909,1.166181,1.165637,1.165637
2026-08-26T14:00:00Z,1.165637,1.165637,1.164551,1.164958
2026-08-26T15:00:00Z,1.164822,1.165773,1.164822,1.165365
2026-08-26T16:00:00Z,1.165501,1.165773,1.165230,1.165365
2026-08-26T17:00:00Z,1.165365,1.165773,1.165230,1.165637
2026-08-26T18:00:00Z,1.165501,1.165773,1.165365,1.165501
2026-08-26T19:00:00Z,1.165501,1.165637,1.165365,1.165637
2026-08-26T20:00:00Z,1.165637,1.165773,1.165501,1.165637
2026-08-26T21:00:00Z,1.165365,1.165909,1.165230,1.165773
2026-08-26T22:00:00Z,1.166045,1.166045,1.165773,1.165773
2026-08-26T23:00:00Z,1.165909,1.166045,1.165773,1.165909
2026-08-27T00:00:00Z,1.165909,1.166181,1.165773,1.166045
2026-08-27T01:00:00Z,1.166045,1.166317,1.166045,1.166181
2026-08-27T02:00:00Z,1.166181,1.166317,1.165909,1.165909
2026-08-27T03:00:00Z,1.165909,1.166045,1.165773,1.165773
2026-08-27T04:00:00Z,1.165773,1.166045,1.165773,1.165909
2026-08-27T05:00:00Z,1.165909,1.166181,1.165637,1.165773
2026-08-27T06:00:00Z,1.165773,1.166045,1.165637,1.165773
2026-08-27T07:00:00Z,1.165773,1.166045,1.165637,1.165909
2026-08-27T08:00:00Z,1.165909,1.166181,1.165230,1.165230
2026-08-27T09:00:00Z,1.165230,1.165230,1.164551,1.164551
2026-08-27T10:00:00Z,1.164415,1.165094,1.164280,1.164415
2026-08-27T11:00:00Z,1.164415,1.164687,1.164144,1.164551
2026-08-27T12:00:00Z,1.164551,1.164958,1.164415,1.164415
2026-08-27T13:00:00Z,1.164415,1.166317,1.164415,1.165773
2026-08-27T14:00:00Z,1.165773,1.166045,1.164958,1.164958
2026-08-27T15:00:00Z,1.164958,1.165773,1.164958,1.165637
2026-08-27T16:00:00Z,1.165773,1.165909,1.165365,1.165637
2026-08-27T17:00:00Z,1.165637,1.165773,1.165094,1.165230
2026-08-27T18:00:00Z,1.165230,1.165365,1.165094,1.165230
2026-08-27T19:00:00Z,1.165365,1.165501,1.165230,1.165365
2026-08-27T20:00:00Z,1.165365,1.165637,1.165365,1.165637
2026-08-27T21:00:00Z,1.165637,1.166045,1.164958,1.165773
2026-08-27T22:00:00Z,1.165773,1.165909,1.165637,1.165773
2026-08-27T23:00:00Z,1.165773,1.165773,1.165637,1.165773
2026-08-28T00:00:00Z,1.165773,1.165773,1.165501,1.165773
2026-08-28T01:00:00Z,1.165637,1.165909,1.165365,1.165365
2026-08-28T02:00:00Z,1.165365,1.165501,1.165094,1.165501
2026-08-28T03:00:00Z,1.165501,1.165501,1.164958,1.164958
2026-08-28T04:00:00Z,1.165094,1.165094,1.164958,1.164958
2026-08-28T05:00:00Z,1.164958,1.164958,1.164687,1.164958
2026-08-28T06:00:00Z,1.164822,1.165230,1.164687,1.165230
2026-08-28T07:00:00Z,1.165230,1.165230,1.164551,1.165094
2026-08-28T08:00:00Z,1.164958,1.165230,1.164687,1.164822
2026-08-28T09:00:00Z,1.164822,1.164822,1.164415,1.164415
2026-08-28T10:00:00Z,1.164415,1.165365,1.164280,1.165365
2026-08-28T11:00:00Z,1.165365,1.165365,1.164822,1.164822
2026-08-28T12:00:00Z,1.164958,1.165365,1.164415,1.165365
2026-08-28T13:00:00Z,1.165230,1.165365,1.164551,1.164958
2026-08-28T14:00:00Z,1.164280,1.165094,1.159958,1.162520
2026-08-28T15:00:00Z,1.162250,1.162250,1.160093,1.160227
2026-08-28T16:00:00Z,1.160093,1.160093,1.158883,1.159017
2026-08-28T17:00:00Z,1.159017,1.159286,1.158212,1.158480
2026-08-28T18:00:00Z,1.158480,1.158749,1.158212,1.158346
2026-08-28T19:00:00Z,1.158480,1.159152,1.158480,1.159017
2026-08-28T20:00:00Z,1.159017,1.159017,1.158346,1.158614
2026-08-28T21:00:00Z,1.158614,1.158749,1.158614,1.158749
2026-08-30T23:00:00Z,1.158883,1.159286,1.158749,1.159286
2026-08-31T00:00:00Z,1.159286,1.159689,1.159017,1.159555
2026-08-31T01:00:00Z,1.159420,1.159824,1.159017,1.159420
2026-08-31T02:00:00Z,1.159420,1.159689,1.159152,1.159555
2026-08-31T03:00:00Z,1.159555,1.159689,1.159286,1.159555
2026-08-31T04:00:00Z,1.159555,1.159555,1.159286,1.159420
2026-08-31T05:00:00Z,1.159286,1.159420,1.159152,1.159420
2026-08-31T06:00:00Z,1.159286,1.159420,1.158749,1.159286
2026-08-31T07:00:00Z,1.159286,1.160631,1.158883,1.160631
2026-08-31T08:00:00Z,1.160766,1.160901,1.159689,1.159689
2026-08-31T09:00:00Z,1.159958,1.160362,1.159958,1.160227
2026-08-31T10:00:00Z,1.160227,1.160497,1.159958,1.160093
2026-08-31T11:00:00Z,1.160093,1.160631,1.159958,1.159958
2026-08-31T12:00:00Z,1.160093,1.160227,1.159555,1.159824
2026-08-31T13:00:00Z,1.159824,1.160497,1.159689,1.160362
2026-08-31T14:00:00Z,1.159824,1.162115,1.159824,1.161710
2026-08-31T15:00:00Z,1.161845,1.162385,1.161575,1.161980
2026-08-31T16:00:00Z,1.161980,1.162115,1.161710,1.161980
2026-08-31T17:00:00Z,1.161980,1.162115,1.161845,1.161845
2026-08-31T18:00:00Z,1.161845,1.162115,1.161845,1.161845
2026-08-31T19:00:00Z,1.161980,1.162115,1.161845,1.161845
2026-08-31T20:00:00Z,1.162115,1.162115,1.161710,1.162115
2026-08-31T21:00:00Z,1.162115,1.162250,1.161710,1.162250
2026-08-31T22:00:00Z,1.162115,1.162115,1.161845,1.161845
2026-08-31T23:00:00Z,1.161845,1.162115,1.161575,1.162115
2026-09-01T00:00:00Z,1.161980,1.162791,1.161980,1.162115
2026-09-01T01:00:00Z,1.162250,1.162250,1.161170,1.161305
2026-09-01T02:00:00Z,1.161305,1.161305,1.161036,1.161305
2026-09-01T03:00:00Z,1.161170,1.161305,1.160901,1.160901
2026-09-01T04:00:00Z,1.160901,1.161036,1.160631,1.160901
2026-09-01T05:00:00Z,1.160901,1.161305,1.160901,1.161170
2026-09-01T06:00:00Z,1.161036,1.161170,1.160362,1.160766
2026-09-01T07:00:00Z,1.160901,1.160901,1.159555,1.159824
2026-09-01T08:00:00Z,1.159824,1.159824,1.159152,1.159689
2026-09-01T09:00:00Z,1.159689,1.160362,1.159689,1.159689
2026-09-01T10:00:00Z,1.159689,1.159824,1.159420,1.159555
2026-09-01T11:00:00Z,1.159420,1.159958,1.159420,1.159555
2026-09-01T12:00:00Z,1.159555,1.159689,1.159152,1.159689
2026-09-01T13:00:00Z,1.159420,1.160631,1.159286,1.160631
2026-09-01T14:00:00Z,1.160362,1.161036,1.159958,1.159958
2026-09-01T15:00:00Z,1.160227,1.160227,1.159286,1.159555
2026-09-01T16:00:00Z,1.159689,1.159689,1.158883,1.158883
2026-09-01T17:00:00Z,1.158883,1.159824,1.158883,1.159152
2026-09-01T18:00:00Z,1.159152,1.159420,1.158883,1.159420
2026-09-01T19:00:00Z,1.159286,1.159555,1.159152,1.159286
2026-09-01T20:00:00Z,1.159152,1.159689,1.159152,1.159555
2026-09-01T21:00:00Z,1.159420,1.159824,1.159017,1.159555
2026-09-01T22:00:00Z,1.159555,1.159958,1.159555,1.159689
2026-09-01T23:00:00Z,1.159555,1.159689,1.159420,1.159420
2026-09-02T00:00:00Z,1.159420,1.159555,1.158749,1.158749
2026-09-02T01:00:00Z,1.158749,1.158749,1.158078,1.158212
2026-09-02T02:00:00Z,1.158078,1.158614,1.157943,1.158480
2026-09-02T03:00:00Z,1.158480,1.158614,1.158212,1.158346
2026-09-02T04:00:00Z,1.158346,1.158346,1.157809,1.157943
2026-09-02T05:00:00Z,1.157943,1.158480,1.157675,1.158346
2026-09-02T06:00:00Z,1.158346,1.158614,1.157140,1.157140
2026-09-02T07:00:00Z,1.157274,1.158212,1.157140,1.158212
2026-09-02T08:00:00Z,1.158212,1.158480,1.157675,1.157675
2026-09-02T09:00:00Z,1.157541,1.158078,1.157407,1.157541
2026-09-02T10:00:00Z,1.157541,1.157541,1.157140,1.157541
2026-09-02T11:00:00Z,1.157541,1.158212,1.157407,1.158078
2026-09-02T12:00:00Z,1.158078,1.158749,1.158078,1.158212
2026-09-02T13:00:00Z,1.158346,1.160766,1.158212,1.160766
2026-09-02T14:00:00Z,1.160497,1.160497,1.159286,1.159555
2026-09-02T15:00:00Z,1.159555,1.159958,1.159286,1.159420
2026-09-02T16:00:00Z,1.159689,1.159689,1.159152,1.159152
2026-09-02T17:00:00Z,1.159152,1.159286,1.158749,1.159017
2026-09-02T18:00:00Z,1.159017,1.159152,1.158749,1.158883
2026-09-02T19:00:00Z,1.158883,1.159017,1.158614,1.159017
2026-09-02T20:00:00Z,1.159152,1.159286,1.159152,1.159152
2026-09-02T21:00:00Z,1.158883,1.159286,1.158883,1.159286
2026-09-02T22:00:00Z,1.159286,1.159286,1.158883,1.159017
2026-09-02T23:00:00Z,1.159017,1.159017,1.158749,1.158883
2026-09-03T00:00:00Z,1.158749,1.159420,1.158749,1.159286
2026-09-03T01:00:00Z,1.159286,1.159689,1.158883,1.158883
2026-09-03T02:00:00Z,1.159017,1.159824,1.158883,1.159420
2026-09-03T03:00:00Z,1.159555,1.160093,1.159420,1.159958
2026-09-03T04:00:00Z,1.160093,1.160362,1.159824,1.159824
2026-09-03T05:00:00Z,1.159958,1.160362,1.159689,1.160362
2026-09-03T06:00:00Z,1.160362,1.161170,1.159958,1.160766
2026-09-03T07:00:00Z,1.160901,1.161710,1.160497,1.160766
2026-09-03T08:00:00Z,1.160631,1.161440,1.160362,1.161305
2026-09-03T09:00:00Z,1.161440,1.161440,1.160497,1.160901
2026-09-03T10:00:00Z,1.160901,1.160901,1.160093,1.160766
2026-09-03T11:00:00Z,1.160631,1.161710,1.160497,1.161575
2026-09-03T12:00:00Z,1.161440,1.163332,1.161170,1.162926
2026-09-03T13:00:00Z,1.162926,1.163196,1.162115,1.163061
2026-09-03T14:00:00Z,1.162656,1.162926,1.161710,1.162115
2026-09-03T15:00:00Z,1.162250,1.163061,1.162115,1.162656
2026-09-03T16:00:00Z,1.162656,1.164415,1.162656,1.164144
2026-09-03T17:00:00Z,1.164144,1.164144,1.163603,1.163603
2026-09-03T18:00:00Z,1.163738,1.164009,1.163603,1.163738
2026-09-03T19:00:00Z,1.163738,1.163738,1.162926,1.163332
2026-09-03T20:00:00Z,1.163196,1.163332,1.162926,1.162926
2026-09-03T21:00:00Z,1.162520,1.163332,1.162520,1.163061
2026-09-03T22:00:00Z,1.163061,1.163061,1.162656,1.162656
2026-09-03T23:00:00Z,1.162791,1.163196,1.162656,1.163196
2026-09-04T00:00:00Z,1.163196,1.163467,1.162926,1.163196
2026-09-04T01:00:00Z,1.163196,1.163467,1.163061,1.163332
2026-09-04T02:00:00Z,1.163332,1.163603,1.162926,1.163061
2026-09-04T03:00:00Z,1.163061,1.163196,1.162656,1.162656
2026-09-04T04:00:00Z,1.162656,1.163061,1.162656,1.163061
2026-09-04T05:00:00Z,1.162926,1.163196,1.162791,1.163196
2026-09-04T06:00:00Z,1.163061,1.163332,1.163061,1.163061
2026-09-04T07:00:00Z,1.163196,1.163332,1.162520,1.162656
2026-09-04T08:00:00Z,1.162656,1.162926,1.162250,1.162791
2026-09-04T09:00:00Z,1.162656,1.162791,1.161980,1.162115
2026-09-04T10:00:00Z,1.162115,1.162656,1.162115,1.162385
2026-09-04T11:00:00Z,1.162520,1.162656,1.162385,1.162385
2026-09-04T12:00:00Z,1.162520,1.163061,1.159152,1.160497
2026-09-04T13:00:00Z,1.160227,1.162520,1.160093,1.161440
2026-09-04T14:00:00Z,1.161305,1.162385,1.161305,1.161980
2026-09-04T15:00:00Z,1.161845,1.162656,1.161710,1.162115
2026-09-04T16:00:00Z,1.162250,1.162791,1.162250,1.162250
2026-09-04T17:00:00Z,1.162250,1.162250,1.161575,1.161575
2026-09-04T18:00:00Z,1.161710,1.161710,1.161305,1.161440
2026-09-04T19:00:00Z,1.161440,1.161845,1.161440,1.161710
2026-09-04T20:00:00Z,1.161710,1.161845,1.161575,1.161710
2026-09-04T21:00:00Z,1.162115,1.162115,1.162115,1.162115
2026-09-06T23:00:00Z,1.161710,1.161980,1.161710,1.161710
2026-09-07T00:00:00Z,1.161710,1.162385,1.161710,1.162115
2026-09-07T01:00:00Z,1.162115,1.162115,1.161710,1.161710
2026-09-07T02:00:00Z,1.161710,1.161710,1.161170,1.161305
2026-09-07T03:00:00Z,1.161170,1.161575,1.161170,1.161440
2026-09-07T04:00:00Z,1.161440,1.161575,1.161170,1.161575
2026-09-07T05:00:00Z,1.161440,1.161710,1.161305,1.161710
2026-09-07T06:00:00Z,1.161575,1.162250,1.161440,1.161845
2026-09-07T07:00:00Z,1.161845,1.162656,1.161440,1.162656
2026-09-07T08:00:00Z,1.162791,1.163873,1.162520,1.162520
2026-09-07T09:00:00Z,1.162520,1.162926,1.162385,1.162385
2026-09-07T10:00:00Z,1.162385,1.162926,1.162385,1.162791
2026-09-07T11:00:00Z,1.162791,1.162926,1.162520,1.162656
2026-09-07T12:00:00Z,1.162791,1.163196,1.162385,1.162926
2026-09-07T13:00:00Z,1.162926,1.163332,1.162791,1.163196
2026-09-07T14:00:00Z,1.163196,1.163603,1.163061,1.163467
2026-09-07T15:00:00Z,1.163467,1.163467,1.163061,1.163061
2026-09-07T16:00:00Z,1.163061,1.163332,1.162926,1.163196
2026-09-07T17:00:00Z,1.163196,1.163196,1.162791,1.162926
2026-09-07T18:00:00Z,1.162926,1.162926,1.162656,1.162656
2026-09-07T19:00:00Z,1.162656,1.162656,1.162520,1.162520
2026-09-07T20:00:00Z,1.162520,1.162656,1.162520,1.162656
2026-09-07T21:00:00Z,1.162926,1.162926,1.162385,1.162656
2026-09-07T22:00:00Z,1.162791,1.162926,1.162656,1.162926
2026-09-07T23:00:00Z,1.162926,1.163332,1.162926,1.163061
2026-09-08T00:00:00Z,1.163061,1.163467,1.162791,1.162926
2026-09-08T01:00:00Z,1.163061,1.163603,1.162926,1.163603
2026-09-08T02:00:00Z,1.163738,1.163738,1.162791,1.162791
2026-09-08T03:00:00Z,1.162656,1.163061,1.162656,1.162791
2026-09-08T04:00:00Z,1.162926,1.162926,1.162656,1.162791
2026-09-08T05:00:00Z,1.162791,1.163467,1.162656,1.163467
2026-09-08T06:00:00Z,1.163467,1.163873,1.162385,1.162520
2026-09-08T07:00:00Z,1.162385,1.162656,1.161305,1.161575
2026-09-08T08:00:00Z,1.161575,1.161845,1.161170,1.161305
2026-09-08T09:00:00Z,1.161305,1.161980,1.161305,1.161710
2026-09-08T10:00:00Z,1.161710,1.161845,1.161305,1.161710
2026-09-08T11:00:00Z,1.161575,1.162250,1.161170,1.161575
2026-09-08T12:00:00Z,1.161575,1.162250,1.161440,1.162250
2026-09-08T13:00:00Z,1.162385,1.163061,1.162250,1.162520
2026-09-08T14:00:00Z,1.162656,1.163467,1.162250,1.163332
2026-09-08T15:00:00Z,1.163467,1.163603,1.163061,1.163061
2026-09-08T16:00:00Z,1.162926,1.162926,1.162385,1.162656
2026-09-08T17:00:00Z,1.162791,1.163061,1.162791,1.162926
2026-09-08T18:00:00Z,1.162926,1.163467,1.162656,1.162926
2026-09-08T19:00:00Z,1.163196,1.163332,1.162656,1.162656
2026-09-08T20:00:00Z,1.162656,1.162791,1.162520,1.162656
2026-09-08T21:00:00Z,1.163196,1.163196,1.162520,1.163061
2026-09-08T22:00:00Z,1.162791,1.163061,1.162791,1.162926
2026-09-08T23:00:00Z,1.162926,1.163196,1.162926,1.163061
2026-09-09T00:00:00Z,1.163196,1.163467,1.163196,1.163467
2026-09-09T01:00:00Z,1.163467,1.163603,1.163061,1.163467
2026-09-09T02:00:00Z,1.163467,1.163467,1.163196,1.163467
2026-09-09T03:00:00Z,1.163467,1.163603,1.163332,1.163332
2026-09-09T04:00:00Z,1.163332,1.163603,1.163332,1.163603
2026-09-09T05:00:00Z,1.163603,1.164009,1.163603,1.163873
2026-09-09T06:00:00Z,1.163873,1.164822,1.163873,1.164280
2026-09-09T07:00:00Z,1.164280,1.165230,1.164144,1.164551
2026-09-09T08:00:00Z,1.164551,1.164551,1.163603,1.163603
2026-09-09T09:00:00Z,1.163603,1.163738,1.162656,1.162656
2026-09-09T10:00:00Z,1.162791,1.163603,1.162520,1.163332
2026-09-09T11:00:00Z,1.163332,1.165094,1.163332,1.164958
2026-09-09T12:00:00Z,1.165094,1.165637,1.164687,1.164958
2026-09-09T13:00:00Z,1.164958,1.165365,1.164822,1.164958
2026-09-09T14:00:00Z,1.165094,1.165637,1.164822,1.165094
2026-09-09T15:00:00Z,1.165094,1.165094,1.162385,1.163061
2026-09-09T16:00:00Z,1.163061,1.164280,1.163061,1.163873
2026-09-09T17:00:00Z,1.163873,1.164415,1.163873,1.164144
2026-09-09T18:00:00Z,1.164280,1.164280,1.163196,1.163196
2026-09-09T19:00:00Z,1.163332,1.163467,1.162926,1.163467
2026-09-09T20:00:00Z,1.163332,1.163603,1.163196,1.163603
2026-09-09T21:00:00Z,1.162656,1.164144,1.162520,1.163873
2026-09-09T22:00:00Z,1.164009,1.164144,1.163738,1.164144
2026-09-09T23:00:00Z,1.164144,1.164144,1.163738,1.163738
2026-09-10T00:00:00Z,1.163603,1.163738,1.163332,1.163467
2026-09-10T01:00:00Z,1.163603,1.164280,1.163467,1.164280
2026-09-10T02:00:00Z,1.164280,1.164415,1.163738,1.164280
2026-09-10T03:00:00Z,1.164280,1.164280,1.164009,1.164144
2026-09-10T04:00:00Z,1.164144,1.164280,1.164009,1.164009
2026-09-10T05:00:00Z,1.164144,1.164415,1.164009,1.164280
2026-09-10T06:00:00Z,1.164280,1.164280,1.164009,1.164280
2026-09-10T07:00:00Z,1.164280,1.164415,1.163873,1.164280
2026-09-10T08:00:00Z,1.164280,1.164280,1.163873,1.164144
2026-09-10T09:00:00Z,1.164144,1.164280,1.163603,1.163738
2026-09-10T10:00:00Z,1.163738,1.164144,1.162791,1.163196
2026-09-10T11:00:00Z,1.163061,1.163196,1.161980,1.161980
2026-09-10T12:00:00Z,1.162115,1.162791,1.159689,1.160766
2026-09-10T13:00:00Z,1.160901,1.162115,1.160227,1.161575
2026-09-10T14:00:00Z,1.161710,1.163196,1.161710,1.163196
2026-09-10T15:00:00Z,1.163196,1.163467,1.162791,1.163061
2026-09-10T16:00:00Z,1.163061,1.163196,1.162250,1.162250
2026-09-10T17:00:00Z,1.162250,1.162656,1.161980,1.162250
2026-09-10T18:00:00Z,1.162250,1.162250,1.161575,1.161575
2026-09-10T19:00:00Z,1.161710,1.161710,1.161305,1.161440
2026-09-10T20:00:00Z,1.161305,1.161575,1.160901,1.161575
2026-09-10T21:00:00Z,1.161575,1.161980,1.160766,1.161305
2026-09-10T22:00:00Z,1.161036,1.161440,1.161036,1.161440
2026-09-10T23:00:00Z,1.161305,1.161440,1.161170,1.161440
2026-09-11T00:00:00Z,1.161440,1.161845,1.161440,1.161845
2026-09-11T01:00:00Z,1.161845,1.162115,1.161440,1.161575
2026-09-11T02:00:00Z,1.161575,1.161575,1.160901,1.161036
2026-09-11T03:00:00Z,1.161036,1.161170,1.160362,1.160497
2026-09-11T04:00:00Z,1.160497,1.161170,1.160362,1.160766
2026-09-11T05:00:00Z,1.160766,1.161710,1.160766,1.161305
2026-09-11T06:00:00Z,1.161305,1.161710,1.161305,1.161305
2026-09-11T07:00:00Z,1.161440,1.161440,1.160497,1.160766
2026-09-11T08:00:00Z,1.160901,1.161170,1.160227,1.160227
2026-09-11T09:00:00Z,1.160362,1.160497,1.159958,1.159958
2026-09-11T10:00:00Z,1.159958,1.160093,1.159420,1.159555
2026-09-11T11:00:00Z,1.159555,1.159824,1.159420,1.159420
2026-09-11T12:00:00Z,1.159555,1.160631,1.157407,1.160497
2026-09-11T13:00:00Z,1.160631,1.161575,1.160362,1.161575
2026-09-11T14:00:00Z,1.161305,1.161845,1.161036,1.161845
2026-09-11T15:00:00Z,1.161710,1.161845,1.160362,1.160631
2026-09-11T16:00:00Z,1.160631,1.161036,1.160227,1.160362
2026-09-11T17:00:00Z,1.160227,1.160362,1.159958,1.160093
2026-09-11T18:00:00Z,1.160093,1.160227,1.159555,1.159958
2026-09-11T19:00:00Z,1.159824,1.160093,1.159689,1.159958
2026-09-11T20:00:00Z,1.159958,1.160093,1.159555,1.159958
2026-09-11T21:00:00Z,1.160227,1.160227,1.160227,1.160227
2026-09-13T23:00:00Z,1.159420,1.159689,1.159286,1.159689
2026-09-14T00:00:00Z,1.159689,1.159958,1.158883,1.159152
2026-09-14T01:00:00Z,1.159152,1.159286,1.158749,1.158883
2026-09-14T02:00:00Z,1.158883,1.159152,1.158480,1.158480
2026-09-14T03:00:00Z,1.158480,1.158480,1.157274,1.157407
2026-09-14T04:00:00Z,1.157407,1.157407,1.156604,1.156872
2026-09-14T05:00:00Z,1.156872,1.157407,1.156738,1.157274
2026-09-14T06:00:00Z,1.157274,1.157274,1.155402,1.155668
2026-09-14T07:00:00Z,1.155668,1.156069,1.154734,1.154868
2026-09-14T08:00:00Z,1.154734,1.154734,1.153802,1.154201
2026-09-14T09:00:00Z,1.154335,1.154734,1.153935,1.154468
2026-09-14T10:00:00Z,1.154468,1.154468,1.154068,1.154335
2026-09-14T11:00:00Z,1.154335,1.155268,1.154335,1.155135
2026-09-14T12:00:00Z,1.155135,1.155535,1.153403,1.153536
2026-09-14T13:00:00Z,1.153536,1.154068,1.152738,1.152871
2026-09-14T14:00:00Z,1.152871,1.154601,1.152738,1.154068
2026-09-14T15:00:00Z,1.154068,1.155268,1.153935,1.155135
2026-09-14T16:00:00Z,1.155268,1.156738,1.155135,1.156337
2026-09-14T17:00:00Z,1.156470,1.156470,1.155802,1.155936
2026-09-14T18:00:00Z,1.155936,1.156203,1.155936,1.155936
2026-09-14T19:00:00Z,1.156069,1.156069,1.155135,1.155135
2026-09-14T20:00:00Z,1.155001,1.155402,1.154868,1.155135
2026-09-14T21:00:00Z,1.155001,1.155802,1.154734,1.155402
2026-09-14T22:00:00Z,1.155402,1.155535,1.155268,1.155535
2026-09-14T23:00:00Z,1.155535,1.155535,1.155001,1.155135
2026-09-15T00:00:00Z,1.155135,1.155135,1.154601,1.154734
2026-09-15T01:00:00Z,1.154601,1.154734,1.154068,1.154201
2026-09-15T02:00:00Z,1.154201,1.154468,1.153935,1.154335
2026-09-15T03:00:00Z,1.154468,1.154468,1.154068,1.154068
2026-09-15T04:00:00Z,1.154068,1.154201,1.153802,1.154068
2026-09-15T05:00:00Z,1.154068,1.154068,1.153669,1.153802
2026-09-15T06:00:00Z,1.153802,1.153802,1.153004,1.153802
2026-09-15T07:00:00Z,1.153802,1.154335,1.153669,1.154335
2026-09-15T08:00:00Z,1.154468,1.154468,1.153669,1.153669
2026-09-15T09:00:00Z,1.153802,1.154201,1.153536,1.154068
2026-09-15T10:00:00Z,1.154201,1.154335,1.153802,1.153802
2026-09-15T11:00:00Z,1.153802,1.154601,1.153802,1.154468
2026-09-15T12:00:00Z,1.154335,1.155268,1.154201,1.155001
2026-09-15T13:00:00Z,1.155001,1.155402,1.154201,1.155268
2026-09-15T14:00:00Z,1.155268,1.155402,1.154468,1.154601
2026-09-15T15:00:00Z,1.154601,1.154868,1.154201,1.154468
2026-09-15T16:00:00Z,1.154468,1.154601,1.154201,1.154601
2026-09-15T17:00:00Z,1.154734,1.154734,1.154068,1.154068
2026-09-15T18:00:00Z,1.154068,1.154734,1.153935,1.154601
2026-09-15T19:00:00Z,1.154601,1.154601,1.154335,1.154468
2026-09-15T20:00:00Z,1.154468,1.154601,1.154201,1.154601
2026-09-15T21:00:00Z,1.153935,1.155135,1.153669,1.154335
2026-09-15T22:00:00Z,1.154601,1.154868,1.154335,1.154335
2026-09-15T23:00:00Z,1.154201,1.154201,1.153802,1.153935
2026-09-16T00:00:00Z,1.154068,1.154201,1.153669,1.153935
2026-09-16T01:00:00Z,1.153935,1.153935,1.153536,1.153669
2026-09-16T02:00:00Z,1.153536,1.154601,1.153536,1.154601
2026-09-16T03:00:00Z,1.154601,1.154734,1.154335,1.154468
2026-09-16T04:00:00Z,1.154468,1.155001,1.154468,1.154734
2026-09-16T05:00:00Z,1.154868,1.155402,1.154734,1.155268
2026-09-16T06:00:00Z,1.155268,1.155402,1.154734,1.155135
2026-09-16T07:00:00Z,1.155135,1.155936,1.155001,1.155135
2026-09-16T08:00:00Z,1.155135,1.155135,1.154201,1.154335
2026-09-16T09:00:00Z,1.154335,1.154734,1.154201,1.154201
2026-09-16T10:00:00Z,1.154335,1.154335,1.153802,1.153935
2026-09-16T11:00:00Z,1.154068,1.154335,1.153536,1.153802
2026-09-16T12:00:00Z,1.153935,1.154201,1.153403,1.153802
2026-09-16T13:00:00Z,1.153935,1.154201,1.153536,1.153536
2026-09-16T14:00:00Z,1.153669,1.154335,1.153403,1.154201
2026-09-16T15:00:00Z,1.154335,1.154601,1.153802,1.154068
2026-09-16T16:00:00Z,1.154068,1.154201,1.153802,1.153802
2026-09-16T17:00:00Z,1.153802,1.154201,1.153403,1.154201
2026-09-16T18:00:00Z,1.153270,1.153270,1.147315,1.147315
2026-09-16T19:00:00Z,1.147974,1.148369,1.146657,1.147579
2026-09-16T20:00:00Z,1.147579,1.147579,1.146526,1.146657
2026-09-16T21:00:00Z,1.146920,1.147447,1.146132,1.146526
2026-09-16T22:00:00Z,1.146657,1.147184,1.146526,1.147052
2026-09-16T23:00:00Z,1.146920,1.147315,1.146920,1.147184
2026-09-17T00:00:00Z,1.147052,1.147579,1.146263,1.146263
2026-09-17T01:00:00Z,1.146263,1.146789,1.146132,1.146132
2026-09-17T02:00:00Z,1.146263,1.146526,1.146000,1.146132
2026-09-17T03:00:00Z,1.146263,1.146395,1.146000,1.146395
2026-09-17T04:00:00Z,1.146263,1.147052,1.146263,1.146920
2026-09-17T05:00:00Z,1.147052,1.147052,1.146657,1.146920
2026-09-17T06:00:00Z,1.146920,1.148633,1.146920,1.148369
2026-09-17T07:00:00Z,1.148369,1.148369,1.147315,1.147710
2026-09-17T08:00:00Z,1.147710,1.147710,1.147052,1.147710
2026-09-17T09:00:00Z,1.147710,1.148106,1.147579,1.147579
2026-09-17T10:00:00Z,1.147579,1.148369,1.147579,1.148106
2026-09-17T11:00:00Z,1.148237,1.148237,1.147184,1.147710
2026-09-17T12:00:00Z,1.147579,1.149954,1.147579,1.149425
2026-09-17T13:00:00Z,1.149557,1.149557,1.148897,1.149293
2026-09-17T14:00:00Z,1.149161,1.150086,1.148897,1.148897
2026-09-17T15:00:00Z,1.148897,1.149029,1.147842,1.148237
2026-09-17T16:00:00Z,1.148237,1.148237,1.147842,1.147974
2026-09-17T17:00:00Z,1.147974,1.148106,1.147710,1.147974
2026-09-17T18:00:00Z,1.148106,1.148106,1.147710,1.147842
2026-09-17T19:00:00Z,1.147842,1.148369,1.147842,1.148237
2026-09-17T20:00:00Z,1.148237,1.148237,1.147710,1.147974
2026-09-17T21:00:00Z,1.148369,1.148501,1.147842,1.148106
2026-09-17T22:00:00Z,1.148106,1.148106,1.147842,1.148106
2026-09-17T23:00:00Z,1.148106,1.148237,1.147842,1.147842
2026-09-18T00:00:00Z,1.147842,1.148369,1.147842,1.148369
2026-09-18T01:00:00Z,1.148369,1.148633,1.148106,1.148633
2026-09-18T02:00:00Z,1.148501,1.148501,1.148106,1.148106
2026-09-18T03:00:00Z,1.148369,1.149161,1.148237,1.149161
2026-09-18T04:00:00Z,1.149425,1.149557,1.149029,1.149029
2026-09-18T05:00:00Z,1.149029,1.149029,1.148237,1.148237
2026-09-18T06:00:00Z,1.148237,1.148765,1.148237,1.148633
2026-09-18T07:00:00Z,1.148633,1.149029,1.148237,1.148897
2026-09-18T08:00:00Z,1.148765,1.149425,1.148106,1.148633
2026-09-18T09:00:00Z,1.148501,1.149029,1.148501,1.148633
2026-09-18T10:00:00Z,1.148765,1.148765,1.147447,1.147579
2026-09-18T11:00:00Z,1.147710,1.147974,1.146132,1.146395
2026-09-18T12:00:00Z,1.146395,1.147315,1.145869,1.147184
2026-09-18T13:00:00Z,1.147184,1.147184,1.146263,1.146263
2026-09-18T14:00:00Z,1.146263,1.146789,1.146263,1.146526
2026-09-18T15:00:00Z,1.146526,1.147184,1.146263,1.146789
2026-09-18T16:00:00Z,1.146657,1.147842,1.146657,1.147710
2026-09-18T17:00:00Z,1.147710,1.148897,1.147710,1.148369
2026-09-18T18:00:00Z,1.148369,1.148633,1.148369,1.148633
2026-09-18T19:00:00Z,1.148765,1.149293,1.148633,1.148897
2026-09-18T20:00:00Z,1.149029,1.149161,1.148897,1.149029
2026-09-18T21:00:00Z,1.148897,1.148897,1.148897,1.148897
2026-09-20T23:00:00Z,1.148369,1.148369,1.148106,1.148106
2026-09-21T00:00:00Z,1.148237,1.148765,1.148106,1.148501
2026-09-21T01:00:00Z,1.148501,1.148897,1.148369,1.148633
2026-09-21T02:00:00Z,1.148633,1.148633,1.147974,1.147974
2026-09-21T03:00:00Z,1.148106,1.148106,1.147842,1.147842
2026-09-21T04:00:00Z,1.147842,1.148106,1.147710,1.147842
2026-09-21T05:00:00Z,1.147842,1.148106,1.147579,1.147710
2026-09-21T06:00:00Z,1.147710,1.148237,1.147447,1.147842
2026-09-21T07:00:00Z,1.147710,1.148237,1.147447,1.147974
2026-09-21T08:00:00Z,1.147974,1.148897,1.147842,1.148369
2026-09-21T09:00:00Z,1.148369,1.148369,1.148106,1.148369
2026-09-21T10:00:00Z,1.148237,1.148765,1.148237,1.148369
2026-09-21T11:00:00Z,1.148369,1.149425,1.148369,1.149293
2026-09-21T12:00:00Z,1.149293,1.149822,1.148765,1.148897
2026-09-21T13:00:00Z,1.149029,1.149029,1.147579,1.147579
2026-09-21T14:00:00Z,1.147579,1.147842,1.147052,1.147579
2026-09-21T15:00:00Z,1.147579,1.147579,1.147052,1.147052
2026-09-21T16:00:00Z,1.147052,1.147579,1.147052,1.147184
2026-09-21T17:00:00Z,1.147315,1.147315,1.146920,1.146920
2026-09-21T18:00:00Z,1.146920,1.147052,1.146526,1.146789
2026-09-21T19:00:00Z,1.146789,1.147184,1.146789,1.146789
2026-09-21T20:00:00Z,1.146789,1.146920,1.146657,1.146789
2026-09-21T21:00:00Z,1.147184,1.147447,1.146657,1.147052
2026-09-21T22:00:00Z,1.146920,1.146920,1.146657,1.146789
2026-09-21T23:00:00Z,1.146789,1.146789,1.146657,1.146789
2026-09-22T00:00:00Z,1.146657,1.147447,1.146657,1.147315
2026-09-22T01:00:00Z,1.147447,1.147447,1.146657,1.146789
2026-09-22T02:00:00Z,1.146789,1.147447,1.146657,1.147315
2026-09-22T03:00:00Z,1.147315,1.147842,1.147184,1.147710
2026-09-22T04:00:00Z,1.147710,1.148106,1.147579,1.148106
2026-09-22T05:00:00Z,1.148106,1.148106,1.147447,1.147447
2026-09-22T06:00:00Z,1.147447,1.147447,1.146263,1.146789
2026-09-22T07:00:00Z,1.146657,1.146789,1.145213,1.145213
2026-09-22T08:00:00Z,1.144951,1.146789,1.143772,1.146132
2026-09-22T09:00:00Z,1.146000,1.146920,1.145082,1.146920
2026-09-22T10:00:00Z,1.146920,1.147315,1.146395,1.147052
2026-09-22T11:00:00Z,1.146920,1.147052,1.146263,1.146526
2026-09-22T12:00:00Z,1.146657,1.146920,1.145869,1.146000
2026-09-22T13:00:00Z,1.146000,1.146263,1.145607,1.145738
2026-09-22T14:00:00Z,1.145738,1.145738,1.144296,1.144558
2026-09-22T15:00:00Z,1.144558,1.144689,1.143380,1.143511
2026-09-22T16:00:00Z,1.143511,1.144165,1.143249,1.144034
2026-09-22T17:00:00Z,1.143903,1.144427,1.143380,1.144296
2026-09-22T18:00:00Z,1.144296,1.144689,1.144165,1.144558
2026-09-22T19:00:00Z,1.144558,1.145738,1.144558,1.145082
2026-09-22T20:00:00Z,1.145082,1.145475,1.145082,1.145082
2026-09-22T21:00:00Z,1.144820,1.145475,1.144820,1.145213
2026-09-22T22:00:00Z,1.145213,1.145213,1.144951,1.144951
2026-09-22T23:00:00Z,1.145082,1.145213,1.144951,1.145082
2026-09-23T00:00:00Z,1.145082,1.145213,1.144820,1.144951
2026-09-23T01:00:00Z,1.144951,1.144951,1.144165,1.144165
2026-09-23T02:00:00Z,1.144165,1.144165,1.143641,1.143772
2026-09-23T03:00:00Z,1.143641,1.143772,1.143118,1.143118
2026-09-23T04:00:00Z,1.142988,1.143380,1.142857,1.142988
2026-09-23T05:00:00Z,1.142988,1.143249,1.142727,1.142857
2026-09-23T06:00:00Z,1.142857,1.143118,1.142596,1.142727
2026-09-23T07:00:00Z,1.142727,1.142857,1.142074,1.142074
2026-09-23T08:00:00Z,1.142204,1.142596,1.141422,1.142204
2026-09-23T09:00:00Z,1.142074,1.142204,1.141162,1.141162
2026-09-23T10:00:00Z,1.141162,1.141944,1.141032,1.141944
2026-09-23T11:00:00Z,1.141944,1.142335,1.140771,1.141553
2026-09-23T12:00:00Z,1.141422,1.141553,1.140381,1.141162
2026-09-23T13:00:00Z,1.141162,1.141944,1.139471,1.140121
2026-09-23T14:00:00Z,1.140121,1.140771,1.138822,1.140381
2026-09-23T15:00:00Z,1.140511,1.140511,1.139082,1.139731
2026-09-23T16:00:00Z,1.139601,1.139861,1.138045,1.138174
2026-09-23T17:00:00Z,1.138045,1.139601,1.137398,1.139601
2026-09-23T18:00:00Z,1.139471,1.139601,1.138433,1.138952
2026-09-23T19:00:00Z,1.138952,1.139212,1.138563,1.138822
2026-09-23T20:00:00Z,1.138822,1.139082,1.138433,1.138693
2026-09-23T21:00:00Z,1.138304,1.139212,1.138174,1.138693
2026-09-23T22:00:00Z,1.138693,1.138952,1.138693,1.138822
2026-09-23T23:00:00Z,1.138822,1.138822,1.138304,1.138433
2026-09-24T00:00:00Z,1.138563,1.138693,1.137527,1.137915
2026-09-24T01:00:00Z,1.137915,1.138563,1.137915,1.137915
2026-09-24T02:00:00Z,1.137915,1.138693,1.137268,1.138693
2026-09-24T03:00:00Z,1.138822,1.138952,1.138045,1.138045
2026-09-24T04:00:00Z,1.138045,1.138822,1.137915,1.138822
2026-09-24T05:00:00Z,1.138693,1.138952,1.137915,1.137915
2026-09-24T06:00:00Z,1.138045,1.139341,1.138045,1.138822
2026-09-24T07:00:00Z,1.138952,1.140121,1.138693,1.139731
2026-09-24T08:00:00Z,1.139601,1.140121,1.138304,1.138563
2026-09-24T09:00:00Z,1.138433,1.138433,1.137527,1.137656
2026-09-24T10:00:00Z,1.137656,1.137915,1.136493,1.137656
2026-09-24T11:00:00Z,1.137656,1.137915,1.137010,1.137139
2026-09-24T12:00:00Z,1.137139,1.137786,1.136622,1.137786
2026-09-24T13:00:00Z,1.137786,1.138045,1.136364,1.137656
2026-09-24T14:00:00Z,1.137527,1.138174,1.137527,1.137656
2026-09-24T15:00:00Z,1.137786,1.137786,1.136751,1.137527
2026-09-24T16:00:00Z,1.137656,1.139341,1.137268,1.138304
2026-09-24T17:00:00Z,1.138174,1.138563,1.136880,1.137010
2026-09-24T18:00:00Z,1.137139,1.137786,1.136364,1.137786
