time,open,high,low,close
2026-07-02T23:00:00Z,1.143249,1.143249,1.143118,1.143118
2026-07-02T23:15:00Z,1.143118,1.143380,1.143118,1.143380
2026-07-02T23:30:00Z,1.143249,1.143249,1.142727,1.142988
2026-07-02T23:45:00Z,1.142988,1.142988,1.142596,1.142596
2026-07-03T00:00:00Z,1.142727,1.142727,1.142335,1.142596
2026-07-03T00:15:00Z,1.142596,1.142596,1.142465,1.142596
2026-07-03T00:30:00Z,1.142465,1.142596,1.142465,1.142465
2026-07-03T00:45:00Z,1.142465,1.143380,1.142465,1.143380
2026-07-03T01:00:00Z,1.143380,1.143903,1.143380,1.143903
2026-07-03T01:15:00Z,1.144034,1.144689,1.144034,1.144427
2026-07-03T01:30:00Z,1.144296,1.144558,1.144165,1.144427
2026-07-03T01:45:00Z,1.144427,1.144427,1.144034,1.144034
2026-07-03T02:00:00Z,1.144034,1.144558,1.143903,1.144427
2026-07-03T02:15:00Z,1.144427,1.144689,1.144427,1.144689
2026-07-03T02:30:00Z,1.144689,1.144820,1.144427,1.144558
2026-07-03T02:45:00Z,1.144689,1.144689,1.144296,1.144296
2026-07-03T03:00:00Z,1.144296,1.144296,1.144034,1.144165
2026-07-03T03:15:00Z,1.144296,1.144296,1.144034,1.144165
2026-07-03T03:30:00Z,1.144165,1.144427,1.144034,1.144296
2026-07-03T03:45:00Z,1.144296,1.144427,1.144296,1.144427
2026-07-03T04:00:00Z,1.144427,1.144427,1.144296,1.144427
2026-07-03T04:15:00Z,1.144558,1.144689,1.144427,1.144558
2026-07-03T04:30:00Z,1.144558,1.144820,1.144427,1.144820
2026-07-03T04:45:00Z,1.144820,1.144820,1.144689,1.144820
2026-07-03T05:00:00Z,1.144951,1.145607,1.144951,1.145607
2026-07-03T05:15:00Z,1.145607,1.145738,1.145344,1.145607
2026-07-03T05:30:00Z,1.145475,1.145607,1.145344,1.145475
2026-07-03T05:45:00Z,1.145607,1.145738,1.145082,1.145082
2026-07-03T06:00:00Z,1.145213,1.145607,1.145213,1.145607
2026-07-03T06:15:00Z,1.145738,1.146132,1.145475,1.145738
2026-07-03T06:30:00Z,1.145607,1.146526,1.145607,1.146263
2026-07-03T06:45:00Z,1.146263,1.146395,1.145607,1.145869
2026-07-03T07:00:00Z,1.145607,1.145738,1.145607,1.145738
2026-07-03T07:15:00Z,1.145738,1.146000,1.145475,1.146000
2026-07-03T07:30:00Z,1.145869,1.145869,1.145213,1.145344
2026-07-03T07:45:00Z,1.145475,1.146000,1.145475,1.145738
2026-07-03T08:00:00Z,1.145869,1.145869,1.145475,1.145738
2026-07-03T08:15:00Z,1.145738,1.145738,1.145475,1.145738
2026-07-03T08:30:00Z,1.145607,1.146000,1.145607,1.145738
2026-07-03T08:45:00Z,1.145738,1.145738,1.145475,1.145607
2026-07-03T09:00:00Z,1.145607,1.145607,1.145213,1.145213
2026-07-03T09:15:00Z,1.145344,1.145475,1.145082,1.145082
2026-07-03T09:30:00Z,1.145082,1.145213,1.145082,1.145082
2026-07-03T09:45:00Z,1.144951,1.144951,1.144427,1.144427
2026-07-03T10:00:00Z,1.144427,1.145082,1.144427,1.144951
2026-07-03T10:15:00Z,1.144951,1.145082,1.144689,1.144820
2026-07-03T10:30:00Z,1.144689,1.145213,1.144689,1.145213
2026-07-03T10:45:00Z,1.145082,1.145344,1.145082,1.145082
2026-07-03T11:00:00Z,1.144951,1.145738,1.144951,1.145738
2026-07-03T11:15:00Z,1.145738,1.146000,1.145738,1.145869
2026-07-03T11:30:00Z,1.145869,1.145869,1.145213,1.145344
2026-07-03T11:45:00Z,1.145344,1.145344,1.145082,1.145213
2026-07-03T12:00:00Z,1.145344,1.145475,1.145082,1.145475
2026-07-03T12:15:00Z,1.145344,1.145344,1.144951,1.145082
2026-07-03T12:30:00Z,1.145082,1.145475,1.144951,1.145213
2026-07-03T12:45:00Z,1.145082,1.145213,1.144951,1.144951
2026-07-03T13:00:00Z,1.144951,1.145082,1.144558,1.144820
2026-07-03T13:15:00Z,1.144689,1.144820,1.144558,1.144689
2026-07-03T13:30:00Z,1.144689,1.144689,1.144427,1.144558
2026-07-03T13:45:00Z,1.144558,1.144558,1.144165,1.144165
2026-07-03T14:00:00Z,1.144296,1.144558,1.144165,1.144427
2026-07-03T14:15:00Z,1.144427,1.145082,1.144427,1.144951
2026-07-03T14:30:00Z,1.144951,1.144951,1.144689,1.144820
2026-07-03T14:45:00Z,1.144689,1.144820,1.144558,1.144689
2026-07-03T15:00:00Z,1.144558,1.144689,1.144427,1.144558
2026-07-03T15:15:00Z,1.144427,1.144689,1.144165,1.144296
2026-07-03T15:30:00Z,1.144296,1.144427,1.144296,1.144296
2026-07-03T15:45:00Z,1.144296,1.144296,1.143903,1.144034
2026-07-03T16:00:00Z,1.144034,1.144296,1.144034,1.144165
2026-07-03T16:15:00Z,1.144165,1.144296,1.144165,1.144165
2026-07-03T16:30:00Z,1.144034,1.144165,1.143903,1.143903
2026-07-03T16:45:00Z,1.143903,1.144034,1.143903,1.144034
2026-07-03T17:00:00Z,1.144165,1.144427,1.144165,1.144296
2026-07-03T17:15:00Z,1.144296,1.144427,1.144296,1.144427
2026-07-03T17:30:00Z,1.144296,1.144427,1.144296,1.144427
2026-07-03T17:45:00Z,1.144427,1.144427,1.144296,1.144296
2026-07-03T18:00:00Z,1.144427,1.144427,1.144165,1.144296
2026-07-03T18:15:00Z,1.144296,1.144427,1.144165,1.144296
2026-07-03T18:30:00Z,1.144296,1.144296,1.144296,1.144296
2026-07-03T18:45:00Z,1.144296,1.144296,1.144165,1.144296
2026-07-03T19:00:00Z,1.144165,1.144427,1.144165,1.144296
2026-07-03T19:15:00Z,1.144296,1.144296,1.144165,1.144165
2026-07-03T19:30:00Z,1.144165,1.144165,1.144034,1.144165
2026-07-03T19:45:00Z,1.144165,1.144165,1.143903,1.144034
2026-07-03T20:00:00Z,1.143903,1.144034,1.143903,1.143903
2026-07-03T20:15:00Z,1.144034,1.144034,1.143903,1.143903
2026-07-03T20:30:00Z,1.144034,1.144034,1.143903,1.143903
2026-07-03T20:45:00Z,1.143903,1.144034,1.143772,1.144034
2026-07-03T21:00:00Z,1.144034,1.144034,1.144034,1.144034
2026-07-03T21:15:00Z,1.144034,1.144034,1.144034,1.144034
2026-07-05T23:00:00Z,1.144034,1.144034,1.143641,1.143772
2026-07-05T23:15:00Z,1.143772,1.144034,1.143641,1.143903
2026-07-05T23:30:00Z,1.143903,1.144034,1.143903,1.144034
2026-07-05T23:45:00Z,1.144034,1.144165,1.143903,1.144034
2026-07-06T00:00:00Z,1.144034,1.144034,1.143772,1.144034
2026-07-06T00:15:00Z,1.144034,1.144427,1.144034,1.144165
2026-07-06T00:30:00Z,1.144427,1.144427,1.144165,1.144427
2026-07-06T00:45:00Z,1.144296,1.144296,1.144034,1.144165
2026-07-06T01:00:00Z,1.144165,1.144165,1.143903,1.144034
2026-07-06T01:15:00Z,1.143903,1.143903,1.143511,1.143511
2026-07-06T01:30:00Z,1.143380,1.143772,1.143380,1.143772
2026-07-06T01:45:00Z,1.143641,1.143641,1.143249,1.143249
2026-07-06T02:00:00Z,1.143249,1.143380,1.143118,1.143380
2026-07-06T02:15:00Z,1.143249,1.143380,1.143249,1.143249
2026-07-06T02:30:00Z,1.143249,1.143380,1.143249,1.143380
2026-07-06T02:45:00Z,1.143380,1.143772,1.143380,1.143772
2026-07-06T03:00:00Z,1.143772,1.143903,1.143641,1.143641
2026-07-06T03:15:00Z,1.143641,1.143641,1.143249,1.143249
2026-07-06T03:30:00Z,1.143249,1.143380,1.143118,1.143380
2026-07-06T03:45:00Z,1.143511,1.143511,1.143249,1.143511
2026-07-06T04:00:00Z,1.143511,1.143772,1.143511,1.143641
2026-07-06T04:15:00Z,1.143641,1.143772,1.143511,1.143641
2026-07-06T04:30:00Z,1.143511,1.143641,1.143511,1.143641
2026-07-06T04:45:00Z,1.143641,1.143772,1.143511,1.143641
2026-07-06T05:00:00Z,1.143511,1.143511,1.143249,1.143380
2026-07-06T05:15:00Z,1.143249,1.143249,1.143118,1.143249
2026-07-06T05:30:00Z,1.143249,1.143511,1.143249,1.143249
2026-07-06T05:45:00Z,1.143249,1.143511,1.142727,1.142727
2026-07-06T06:00:00Z,1.142988,1.143249,1.142857,1.142857
2026-07-06T06:15:00Z,1.142727,1.142857,1.142465,1.142596
2026-07-06T06:30:00Z,1.142596,1.142857,1.142465,1.142596
2026-07-06T06:45:00Z,1.142727,1.142857,1.142335,1.142465
2026-07-06T07:00:00Z,1.142335,1.142465,1.142074,1.142465
2026-07-06T07:15:00Z,1.142988,1.143118,1.142596,1.142596
2026-07-06T07:30:00Z,1.142596,1.142857,1.142596,1.142857
2026-07-06T07:45:00Z,1.142857,1.142988,1.142596,1.142988
2026-07-06T08:00:00Z,1.142988,1.142988,1.142074,1.142204
2026-07-06T08:15:00Z,1.142335,1.142335,1.142074,1.142204
2026-07-06T08:30:00Z,1.142335,1.142465,1.142074,1.142074
2026-07-06T08:45:00Z,1.141944,1.142335,1.141944,1.142335
2026-07-06T09:00:00Z,1.142335,1.142465,1.142074,1.142204
2026-07-06T09:15:00Z,1.142204,1.142335,1.142074,1.142204
2026-07-06T09:30:00Z,1.142204,1.142335,1.142074,1.142204
2026-07-06T09:45:00Z,1.141944,1.141944,1.141422,1.141553
2026-07-06T10:00:00Z,1.141683,1.141683,1.141292,1.141683
2026-07-06T10:15:00Z,1.141813,1.142335,1.141813,1.141944
2026-07-06T10:30:00Z,1.141944,1.142465,1.141944,1.142204
2026-07-06T10:45:00Z,1.142335,1.142465,1.142204,1.142335
2026-07-06T11:00:00Z,1.142335,1.142335,1.141944,1.142204
2026-07-06T11:15:00Z,1.142204,1.142204,1.141944,1.142074
2026-07-06T11:30:00Z,1.142074,1.142335,1.141813,1.141813
2026-07-06T11:45:00Z,1.141813,1.141944,1.141553,1.141944
2026-07-06T12:00:00Z,1.142074,1.142204,1.141813,1.142074
2026-07-06T12:15:00Z,1.142204,1.142204,1.141944,1.142074
2026-07-06T12:30:00Z,1.142074,1.142204,1.141553,1.141553
2026-07-06T12:45:00Z,1.141553,1.141944,1.141553,1.141683
2026-07-06T13:00:00Z,1.141422,1.142335,1.141422,1.142204
2026-07-06T13:15:00Z,1.142204,1.142596,1.142204,1.142335
2026-07-06T13:30:00Z,1.142335,1.142465,1.142074,1.142074
2026-07-06T13:45:00Z,1.141944,1.142074,1.141162,1.141553
2026-07-06T14:00:00Z,1.141553,1.142204,1.141553,1.142074
2026-07-06T14:15:00Z,1.142074,1.142074,1.141813,1.141813
2026-07-06T14:30:00Z,1.141944,1.142074,1.141553,1.141553
2026-07-06T14:45:00Z,1.141683,1.142074,1.141553,1.141944
2026-07-06T15:00:00Z,1.142074,1.142204,1.141944,1.141944
2026-07-06T15:15:00Z,1.142074,1.142204,1.141944,1.142074
2026-07-06T15:30:00Z,1.142204,1.142596,1.142074,1.142596
2026-07-06T15:45:00Z,1.142727,1.142857,1.142727,1.142857
2026-07-06T16:00:00Z,1.142857,1.143249,1.142857,1.142988
2026-07-06T16:15:00Z,1.142988,1.143380,1.142988,1.143249
2026-07-06T16:30:00Z,1.143249,1.143380,1.142988,1.143118
2026-07-06T16:45:00Z,1.143118,1.143511,1.143118,1.143380
2026-07-06T17:00:00Z,1.143511,1.143641,1.143511,1.143641
2026-07-06T17:15:00Z,1.143772,1.144034,1.143772,1.144034
2026-07-06T17:30:00Z,1.143903,1.144296,1.143903,1.144296
2026-07-06T17:45:00Z,1.144165,1.144296,1.143903,1.144034
2026-07-06T18:00:00Z,1.144034,1.144165,1.143903,1.144034
2026-07-06T18:15:00Z,1.144034,1.144296,1.144034,1.144296
2026-07-06T18:30:00Z,1.144165,1.144558,1.144165,1.144558
2026-07-06T18:45:00Z,1.144558,1.144820,1.144558,1.144689
2026-07-06T19:00:00Z,1.144427,1.144689,1.144427,1.144427
2026-07-06T19:15:00Z,1.144427,1.144427,1.144165,1.144296
2026-07-06T19:30:00Z,1.144296,1.144427,1.144296,1.144296
2026-07-06T19:45:00Z,1.144296,1.144558,1.144296,1.144558
2026-07-06T20:00:00Z,1.144427,1.144558,1.144427,1.144427
2026-07-06T20:15:00Z,1.144427,1.144558,1.144296,1.144427
2026-07-06T20:30:00Z,1.144558,1.144558,1.144296,1.144296
2026-07-06T20:45:00Z,1.144427,1.144427,1.144296,1.144427
2026-07-06T21:00:00Z,1.145082,1.145082,1.144165,1.144558
2026-07-06T21:15:00Z,1.144558,1.144689,1.144296,1.144558
2026-07-06T21:30:00Z,1.144427,1.144689,1.144427,1.144558
2026-07-06T21:45:00Z,1.144558,1.145082,1.144558,1.145082
2026-07-06T22:00:00Z,1.144689,1.144820,1.144558,1.144689
2026-07-06T22:15:00Z,1.144689,1.144689,1.144689,1.144689
2026-07-06T22:30:00Z,1.144689,1.144689,1.144689,1.144689
2026-07-06T22:45:00Z,1.144689,1.144820,1.144689,1.144689
2026-07-06T23:00:00Z,1.144951,1.145082,1.144820,1.144951
2026-07-06T23:15:00Z,1.144951,1.145082,1.144689,1.144689
2026-07-06T23:30:00Z,1.144689,1.144820,1.144689,1.144820
2026-07-06T23:45:00Z,1.144820,1.144820,1.144427,1.144427
2026-07-07T00:00:00Z,1.144427,1.144558,1.144427,1.144427
2026-07-07T00:15:00Z,1.144427,1.144427,1.144165,1.144165
2026-07-07T00:30:00Z,1.144296,1.144427,1.144165,1.144296
2026-07-07T00:45:00Z,1.144296,1.144427,1.144296,1.144296
2026-07-07T01:00:00Z,1.144296,1.144296,1.144165,1.144296
2026-07-07T01:15:00Z,1.144296,1.144296,1.144034,1.144165
2026-07-07T01:30:00Z,1.144558,1.144820,1.144296,1.144296
2026-07-07T01:45:00Z,1.144296,1.144951,1.144296,1.144689
2026-07-07T02:00:00Z,1.144820,1.144951,1.144558,1.144558
2026-07-07T02:15:00Z,1.144558,1.144689,1.144558,1.144558
2026-07-07T02:30:00Z,1.144427,1.144689,1.144427,1.144427
2026-07-07T02:45:00Z,1.144427,1.144558,1.144296,1.144296
2026-07-07T03:00:00Z,1.144296,1.144558,1.144296,1.144427
2026-07-07T03:15:00Z,1.144427,1.144558,1.144296,1.144296
2026-07-07T03:30:00Z,1.144296,1.144427,1.144034,1.144165
2026-07-07T03:45:00Z,1.144034,1.144165,1.143903,1.144034
2026-07-07T04:00:00Z,1.144034,1.144165,1.144034,1.144165
2026-07-07T04:15:00Z,1.144165,1.144165,1.144034,1.144034
2026-07-07T04:30:00Z,1.144034,1.144165,1.144034,1.144165
2026-07-07T04:45:00Z,1.144034,1.144165,1.143903,1.143903
2026-07-07T05:00:00Z,1.144034,1.144034,1.143772,1.143772
2026-07-07T05:15:00Z,1.143772,1.143772,1.143380,1.143380
2026-07-07T05:30:00Z,1.143380,1.143641,1.143249,1.143249
2026-07-07T05:45:00Z,1.143249,1.143511,1.143249,1.143511
2026-07-07T06:00:00Z,1.143641,1.143641,1.142857,1.142988
2026-07-07T06:15:00Z,1.143380,1.143380,1.142988,1.143118
2026-07-07T06:30:00Z,1.143249,1.143380,1.143249,1.143249
2026-07-07T06:45:00Z,1.143249,1.143511,1.143118,1.143118
2026-07-07T07:00:00Z,1.143249,1.143249,1.142988,1.143118
2026-07-07T07:15:00Z,1.143118,1.143511,1.142988,1.142988
2026-07-07T07:30:00Z,1.142988,1.143249,1.142988,1.143249
2026-07-07T07:45:00Z,1.142988,1.143118,1.142857,1.142988
2026-07-07T08:00:00Z,1.142988,1.143511,1.142857,1.143511
2026-07-07T08:15:00Z,1.143380,1.143641,1.143249,1.143641
2026-07-07T08:30:00Z,1.143641,1.143903,1.143511,1.143511
2026-07-07T08:45:00Z,1.143380,1.143511,1.142988,1.143118
2026-07-07T09:00:00Z,1.143118,1.143118,1.142988,1.142988
2026-07-07T09:15:00Z,1.143118,1.143118,1.142988,1.143118
2026-07-07T09:30:00Z,1.142988,1.143249,1.142988,1.143118
2026-07-07T09:45:00Z,1.143249,1.143249,1.142857,1.142857
2026-07-07T10:00:00Z,1.142727,1.143249,1.142727,1.143249
2026-07-07T10:15:00Z,1.143249,1.143380,1.143249,1.143380
2026-07-07T10:30:00Z,1.143249,1.143511,1.143249,1.143380
2026-07-07T10:45:00Z,1.143380,1.143641,1.143249,1.143641
2026-07-07T11:00:00Z,1.143641,1.143772,1.143511,1.143772
2026-07-07T11:15:00Z,1.143641,1.144165,1.143641,1.144034
2026-07-07T11:30:00Z,1.143903,1.144034,1.143641,1.143641
2026-07-07T11:45:00Z,1.143641,1.143772,1.142988,1.143641
2026-07-07T12:00:00Z,1.143511,1.143772,1.143511,1.143641
2026-07-07T12:15:00Z,1.143772,1.144558,1.143641,1.144558
2026-07-07T12:30:00Z,1.144558,1.144558,1.143903,1.143903
2026-07-07T12:45:00Z,1.144034,1.144034,1.143772,1.143903
2026-07-07T13:00:00Z,1.143903,1.143903,1.143380,1.143772
2026-07-07T13:15:00Z,1.143772,1.143903,1.143641,1.143772
2026-07-07T13:30:00Z,1.143903,1.144427,1.143903,1.144427
2026-07-07T13:45:00Z,1.144296,1.144427,1.143772,1.143772
2026-07-07T14:00:00Z,1.144034,1.144034,1.142857,1.142988
2026-07-07T14:15:00Z,1.142988,1.143380,1.142988,1.143249
2026-07-07T14:30:00Z,1.143249,1.143511,1.143118,1.143511
2026-07-07T14:45:00Z,1.143641,1.144034,1.143511,1.143772
2026-07-07T15:00:00Z,1.143641,1.143772,1.143249,1.143249
2026-07-07T15:15:00Z,1.143249,1.143249,1.142988,1.143118
2026-07-07T15:30:00Z,1.143118,1.143118,1.142988,1.142988
2026-07-07T15:45:00Z,1.142988,1.142988,1.142596,1.142596
2026-07-07T16:00:00Z,1.142727,1.142857,1.142465,1.142727
2026-07-07T16:15:00Z,1.142596,1.142596,1.142074,1.142204
2026-07-07T16:30:00Z,1.142204,1.142335,1.142204,1.142335
2026-07-07T16:45:00Z,1.142335,1.142596,1.142335,1.142596
2026-07-07T17:00:00Z,1.142727,1.142857,1.142596,1.142596
2026-07-07T17:15:00Z,1.142596,1.142857,1.142596,1.142727
2026-07-07T17:30:00Z,1.142727,1.142988,1.142727,1.142988
2026-07-07T17:45:00Z,1.142988,1.143249,1.142988,1.143118
2026-07-07T18:00:00Z,1.143118,1.143118,1.142857,1.142988
2026-07-07T18:15:00Z,1.142988,1.143249,1.142988,1.143118
2026-07-07T18:30:00Z,1.143118,1.143249,1.142988,1.143118
2026-07-07T18:45:00Z,1.143249,1.143249,1.142204,1.142204
2026-07-07T19:00:00Z,1.142074,1.142074,1.141553,1.141553
2026-07-07T19:15:00Z,1.141422,1.141683,1.141162,1.141683
2026-07-07T19:30:00Z,1.141683,1.141944,1.141683,1.141944
2026-07-07T19:45:00Z,1.141813,1.141944,1.141813,1.141944
2026-07-07T20:00:00Z,1.141813,1.142074,1.141683,1.141683
2026-07-07T20:15:00Z,1.141683,1.141813,1.141683,1.141683
2026-07-07T20:30:00Z,1.141683,1.141683,1.141422,1.141553
2026-07-07T20:45:00Z,1.141553,1.141553,1.141422,1.141553
2026-07-07T21:00:00Z,1.142727,1.142727,1.141292,1.141292
2026-07-07T21:15:00Z,1.141422,1.141422,1.140901,1.140901
2026-07-07T21:30:00Z,1.141032,1.141032,1.140381,1.141032
2026-07-07T21:45:00Z,1.141032,1.141162,1.140771,1.141162
2026-07-07T22:00:00Z,1.141162,1.141162,1.140901,1.140901
2026-07-07T22:15:00Z,1.140901,1.141032,1.140771,1.140771
2026-07-07T22:30:00Z,1.140901,1.140901,1.140641,1.140771
2026-07-07T22:45:00Z,1.140771,1.141032,1.140771,1.141032
2026-07-07T23:00:00Z,1.141032,1.141162,1.140771,1.140771
2026-07-07T23:15:00Z,1.140771,1.140901,1.140771,1.140771
2026-07-07T23:30:00Z,1.140771,1.141032,1.140771,1.140771
2026-07-07T23:45:00Z,1.140771,1.140771,1.140381,1.140511
2026-07-08T00:00:00Z,1.140381,1.140901,1.140381,1.140901
2026-07-08T00:15:00Z,1.140901,1.141162,1.140641,1.141032
2026-07-08T00:30:00Z,1.141032,1.141553,1.141032,1.141422
2026-07-08T00:45:00Z,1.141292,1.141422,1.141032,1.141162
2026-07-08T01:00:00Z,1.141162,1.141292,1.141032,1.141032
2026-07-08T01:15:00Z,1.141032,1.141032,1.140771,1.140771
2026-07-08T01:30:00Z,1.140771,1.140771,1.140251,1.140251
2026-07-08T01:45:00Z,1.140511,1.140901,1.140381,1.140901
2026-07-08T02:00:00Z,1.140901,1.141032,1.140771,1.140901
2026-07-08T02:15:00Z,1.141162,1.141553,1.141162,1.141422
2026-07-08T02:30:00Z,1.141422,1.141553,1.141292,1.141553
2026-07-08T02:45:00Z,1.141553,1.141553,1.141422,1.141553
2026-07-08T03:00:00Z,1.141553,1.141813,1.141553,1.141813
2026-07-08T03:15:00Z,1.141944,1.141944,1.141813,1.141813
2026-07-08T03:30:00Z,1.141813,1.141813,1.141683,1.141683
2026-07-08T03:45:00Z,1.141813,1.141813,1.141683,1.141683
2026-07-08T04:00:00Z,1.141683,1.141683,1.141553,1.141553
2026-07-08T04:15:00Z,1.141553,1.141683,1.141422,1.141683
2026-07-08T04:30:00Z,1.141683,1.141944,1.141683,1.141813
2026-07-08T04:45:00Z,1.141813,1.141813,1.141683,1.141813
2026-07-08T05:00:00Z,1.141813,1.142204,1.141813,1.141944
2026-07-08T05:15:00Z,1.141944,1.141944,1.141553,1.141683
2026-07-08T05:30:00Z,1.141813,1.142335,1.141813,1.142335
2026-07-08T05:45:00Z,1.142335,1.142335,1.142074,1.142335
2026-07-08T06:00:00Z,1.142465,1.142596,1.142204,1.142204
2026-07-08T06:15:00Z,1.142335,1.142596,1.142335,1.142596
2026-07-08T06:30:00Z,1.142596,1.142727,1.142335,1.142465
2026-07-08T06:45:00Z,1.142465,1.142465,1.142204,1.142465
2026-07-08T07:00:00Z,1.142596,1.142596,1.142204,1.142335
2026-07-08T07:15:00Z,1.142204,1.143118,1.142074,1.142988
2026-07-08T07:30:00Z,1.143249,1.143380,1.142988,1.143249
2026-07-08T07:45:00Z,1.143249,1.143249,1.142988,1.142988
2026-07-08T08:00:00Z,1.142857,1.143118,1.142727,1.142727
2026-07-08T08:15:00Z,1.142857,1.142857,1.140901,1.141683
2026-07-08T08:30:00Z,1.141813,1.141944,1.140901,1.141162
2026-07-08T08:45:00Z,1.141683,1.142204,1.141422,1.141422
2026-07-08T09:00:00Z,1.141162,1.141292,1.140121,1.140121
2026-07-08T09:15:00Z,1.140121,1.141032,1.140121,1.140771
2026-07-08T09:30:00Z,1.140901,1.141292,1.140901,1.141292
2026-07-08T09:45:00Z,1.141292,1.141422,1.140771,1.140901
2026-07-08T10:00:00Z,1.140901,1.141032,1.140511,1.140641
2026-07-08T10:15:00Z,1.140511,1.141683,1.140511,1.141422
2026-07-08T10:30:00Z,1.141422,1.141683,1.141422,1.141683
2026-07-08T10:45:00Z,1.141553,1.141683,1.141162,1.141162
2026-07-08T11:00:00Z,1.141162,1.141162,1.140901,1.141032
2026-07-08T11:15:00Z,1.141162,1.141292,1.140901,1.140901
2026-07-08T11:30:00Z,1.140901,1.140901,1.139731,1.140771
2026-07-08T11:45:00Z,1.140641,1.140641,1.139991,1.139991
2026-07-08T12:00:00Z,1.140251,1.140771,1.140121,1.140511
2026-07-08T12:15:00Z,1.140641,1.140901,1.140641,1.140771
2026-07-08T12:30:00Z,1.140901,1.140901,1.140641,1.140901
2026-07-08T12:45:00Z,1.140901,1.141032,1.139991,1.139991
2026-07-08T13:00:00Z,1.140121,1.140641,1.140121,1.140511
2026-07-08T13:15:00Z,1.140251,1.140771,1.140121,1.140771
2026-07-08T13:30:00Z,1.140771,1.141422,1.140771,1.141422
2026-07-08T13:45:00Z,1.141422,1.141683,1.141162,1.141162
2026-07-08T14:00:00Z,1.141292,1.141553,1.141032,1.141162
2026-07-08T14:15:00Z,1.141032,1.141422,1.141032,1.141292
2026-07-08T14:30:00Z,1.141032,1.141162,1.140771,1.140901
2026-07-08T14:45:00Z,1.140901,1.141032,1.140901,1.141032
2026-07-08T15:00:00Z,1.140901,1.141422,1.140641,1.140641
2026-07-08T15:15:00Z,1.140381,1.140511,1.140251,1.140381
2026-07-08T15:30:00Z,1.140121,1.140251,1.139471,1.139601
2026-07-08T15:45:00Z,1.139601,1.139991,1.139601,1.139861
2026-07-08T16:00:00Z,1.139861,1.140251,1.139861,1.140251
2026-07-08T16:15:00Z,1.139991,1.140641,1.139991,1.140511
2026-07-08T16:30:00Z,1.140511,1.141422,1.140511,1.141422
2026-07-08T16:45:00Z,1.141422,1.141813,1.141422,1.141683
2026-07-08T17:00:00Z,1.141813,1.142596,1.141813,1.142596
2026-07-08T17:15:00Z,1.142596,1.142857,1.142465,1.142857
2026-07-08T17:30:00Z,1.142988,1.142988,1.142465,1.142465
2026-07-08T17:45:00Z,1.142465,1.142596,1.142204,1.142204
2026-07-08T18:00:00Z,1.142204,1.143118,1.142204,1.143118
2026-07-08T18:15:00Z,1.142988,1.143118,1.142988,1.142988
2026-07-08T18:30:00Z,1.142857,1.143118,1.142727,1.143118
2026-07-08T18:45:00Z,1.143118,1.143118,1.142857,1.142988
2026-07-08T19:00:00Z,1.143118,1.143249,1.142988,1.143118
2026-07-08T19:15:00Z,1.143249,1.143249,1.143118,1.143118
2026-07-08T19:30:00Z,1.143249,1.143249,1.143118,1.143118
2026-07-08T19:45:00Z,1.142988,1.143249,1.142596,1.143118
2026-07-08T20:00:00Z,1.142988,1.143118,1.142857,1.142857
2026-07-08T20:15:00Z,1.142857,1.142857,1.142335,1.142465
2026-07-08T20:30:00Z,1.142335,1.142335,1.141813,1.141944
2026-07-08T20:45:00Z,1.141944,1.142074,1.141944,1.142074
2026-07-08T21:00:00Z,1.142074,1.142596,1.141813,1.142465
2026-07-08T21:15:00Z,1.142335,1.142727,1.142074,1.142727
2026-07-08T21:30:00Z,1.142335,1.142596,1.141944,1.142074
2026-07-08T21:45:00Z,1.142074,1.142335,1.141944,1.142204
2026-07-08T22:00:00Z,1.142074,1.142074,1.141944,1.142074
2026-07-08T22:15:00Z,1.142074,1.142074,1.142074,1.142074
2026-07-08T22:30:00Z,1.142074,1.142204,1.142074,1.142204
2026-07-08T22:45:00Z,1.142204,1.142204,1.142074,1.142204
2026-07-08T23:00:00Z,1.142204,1.142335,1.142074,1.142074
2026-07-08T23:15:00Z,1.142074,1.142204,1.142074,1.142204
2026-07-08T23:30:00Z,1.142204,1.142335,1.142204,1.142335
2026-07-08T23:45:00Z,1.142465,1.142465,1.142335,1.142465
2026-07-09T00:00:00Z,1.142465,1.143249,1.142465,1.143118
2026-07-09T00:15:00Z,1.143118,1.143118,1.142857,1.142988
2026-07-09T00:30:00Z,1.143249,1.143249,1.142988,1.142988
2026-07-09T00:45:00Z,1.142988,1.142988,1.142727,1.142857
2026-07-09T01:00:00Z,1.142857,1.142988,1.142596,1.142596
2026-07-09T01:15:00Z,1.142727,1.142727,1.142465,1.142465
2026-07-09T01:30:00Z,1.142465,1.142857,1.142335,1.142727
2026-07-09T01:45:00Z,1.142596,1.142857,1.142465,1.142857
2026-07-09T02:00:00Z,1.142857,1.143118,1.142857,1.142988
2026-07-09T02:15:00Z,1.143118,1.143118,1.142988,1.142988
2026-07-09T02:30:00Z,1.142988,1.142988,1.142727,1.142857
2026-07-09T02:45:00Z,1.142988,1.142988,1.142727,1.142727
2026-07-09T03:00:00Z,1.142727,1.142857,1.142727,1.142857
2026-07-09T03:15:00Z,1.142727,1.142988,1.142596,1.142857
2026-07-09T03:30:00Z,1.143118,1.143380,1.143118,1.143118
2026-07-09T03:45:00Z,1.143118,1.143118,1.142988,1.142988
2026-07-09T04:00:00Z,1.142988,1.143118,1.142857,1.142988
2026-07-09T04:15:00Z,1.142988,1.143118,1.142727,1.142857
2026-07-09T04:30:00Z,1.142857,1.142988,1.142857,1.142857
2026-07-09T04:45:00Z,1.142857,1.142988,1.142857,1.142988
2026-07-09T05:00:00Z,1.142988,1.143511,1.142988,1.143511
2026-07-09T05:15:00Z,1.143511,1.143511,1.143249,1.143511
2026-07-09T05:30:00Z,1.143511,1.143641,1.143380,1.143380
2026-07-09T05:45:00Z,1.143511,1.143641,1.143380,1.143380
2026-07-09T06:00:00Z,1.143772,1.144034,1.143772,1.143772
2026-07-09T06:15:00Z,1.143772,1.145082,1.143772,1.144951
2026-07-09T06:30:00Z,1.144820,1.145082,1.144558,1.144689
2026-07-09T06:45:00Z,1.144820,1.144820,1.144427,1.144427
2026-07-09T07:00:00Z,1.144558,1.144558,1.143903,1.144034
2026-07-09T07:15:00Z,1.144034,1.144296,1.143903,1.144165
2026-07-09T07:30:00Z,1.144165,1.144165,1.143772,1.143772
2026-07-09T07:45:00Z,1.143903,1.143903,1.143641,1.143772
2026-07-09T08:00:00Z,1.143903,1.144165,1.143772,1.143772
2026-07-09T08:15:00Z,1.143903,1.144034,1.143772,1.144034
2026-07-09T08:30:00Z,1.144034,1.144034,1.143511,1.143511
2026-07-09T08:45:00Z,1.143511,1.143511,1.142857,1.142988
2026-07-09T09:00:00Z,1.142988,1.143118,1.142727,1.142988
2026-07-09T09:15:00Z,1.142988,1.143118,1.142857,1.143118
2026-07-09T09:30:00Z,1.142988,1.143118,1.142857,1.142857
2026-07-09T09:45:00Z,1.142988,1.143511,1.142988,1.143380
2026-07-09T10:00:00Z,1.143380,1.143380,1.143118,1.143249
2026-07-09T10:15:00Z,1.143249,1.143249,1.142988,1.143118
2026-07-09T10:30:00Z,1.142988,1.143511,1.142988,1.143118
2026-07-09T10:45:00Z,1.143118,1.143118,1.142465,1.142596
2026-07-09T11:00:00Z,1.142596,1.142857,1.142596,1.142857
2026-07-09T11:15:00Z,1.142857,1.142988,1.142727,1.142727
2026-07-09T11:30:00Z,1.142727,1.142988,1.142727,1.142988
2026-07-09T11:45:00Z,1.142988,1.143249,1.142857,1.143249
2026-07-09T12:00:00Z,1.143380,1.143903,1.143249,1.143641
2026-07-09T12:15:00Z,1.143772,1.143772,1.143511,1.143511
2026-07-09T12:30:00Z,1.143641,1.143903,1.142988,1.142988
2026-07-09T12:45:00Z,1.143118,1.143118,1.142727,1.142727
2026-07-09T13:00:00Z,1.142857,1.143380,1.142857,1.143249
2026-07-09T13:15:00Z,1.143511,1.143903,1.143380,1.143772
2026-07-09T13:30:00Z,1.143772,1.143903,1.143511,1.143772
2026-07-09T13:45:00Z,1.143903,1.144165,1.143772,1.144165
2026-07-09T14:00:00Z,1.144296,1.144820,1.144296,1.144427
2026-07-09T14:15:00Z,1.144296,1.144427,1.144034,1.144296
2026-07-09T14:30:00Z,1.144296,1.144427,1.143903,1.143903
2026-07-09T14:45:00Z,1.143903,1.143903,1.143511,1.143641
2026-07-09T15:00:00Z,1.143641,1.143903,1.143380,1.143511
2026-07-09T15:15:00Z,1.143511,1.143772,1.143249,1.143641
2026-07-09T15:30:00Z,1.143772,1.144034,1.143511,1.144034
2026-07-09T15:45:00Z,1.143903,1.144296,1.143903,1.144165
2026-07-09T16:00:00Z,1.144296,1.144296,1.144165,1.144296
2026-07-09T16:15:00Z,1.144427,1.144427,1.143903,1.144034
2026-07-09T16:30:00Z,1.143903,1.144296,1.143903,1.144296
2026-07-09T16:45:00Z,1.144296,1.144427,1.144034,1.144034
2026-07-09T17:00:00Z,1.144034,1.144165,1.143903,1.144034
2026-07-09T17:15:00Z,1.143903,1.144427,1.143903,1.144296
2026-07-09T17:30:00Z,1.144296,1.144296,1.143903,1.144034
2026-07-09T17:45:00Z,1.144034,1.144165,1.144034,1.144034
2026-07-09T18:00:00Z,1.144165,1.144165,1.143772,1.143772
2026-07-09T18:15:00Z,1.143903,1.143903,1.143511,1.143511
2026-07-09T18:30:00Z,1.143511,1.143641,1.143511,1.143641
2026-07-09T18:45:00Z,1.143641,1.143772,1.143511,1.143641
2026-07-09T19:00:00Z,1.143772,1.143772,1.143380,1.143511
2026-07-09T19:15:00Z,1.143511,1.143511,1.143249,1.143249
2026-07-09T19:30:00Z,1.143249,1.143249,1.142988,1.142988
2026-07-09T19:45:00Z,1.142988,1.143118,1.142988,1.143118
2026-07-09T20:00:00Z,1.143118,1.143249,1.143118,1.143249
2026-07-09T20:15:00Z,1.143249,1.143380,1.143249,1.143249
2026-07-09T20:30:00Z,1.143249,1.143380,1.143249,1.143380
2026-07-09T20:45:00Z,1.143249,1.143249,1.143118,1.143249
2026-07-09T21:00:00Z,1.143772,1.143772,1.142857,1.142988
2026-07-09T21:15:00Z,1.143249,1.143380,1.142465,1.142465
2026-07-09T21:30:00Z,1.142596,1.143772,1.142596,1.143249
2026-07-09T21:45:00Z,1.143118,1.143641,1.143118,1.143511
2026-07-09T22:00:00Z,1.143380,1.143641,1.143249,1.143511
2026-07-09T22:15:00Z,1.143641,1.143641,1.143641,1.143641
2026-07-09T22:30:00Z,1.143641,1.143641,1.143641,1.143641
2026-07-09T22:45:00Z,1.143641,1.143641,1.143641,1.143641
2026-07-09T23:00:00Z,1.143641,1.143772,1.143641,1.143641
2026-07-09T23:15:00Z,1.143641,1.143641,1.143511,1.143511
2026-07-09T23:30:00Z,1.143511,1.143641,1.143511,1.143641
2026-07-09T23:45:00Z,1.143772,1.143772,1.143511,1.143641
2026-07-10T00:00:00Z,1.143641,1.143772,1.143511,1.143511
2026-07-10T00:15:00Z,1.143641,1.143641,1.143380,1.143380
2026-07-10T00:30:00Z,1.143380,1.143772,1.143380,1.143772
2026-07-10T00:45:00Z,1.144034,1.144558,1.143903,1.144427
2026-07-10T01:00:00Z,1.144296,1.144689,1.144165,1.144689
2026-07-10T01:15:00Z,1.144820,1.145082,1.144558,1.144558
2026-07-10T01:30:00Z,1.144558,1.144820,1.144558,1.144689
2026-07-10T01:45:00Z,1.144689,1.145213,1.144558,1.145213
2026-07-10T02:00:00Z,1.145082,1.145869,1.145082,1.145869
2026-07-10T02:15:00Z,1.146132,1.146263,1.146000,1.146132
2026-07-10T02:30:00Z,1.146132,1.146132,1.145869,1.146132
2026-07-10T02:45:00Z,1.146263,1.146395,1.146132,1.146132
2026-07-10T03:00:00Z,1.146263,1.146263,1.145869,1.145869
2026-07-10T03:15:00Z,1.145869,1.146000,1.145738,1.145869
2026-07-10T03:30:00Z,1.146000,1.146000,1.145738,1.145738
2026-07-10T03:45:00Z,1.145738,1.145738,1.145213,1.145344
2026-07-10T04:00:00Z,1.145213,1.145213,1.145082,1.145213
2026-07-10T04:15:00Z,1.145213,1.145213,1.144820,1.144951
2026-07-10T04:30:00Z,1.144951,1.144951,1.144558,1.144558
2026-07-10T04:45:00Z,1.144558,1.144558,1.144427,1.144558
2026-07-10T05:00:00Z,1.144558,1.144689,1.144427,1.144427
2026-07-10T05:15:00Z,1.144427,1.144427,1.144034,1.144165
2026-07-10T05:30:00Z,1.144034,1.144165,1.143903,1.144034
2026-07-10T05:45:00Z,1.144165,1.144427,1.144165,1.144296
2026-07-10T06:00:00Z,1.144296,1.144689,1.144296,1.144689
2026-07-10T06:15:00Z,1.144689,1.145082,1.144558,1.144558
2026-07-10T06:30:00Z,1.144558,1.144951,1.144427,1.144427
2026-07-10T06:45:00Z,1.144296,1.144558,1.144296,1.144558
2026-07-10T07:00:00Z,1.144427,1.144558,1.144165,1.144296
2026-07-10T07:15:00Z,1.144034,1.144558,1.144034,1.144296
2026-07-10T07:30:00Z,1.144427,1.144427,1.144165,1.144427
2026-07-10T07:45:00Z,1.144296,1.144427,1.144034,1.144034
2026-07-10T08:00:00Z,1.144034,1.144558,1.144034,1.144034
2026-07-10T08:15:00Z,1.144034,1.144034,1.143511,1.143772
2026-07-10T08:30:00Z,1.143903,1.143903,1.143511,1.143772
2026-07-10T08:45:00Z,1.143772,1.143772,1.143380,1.143380
2026-07-10T09:00:00Z,1.143380,1.143641,1.143380,1.143641
2026-07-10T09:15:00Z,1.143641,1.143641,1.143380,1.143641
2026-07-10T09:30:00Z,1.143511,1.143641,1.143249,1.143249
2026-07-10T09:45:00Z,1.143380,1.143380,1.142988,1.143118
2026-07-10T10:00:00Z,1.143118,1.143249,1.142988,1.143249
2026-07-10T10:15:00Z,1.143249,1.143641,1.143249,1.143641
2026-07-10T10:30:00Z,1.143641,1.143641,1.143380,1.143511
2026-07-10T10:45:00Z,1.143511,1.143903,1.143380,1.143641
2026-07-10T11:00:00Z,1.143641,1.143772,1.143380,1.143511
2026-07-10T11:15:00Z,1.143380,1.143511,1.143118,1.143249
2026-07-10T11:30:00Z,1.143249,1.143380,1.142988,1.143249
2026-07-10T11:45:00Z,1.143249,1.143511,1.143249,1.143511
2026-07-10T12:00:00Z,1.143511,1.144034,1.142988,1.144034
2026-07-10T12:15:00Z,1.143772,1.143772,1.143249,1.143249
2026-07-10T12:30:00Z,1.143380,1.143380,1.142857,1.142988
2026-07-10T12:45:00Z,1.142988,1.143249,1.142727,1.143249
2026-07-10T13:00:00Z,1.143249,1.143249,1.142335,1.142465
2026-07-10T13:15:00Z,1.142465,1.142596,1.142335,1.142465
2026-07-10T13:30:00Z,1.142465,1.142988,1.142335,1.142988
2026-07-10T13:45:00Z,1.142857,1.142857,1.142335,1.142335
2026-07-10T14:00:00Z,1.142204,1.142596,1.142074,1.142596
2026-07-10T14:15:00Z,1.142596,1.142988,1.142465,1.142857
2026-07-10T14:30:00Z,1.142988,1.143118,1.141813,1.142596
2026-07-10T14:45:00Z,1.142335,1.142596,1.142204,1.142596
2026-07-10T15:00:00Z,1.142596,1.143118,1.142596,1.143118
2026-07-10T15:15:00Z,1.143118,1.143772,1.143118,1.143511
2026-07-10T15:30:00Z,1.143641,1.143772,1.143511,1.143641
2026-07-10T15:45:00Z,1.143641,1.144165,1.143511,1.144165
2026-07-10T16:00:00Z,1.144034,1.144296,1.144034,1.144296
2026-07-10T16:15:00Z,1.144296,1.144427,1.144034,1.144296
2026-07-10T16:30:00Z,1.144165,1.144296,1.143903,1.143903
2026-07-10T16:45:00Z,1.143772,1.143903,1.143380,1.143380
2026-07-10T17:00:00Z,1.143380,1.143380,1.142988,1.143118
2026-07-10T17:15:00Z,1.143118,1.143118,1.142596,1.142727
2026-07-10T17:30:00Z,1.142857,1.142857,1.142335,1.142465
2026-07-10T17:45:00Z,1.142465,1.142596,1.142074,1.142074
2026-07-10T18:00:00Z,1.142074,1.142074,1.141944,1.141944
2026-07-10T18:15:00Z,1.142074,1.142074,1.141813,1.141813
2026-07-10T18:30:00Z,1.141683,1.141813,1.141553,1.141553
2026-07-10T18:45:00Z,1.141683,1.141944,1.141683,1.141944
2026-07-10T19:00:00Z,1.141944,1.141944,1.141813,1.141944
2026-07-10T19:15:00Z,1.141813,1.141944,1.141813,1.141944
2026-07-10T19:30:00Z,1.141944,1.141944,1.141813,1.141813
2026-07-10T19:45:00Z,1.141813,1.141944,1.141683,1.141944
2026-07-10T20:00:00Z,1.141944,1.142204,1.141813,1.141944
2026-07-10T20:15:00Z,1.141944,1.142074,1.141683,1.141683
2026-07-10T20:30:00Z,1.141683,1.141683,1.141553,1.141683
2026-07-10T20:45:00Z,1.141683,1.141813,1.141683,1.141683
2026-07-10T21:00:00Z,1.141944,1.141944,1.141944,1.141944
2026-07-10T21:15:00Z,1.141944,1.141944,1.141944,1.141944
2026-07-12T23:00:00Z,1.139731,1.139861,1.139731,1.139861
2026-07-12T23:15:00Z,1.139991,1.140251,1.139991,1.140121
2026-07-12T23:30:00Z,1.140121,1.140251,1.139991,1.140251
2026-07-12T23:45:00Z,1.140251,1.140641,1.140251,1.140641
2026-07-13T00:00:00Z,1.140771,1.140771,1.140381,1.140381
2026-07-13T00:15:00Z,1.140381,1.140641,1.140121,1.140511
2026-07-13T00:30:00Z,1.140511,1.140641,1.139861,1.139861
2026-07-13T00:45:00Z,1.139991,1.140121,1.139861,1.139861
2026-07-13T01:00:00Z,1.139861,1.139861,1.139341,1.139471
2026-07-13T01:15:00Z,1.139471,1.139601,1.138952,1.139082
2026-07-13T01:30:00Z,1.139212,1.139861,1.139212,1.139861
2026-07-13T01:45:00Z,1.139861,1.139991,1.139731,1.139991
2026-07-13T02:00:00Z,1.140121,1.140121,1.139731,1.139861
2026-07-13T02:15:00Z,1.139731,1.139991,1.139731,1.139731
2026-07-13T02:30:00Z,1.139861,1.140251,1.139861,1.140251
2026-07-13T02:45:00Z,1.140251,1.140251,1.139861,1.139861
2026-07-13T03:00:00Z,1.139861,1.139861,1.139471,1.139471
2026-07-13T03:15:00Z,1.139601,1.139861,1.139601,1.139731
2026-07-13T03:30:00Z,1.139861,1.139991,1.139861,1.139991
2026-07-13T03:45:00Z,1.139991,1.140121,1.139861,1.140121
2026-07-13T04:00:00Z,1.140251,1.140251,1.139991,1.140121
2026-07-13T04:15:00Z,1.140251,1.140251,1.140121,1.140251
2026-07-13T04:30:00Z,1.140511,1.140641,1.140381,1.140381
2026-07-13T04:45:00Z,1.140381,1.140771,1.140381,1.140771
2026-07-13T05:00:00Z,1.140771,1.141162,1.140771,1.141162
2026-07-13T05:15:00Z,1.141162,1.141162,1.140511,1.140511
2026-07-13T05:30:00Z,1.140511,1.140641,1.140381,1.140511
2026-07-13T05:45:00Z,1.140381,1.140771,1.140121,1.140121
2026-07-13T06:00:00Z,1.140251,1.140251,1.139991,1.139991
2026-07-13T06:15:00Z,1.139991,1.140511,1.139991,1.140511
2026-07-13T06:30:00Z,1.140641,1.141032,1.140641,1.140901
2026-07-13T06:45:00Z,1.140771,1.141032,1.140381,1.140381
2026-07-13T07:00:00Z,1.140511,1.141292,1.140511,1.141032
2026-07-13T07:15:00Z,1.141162,1.141162,1.141032,1.141162
2026-07-13T07:30:00Z,1.141162,1.142465,1.141032,1.142074
2026-07-13T07:45:00Z,1.141944,1.142857,1.141944,1.142727
2026-07-13T08:00:00Z,1.142727,1.144558,1.142727,1.144296
2026-07-13T08:15:00Z,1.144427,1.144951,1.144165,1.144165
2026-07-13T08:30:00Z,1.144165,1.144427,1.143903,1.144296
2026-07-13T08:45:00Z,1.144296,1.144296,1.143903,1.143903
2026-07-13T09:00:00Z,1.143903,1.144034,1.143511,1.143511
2026-07-13T09:15:00Z,1.143511,1.143641,1.143249,1.143511
2026-07-13T09:30:00Z,1.143511,1.143641,1.143118,1.143249
2026-07-13T09:45:00Z,1.143249,1.143380,1.143118,1.143380
2026-07-13T10:00:00Z,1.143511,1.143772,1.143380,1.143511
2026-07-13T10:15:00Z,1.143511,1.143511,1.143249,1.143249
2026-07-13T10:30:00Z,1.143249,1.143380,1.142988,1.143380
2026-07-13T10:45:00Z,1.143249,1.143903,1.143249,1.143903
2026-07-13T11:00:00Z,1.143903,1.144034,1.143249,1.143249
2026-07-13T11:15:00Z,1.143380,1.143380,1.142857,1.143249
2026-07-13T11:30:00Z,1.143249,1.143380,1.143118,1.143249
2026-07-13T11:45:00Z,1.143249,1.143380,1.143118,1.143118
2026-07-13T12:00:00Z,1.143118,1.143249,1.142465,1.142596
2026-07-13T12:15:00Z,1.142596,1.142857,1.142465,1.142727
2026-07-13T12:30:00Z,1.142727,1.143249,1.142727,1.142988
2026-07-13T12:45:00Z,1.142857,1.143249,1.142727,1.143249
2026-07-13T13:00:00Z,1.143511,1.143511,1.142988,1.142988
2026-07-13T13:15:00Z,1.142988,1.142988,1.142727,1.142857
2026-07-13T13:30:00Z,1.142727,1.143118,1.142335,1.142465
2026-07-13T13:45:00Z,1.142335,1.142465,1.141813,1.141813
2026-07-13T14:00:00Z,1.141813,1.141813,1.141422,1.141683
2026-07-13T14:15:00Z,1.141683,1.141683,1.140641,1.141032
2026-07-13T14:30:00Z,1.141162,1.141162,1.140251,1.140511
2026-07-13T14:45:00Z,1.140641,1.140901,1.140121,1.140641
2026-07-13T15:00:00Z,1.140901,1.140901,1.140121,1.140121
2026-07-13T15:15:00Z,1.140121,1.140511,1.139991,1.140251
2026-07-13T15:30:00Z,1.140251,1.140381,1.139991,1.140251
2026-07-13T15:45:00Z,1.140381,1.140641,1.140121,1.140641
2026-07-13T16:00:00Z,1.140511,1.140511,1.140381,1.140381
2026-07-13T16:15:00Z,1.140511,1.140511,1.139601,1.139601
2026-07-13T16:30:00Z,1.139341,1.139341,1.138693,1.139212
2026-07-13T16:45:00Z,1.139341,1.139341,1.138822,1.139082
2026-07-13T17:00:00Z,1.139212,1.139341,1.138952,1.139082
2026-07-13T17:15:00Z,1.139082,1.139212,1.138952,1.139082
2026-07-13T17:30:00Z,1.139082,1.139212,1.138952,1.139212
2026-07-13T17:45:00Z,1.139212,1.139341,1.138952,1.138952
2026-07-13T18:00:00Z,1.138952,1.139212,1.138822,1.139082
2026-07-13T18:15:00Z,1.138952,1.139082,1.138952,1.138952
2026-07-13T18:30:00Z,1.138952,1.139212,1.138952,1.139082
2026-07-13T18:45:00Z,1.139082,1.139082,1.138952,1.138952
2026-07-13T19:00:00Z,1.139082,1.139082,1.138563,1.138563
2026-07-13T19:15:00Z,1.138563,1.138693,1.138563,1.138693
2026-07-13T19:30:00Z,1.138693,1.138822,1.138563,1.138693
2026-07-13T19:45:00Z,1.138693,1.138693,1.138563,1.138563
2026-07-13T20:00:00Z,1.138693,1.138822,1.138304,1.138304
2026-07-13T20:15:00Z,1.138304,1.138304,1.138174,1.138174
2026-07-13T20:30:00Z,1.138304,1.138304,1.138174,1.138304
2026-07-13T20:45:00Z,1.138304,1.138433,1.138174,1.138433
2026-07-13T21:00:00Z,1.139341,1.139341,1.138174,1.138563
2026-07-13T21:15:00Z,1.138563,1.139082,1.138563,1.138563
2026-07-13T21:30:00Z,1.138693,1.139082,1.138563,1.138563
2026-07-13T21:45:00Z,1.138693,1.138952,1.138433,1.138433
2026-07-13T22:00:00Z,1.138563,1.138693,1.138433,1.138563
2026-07-13T22:15:00Z,1.138693,1.138693,1.138693,1.138693
2026-07-13T22:30:00Z,1.138693,1.138822,1.138693,1.138822
2026-07-13T22:45:00Z,1.138822,1.138822,1.138433,1.138433
2026-07-13T23:00:00Z,1.138433,1.138563,1.138433,1.138563
2026-07-13T23:15:00Z,1.138433,1.138563,1.138304,1.138433
2026-07-13T23:30:00Z,1.138433,1.138693,1.138433,1.138563
2026-07-13T23:45:00Z,1.138693,1.138693,1.138563,1.138563
2026-07-14T00:00:00Z,1.138693,1.138822,1.138563,1.138822
2026-07-14T00:15:00Z,1.138822,1.138822,1.138174,1.138304
2026-07-14T00:30:00Z,1.138304,1.138822,1.138304,1.138822
2026-07-14T00:45:00Z,1.138952,1.139212,1.138952,1.138952
2026-07-14T01:00:00Z,1.138822,1.139082,1.138822,1.138952
2026-07-14T01:15:00Z,1.139082,1.139212,1.138822,1.138822
2026-07-14T01:30:00Z,1.138822,1.139082,1.138822,1.139082
2026-07-14T01:45:00Z,1.139082,1.139341,1.138952,1.139212
2026-07-14T02:00:00Z,1.139212,1.139341,1.139212,1.139341
2026-07-14T02:15:00Z,1.139341,1.139731,1.139341,1.139731
2026-07-14T02:30:00Z,1.139731,1.139731,1.139601,1.139601
2026-07-14T02:45:00Z,1.139601,1.139601,1.139471,1.139471
2026-07-14T03:00:00Z,1.139471,1.139601,1.139212,1.139471
2026-07-14T03:15:00Z,1.139471,1.139601,1.139212,1.139601
2026-07-14T03:30:00Z,1.139601,1.139861,1.139601,1.139731
2026-07-14T03:45:00Z,1.139731,1.139861,1.139731,1.139731
2026-07-14T04:00:00Z,1.139731,1.139731,1.139471,1.139601
2026-07-14T04:15:00Z,1.139601,1.139731,1.139601,1.139731
2026-07-14T04:30:00Z,1.139601,1.139731,1.139471,1.139471
2026-07-14T04:45:00Z,1.139601,1.139601,1.139082,1.139341
2026-07-14T05:00:00Z,1.139471,1.139601,1.139471,1.139601
2026-07-14T05:15:00Z,1.139601,1.139731,1.139601,1.139731
2026-07-14T05:30:00Z,1.139731,1.139861,1.139601,1.139731
2026-07-14T05:45:00Z,1.139731,1.139731,1.139471,1.139471
2026-07-14T06:00:00Z,1.139471,1.139471,1.139212,1.139212
2026-07-14T06:15:00Z,1.139212,1.139212,1.138952,1.138952
2026-07-14T06:30:00Z,1.139082,1.139731,1.139082,1.139212
2026-07-14T06:45:00Z,1.139082,1.139082,1.138822,1.138952
2026-07-14T07:00:00Z,1.138822,1.139212,1.138822,1.139082
2026-07-14T07:15:00Z,1.138952,1.139731,1.138952,1.139731
2026-07-14T07:30:00Z,1.139601,1.139601,1.139341,1.139341
2026-07-14T07:45:00Z,1.139601,1.139991,1.139601,1.139861
2026-07-14T08:00:00Z,1.139861,1.140121,1.139731,1.140121
2026-07-14T08:15:00Z,1.139991,1.140251,1.139991,1.140251
2026-07-14T08:30:00Z,1.140381,1.140901,1.140121,1.140901
2026-07-14T08:45:00Z,1.140901,1.140901,1.140381,1.140381
2026-07-14T09:00:00Z,1.140251,1.140771,1.140251,1.140641
2026-07-14T09:15:00Z,1.140641,1.140641,1.140121,1.140251
2026-07-14T09:30:00Z,1.140121,1.140121,1.139861,1.139861
2026-07-14T09:45:00Z,1.139861,1.140641,1.139861,1.140381
2026-07-14T10:00:00Z,1.140381,1.140511,1.140121,1.140121
2026-07-14T10:15:00Z,1.140121,1.140251,1.139731,1.139861
2026-07-14T10:30:00Z,1.139861,1.139991,1.139731,1.139731
2026-07-14T10:45:00Z,1.139861,1.139861,1.139471,1.139471
2026-07-14T11:00:00Z,1.139471,1.140121,1.139341,1.139601
2026-07-14T11:15:00Z,1.139731,1.139991,1.139601,1.139861
2026-07-14T11:30:00Z,1.139991,1.140771,1.139861,1.140771
2026-07-14T11:45:00Z,1.140511,1.141162,1.140511,1.141032
2026-07-14T12:00:00Z,1.140901,1.141032,1.140771,1.140901
2026-07-14T12:15:00Z,1.140901,1.141813,1.140771,1.141813
2026-07-14T12:30:00Z,1.144951,1.146263,1.144296,1.146132
2026-07-14T12:45:00Z,1.146000,1.146132,1.144689,1.144689
2026-07-14T13:00:00Z,1.144820,1.145738,1.144820,1.144820
2026-07-14T13:15:00Z,1.144820,1.145475,1.144820,1.145344
2026-07-14T13:30:00Z,1.145344,1.145607,1.145082,1.145607
2026-07-14T13:45:00Z,1.145607,1.145738,1.145213,1.145607
2026-07-14T14:00:00Z,1.145344,1.146132,1.145344,1.145869
2026-07-14T14:15:00Z,1.145869,1.145869,1.144820,1.144951
2026-07-14T14:30:00Z,1.144689,1.145344,1.144558,1.144951
2026-07-14T14:45:00Z,1.145213,1.145344,1.144427,1.144820
2026-07-14T15:00:00Z,1.144820,1.145475,1.144689,1.145213
2026-07-14T15:15:00Z,1.145213,1.145213,1.144427,1.144427
2026-07-14T15:30:00Z,1.144427,1.144558,1.143641,1.143641
2026-07-14T15:45:00Z,1.143641,1.143903,1.142988,1.142988
2026-07-14T16:00:00Z,1.143118,1.143118,1.142857,1.143118
2026-07-14T16:15:00Z,1.143118,1.143380,1.142988,1.143249
2026-07-14T16:30:00Z,1.143380,1.143772,1.143380,1.143641
2026-07-14T16:45:00Z,1.143511,1.143641,1.143380,1.143641
2026-07-14T17:00:00Z,1.143511,1.143641,1.142857,1.142857
2026-07-14T17:15:00Z,1.142596,1.142988,1.142335,1.142857
2026-07-14T17:30:00Z,1.142857,1.142988,1.142727,1.142857
2026-07-14T17:45:00Z,1.142988,1.143118,1.142596,1.142596
2026-07-14T18:00:00Z,1.142727,1.142857,1.142596,1.142727
2026-07-14T18:15:00Z,1.142727,1.142857,1.142465,1.142465
2026-07-14T18:30:00Z,1.142465,1.142596,1.142074,1.142074
2026-07-14T18:45:00Z,1.142204,1.142596,1.142204,1.142596
2026-07-14T19:00:00Z,1.142727,1.142857,1.142596,1.142857
2026-07-14T19:15:00Z,1.142857,1.142857,1.142727,1.142857
2026-07-14T19:30:00Z,1.142727,1.142727,1.142596,1.142596
2026-07-14T19:45:00Z,1.142596,1.142727,1.142465,1.142465
2026-07-14T20:00:00Z,1.142335,1.142596,1.142204,1.142465
2026-07-14T20:15:00Z,1.142335,1.142465,1.142335,1.142335
2026-07-14T20:30:00Z,1.142204,1.142465,1.142204,1.142335
2026-07-14T20:45:00Z,1.142335,1.142465,1.142335,1.142335
2026-07-14T21:00:00Z,1.142465,1.143118,1.142465,1.142857
2026-07-14T21:15:00Z,1.142857,1.142988,1.142335,1.142857
2026-07-14T21:30:00Z,1.142727,1.142857,1.142465,1.142596
2026-07-14T21:45:00Z,1.142335,1.142727,1.142204,1.142596
2026-07-14T22:00:00Z,1.142465,1.142465,1.142074,1.142204
2026-07-14T22:15:00Z,1.142204,1.142335,1.142204,1.142335
2026-07-14T22:30:00Z,1.142335,1.142465,1.142335,1.142465
2026-07-14T22:45:00Z,1.142465,1.142465,1.142204,1.142465
2026-07-14T23:00:00Z,1.142335,1.142596,1.142335,1.142465
2026-07-14T23:15:00Z,1.142465,1.142596,1.142465,1.142596
2026-07-14T23:30:00Z,1.142596,1.142727,1.142465,1.142727
2026-07-14T23:45:00Z,1.142727,1.142857,1.142727,1.142727
2026-07-15T00:00:00Z,1.142727,1.142988,1.142727,1.142857
2026-07-15T00:15:00Z,1.142988,1.143249,1.142857,1.143249
2026-07-15T00:30:00Z,1.143380,1.143380,1.142988,1.142988
2026-07-15T00:45:00Z,1.142988,1.143772,1.142988,1.143772
2026-07-15T01:00:00Z,1.143772,1.143903,1.143511,1.143903
2026-07-15T01:15:00Z,1.143903,1.144034,1.143903,1.143903
2026-07-15T01:30:00Z,1.143903,1.144034,1.143641,1.143641
2026-07-15T01:45:00Z,1.143772,1.143903,1.143641,1.143903
2026-07-15T02:00:00Z,1.143903,1.144296,1.143772,1.144034
2026-07-15T02:15:00Z,1.143903,1.143903,1.143641,1.143772
2026-07-15T02:30:00Z,1.143903,1.144427,1.143903,1.144427
2026-07-15T02:45:00Z,1.144427,1.144427,1.144296,1.144427
2026-07-15T03:00:00Z,1.144296,1.144558,1.144165,1.144165
2026-07-15T03:15:00Z,1.144034,1.144034,1.143772,1.143772
2026-07-15T03:30:00Z,1.143772,1.144034,1.143772,1.143772
2026-07-15T03:45:00Z,1.143772,1.144165,1.143772,1.144165
2026-07-15T04:00:00Z,1.144165,1.144165,1.144034,1.144034
2026-07-15T04:15:00Z,1.144034,1.144296,1.144034,1.144296
2026-07-15T04:30:00Z,1.144165,1.144427,1.144034,1.144165
2026-07-15T04:45:00Z,1.144165,1.144296,1.144034,1.144034
2026-07-15T05:00:00Z,1.144034,1.144034,1.143903,1.144034
2026-07-15T05:15:00Z,1.144034,1.144165,1.144034,1.144034
2026-07-15T05:30:00Z,1.144034,1.144427,1.144034,1.144427
2026-07-15T05:45:00Z,1.144427,1.144689,1.144427,1.144427
2026-07-15T06:00:00Z,1.144427,1.144558,1.144296,1.144296
2026-07-15T06:15:00Z,1.144296,1.144689,1.144296,1.144558
2026-07-15T06:30:00Z,1.144558,1.144558,1.144165,1.144165
2026-07-15T06:45:00Z,1.144165,1.144165,1.143249,1.143249
2026-07-15T07:00:00Z,1.143249,1.143511,1.142988,1.143380
2026-07-15T07:15:00Z,1.143380,1.143380,1.142335,1.142335
2026-07-15T07:30:00Z,1.142596,1.142727,1.142596,1.142596
2026-07-15T07:45:00Z,1.142596,1.142857,1.142596,1.142596
2026-07-15T08:00:00Z,1.142727,1.143118,1.142596,1.142596
2026-07-15T08:15:00Z,1.142596,1.142857,1.142596,1.142727
2026-07-15T08:30:00Z,1.142857,1.142988,1.142727,1.142727
2026-07-15T08:45:00Z,1.142857,1.142857,1.142465,1.142727
2026-07-15T09:00:00Z,1.142727,1.142857,1.142465,1.142857
2026-07-15T09:15:00Z,1.142727,1.142857,1.142596,1.142596
2026-07-15T09:30:00Z,1.142596,1.142596,1.142204,1.142465
2026-07-15T09:45:00Z,1.142465,1.142465,1.142074,1.142074
2026-07-15T10:00:00Z,1.142074,1.142204,1.141683,1.141813
2026-07-15T10:15:00Z,1.141813,1.142074,1.141553,1.141683
2026-07-15T10:30:00Z,1.141683,1.141813,1.141422,1.141422
2026-07-15T10:45:00Z,1.141553,1.141813,1.141553,1.141553
2026-07-15T11:00:00Z,1.141944,1.142204,1.141944,1.142074
2026-07-15T11:15:00Z,1.142074,1.142074,1.141944,1.141944
2026-07-15T11:30:00Z,1.141944,1.142204,1.141944,1.141944
2026-07-15T11:45:00Z,1.141813,1.141813,1.141422,1.141683
2026-07-15T12:00:00Z,1.141683,1.141813,1.141032,1.141162
2026-07-15T12:15:00Z,1.141292,1.141683,1.141162,1.141553
2026-07-15T12:30:00Z,1.142074,1.142857,1.142074,1.142857
2026-07-15T12:45:00Z,1.142857,1.143249,1.142857,1.143249
2026-07-15T13:00:00Z,1.143118,1.143641,1.143118,1.143118
2026-07-15T13:15:00Z,1.143118,1.143511,1.142727,1.142857
2026-07-15T13:30:00Z,1.142727,1.143118,1.142727,1.142988
2026-07-15T13:45:00Z,1.142988,1.143772,1.142988,1.143641
2026-07-15T14:00:00Z,1.143511,1.143772,1.143380,1.143511
2026-07-15T14:15:00Z,1.143641,1.143903,1.143380,1.143511
2026-07-15T14:30:00Z,1.143641,1.144034,1.143641,1.144034
2026-07-15T14:45:00Z,1.144296,1.144427,1.143772,1.143903
2026-07-15T15:00:00Z,1.144034,1.144427,1.144034,1.144165
2026-07-15T15:15:00Z,1.143903,1.144296,1.143772,1.144165
2026-07-15T15:30:00Z,1.144296,1.144296,1.143511,1.143772
2026-07-15T15:45:00Z,1.143772,1.144034,1.143511,1.143903
2026-07-15T16:00:00Z,1.143903,1.143903,1.143380,1.143772
2026-07-15T16:15:00Z,1.143772,1.144296,1.143772,1.144296
2026-07-15T16:30:00Z,1.144165,1.144165,1.143772,1.143772
2026-07-15T16:45:00Z,1.143903,1.144558,1.143772,1.144558
2026-07-15T17:00:00Z,1.144558,1.145344,1.144558,1.145213
2026-07-15T17:15:00Z,1.145213,1.145869,1.145213,1.145869
2026-07-15T17:30:00Z,1.146000,1.147315,1.146000,1.147315
2026-07-15T17:45:00Z,1.147184,1.147710,1.147184,1.147710
2026-07-15T18:00:00Z,1.147710,1.147974,1.147579,1.147579
2026-07-15T18:15:00Z,1.147579,1.148106,1.147579,1.148106
2026-07-15T18:30:00Z,1.148237,1.148369,1.147842,1.147842
2026-07-15T18:45:00Z,1.147579,1.147710,1.147184,1.147184
2026-07-15T19:00:00Z,1.146920,1.147710,1.146920,1.147710
2026-07-15T19:15:00Z,1.147710,1.147710,1.147447,1.147710
2026-07-15T19:30:00Z,1.147579,1.147579,1.146657,1.146657
2026-07-15T19:45:00Z,1.146657,1.146789,1.146526,1.146789
2026-07-15T20:00:00Z,1.146789,1.146789,1.146395,1.146395
2026-07-15T20:15:00Z,1.146526,1.146657,1.146526,1.146657
2026-07-15T20:30:00Z,1.146789,1.146789,1.146526,1.146526
2026-07-15T20:45:00Z,1.146657,1.146789,1.146657,1.146657
2026-07-15T21:00:00Z,1.146789,1.147315,1.146395,1.146920
2026-07-15T21:15:00Z,1.146920,1.147052,1.146657,1.146920
2026-07-15T21:30:00Z,1.146920,1.147052,1.146657,1.146789
2026-07-15T21:45:00Z,1.146920,1.147184,1.146657,1.146789
2026-07-15T22:00:00Z,1.146920,1.147052,1.146920,1.147052
2026-07-15T22:15:00Z,1.147052,1.147052,1.146920,1.147052
2026-07-15T22:30:00Z,1.147052,1.147184,1.147052,1.147052
2026-07-15T22:45:00Z,1.147052,1.147052,1.146920,1.146920
2026-07-15T23:00:00Z,1.147184,1.147184,1.147052,1.147184
2026-07-15T23:15:00Z,1.147184,1.147315,1.147184,1.147315
2026-07-15T23:30:00Z,1.147315,1.147315,1.147184,1.147315
2026-07-15T23:45:00Z,1.147447,1.147447,1.147315,1.147315
2026-07-16T00:00:00Z,1.147315,1.147710,1.147315,1.147710
2026-07-16T00:15:00Z,1.147710,1.147710,1.147315,1.147579
2026-07-16T00:30:00Z,1.147447,1.147579,1.147184,1.147315
2026-07-16T00:45:00Z,1.147315,1.147710,1.147052,1.147710
2026-07-16T01:00:00Z,1.147710,1.147710,1.147447,1.147579
2026-07-16T01:15:00Z,1.147579,1.147579,1.147184,1.147447
2026-07-16T01:30:00Z,1.147315,1.147315,1.146920,1.147052
2026-07-16T01:45:00Z,1.147052,1.147052,1.146789,1.146920
2026-07-16T02:00:00Z,1.146920,1.146920,1.146395,1.146395
2026-07-16T02:15:00Z,1.146395,1.146789,1.146395,1.146657
2026-07-16T02:30:00Z,1.146789,1.146789,1.146526,1.146657
2026-07-16T02:45:00Z,1.146657,1.146789,1.146526,1.146789
2026-07-16T03:00:00Z,1.146789,1.147052,1.146657,1.146789
2026-07-16T03:15:00Z,1.146920,1.147184,1.146920,1.147184
2026-07-16T03:30:00Z,1.147184,1.147184,1.147052,1.147052
2026-07-16T03:45:00Z,1.147052,1.147052,1.146920,1.146920
2026-07-16T04:00:00Z,1.146920,1.146920,1.146789,1.146789
2026-07-16T04:15:00Z,1.146789,1.146789,1.146657,1.146657
2026-07-16T04:30:00Z,1.146657,1.147052,1.146657,1.146920
2026-07-16T04:45:00Z,1.146920,1.146920,1.146920,1.146920
2026-07-16T05:00:00Z,1.146920,1.147052,1.146920,1.147052
2026-07-16T05:15:00Z,1.147052,1.147184,1.147052,1.147052
2026-07-16T05:30:00Z,1.147052,1.147184,1.147052,1.147052
2026-07-16T05:45:00Z,1.147052,1.147052,1.146657,1.146657
2026-07-16T06:00:00Z,1.146789,1.147184,1.146789,1.147184
2026-07-16T06:15:00Z,1.147184,1.147184,1.146920,1.147184
2026-07-16T06:30:00Z,1.147184,1.147184,1.146920,1.146920
2026-07-16T06:45:00Z,1.147052,1.147447,1.146920,1.147184
2026-07-16T07:00:00Z,1.147184,1.147184,1.147052,1.147184
2026-07-16T07:15:00Z,1.147184,1.147579,1.147184,1.147184
2026-07-16T07:30:00Z,1.147315,1.147579,1.147184,1.147447
2026-07-16T07:45:00Z,1.147447,1.147974,1.147184,1.147315
2026-07-16T08:00:00Z,1.147184,1.147447,1.146789,1.146789
2026-07-16T08:15:00Z,1.146789,1.147052,1.146657,1.146789
2026-07-16T08:30:00Z,1.146920,1.147184,1.146920,1.147184
2026-07-16T08:45:00Z,1.147052,1.147052,1.146657,1.146920
2026-07-16T09:00:00Z,1.146920,1.146920,1.146657,1.146789
2026-07-16T09:15:00Z,1.146920,1.147052,1.146657,1.146657
2026-07-16T09:30:00Z,1.146657,1.146789,1.146395,1.146657
2026-07-16T09:45:00Z,1.146789,1.147052,1.146789,1.146920
2026-07-16T10:00:00Z,1.146920,1.146920,1.146789,1.146920
2026-07-16T10:15:00Z,1.146920,1.147184,1.146920,1.146920
2026-07-16T10:30:00Z,1.146920,1.146920,1.146657,1.146789
2026-07-16T10:45:00Z,1.146789,1.146920,1.146395,1.146395
2026-07-16T11:00:00Z,1.146263,1.146526,1.146263,1.146395
2026-07-16T11:15:00Z,1.146395,1.146657,1.146132,1.146263
2026-07-16T11:30:00Z,1.146395,1.146920,1.146395,1.146920
2026-07-16T11:45:00Z,1.146789,1.147184,1.146526,1.147184
2026-07-16T12:00:00Z,1.147184,1.147315,1.146789,1.146789
2026-07-16T12:15:00Z,1.146789,1.146789,1.146526,1.146657
2026-07-16T12:30:00Z,1.146657,1.146789,1.145738,1.145738
2026-07-16T12:45:00Z,1.145607,1.145869,1.145082,1.145082
2026-07-16T13:00:00Z,1.145082,1.145607,1.144951,1.145607
2026-07-16T13:15:00Z,1.145607,1.146132,1.145344,1.146132
2026-07-16T13:30:00Z,1.146263,1.146263,1.145869,1.145869
2026-07-16T13:45:00Z,1.145607,1.145869,1.145475,1.145475
2026-07-16T14:00:00Z,1.145344,1.145738,1.144951,1.145082
2026-07-16T14:15:00Z,1.145082,1.145475,1.145082,1.145344
2026-07-16T14:30:00Z,1.145344,1.145475,1.144689,1.144689
2026-07-16T14:45:00Z,1.144951,1.144951,1.144296,1.144689
2026-07-16T15:00:00Z,1.144558,1.144558,1.144034,1.144427
2026-07-16T15:15:00Z,1.144558,1.144558,1.144427,1.144427
2026-07-16T15:30:00Z,1.144296,1.144951,1.144296,1.144951
2026-07-16T15:45:00Z,1.145082,1.145213,1.144951,1.144951
2026-07-16T16:00:00Z,1.145082,1.145082,1.144427,1.144558
2026-07-16T16:15:00Z,1.144558,1.144689,1.143903,1.143903
2026-07-16T16:30:00Z,1.144034,1.144165,1.143772,1.143903
2026-07-16T16:45:00Z,1.144034,1.144034,1.143772,1.143772
2026-07-16T17:00:00Z,1.143772,1.143772,1.143511,1.143511
2026-07-16T17:15:00Z,1.143511,1.143772,1.143511,1.143772
2026-07-16T17:30:00Z,1.143772,1.143903,1.143511,1.143772
2026-07-16T17:45:00Z,1.143772,1.144165,1.143772,1.144034
2026-07-16T18:00:00Z,1.144034,1.144165,1.143772,1.144165
2026-07-16T18:15:00Z,1.144034,1.144165,1.144034,1.144034
2026-07-16T18:30:00Z,1.144034,1.144034,1.143903,1.144034
2026-07-16T18:45:00Z,1.144034,1.144165,1.144034,1.144165
2026-07-16T19:00:00Z,1.144165,1.144296,1.144165,1.144165
2026-07-16T19:15:00Z,1.144165,1.144165,1.143772,1.143903
2026-07-16T19:30:00Z,1.143772,1.144165,1.143772,1.144165
2026-07-16T19:45:00Z,1.144034,1.144427,1.144034,1.144427
2026-07-16T20:00:00Z,1.144296,1.144558,1.144296,1.144296
2026-07-16T20:15:00Z,1.144427,1.144427,1.144165,1.144296
2026-07-16T20:30:00Z,1.144296,1.144689,1.144296,1.144689
2026-07-16T20:45:00Z,1.144558,1.144820,1.144558,1.144820
2026-07-16T21:00:00Z,1.144427,1.144820,1.144296,1.144558
2026-07-16T21:15:00Z,1.144558,1.144558,1.144296,1.144296
2026-07-16T21:30:00Z,1.144558,1.144689,1.144296,1.144296
2026-07-16T21:45:00Z,1.144558,1.144689,1.144427,1.144558
2026-07-16T22:00:00Z,1.144558,1.144820,1.144558,1.144820
2026-07-16T22:15:00Z,1.144820,1.144820,1.144689,1.144689
2026-07-16T22:30:00Z,1.144689,1.144689,1.144689,1.144689
2026-07-16T22:45:00Z,1.144689,1.144689,1.144558,1.144689
2026-07-16T23:00:00Z,1.144689,1.144689,1.144558,1.144689
2026-07-16T23:15:00Z,1.144820,1.144820,1.144689,1.144820
2026-07-16T23:30:00Z,1.144820,1.144951,1.144820,1.144951
2026-07-16T23:45:00Z,1.144820,1.144820,1.144689,1.144820
2026-07-17T00:00:00Z,1.144820,1.144951,1.144689,1.144820
2026-07-17T00:15:00Z,1.144820,1.144951,1.144558,1.144558
2026-07-17T00:30:00Z,1.144558,1.144689,1.144427,1.144558
2026-07-17T00:45:00Z,1.144558,1.144951,1.144558,1.144951
2026-07-17T01:00:00Z,1.144951,1.145082,1.144689,1.144820
2026-07-17T01:15:00Z,1.144820,1.144951,1.144820,1.144820
2026-07-17T01:30:00Z,1.144689,1.144689,1.144558,1.144689
2026-07-17T01:45:00Z,1.144689,1.144689,1.144165,1.144165
2026-07-17T02:00:00Z,1.144296,1.144427,1.144296,1.144427
2026-07-17T02:15:00Z,1.144427,1.144427,1.144296,1.144296
2026-07-17T02:30:00Z,1.144296,1.144296,1.144034,1.144165
2026-07-17T02:45:00Z,1.144165,1.144165,1.144034,1.144034
2026-07-17T03:00:00Z,1.144034,1.144296,1.144034,1.144165
2026-07-17T03:15:00Z,1.144165,1.144296,1.144165,1.144165
2026-07-17T03:30:00Z,1.144296,1.144296,1.143903,1.144034
2026-07-17T03:45:00Z,1.143903,1.144296,1.143903,1.144296
2026-07-17T04:00:00Z,1.144296,1.144296,1.144165,1.144165
2026-07-17T04:15:00Z,1.144165,1.144165,1.144034,1.144034
2026-07-17T04:30:00Z,1.144034,1.144165,1.143903,1.144034
2026-07-17T04:45:00Z,1.144034,1.144034,1.143903,1.143903
2026-07-17T05:00:00Z,1.143903,1.144034,1.143903,1.144034
2026-07-17T05:15:00Z,1.144034,1.144034,1.143903,1.144034
2026-07-17T05:30:00Z,1.144034,1.144689,1.144034,1.144558
2026-07-17T05:45:00Z,1.144427,1.144558,1.144296,1.144296
2026-07-17T06:00:00Z,1.144296,1.144820,1.144296,1.144820
2026-07-17T06:15:00Z,1.144951,1.145344,1.144951,1.145213
2026-07-17T06:30:00Z,1.145213,1.145344,1.145213,1.145344
2026-07-17T06:45:00Z,1.145213,1.145475,1.145213,1.145344
2026-07-17T07:00:00Z,1.145344,1.145607,1.145082,1.145082
2026-07-17T07:15:00Z,1.145213,1.145213,1.144689,1.144951
2026-07-17T07:30:00Z,1.145082,1.145213,1.144820,1.144951
2026-07-17T07:45:00Z,1.145082,1.145213,1.144951,1.144951
2026-07-17T08:00:00Z,1.144820,1.145082,1.144558,1.144558
2026-07-17T08:15:00Z,1.144296,1.144296,1.144034,1.144296
2026-07-17T08:30:00Z,1.144296,1.144689,1.144296,1.144558
2026-07-17T08:45:00Z,1.144558,1.144689,1.144296,1.144558
2026-07-17T09:00:00Z,1.144427,1.144558,1.144034,1.144034
2026-07-17T09:15:00Z,1.144165,1.144558,1.144165,1.144558
2026-07-17T09:30:00Z,1.144558,1.144558,1.144034,1.144034
2026-07-17T09:45:00Z,1.144165,1.144427,1.144034,1.144296
2026-07-17T10:00:00Z,1.144296,1.144296,1.143903,1.144296
2026-07-17T10:15:00Z,1.144296,1.144296,1.143511,1.143511
2026-07-17T10:30:00Z,1.143641,1.143641,1.143380,1.143511
2026-07-17T10:45:00Z,1.143641,1.143641,1.142988,1.142988
2026-07-17T11:00:00Z,1.142988,1.143249,1.142857,1.143249
2026-07-17T11:15:00Z,1.143249,1.143380,1.143118,1.143380
2026-07-17T11:30:00Z,1.143380,1.143903,1.143380,1.143641
2026-07-17T11:45:00Z,1.143641,1.143772,1.143249,1.143380
2026-07-17T12:00:00Z,1.143380,1.143903,1.143380,1.143511
2026-07-17T12:15:00Z,1.143641,1.143772,1.143511,1.143772
2026-07-17T12:30:00Z,1.143641,1.143641,1.142988,1.142988
2026-07-17T12:45:00Z,1.142988,1.143249,1.142988,1.143118
2026-07-17T13:00:00Z,1.143249,1.143511,1.142988,1.143380
2026-07-17T13:15:00Z,1.143249,1.143249,1.142857,1.142988
2026-07-17T13:30:00Z,1.142857,1.143511,1.142857,1.143380
2026-07-17T13:45:00Z,1.143511,1.144034,1.143511,1.143903
2026-07-17T14:00:00Z,1.143903,1.144034,1.143641,1.143903
2026-07-17T14:15:00Z,1.144034,1.144427,1.143903,1.143903
2026-07-17T14:30:00Z,1.143903,1.144558,1.143903,1.144558
2026-07-17T14:45:00Z,1.144427,1.144689,1.144165,1.144296
2026-07-17T15:00:00Z,1.144296,1.144558,1.144165,1.144165
2026-07-17T15:15:00Z,1.144296,1.144689,1.144296,1.144558
2026-07-17T15:30:00Z,1.144427,1.144558,1.144165,1.144165
2026-07-17T15:45:00Z,1.144034,1.144427,1.144034,1.144296
2026-07-17T16:00:00Z,1.144296,1.144296,1.143772,1.144296
2026-07-17T16:15:00Z,1.144296,1.144427,1.144165,1.144427
2026-07-17T16:30:00Z,1.144427,1.144427,1.144296,1.144296
2026-07-17T16:45:00Z,1.144296,1.144296,1.144034,1.144165
2026-07-17T17:00:00Z,1.144165,1.144165,1.143772,1.143772
2026-07-17T17:15:00Z,1.143772,1.143903,1.143641,1.143903
2026-07-17T17:30:00Z,1.143903,1.143903,1.143772,1.143772
2026-07-17T17:45:00Z,1.143772,1.143772,1.143772,1.143772
2026-07-17T18:00:00Z,1.143772,1.143903,1.143772,1.143772
2026-07-17T18:15:00Z,1.143903,1.144034,1.143772,1.144034
2026-07-17T18:30:00Z,1.144034,1.144034,1.143903,1.143903
2026-07-17T18:45:00Z,1.143903,1.144034,1.143903,1.144034
2026-07-17T19:00:00Z,1.143903,1.144034,1.143903,1.143903
2026-07-17T19:15:00Z,1.143903,1.144034,1.143772,1.144034
2026-07-17T19:30:00Z,1.143903,1.144165,1.143772,1.144165
2026-07-17T19:45:00Z,1.144165,1.144427,1.144165,1.144427
2026-07-17T20:00:00Z,1.144427,1.144558,1.144296,1.144296
2026-07-17T20:15:00Z,1.144296,1.144296,1.143903,1.144034
2026-07-17T20:30:00Z,1.144165,1.144165,1.144034,1.144034
2026-07-17T20:45:00Z,1.144034,1.144165,1.144034,1.144034
2026-07-17T21:00:00Z,1.144296,1.144558,1.144296,1.144558
2026-07-17T21:15:00Z,1.144558,1.144558,1.144558,1.144558
2026-07-19T23:00:00Z,1.142988,1.142988,1.142857,1.142857
2026-07-19T23:15:00Z,1.142857,1.142857,1.142727,1.142857
2026-07-19T23:30:00Z,1.142857,1.142988,1.142857,1.142988
2026-07-19T23:45:00Z,1.142988,1.143118,1.142857,1.142988
2026-07-20T00:00:00Z,1.142988,1.143380,1.142988,1.143249
2026-07-20T00:15:00Z,1.143380,1.143641,1.143380,1.143511
2026-07-20T00:30:00Z,1.143511,1.143511,1.143380,1.143511
2026-07-20T00:45:00Z,1.143511,1.143641,1.143511,1.143641
2026-07-20T01:00:00Z,1.143772,1.143903,1.143511,1.143511
2026-07-20T01:15:00Z,1.143511,1.143772,1.143511,1.143772
2026-07-20T01:30:00Z,1.143903,1.143903,1.143511,1.143511
2026-07-20T01:45:00Z,1.143641,1.143903,1.143641,1.143903
2026-07-20T02:00:00Z,1.143903,1.144165,1.143903,1.144034
2026-07-20T02:15:00Z,1.143903,1.144165,1.143903,1.144165
2026-07-20T02:30:00Z,1.144165,1.144558,1.144165,1.144558
2026-07-20T02:45:00Z,1.144427,1.144558,1.144296,1.144427
2026-07-20T03:00:00Z,1.144427,1.144427,1.144296,1.144427
2026-07-20T03:15:00Z,1.144427,1.144427,1.144427,1.144427
2026-07-20T03:30:00Z,1.144427,1.144558,1.144427,1.144558
2026-07-20T03:45:00Z,1.144558,1.144558,1.144558,1.144558
2026-07-20T04:00:00Z,1.144558,1.144558,1.144427,1.144558
2026-07-20T04:15:00Z,1.144558,1.144820,1.144558,1.144820
2026-07-20T04:30:00Z,1.144689,1.144820,1.144689,1.144820
2026-07-20T04:45:00Z,1.144820,1.144820,1.144689,1.144820
2026-07-20T05:00:00Z,1.144820,1.144820,1.144558,1.144689
2026-07-20T05:15:00Z,1.144689,1.144689,1.144558,1.144558
2026-07-20T05:30:00Z,1.144558,1.144558,1.144427,1.144427
2026-07-20T05:45:00Z,1.144427,1.144558,1.144296,1.144427
2026-07-20T06:00:00Z,1.144427,1.144558,1.143903,1.144034
2026-07-20T06:15:00Z,1.144034,1.144296,1.143903,1.144034
2026-07-20T06:30:00Z,1.144034,1.144165,1.143772,1.143903
2026-07-20T06:45:00Z,1.144034,1.144296,1.143772,1.143772
2026-07-20T07:00:00Z,1.143772,1.144296,1.143772,1.143772
2026-07-20T07:15:00Z,1.143772,1.144427,1.143772,1.144427
2026-07-20T07:30:00Z,1.144951,1.145213,1.144689,1.145082
2026-07-20T07:45:00Z,1.145082,1.145082,1.144558,1.144689
2026-07-20T08:00:00Z,1.144820,1.144820,1.144558,1.144558
2026-07-20T08:15:00Z,1.144558,1.144558,1.144165,1.144165
2026-07-20T08:30:00Z,1.144165,1.144689,1.144165,1.144558
2026-07-20T08:45:00Z,1.144427,1.144427,1.144165,1.144296
2026-07-20T09:00:00Z,1.144296,1.144296,1.143641,1.143772
2026-07-20T09:15:00Z,1.143772,1.143772,1.143380,1.143380
2026-07-20T09:30:00Z,1.143380,1.143511,1.143249,1.143511
2026-07-20T09:45:00Z,1.143380,1.143380,1.143118,1.143380
2026-07-20T10:00:00Z,1.143380,1.143641,1.143249,1.143511
2026-07-20T10:15:00Z,1.143511,1.143641,1.143511,1.143641
2026-07-20T10:30:00Z,1.143511,1.143903,1.143511,1.143772
2026-07-20T10:45:00Z,1.143772,1.143772,1.143511,1.143511
2026-07-20T11:00:00Z,1.143511,1.143641,1.143249,1.143380
2026-07-20T11:15:00Z,1.143380,1.143641,1.143380,1.143641
2026-07-20T11:30:00Z,1.144034,1.144296,1.143903,1.143903
2026-07-20T11:45:00Z,1.143772,1.143772,1.143249,1.143249
2026-07-20T12:00:00Z,1.143118,1.143249,1.142465,1.142465
2026-07-20T12:15:00Z,1.142465,1.142465,1.142074,1.142204
2026-07-20T12:30:00Z,1.142204,1.142596,1.142204,1.142335
2026-07-20T12:45:00Z,1.142465,1.142988,1.142465,1.142727
2026-07-20T13:00:00Z,1.142727,1.142727,1.142204,1.142335
2026-07-20T13:15:00Z,1.142204,1.142335,1.142074,1.142335
2026-07-20T13:30:00Z,1.142204,1.142335,1.141813,1.141813
2026-07-20T13:45:00Z,1.141813,1.142074,1.141813,1.142074
2026-07-20T14:00:00Z,1.141944,1.141944,1.141553,1.141683
2026-07-20T14:15:00Z,1.141813,1.142074,1.141683,1.141944
2026-07-20T14:30:00Z,1.141944,1.141944,1.141032,1.141032
2026-07-20T14:45:00Z,1.140901,1.141422,1.140641,1.141032
2026-07-20T15:00:00Z,1.141032,1.141292,1.141032,1.141162
2026-07-20T15:15:00Z,1.141032,1.141292,1.140901,1.141162
2026-07-20T15:30:00Z,1.141292,1.141422,1.141032,1.141032
2026-07-20T15:45:00Z,1.141162,1.141553,1.141162,1.141553
2026-07-20T16:00:00Z,1.141422,1.141944,1.141422,1.141944
2026-07-20T16:15:00Z,1.141944,1.141944,1.141683,1.141813
2026-07-20T16:30:00Z,1.141813,1.141813,1.141422,1.141422
2026-07-20T16:45:00Z,1.141422,1.141422,1.141292,1.141422
2026-07-20T17:00:00Z,1.141553,1.141813,1.141422,1.141422
2026-07-20T17:15:00Z,1.141553,1.141813,1.141553,1.141813
2026-07-20T17:30:00Z,1.141683,1.141813,1.141683,1.141683
2026-07-20T17:45:00Z,1.141683,1.141813,1.141683,1.141683
2026-07-20T18:00:00Z,1.141683,1.141944,1.141683,1.141944
2026-07-20T18:15:00Z,1.141944,1.142204,1.141944,1.142074
2026-07-20T18:30:00Z,1.142074,1.142074,1.141813,1.141813
2026-07-20T18:45:00Z,1.141683,1.141813,1.141683,1.141813
2026-07-20T19:00:00Z,1.141944,1.141944,1.141813,1.141813
2026-07-20T19:15:00Z,1.141813,1.141813,1.141683,1.141813
2026-07-20T19:30:00Z,1.142074,1.142074,1.141944,1.141944
2026-07-20T19:45:00Z,1.141944,1.142074,1.141813,1.141944
2026-07-20T20:00:00Z,1.141944,1.141944,1.141683,1.141813
2026-07-20T20:15:00Z,1.141683,1.141813,1.141553,1.141813
2026-07-20T20:30:00Z,1.141813,1.141813,1.141683,1.141683
2026-07-20T20:45:00Z,1.141683,1.141813,1.141683,1.141683
2026-07-20T21:00:00Z,1.141944,1.142335,1.141553,1.141944
2026-07-20T21:15:00Z,1.141683,1.141944,1.141553,1.141683
2026-07-20T21:30:00Z,1.141683,1.141683,1.141292,1.141553
2026-07-20T21:45:00Z,1.141553,1.141683,1.141422,1.141683
2026-07-20T22:00:00Z,1.141422,1.141553,1.141292,1.141553
2026-07-20T22:15:00Z,1.141553,1.141553,1.141553,1.141553
2026-07-20T22:30:00Z,1.141553,1.141553,1.141422,1.141553
2026-07-20T22:45:00Z,1.141553,1.141683,1.141553,1.141683
2026-07-20T23:00:00Z,1.141683,1.141683,1.141553,1.141683
2026-07-20T23:15:00Z,1.141683,1.141683,1.141553,1.141683
2026-07-20T23:30:00Z,1.141683,1.141683,1.141683,1.141683
2026-07-20T23:45:00Z,1.141683,1.141813,1.141683,1.141813
2026-07-21T00:00:00Z,1.141944,1.142074,1.141813,1.141944
2026-07-21T00:15:00Z,1.141944,1.141944,1.141553,1.141553
2026-07-21T00:30:00Z,1.141553,1.141683,1.141553,1.141683
2026-07-21T00:45:00Z,1.141813,1.141944,1.141683,1.141683
2026-07-21T01:00:00Z,1.141553,1.141813,1.141553,1.141683
2026-07-21T01:15:00Z,1.141683,1.141813,1.141683,1.141813
2026-07-21T01:30:00Z,1.141944,1.141944,1.141683,1.141944
2026-07-21T01:45:00Z,1.141813,1.141944,1.141813,1.141813
2026-07-21T02:00:00Z,1.141813,1.141944,1.141813,1.141813
2026-07-21T02:15:00Z,1.141813,1.141944,1.141683,1.141683
2026-07-21T02:30:00Z,1.141683,1.141813,1.141683,1.141683
2026-07-21T02:45:00Z,1.141553,1.141683,1.141422,1.141422
2026-07-21T03:00:00Z,1.141553,1.141553,1.141292,1.141292
2026-07-21T03:15:00Z,1.141292,1.141422,1.141292,1.141422
2026-07-21T03:30:00Z,1.141422,1.141683,1.141422,1.141683
2026-07-21T03:45:00Z,1.141683,1.141813,1.141553,1.141553
2026-07-21T04:00:00Z,1.141553,1.141813,1.141553,1.141813
2026-07-21T04:15:00Z,1.141813,1.141944,1.141813,1.141813
2026-07-21T04:30:00Z,1.141813,1.141944,1.141813,1.141944
2026-07-21T04:45:00Z,1.141944,1.142074,1.141944,1.142074
2026-07-21T05:00:00Z,1.142074,1.142204,1.141944,1.141944
2026-07-21T05:15:00Z,1.141944,1.142074,1.141944,1.142074
2026-07-21T05:30:00Z,1.142074,1.142465,1.142074,1.142465
2026-07-21T05:45:00Z,1.142335,1.142335,1.142074,1.142074
2026-07-21T06:00:00Z,1.142204,1.142335,1.142074,1.142335
2026-07-21T06:15:00Z,1.142204,1.142465,1.142204,1.142335
2026-07-21T06:30:00Z,1.142335,1.142596,1.142335,1.142596
2026-07-21T06:45:00Z,1.142596,1.142596,1.142335,1.142596
2026-07-21T07:00:00Z,1.142596,1.142988,1.142596,1.142596
2026-07-21T07:15:00Z,1.142596,1.142988,1.142596,1.142857
2026-07-21T07:30:00Z,1.142727,1.142857,1.142596,1.142596
2026-07-21T07:45:00Z,1.142596,1.142596,1.142465,1.142596
2026-07-21T08:00:00Z,1.142596,1.142727,1.142596,1.142727
2026-07-21T08:15:00Z,1.142596,1.142857,1.142596,1.142596
2026-07-21T08:30:00Z,1.142465,1.142596,1.142335,1.142596
2026-07-21T08:45:00Z,1.142727,1.142727,1.142465,1.142465
2026-07-21T09:00:00Z,1.142465,1.142596,1.142465,1.142596
2026-07-21T09:15:00Z,1.142596,1.142857,1.142465,1.142465
2026-07-21T09:30:00Z,1.142465,1.143118,1.142465,1.142727
2026-07-21T09:45:00Z,1.142596,1.142857,1.142596,1.142596
2026-07-21T10:00:00Z,1.142596,1.143118,1.142596,1.142727
2026-07-21T10:15:00Z,1.142857,1.142988,1.142727,1.142988
2026-07-21T10:30:00Z,1.142988,1.143118,1.142727,1.142857
2026-07-21T10:45:00Z,1.142727,1.142727,1.142335,1.142465
2026-07-21T11:00:00Z,1.142465,1.142465,1.142074,1.142335
2026-07-21T11:15:00Z,1.142204,1.142465,1.142204,1.142335
2026-07-21T11:30:00Z,1.142465,1.142596,1.142335,1.142596
2026-07-21T11:45:00Z,1.142596,1.142596,1.142074,1.142204
2026-07-21T12:00:00Z,1.142335,1.142335,1.141944,1.142074
2026-07-21T12:15:00Z,1.141944,1.142074,1.141944,1.141944
2026-07-21T12:30:00Z,1.142074,1.142204,1.141813,1.141813
2026-07-21T12:45:00Z,1.141944,1.142204,1.141813,1.142074
2026-07-21T13:00:00Z,1.141944,1.142074,1.141813,1.142074
2026-07-21T13:15:00Z,1.141944,1.141944,1.141292,1.141292
2026-07-21T13:30:00Z,1.141422,1.141683,1.140901,1.140901
2026-07-21T13:45:00Z,1.140901,1.141553,1.140901,1.141553
2026-07-21T14:00:00Z,1.141553,1.142204,1.141553,1.142204
2026-07-21T14:15:00Z,1.142074,1.142074,1.141422,1.141422
2026-07-21T14:30:00Z,1.141162,1.141292,1.140771,1.141162
2026-07-21T14:45:00Z,1.141032,1.141032,1.140641,1.140901
2026-07-21T15:00:00Z,1.140901,1.140901,1.140641,1.140771
2026-07-21T15:15:00Z,1.140901,1.141422,1.140901,1.141292
2026-07-21T15:30:00Z,1.141292,1.141422,1.141032,1.141032
2026-07-21T15:45:00Z,1.140901,1.141032,1.140771,1.141032
2026-07-21T16:00:00Z,1.141032,1.141292,1.141032,1.141162
2026-07-21T16:15:00Z,1.141162,1.141162,1.141032,1.141162
2026-07-21T16:30:00Z,1.141032,1.141422,1.141032,1.141422
2026-07-21T16:45:00Z,1.141292,1.141292,1.141162,1.141162
2026-07-21T17:00:00Z,1.141162,1.141292,1.141032,1.141292
2026-07-21T17:15:00Z,1.141162,1.141292,1.141162,1.141292
2026-07-21T17:30:00Z,1.141292,1.141292,1.141032,1.141032
2026-07-21T17:45:00Z,1.141032,1.141162,1.141032,1.141032
2026-07-21T18:00:00Z,1.140901,1.140901,1.140511,1.140511
2026-07-21T18:15:00Z,1.140511,1.140641,1.140251,1.140511
2026-07-21T18:30:00Z,1.140641,1.140641,1.140251,1.140511
2026-07-21T18:45:00Z,1.140511,1.140641,1.140381,1.140641
2026-07-21T19:00:00Z,1.140771,1.140771,1.140381,1.140381
2026-07-21T19:15:00Z,1.140511,1.140771,1.140511,1.140641
2026-07-21T19:30:00Z,1.140641,1.140641,1.140381,1.140511
2026-07-21T19:45:00Z,1.140511,1.140641,1.140381,1.140381
2026-07-21T20:00:00Z,1.140511,1.140641,1.140381,1.140511
2026-07-21T20:15:00Z,1.140381,1.140381,1.140251,1.140381
2026-07-21T20:30:00Z,1.140381,1.140381,1.140381,1.140381
2026-07-21T20:45:00Z,1.140511,1.140511,1.140121,1.140121
2026-07-21T21:00:00Z,1.139991,1.140251,1.139861,1.140251
2026-07-21T21:15:00Z,1.140121,1.140381,1.140121,1.140251
2026-07-21T21:30:00Z,1.140381,1.140641,1.140251,1.140511
2026-07-21T21:45:00Z,1.140511,1.140641,1.140251,1.140641
2026-07-21T22:00:00Z,1.140381,1.140381,1.140251,1.140251
2026-07-21T22:15:00Z,1.140251,1.140381,1.140251,1.140381
2026-07-21T22:30:00Z,1.140381,1.140381,1.140251,1.140381
2026-07-21T22:45:00Z,1.140381,1.140381,1.140251,1.140251
2026-07-21T23:00:00Z,1.140251,1.140251,1.140121,1.140251
2026-07-21T23:15:00Z,1.140251,1.140251,1.140251,1.140251
2026-07-21T23:30:00Z,1.140251,1.140381,1.140251,1.140381
2026-07-21T23:45:00Z,1.140381,1.140511,1.140381,1.140511
2026-07-22T00:00:00Z,1.140381,1.140641,1.140381,1.140641
2026-07-22T00:15:00Z,1.140641,1.141032,1.140641,1.141032
2026-07-22T00:30:00Z,1.141032,1.141032,1.140511,1.140511
2026-07-22T00:45:00Z,1.140641,1.140771,1.140511,1.140771
2026-07-22T01:00:00Z,1.140771,1.141032,1.140641,1.140901
2026-07-22T01:15:00Z,1.140901,1.140901,1.140641,1.140641
2026-07-22T01:30:00Z,1.140641,1.140641,1.140121,1.140381
2026-07-22T01:45:00Z,1.140511,1.140641,1.140511,1.140641
2026-07-22T02:00:00Z,1.140641,1.140771,1.140511,1.140771
2026-07-22T02:15:00Z,1.140771,1.141292,1.140771,1.141162
2026-07-22T02:30:00Z,1.141032,1.141162,1.140901,1.141032
2026-07-22T02:45:00Z,1.141032,1.141032,1.140901,1.140901
2026-07-22T03:00:00Z,1.140901,1.141032,1.140771,1.140901
2026-07-22T03:15:00Z,1.140901,1.141162,1.140901,1.141032
2026-07-22T03:30:00Z,1.141162,1.141162,1.140901,1.140901
2026-07-22T03:45:00Z,1.141032,1.141032,1.140901,1.141032
2026-07-22T04:00:00Z,1.141032,1.141032,1.140901,1.140901
2026-07-22T04:15:00Z,1.141032,1.141032,1.140901,1.141032
2026-07-22T04:30:00Z,1.141032,1.141162,1.141032,1.141162
2026-07-22T04:45:00Z,1.141162,1.141162,1.141032,1.141162
2026-07-22T05:00:00Z,1.141162,1.141292,1.141162,1.141162
2026-07-22T05:15:00Z,1.141162,1.141292,1.141032,1.141162
2026-07-22T05:30:00Z,1.141032,1.141032,1.140901,1.141032
2026-07-22T05:45:00Z,1.141032,1.141292,1.140901,1.141292
2026-07-22T06:00:00Z,1.141292,1.141683,1.141292,1.141553
2026-07-22T06:15:00Z,1.141422,1.141553,1.141032,1.141032
2026-07-22T06:30:00Z,1.141032,1.141422,1.141032,1.141422
2026-07-22T06:45:00Z,1.141422,1.141553,1.141292,1.141422
2026-07-22T07:00:00Z,1.141422,1.141553,1.141292,1.141422
2026-07-22T07:15:00Z,1.141553,1.141813,1.141422,1.141553
2026-07-22T07:30:00Z,1.142074,1.142074,1.141032,1.141032
2026-07-22T07:45:00Z,1.140901,1.141422,1.140771,1.141292
2026-07-22T08:00:00Z,1.141292,1.141292,1.140901,1.140901
2026-07-22T08:15:00Z,1.140771,1.141162,1.140771,1.141162
2026-07-22T08:30:00Z,1.141292,1.141553,1.141292,1.141553
2026-07-22T08:45:00Z,1.141422,1.141422,1.141162,1.141292
2026-07-22T09:00:00Z,1.141422,1.141553,1.141292,1.141292
2026-07-22T09:15:00Z,1.141292,1.141292,1.141162,1.141162
2026-07-22T09:30:00Z,1.141292,1.141553,1.141162,1.141292
2026-07-22T09:45:00Z,1.141292,1.141292,1.140771,1.140771
2026-07-22T10:00:00Z,1.140771,1.140901,1.140381,1.140641
2026-07-22T10:15:00Z,1.140641,1.141032,1.140511,1.140901
2026-07-22T10:30:00Z,1.140771,1.140901,1.140771,1.140771
2026-07-22T10:45:00Z,1.140771,1.141032,1.140641,1.140641
2026-07-22T11:00:00Z,1.140771,1.140771,1.140641,1.140771
2026-07-22T11:15:00Z,1.140901,1.140901,1.140641,1.140771
2026-07-22T11:30:00Z,1.140771,1.141032,1.140771,1.140771
2026-07-22T11:45:00Z,1.140771,1.141032,1.140771,1.140901
2026-07-22T12:00:00Z,1.141032,1.141292,1.141032,1.141292
2026-07-22T12:15:00Z,1.141422,1.141422,1.141292,1.141292
2026-07-22T12:30:00Z,1.141553,1.141683,1.141422,1.141422
2026-07-22T12:45:00Z,1.141422,1.141422,1.141032,1.141292
2026-07-22T13:00:00Z,1.141162,1.141553,1.141162,1.141292
2026-07-22T13:15:00Z,1.141292,1.141944,1.141292,1.141813
2026-07-22T13:30:00Z,1.141944,1.142335,1.141944,1.142204
2026-07-22T13:45:00Z,1.142074,1.142074,1.141683,1.141683
2026-07-22T14:00:00Z,1.141813,1.142074,1.141422,1.142074
2026-07-22T14:15:00Z,1.141944,1.142074,1.141422,1.141422
2026-07-22T14:30:00Z,1.141422,1.141553,1.141292,1.141553
2026-07-22T14:45:00Z,1.141422,1.141683,1.141162,1.141292
2026-07-22T15:00:00Z,1.141162,1.141422,1.141162,1.141422
2026-07-22T15:15:00Z,1.141292,1.141683,1.141162,1.141683
2026-07-22T15:30:00Z,1.141683,1.141683,1.141162,1.141292
2026-07-22T15:45:00Z,1.141292,1.141683,1.141292,1.141683
2026-07-22T16:00:00Z,1.141683,1.141683,1.141032,1.141032
2026-07-22T16:15:00Z,1.141162,1.141422,1.141032,1.141422
2026-07-22T16:30:00Z,1.141422,1.141553,1.141162,1.141162
2026-07-22T16:45:00Z,1.141162,1.141292,1.141162,1.141292
2026-07-22T17:00:00Z,1.141292,1.141553,1.141292,1.141422
2026-07-22T17:15:00Z,1.141422,1.141553,1.141422,1.141422
2026-07-22T17:30:00Z,1.141422,1.141422,1.141162,1.141292
2026-07-22T17:45:00Z,1.141292,1.141422,1.141292,1.141292
2026-07-22T18:00:00Z,1.141422,1.141422,1.141162,1.141162
2026-07-22T18:15:00Z,1.141162,1.141422,1.141162,1.141292
2026-07-22T18:30:00Z,1.141292,1.141422,1.141292,1.141292
2026-07-22T18:45:00Z,1.141292,1.141422,1.141292,1.141422
2026-07-22T19:00:00Z,1.141422,1.141553,1.141292,1.141292
2026-07-22T19:15:00Z,1.141292,1.141553,1.141292,1.141422
2026-07-22T19:30:00Z,1.141422,1.141422,1.141292,1.141422
2026-07-22T19:45:00Z,1.141553,1.141553,1.141292,1.141422
2026-07-22T20:00:00Z,1.141422,1.141553,1.141422,1.141553
2026-07-22T20:15:00Z,1.141553,1.141553,1.141422,1.141553
2026-07-22T20:30:00Z,1.141553,1.141553,1.141422,1.141553
2026-07-22T20:45:00Z,1.141553,1.141553,1.141422,1.141422
2026-07-22T21:00:00Z,1.140901,1.141553,1.140901,1.141162
2026-07-22T21:15:00Z,1.141553,1.141553,1.141032,1.141162
2026-07-22T21:30:00Z,1.141162,1.141292,1.140901,1.141292
2026-07-22T21:45:00Z,1.141032,1.141422,1.140901,1.140901
2026-07-22T22:00:00Z,1.141292,1.141292,1.141032,1.141032
2026-07-22T22:15:00Z,1.141162,1.141162,1.141032,1.141032
2026-07-22T22:30:00Z,1.141032,1.141162,1.140901,1.141032
2026-07-22T22:45:00Z,1.141032,1.141162,1.140901,1.141032
2026-07-22T23:00:00Z,1.141162,1.141292,1.141162,1.141292
2026-07-22T23:15:00Z,1.141292,1.141422,1.141292,1.141292
2026-07-22T23:30:00Z,1.141292,1.141422,1.141292,1.141422
2026-07-22T23:45:00Z,1.141422,1.141553,1.141292,1.141422
2026-07-23T00:00:00Z,1.141553,1.141683,1.141422,1.141422
2026-07-23T00:15:00Z,1.141422,1.141683,1.141422,1.141553
2026-07-23T00:30:00Z,1.141553,1.141683,1.141553,1.141683
2026-07-23T00:45:00Z,1.141683,1.142074,1.141553,1.142074
2026-07-23T01:00:00Z,1.142074,1.142335,1.142074,1.142074
2026-07-23T01:15:00Z,1.142204,1.142204,1.142074,1.142074
2026-07-23T01:30:00Z,1.142204,1.142335,1.142074,1.142204
2026-07-23T01:45:00Z,1.142074,1.142074,1.141944,1.141944
2026-07-23T02:00:00Z,1.141944,1.142204,1.141944,1.142204
2026-07-23T02:15:00Z,1.142204,1.142335,1.142204,1.142335
2026-07-23T02:30:00Z,1.142465,1.142988,1.142465,1.142857
2026-07-23T02:45:00Z,1.142857,1.143118,1.142857,1.143118
2026-07-23T03:00:00Z,1.143249,1.143249,1.142857,1.142857
2026-07-23T03:15:00Z,1.142727,1.143249,1.142727,1.143249
2026-07-23T03:30:00Z,1.143118,1.143380,1.143118,1.143380
2026-07-23T03:45:00Z,1.143249,1.143380,1.143249,1.143249
2026-07-23T04:00:00Z,1.143118,1.143903,1.143118,1.143641
2026-07-23T04:15:00Z,1.143772,1.143772,1.143380,1.143772
2026-07-23T04:30:00Z,1.143772,1.143903,1.143511,1.143641
2026-07-23T04:45:00Z,1.143511,1.143772,1.143380,1.143641
2026-07-23T05:00:00Z,1.143641,1.143772,1.143641,1.143641
2026-07-23T05:15:00Z,1.143511,1.143511,1.143249,1.143380
2026-07-23T05:30:00Z,1.143380,1.143380,1.143249,1.143249
2026-07-23T05:45:00Z,1.143380,1.143511,1.143249,1.143380
2026-07-23T06:00:00Z,1.143380,1.143641,1.143249,1.143511
2026-07-23T06:15:00Z,1.143511,1.143511,1.143118,1.143118
2026-07-23T06:30:00Z,1.143118,1.143118,1.142727,1.142988
2026-07-23T06:45:00Z,1.142988,1.143118,1.142727,1.142857
2026-07-23T07:00:00Z,1.142727,1.142857,1.142596,1.142857
2026-07-23T07:15:00Z,1.142988,1.142988,1.142727,1.142857
2026-07-23T07:30:00Z,1.142857,1.142988,1.142596,1.142596
2026-07-23T07:45:00Z,1.142596,1.142857,1.142465,1.142727
2026-07-23T08:00:00Z,1.142857,1.142857,1.142335,1.142335
2026-07-23T08:15:00Z,1.142204,1.142204,1.141944,1.142074
2026-07-23T08:30:00Z,1.141944,1.141944,1.141162,1.141162
2026-07-23T08:45:00Z,1.141292,1.141553,1.141162,1.141422
2026-07-23T09:00:00Z,1.141292,1.141813,1.141292,1.141553
2026-07-23T09:15:00Z,1.141422,1.141553,1.141292,1.141292
2026-07-23T09:30:00Z,1.141422,1.141683,1.141422,1.141683
2026-07-23T09:45:00Z,1.141813,1.141813,1.141553,1.141553
2026-07-23T10:00:00Z,1.141683,1.141683,1.141292,1.141292
2026-07-23T10:15:00Z,1.141422,1.141422,1.141032,1.141162
2026-07-23T10:30:00Z,1.141292,1.141292,1.141032,1.141032
2026-07-23T10:45:00Z,1.141032,1.141162,1.140771,1.140771
2026-07-23T11:00:00Z,1.140641,1.140901,1.140641,1.140901
2026-07-23T11:15:00Z,1.140901,1.140901,1.140121,1.140121
2026-07-23T11:30:00Z,1.140121,1.140121,1.138822,1.138952
2026-07-23T11:45:00Z,1.139082,1.139861,1.139082,1.139861
2026-07-23T12:00:00Z,1.139731,1.139731,1.139341,1.139731
2026-07-23T12:15:00Z,1.139471,1.139471,1.138433,1.138952
2026-07-23T12:30:00Z,1.138693,1.138822,1.138174,1.138304
2026-07-23T12:45:00Z,1.138174,1.138822,1.138045,1.138822
2026-07-23T13:00:00Z,1.138952,1.138952,1.137268,1.137268
2026-07-23T13:15:00Z,1.137268,1.138174,1.137268,1.138174
2026-07-23T13:30:00Z,1.138174,1.138822,1.138045,1.138433
2026-07-23T13:45:00Z,1.138174,1.138174,1.137786,1.137786
2026-07-23T14:00:00Z,1.137786,1.137786,1.137139,1.137527
2026-07-23T14:15:00Z,1.137398,1.137527,1.136751,1.137268
2026-07-23T14:30:00Z,1.137398,1.137656,1.137139,1.137139
2026-07-23T14:45:00Z,1.137010,1.137398,1.136880,1.137398
2026-07-23T15:00:00Z,1.137398,1.137786,1.137398,1.137656
2026-07-23T15:15:00Z,1.137656,1.137786,1.137268,1.137656
2026-07-23T15:30:00Z,1.137398,1.137786,1.137010,1.137656
2026-07-23T15:45:00Z,1.137656,1.137786,1.137398,1.137527
2026-07-23T16:00:00Z,1.137656,1.138045,1.137656,1.138045
2026-07-23T16:15:00Z,1.137915,1.138045,1.137786,1.138045
2026-07-23T16:30:00Z,1.138174,1.138304,1.137915,1.138174
2026-07-23T16:45:00Z,1.138174,1.138304,1.138045,1.138304
2026-07-23T17:00:00Z,1.138304,1.138433,1.138045,1.138045
2026-07-23T17:15:00Z,1.137915,1.138174,1.137915,1.137915
2026-07-23T17:30:00Z,1.137915,1.137915,1.137656,1.137656
2026-07-23T17:45:00Z,1.137656,1.137786,1.137527,1.137527
2026-07-23T18:00:00Z,1.137527,1.137786,1.137398,1.137786
2026-07-23T18:15:00Z,1.137656,1.137786,1.137656,1.137786
2026-07-23T18:30:00Z,1.137786,1.137915,1.137656,1.137786
2026-07-23T18:45:00Z,1.137786,1.137915,1.137786,1.137786
2026-07-23T19:00:00Z,1.138174,1.138174,1.137786,1.137786
2026-07-23T19:15:00Z,1.137786,1.137915,1.137786,1.137915
2026-07-23T19:30:00Z,1.138174,1.138174,1.137915,1.137915
2026-07-23T19:45:00Z,1.137915,1.138174,1.137786,1.138045
2026-07-23T20:00:00Z,1.138174,1.138304,1.138174,1.138174
2026-07-23T20:15:00Z,1.138174,1.138174,1.138045,1.138174
2026-07-23T20:30:00Z,1.138304,1.138304,1.138045,1.138174
2026-07-23T20:45:00Z,1.138174,1.138174,1.138045,1.138045
2026-07-23T21:00:00Z,1.137527,1.138433,1.137139,1.137527
2026-07-23T21:15:00Z,1.137786,1.138174,1.137786,1.138045
2026-07-23T21:30:00Z,1.138304,1.138304,1.137915,1.138045
2026-07-23T21:45:00Z,1.138174,1.138304,1.137915,1.138174
2026-07-23T22:00:00Z,1.137915,1.138174,1.137915,1.138174
2026-07-23T22:15:00Z,1.138174,1.138304,1.138045,1.138045
2026-07-23T22:30:00Z,1.138045,1.138174,1.138045,1.138174
2026-07-23T22:45:00Z,1.138174,1.138304,1.138174,1.138304
2026-07-23T23:00:00Z,1.138304,1.138304,1.138174,1.138174
2026-07-23T23:15:00Z,1.138174,1.138304,1.138174,1.138304
2026-07-23T23:30:00Z,1.138174,1.138304,1.138045,1.138045
2026-07-23T23:45:00Z,1.138174,1.138174,1.137915,1.138045
2026-07-24T00:00:00Z,1.137915,1.138304,1.137915,1.138304
2026-07-24T00:15:00Z,1.138174,1.138304,1.138174,1.138304
2026-07-24T00:30:00Z,1.138174,1.138304,1.138045,1.138045
2026-07-24T00:45:00Z,1.138045,1.138693,1.138045,1.138693
2026-07-24T01:00:00Z,1.138822,1.138952,1.138563,1.138693
2026-07-24T01:15:00Z,1.138693,1.138952,1.138563,1.138563
2026-07-24T01:30:00Z,1.138563,1.138952,1.138563,1.138952
2026-07-24T01:45:00Z,1.138952,1.139082,1.138693,1.138693
2026-07-24T02:00:00Z,1.138822,1.138822,1.138693,1.138693
2026-07-24T02:15:00Z,1.138822,1.138952,1.138693,1.138693
2026-07-24T02:30:00Z,1.138822,1.139082,1.138822,1.138822
2026-07-24T02:45:00Z,1.138822,1.138822,1.138563,1.138563
2026-07-24T03:00:00Z,1.138433,1.138433,1.138174,1.138174
2026-07-24T03:15:00Z,1.138174,1.138304,1.138174,1.138174
2026-07-24T03:30:00Z,1.138304,1.138563,1.138304,1.138563
2026-07-24T03:45:00Z,1.138563,1.138563,1.138433,1.138563
2026-07-24T04:00:00Z,1.138563,1.138693,1.138563,1.138693
2026-07-24T04:15:00Z,1.138693,1.138693,1.138433,1.138433
2026-07-24T04:30:00Z,1.138433,1.138433,1.138174,1.138174
2026-07-24T04:45:00Z,1.138174,1.138174,1.138045,1.138174
2026-07-24T05:00:00Z,1.138304,1.138433,1.138174,1.138304
2026-07-24T05:15:00Z,1.138304,1.138563,1.138304,1.138563
2026-07-24T05:30:00Z,1.138563,1.138693,1.138433,1.138433
2026-07-24T05:45:00Z,1.138433,1.138433,1.138045,1.138045
2026-07-24T06:00:00Z,1.138174,1.138304,1.138045,1.138304
2026-07-24T06:15:00Z,1.138304,1.138952,1.138304,1.138822
2026-07-24T06:30:00Z,1.138822,1.138952,1.138693,1.138693
2026-07-24T06:45:00Z,1.138822,1.138952,1.138693,1.138952
2026-07-24T07:00:00Z,1.139082,1.139861,1.138952,1.139861
2026-07-24T07:15:00Z,1.139731,1.140121,1.139341,1.140121
2026-07-24T07:30:00Z,1.140251,1.140381,1.139341,1.139601
2026-07-24T07:45:00Z,1.139471,1.139601,1.139341,1.139341
2026-07-24T08:00:00Z,1.139341,1.139341,1.138952,1.139082
2026-07-24T08:15:00Z,1.139082,1.139082,1.138693,1.139082
2026-07-24T08:30:00Z,1.138952,1.139082,1.138822,1.138952
2026-07-24T08:45:00Z,1.138822,1.138822,1.138433,1.138693
2026-07-24T09:00:00Z,1.138563,1.138952,1.138563,1.138822
2026-07-24T09:15:00Z,1.138822,1.139082,1.138693,1.139082
2026-07-24T09:30:00Z,1.138952,1.139082,1.138693,1.138952
2026-07-24T09:45:00Z,1.138822,1.139082,1.138822,1.139082
2026-07-24T10:00:00Z,1.139212,1.139341,1.139082,1.139212
2026-07-24T10:15:00Z,1.139082,1.139601,1.139082,1.139471
2026-07-24T10:30:00Z,1.139341,1.139471,1.139082,1.139082
2026-07-24T10:45:00Z,1.138952,1.139082,1.138563,1.138693
2026-07-24T11:00:00Z,1.138563,1.138952,1.138563,1.138952
2026-07-24T11:15:00Z,1.139082,1.139082,1.138693,1.138693
2026-07-24T11:30:00Z,1.138563,1.138563,1.138174,1.138304
2026-07-24T11:45:00Z,1.138433,1.138433,1.137527,1.137786
2026-07-24T12:00:00Z,1.137915,1.138174,1.137527,1.138045
2026-07-24T12:15:00Z,1.138045,1.138045,1.137656,1.137786
2026-07-24T12:30:00Z,1.137786,1.137915,1.137139,1.137139
2026-07-24T12:45:00Z,1.137268,1.137527,1.137139,1.137268
2026-07-24T13:00:00Z,1.137398,1.137527,1.136880,1.137398
2026-07-24T13:15:00Z,1.137268,1.137656,1.137268,1.137398
2026-07-24T13:30:00Z,1.137398,1.137656,1.137139,1.137527
2026-07-24T13:45:00Z,1.137527,1.137915,1.137268,1.137915
2026-07-24T14:00:00Z,1.138045,1.138304,1.137398,1.137527
2026-07-24T14:15:00Z,1.137656,1.138045,1.137527,1.138045
2026-07-24T14:30:00Z,1.137915,1.138174,1.137915,1.137915
2026-07-24T14:45:00Z,1.137915,1.138304,1.137915,1.138304
2026-07-24T15:00:00Z,1.138045,1.139212,1.138045,1.138952
2026-07-24T15:15:00Z,1.139212,1.139341,1.138822,1.138822
2026-07-24T15:30:00Z,1.138693,1.139212,1.138693,1.138822
2026-07-24T15:45:00Z,1.138952,1.138952,1.138693,1.138693
2026-07-24T16:00:00Z,1.138693,1.138952,1.138563,1.138952
2026-07-24T16:15:00Z,1.138822,1.138952,1.138563,1.138693
2026-07-24T16:30:00Z,1.138563,1.138693,1.138304,1.138433
2026-07-24T16:45:00Z,1.138304,1.138304,1.138174,1.138174
2026-07-24T17:00:00Z,1.138045,1.138045,1.137398,1.137527
2026-07-24T17:15:00Z,1.137527,1.137527,1.137139,1.137527
2026-07-24T17:30:00Z,1.137527,1.137527,1.137139,1.137268
2026-07-24T17:45:00Z,1.137268,1.137268,1.137139,1.137268
2026-07-24T18:00:00Z,1.137268,1.137398,1.137139,1.137268
2026-07-24T18:15:00Z,1.137398,1.137398,1.137139,1.137268
2026-07-24T18:30:00Z,1.137268,1.137268,1.137010,1.137268
2026-07-24T18:45:00Z,1.137139,1.137398,1.137139,1.137268
2026-07-24T19:00:00Z,1.137398,1.137398,1.137268,1.137398
2026-07-24T19:15:00Z,1.137398,1.137398,1.137139,1.137139
2026-07-24T19:30:00Z,1.137139,1.137527,1.137139,1.137527
2026-07-24T19:45:00Z,1.137398,1.137527,1.137268,1.137398
2026-07-24T20:00:00Z,1.137398,1.137398,1.137268,1.137268
2026-07-24T20:15:00Z,1.137268,1.137268,1.137139,1.137139
2026-07-24T20:30:00Z,1.137139,1.137268,1.137010,1.137268
2026-07-24T20:45:00Z,1.137268,1.137656,1.137139,1.137398
2026-07-24T21:00:00Z,1.137527,1.137527,1.137527,1.137527
2026-07-24T21:15:00Z,1.137527,1.137527,1.137527,1.137527
2026-07-26T23:00:00Z,1.139341,1.139471,1.139212,1.139212
2026-07-26T23:15:00Z,1.139212,1.139341,1.139212,1.139212
2026-07-26T23:30:00Z,1.139212,1.139601,1.139212,1.139601
2026-07-26T23:45:00Z,1.139601,1.139861,1.139471,1.139861
2026-07-27T00:00:00Z,1.139991,1.140511,1.139991,1.140511
2026-07-27T00:15:00Z,1.140511,1.141292,1.140511,1.141162
2026-07-27T00:30:00Z,1.141422,1.141553,1.140771,1.140771
2026-07-27T00:45:00Z,1.140771,1.140901,1.140381,1.140511
2026-07-27T01:00:00Z,1.140641,1.141032,1.140641,1.140901
2026-07-27T01:15:00Z,1.140901,1.141032,1.140901,1.140901
2026-07-27T01:30:00Z,1.141032,1.141162,1.140641,1.141032
2026-07-27T01:45:00Z,1.141162,1.141683,1.141162,1.141683
2026-07-27T02:00:00Z,1.141683,1.141683,1.141292,1.141292
2026-07-27T02:15:00Z,1.141422,1.141422,1.141162,1.141422
2026-07-27T02:30:00Z,1.141162,1.141422,1.141162,1.141162
2026-07-27T02:45:00Z,1.141162,1.141162,1.140901,1.140901
2026-07-27T03:00:00Z,1.141032,1.141032,1.140641,1.140641
2026-07-27T03:15:00Z,1.140641,1.140771,1.140641,1.140771
2026-07-27T03:30:00Z,1.140641,1.140641,1.140511,1.140641
2026-07-27T03:45:00Z,1.140641,1.140771,1.140641,1.140641
2026-07-27T04:00:00Z,1.140641,1.140771,1.140641,1.140641
2026-07-27T04:15:00Z,1.140771,1.140901,1.140641,1.140641
2026-07-27T04:30:00Z,1.140641,1.140771,1.140641,1.140641
2026-07-27T04:45:00Z,1.140641,1.140771,1.140511,1.140771
2026-07-27T05:00:00Z,1.140511,1.140901,1.140511,1.140901
2026-07-27T05:15:00Z,1.141032,1.141032,1.140771,1.140901
2026-07-27T05:30:00Z,1.140901,1.140901,1.140771,1.140771
2026-07-27T05:45:00Z,1.140771,1.141032,1.140641,1.140901
2026-07-27T06:00:00Z,1.141032,1.141683,1.141032,1.141422
2026-07-27T06:15:00Z,1.141553,1.141683,1.141162,1.141553
2026-07-27T06:30:00Z,1.141553,1.142074,1.141292,1.141813
2026-07-27T06:45:00Z,1.141813,1.141813,1.141162,1.141292
2026-07-27T07:00:00Z,1.141162,1.141292,1.140771,1.141162
2026-07-27T07:15:00Z,1.141162,1.141162,1.140901,1.141162
2026-07-27T07:30:00Z,1.140901,1.141032,1.140511,1.140641
2026-07-27T07:45:00Z,1.140641,1.140641,1.140251,1.140251
2026-07-27T08:00:00Z,1.140121,1.140251,1.139991,1.139991
2026-07-27T08:15:00Z,1.139861,1.139991,1.139861,1.139991
2026-07-27T08:30:00Z,1.139861,1.140381,1.139861,1.140251
2026-07-27T08:45:00Z,1.140251,1.140641,1.139991,1.140641
2026-07-27T09:00:00Z,1.140511,1.140641,1.140121,1.140121
2026-07-27T09:15:00Z,1.140121,1.140251,1.139991,1.139991
2026-07-27T09:30:00Z,1.139861,1.140251,1.139861,1.139991
2026-07-27T09:45:00Z,1.139991,1.140121,1.139991,1.139991
2026-07-27T10:00:00Z,1.139861,1.140381,1.139731,1.139861
2026-07-27T10:15:00Z,1.139991,1.140251,1.139991,1.140121
2026-07-27T10:30:00Z,1.140121,1.140511,1.139991,1.140381
2026-07-27T10:45:00Z,1.140381,1.140381,1.139731,1.139731
2026-07-27T11:00:00Z,1.139861,1.139861,1.139471,1.139601
2026-07-27T11:15:00Z,1.139471,1.139731,1.139471,1.139601
2026-07-27T11:30:00Z,1.139601,1.139861,1.139601,1.139601
2026-07-27T11:45:00Z,1.139471,1.139471,1.138822,1.138952
2026-07-27T12:00:00Z,1.139082,1.139341,1.138822,1.138822
2026-07-27T12:15:00Z,1.138822,1.138952,1.138693,1.138693
2026-07-27T12:30:00Z,1.138693,1.138693,1.138045,1.138304
2026-07-27T12:45:00Z,1.138304,1.138822,1.138304,1.138822
2026-07-27T13:00:00Z,1.138563,1.138952,1.138304,1.138822
2026-07-27T13:15:00Z,1.138693,1.138693,1.138045,1.138045
2026-07-27T13:30:00Z,1.138433,1.138693,1.138304,1.138304
2026-07-27T13:45:00Z,1.138304,1.138304,1.137656,1.137656
2026-07-27T14:00:00Z,1.137398,1.137915,1.137398,1.137915
2026-07-27T14:15:00Z,1.137915,1.137915,1.137527,1.137527
2026-07-27T14:30:00Z,1.137398,1.137656,1.137398,1.137398
2026-07-27T14:45:00Z,1.137527,1.137786,1.137268,1.137398
2026-07-27T15:00:00Z,1.137527,1.137656,1.137268,1.137398
2026-07-27T15:15:00Z,1.137398,1.137915,1.137398,1.137915
2026-07-27T15:30:00Z,1.137915,1.137915,1.137786,1.137915
2026-07-27T15:45:00Z,1.137786,1.138045,1.137786,1.137915
2026-07-27T16:00:00Z,1.137786,1.138045,1.137786,1.137915
2026-07-27T16:15:00Z,1.137915,1.138693,1.137915,1.138563
2026-07-27T16:30:00Z,1.138563,1.138822,1.138563,1.138563
2026-07-27T16:45:00Z,1.138563,1.138563,1.138304,1.138304
2026-07-27T17:00:00Z,1.138174,1.138304,1.137656,1.137786
2026-07-27T17:15:00Z,1.137656,1.137656,1.137268,1.137398
2026-07-27T17:30:00Z,1.137268,1.137656,1.137268,1.137268
2026-07-27T17:45:00Z,1.137268,1.137656,1.137139,1.137656
2026-07-27T18:00:00Z,1.137527,1.137656,1.137527,1.137656
2026-07-27T18:15:00Z,1.137656,1.137656,1.137268,1.137268
2026-07-27T18:30:00Z,1.137398,1.137398,1.137139,1.137398
2026-07-27T18:45:00Z,1.137268,1.137268,1.137139,1.137139
2026-07-27T19:00:00Z,1.137268,1.137268,1.137010,1.137010
2026-07-27T19:15:00Z,1.137139,1.137398,1.137139,1.137398
2026-07-27T19:30:00Z,1.137527,1.137656,1.137398,1.137527
2026-07-27T19:45:00Z,1.137527,1.137527,1.137398,1.137398
2026-07-27T20:00:00Z,1.137268,1.137527,1.137268,1.137527
2026-07-27T20:15:00Z,1.137527,1.137527,1.137398,1.137398
2026-07-27T20:30:00Z,1.137398,1.137398,1.137139,1.137139
2026-07-27T20:45:00Z,1.137010,1.137139,1.137010,1.137139
2026-07-27T21:00:00Z,1.136493,1.138174,1.136493,1.138174
2026-07-27T21:15:00Z,1.137915,1.138174,1.137915,1.138045
2026-07-27T21:30:00Z,1.138433,1.138433,1.137398,1.137786
2026-07-27T21:45:00Z,1.137915,1.137915,1.137268,1.137527
2026-07-27T22:00:00Z,1.137268,1.137527,1.137268,1.137268
2026-07-27T22:15:00Z,1.137268,1.137398,1.137268,1.137268
2026-07-27T22:30:00Z,1.137268,1.137398,1.137268,1.137268
2026-07-27T22:45:00Z,1.137268,1.137268,1.137268,1.137268
2026-07-27T23:00:00Z,1.137268,1.137398,1.137268,1.137268
2026-07-27T23:15:00Z,1.137398,1.137398,1.137268,1.137398
2026-07-27T23:30:00Z,1.137398,1.137398,1.137268,1.137268
2026-07-27T23:45:00Z,1.137268,1.137268,1.137139,1.137268
2026-07-28T00:00:00Z,1.137139,1.137268,1.137010,1.137139
2026-07-28T00:15:00Z,1.137139,1.137656,1.137139,1.137527
2026-07-28T00:30:00Z,1.137527,1.137656,1.137527,1.137527
2026-07-28T00:45:00Z,1.137527,1.137786,1.137398,1.137786
2026-07-28T01:00:00Z,1.137786,1.138045,1.137786,1.137786
2026-07-28T01:15:00Z,1.137786,1.137915,1.137786,1.137915
2026-07-28T01:30:00Z,1.137915,1.137915,1.137656,1.137656
2026-07-28T01:45:00Z,1.137656,1.137656,1.137398,1.137656
2026-07-28T02:00:00Z,1.137656,1.137786,1.137527,1.137656
2026-07-28T02:15:00Z,1.137786,1.137786,1.137527,1.137527
2026-07-28T02:30:00Z,1.137527,1.137656,1.137527,1.137656
2026-07-28T02:45:00Z,1.137656,1.138174,1.137656,1.138045
2026-07-28T03:00:00Z,1.138045,1.138045,1.137915,1.137915
2026-07-28T03:15:00Z,1.137915,1.138174,1.137915,1.138045
2026-07-28T03:30:00Z,1.138174,1.138304,1.137915,1.137915
2026-07-28T03:45:00Z,1.137915,1.137915,1.137656,1.137786
2026-07-28T04:00:00Z,1.137656,1.137656,1.137398,1.137398
2026-07-28T04:15:00Z,1.137398,1.137527,1.137268,1.137398
2026-07-28T04:30:00Z,1.137656,1.137656,1.137398,1.137398
2026-07-28T04:45:00Z,1.137398,1.137527,1.137139,1.137268
2026-07-28T05:00:00Z,1.137139,1.137139,1.136622,1.136622
2026-07-28T05:15:00Z,1.136622,1.136751,1.136493,1.136751
2026-07-28T05:30:00Z,1.136880,1.136880,1.136622,1.136880
2026-07-28T05:45:00Z,1.136880,1.137010,1.136751,1.137010
2026-07-28T06:00:00Z,1.137010,1.137139,1.136880,1.137010
2026-07-28T06:15:00Z,1.137139,1.137398,1.137010,1.137398
2026-07-28T06:30:00Z,1.137398,1.137527,1.137268,1.137398
2026-07-28T06:45:00Z,1.137268,1.137398,1.137139,1.137139
2026-07-28T07:00:00Z,1.137139,1.137656,1.137010,1.137527
2026-07-28T07:15:00Z,1.137656,1.137656,1.137268,1.137268
2026-07-28T07:30:00Z,1.137398,1.137527,1.137139,1.137139
2026-07-28T07:45:00Z,1.137139,1.137139,1.136751,1.136880
2026-07-28T08:00:00Z,1.136880,1.137398,1.136880,1.137139
2026-07-28T08:15:00Z,1.137139,1.137527,1.137139,1.137268
2026-07-28T08:30:00Z,1.137398,1.137398,1.137139,1.137398
2026-07-28T08:45:00Z,1.137398,1.137527,1.137398,1.137527
2026-07-28T09:00:00Z,1.137656,1.137656,1.137010,1.137010
2026-07-28T09:15:00Z,1.137010,1.137139,1.136880,1.137010
2026-07-28T09:30:00Z,1.136880,1.136880,1.136622,1.136622
2026-07-28T09:45:00Z,1.136364,1.136493,1.135976,1.135976
2026-07-28T10:00:00Z,1.135976,1.135976,1.135718,1.135976
2026-07-28T10:15:00Z,1.135847,1.136105,1.135847,1.135976
2026-07-28T10:30:00Z,1.135976,1.136364,1.135976,1.136105
2026-07-28T10:45:00Z,1.136105,1.136622,1.136105,1.136364
2026-07-28T11:00:00Z,1.136493,1.136493,1.136105,1.136235
2026-07-28T11:15:00Z,1.136364,1.136880,1.136364,1.136880
2026-07-28T11:30:00Z,1.136880,1.136880,1.136751,1.136751
2026-07-28T11:45:00Z,1.136751,1.137139,1.136493,1.137010
2026-07-28T12:00:00Z,1.136880,1.136880,1.136493,1.136880
2026-07-28T12:15:00Z,1.136880,1.136880,1.136622,1.136622
2026-07-28T12:30:00Z,1.136622,1.136880,1.136493,1.136880
2026-07-28T12:45:00Z,1.136880,1.137139,1.136880,1.137010
2026-07-28T13:00:00Z,1.136880,1.137268,1.136880,1.137010
2026-07-28T13:15:00Z,1.137010,1.137398,1.137010,1.137139
2026-07-28T13:30:00Z,1.137268,1.137398,1.137139,1.137268
2026-07-28T13:45:00Z,1.137139,1.137656,1.137139,1.137398
2026-07-28T14:00:00Z,1.137527,1.137786,1.137527,1.137656
2026-07-28T14:15:00Z,1.137656,1.138045,1.137527,1.138045
2026-07-28T14:30:00Z,1.138174,1.138304,1.138045,1.138304
2026-07-28T14:45:00Z,1.138174,1.138952,1.138045,1.138952
2026-07-28T15:00:00Z,1.138952,1.139731,1.138822,1.139731
2026-07-28T15:15:00Z,1.139861,1.140121,1.139601,1.139991
2026-07-28T15:30:00Z,1.139991,1.140381,1.139861,1.140381
2026-07-28T15:45:00Z,1.140511,1.140511,1.139991,1.140381
2026-07-28T16:00:00Z,1.140381,1.140641,1.140251,1.140641
2026-07-28T16:15:00Z,1.140511,1.140771,1.140511,1.140771
2026-07-28T16:30:00Z,1.140771,1.140771,1.140381,1.140381
2026-07-28T16:45:00Z,1.140381,1.140381,1.139991,1.139991
2026-07-28T17:00:00Z,1.139861,1.139991,1.139731,1.139731
2026-07-28T17:15:00Z,1.139861,1.139991,1.139601,1.139601
2026-07-28T17:30:00Z,1.139601,1.139731,1.139471,1.139471
2026-07-28T17:45:00Z,1.139471,1.139471,1.139212,1.139341
2026-07-28T18:00:00Z,1.139212,1.139341,1.139082,1.139212
2026-07-28T18:15:00Z,1.139341,1.139471,1.139082,1.139082
2026-07-28T18:30:00Z,1.139212,1.139212,1.139082,1.139212
2026-07-28T18:45:00Z,1.139082,1.139082,1.138952,1.138952
2026-07-28T19:00:00Z,1.138952,1.139341,1.138952,1.139082
2026-07-28T19:15:00Z,1.139082,1.139341,1.139082,1.139212
2026-07-28T19:30:00Z,1.139212,1.139471,1.139212,1.139341
2026-07-28T19:45:00Z,1.139341,1.139471,1.139082,1.139082
2026-07-28T20:00:00Z,1.139082,1.139212,1.139082,1.139212
2026-07-28T20:15:00Z,1.139212,1.139212,1.138952,1.138952
2026-07-28T20:30:00Z,1.138952,1.139082,1.138822,1.139082
2026-07-28T20:45:00Z,1.139082,1.139082,1.138952,1.138952
2026-07-28T21:00:00Z,1.138563,1.139861,1.138304,1.139341
2026-07-28T21:15:00Z,1.139471,1.139601,1.139212,1.139471
2026-07-28T21:30:00Z,1.139341,1.139601,1.139341,1.139471
2026-07-28T21:45:00Z,1.139601,1.139601,1.139212,1.139471
2026-07-28T22:00:00Z,1.139212,1.139471,1.139212,1.139212
2026-07-28T22:15:00Z,1.139212,1.139212,1.138822,1.138822
2026-07-28T22:30:00Z,1.138822,1.138952,1.138822,1.138822
2026-07-28T22:45:00Z,1.138822,1.138822,1.138822,1.138822
2026-07-28T23:00:00Z,1.138822,1.138822,1.138563,1.138693
2026-07-28T23:15:00Z,1.138693,1.138822,1.138693,1.138822
2026-07-28T23:30:00Z,1.138822,1.138822,1.138822,1.138822
2026-07-28T23:45:00Z,1.138822,1.138952,1.138693,1.138952
2026-07-29T00:00:00Z,1.138822,1.138952,1.138563,1.138693
2026-07-29T00:15:00Z,1.138693,1.139341,1.138693,1.139212
2026-07-29T00:30:00Z,1.139212,1.139341,1.139212,1.139212
2026-07-29T00:45:00Z,1.139212,1.139341,1.139082,1.139341
2026-07-29T01:00:00Z,1.139471,1.139471,1.139212,1.139212
2026-07-29T01:15:00Z,1.139212,1.139601,1.139212,1.139471
2026-07-29T01:30:00Z,1.139082,1.139341,1.138952,1.138952
2026-07-29T01:45:00Z,1.138952,1.139471,1.138952,1.139471
2026-07-29T02:00:00Z,1.139471,1.139731,1.139341,1.139731
2026-07-29T02:15:00Z,1.139731,1.139861,1.139601,1.139731
2026-07-29T02:30:00Z,1.139731,1.139861,1.139731,1.139861
2026-07-29T02:45:00Z,1.139731,1.139861,1.139601,1.139731
2026-07-29T03:00:00Z,1.139731,1.139991,1.139731,1.139861
2026-07-29T03:15:00Z,1.139861,1.140251,1.139861,1.140251
2026-07-29T03:30:00Z,1.140251,1.140381,1.140251,1.140251
2026-07-29T03:45:00Z,1.140251,1.140381,1.139991,1.139991
2026-07-29T04:00:00Z,1.139991,1.140251,1.139991,1.140251
2026-07-29T04:15:00Z,1.140251,1.140511,1.140251,1.140251
2026-07-29T04:30:00Z,1.140251,1.140641,1.140251,1.140641
2026-07-29T04:45:00Z,1.140641,1.140641,1.140251,1.140511
2026-07-29T05:00:00Z,1.140511,1.140641,1.140381,1.140511
2026-07-29T05:15:00Z,1.140511,1.140511,1.140251,1.140251
2026-07-29T05:30:00Z,1.140251,1.140251,1.140121,1.140251
2026-07-29T05:45:00Z,1.140251,1.140511,1.140121,1.140121
2026-07-29T06:00:00Z,1.140251,1.140381,1.139861,1.139991
2026-07-29T06:15:00Z,1.140121,1.140121,1.139731,1.139731
2026-07-29T06:30:00Z,1.139601,1.139731,1.139601,1.139731
2026-07-29T06:45:00Z,1.139731,1.139731,1.139341,1.139471
2026-07-29T07:00:00Z,1.139471,1.139991,1.139471,1.139731
2026-07-29T07:15:00Z,1.139731,1.140121,1.139731,1.139991
2026-07-29T07:30:00Z,1.139991,1.140381,1.139991,1.140121
2026-07-29T07:45:00Z,1.140121,1.140381,1.140121,1.140121
2026-07-29T08:00:00Z,1.140121,1.140251,1.139861,1.139861
2026-07-29T08:15:00Z,1.139991,1.139991,1.139731,1.139861
2026-07-29T08:30:00Z,1.139861,1.140121,1.139601,1.140121
2026-07-29T08:45:00Z,1.140121,1.140381,1.139861,1.139991
2026-07-29T09:00:00Z,1.139861,1.139991,1.139861,1.139861
2026-07-29T09:15:00Z,1.139861,1.139991,1.139731,1.139861
2026-07-29T09:30:00Z,1.139861,1.139991,1.139601,1.139731
2026-07-29T09:45:00Z,1.139861,1.139861,1.139601,1.139601
2026-07-29T10:00:00Z,1.139471,1.139601,1.139341,1.139471
2026-07-29T10:15:00Z,1.139471,1.139471,1.139082,1.139212
2026-07-29T10:30:00Z,1.139471,1.139471,1.139082,1.139082
2026-07-29T10:45:00Z,1.139082,1.139082,1.138693,1.138822
2026-07-29T11:00:00Z,1.138952,1.139082,1.138952,1.139082
2026-07-29T11:15:00Z,1.139082,1.139212,1.138822,1.139082
2026-07-29T11:30:00Z,1.139082,1.139082,1.138563,1.138563
2026-07-29T11:45:00Z,1.138563,1.138822,1.138433,1.138433
2026-07-29T12:00:00Z,1.138563,1.138563,1.138304,1.138304
2026-07-29T12:15:00Z,1.138174,1.138304,1.137915,1.138045
2026-07-29T12:30:00Z,1.137915,1.138304,1.137915,1.138304
2026-07-29T12:45:00Z,1.138174,1.138304,1.138045,1.138045
2026-07-29T13:00:00Z,1.138304,1.138304,1.138045,1.138304
2026-07-29T13:15:00Z,1.138304,1.138952,1.138304,1.138952
2026-07-29T13:30:00Z,1.138822,1.138952,1.138693,1.138952
2026-07-29T13:45:00Z,1.139082,1.139471,1.139082,1.139341
2026-07-29T14:00:00Z,1.139601,1.139601,1.139212,1.139212
2026-07-29T14:15:00Z,1.139212,1.139731,1.139082,1.139731
2026-07-29T14:30:00Z,1.139861,1.139991,1.139471,1.139471
2026-07-29T14:45:00Z,1.139471,1.139471,1.138433,1.138433
2026-07-29T15:00:00Z,1.138433,1.138822,1.138304,1.138822
2026-07-29T15:15:00Z,1.138822,1.138822,1.138174,1.138433
2026-07-29T15:30:00Z,1.138304,1.138433,1.138174,1.138433
2026-07-29T15:45:00Z,1.138433,1.138693,1.138433,1.138563
2026-07-29T16:00:00Z,1.138563,1.138563,1.138174,1.138304
2026-07-29T16:15:00Z,1.138045,1.138563,1.138045,1.138563
2026-07-29T16:30:00Z,1.138563,1.138563,1.138304,1.138563
2026-07-29T16:45:00Z,1.138563,1.138822,1.138563,1.138822
2026-07-29T17:00:00Z,1.138822,1.139341,1.138822,1.139341
2026-07-29T17:15:00Z,1.139212,1.139601,1.139212,1.139341
2026-07-29T17:30:00Z,1.139341,1.139861,1.139341,1.139861
2026-07-29T17:45:00Z,1.139991,1.140251,1.139861,1.139991
2026-07-29T18:00:00Z,1.141813,1.142988,1.141813,1.142857
2026-07-29T18:15:00Z,1.143249,1.143249,1.142074,1.142335
2026-07-29T18:30:00Z,1.142857,1.143641,1.141162,1.143641
2026-07-29T18:45:00Z,1.143903,1.145475,1.143903,1.145344
2026-07-29T19:00:00Z,1.145607,1.145738,1.144689,1.145344
2026-07-29T19:15:00Z,1.145607,1.146920,1.145475,1.145607
2026-07-29T19:30:00Z,1.145475,1.146132,1.144951,1.146132
2026-07-29T19:45:00Z,1.145869,1.146000,1.145213,1.145213
2026-07-29T20:00:00Z,1.145082,1.145475,1.145082,1.145475
2026-07-29T20:15:00Z,1.145344,1.145869,1.145344,1.145869
2026-07-29T20:30:00Z,1.145869,1.146920,1.145869,1.146920
2026-07-29T20:45:00Z,1.146789,1.147315,1.146789,1.147052
2026-07-29T21:00:00Z,1.147579,1.149293,1.145344,1.146526
2026-07-29T21:15:00Z,1.146395,1.146920,1.146395,1.146789
2026-07-29T21:30:00Z,1.146789,1.146920,1.146526,1.146920
2026-07-29T21:45:00Z,1.146789,1.146789,1.146395,1.146526
2026-07-29T22:00:00Z,1.146920,1.147184,1.146920,1.147184
2026-07-29T22:15:00Z,1.147184,1.147315,1.147052,1.147052
2026-07-29T22:30:00Z,1.147184,1.147315,1.147184,1.147315
2026-07-29T22:45:00Z,1.147315,1.147447,1.147315,1.147447
2026-07-29T23:00:00Z,1.147579,1.147842,1.147315,1.147315
2026-07-29T23:15:00Z,1.147315,1.147447,1.147052,1.147052
2026-07-29T23:30:00Z,1.147052,1.147052,1.146920,1.146920
2026-07-29T23:45:00Z,1.146789,1.147315,1.146789,1.147052
2026-07-30T00:00:00Z,1.147052,1.147184,1.146789,1.147052
2026-07-30T00:15:00Z,1.147052,1.147052,1.146000,1.146132
2026-07-30T00:30:00Z,1.146132,1.146132,1.146000,1.146000
2026-07-30T00:45:00Z,1.146000,1.146132,1.146000,1.146132
2026-07-30T01:00:00Z,1.146132,1.146395,1.146132,1.146263
2026-07-30T01:15:00Z,1.146263,1.146263,1.145738,1.145869
2026-07-30T01:30:00Z,1.145869,1.146132,1.145869,1.146000
2026-07-30T01:45:00Z,1.146000,1.146132,1.145607,1.145607
2026-07-30T02:00:00Z,1.145869,1.145869,1.145607,1.145607
2026-07-30T02:15:00Z,1.145607,1.145607,1.145475,1.145607
2026-07-30T02:30:00Z,1.145607,1.145869,1.145607,1.145738
2026-07-30T02:45:00Z,1.145738,1.145869,1.145607,1.145607
2026-07-30T03:00:00Z,1.145607,1.145738,1.145475,1.145475
2026-07-30T03:15:00Z,1.145475,1.145475,1.145213,1.145344
2026-07-30T03:30:00Z,1.145344,1.145607,1.145344,1.145607
2026-07-30T03:45:00Z,1.145475,1.145475,1.145344,1.145344
2026-07-30T04:00:00Z,1.145213,1.145607,1.145213,1.145607
2026-07-30T04:15:00Z,1.145607,1.145738,1.145607,1.145607
2026-07-30T04:30:00Z,1.145607,1.145738,1.145607,1.145607
2026-07-30T04:45:00Z,1.145607,1.145607,1.145344,1.145344
2026-07-30T05:00:00Z,1.145344,1.145869,1.145344,1.145869
2026-07-30T05:15:00Z,1.145869,1.146000,1.145738,1.145869
2026-07-30T05:30:00Z,1.145869,1.145869,1.145475,1.145475
2026-07-30T05:45:00Z,1.145607,1.145738,1.145213,1.145344
2026-07-30T06:00:00Z,1.145475,1.145475,1.144689,1.144689
2026-07-30T06:15:00Z,1.144951,1.144951,1.144689,1.144820
2026-07-30T06:30:00Z,1.144820,1.145082,1.144689,1.145082
2026-07-30T06:45:00Z,1.144951,1.145344,1.144951,1.145082
2026-07-30T07:00:00Z,1.145082,1.145475,1.144558,1.144558
2026-07-30T07:15:00Z,1.144558,1.144689,1.144034,1.144034
2026-07-30T07:30:00Z,1.143903,1.144165,1.143903,1.144165
2026-07-30T07:45:00Z,1.144034,1.144165,1.144034,1.144165
2026-07-30T08:00:00Z,1.144427,1.145082,1.144296,1.145082
2026-07-30T08:15:00Z,1.145082,1.145738,1.145082,1.145738
2026-07-30T08:30:00Z,1.145738,1.145738,1.144951,1.145344
2026-07-30T08:45:00Z,1.145475,1.145738,1.145082,1.145213
2026-07-30T09:00:00Z,1.145344,1.146132,1.145344,1.146132
2026-07-30T09:15:00Z,1.146132,1.146657,1.146132,1.146657
2026-07-30T09:30:00Z,1.146395,1.146657,1.146395,1.146526
2026-07-30T09:45:00Z,1.146526,1.147052,1.146526,1.146789
2026-07-30T10:00:00Z,1.146789,1.147315,1.146526,1.147315
2026-07-30T10:15:00Z,1.147579,1.147974,1.147315,1.147579
2026-07-30T10:30:00Z,1.147579,1.148501,1.147579,1.148501
2026-07-30T10:45:00Z,1.148501,1.148633,1.147710,1.147710
2026-07-30T11:00:00Z,1.147842,1.147974,1.147579,1.147579
2026-07-30T11:15:00Z,1.147579,1.147579,1.147052,1.147052
2026-07-30T11:30:00Z,1.147052,1.147052,1.146920,1.146920
2026-07-30T11:45:00Z,1.146920,1.147842,1.146920,1.147842
2026-07-30T12:00:00Z,1.147974,1.148369,1.147974,1.148369
2026-07-30T12:15:00Z,1.148237,1.148237,1.147842,1.148106
2026-07-30T12:30:00Z,1.148633,1.148633,1.147579,1.148501
2026-07-30T12:45:00Z,1.148501,1.148501,1.147447,1.147710
2026-07-30T13:00:00Z,1.147710,1.147842,1.147315,1.147710
2026-07-30T13:15:00Z,1.147447,1.148369,1.147447,1.148369
2026-07-30T13:30:00Z,1.148369,1.150483,1.148369,1.150483
2026-07-30T13:45:00Z,1.150616,1.152605,1.150351,1.152605
2026-07-30T14:00:00Z,1.152605,1.153802,1.152206,1.152871
2026-07-30T14:15:00Z,1.153270,1.153536,1.152339,1.152339
2026-07-30T14:30:00Z,1.152472,1.152472,1.151410,1.151410
2026-07-30T14:45:00Z,1.151808,1.151808,1.150748,1.150748
2026-07-30T15:00:00Z,1.150483,1.150880,1.150351,1.150616
2026-07-30T15:15:00Z,1.151145,1.151808,1.151145,1.151808
2026-07-30T15:30:00Z,1.151941,1.152605,1.151808,1.152472
2026-07-30T15:45:00Z,1.152605,1.152738,1.152472,1.152472
2026-07-30T16:00:00Z,1.152738,1.153136,1.152738,1.152738
2026-07-30T16:15:00Z,1.152738,1.153270,1.152738,1.153270
2026-07-30T16:30:00Z,1.153403,1.153403,1.152871,1.152871
2026-07-30T16:45:00Z,1.152871,1.153136,1.152738,1.153136
2026-07-30T17:00:00Z,1.153270,1.153270,1.152472,1.152472
2026-07-30T17:15:00Z,1.152339,1.152339,1.152206,1.152339
2026-07-30T17:30:00Z,1.152206,1.153136,1.151941,1.153136
2026-07-30T17:45:00Z,1.153270,1.153270,1.153004,1.153136
2026-07-30T18:00:00Z,1.153536,1.153802,1.153270,1.153802
2026-07-30T18:15:00Z,1.153802,1.153802,1.153136,1.153270
2026-07-30T18:30:00Z,1.153403,1.153669,1.153270,1.153403
2026-07-30T18:45:00Z,1.153536,1.153802,1.153536,1.153802
2026-07-30T19:00:00Z,1.153935,1.153935,1.153136,1.153403
2026-07-30T19:15:00Z,1.153136,1.153669,1.153136,1.153536
2026-07-30T19:30:00Z,1.153536,1.153536,1.153403,1.153403
2026-07-30T19:45:00Z,1.153536,1.153536,1.153270,1.153536
2026-07-30T20:00:00Z,1.153403,1.153536,1.153270,1.153403
2026-07-30T20:15:00Z,1.153403,1.153403,1.153136,1.153136
2026-07-30T20:30:00Z,1.153004,1.153270,1.153004,1.153004
2026-07-30T20:45:00Z,1.153004,1.153270,1.153004,1.153136
2026-07-30T21:00:00Z,1.153136,1.153270,1.152871,1.152871
2026-07-30T21:15:00Z,1.152871,1.153004,1.152738,1.152738
2026-07-30T21:30:00Z,1.152738,1.153004,1.152738,1.153004
2026-07-30T21:45:00Z,1.152738,1.153004,1.152738,1.152871
2026-07-30T22:00:00Z,1.153004,1.153270,1.152871,1.153004
2026-07-30T22:15:00Z,1.153004,1.153136,1.152871,1.153004
2026-07-30T22:30:00Z,1.153004,1.153403,1.153004,1.153270
2026-07-30T22:45:00Z,1.153270,1.153403,1.153136,1.153136
2026-07-30T23:00:00Z,1.153270,1.153403,1.152871,1.152871
2026-07-30T23:15:00Z,1.152871,1.153004,1.152738,1.152871
2026-07-30T23:30:00Z,1.152738,1.152871,1.152605,1.152738
2026-07-30T23:45:00Z,1.152871,1.152871,1.152605,1.152605
2026-07-31T00:00:00Z,1.152738,1.152738,1.152339,1.152605
2026-07-31T00:15:00Z,1.152605,1.153004,1.152605,1.152605
2026-07-31T00:30:00Z,1.152605,1.152605,1.151941,1.151941
2026-07-31T00:45:00Z,1.152074,1.152339,1.151941,1.152206
2026-07-31T01:00:00Z,1.152206,1.152339,1.151941,1.151941
2026-07-31T01:15:00Z,1.151941,1.152206,1.151941,1.152074
2026-07-31T01:30:00Z,1.151941,1.152339,1.151808,1.151808
2026-07-31T01:45:00Z,1.151808,1.151808,1.151410,1.151410
2026-07-31T02:00:00Z,1.151410,1.151941,1.151410,1.151941
2026-07-31T02:15:00Z,1.151808,1.151808,1.151676,1.151676
2026-07-31T02:30:00Z,1.151676,1.151808,1.151543,1.151543
2026-07-31T02:45:00Z,1.151543,1.151543,1.151410,1.151543
2026-07-31T03:00:00Z,1.151543,1.151543,1.151278,1.151410
2026-07-31T03:15:00Z,1.151410,1.151410,1.151145,1.151278
2026-07-31T03:30:00Z,1.151278,1.151278,1.151013,1.151013
2026-07-31T03:45:00Z,1.151145,1.151676,1.151145,1.151676
2026-07-31T04:00:00Z,1.151676,1.151676,1.151543,1.151543
2026-07-31T04:15:00Z,1.151543,1.151676,1.151543,1.151543
2026-07-31T04:30:00Z,1.151410,1.151410,1.150880,1.151013
2026-07-31T04:45:00Z,1.150880,1.151145,1.150880,1.151145
2026-07-31T05:00:00Z,1.151145,1.151278,1.151013,1.151013
2026-07-31T05:15:00Z,1.150880,1.151013,1.150880,1.151013
2026-07-31T05:30:00Z,1.150880,1.151278,1.150880,1.151013
2026-07-31T05:45:00Z,1.151013,1.151013,1.150880,1.151013
2026-07-31T06:00:00Z,1.150880,1.151941,1.150880,1.151808
2026-07-31T06:15:00Z,1.151808,1.152472,1.151808,1.152472
2026-07-31T06:30:00Z,1.152074,1.152206,1.151410,1.151543
2026-07-31T06:45:00Z,1.151941,1.152472,1.151941,1.152074
2026-07-31T07:00:00Z,1.152074,1.152074,1.151808,1.152074
2026-07-31T07:15:00Z,1.151941,1.151941,1.151676,1.151941
2026-07-31T07:30:00Z,1.151676,1.152206,1.151543,1.152206
2026-07-31T07:45:00Z,1.152206,1.152738,1.151676,1.151676
2026-07-31T08:00:00Z,1.151808,1.151941,1.151145,1.151410
2026-07-31T08:15:00Z,1.151410,1.151543,1.151278,1.151278
2026-07-31T08:30:00Z,1.151145,1.151278,1.150880,1.151145
2026-07-31T08:45:00Z,1.151278,1.152871,1.151278,1.152871
2026-07-31T09:00:00Z,1.152738,1.152738,1.151941,1.151941
2026-07-31T09:15:00Z,1.151808,1.152074,1.151278,1.151278
2026-07-31T09:30:00Z,1.151278,1.151410,1.150880,1.150880
2026-07-31T09:45:00Z,1.150748,1.151278,1.150748,1.150880
2026-07-31T10:00:00Z,1.150748,1.151145,1.150748,1.151145
2026-07-31T10:15:00Z,1.151013,1.151013,1.150616,1.150616
2026-07-31T10:30:00Z,1.150616,1.150748,1.150483,1.150748
2026-07-31T10:45:00Z,1.150616,1.150748,1.150483,1.150483
2026-07-31T11:00:00Z,1.150483,1.150483,1.150218,1.150218
2026-07-31T11:15:00Z,1.150218,1.150218,1.149557,1.149690
2026-07-31T11:30:00Z,1.149557,1.149557,1.149293,1.149425
2026-07-31T11:45:00Z,1.149425,1.149425,1.148897,1.148897
2026-07-31T12:00:00Z,1.148765,1.149029,1.148633,1.149029
2026-07-31T12:15:00Z,1.149029,1.149161,1.148765,1.148765
2026-07-31T12:30:00Z,1.148633,1.149029,1.148633,1.148897
2026-07-31T12:45:00Z,1.148897,1.149425,1.148765,1.149293
2026-07-31T13:00:00Z,1.149161,1.149425,1.149161,1.149161
2026-07-31T13:15:00Z,1.149161,1.150616,1.149029,1.150351
2026-07-31T13:30:00Z,1.150351,1.150351,1.146132,1.147315
2026-07-31T13:45:00Z,1.147184,1.147710,1.146920,1.147052
2026-07-31T14:00:00Z,1.147052,1.147710,1.146657,1.147710
2026-07-31T14:15:00Z,1.147710,1.148237,1.147579,1.148106
2026-07-31T14:30:00Z,1.148369,1.149293,1.148369,1.149293
2026-07-31T14:45:00Z,1.149557,1.150880,1.149557,1.150880
2026-07-31T15:00:00Z,1.151013,1.151013,1.150086,1.150616
2026-07-31T15:15:00Z,1.150748,1.151145,1.150351,1.150616
2026-07-31T15:30:00Z,1.150748,1.151278,1.150483,1.151278
2026-07-31T15:45:00Z,1.151145,1.152206,1.151145,1.152206
2026-07-31T16:00:00Z,1.152074,1.152206,1.151676,1.152206
2026-07-31T16:15:00Z,1.151941,1.152074,1.151676,1.151676
2026-07-31T16:30:00Z,1.151676,1.152074,1.151676,1.151676
2026-07-31T16:45:00Z,1.151808,1.152074,1.151808,1.152074
2026-07-31T17:00:00Z,1.152206,1.152605,1.152074,1.152605
2026-07-31T17:15:00Z,1.152605,1.153004,1.152339,1.153004
2026-07-31T17:30:00Z,1.153136,1.153802,1.153136,1.153802
2026-07-31T17:45:00Z,1.153802,1.154068,1.153136,1.153802
2026-07-31T18:00:00Z,1.153669,1.153802,1.153403,1.153403
2026-07-31T18:15:00Z,1.153136,1.153403,1.153136,1.153270
2026-07-31T18:30:00Z,1.153270,1.153403,1.153004,1.153136
2026-07-31T18:45:00Z,1.153004,1.153403,1.152871,1.153403
2026-07-31T19:00:00Z,1.153536,1.153669,1.153536,1.153536
2026-07-31T19:15:00Z,1.153536,1.153536,1.153403,1.153536
2026-07-31T19:30:00Z,1.153403,1.153536,1.153004,1.153536
2026-07-31T19:45:00Z,1.153669,1.153935,1.153403,1.153403
2026-07-31T20:00:00Z,1.153403,1.153403,1.152871,1.153136
2026-07-31T20:15:00Z,1.153403,1.154201,1.153403,1.153935
2026-07-31T20:30:00Z,1.153935,1.154335,1.153802,1.154335
2026-07-31T20:45:00Z,1.154468,1.155001,1.153270,1.153270
2026-07-31T21:00:00Z,1.152738,1.152738,1.152738,1.152738
2026-07-31T21:15:00Z,1.152738,1.152738,1.152738,1.152738
2026-08-02T23:00:00Z,1.155268,1.155268,1.154734,1.154868
2026-08-02T23:15:00Z,1.154868,1.154868,1.154601,1.154868
2026-08-02T23:30:00Z,1.154868,1.154868,1.154601,1.154734
2026-08-02T23:45:00Z,1.154734,1.154734,1.154601,1.154734
2026-08-03T00:00:00Z,1.154335,1.154335,1.153935,1.154068
2026-08-03T00:15:00Z,1.154068,1.155135,1.153935,1.155135
2026-08-03T00:30:00Z,1.155268,1.155802,1.155135,1.155802
2026-08-03T00:45:00Z,1.155802,1.155802,1.154601,1.154601
2026-08-03T01:00:00Z,1.154335,1.154734,1.153935,1.153935
2026-08-03T01:15:00Z,1.153935,1.153935,1.153536,1.153536
2026-08-03T01:30:00Z,1.153536,1.153669,1.153403,1.153536
2026-08-03T01:45:00Z,1.153536,1.153536,1.153403,1.153536
2026-08-03T02:00:00Z,1.153536,1.153669,1.153403,1.153403
2026-08-03T02:15:00Z,1.153270,1.153669,1.153270,1.153669
2026-08-03T02:30:00Z,1.153669,1.153802,1.153536,1.153536
2026-08-03T02:45:00Z,1.153536,1.153669,1.153403,1.153403
2026-08-03T03:00:00Z,1.153403,1.153403,1.153136,1.153136
2026-08-03T03:15:00Z,1.153004,1.153270,1.153004,1.153270
2026-08-03T03:30:00Z,1.153136,1.153136,1.153004,1.153136
2026-08-03T03:45:00Z,1.153136,1.153403,1.153136,1.153403
2026-08-03T04:00:00Z,1.153403,1.153536,1.153270,1.153536
2026-08-03T04:15:00Z,1.153536,1.153669,1.153403,1.153669
2026-08-03T04:30:00Z,1.153669,1.153935,1.153536,1.153935
2026-08-03T04:45:00Z,1.153802,1.153802,1.153669,1.153802
2026-08-03T05:00:00Z,1.153802,1.153935,1.153536,1.153669
2026-08-03T05:15:00Z,1.153669,1.153802,1.153536,1.153669
2026-08-03T05:30:00Z,1.153802,1.153935,1.153669,1.153935
2026-08-03T05:45:00Z,1.153935,1.154068,1.153802,1.154068
2026-08-03T06:00:00Z,1.154201,1.154201,1.153669,1.153669
2026-08-03T06:15:00Z,1.153669,1.153802,1.153536,1.153669
2026-08-03T06:30:00Z,1.153669,1.153669,1.152871,1.152871
2026-08-03T06:45:00Z,1.152738,1.153136,1.152738,1.153004
2026-08-03T07:00:00Z,1.153136,1.153270,1.152605,1.153270
2026-08-03T07:15:00Z,1.153270,1.153270,1.152472,1.153270
2026-08-03T07:30:00Z,1.153403,1.153536,1.152738,1.153004
2026-08-03T07:45:00Z,1.153004,1.153004,1.152738,1.153004
2026-08-03T08:00:00Z,1.152738,1.153004,1.152738,1.153004
2026-08-03T08:15:00Z,1.152871,1.153004,1.152605,1.152738
2026-08-03T08:30:00Z,1.152738,1.152871,1.152738,1.152871
2026-08-03T08:45:00Z,1.152738,1.152871,1.152472,1.152605
2026-08-03T09:00:00Z,1.152738,1.152871,1.152339,1.152871
2026-08-03T09:15:00Z,1.152738,1.152738,1.152472,1.152738
2026-08-03T09:30:00Z,1.152738,1.153136,1.152738,1.153136
2026-08-03T09:45:00Z,1.153136,1.153270,1.152605,1.152605
2026-08-03T10:00:00Z,1.152472,1.152738,1.152472,1.152738
2026-08-03T10:15:00Z,1.152605,1.152738,1.152074,1.152605
2026-08-03T10:30:00Z,1.152605,1.152605,1.152472,1.152472
2026-08-03T10:45:00Z,1.152339,1.152738,1.152339,1.152605
2026-08-03T11:00:00Z,1.152738,1.153004,1.152738,1.152871
2026-08-03T11:15:00Z,1.152871,1.152871,1.152472,1.152472
2026-08-03T11:30:00Z,1.152605,1.152871,1.152605,1.152871
2026-08-03T11:45:00Z,1.153004,1.153536,1.153004,1.153536
2026-08-03T12:00:00Z,1.153669,1.153802,1.153403,1.153403
2026-08-03T12:15:00Z,1.153536,1.153669,1.153270,1.153403
2026-08-03T12:30:00Z,1.153403,1.153669,1.152871,1.152871
2026-08-03T12:45:00Z,1.152871,1.153136,1.152605,1.153136
2026-08-03T13:00:00Z,1.153270,1.153669,1.153136,1.153270
2026-08-03T13:15:00Z,1.153270,1.153536,1.152871,1.153536
2026-08-03T13:30:00Z,1.153536,1.153802,1.153004,1.153004
2026-08-03T13:45:00Z,1.153270,1.153270,1.152605,1.153004
2026-08-03T14:00:00Z,1.152605,1.153004,1.151941,1.151941
2026-08-03T14:15:00Z,1.152074,1.152339,1.151941,1.151941
2026-08-03T14:30:00Z,1.151808,1.152074,1.151410,1.151676
2026-08-03T14:45:00Z,1.151676,1.151941,1.151543,1.151808
2026-08-03T15:00:00Z,1.151543,1.151543,1.150616,1.150616
2026-08-03T15:15:00Z,1.150748,1.151013,1.150616,1.150748
2026-08-03T15:30:00Z,1.150748,1.150880,1.150616,1.150748
2026-08-03T15:45:00Z,1.150748,1.151278,1.150748,1.151278
2026-08-03T16:00:00Z,1.151278,1.151410,1.151013,1.151145
2026-08-03T16:15:00Z,1.151013,1.151145,1.150880,1.150880
2026-08-03T16:30:00Z,1.150880,1.151145,1.150880,1.151013
2026-08-03T16:45:00Z,1.151013,1.151145,1.150880,1.151013
2026-08-03T17:00:00Z,1.150880,1.150880,1.150748,1.150748
2026-08-03T17:15:00Z,1.150616,1.150748,1.150616,1.150748
2026-08-03T17:30:00Z,1.150748,1.150748,1.150616,1.150748
2026-08-03T17:45:00Z,1.150748,1.150880,1.150483,1.150483
2026-08-03T18:00:00Z,1.150483,1.150880,1.150483,1.150880
2026-08-03T18:15:00Z,1.151013,1.151278,1.151013,1.151278
2026-08-03T18:30:00Z,1.151278,1.151543,1.151278,1.151543
2026-08-03T18:45:00Z,1.151543,1.151808,1.151410,1.151676
2026-08-03T19:00:00Z,1.151676,1.151808,1.151676,1.151676
2026-08-03T19:15:00Z,1.151676,1.151676,1.151543,1.151676
2026-08-03T19:30:00Z,1.151543,1.151676,1.151543,1.151543
2026-08-03T19:45:00Z,1.151543,1.151676,1.151278,1.151410
2026-08-03T20:00:00Z,1.151410,1.151410,1.151145,1.151145
2026-08-03T20:15:00Z,1.151013,1.151145,1.151013,1.151013
2026-08-03T20:30:00Z,1.151145,1.151278,1.151145,1.151278
2026-08-03T20:45:00Z,1.151278,1.151278,1.151145,1.151145
2026-08-03T21:00:00Z,1.151676,1.151808,1.151278,1.151410
2026-08-03T21:15:00Z,1.151013,1.151543,1.151013,1.151278
2026-08-03T21:30:00Z,1.151410,1.151543,1.151278,1.151410
2026-08-03T21:45:00Z,1.151410,1.151676,1.151278,1.151410
2026-08-03T22:00:00Z,1.151543,1.151543,1.151013,1.151013
2026-08-03T22:15:00Z,1.151145,1.151145,1.151013,1.151013
2026-08-03T22:30:00Z,1.151145,1.151145,1.151013,1.151145
2026-08-03T22:45:00Z,1.151145,1.151278,1.151145,1.151145
2026-08-03T23:00:00Z,1.151278,1.151278,1.151145,1.151278
2026-08-03T23:15:00Z,1.151278,1.151410,1.151278,1.151278
2026-08-03T23:30:00Z,1.151278,1.151278,1.151013,1.151145
2026-08-03T23:45:00Z,1.151145,1.151145,1.151013,1.151013
2026-08-04T00:00:00Z,1.151145,1.151676,1.151145,1.151278
2026-08-04T00:15:00Z,1.151278,1.151543,1.151278,1.151543
2026-08-04T00:30:00Z,1.151410,1.151808,1.151410,1.151543
2026-08-04T00:45:00Z,1.151543,1.151543,1.150880,1.150880
2026-08-04T01:00:00Z,1.150748,1.150880,1.150616,1.150880
2026-08-04T01:15:00Z,1.150880,1.151278,1.150880,1.151145
2026-08-04T01:30:00Z,1.151410,1.151808,1.151410,1.151808
2026-08-04T01:45:00Z,1.151676,1.151808,1.151543,1.151543
2026-08-04T02:00:00Z,1.151676,1.151676,1.151278,1.151543
2026-08-04T02:15:00Z,1.151676,1.151676,1.151278,1.151278
2026-08-04T02:30:00Z,1.151410,1.151543,1.151278,1.151543
2026-08-04T02:45:00Z,1.151410,1.151543,1.151145,1.151145
2026-08-04T03:00:00Z,1.151410,1.151410,1.151145,1.151278
2026-08-04T03:15:00Z,1.151410,1.151543,1.151410,1.151543
2026-08-04T03:30:00Z,1.151543,1.151543,1.151145,1.151145
2026-08-04T03:45:00Z,1.151145,1.151278,1.151145,1.151145
2026-08-04T04:00:00Z,1.151278,1.151278,1.151013,1.151013
2026-08-04T04:15:00Z,1.151013,1.151145,1.151013,1.151145
2026-08-04T04:30:00Z,1.151145,1.151278,1.151145,1.151278
2026-08-04T04:45:00Z,1.151278,1.151410,1.151145,1.151278
2026-08-04T05:00:00Z,1.151278,1.151410,1.151013,1.151013
2026-08-04T05:15:00Z,1.151013,1.151278,1.151013,1.151278
2026-08-04T05:30:00Z,1.151278,1.151278,1.150880,1.150880
2026-08-04T05:45:00Z,1.150880,1.151013,1.150748,1.151013
2026-08-04T06:00:00Z,1.151013,1.151145,1.150748,1.151145
2026-08-04T06:15:00Z,1.151145,1.151278,1.151013,1.151013
2026-08-04T06:30:00Z,1.151013,1.151145,1.150748,1.150748
2026-08-04T06:45:00Z,1.150748,1.151013,1.150748,1.151013
2026-08-04T07:00:00Z,1.151145,1.151278,1.151145,1.151278
2026-08-04T07:15:00Z,1.151410,1.151941,1.151410,1.151543
2026-08-04T07:30:00Z,1.151543,1.151676,1.151278,1.151278
2026-08-04T07:45:00Z,1.151410,1.151543,1.151278,1.151410
2026-08-04T08:00:00Z,1.151543,1.151676,1.151278,1.151278
2026-08-04T08:15:00Z,1.151278,1.151543,1.151145,1.151543
2026-08-04T08:30:00Z,1.151410,1.151410,1.151013,1.151278
2026-08-04T08:45:00Z,1.151145,1.151278,1.151013,1.151145
2026-08-04T09:00:00Z,1.151145,1.151145,1.150748,1.151013
2026-08-04T09:15:00Z,1.151013,1.151410,1.151013,1.151410
2026-08-04T09:30:00Z,1.151278,1.151410,1.151145,1.151145
2026-08-04T09:45:00Z,1.151145,1.151278,1.150880,1.151145
2026-08-04T10:00:00Z,1.151145,1.151410,1.151145,1.151278
2026-08-04T10:15:00Z,1.151278,1.151278,1.151145,1.151278
2026-08-04T10:30:00Z,1.151410,1.151676,1.151278,1.151676
2026-08-04T10:45:00Z,1.151941,1.152206,1.151676,1.151676
2026-08-04T11:00:00Z,1.151676,1.151941,1.151543,1.151941
2026-08-04T11:15:00Z,1.151941,1.152339,1.151941,1.152339
2026-08-04T11:30:00Z,1.152206,1.152605,1.152206,1.152605
2026-08-04T11:45:00Z,1.152472,1.152472,1.151941,1.151941
2026-08-04T12:00:00Z,1.152074,1.152074,1.151808,1.151808
2026-08-04T12:15:00Z,1.151676,1.152074,1.151676,1.151808
2026-08-04T12:30:00Z,1.151941,1.152605,1.151941,1.152472
2026-08-04T12:45:00Z,1.152339,1.152339,1.151808,1.151808
2026-08-04T13:00:00Z,1.151808,1.151808,1.151543,1.151543
2026-08-04T13:15:00Z,1.151676,1.152206,1.151410,1.151941
2026-08-04T13:30:00Z,1.151941,1.152871,1.151941,1.152738
2026-08-04T13:45:00Z,1.152605,1.152871,1.152605,1.152738
2026-08-04T14:00:00Z,1.152738,1.153403,1.152605,1.153270
2026-08-04T14:15:00Z,1.153270,1.153270,1.153004,1.153136
2026-08-04T14:30:00Z,1.153004,1.153136,1.152738,1.152738
2026-08-04T14:45:00Z,1.152605,1.152738,1.152339,1.152605
2026-08-04T15:00:00Z,1.152738,1.152871,1.152206,1.152206
2026-08-04T15:15:00Z,1.152074,1.152074,1.151808,1.152074
2026-08-04T15:30:00Z,1.152074,1.152472,1.151941,1.152472
2026-08-04T15:45:00Z,1.152472,1.153004,1.152339,1.152871
2026-08-04T16:00:00Z,1.152871,1.152871,1.152472,1.152472
2026-08-04T16:15:00Z,1.152472,1.152472,1.152339,1.152339
2026-08-04T16:30:00Z,1.152339,1.152339,1.152074,1.152206
2026-08-04T16:45:00Z,1.152206,1.152206,1.152074,1.152206
2026-08-04T17:00:00Z,1.152339,1.152605,1.152339,1.152605
2026-08-04T17:15:00Z,1.152472,1.152605,1.152339,1.152472
2026-08-04T17:30:00Z,1.152472,1.152871,1.152472,1.152871
2026-08-04T17:45:00Z,1.152871,1.152871,1.152738,1.152738
2026-08-04T18:00:00Z,1.152738,1.153004,1.152605,1.152738
2026-08-04T18:15:00Z,1.152738,1.152871,1.152605,1.152871
2026-08-04T18:30:00Z,1.152871,1.153004,1.152871,1.153004
2026-08-04T18:45:00Z,1.153136,1.153669,1.153004,1.153536
2026-08-04T19:00:00Z,1.153536,1.153669,1.153403,1.153403
2026-08-04T19:15:00Z,1.153536,1.153536,1.153270,1.153536
2026-08-04T19:30:00Z,1.153536,1.153536,1.153403,1.153536
2026-08-04T19:45:00Z,1.153536,1.153536,1.153270,1.153403
2026-08-04T20:00:00Z,1.153403,1.153536,1.153403,1.153536
2026-08-04T20:15:00Z,1.153536,1.153669,1.153536,1.153536
2026-08-04T20:30:00Z,1.153536,1.153669,1.153403,1.153403
2026-08-04T20:45:00Z,1.153403,1.153669,1.153403,1.153536
2026-08-04T21:00:00Z,1.153136,1.153270,1.153004,1.153136
2026-08-04T21:15:00Z,1.153136,1.153403,1.153136,1.153136
2026-08-04T21:30:00Z,1.153270,1.153403,1.153136,1.153403
2026-08-04T21:45:00Z,1.153270,1.153403,1.153270,1.153270
2026-08-04T22:00:00Z,1.153403,1.153536,1.153403,1.153536
2026-08-04T22:15:00Z,1.153403,1.153536,1.153403,1.153403
2026-08-04T22:30:00Z,1.153403,1.153536,1.153403,1.153536
2026-08-04T22:45:00Z,1.153536,1.153536,1.153403,1.153536
2026-08-04T23:00:00Z,1.153536,1.153669,1.153403,1.153536
2026-08-04T23:15:00Z,1.153536,1.153536,1.153403,1.153403
2026-08-04T23:30:00Z,1.153403,1.153403,1.153270,1.153403
2026-08-04T23:45:00Z,1.153403,1.153536,1.153403,1.153536
2026-08-05T00:00:00Z,1.153536,1.153802,1.153536,1.153669
2026-08-05T00:15:00Z,1.153669,1.153802,1.153669,1.153802
2026-08-05T00:30:00Z,1.153802,1.153802,1.153669,1.153669
2026-08-05T00:45:00Z,1.153536,1.153669,1.153403,1.153403
2026-08-05T01:00:00Z,1.153270,1.153536,1.153270,1.153403
2026-08-05T01:15:00Z,1.153403,1.153536,1.153136,1.153136
2026-08-05T01:30:00Z,1.153270,1.153270,1.153136,1.153136
2026-08-05T01:45:00Z,1.153136,1.153136,1.153004,1.153004
2026-08-05T02:00:00Z,1.153136,1.153403,1.153136,1.153270
2026-08-05T02:15:00Z,1.153270,1.153802,1.153270,1.153669
2026-08-05T02:30:00Z,1.153669,1.154335,1.153669,1.154335
2026-08-05T02:45:00Z,1.154335,1.154335,1.153802,1.153802
2026-08-05T03:00:00Z,1.153802,1.154468,1.153802,1.154335
2026-08-05T03:15:00Z,1.154335,1.154335,1.154068,1.154068
2026-08-05T03:30:00Z,1.153935,1.154068,1.153935,1.153935
2026-08-05T03:45:00Z,1.153935,1.154068,1.153935,1.154068
2026-08-05T04:00:00Z,1.154068,1.154201,1.154068,1.154201
2026-08-05T04:15:00Z,1.154201,1.154335,1.154201,1.154201
2026-08-05T04:30:00Z,1.154201,1.154335,1.154068,1.154068
2026-08-05T04:45:00Z,1.154068,1.154068,1.153802,1.153935
2026-08-05T05:00:00Z,1.153802,1.153802,1.153536,1.153669
2026-08-05T05:15:00Z,1.153669,1.153802,1.153669,1.153802
2026-08-05T05:30:00Z,1.153802,1.154068,1.153802,1.153935
2026-08-05T05:45:00Z,1.153935,1.154068,1.153935,1.153935
2026-08-05T06:00:00Z,1.153802,1.154068,1.153802,1.153935
2026-08-05T06:15:00Z,1.153935,1.153935,1.153536,1.153802
2026-08-05T06:30:00Z,1.153669,1.154601,1.153669,1.154601
2026-08-05T06:45:00Z,1.154601,1.154868,1.154601,1.154868
2026-08-05T07:00:00Z,1.154868,1.154868,1.154068,1.154201
2026-08-05T07:15:00Z,1.154335,1.154468,1.153802,1.153802
2026-08-05T07:30:00Z,1.153935,1.154068,1.153935,1.153935
2026-08-05T07:45:00Z,1.153802,1.154201,1.153802,1.154201
2026-08-05T08:00:00Z,1.154335,1.154335,1.153935,1.154068
2026-08-05T08:15:00Z,1.154068,1.154601,1.154068,1.154601
2026-08-05T08:30:00Z,1.154734,1.154734,1.153669,1.153802
2026-08-05T08:45:00Z,1.153536,1.154068,1.153536,1.153935
2026-08-05T09:00:00Z,1.154068,1.154068,1.153669,1.154068
2026-08-05T09:15:00Z,1.153935,1.154468,1.153935,1.154335
2026-08-05T09:30:00Z,1.154335,1.154601,1.154335,1.154468
2026-08-05T09:45:00Z,1.154468,1.154468,1.154335,1.154335
2026-08-05T10:00:00Z,1.154335,1.154335,1.153802,1.153935
2026-08-05T10:15:00Z,1.153935,1.154468,1.153935,1.154068
2026-08-05T10:30:00Z,1.154201,1.154201,1.154068,1.154068
2026-08-05T10:45:00Z,1.154068,1.154468,1.153935,1.154335
2026-08-05T11:00:00Z,1.154468,1.154868,1.154468,1.154868
2026-08-05T11:15:00Z,1.154868,1.155402,1.154601,1.155135
2026-08-05T11:30:00Z,1.155135,1.155802,1.155135,1.155668
2026-08-05T11:45:00Z,1.155535,1.155668,1.155268,1.155535
2026-08-05T12:00:00Z,1.155668,1.155802,1.155535,1.155535
2026-08-05T12:15:00Z,1.155802,1.155936,1.155668,1.155668
2026-08-05T12:30:00Z,1.155668,1.155802,1.155135,1.155135
2026-08-05T12:45:00Z,1.155135,1.155268,1.154868,1.154868
2026-08-05T13:00:00Z,1.154734,1.155135,1.154601,1.154868
2026-08-05T13:15:00Z,1.155001,1.155668,1.155001,1.155535
2026-08-05T13:30:00Z,1.155535,1.155668,1.154868,1.155001
2026-08-05T13:45:00Z,1.154734,1.154868,1.154468,1.154734
2026-08-05T14:00:00Z,1.155135,1.155802,1.154868,1.155668
2026-08-05T14:15:00Z,1.155802,1.155936,1.155402,1.155402
2026-08-05T14:30:00Z,1.155268,1.155535,1.155135,1.155535
2026-08-05T14:45:00Z,1.155268,1.155668,1.155001,1.155668
2026-08-05T15:00:00Z,1.155802,1.155936,1.155268,1.155268
2026-08-05T15:15:00Z,1.155135,1.155135,1.155001,1.155001
2026-08-05T15:30:00Z,1.154868,1.155402,1.154734,1.155268
2026-08-05T15:45:00Z,1.155135,1.155268,1.154601,1.155001
2026-08-05T16:00:00Z,1.155135,1.155135,1.154734,1.155001
2026-08-05T16:15:00Z,1.155001,1.155135,1.155001,1.155135
2026-08-05T16:30:00Z,1.155135,1.155135,1.154734,1.154868
2026-08-05T16:45:00Z,1.154868,1.155001,1.154734,1.154868
2026-08-05T17:00:00Z,1.155001,1.155001,1.154734,1.154734
2026-08-05T17:15:00Z,1.154868,1.155268,1.154868,1.155268
2026-08-05T17:30:00Z,1.155135,1.155668,1.155135,1.155668
2026-08-05T17:45:00Z,1.155802,1.156069,1.155668,1.155936
2026-08-05T18:00:00Z,1.155936,1.156203,1.155936,1.155936
2026-08-05T18:15:00Z,1.155802,1.156203,1.155802,1.156203
2026-08-05T18:30:00Z,1.156203,1.156203,1.155802,1.155802
2026-08-05T18:45:00Z,1.155802,1.155802,1.155802,1.155802
2026-08-05T19:00:00Z,1.155802,1.155802,1.155402,1.155535
2026-08-05T19:15:00Z,1.155402,1.155402,1.155135,1.155135
2026-08-05T19:30:00Z,1.155268,1.155402,1.155268,1.155268
2026-08-05T19:45:00Z,1.155402,1.155535,1.155268,1.155402
2026-08-05T20:00:00Z,1.155668,1.155668,1.155402,1.155402
2026-08-05T20:15:00Z,1.155268,1.155535,1.155268,1.155402
2026-08-05T20:30:00Z,1.155535,1.155668,1.155535,1.155535
2026-08-05T20:45:00Z,1.155535,1.155668,1.155535,1.155668
2026-08-05T21:00:00Z,1.156337,1.156337,1.155402,1.155402
2026-08-05T21:15:00Z,1.155535,1.155802,1.155402,1.155668
2026-08-05T21:30:00Z,1.155535,1.155802,1.155402,1.155802
2026-08-05T21:45:00Z,1.155535,1.155802,1.155535,1.155535
2026-08-05T22:00:00Z,1.155668,1.155802,1.155535,1.155668
2026-08-05T22:15:00Z,1.155668,1.155936,1.155668,1.155802
2026-08-05T22:30:00Z,1.155802,1.155802,1.155668,1.155802
2026-08-05T22:45:00Z,1.155802,1.155802,1.155802,1.155802
2026-08-05T23:00:00Z,1.155802,1.155936,1.155802,1.155936
2026-08-05T23:15:00Z,1.155936,1.155936,1.155802,1.155802
2026-08-05T23:30:00Z,1.155802,1.155936,1.155802,1.155936
2026-08-05T23:45:00Z,1.156069,1.156203,1.155936,1.156069
2026-08-06T00:00:00Z,1.155936,1.155936,1.155802,1.155802
2026-08-06T00:15:00Z,1.155936,1.156069,1.155936,1.155936
2026-08-06T00:30:00Z,1.155936,1.156203,1.155936,1.155936
2026-08-06T00:45:00Z,1.156069,1.156203,1.155936,1.155936
2026-08-06T01:00:00Z,1.155936,1.156069,1.155668,1.155936
2026-08-06T01:15:00Z,1.155802,1.156069,1.155802,1.155802
2026-08-06T01:30:00Z,1.155802,1.156069,1.155802,1.155936
2026-08-06T01:45:00Z,1.155936,1.155936,1.155802,1.155802
2026-08-06T02:00:00Z,1.155936,1.156069,1.155802,1.155936
2026-08-06T02:15:00Z,1.155936,1.156069,1.155802,1.155936
2026-08-06T02:30:00Z,1.155802,1.156069,1.155802,1.156069
2026-08-06T02:45:00Z,1.156069,1.156069,1.155668,1.155668
2026-08-06T03:00:00Z,1.155668,1.155668,1.155535,1.155535
2026-08-06T03:15:00Z,1.155535,1.155535,1.155268,1.155402
2026-08-06T03:30:00Z,1.155402,1.155402,1.155135,1.155135
2026-08-06T03:45:00Z,1.155135,1.155402,1.155001,1.155268
2026-08-06T04:00:00Z,1.155135,1.155268,1.155135,1.155268
2026-08-06T04:15:00Z,1.155268,1.155268,1.155135,1.155135
2026-08-06T04:30:00Z,1.155268,1.155268,1.155135,1.155135
2026-08-06T04:45:00Z,1.155135,1.155268,1.155001,1.155268
2026-08-06T05:00:00Z,1.155268,1.155268,1.154868,1.154868
2026-08-06T05:15:00Z,1.154868,1.155001,1.154868,1.154868
2026-08-06T05:30:00Z,1.154868,1.155268,1.154868,1.155268
2026-08-06T05:45:00Z,1.155135,1.155402,1.155135,1.155268
2026-08-06T06:00:00Z,1.155535,1.155535,1.155001,1.155001
2026-08-06T06:15:00Z,1.155001,1.155135,1.154868,1.155001
2026-08-06T06:30:00Z,1.155001,1.155001,1.154734,1.154868
2026-08-06T06:45:00Z,1.155001,1.155001,1.154734,1.154868
2026-08-06T07:00:00Z,1.154868,1.154868,1.154601,1.154868
2026-08-06T07:15:00Z,1.154868,1.155001,1.154734,1.154868
2026-08-06T07:30:00Z,1.154734,1.154868,1.154601,1.154868
2026-08-06T07:45:00Z,1.154601,1.154868,1.154468,1.154734
2026-08-06T08:00:00Z,1.154734,1.154868,1.154335,1.154601
2026-08-06T08:15:00Z,1.154734,1.154734,1.154468,1.154468
2026-08-06T08:30:00Z,1.154468,1.154734,1.154335,1.154601
2026-08-06T08:45:00Z,1.154601,1.154734,1.154468,1.154601
2026-08-06T09:00:00Z,1.154601,1.154734,1.154468,1.154734
2026-08-06T09:15:00Z,1.154601,1.154601,1.154468,1.154601
2026-08-06T09:30:00Z,1.154601,1.154601,1.154068,1.154068
2026-08-06T09:45:00Z,1.154068,1.154335,1.154068,1.154201
2026-08-06T10:00:00Z,1.154201,1.154335,1.154068,1.154068
2026-08-06T10:15:00Z,1.153935,1.154468,1.153935,1.154468
2026-08-06T10:30:00Z,1.154601,1.154601,1.154335,1.154468
2026-08-06T10:45:00Z,1.154468,1.154601,1.154335,1.154468
2026-08-06T11:00:00Z,1.154601,1.154868,1.154601,1.154601
2026-08-06T11:15:00Z,1.154734,1.155001,1.154601,1.154868
2026-08-06T11:30:00Z,1.154868,1.154868,1.154201,1.154201
2026-08-06T11:45:00Z,1.154201,1.154868,1.154201,1.154868
2026-08-06T12:00:00Z,1.154734,1.154868,1.154201,1.154335
2026-08-06T12:15:00Z,1.154468,1.154734,1.154468,1.154601
2026-08-06T12:30:00Z,1.154601,1.154868,1.154335,1.154468
2026-08-06T12:45:00Z,1.154601,1.154601,1.154068,1.154201
2026-08-06T13:00:00Z,1.154335,1.154468,1.153935,1.154201
2026-08-06T13:15:00Z,1.154201,1.154335,1.154068,1.154201
2026-08-06T13:30:00Z,1.154201,1.154734,1.154201,1.154601
2026-08-06T13:45:00Z,1.154468,1.154734,1.154201,1.154734
2026-08-06T14:00:00Z,1.154734,1.154734,1.153669,1.153802
2026-08-06T14:15:00Z,1.153935,1.154201,1.153802,1.153802
2026-08-06T14:30:00Z,1.153935,1.154068,1.153669,1.153935
2026-08-06T14:45:00Z,1.153802,1.153802,1.153403,1.153802
2026-08-06T15:00:00Z,1.153802,1.153802,1.153270,1.153270
2026-08-06T15:15:00Z,1.153136,1.153136,1.152472,1.152738
2026-08-06T15:30:00Z,1.152605,1.152605,1.152339,1.152605
2026-08-06T15:45:00Z,1.152738,1.152738,1.152206,1.152472
2026-08-06T16:00:00Z,1.152339,1.152605,1.152206,1.152339
2026-08-06T16:15:00Z,1.152206,1.152339,1.151941,1.152339
2026-08-06T16:30:00Z,1.152206,1.152339,1.152074,1.152074
2026-08-06T16:45:00Z,1.152206,1.152472,1.152206,1.152339
2026-08-06T17:00:00Z,1.152472,1.152472,1.152206,1.152339
2026-08-06T17:15:00Z,1.152206,1.152339,1.152074,1.152339
2026-08-06T17:30:00Z,1.152206,1.152339,1.152206,1.152206
2026-08-06T17:45:00Z,1.152206,1.152605,1.152206,1.152605
2026-08-06T18:00:00Z,1.152605,1.152738,1.152605,1.152738
2026-08-06T18:15:00Z,1.152738,1.152738,1.152605,1.152605
2026-08-06T18:30:00Z,1.152605,1.152605,1.152472,1.152605
2026-08-06T18:45:00Z,1.152472,1.152738,1.152472,1.152738
2026-08-06T19:00:00Z,1.152738,1.152871,1.152605,1.152605
2026-08-06T19:15:00Z,1.152605,1.152738,1.152206,1.152206
2026-08-06T19:30:00Z,1.152339,1.152472,1.152206,1.152206
2026-08-06T19:45:00Z,1.152339,1.152871,1.152206,1.152605
2026-08-06T20:00:00Z,1.152605,1.152738,1.152472,1.152472
2026-08-06T20:15:00Z,1.152472,1.152472,1.152206,1.152339
2026-08-06T20:30:00Z,1.152472,1.152605,1.152339,1.152472
2026-08-06T20:45:00Z,1.152472,1.152738,1.152472,1.152738
2026-08-06T21:00:00Z,1.153004,1.153004,1.152339,1.152472
2026-08-06T21:15:00Z,1.152472,1.152738,1.152206,1.152738
2026-08-06T21:30:00Z,1.152605,1.152605,1.152206,1.152206
2026-08-06T21:45:00Z,1.152339,1.152605,1.152339,1.152472
2026-08-06T22:00:00Z,1.152605,1.152605,1.152472,1.152472
2026-08-06T22:15:00Z,1.152605,1.152605,1.152472,1.152605
2026-08-06T22:30:00Z,1.152472,1.152605,1.152472,1.152605
2026-08-06T22:45:00Z,1.152605,1.152605,1.152472,1.152472
2026-08-06T23:00:00Z,1.152605,1.152605,1.152605,1.152605
2026-08-06T23:15:00Z,1.152738,1.152738,1.152605,1.152738
2026-08-06T23:30:00Z,1.152605,1.152738,1.152605,1.152738
2026-08-06T23:45:00Z,1.152738,1.152738,1.152738,1.152738
2026-08-07T00:00:00Z,1.152605,1.152738,1.152472,1.152472
2026-08-07T00:15:00Z,1.152339,1.152605,1.152339,1.152472
2026-08-07T00:30:00Z,1.152472,1.152605,1.152339,1.152472
2026-08-07T00:45:00Z,1.152472,1.152472,1.152206,1.152206
2026-08-07T01:00:00Z,1.152339,1.152605,1.152206,1.152605
2026-08-07T01:15:00Z,1.152472,1.152605,1.152472,1.152472
2026-08-07T01:30:00Z,1.152472,1.152871,1.152339,1.152871
2026-08-07T01:45:00Z,1.152871,1.152871,1.152472,1.152472
2026-08-07T02:00:00Z,1.152605,1.152605,1.152472,1.152472
2026-08-07T02:15:00Z,1.152472,1.152605,1.152472,1.152605
2026-08-07T02:30:00Z,1.152472,1.152605,1.152472,1.152472
2026-08-07T02:45:00Z,1.152472,1.152738,1.152472,1.152472
2026-08-07T03:00:00Z,1.152472,1.152605,1.152339,1.152472
2026-08-07T03:15:00Z,1.152339,1.152472,1.152339,1.152472
2026-08-07T03:30:00Z,1.152472,1.152605,1.152472,1.152472
2026-08-07T03:45:00Z,1.152472,1.152605,1.152472,1.152605
2026-08-07T04:00:00Z,1.152605,1.152605,1.152472,1.152605
2026-08-07T04:15:00Z,1.152605,1.152605,1.152472,1.152605
2026-08-07T04:30:00Z,1.152605,1.152738,1.152605,1.152738
2026-08-07T04:45:00Z,1.152738,1.152738,1.152605,1.152738
2026-08-07T05:00:00Z,1.152738,1.152871,1.152738,1.152871
2026-08-07T05:15:00Z,1.152871,1.152871,1.152472,1.152472
2026-08-07T05:30:00Z,1.152472,1.152738,1.152472,1.152605
2026-08-07T05:45:00Z,1.152738,1.152738,1.152605,1.152605
2026-08-07T06:00:00Z,1.152738,1.152738,1.152472,1.152605
2026-08-07T06:15:00Z,1.152738,1.152871,1.152605,1.152738
2026-08-07T06:30:00Z,1.152738,1.152738,1.152472,1.152605
2026-08-07T06:45:00Z,1.152605,1.152738,1.152472,1.152605
2026-08-07T07:00:00Z,1.152472,1.152738,1.152206,1.152605
2026-08-07T07:15:00Z,1.152738,1.152738,1.152605,1.152605
2026-08-07T07:30:00Z,1.152605,1.152605,1.152339,1.152339
2026-08-07T07:45:00Z,1.152339,1.152605,1.152339,1.152605
2026-08-07T08:00:00Z,1.152605,1.152605,1.152206,1.152206
2026-08-07T08:15:00Z,1.152339,1.152472,1.152339,1.152339
2026-08-07T08:30:00Z,1.152339,1.152738,1.152339,1.152738
2026-08-07T08:45:00Z,1.152738,1.152871,1.152605,1.152605
2026-08-07T09:00:00Z,1.152738,1.153136,1.152738,1.153136
2026-08-07T09:15:00Z,1.153270,1.153270,1.153004,1.153136
2026-08-07T09:30:00Z,1.153004,1.153136,1.153004,1.153136
2026-08-07T09:45:00Z,1.153136,1.153403,1.153136,1.153136
2026-08-07T10:00:00Z,1.153270,1.153270,1.153004,1.153004
2026-08-07T10:15:00Z,1.153136,1.153136,1.153004,1.153136
2026-08-07T10:30:00Z,1.153136,1.153136,1.152871,1.152871
2026-08-07T10:45:00Z,1.153004,1.153270,1.153004,1.153004
2026-08-07T11:00:00Z,1.153136,1.153270,1.153136,1.153136
2026-08-07T11:15:00Z,1.153136,1.153270,1.153004,1.153004
2026-08-07T11:30:00Z,1.153004,1.153536,1.153004,1.153536
2026-08-07T11:45:00Z,1.153536,1.153669,1.153536,1.153669
2026-08-07T12:00:00Z,1.153802,1.154068,1.153802,1.153802
2026-08-07T12:15:00Z,1.153802,1.153802,1.153270,1.153403
2026-08-07T12:30:00Z,1.156738,1.157809,1.156337,1.157675
2026-08-07T12:45:00Z,1.158212,1.158212,1.157541,1.157675
2026-08-07T13:00:00Z,1.157675,1.157809,1.157140,1.157809
2026-08-07T13:15:00Z,1.157541,1.157675,1.157006,1.157407
2026-08-07T13:30:00Z,1.157274,1.157675,1.156604,1.157541
2026-08-07T13:45:00Z,1.157541,1.157541,1.156069,1.156069
2026-08-07T14:00:00Z,1.156069,1.156203,1.155668,1.156069
2026-08-07T14:15:00Z,1.156069,1.156738,1.156069,1.156069
2026-08-07T14:30:00Z,1.155936,1.156337,1.155535,1.155535
2026-08-07T14:45:00Z,1.155668,1.155802,1.155402,1.155668
2026-08-07T15:00:00Z,1.155802,1.156470,1.155402,1.156470
2026-08-07T15:15:00Z,1.156337,1.156738,1.156069,1.156069
2026-08-07T15:30:00Z,1.155936,1.156470,1.155802,1.156470
2026-08-07T15:45:00Z,1.156470,1.156604,1.156069,1.156203
2026-08-07T16:00:00Z,1.156203,1.156872,1.156203,1.156872
2026-08-07T16:15:00Z,1.156738,1.156738,1.156470,1.156604
2026-08-07T16:30:00Z,1.156604,1.156738,1.156470,1.156604
2026-08-07T16:45:00Z,1.156738,1.157006,1.156203,1.156203
2026-08-07T17:00:00Z,1.156203,1.156470,1.156203,1.156470
2026-08-07T17:15:00Z,1.156470,1.156604,1.156337,1.156470
2026-08-07T17:30:00Z,1.156470,1.156604,1.156337,1.156604
2026-08-07T17:45:00Z,1.156604,1.156604,1.156470,1.156470
2026-08-07T18:00:00Z,1.156337,1.156604,1.156203,1.156470
2026-08-07T18:15:00Z,1.156470,1.156604,1.156337,1.156470
2026-08-07T18:30:00Z,1.156604,1.156738,1.156604,1.156738
2026-08-07T18:45:00Z,1.156738,1.157006,1.156738,1.156738
2026-08-07T19:00:00Z,1.156872,1.157006,1.156738,1.156738
2026-08-07T19:15:00Z,1.156872,1.157274,1.156872,1.157274
2026-08-07T19:30:00Z,1.157274,1.157274,1.157006,1.157006
2026-08-07T19:45:00Z,1.157006,1.157006,1.156470,1.156470
2026-08-07T20:00:00Z,1.156470,1.156470,1.156203,1.156203
2026-08-07T20:15:00Z,1.156203,1.156203,1.155936,1.156069
2026-08-07T20:30:00Z,1.155936,1.156203,1.155936,1.156203
2026-08-07T20:45:00Z,1.156069,1.156337,1.155936,1.156069
2026-08-07T21:00:00Z,1.156203,1.156203,1.156203,1.156203
2026-08-07T21:15:00Z,1.156203,1.156203,1.156203,1.156203
2026-08-09T23:00:00Z,1.155936,1.156069,1.155936,1.156069
2026-08-09T23:15:00Z,1.156203,1.156203,1.156069,1.156069
2026-08-09T23:30:00Z,1.156069,1.156069,1.155802,1.156069
2026-08-09T23:45:00Z,1.156203,1.156203,1.155936,1.155936
2026-08-10T00:00:00Z,1.156069,1.156203,1.155936,1.156203
2026-08-10T00:15:00Z,1.156203,1.156203,1.155802,1.155936
2026-08-10T00:30:00Z,1.155936,1.155936,1.155802,1.155802
2026-08-10T00:45:00Z,1.155802,1.156203,1.155802,1.156069
2026-08-10T01:00:00Z,1.156203,1.156203,1.155668,1.155802
2026-08-10T01:15:00Z,1.155802,1.155936,1.155802,1.155936
2026-08-10T01:30:00Z,1.155802,1.155802,1.155535,1.155802
2026-08-10T01:45:00Z,1.155668,1.155802,1.155668,1.155668
2026-08-10T02:00:00Z,1.155802,1.155802,1.155668,1.155668
2026-08-10T02:15:00Z,1.155668,1.155802,1.155668,1.155802
2026-08-10T02:30:00Z,1.155802,1.155802,1.155535,1.155535
2026-08-10T02:45:00Z,1.155535,1.155668,1.155535,1.155535
2026-08-10T03:00:00Z,1.155535,1.155535,1.155402,1.155402
2026-08-10T03:15:00Z,1.155402,1.155535,1.155402,1.155402
2026-08-10T03:30:00Z,1.155402,1.155402,1.155268,1.155268
2026-08-10T03:45:00Z,1.155268,1.155402,1.155268,1.155268
2026-08-10T04:00:00Z,1.155268,1.155268,1.155135,1.155268
2026-08-10T04:15:00Z,1.155268,1.155402,1.155268,1.155402
2026-08-10T04:30:00Z,1.155268,1.155268,1.155135,1.155268
2026-08-10T04:45:00Z,1.155402,1.155535,1.155402,1.155535
2026-08-10T05:00:00Z,1.155535,1.155668,1.155402,1.155402
2026-08-10T05:15:00Z,1.155402,1.155535,1.155402,1.155402
2026-08-10T05:30:00Z,1.155402,1.155668,1.155402,1.155535
2026-08-10T05:45:00Z,1.155535,1.155936,1.155535,1.155802
2026-08-10T06:00:00Z,1.155802,1.155802,1.155668,1.155668
2026-08-10T06:15:00Z,1.155802,1.155936,1.155802,1.155936
2026-08-10T06:30:00Z,1.155802,1.155936,1.155802,1.155802
2026-08-10T06:45:00Z,1.155802,1.155802,1.155668,1.155802
2026-08-10T07:00:00Z,1.155668,1.155936,1.155535,1.155802
2026-08-10T07:15:00Z,1.155668,1.156069,1.155668,1.155936
2026-08-10T07:30:00Z,1.156069,1.156470,1.155936,1.156470
2026-08-10T07:45:00Z,1.156872,1.156872,1.156203,1.156470
2026-08-10T08:00:00Z,1.156337,1.156738,1.156337,1.156738
2026-08-10T08:15:00Z,1.156872,1.156872,1.156738,1.156738
2026-08-10T08:30:00Z,1.156872,1.156872,1.156604,1.156604
2026-08-10T08:45:00Z,1.156604,1.156604,1.156470,1.156470
2026-08-10T09:00:00Z,1.156337,1.156604,1.156337,1.156604
2026-08-10T09:15:00Z,1.156738,1.156738,1.156470,1.156604
2026-08-10T09:30:00Z,1.156604,1.156604,1.156069,1.156203
2026-08-10T09:45:00Z,1.156337,1.156337,1.156069,1.156069
2026-08-10T10:00:00Z,1.155936,1.155936,1.155802,1.155936
2026-08-10T10:15:00Z,1.155936,1.156069,1.155936,1.155936
2026-08-10T10:30:00Z,1.156069,1.156069,1.155802,1.155936
2026-08-10T10:45:00Z,1.155936,1.156069,1.155802,1.155936
2026-08-10T11:00:00Z,1.155802,1.155936,1.155402,1.155402
2026-08-10T11:15:00Z,1.155535,1.155668,1.155402,1.155402
2026-08-10T11:30:00Z,1.155402,1.155535,1.155402,1.155535
2026-08-10T11:45:00Z,1.155402,1.155535,1.155268,1.155535
2026-08-10T12:00:00Z,1.155535,1.155802,1.155402,1.155535
2026-08-10T12:15:00Z,1.155402,1.155535,1.155135,1.155135
2026-08-10T12:30:00Z,1.155135,1.155268,1.155001,1.155001
2026-08-10T12:45:00Z,1.155001,1.155268,1.155001,1.155135
2026-08-10T13:00:00Z,1.155135,1.155535,1.154868,1.155535
2026-08-10T13:15:00Z,1.155535,1.155668,1.155402,1.155668
2026-08-10T13:30:00Z,1.155535,1.155535,1.155268,1.155268
2026-08-10T13:45:00Z,1.155135,1.155135,1.154734,1.154868
2026-08-10T14:00:00Z,1.154868,1.155268,1.154868,1.155268
2026-08-10T14:15:00Z,1.155268,1.155668,1.155135,1.155668
2026-08-10T14:30:00Z,1.155535,1.155802,1.155535,1.155802
2026-08-10T14:45:00Z,1.155802,1.155802,1.155402,1.155402
2026-08-10T15:00:00Z,1.155535,1.155535,1.155135,1.155402
2026-08-10T15:15:00Z,1.155535,1.155668,1.155001,1.155135
2026-08-10T15:30:00Z,1.155268,1.155268,1.155001,1.155001
2026-08-10T15:45:00Z,1.155001,1.155535,1.155001,1.155535
2026-08-10T16:00:00Z,1.155535,1.155802,1.155535,1.155668
2026-08-10T16:15:00Z,1.155535,1.155535,1.155268,1.155535
2026-08-10T16:30:00Z,1.155535,1.155668,1.155135,1.155135
2026-08-10T16:45:00Z,1.155001,1.155135,1.154868,1.155135
2026-08-10T17:00:00Z,1.155001,1.155135,1.154734,1.154734
2026-08-10T17:15:00Z,1.154868,1.154868,1.154468,1.154734
2026-08-10T17:30:00Z,1.154868,1.155001,1.154868,1.154868
2026-08-10T17:45:00Z,1.154868,1.154868,1.154601,1.154601
2026-08-10T18:00:00Z,1.154601,1.154734,1.154601,1.154734
2026-08-10T18:15:00Z,1.154734,1.154734,1.154468,1.154601
2026-08-10T18:30:00Z,1.154601,1.154868,1.154601,1.154868
2026-08-10T18:45:00Z,1.154734,1.154734,1.154335,1.154601
2026-08-10T19:00:00Z,1.154468,1.154468,1.154335,1.154468
2026-08-10T19:15:00Z,1.154468,1.154601,1.154468,1.154468
2026-08-10T19:30:00Z,1.154601,1.154601,1.154468,1.154601
2026-08-10T19:45:00Z,1.154601,1.154601,1.154468,1.154468
2026-08-10T20:00:00Z,1.154468,1.154601,1.154468,1.154601
2026-08-10T20:15:00Z,1.154601,1.154601,1.154468,1.154468
2026-08-10T20:30:00Z,1.154468,1.154601,1.154468,1.154601
2026-08-10T20:45:00Z,1.154601,1.154601,1.154468,1.154601
2026-08-10T21:00:00Z,1.154601,1.154868,1.154335,1.154601
2026-08-10T21:15:00Z,1.154734,1.154734,1.154601,1.154734
2026-08-10T21:30:00Z,1.154601,1.154734,1.154468,1.154601
2026-08-10T21:45:00Z,1.154734,1.154734,1.154468,1.154468
2026-08-10T22:00:00Z,1.154734,1.154734,1.154601,1.154601
2026-08-10T22:15:00Z,1.154601,1.154601,1.154468,1.154601
2026-08-10T22:30:00Z,1.154601,1.154734,1.154601,1.154734
2026-08-10T22:45:00Z,1.154601,1.154734,1.154601,1.154734
2026-08-10T23:00:00Z,1.154734,1.154734,1.154601,1.154601
2026-08-10T23:15:00Z,1.154601,1.154734,1.154601,1.154601
2026-08-10T23:30:00Z,1.154601,1.154601,1.154601,1.154601
2026-08-10T23:45:00Z,1.154734,1.155001,1.154734,1.155001
2026-08-11T00:00:00Z,1.155001,1.155001,1.154868,1.155001
2026-08-11T00:15:00Z,1.155001,1.155135,1.155001,1.155135
2026-08-11T00:30:00Z,1.155268,1.155268,1.155001,1.155268
2026-08-11T00:45:00Z,1.155268,1.155268,1.155001,1.155001
2026-08-11T01:00:00Z,1.154868,1.155001,1.154601,1.155001
2026-08-11T01:15:00Z,1.155001,1.155268,1.155001,1.155135
2026-08-11T01:30:00Z,1.155135,1.155268,1.155001,1.155001
2026-08-11T01:45:00Z,1.155001,1.155268,1.155001,1.155001
2026-08-11T02:00:00Z,1.155001,1.155001,1.154734,1.154868
2026-08-11T02:15:00Z,1.154868,1.154868,1.154468,1.154468
2026-08-11T02:30:00Z,1.154468,1.154601,1.154468,1.154601
2026-08-11T02:45:00Z,1.154468,1.154468,1.154201,1.154335
2026-08-11T03:00:00Z,1.154335,1.154468,1.154335,1.154468
2026-08-11T03:15:00Z,1.154468,1.154734,1.154468,1.154734
2026-08-11T03:30:00Z,1.154868,1.154868,1.154734,1.154734
2026-08-11T03:45:00Z,1.154734,1.154734,1.154601,1.154601
2026-08-11T04:00:00Z,1.154601,1.154734,1.154601,1.154734
2026-08-11T04:15:00Z,1.154734,1.154868,1.154734,1.154868
2026-08-11T04:30:00Z,1.154734,1.154868,1.154335,1.154468
2026-08-11T04:45:00Z,1.154468,1.154601,1.154335,1.154601
2026-08-11T05:00:00Z,1.154468,1.154601,1.154468,1.154468
2026-08-11T05:15:00Z,1.154468,1.154468,1.154335,1.154468
2026-08-11T05:30:00Z,1.154468,1.154601,1.154468,1.154601
2026-08-11T05:45:00Z,1.154601,1.154601,1.154201,1.154468
2026-08-11T06:00:00Z,1.154468,1.154601,1.154335,1.154468
2026-08-11T06:15:00Z,1.154468,1.154468,1.153935,1.154068
2026-08-11T06:30:00Z,1.154068,1.154068,1.153669,1.154068
2026-08-11T06:45:00Z,1.153935,1.153935,1.153802,1.153935
2026-08-11T07:00:00Z,1.154068,1.154335,1.154068,1.154201
2026-08-11T07:15:00Z,1.154068,1.154201,1.153935,1.154068
2026-08-11T07:30:00Z,1.154068,1.154068,1.153669,1.153669
2026-08-11T07:45:00Z,1.153669,1.153802,1.153536,1.153536
2026-08-11T08:00:00Z,1.153536,1.153669,1.153536,1.153669
2026-08-11T08:15:00Z,1.153536,1.153669,1.153536,1.153669
2026-08-11T08:30:00Z,1.153802,1.154201,1.153802,1.154068
2026-08-11T08:45:00Z,1.154068,1.154201,1.153935,1.153935
2026-08-11T09:00:00Z,1.153935,1.153935,1.153802,1.153802
2026-08-11T09:15:00Z,1.153802,1.153802,1.153669,1.153669
2026-08-11T09:30:00Z,1.153669,1.153802,1.153669,1.153802
2026-08-11T09:45:00Z,1.153669,1.154068,1.153669,1.153935
2026-08-11T10:00:00Z,1.153935,1.154201,1.153802,1.153935
2026-08-11T10:15:00Z,1.153935,1.154068,1.153669,1.153935
2026-08-11T10:30:00Z,1.153935,1.154201,1.153935,1.153935
2026-08-11T10:45:00Z,1.153935,1.153935,1.153802,1.153935
2026-08-11T11:00:00Z,1.153935,1.154601,1.153935,1.154335
2026-08-11T11:15:00Z,1.154468,1.154468,1.154201,1.154201
2026-08-11T11:30:00Z,1.154201,1.154201,1.154068,1.154068
2026-08-11T11:45:00Z,1.153935,1.154068,1.153935,1.154068
2026-08-11T12:00:00Z,1.154068,1.154335,1.153935,1.154068
2026-08-11T12:15:00Z,1.154068,1.154201,1.153802,1.153935
2026-08-11T12:30:00Z,1.154068,1.154468,1.154068,1.154335
2026-08-11T12:45:00Z,1.154468,1.154601,1.154335,1.154601
2026-08-11T13:00:00Z,1.154734,1.154734,1.154468,1.154468
2026-08-11T13:15:00Z,1.154468,1.154734,1.154468,1.154601
2026-08-11T13:30:00Z,1.154468,1.154734,1.154335,1.154734
2026-08-11T13:45:00Z,1.155001,1.155135,1.154734,1.154734
2026-08-11T14:00:00Z,1.154601,1.154601,1.154335,1.154468
2026-08-11T14:15:00Z,1.154468,1.154601,1.154201,1.154201
2026-08-11T14:30:00Z,1.154201,1.154601,1.154201,1.154601
2026-08-11T14:45:00Z,1.154601,1.154601,1.154335,1.154601
2026-08-11T15:00:00Z,1.154601,1.154734,1.154201,1.154201
2026-08-11T15:15:00Z,1.154068,1.154335,1.154068,1.154335
2026-08-11T15:30:00Z,1.154335,1.154468,1.154068,1.154068
2026-08-11T15:45:00Z,1.154201,1.154601,1.154201,1.154601
2026-08-11T16:00:00Z,1.154601,1.154601,1.154335,1.154468
2026-08-11T16:15:00Z,1.154468,1.154468,1.154335,1.154468
2026-08-11T16:30:00Z,1.154468,1.154601,1.154468,1.154468
2026-08-11T16:45:00Z,1.154468,1.154468,1.154335,1.154335
2026-08-11T17:00:00Z,1.154201,1.154335,1.153935,1.153935
2026-08-11T17:15:00Z,1.153935,1.154068,1.153802,1.153935
2026-08-11T17:30:00Z,1.153935,1.154201,1.153802,1.154068
2026-08-11T17:45:00Z,1.154068,1.154201,1.154068,1.154068
2026-08-11T18:00:00Z,1.154068,1.154068,1.153935,1.153935
2026-08-11T18:15:00Z,1.153935,1.154068,1.153935,1.154068
2026-08-11T18:30:00Z,1.153935,1.154468,1.153935,1.154468
2026-08-11T18:45:00Z,1.154468,1.154601,1.154335,1.154335
2026-08-11T19:00:00Z,1.154468,1.154601,1.154335,1.154601
2026-08-11T19:15:00Z,1.154468,1.154601,1.154335,1.154601
2026-08-11T19:30:00Z,1.154601,1.154734,1.154468,1.154601
2026-08-11T19:45:00Z,1.154601,1.154601,1.154601,1.154601
2026-08-11T20:00:00Z,1.154601,1.154734,1.154601,1.154601
2026-08-11T20:15:00Z,1.154601,1.154601,1.154468,1.154468
2026-08-11T20:30:00Z,1.154468,1.154468,1.154335,1.154335
2026-08-11T20:45:00Z,1.154201,1.154601,1.154201,1.154601
2026-08-11T21:00:00Z,1.154468,1.154601,1.154335,1.154468
2026-08-11T21:15:00Z,1.154468,1.154601,1.154335,1.154335
2026-08-11T21:30:00Z,1.154201,1.154468,1.154201,1.154468
2026-08-11T21:45:00Z,1.154335,1.154601,1.154335,1.154468
2026-08-11T22:00:00Z,1.154601,1.154601,1.154468,1.154601
2026-08-11T22:15:00Z,1.154601,1.154601,1.154468,1.154601
2026-08-11T22:30:00Z,1.154601,1.154601,1.154468,1.154601
2026-08-11T22:45:00Z,1.154601,1.154734,1.154601,1.154734
2026-08-11T23:00:00Z,1.154734,1.154734,1.154601,1.154601
2026-08-11T23:15:00Z,1.154601,1.154601,1.154601,1.154601
2026-08-11T23:30:00Z,1.154601,1.154601,1.154468,1.154601
2026-08-11T23:45:00Z,1.154601,1.154734,1.154601,1.154601
2026-08-12T00:00:00Z,1.154601,1.154868,1.154601,1.154734
2026-08-12T00:15:00Z,1.154734,1.154734,1.154734,1.154734
2026-08-12T00:30:00Z,1.154734,1.154734,1.154601,1.154601
2026-08-12T00:45:00Z,1.154601,1.154601,1.154335,1.154335
2026-08-12T01:00:00Z,1.154335,1.154335,1.154068,1.154068
2026-08-12T01:15:00Z,1.154068,1.154201,1.154068,1.154068
2026-08-12T01:30:00Z,1.154201,1.154335,1.154068,1.154335
2026-08-12T01:45:00Z,1.154335,1.154335,1.154201,1.154201
2026-08-12T02:00:00Z,1.154201,1.154201,1.154068,1.154068
2026-08-12T02:15:00Z,1.154068,1.154068,1.153935,1.154068
2026-08-12T02:30:00Z,1.154068,1.154335,1.154068,1.154201
2026-08-12T02:45:00Z,1.154201,1.154201,1.154068,1.154068
2026-08-12T03:00:00Z,1.154201,1.154201,1.154068,1.154068
2026-08-12T03:15:00Z,1.154068,1.154068,1.153935,1.153935
2026-08-12T03:30:00Z,1.153935,1.154068,1.153935,1.153935
2026-08-12T03:45:00Z,1.153935,1.153935,1.153802,1.153802
2026-08-12T04:00:00Z,1.153935,1.153935,1.153802,1.153802
2026-08-12T04:15:00Z,1.153802,1.153802,1.153669,1.153669
2026-08-12T04:30:00Z,1.153802,1.153935,1.153669,1.153935
2026-08-12T04:45:00Z,1.153935,1.153935,1.153802,1.153935
2026-08-12T05:00:00Z,1.153935,1.153935,1.153669,1.153802
2026-08-12T05:15:00Z,1.153669,1.153669,1.153536,1.153669
2026-08-12T05:30:00Z,1.153669,1.153802,1.153669,1.153802
2026-08-12T05:45:00Z,1.153669,1.153802,1.153669,1.153669
2026-08-12T06:00:00Z,1.153802,1.153802,1.153669,1.153802
2026-08-12T06:15:00Z,1.153802,1.153935,1.153802,1.153935
2026-08-12T06:30:00Z,1.153802,1.153935,1.153802,1.153802
2026-08-12T06:45:00Z,1.153935,1.154068,1.153802,1.154068
2026-08-12T07:00:00Z,1.154068,1.154201,1.153935,1.154201
2026-08-12T07:15:00Z,1.154201,1.154201,1.154068,1.154068
2026-08-12T07:30:00Z,1.154068,1.154201,1.154068,1.154068
2026-08-12T07:45:00Z,1.154068,1.154201,1.154068,1.154068
2026-08-12T08:00:00Z,1.154068,1.154068,1.153802,1.153935
2026-08-12T08:15:00Z,1.153935,1.154201,1.153935,1.154068
2026-08-12T08:30:00Z,1.154201,1.154335,1.154068,1.154335
2026-08-12T08:45:00Z,1.154335,1.154335,1.154068,1.154068
2026-08-12T09:00:00Z,1.154068,1.154335,1.154068,1.154335
2026-08-12T09:15:00Z,1.154468,1.155268,1.154335,1.154601
2026-08-12T09:30:00Z,1.154601,1.154734,1.154201,1.154201
2026-08-12T09:45:00Z,1.154201,1.154335,1.153935,1.153935
2026-08-12T10:00:00Z,1.153935,1.154201,1.153935,1.153935
2026-08-12T10:15:00Z,1.153935,1.154201,1.153935,1.154201
2026-08-12T10:30:00Z,1.154068,1.154068,1.153935,1.153935
2026-08-12T10:45:00Z,1.154068,1.154068,1.153536,1.153802
2026-08-12T11:00:00Z,1.153802,1.154068,1.153802,1.153802
2026-08-12T11:15:00Z,1.153935,1.154201,1.153802,1.154201
2026-08-12T11:30:00Z,1.154201,1.154335,1.154201,1.154335
2026-08-12T11:45:00Z,1.154468,1.154868,1.154468,1.154734
2026-08-12T12:00:00Z,1.154734,1.154868,1.154601,1.154868
2026-08-12T12:15:00Z,1.154868,1.154868,1.154601,1.154734
2026-08-12T12:30:00Z,1.153669,1.156337,1.153669,1.156203
2026-08-12T12:45:00Z,1.155936,1.156203,1.155668,1.156069
2026-08-12T13:00:00Z,1.156337,1.156470,1.155535,1.155535
2026-08-12T13:15:00Z,1.155402,1.155802,1.155402,1.155668
2026-08-12T13:30:00Z,1.155802,1.155802,1.155135,1.155135
2026-08-12T13:45:00Z,1.155001,1.155668,1.155001,1.155535
2026-08-12T14:00:00Z,1.155535,1.155668,1.155268,1.155402
2026-08-12T14:15:00Z,1.155268,1.155668,1.155268,1.155268
2026-08-12T14:30:00Z,1.155402,1.155402,1.154868,1.154868
2026-08-12T14:45:00Z,1.154868,1.155001,1.154201,1.154468
2026-08-12T15:00:00Z,1.154468,1.154734,1.154201,1.154734
2026-08-12T15:15:00Z,1.154468,1.154601,1.154335,1.154335
2026-08-12T15:30:00Z,1.154335,1.154335,1.153935,1.153935
2026-08-12T15:45:00Z,1.154068,1.154335,1.153802,1.154335
2026-08-12T16:00:00Z,1.154201,1.154335,1.153669,1.154068
2026-08-12T16:15:00Z,1.153802,1.153802,1.153536,1.153536
2026-08-12T16:30:00Z,1.153536,1.153536,1.153270,1.153270
2026-08-12T16:45:00Z,1.153403,1.153403,1.152871,1.153136
2026-08-12T17:00:00Z,1.153270,1.153403,1.153136,1.153270
2026-08-12T17:15:00Z,1.153136,1.153136,1.153004,1.153136
2026-08-12T17:30:00Z,1.153136,1.153136,1.152738,1.152738
2026-08-12T17:45:00Z,1.152738,1.152871,1.152472,1.152472
2026-08-12T18:00:00Z,1.152472,1.152871,1.152339,1.152738
2026-08-12T18:15:00Z,1.152738,1.153004,1.152738,1.152871
2026-08-12T18:30:00Z,1.152871,1.152871,1.152605,1.152738
2026-08-12T18:45:00Z,1.152738,1.152738,1.152339,1.152339
2026-08-12T19:00:00Z,1.152472,1.152605,1.152472,1.152605
2026-08-12T19:15:00Z,1.152605,1.152871,1.152605,1.152605
2026-08-12T19:30:00Z,1.152472,1.152605,1.152472,1.152605
2026-08-12T19:45:00Z,1.152605,1.152605,1.152339,1.152605
2026-08-12T20:00:00Z,1.152605,1.152738,1.152605,1.152605
2026-08-12T20:15:00Z,1.152605,1.152605,1.152472,1.152605
2026-08-12T20:30:00Z,1.152605,1.152738,1.152605,1.152738
2026-08-12T20:45:00Z,1.152871,1.152871,1.152738,1.152871
2026-08-12T21:00:00Z,1.153270,1.153270,1.152605,1.152605
2026-08-12T21:15:00Z,1.152472,1.153004,1.152472,1.152738
2026-08-12T21:30:00Z,1.152738,1.152738,1.152472,1.152605
2026-08-12T21:45:00Z,1.152605,1.152738,1.152605,1.152605
2026-08-12T22:00:00Z,1.152871,1.152871,1.152605,1.152871
2026-08-12T22:15:00Z,1.152871,1.152871,1.152738,1.152738
2026-08-12T22:30:00Z,1.152871,1.153004,1.152738,1.153004
2026-08-12T22:45:00Z,1.152871,1.153004,1.152871,1.153004
2026-08-12T23:00:00Z,1.153004,1.153004,1.153004,1.153004
2026-08-12T23:15:00Z,1.153004,1.153136,1.153004,1.153136
2026-08-12T23:30:00Z,1.153004,1.153136,1.153004,1.153004
2026-08-12T23:45:00Z,1.153004,1.153136,1.153004,1.153136
2026-08-13T00:00:00Z,1.153136,1.153270,1.153136,1.153270
2026-08-13T00:15:00Z,1.153136,1.153270,1.153136,1.153270
2026-08-13T00:30:00Z,1.153270,1.153403,1.153270,1.153403
2026-08-13T00:45:00Z,1.153403,1.153403,1.153004,1.153136
2026-08-13T01:00:00Z,1.153270,1.153270,1.153136,1.153270
2026-08-13T01:15:00Z,1.153270,1.153403,1.153270,1.153270
2026-08-13T01:30:00Z,1.153270,1.153403,1.153136,1.153136
2026-08-13T01:45:00Z,1.153136,1.153136,1.152738,1.152738
2026-08-13T02:00:00Z,1.152871,1.152871,1.152738,1.152738
2026-08-13T02:15:00Z,1.152738,1.152738,1.152605,1.152605
2026-08-13T02:30:00Z,1.152472,1.152605,1.152339,1.152339
2026-08-13T02:45:00Z,1.152472,1.152605,1.152472,1.152605
2026-08-13T03:00:00Z,1.152472,1.152738,1.152472,1.152605
2026-08-13T03:15:00Z,1.152472,1.152605,1.152339,1.152605
2026-08-13T03:30:00Z,1.152472,1.152738,1.152472,1.152605
2026-08-13T03:45:00Z,1.152605,1.152605,1.152472,1.152605
2026-08-13T04:00:00Z,1.152605,1.152605,1.152472,1.152472
2026-08-13T04:15:00Z,1.152472,1.152472,1.152339,1.152472
2026-08-13T04:30:00Z,1.152472,1.152472,1.152472,1.152472
2026-08-13T04:45:00Z,1.152605,1.153004,1.152605,1.153004
2026-08-13T05:00:00Z,1.152871,1.153004,1.152871,1.152871
2026-08-13T05:15:00Z,1.152871,1.153136,1.152871,1.153004
2026-08-13T05:30:00Z,1.153004,1.153004,1.152738,1.152738
2026-08-13T05:45:00Z,1.152738,1.152871,1.152738,1.152871
2026-08-13T06:00:00Z,1.152871,1.152871,1.152339,1.152472
2026-08-13T06:15:00Z,1.152472,1.152605,1.152074,1.152074
2026-08-13T06:30:00Z,1.151941,1.151941,1.151543,1.151941
2026-08-13T06:45:00Z,1.151941,1.152206,1.151941,1.152074
2026-08-13T07:00:00Z,1.152074,1.152339,1.152074,1.152074
2026-08-13T07:15:00Z,1.152074,1.152472,1.152074,1.152472
2026-08-13T07:30:00Z,1.152472,1.152871,1.152339,1.152871
2026-08-13T07:45:00Z,1.152871,1.153136,1.152738,1.152871
2026-08-13T08:00:00Z,1.152871,1.152871,1.152605,1.152871
2026-08-13T08:15:00Z,1.152871,1.152871,1.152738,1.152871
2026-08-13T08:30:00Z,1.152871,1.153004,1.152738,1.153004
2026-08-13T08:45:00Z,1.153004,1.153136,1.152738,1.152738
2026-08-13T09:00:00Z,1.152738,1.153136,1.152738,1.153136
2026-08-13T09:15:00Z,1.153136,1.153536,1.153136,1.153403
2026-08-13T09:30:00Z,1.153403,1.153669,1.153403,1.153536
2026-08-13T09:45:00Z,1.153536,1.153802,1.153403,1.153802
2026-08-13T10:00:00Z,1.153802,1.153935,1.153802,1.153935
2026-08-13T10:15:00Z,1.153802,1.154068,1.153802,1.153935
2026-08-13T10:30:00Z,1.154201,1.154201,1.154068,1.154068
2026-08-13T10:45:00Z,1.153935,1.153935,1.153802,1.153935
2026-08-13T11:00:00Z,1.153935,1.154201,1.153802,1.154201
2026-08-13T11:15:00Z,1.154201,1.154201,1.153935,1.154068
2026-08-13T11:30:00Z,1.154068,1.154068,1.153935,1.153935
2026-08-13T11:45:00Z,1.153935,1.153935,1.153669,1.153669
2026-08-13T12:00:00Z,1.153802,1.153802,1.153669,1.153669
2026-08-13T12:15:00Z,1.153536,1.153536,1.153403,1.153403
2026-08-13T12:30:00Z,1.153536,1.153669,1.152871,1.153403
2026-08-13T12:45:00Z,1.153536,1.154734,1.153536,1.154734
2026-08-13T13:00:00Z,1.154601,1.154868,1.154068,1.154068
2026-08-13T13:15:00Z,1.154335,1.154468,1.153802,1.153802
2026-08-13T13:30:00Z,1.153935,1.153935,1.153403,1.153669
2026-08-13T13:45:00Z,1.153802,1.153802,1.153536,1.153802
2026-08-13T14:00:00Z,1.153935,1.154335,1.153536,1.154335
2026-08-13T14:15:00Z,1.154601,1.154868,1.154335,1.154335
2026-08-13T14:30:00Z,1.154068,1.154468,1.154068,1.154468
2026-08-13T14:45:00Z,1.154335,1.154734,1.154201,1.154734
2026-08-13T15:00:00Z,1.154734,1.154868,1.154068,1.154068
2026-08-13T15:15:00Z,1.154201,1.154201,1.153669,1.153669
2026-08-13T15:30:00Z,1.153802,1.153935,1.153669,1.153669
2026-08-13T15:45:00Z,1.153802,1.153802,1.153403,1.153403
2026-08-13T16:00:00Z,1.153403,1.153536,1.153136,1.153136
2026-08-13T16:15:00Z,1.153136,1.153136,1.152871,1.153004
2026-08-13T16:30:00Z,1.152871,1.153270,1.152871,1.153270
2026-08-13T16:45:00Z,1.153270,1.153403,1.153270,1.153270
2026-08-13T17:00:00Z,1.153403,1.153536,1.153136,1.153136
2026-08-13T17:15:00Z,1.153136,1.153270,1.153004,1.153004
2026-08-13T17:30:00Z,1.153004,1.153270,1.153004,1.153270
2026-08-13T17:45:00Z,1.153270,1.153270,1.153136,1.153136
2026-08-13T18:00:00Z,1.153136,1.153536,1.153004,1.153536
2026-08-13T18:15:00Z,1.153536,1.153536,1.153270,1.153270
2026-08-13T18:30:00Z,1.153270,1.153403,1.153270,1.153270
2026-08-13T18:45:00Z,1.153270,1.153403,1.153270,1.153270
2026-08-13T19:00:00Z,1.153270,1.153403,1.153270,1.153270
2026-08-13T19:15:00Z,1.153270,1.153536,1.153270,1.153536
2026-08-13T19:30:00Z,1.153403,1.153536,1.153270,1.153270
2026-08-13T19:45:00Z,1.153136,1.153270,1.153136,1.153136
2026-08-13T20:00:00Z,1.153403,1.153403,1.153004,1.153004
2026-08-13T20:15:00Z,1.153004,1.153136,1.153004,1.153136
2026-08-13T20:30:00Z,1.153136,1.153136,1.153136,1.153136
2026-08-13T20:45:00Z,1.153136,1.153536,1.153136,1.153270
2026-08-13T21:00:00Z,1.153004,1.153403,1.152871,1.153136
2026-08-13T21:15:00Z,1.153004,1.153270,1.153004,1.153270
2026-08-13T21:30:00Z,1.153136,1.153536,1.153136,1.153136
2026-08-13T21:45:00Z,1.153270,1.153270,1.152871,1.153136
2026-08-13T22:00:00Z,1.153270,1.153403,1.153270,1.153270
2026-08-13T22:15:00Z,1.153270,1.153536,1.153270,1.153403
2026-08-13T22:30:00Z,1.153403,1.153536,1.153403,1.153536
2026-08-13T22:45:00Z,1.153536,1.153536,1.153403,1.153536
2026-08-13T23:00:00Z,1.153536,1.153669,1.153536,1.153669
2026-08-13T23:15:00Z,1.153669,1.153669,1.153536,1.153536
2026-08-13T23:30:00Z,1.153536,1.153802,1.153536,1.153669
2026-08-13T23:45:00Z,1.153669,1.153802,1.153669,1.153669
2026-08-14T00:00:00Z,1.153669,1.153935,1.153669,1.153802
2026-08-14T00:15:00Z,1.153802,1.154068,1.153802,1.154068
2026-08-14T00:30:00Z,1.153935,1.154068,1.153935,1.154068
2026-08-14T00:45:00Z,1.154068,1.154201,1.153935,1.154201
2026-08-14T01:00:00Z,1.154201,1.154201,1.153669,1.153669
2026-08-14T01:15:00Z,1.153802,1.153802,1.153536,1.153802
2026-08-14T01:30:00Z,1.153802,1.154068,1.153802,1.153935
2026-08-14T01:45:00Z,1.154068,1.154068,1.153802,1.153802
2026-08-14T02:00:00Z,1.153802,1.153935,1.153802,1.153935
2026-08-14T02:15:00Z,1.153935,1.154068,1.153802,1.153935
2026-08-14T02:30:00Z,1.153935,1.154068,1.153935,1.154068
2026-08-14T02:45:00Z,1.154068,1.154068,1.153669,1.153669
2026-08-14T03:00:00Z,1.153802,1.153935,1.153669,1.153935
2026-08-14T03:15:00Z,1.153935,1.154201,1.153935,1.154201
2026-08-14T03:30:00Z,1.154201,1.154201,1.154068,1.154068
2026-08-14T03:45:00Z,1.154068,1.154068,1.153935,1.154068
2026-08-14T04:00:00Z,1.154068,1.154335,1.154068,1.154335
2026-08-14T04:15:00Z,1.154335,1.154335,1.154068,1.154068
2026-08-14T04:30:00Z,1.154068,1.154335,1.154068,1.154201
2026-08-14T04:45:00Z,1.154201,1.154335,1.154201,1.154201
2026-08-14T05:00:00Z,1.154201,1.154335,1.154201,1.154335
2026-08-14T05:15:00Z,1.154335,1.154468,1.154335,1.154468
2026-08-14T05:30:00Z,1.154335,1.154601,1.154335,1.154468
2026-08-14T05:45:00Z,1.154468,1.154468,1.154335,1.154468
2026-08-14T06:00:00Z,1.154601,1.154734,1.154468,1.154468
2026-08-14T06:15:00Z,1.154335,1.154468,1.154201,1.154335
2026-08-14T06:30:00Z,1.154335,1.154601,1.154335,1.154601
2026-08-14T06:45:00Z,1.154734,1.154734,1.154468,1.154734
2026-08-14T07:00:00Z,1.154734,1.155001,1.154601,1.154868
2026-08-14T07:15:00Z,1.154868,1.155001,1.154868,1.155001
2026-08-14T07:30:00Z,1.155001,1.155268,1.154868,1.155135
2026-08-14T07:45:00Z,1.155268,1.155402,1.155268,1.155402
2026-08-14T08:00:00Z,1.155535,1.155802,1.155402,1.155668
2026-08-14T08:15:00Z,1.155802,1.155802,1.155402,1.155668
2026-08-14T08:30:00Z,1.155668,1.156069,1.155402,1.155802
2026-08-14T08:45:00Z,1.155802,1.155936,1.155668,1.155936
2026-08-14T09:00:00Z,1.155936,1.156069,1.155802,1.155802
2026-08-14T09:15:00Z,1.155802,1.155936,1.155668,1.155802
2026-08-14T09:30:00Z,1.155802,1.155802,1.155402,1.155535
2026-08-14T09:45:00Z,1.155668,1.155802,1.155535,1.155668
2026-08-14T10:00:00Z,1.155668,1.155802,1.155535,1.155802
2026-08-14T10:15:00Z,1.155802,1.155802,1.155668,1.155668
2026-08-14T10:30:00Z,1.155668,1.155802,1.155668,1.155802
2026-08-14T10:45:00Z,1.155802,1.155936,1.155802,1.155802
2026-08-14T11:00:00Z,1.155936,1.156203,1.155936,1.156203
2026-08-14T11:15:00Z,1.156337,1.156738,1.156203,1.156604
2026-08-14T11:30:00Z,1.156604,1.157407,1.156604,1.157274
2026-08-14T11:45:00Z,1.157274,1.157274,1.156872,1.156872
2026-08-14T12:00:00Z,1.157006,1.157407,1.156738,1.156738
2026-08-14T12:15:00Z,1.156872,1.157407,1.156872,1.157140
2026-08-14T12:30:00Z,1.157943,1.158078,1.157006,1.157006
2026-08-14T12:45:00Z,1.157006,1.157274,1.156738,1.157006
2026-08-14T13:00:00Z,1.157006,1.157006,1.156604,1.156604
2026-08-14T13:15:00Z,1.156738,1.157274,1.156604,1.157140
2026-08-14T13:30:00Z,1.157140,1.158614,1.157140,1.158614
2026-08-14T13:45:00Z,1.158480,1.158749,1.158078,1.158212
2026-08-14T14:00:00Z,1.158749,1.158749,1.158212,1.158346
2026-08-14T14:15:00Z,1.158212,1.158883,1.158212,1.158883
2026-08-14T14:30:00Z,1.158749,1.158749,1.158212,1.158480
2026-08-14T14:45:00Z,1.158480,1.158480,1.158212,1.158346
2026-08-14T15:00:00Z,1.158480,1.158749,1.158480,1.158480
2026-08-14T15:15:00Z,1.158346,1.158480,1.158078,1.158346
2026-08-14T15:30:00Z,1.158480,1.158883,1.158480,1.158480
2026-08-14T15:45:00Z,1.158480,1.158883,1.158346,1.158346
2026-08-14T16:00:00Z,1.158480,1.158480,1.157943,1.157943
2026-08-14T16:15:00Z,1.158078,1.158346,1.157943,1.157943
2026-08-14T16:30:00Z,1.157943,1.158212,1.157809,1.157809
2026-08-14T16:45:00Z,1.157809,1.157809,1.157407,1.157407
2026-08-14T17:00:00Z,1.157407,1.157407,1.157006,1.157006
2026-08-14T17:15:00Z,1.157140,1.157140,1.156738,1.156872
2026-08-14T17:30:00Z,1.156872,1.156872,1.156738,1.156738
2026-08-14T17:45:00Z,1.156738,1.156872,1.156604,1.156738
2026-08-14T18:00:00Z,1.156738,1.156872,1.156738,1.156738
2026-08-14T18:15:00Z,1.156738,1.157006,1.156604,1.157006
2026-08-14T18:30:00Z,1.157006,1.157006,1.156872,1.156872
2026-08-14T18:45:00Z,1.156872,1.157006,1.156738,1.156872
2026-08-14T19:00:00Z,1.157006,1.157140,1.156872,1.157140
2026-08-14T19:15:00Z,1.157006,1.157140,1.157006,1.157140
2026-08-14T19:30:00Z,1.157274,1.157274,1.156872,1.157006
2026-08-14T19:45:00Z,1.157006,1.157140,1.157006,1.157006
2026-08-14T20:00:00Z,1.157140,1.157274,1.157140,1.157140
2026-08-14T20:15:00Z,1.157140,1.157274,1.157140,1.157274
2026-08-14T20:30:00Z,1.157274,1.157274,1.157140,1.157140
2026-08-14T20:45:00Z,1.157140,1.157407,1.157140,1.157274
2026-08-14T21:00:00Z,1.157274,1.157274,1.157274,1.157274
2026-08-14T21:15:00Z,1.157274,1.157274,1.157274,1.157274
2026-08-16T23:00:00Z,1.157809,1.157943,1.157809,1.157809
2026-08-16T23:15:00Z,1.157809,1.157809,1.157809,1.157809
2026-08-16T23:30:00Z,1.157809,1.157809,1.157809,1.157809
2026-08-16T23:45:00Z,1.157943,1.157943,1.157675,1.157675
2026-08-17T00:00:00Z,1.157943,1.158346,1.157943,1.158346
2026-08-17T00:15:00Z,1.158212,1.158346,1.158212,1.158346
2026-08-17T00:30:00Z,1.158346,1.158480,1.158212,1.158212
2026-08-17T00:45:00Z,1.158212,1.158346,1.158212,1.158346
2026-08-17T01:00:00Z,1.158346,1.158346,1.158212,1.158346
2026-08-17T01:15:00Z,1.158346,1.158614,1.158212,1.158480
2026-08-17T01:30:00Z,1.158346,1.158614,1.158212,1.158614
2026-08-17T01:45:00Z,1.158614,1.158749,1.158480,1.158614
2026-08-17T02:00:00Z,1.158749,1.158749,1.158614,1.158614
2026-08-17T02:15:00Z,1.158614,1.158749,1.158614,1.158749
2026-08-17T02:30:00Z,1.158749,1.158749,1.158346,1.158480
2026-08-17T02:45:00Z,1.158480,1.158480,1.158212,1.158346
2026-08-17T03:00:00Z,1.158346,1.158346,1.158212,1.158212
2026-08-17T03:15:00Z,1.158346,1.158346,1.158212,1.158346
2026-08-17T03:30:00Z,1.158346,1.158346,1.158212,1.158346
2026-08-17T03:45:00Z,1.158346,1.158749,1.158346,1.158749
2026-08-17T04:00:00Z,1.158614,1.159152,1.158614,1.159017
2026-08-17T04:15:00Z,1.159017,1.159017,1.158883,1.159017
2026-08-17T04:30:00Z,1.159017,1.159017,1.158883,1.159017
2026-08-17T04:45:00Z,1.159017,1.159017,1.158749,1.158883
2026-08-17T05:00:00Z,1.158883,1.158883,1.158614,1.158614
2026-08-17T05:15:00Z,1.158614,1.159017,1.158614,1.159017
2026-08-17T05:30:00Z,1.159017,1.159017,1.158883,1.159017
2026-08-17T05:45:00Z,1.159017,1.159286,1.159017,1.159017
2026-08-17T06:00:00Z,1.159152,1.159286,1.158749,1.158883
2026-08-17T06:15:00Z,1.158883,1.159555,1.158883,1.159555
2026-08-17T06:30:00Z,1.159286,1.159420,1.159152,1.159420
2026-08-17T06:45:00Z,1.159689,1.159958,1.159689,1.159958
2026-08-17T07:00:00Z,1.159958,1.160093,1.159824,1.160093
2026-08-17T07:15:00Z,1.160093,1.161036,1.160093,1.161036
2026-08-17T07:30:00Z,1.161036,1.161575,1.161036,1.161305
2026-08-17T07:45:00Z,1.161170,1.161170,1.160901,1.160901
2026-08-17T08:00:00Z,1.161036,1.161036,1.160766,1.161036
2026-08-17T08:15:00Z,1.161170,1.161710,1.161036,1.161710
2026-08-17T08:30:00Z,1.161710,1.161710,1.160901,1.160901
2026-08-17T08:45:00Z,1.160901,1.160901,1.159958,1.160227
2026-08-17T09:00:00Z,1.160362,1.160362,1.160093,1.160227
2026-08-17T09:15:00Z,1.160227,1.160497,1.160227,1.160497
2026-08-17T09:30:00Z,1.160497,1.160497,1.160227,1.160362
2026-08-17T09:45:00Z,1.160362,1.160362,1.159958,1.159958
2026-08-17T10:00:00Z,1.159824,1.159958,1.159555,1.159824
2026-08-17T10:15:00Z,1.159958,1.160093,1.159689,1.160093
2026-08-17T10:30:00Z,1.159958,1.159958,1.159420,1.159689
2026-08-17T10:45:00Z,1.159555,1.159689,1.159286,1.159420
2026-08-17T11:00:00Z,1.159420,1.159824,1.159420,1.159420
2026-08-17T11:15:00Z,1.159420,1.159420,1.159152,1.159420
2026-08-17T11:30:00Z,1.159286,1.159420,1.159152,1.159152
2026-08-17T11:45:00Z,1.159152,1.159555,1.159152,1.159555
2026-08-17T12:00:00Z,1.159555,1.159824,1.159555,1.159555
2026-08-17T12:15:00Z,1.159420,1.159824,1.159286,1.159420
2026-08-17T12:30:00Z,1.159420,1.159824,1.159286,1.159824
2026-08-17T12:45:00Z,1.159689,1.160093,1.159555,1.160093
2026-08-17T13:00:00Z,1.160093,1.160227,1.159958,1.159958
2026-08-17T13:15:00Z,1.159958,1.160227,1.159824,1.159958
2026-08-17T13:30:00Z,1.160093,1.160227,1.159420,1.159420
2026-08-17T13:45:00Z,1.159286,1.159824,1.159152,1.159824
2026-08-17T14:00:00Z,1.159689,1.159958,1.159689,1.159958
2026-08-17T14:15:00Z,1.160093,1.160227,1.159420,1.159689
2026-08-17T14:30:00Z,1.159555,1.159689,1.159017,1.159152
2026-08-17T14:45:00Z,1.159152,1.159286,1.159017,1.159017
2026-08-17T15:00:00Z,1.159017,1.159017,1.158749,1.158883
2026-08-17T15:15:00Z,1.158883,1.158883,1.158614,1.158883
2026-08-17T15:30:00Z,1.158883,1.158883,1.158480,1.158480
2026-08-17T15:45:00Z,1.158480,1.159286,1.158480,1.159286
2026-08-17T16:00:00Z,1.159286,1.159286,1.158883,1.159017
2026-08-17T16:15:00Z,1.159152,1.159420,1.159152,1.159152
2026-08-17T16:30:00Z,1.159286,1.159555,1.159152,1.159420
2026-08-17T16:45:00Z,1.159286,1.159420,1.159152,1.159152
2026-08-17T17:00:00Z,1.159152,1.159286,1.159017,1.159017
2026-08-17T17:15:00Z,1.158883,1.158883,1.158614,1.158749
2026-08-17T17:30:00Z,1.158749,1.158749,1.158078,1.158346
2026-08-17T17:45:00Z,1.158346,1.158346,1.158078,1.158078
2026-08-17T18:00:00Z,1.157943,1.158078,1.157943,1.158078
2026-08-17T18:15:00Z,1.158078,1.158078,1.157675,1.157809
2026-08-17T18:30:00Z,1.157675,1.157675,1.157407,1.157541
2026-08-17T18:45:00Z,1.157541,1.157675,1.157541,1.157541
2026-08-17T19:00:00Z,1.157675,1.158078,1.157541,1.158078
2026-08-17T19:15:00Z,1.158078,1.158212,1.158078,1.158212
2026-08-17T19:30:00Z,1.158212,1.158346,1.158078,1.158346
2026-08-17T19:45:00Z,1.158346,1.158346,1.158078,1.158212
2026-08-17T20:00:00Z,1.158346,1.158346,1.158078,1.158078
2026-08-17T20:15:00Z,1.158078,1.158212,1.158078,1.158078
2026-08-17T20:30:00Z,1.158078,1.158212,1.158078,1.158212
2026-08-17T20:45:00Z,1.158212,1.158346,1.158212,1.158346
2026-08-17T21:00:00Z,1.158614,1.158749,1.158212,1.158480
2026-08-17T21:15:00Z,1.159017,1.159017,1.158212,1.158212
2026-08-17T21:30:00Z,1.157809,1.158346,1.157809,1.158212
2026-08-17T21:45:00Z,1.158078,1.158346,1.157809,1.158078
2026-08-17T22:00:00Z,1.158212,1.158346,1.158078,1.158212
2026-08-17T22:15:00Z,1.158212,1.158346,1.158078,1.158346
2026-08-17T22:30:00Z,1.158346,1.158346,1.158212,1.158212
2026-08-17T22:45:00Z,1.158212,1.158346,1.158212,1.158212
2026-08-17T23:00:00Z,1.158212,1.158346,1.158212,1.158346
2026-08-17T23:15:00Z,1.158346,1.158480,1.158346,1.158480
2026-08-17T23:30:00Z,1.158480,1.158614,1.158480,1.158614
2026-08-17T23:45:00Z,1.158614,1.158749,1.158614,1.158614
2026-08-18T00:00:00Z,1.158614,1.158749,1.158614,1.158614
2026-08-18T00:15:00Z,1.158614,1.158749,1.158346,1.158346
2026-08-18T00:30:00Z,1.158212,1.158480,1.158078,1.158480
2026-08-18T00:45:00Z,1.158346,1.158614,1.158346,1.158614
2026-08-18T01:00:00Z,1.158614,1.158883,1.158480,1.158883
2026-08-18T01:15:00Z,1.158749,1.158749,1.158346,1.158480
2026-08-18T01:30:00Z,1.158480,1.158749,1.158480,1.158480
2026-08-18T01:45:00Z,1.158346,1.158480,1.158212,1.158212
2026-08-18T02:00:00Z,1.158212,1.158212,1.158078,1.158078
2026-08-18T02:15:00Z,1.158078,1.158078,1.157943,1.158078
2026-08-18T02:30:00Z,1.157943,1.158078,1.157943,1.157943
2026-08-18T02:45:00Z,1.157943,1.158346,1.157943,1.158346
2026-08-18T03:00:00Z,1.158212,1.158212,1.158078,1.158078
2026-08-18T03:15:00Z,1.158078,1.158078,1.157809,1.157943
2026-08-18T03:30:00Z,1.157809,1.157809,1.157541,1.157675
2026-08-18T03:45:00Z,1.157675,1.157675,1.157541,1.157675
2026-08-18T04:00:00Z,1.157675,1.157675,1.157407,1.157407
2026-08-18T04:15:00Z,1.157407,1.157675,1.157407,1.157541
2026-08-18T04:30:00Z,1.157541,1.157675,1.157407,1.157675
2026-08-18T04:45:00Z,1.157675,1.157809,1.157541,1.157541
2026-08-18T05:00:00Z,1.157407,1.157541,1.157274,1.157274
2026-08-18T05:15:00Z,1.157407,1.157675,1.157407,1.157675
2026-08-18T05:30:00Z,1.157541,1.157675,1.157407,1.157675
2026-08-18T05:45:00Z,1.157541,1.157809,1.157541,1.157675
2026-08-18T06:00:00Z,1.157541,1.157541,1.157140,1.157274
2026-08-18T06:15:00Z,1.157274,1.157541,1.157274,1.157541
2026-08-18T06:30:00Z,1.157407,1.157541,1.157140,1.157407
2026-08-18T06:45:00Z,1.157274,1.157541,1.157274,1.157541
2026-08-18T07:00:00Z,1.157675,1.157809,1.157407,1.157407
2026-08-18T07:15:00Z,1.157541,1.157809,1.157274,1.157809
2026-08-18T07:30:00Z,1.157809,1.157943,1.157675,1.157943
2026-08-18T07:45:00Z,1.157943,1.158078,1.157675,1.157675
2026-08-18T08:00:00Z,1.157541,1.157675,1.157407,1.157541
2026-08-18T08:15:00Z,1.157407,1.157541,1.157274,1.157541
2026-08-18T08:30:00Z,1.157541,1.157809,1.157541,1.157809
2026-08-18T08:45:00Z,1.157809,1.158078,1.157809,1.157943
2026-08-18T09:00:00Z,1.157809,1.157943,1.157675,1.157809
2026-08-18T09:15:00Z,1.157675,1.158078,1.157675,1.158078
2026-08-18T09:30:00Z,1.158212,1.158212,1.157675,1.157943
2026-08-18T09:45:00Z,1.157943,1.158212,1.157943,1.158212
2026-08-18T10:00:00Z,1.158212,1.158212,1.157809,1.157809
2026-08-18T10:15:00Z,1.157809,1.157943,1.157809,1.157943
2026-08-18T10:30:00Z,1.158078,1.158078,1.157809,1.157809
2026-08-18T10:45:00Z,1.157943,1.158078,1.157809,1.157943
2026-08-18T11:00:00Z,1.157943,1.157943,1.157809,1.157809
2026-08-18T11:15:00Z,1.157809,1.157809,1.157675,1.157675
2026-08-18T11:30:00Z,1.157809,1.157809,1.157541,1.157809
2026-08-18T11:45:00Z,1.157809,1.158078,1.157675,1.158078
2026-08-18T12:00:00Z,1.157943,1.158212,1.157943,1.158078
2026-08-18T12:15:00Z,1.158078,1.158212,1.157809,1.157809
2026-08-18T12:30:00Z,1.157675,1.157809,1.157541,1.157809
2026-08-18T12:45:00Z,1.157675,1.158212,1.157675,1.157809
2026-08-18T13:00:00Z,1.157943,1.158346,1.157943,1.158212
2026-08-18T13:15:00Z,1.158078,1.158078,1.157809,1.157809
2026-08-18T13:30:00Z,1.157675,1.158749,1.157675,1.158346
2026-08-18T13:45:00Z,1.158346,1.158614,1.158212,1.158346
2026-08-18T14:00:00Z,1.158749,1.159017,1.158480,1.158614
2026-08-18T14:15:00Z,1.158749,1.159152,1.158614,1.158749
2026-08-18T14:30:00Z,1.158749,1.158883,1.158480,1.158749
2026-08-18T14:45:00Z,1.158883,1.159152,1.158480,1.158480
2026-08-18T15:00:00Z,1.158480,1.158883,1.158078,1.158078
2026-08-18T15:15:00Z,1.158078,1.158480,1.158078,1.158212
2026-08-18T15:30:00Z,1.158078,1.158346,1.158078,1.158212
2026-08-18T15:45:00Z,1.158346,1.158480,1.158212,1.158212
2026-08-18T16:00:00Z,1.158480,1.158749,1.158212,1.158614
2026-08-18T16:15:00Z,1.158614,1.158883,1.158480,1.158480
2026-08-18T16:30:00Z,1.158480,1.158480,1.158212,1.158480
2026-08-18T16:45:00Z,1.158480,1.158614,1.158346,1.158346
2026-08-18T17:00:00Z,1.158346,1.158346,1.157943,1.157943
2026-08-18T17:15:00Z,1.157943,1.158078,1.157943,1.158078
2026-08-18T17:30:00Z,1.157809,1.158078,1.157809,1.158078
2026-08-18T17:45:00Z,1.157943,1.158078,1.157943,1.158078
2026-08-18T18:00:00Z,1.157943,1.158078,1.157809,1.158078
2026-08-18T18:15:00Z,1.158078,1.158212,1.158078,1.158078
2026-08-18T18:30:00Z,1.158078,1.158078,1.157809,1.157809
2026-08-18T18:45:00Z,1.157809,1.157943,1.157809,1.157943
2026-08-18T19:00:00Z,1.157943,1.158078,1.157809,1.158078
2026-08-18T19:15:00Z,1.158078,1.158078,1.157943,1.157943
2026-08-18T19:30:00Z,1.158078,1.158346,1.158078,1.158212
2026-08-18T19:45:00Z,1.158212,1.158212,1.157809,1.157809
2026-08-18T20:00:00Z,1.157675,1.157809,1.157541,1.157675
2026-08-18T20:15:00Z,1.157675,1.157675,1.157541,1.157675
2026-08-18T20:30:00Z,1.157675,1.157809,1.157675,1.157675
2026-08-18T20:45:00Z,1.157675,1.157943,1.157675,1.157943
2026-08-18T21:00:00Z,1.157675,1.158078,1.157675,1.158078
2026-08-18T21:15:00Z,1.158078,1.158346,1.157943,1.158212
2026-08-18T21:30:00Z,1.158212,1.158212,1.157943,1.157943
2026-08-18T21:45:00Z,1.157943,1.157943,1.157675,1.157943
2026-08-18T22:00:00Z,1.157943,1.157943,1.157809,1.157809
2026-08-18T22:15:00Z,1.157809,1.157943,1.157809,1.157943
2026-08-18T22:30:00Z,1.157943,1.157943,1.157809,1.157809
2026-08-18T22:45:00Z,1.157943,1.158078,1.157943,1.157943
2026-08-18T23:00:00Z,1.158078,1.158212,1.158078,1.158078
2026-08-18T23:15:00Z,1.158078,1.158078,1.157809,1.157809
2026-08-18T23:30:00Z,1.157809,1.157943,1.157675,1.157675
2026-08-18T23:45:00Z,1.157809,1.157943,1.157809,1.157943
2026-08-19T00:00:00Z,1.157943,1.158480,1.157943,1.158346
2026-08-19T00:15:00Z,1.158346,1.158480,1.158212,1.158212
2026-08-19T00:30:00Z,1.158346,1.158346,1.157809,1.157809
2026-08-19T00:45:00Z,1.157809,1.158078,1.157675,1.157809
2026-08-19T01:00:00Z,1.157809,1.157809,1.157541,1.157541
2026-08-19T01:15:00Z,1.157541,1.157675,1.157407,1.157675
2026-08-19T01:30:00Z,1.157809,1.158078,1.157809,1.158078
2026-08-19T01:45:00Z,1.158078,1.158078,1.157809,1.158078
2026-08-19T02:00:00Z,1.158078,1.158346,1.157943,1.158346
2026-08-19T02:15:00Z,1.158078,1.158749,1.158078,1.158614
2026-08-19T02:30:00Z,1.158614,1.158883,1.158480,1.158883
2026-08-19T02:45:00Z,1.158883,1.159017,1.158480,1.158614
2026-08-19T03:00:00Z,1.158614,1.158749,1.158614,1.158749
2026-08-19T03:15:00Z,1.158883,1.158883,1.158614,1.158749
2026-08-19T03:30:00Z,1.158749,1.158749,1.158480,1.158614
2026-08-19T03:45:00Z,1.158614,1.158614,1.158480,1.158480
2026-08-19T04:00:00Z,1.158480,1.158749,1.158480,1.158749
2026-08-19T04:15:00Z,1.158749,1.158749,1.158614,1.158614
2026-08-19T04:30:00Z,1.158749,1.158883,1.158614,1.158614
2026-08-19T04:45:00Z,1.158614,1.158883,1.158614,1.158883
2026-08-19T05:00:00Z,1.159017,1.159017,1.158749,1.159017
2026-08-19T05:15:00Z,1.159017,1.159017,1.158883,1.159017
2026-08-19T05:30:00Z,1.159017,1.159152,1.158883,1.159152
2026-08-19T05:45:00Z,1.159017,1.159286,1.159017,1.159152
2026-08-19T06:00:00Z,1.159286,1.159420,1.159286,1.159286
2026-08-19T06:15:00Z,1.159420,1.160093,1.159420,1.160093
2026-08-19T06:30:00Z,1.160093,1.160093,1.159824,1.159958
2026-08-19T06:45:00Z,1.159958,1.160093,1.159824,1.159824
2026-08-19T07:00:00Z,1.159958,1.159958,1.159555,1.159689
2026-08-19T07:15:00Z,1.159555,1.159824,1.159555,1.159824
2026-08-19T07:30:00Z,1.159958,1.160093,1.159689,1.159689
2026-08-19T07:45:00Z,1.159689,1.160093,1.159689,1.159958
2026-08-19T08:00:00Z,1.159958,1.160766,1.159958,1.160766
2026-08-19T08:15:00Z,1.160766,1.160766,1.160093,1.160227
2026-08-19T08:30:00Z,1.160227,1.160497,1.160093,1.160497
2026-08-19T08:45:00Z,1.160631,1.160631,1.160093,1.160093
2026-08-19T09:00:00Z,1.160093,1.160497,1.159958,1.160362
2026-08-19T09:15:00Z,1.160362,1.160766,1.160227,1.160766
2026-08-19T09:30:00Z,1.160766,1.160901,1.160766,1.160901
2026-08-19T09:45:00Z,1.160901,1.161036,1.160901,1.161036
2026-08-19T10:00:00Z,1.160901,1.161305,1.160901,1.161305
2026-08-19T10:15:00Z,1.161305,1.161440,1.161305,1.161440
2026-08-19T10:30:00Z,1.161440,1.161440,1.161305,1.161440
2026-08-19T10:45:00Z,1.161440,1.161575,1.161036,1.161036
2026-08-19T11:00:00Z,1.161036,1.161170,1.160631,1.160901
2026-08-19T11:15:00Z,1.160901,1.160901,1.160766,1.160766
2026-08-19T11:30:00Z,1.160901,1.160901,1.160362,1.160362
2026-08-19T11:45:00Z,1.160497,1.160766,1.160497,1.160631
2026-08-19T12:00:00Z,1.160766,1.160901,1.160631,1.160901
2026-08-19T12:15:00Z,1.160901,1.161305,1.160901,1.161036
2026-08-19T12:30:00Z,1.161036,1.163196,1.161036,1.163061
2026-08-19T12:45:00Z,1.163332,1.164551,1.163196,1.164009
2026-08-19T13:00:00Z,1.164280,1.165365,1.164280,1.165230
2026-08-19T13:15:00Z,1.165094,1.165637,1.164822,1.165637
2026-08-19T13:30:00Z,1.165909,1.166045,1.165230,1.165909
2026-08-19T13:45:00Z,1.165637,1.166045,1.165501,1.166045
2026-08-19T14:00:00Z,1.166045,1.166997,1.165773,1.166725
2026-08-19T14:15:00Z,1.166861,1.167406,1.166861,1.167406
2026-08-19T14:30:00Z,1.167406,1.168088,1.167406,1.167951
2026-08-19T14:45:00Z,1.167951,1.167951,1.166589,1.166589
2026-08-19T15:00:00Z,1.166725,1.166861,1.166317,1.166725
2026-08-19T15:15:00Z,1.166861,1.166861,1.166045,1.166317
2026-08-19T15:30:00Z,1.166317,1.167133,1.166317,1.167133
2026-08-19T15:45:00Z,1.166861,1.166997,1.166453,1.166725
2026-08-19T16:00:00Z,1.166861,1.167406,1.166861,1.167406
2026-08-19T16:15:00Z,1.167406,1.167406,1.166997,1.167133
2026-08-19T16:30:00Z,1.167133,1.167406,1.167133,1.167270
2026-08-19T16:45:00Z,1.167270,1.167542,1.167133,1.167270
2026-08-19T17:00:00Z,1.167542,1.167542,1.166725,1.166997
2026-08-19T17:15:00Z,1.166725,1.166861,1.166589,1.166725
2026-08-19T17:30:00Z,1.166725,1.166725,1.166453,1.166453
2026-08-19T17:45:00Z,1.166589,1.166589,1.166181,1.166181
2026-08-19T18:00:00Z,1.166453,1.167406,1.166453,1.167270
2026-08-19T18:15:00Z,1.166997,1.167133,1.166317,1.166453
2026-08-19T18:30:00Z,1.166589,1.167679,1.166589,1.167542
2026-08-19T18:45:00Z,1.167542,1.167815,1.167542,1.167679
2026-08-19T19:00:00Z,1.167815,1.167951,1.167406,1.167679
2026-08-19T19:15:00Z,1.167951,1.168088,1.167815,1.168088
2026-08-19T19:30:00Z,1.168088,1.168224,1.167679,1.167679
2026-08-19T19:45:00Z,1.167542,1.168088,1.167542,1.168088
2026-08-19T20:00:00Z,1.168088,1.168088,1.167951,1.167951
2026-08-19T20:15:00Z,1.167951,1.168088,1.167815,1.167951
2026-08-19T20:30:00Z,1.167951,1.168224,1.167815,1.168224
2026-08-19T20:45:00Z,1.168224,1.168224,1.168088,1.168088
2026-08-19T21:00:00Z,1.168088,1.168224,1.167815,1.168088
2026-08-19T21:15:00Z,1.167815,1.168088,1.167815,1.168088
2026-08-19T21:30:00Z,1.167951,1.168088,1.167815,1.167951
2026-08-19T21:45:00Z,1.168088,1.168361,1.167951,1.167951
2026-08-19T22:00:00Z,1.168361,1.168634,1.168088,1.168224
2026-08-19T22:15:00Z,1.168224,1.168224,1.168088,1.168088
2026-08-19T22:30:00Z,1.168224,1.168224,1.167951,1.168088
2026-08-19T22:45:00Z,1.168088,1.168088,1.167951,1.168088
2026-08-19T23:00:00Z,1.167951,1.168088,1.167951,1.167951
2026-08-19T23:15:00Z,1.167815,1.167951,1.167679,1.167815
2026-08-19T23:30:00Z,1.167815,1.167815,1.167679,1.167679
2026-08-19T23:45:00Z,1.167815,1.167815,1.167679,1.167815
2026-08-20T00:00:00Z,1.167951,1.168361,1.167815,1.168088
2026-08-20T00:15:00Z,1.168088,1.168224,1.167815,1.167815
2026-08-20T00:30:00Z,1.167951,1.168088,1.167815,1.167815
2026-08-20T00:45:00Z,1.167815,1.167815,1.167542,1.167815
2026-08-20T01:00:00Z,1.167815,1.167815,1.167406,1.167542
2026-08-20T01:15:00Z,1.167679,1.168224,1.167679,1.168224
2026-08-20T01:30:00Z,1.168361,1.168497,1.168224,1.168224
2026-08-20T01:45:00Z,1.168088,1.168088,1.167679,1.167951
2026-08-20T02:00:00Z,1.167951,1.168634,1.167951,1.168088
2026-08-20T02:15:00Z,1.167951,1.167951,1.167679,1.167815
2026-08-20T02:30:00Z,1.167951,1.168224,1.167815,1.167951
2026-08-20T02:45:00Z,1.167951,1.167951,1.167815,1.167815
2026-08-20T03:00:00Z,1.167815,1.168224,1.167815,1.168224
2026-08-20T03:15:00Z,1.167951,1.168361,1.167951,1.168088
2026-08-20T03:30:00Z,1.168088,1.168224,1.167951,1.168224
2026-08-20T03:45:00Z,1.168224,1.168361,1.168088,1.168224
2026-08-20T04:00:00Z,1.168361,1.168361,1.168224,1.168224
2026-08-20T04:15:00Z,1.168224,1.168224,1.168088,1.168088
2026-08-20T04:30:00Z,1.167951,1.168088,1.167951,1.167951
2026-08-20T04:45:00Z,1.167951,1.168088,1.167679,1.167679
2026-08-20T05:00:00Z,1.167679,1.167951,1.167679,1.167679
2026-08-20T05:15:00Z,1.167815,1.167815,1.167542,1.167542
2026-08-20T05:30:00Z,1.167679,1.167679,1.167406,1.167406
2026-08-20T05:45:00Z,1.167406,1.168088,1.167406,1.167951
2026-08-20T06:00:00Z,1.168088,1.168361,1.167679,1.168224
2026-08-20T06:15:00Z,1.168224,1.168361,1.168088,1.168088
2026-08-20T06:30:00Z,1.168088,1.168361,1.167951,1.168361
2026-08-20T06:45:00Z,1.168907,1.169180,1.168634,1.169180
2026-08-20T07:00:00Z,1.169044,1.169044,1.168497,1.168497
2026-08-20T07:15:00Z,1.168497,1.168634,1.168224,1.168224
2026-08-20T07:30:00Z,1.168497,1.169591,1.168497,1.169454
2026-08-20T07:45:00Z,1.169317,1.169591,1.169044,1.169591
2026-08-20T08:00:00Z,1.169591,1.169864,1.169454,1.169864
2026-08-20T08:15:00Z,1.169727,1.169727,1.169454,1.169454
2026-08-20T08:30:00Z,1.169317,1.170138,1.169317,1.170138
2026-08-20T08:45:00Z,1.170138,1.170275,1.169864,1.170138
2026-08-20T09:00:00Z,1.170275,1.170686,1.169864,1.170686
2026-08-20T09:15:00Z,1.170686,1.171234,1.170686,1.170960
2026-08-20T09:30:00Z,1.170960,1.171097,1.170412,1.170823
2026-08-20T09:45:00Z,1.170686,1.171097,1.170549,1.171097
2026-08-20T10:00:00Z,1.170823,1.171372,1.170823,1.171234
2026-08-20T10:15:00Z,1.171234,1.171234,1.170823,1.171234
2026-08-20T10:30:00Z,1.171097,1.171097,1.170549,1.170549
2026-08-20T10:45:00Z,1.170412,1.170549,1.169864,1.170001
2026-08-20T11:00:00Z,1.170001,1.170001,1.169317,1.169317
2026-08-20T11:15:00Z,1.169454,1.170001,1.169317,1.169591
2026-08-20T11:30:00Z,1.169454,1.170001,1.169044,1.169044
2026-08-20T11:45:00Z,1.168907,1.169044,1.168634,1.168770
2026-08-20T12:00:00Z,1.168907,1.168907,1.168224,1.168770
2026-08-20T12:15:00Z,1.168770,1.169317,1.168770,1.169044
2026-08-20T12:30:00Z,1.168907,1.169180,1.168361,1.169180
2026-08-20T12:45:00Z,1.169044,1.169317,1.168907,1.169180
2026-08-20T13:00:00Z,1.169454,1.169727,1.169044,1.169044
2026-08-20T13:15:00Z,1.169044,1.169317,1.168770,1.169044
2026-08-20T13:30:00Z,1.169044,1.169044,1.168634,1.168634
2026-08-20T13:45:00Z,1.168634,1.168634,1.167951,1.167951
2026-08-20T14:00:00Z,1.168088,1.168224,1.167542,1.167542
2026-08-20T14:15:00Z,1.167542,1.168224,1.167542,1.168224
2026-08-20T14:30:00Z,1.168224,1.168497,1.168224,1.168497
2026-08-20T14:45:00Z,1.168497,1.168770,1.168497,1.168634
2026-08-20T15:00:00Z,1.168497,1.169591,1.168361,1.168770
2026-08-20T15:15:00Z,1.168634,1.168770,1.168088,1.168770
2026-08-20T15:30:00Z,1.168770,1.168770,1.167679,1.167679
2026-08-20T15:45:00Z,1.167679,1.168361,1.167679,1.168224
2026-08-20T16:00:00Z,1.168224,1.168224,1.167815,1.167815
2026-08-20T16:15:00Z,1.167679,1.167951,1.167679,1.167679
2026-08-20T16:30:00Z,1.167679,1.167679,1.167270,1.167406
2026-08-20T16:45:00Z,1.167542,1.167815,1.167406,1.167679
2026-08-20T17:00:00Z,1.167679,1.167815,1.167406,1.167406
2026-08-20T17:15:00Z,1.167406,1.167679,1.167406,1.167679
2026-08-20T17:30:00Z,1.167542,1.167679,1.167406,1.167542
2026-08-20T17:45:00Z,1.167542,1.167815,1.167542,1.167815
2026-08-20T18:00:00Z,1.167815,1.167815,1.167542,1.167542
2026-08-20T18:15:00Z,1.167542,1.167679,1.167406,1.167542
2026-08-20T18:30:00Z,1.167679,1.167815,1.167679,1.167679
2026-08-20T18:45:00Z,1.167679,1.167951,1.167679,1.167951
2026-08-20T19:00:00Z,1.167815,1.167951,1.167679,1.167951
2026-08-20T19:15:00Z,1.167951,1.168088,1.167951,1.167951
2026-08-20T19:30:00Z,1.168088,1.168088,1.167815,1.167815
2026-08-20T19:45:00Z,1.167815,1.168224,1.167815,1.168088
2026-08-20T20:00:00Z,1.168224,1.168224,1.168088,1.168088
2026-08-20T20:15:00Z,1.167951,1.168088,1.167951,1.168088
2026-08-20T20:30:00Z,1.168088,1.168224,1.168088,1.168224
2026-08-20T20:45:00Z,1.168224,1.168361,1.168088,1.168224
2026-08-20T21:00:00Z,1.168088,1.168361,1.167951,1.168224
2026-08-20T21:15:00Z,1.168088,1.168361,1.167951,1.168361
2026-08-20T21:30:00Z,1.168088,1.168361,1.168088,1.168224
2026-08-20T21:45:00Z,1.168224,1.168224,1.167951,1.168088
2026-08-20T22:00:00Z,1.168224,1.168634,1.168224,1.168497
2026-08-20T22:15:00Z,1.168497,1.168770,1.168361,1.168770
2026-08-20T22:30:00Z,1.168634,1.168634,1.168497,1.168497
2026-08-20T22:45:00Z,1.168634,1.168770,1.168634,1.168634
2026-08-20T23:00:00Z,1.168770,1.168907,1.168770,1.168907
2026-08-20T23:15:00Z,1.168907,1.169044,1.168907,1.168907
2026-08-20T23:30:00Z,1.169044,1.169044,1.168770,1.169044
2026-08-20T23:45:00Z,1.169044,1.169180,1.168907,1.169044
2026-08-21T00:00:00Z,1.169044,1.169317,1.168907,1.169317
2026-08-21T00:15:00Z,1.169180,1.169317,1.169044,1.169044
2026-08-21T00:30:00Z,1.169044,1.169180,1.168770,1.168907
2026-08-21T00:45:00Z,1.168770,1.168907,1.168634,1.168634
2026-08-21T01:00:00Z,1.168770,1.169044,1.168634,1.169044
2026-08-21T01:15:00Z,1.169044,1.169454,1.169044,1.169454
2026-08-21T01:30:00Z,1.169454,1.169591,1.169317,1.169317
2026-08-21T01:45:00Z,1.169317,1.169591,1.169180,1.169454
2026-08-21T02:00:00Z,1.169454,1.169591,1.169180,1.169591
2026-08-21T02:15:00Z,1.169591,1.170001,1.169454,1.169864
2026-08-21T02:30:00Z,1.169864,1.170001,1.169727,1.170001
2026-08-21T02:45:00Z,1.170138,1.170412,1.170001,1.170001
2026-08-21T03:00:00Z,1.170001,1.170138,1.169864,1.170138
2026-08-21T03:15:00Z,1.170138,1.170138,1.169864,1.169864
2026-08-21T03:30:00Z,1.169727,1.169864,1.169591,1.169591
2026-08-21T03:45:00Z,1.169727,1.169864,1.169591,1.169727
2026-08-21T04:00:00Z,1.169591,1.169864,1.169591,1.169727
2026-08-21T04:15:00Z,1.169727,1.169864,1.169591,1.169591
2026-08-21T04:30:00Z,1.169591,1.169727,1.169454,1.169454
2026-08-21T04:45:00Z,1.169591,1.169727,1.169454,1.169591
2026-08-21T05:00:00Z,1.169591,1.169591,1.169454,1.169591
2026-08-21T05:15:00Z,1.169727,1.169727,1.169454,1.169454
2026-08-21T05:30:00Z,1.169454,1.170001,1.169317,1.170001
2026-08-21T05:45:00Z,1.169864,1.170275,1.169864,1.170138
2026-08-21T06:00:00Z,1.170001,1.170001,1.169591,1.169591
2026-08-21T06:15:00Z,1.169864,1.169864,1.169317,1.169591
2026-08-21T06:30:00Z,1.169591,1.170001,1.169591,1.169727
2026-08-21T06:45:00Z,1.169591,1.170138,1.169591,1.170138
2026-08-21T07:00:00Z,1.170138,1.170275,1.169864,1.170001
2026-08-21T07:15:00Z,1.169864,1.170138,1.169591,1.169727
2026-08-21T07:30:00Z,1.169727,1.170001,1.169317,1.169317
2026-08-21T07:45:00Z,1.169317,1.169454,1.169044,1.169454
2026-08-21T08:00:00Z,1.169591,1.169864,1.169317,1.169727
2026-08-21T08:15:00Z,1.169727,1.170001,1.169591,1.169864
2026-08-21T08:30:00Z,1.169864,1.170823,1.169864,1.170823
2026-08-21T08:45:00Z,1.170686,1.170960,1.170549,1.170960
2026-08-21T09:00:00Z,1.170823,1.171372,1.170823,1.171372
2026-08-21T09:15:00Z,1.171509,1.171509,1.170686,1.170823
2026-08-21T09:30:00Z,1.170823,1.171097,1.170686,1.170823
2026-08-21T09:45:00Z,1.170823,1.170823,1.170412,1.170412
2026-08-21T10:00:00Z,1.170275,1.170823,1.170275,1.170549
2026-08-21T10:15:00Z,1.170686,1.171234,1.170686,1.171234
2026-08-21T10:30:00Z,1.171097,1.171372,1.171097,1.171097
2026-08-21T10:45:00Z,1.171097,1.171097,1.170549,1.170549
2026-08-21T11:00:00Z,1.170549,1.170823,1.170412,1.170823
2026-08-21T11:15:00Z,1.170823,1.171234,1.170823,1.171234
2026-08-21T11:30:00Z,1.170823,1.170823,1.170001,1.170275
2026-08-21T11:45:00Z,1.170275,1.170412,1.170001,1.170412
2026-08-21T12:00:00Z,1.170549,1.170686,1.170138,1.170138
2026-08-21T12:15:00Z,1.170001,1.170138,1.169864,1.169864
2026-08-21T12:30:00Z,1.169591,1.169591,1.168907,1.169317
2026-08-21T12:45:00Z,1.169317,1.169454,1.169044,1.169454
2026-08-21T13:00:00Z,1.169454,1.169454,1.168907,1.169044
2026-08-21T13:15:00Z,1.169180,1.169180,1.168497,1.168770
2026-08-21T13:30:00Z,1.168634,1.168634,1.168224,1.168634
2026-08-21T13:45:00Z,1.168497,1.168770,1.168361,1.168634
2026-08-21T14:00:00Z,1.168361,1.168497,1.168088,1.168224
2026-08-21T14:15:00Z,1.168361,1.168361,1.167679,1.167679
2026-08-21T14:30:00Z,1.167679,1.167679,1.167270,1.167542
2026-08-21T14:45:00Z,1.167542,1.167951,1.167406,1.167542
2026-08-21T15:00:00Z,1.167679,1.167951,1.167542,1.167679
2026-08-21T15:15:00Z,1.167815,1.168088,1.167679,1.167951
2026-08-21T15:30:00Z,1.168088,1.168361,1.167951,1.168361
2026-08-21T15:45:00Z,1.168497,1.168770,1.168224,1.168634
2026-08-21T16:00:00Z,1.168634,1.168770,1.168497,1.168634
2026-08-21T16:15:00Z,1.168497,1.168770,1.168361,1.168634
2026-08-21T16:30:00Z,1.168634,1.168770,1.168497,1.168634
2026-08-21T16:45:00Z,1.168634,1.168634,1.168497,1.168497
2026-08-21T17:00:00Z,1.168497,1.168497,1.168088,1.168224
2026-08-21T17:15:00Z,1.168224,1.168497,1.168224,1.168497
2026-08-21T17:30:00Z,1.168361,1.168634,1.168361,1.168361
2026-08-21T17:45:00Z,1.168361,1.168361,1.168224,1.168361
2026-08-21T18:00:00Z,1.168497,1.168634,1.168497,1.168497
2026-08-21T18:15:00Z,1.168497,1.168634,1.168361,1.168634
2026-08-21T18:30:00Z,1.168497,1.168634,1.168497,1.168634
2026-08-21T18:45:00Z,1.168634,1.168634,1.168361,1.168634
2026-08-21T19:00:00Z,1.168497,1.168634,1.168361,1.168361
2026-08-21T19:15:00Z,1.168361,1.168361,1.168224,1.168224
2026-08-21T19:30:00Z,1.168224,1.168361,1.168224,1.168224
2026-08-21T19:45:00Z,1.168361,1.168497,1.168088,1.168224
2026-08-21T20:00:00Z,1.168224,1.168224,1.168088,1.168224
2026-08-21T20:15:00Z,1.168088,1.168224,1.167951,1.167951
2026-08-21T20:30:00Z,1.167815,1.167951,1.167815,1.167951
2026-08-21T20:45:00Z,1.167951,1.168088,1.167815,1.167815
2026-08-21T21:00:00Z,1.167815,1.167815,1.167815,1.167815
2026-08-21T21:15:00Z,1.167815,1.167815,1.167815,1.167815
2026-08-23T23:00:00Z,1.167951,1.167951,1.167815,1.167951
2026-08-23T23:15:00Z,1.167951,1.167951,1.167815,1.167951
2026-08-23T23:30:00Z,1.167951,1.167951,1.167951,1.167951
2026-08-23T23:45:00Z,1.167951,1.168497,1.167951,1.168497
2026-08-24T00:00:00Z,1.168634,1.168907,1.168634,1.168907
2026-08-24T00:15:00Z,1.168907,1.169044,1.168770,1.168770
2026-08-24T00:30:00Z,1.168770,1.168770,1.168634,1.168634
2026-08-24T00:45:00Z,1.168770,1.168907,1.168634,1.168907
2026-08-24T01:00:00Z,1.168907,1.168907,1.168497,1.168497
2026-08-24T01:15:00Z,1.168497,1.168497,1.168088,1.168088
2026-08-24T01:30:00Z,1.168088,1.168224,1.168088,1.168224
2026-08-24T01:45:00Z,1.168224,1.168497,1.168224,1.168497
2026-08-24T02:00:00Z,1.168497,1.168770,1.168497,1.168770
2026-08-24T02:15:00Z,1.168770,1.168770,1.168634,1.168634
2026-08-24T02:30:00Z,1.168634,1.168634,1.168361,1.168361
2026-08-24T02:45:00Z,1.168497,1.168634,1.168361,1.168497
2026-08-24T03:00:00Z,1.168497,1.168497,1.168361,1.168361
2026-08-24T03:15:00Z,1.168497,1.168497,1.168361,1.168497
2026-08-24T03:30:00Z,1.168497,1.168497,1.168361,1.168361
2026-08-24T03:45:00Z,1.168361,1.168361,1.168224,1.168361
2026-08-24T04:00:00Z,1.168361,1.168361,1.167951,1.168088
2026-08-24T04:15:00Z,1.168088,1.168497,1.168088,1.168497
2026-08-24T04:30:00Z,1.168361,1.168497,1.168361,1.168361
2026-08-24T04:45:00Z,1.168361,1.168497,1.168361,1.168497
2026-08-24T05:00:00Z,1.168634,1.168634,1.168361,1.168361
2026-08-24T05:15:00Z,1.168361,1.168497,1.168224,1.168224
2026-08-24T05:30:00Z,1.168224,1.168361,1.167951,1.167951
2026-08-24T05:45:00Z,1.167951,1.168497,1.167951,1.168361
2026-08-24T06:00:00Z,1.168361,1.168361,1.168088,1.168088
2026-08-24T06:15:00Z,1.168224,1.168224,1.167815,1.167815
2026-08-24T06:30:00Z,1.167951,1.168224,1.167951,1.168088
2026-08-24T06:45:00Z,1.168088,1.168361,1.167951,1.168088
2026-08-24T07:00:00Z,1.168361,1.168361,1.167679,1.167679
2026-08-24T07:15:00Z,1.167679,1.167815,1.167406,1.167815
2026-08-24T07:30:00Z,1.167815,1.167951,1.166997,1.166997
2026-08-24T07:45:00Z,1.166861,1.167270,1.166861,1.167133
2026-08-24T08:00:00Z,1.167133,1.167133,1.166725,1.166725
2026-08-24T08:15:00Z,1.166725,1.166861,1.166453,1.166453
2026-08-24T08:30:00Z,1.166453,1.166997,1.166453,1.166997
2026-08-24T08:45:00Z,1.166861,1.166997,1.166725,1.166725
2026-08-24T09:00:00Z,1.166725,1.166997,1.166589,1.166589
2026-08-24T09:15:00Z,1.166725,1.166725,1.166453,1.166589
2026-08-24T09:30:00Z,1.166725,1.166725,1.166453,1.166589
2026-08-24T09:45:00Z,1.166589,1.166861,1.166589,1.166725
2026-08-24T10:00:00Z,1.166861,1.166997,1.166725,1.166861
2026-08-24T10:15:00Z,1.166861,1.166997,1.166861,1.166997
2026-08-24T10:30:00Z,1.166861,1.166861,1.166589,1.166589
2026-08-24T10:45:00Z,1.166725,1.166997,1.166589,1.166725
2026-08-24T11:00:00Z,1.166725,1.166861,1.166725,1.166861
2026-08-24T11:15:00Z,1.166725,1.167133,1.166725,1.167133
2026-08-24T11:30:00Z,1.167133,1.167406,1.166997,1.166997
2026-08-24T11:45:00Z,1.166861,1.167133,1.166861,1.166997
2026-08-24T12:00:00Z,1.166997,1.166997,1.166589,1.166861
2026-08-24T12:15:00Z,1.166861,1.167542,1.166861,1.167542
2026-08-24T12:30:00Z,1.167542,1.167542,1.167133,1.167133
2026-08-24T12:45:00Z,1.166997,1.167406,1.166997,1.167270
2026-08-24T13:00:00Z,1.167406,1.167679,1.167133,1.167679
2026-08-24T13:15:00Z,1.167679,1.167815,1.167406,1.167406
2026-08-24T13:30:00Z,1.167542,1.167542,1.167133,1.167133
2026-08-24T13:45:00Z,1.166997,1.167270,1.166725,1.166861
2026-08-24T14:00:00Z,1.166725,1.167133,1.166725,1.167133
2026-08-24T14:15:00Z,1.167133,1.167406,1.166861,1.167406
2026-08-24T14:30:00Z,1.167542,1.167542,1.166997,1.167133
2026-08-24T14:45:00Z,1.167133,1.167406,1.166725,1.166861
2026-08-24T15:00:00Z,1.166861,1.167270,1.166861,1.167133
2026-08-24T15:15:00Z,1.167133,1.167542,1.166997,1.167542
2026-08-24T15:30:00Z,1.167406,1.167406,1.167133,1.167133
2026-08-24T15:45:00Z,1.167133,1.167133,1.166861,1.166861
2026-08-24T16:00:00Z,1.166725,1.167270,1.166725,1.166997
2026-08-24T16:15:00Z,1.166997,1.167133,1.166861,1.166861
2026-08-24T16:30:00Z,1.166997,1.167133,1.166861,1.166861
2026-08-24T16:45:00Z,1.166997,1.166997,1.166725,1.166861
2026-08-24T17:00:00Z,1.166861,1.166997,1.166589,1.166589
2026-08-24T17:15:00Z,1.166589,1.166725,1.166045,1.166181
2026-08-24T17:30:00Z,1.166317,1.166317,1.166181,1.166181
2026-08-24T17:45:00Z,1.166045,1.166317,1.165909,1.166317
2026-08-24T18:00:00Z,1.166317,1.166317,1.166045,1.166317
2026-08-24T18:15:00Z,1.166317,1.166861,1.166317,1.166861
2026-08-24T18:30:00Z,1.166861,1.166861,1.166453,1.166589
2026-08-24T18:45:00Z,1.166589,1.166861,1.166453,1.166861
2026-08-24T19:00:00Z,1.166589,1.166725,1.166453,1.166589
2026-08-24T19:15:00Z,1.166589,1.166589,1.166317,1.166317
2026-08-24T19:30:00Z,1.166317,1.166453,1.166317,1.166453
2026-08-24T19:45:00Z,1.166589,1.166589,1.166453,1.166453
2026-08-24T20:00:00Z,1.166453,1.166725,1.166453,1.166725
2026-08-24T20:15:00Z,1.166589,1.166725,1.166589,1.166725
2026-08-24T20:30:00Z,1.166725,1.166725,1.166589,1.166589
2026-08-24T20:45:00Z,1.166725,1.166725,1.166725,1.166725
2026-08-24T21:00:00Z,1.166453,1.166861,1.166317,1.166589
2026-08-24T21:15:00Z,1.166861,1.166997,1.166589,1.166861
2026-08-24T21:30:00Z,1.166861,1.166861,1.166589,1.166861
2026-08-24T21:45:00Z,1.166861,1.166997,1.166725,1.166725
2026-08-24T22:00:00Z,1.166725,1.166861,1.166725,1.166861
2026-08-24T22:15:00Z,1.166861,1.166861,1.166725,1.166725
2026-08-24T22:30:00Z,1.166725,1.166861,1.166725,1.166725
2026-08-24T22:45:00Z,1.166861,1.166861,1.166725,1.166861
2026-08-24T23:00:00Z,1.166861,1.166861,1.166861,1.166861
2026-08-24T23:15:00Z,1.166861,1.166861,1.166725,1.166861
2026-08-24T23:30:00Z,1.166861,1.166861,1.166725,1.166725
2026-08-24T23:45:00Z,1.166861,1.167133,1.166861,1.167133
2026-08-25T00:00:00Z,1.167270,1.167406,1.167133,1.167406
2026-08-25T00:15:00Z,1.167270,1.167270,1.167133,1.167270
2026-08-25T00:30:00Z,1.167270,1.167406,1.167133,1.167270
2026-08-25T00:45:00Z,1.167270,1.167270,1.167133,1.167270
2026-08-25T01:00:00Z,1.166997,1.167133,1.166997,1.166997
2026-08-25T01:15:00Z,1.166997,1.166997,1.166725,1.166997
2026-08-25T01:30:00Z,1.166997,1.166997,1.166725,1.166861
2026-08-25T01:45:00Z,1.166861,1.166861,1.166589,1.166589
2026-08-25T02:00:00Z,1.166589,1.166725,1.166453,1.166589
2026-08-25T02:15:00Z,1.166725,1.166725,1.166589,1.166725
2026-08-25T02:30:00Z,1.166725,1.166725,1.166589,1.166589
2026-08-25T02:45:00Z,1.166589,1.166725,1.166317,1.166317
2026-08-25T03:00:00Z,1.166453,1.166589,1.166453,1.166453
2026-08-25T03:15:00Z,1.166453,1.166453,1.166181,1.166317
2026-08-25T03:30:00Z,1.166181,1.166453,1.166181,1.166317
2026-08-25T03:45:00Z,1.166317,1.166453,1.166317,1.166453
2026-08-25T04:00:00Z,1.166453,1.166453,1.166045,1.166181
2026-08-25T04:15:00Z,1.166045,1.166045,1.165909,1.165909
2026-08-25T04:30:00Z,1.165909,1.166045,1.165909,1.166045
2026-08-25T04:45:00Z,1.166045,1.166045,1.165909,1.165909
2026-08-25T05:00:00Z,1.165909,1.166045,1.165773,1.165909
2026-08-25T05:15:00Z,1.165909,1.166045,1.165773,1.166045
2026-08-25T05:30:00Z,1.166045,1.166045,1.165773,1.165773
2026-08-25T05:45:00Z,1.165773,1.165909,1.165637,1.165637
2026-08-25T06:00:00Z,1.165637,1.166045,1.165637,1.166045
2026-08-25T06:15:00Z,1.166045,1.166181,1.165909,1.166181
2026-08-25T06:30:00Z,1.166045,1.166181,1.165773,1.165773
2026-08-25T06:45:00Z,1.165637,1.165773,1.165501,1.165637
2026-08-25T07:00:00Z,1.165637,1.166181,1.165637,1.166181
2026-08-25T07:15:00Z,1.166317,1.166589,1.166181,1.166181
2026-08-25T07:30:00Z,1.166181,1.166181,1.166045,1.166181
2026-08-25T07:45:00Z,1.166181,1.166317,1.166045,1.166181
2026-08-25T08:00:00Z,1.166317,1.166453,1.166181,1.166181
2026-08-25T08:15:00Z,1.166317,1.166725,1.166181,1.166589
2026-08-25T08:30:00Z,1.166589,1.166861,1.166453,1.166861
2026-08-25T08:45:00Z,1.166997,1.167133,1.166725,1.167133
2026-08-25T09:00:00Z,1.167133,1.167679,1.167133,1.167542
2026-08-25T09:15:00Z,1.167542,1.167542,1.166997,1.166997
2026-08-25T09:30:00Z,1.166997,1.167542,1.166997,1.167133
2026-08-25T09:45:00Z,1.167270,1.167542,1.167133,1.167270
2026-08-25T10:00:00Z,1.167133,1.167133,1.166861,1.166861
2026-08-25T10:15:00Z,1.166725,1.166861,1.166317,1.166317
2026-08-25T10:30:00Z,1.166317,1.166861,1.166317,1.166589
2026-08-25T10:45:00Z,1.166589,1.166589,1.166317,1.166589
2026-08-25T11:00:00Z,1.166589,1.166725,1.166453,1.166453
2026-08-25T11:15:00Z,1.166317,1.166453,1.166181,1.166453
2026-08-25T11:30:00Z,1.166589,1.166589,1.166317,1.166317
2026-08-25T11:45:00Z,1.166453,1.166725,1.166317,1.166317
2026-08-25T12:00:00Z,1.166453,1.166725,1.166453,1.166725
2026-08-25T12:15:00Z,1.166589,1.166725,1.166453,1.166725
2026-08-25T12:30:00Z,1.166725,1.166725,1.166453,1.166725
2026-08-25T12:45:00Z,1.166861,1.166997,1.166725,1.166997
2026-08-25T13:00:00Z,1.166997,1.167815,1.166725,1.167542
2026-08-25T13:15:00Z,1.167542,1.167542,1.167270,1.167542
2026-08-25T13:30:00Z,1.167406,1.167679,1.167270,1.167406
2026-08-25T13:45:00Z,1.167270,1.167679,1.167270,1.167679
2026-08-25T14:00:00Z,1.167542,1.167679,1.167270,1.167542
2026-08-25T14:15:00Z,1.167542,1.167542,1.167270,1.167406
2026-08-25T14:30:00Z,1.167270,1.167542,1.167133,1.167270
2026-08-25T14:45:00Z,1.167406,1.167815,1.166997,1.167270
2026-08-25T15:00:00Z,1.167270,1.167406,1.167133,1.167270
2026-08-25T15:15:00Z,1.167270,1.167542,1.167270,1.167406
2026-08-25T15:30:00Z,1.167406,1.167815,1.167406,1.167406
2026-08-25T15:45:00Z,1.167679,1.167815,1.167542,1.167679
2026-08-25T16:00:00Z,1.167679,1.167679,1.167406,1.167406
2026-08-25T16:15:00Z,1.167406,1.167406,1.167133,1.167270
2026-08-25T16:30:00Z,1.167406,1.167542,1.167270,1.167406
2026-08-25T16:45:00Z,1.167406,1.167542,1.167270,1.167406
2026-08-25T17:00:00Z,1.167406,1.167542,1.167270,1.167406
2026-08-25T17:15:00Z,1.167406,1.167542,1.167406,1.167406
2026-08-25T17:30:00Z,1.167406,1.167679,1.167270,1.167542
2026-08-25T17:45:00Z,1.167542,1.167815,1.167542,1.167815
2026-08-25T18:00:00Z,1.167679,1.167815,1.167542,1.167815
2026-08-25T18:15:00Z,1.167815,1.167815,1.167679,1.167815
2026-08-25T18:30:00Z,1.167815,1.167815,1.167679,1.167679
2026-08-25T18:45:00Z,1.167679,1.167815,1.167679,1.167679
2026-08-25T19:00:00Z,1.167815,1.168088,1.167815,1.167951
2026-08-25T19:15:00Z,1.168088,1.168224,1.167815,1.167815
2026-08-25T19:30:00Z,1.167679,1.167679,1.167270,1.167406
2026-08-25T19:45:00Z,1.167406,1.168088,1.167406,1.167951
2026-08-25T20:00:00Z,1.167951,1.168224,1.167951,1.168088
2026-08-25T20:15:00Z,1.168224,1.168224,1.167951,1.167951
2026-08-25T20:30:00Z,1.168088,1.168088,1.167815,1.167815
2026-08-25T20:45:00Z,1.167815,1.167951,1.167679,1.167679
2026-08-25T21:00:00Z,1.168907,1.169044,1.167679,1.167679
2026-08-25T21:15:00Z,1.167815,1.167815,1.167542,1.167679
2026-08-25T21:30:00Z,1.167815,1.168224,1.167679,1.167951
2026-08-25T21:45:00Z,1.168088,1.168088,1.167406,1.167679
2026-08-25T22:00:00Z,1.167679,1.167951,1.167679,1.167815
2026-08-25T22:15:00Z,1.167815,1.167951,1.167815,1.167815
2026-08-25T22:30:00Z,1.167815,1.167951,1.167815,1.167951
2026-08-25T22:45:00Z,1.168088,1.168088,1.167951,1.168088
2026-08-25T23:00:00Z,1.168088,1.168088,1.167951,1.167951
2026-08-25T23:15:00Z,1.167951,1.167951,1.167815,1.167815
2026-08-25T23:30:00Z,1.167815,1.167815,1.167679,1.167679
2026-08-25T23:45:00Z,1.167679,1.167815,1.167679,1.167815
2026-08-26T00:00:00Z,1.167815,1.167815,1.167679,1.167815
2026-08-26T00:15:00Z,1.167815,1.167951,1.167679,1.167679
2026-08-26T00:30:00Z,1.167679,1.167815,1.167542,1.167679
2026-08-26T00:45:00Z,1.167679,1.167815,1.167679,1.167679
2026-08-26T01:00:00Z,1.167679,1.167679,1.167406,1.167406
2026-08-26T01:15:00Z,1.167542,1.167542,1.167406,1.167406
2026-08-26T01:30:00Z,1.167542,1.167542,1.167270,1.167270
2026-08-26T01:45:00Z,1.167270,1.167542,1.167270,1.167406
2026-08-26T02:00:00Z,1.167406,1.167542,1.167406,1.167542
2026-08-26T02:15:00Z,1.167542,1.167542,1.167270,1.167270
2026-08-26T02:30:00Z,1.167270,1.167406,1.167133,1.167406
2026-08-26T02:45:00Z,1.167406,1.167406,1.166997,1.167133
2026-08-26T03:00:00Z,1.167133,1.167133,1.166997,1.166997
2026-08-26T03:15:00Z,1.166997,1.167133,1.166861,1.166997
2026-08-26T03:30:00Z,1.166997,1.166997,1.166725,1.166997
2026-08-26T03:45:00Z,1.166997,1.166997,1.166725,1.166725
2026-08-26T04:00:00Z,1.166861,1.166861,1.166725,1.166861
2026-08-26T04:15:00Z,1.166725,1.166725,1.166589,1.166725
2026-08-26T04:30:00Z,1.166725,1.166861,1.166589,1.166589
2026-08-26T04:45:00Z,1.166589,1.166589,1.166453,1.166589
2026-08-26T05:00:00Z,1.166589,1.166589,1.166453,1.166453
2026-08-26T05:15:00Z,1.166453,1.166861,1.166453,1.166861
2026-08-26T05:30:00Z,1.166725,1.166997,1.166725,1.166997
2026-08-26T05:45:00Z,1.166861,1.166997,1.166725,1.166861
2026-08-26T06:00:00Z,1.166861,1.166861,1.166589,1.166589
2026-08-26T06:15:00Z,1.166589,1.166861,1.166589,1.166589
2026-08-26T06:30:00Z,1.166453,1.166725,1.166453,1.166725
2026-08-26T06:45:00Z,1.166725,1.166997,1.166725,1.166997
2026-08-26T07:00:00Z,1.167133,1.167406,1.167133,1.167133
2026-08-26T07:15:00Z,1.167270,1.167406,1.167270,1.167270
2026-08-26T07:30:00Z,1.167270,1.167542,1.167270,1.167406
2026-08-26T07:45:00Z,1.167406,1.167406,1.167133,1.167406
2026-08-26T08:00:00Z,1.167406,1.167815,1.167406,1.167815
2026-08-26T08:15:00Z,1.167815,1.168088,1.167815,1.168088
2026-08-26T08:30:00Z,1.168088,1.168088,1.167542,1.167679
2026-08-26T08:45:00Z,1.167679,1.167815,1.167406,1.167406
2026-08-26T09:00:00Z,1.167406,1.167406,1.166997,1.167133
2026-08-26T09:15:00Z,1.166997,1.167133,1.166725,1.166725
2026-08-26T09:30:00Z,1.166861,1.166997,1.166861,1.166861
2026-08-26T09:45:00Z,1.166997,1.167270,1.166861,1.166997
2026-08-26T10:00:00Z,1.166997,1.166997,1.166861,1.166861
2026-08-26T10:15:00Z,1.166861,1.166861,1.166589,1.166589
2026-08-26T10:30:00Z,1.166725,1.166861,1.166725,1.166725
2026-08-26T10:45:00Z,1.166861,1.166861,1.166453,1.166589
2026-08-26T11:00:00Z,1.166589,1.166861,1.166589,1.166861
2026-08-26T11:15:00Z,1.166861,1.166861,1.166453,1.166589
2026-08-26T11:30:00Z,1.166589,1.166861,1.166589,1.166861
2026-08-26T11:45:00Z,1.166861,1.167270,1.166861,1.167270
2026-08-26T12:00:00Z,1.167270,1.167542,1.167133,1.167542
2026-08-26T12:15:00Z,1.167679,1.167815,1.167406,1.167542
2026-08-26T12:30:00Z,1.167679,1.167679,1.166725,1.166861
2026-08-26T12:45:00Z,1.166725,1.166861,1.166181,1.166181
2026-08-26T13:00:00Z,1.165909,1.165909,1.165637,1.165909
2026-08-26T13:15:00Z,1.166045,1.166045,1.165773,1.166045
2026-08-26T13:30:00Z,1.166181,1.166181,1.165773,1.165909
2026-08-26T13:45:00Z,1.165909,1.166045,1.165637,1.165637
2026-08-26T14:00:00Z,1.165637,1.165637,1.165230,1.165365
2026-08-26T14:15:00Z,1.165365,1.165365,1.164687,1.164822
2026-08-26T14:30:00Z,1.164551,1.165365,1.164551,1.165230
2026-08-26T14:45:00Z,1.165230,1.165230,1.164822,1.164958
2026-08-26T15:00:00Z,1.164822,1.165501,1.164822,1.165501
2026-08-26T15:15:00Z,1.165365,1.165501,1.165365,1.165501
2026-08-26T15:30:00Z,1.165501,1.165773,1.165501,1.165637
2026-08-26T15:45:00Z,1.165637,1.165773,1.165230,1.165365
2026-08-26T16:00:00Z,1.165501,1.165637,1.165365,1.165637
2026-08-26T16:15:00Z,1.165637,1.165773,1.165501,1.165637
2026-08-26T16:30:00Z,1.165637,1.165637,1.165230,1.165365
2026-08-26T16:45:00Z,1.165365,1.165637,1.165230,1.165365
2026-08-26T17:00:00Z,1.165365,1.165501,1.165230,1.165365
2026-08-26T17:15:00Z,1.165365,1.165637,1.165365,1.165637
2026-08-26T17:30:00Z,1.165637,1.165773,1.165637,1.165637
2026-08-26T17:45:00Z,1.165637,1.165637,1.165365,1.165637
2026-08-26T18:00:00Z,1.165501,1.165773,1.165501,1.165773
2026-08-26T18:15:00Z,1.165637,1.165773,1.165501,1.165501
2026-08-26T18:30:00Z,1.165501,1.165637,1.165365,1.165501
2026-08-26T18:45:00Z,1.165501,1.165637,1.165365,1.165501
2026-08-26T19:00:00Z,1.165501,1.165637,1.165365,1.165501
2026-08-26T19:15:00Z,1.165637,1.165637,1.165501,1.165501
2026-08-26T19:30:00Z,1.165637,1.165637,1.165501,1.165501
2026-08-26T19:45:00Z,1.165501,1.165637,1.165365,1.165637
2026-08-26T20:00:00Z,1.165637,1.165637,1.165501,1.165637
2026-08-26T20:15:00Z,1.165501,1.165637,1.165501,1.165637
2026-08-26T20:30:00Z,1.165637,1.165773,1.165637,1.165773
2026-08-26T20:45:00Z,1.165773,1.165773,1.165637,1.165637
2026-08-26T21:00:00Z,1.165365,1.165637,1.165230,1.165365
2026-08-26T21:15:00Z,1.165365,1.165637,1.165365,1.165637
2026-08-26T21:30:00Z,1.165501,1.165909,1.165501,1.165773
2026-08-26T21:45:00Z,1.165637,1.165773,1.165501,1.165773
2026-08-26T22:00:00Z,1.166045,1.166045,1.165773,1.165773
2026-08-26T22:15:00Z,1.165909,1.165909,1.165773,1.165909
2026-08-26T22:30:00Z,1.165909,1.165909,1.165773,1.165909
2026-08-26T22:45:00Z,1.165909,1.165909,1.165773,1.165773
2026-08-26T23:00:00Z,1.165909,1.165909,1.165773,1.165909
2026-08-26T23:15:00Z,1.165909,1.166045,1.165909,1.165909
2026-08-26T23:30:00Z,1.165909,1.166045,1.165909,1.166045
2026-08-26T23:45:00Z,1.166045,1.166045,1.165773,1.165909
2026-08-27T00:00:00Z,1.165909,1.166045,1.165909,1.165909
2026-08-27T00:15:00Z,1.165909,1.166181,1.165909,1.166181
2026-08-27T00:30:00Z,1.166181,1.166181,1.165909,1.165909
2026-08-27T00:45:00Z,1.165909,1.166181,1.165773,1.166045
2026-08-27T01:00:00Z,1.166045,1.166181,1.166045,1.166045
2026-08-27T01:15:00Z,1.166181,1.166317,1.166045,1.166181
2026-08-27T01:30:00Z,1.166181,1.166317,1.166045,1.166045
2026-08-27T01:45:00Z,1.166045,1.166181,1.166045,1.166181
2026-08-27T02:00:00Z,1.166181,1.166317,1.166181,1.166181
2026-08-27T02:15:00Z,1.166181,1.166181,1.165909,1.165909
2026-08-27T02:30:00Z,1.165909,1.166045,1.165909,1.165909
2026-08-27T02:45:00Z,1.165909,1.166045,1.165909,1.165909
2026-08-27T03:00:00Z,1.165909,1.166045,1.165909,1.166045
2026-08-27T03:15:00Z,1.166045,1.166045,1.165773,1.165773
2026-08-27T03:30:00Z,1.165909,1.165909,1.165773,1.165773
2026-08-27T03:45:00Z,1.165773,1.165909,1.165773,1.165773
2026-08-27T04:00:00Z,1.165773,1.166045,1.165773,1.165909
2026-08-27T04:15:00Z,1.165909,1.166045,1.165773,1.165909
2026-08-27T04:30:00Z,1.165909,1.165909,1.165909,1.165909
2026-08-27T04:45:00Z,1.165909,1.165909,1.165773,1.165909
2026-08-27T05:00:00Z,1.165909,1.166045,1.165909,1.166045
2026-08-27T05:15:00Z,1.166045,1.166045,1.165773,1.166045
2026-08-27T05:30:00Z,1.166181,1.166181,1.165909,1.166045
2026-08-27T05:45:00Z,1.166045,1.166045,1.165637,1.165773
2026-08-27T06:00:00Z,1.165773,1.165909,1.165637,1.165909
2026-08-27T06:15:00Z,1.165773,1.166045,1.165773,1.165909
2026-08-27T06:30:00Z,1.165909,1.165909,1.165773,1.165909
2026-08-27T06:45:00Z,1.165773,1.165773,1.165637,1.165773
2026-08-27T07:00:00Z,1.165773,1.166045,1.165773,1.166045
2026-08-27T07:15:00Z,1.165909,1.165909,1.165637,1.165637
2026-08-27T07:30:00Z,1.165637,1.165773,1.165637,1.165773
2026-08-27T07:45:00Z,1.165909,1.165909,1.165637,1.165909
2026-08-27T08:00:00Z,1.165909,1.166181,1.165909,1.165909
2026-08-27T08:15:00Z,1.165909,1.166045,1.165501,1.165501
2026-08-27T08:30:00Z,1.165501,1.165637,1.165230,1.165637
2026-08-27T08:45:00Z,1.165501,1.165501,1.165230,1.165230
2026-08-27T09:00:00Z,1.165230,1.165230,1.164687,1.165094
2026-08-27T09:15:00Z,1.165094,1.165094,1.164822,1.164958
2026-08-27T09:30:00Z,1.165094,1.165094,1.164551,1.164687
2026-08-27T09:45:00Z,1.164551,1.164958,1.164551,1.164551
2026-08-27T10:00:00Z,1.164415,1.164687,1.164415,1.164687
2026-08-27T10:15:00Z,1.164822,1.165094,1.164687,1.164958
2026-08-27T10:30:00Z,1.164958,1.164958,1.164280,1.164551
2026-08-27T10:45:00Z,1.164551,1.164551,1.164415,1.164415
2026-08-27T11:00:00Z,1.164415,1.164415,1.164280,1.164280
2026-08-27T11:15:00Z,1.164415,1.164551,1.164280,1.164415
2026-08-27T11:30:00Z,1.164551,1.164551,1.164280,1.164415
2026-08-27T11:45:00Z,1.164415,1.164687,1.164144,1.164551
2026-08-27T12:00:00Z,1.164551,1.164958,1.164551,1.164551
2026-08-27T12:15:00Z,1.164551,1.164958,1.164551,1.164687
2026-08-27T12:30:00Z,1.164822,1.164822,1.164415,1.164687
2026-08-27T12:45:00Z,1.164687,1.164687,1.164415,1.164415
2026-08-27T13:00:00Z,1.164415,1.165230,1.164415,1.165094
2026-08-27T13:15:00Z,1.165230,1.166317,1.165230,1.166181
2026-08-27T13:30:00Z,1.166181,1.166181,1.165637,1.165637
2026-08-27T13:45:00Z,1.165637,1.165909,1.165501,1.165773
2026-08-27T14:00:00Z,1.165773,1.166045,1.165501,1.165501
2026-08-27T14:15:00Z,1.165501,1.165637,1.165230,1.165365
2026-08-27T14:30:00Z,1.165365,1.165909,1.165365,1.165637
2026-08-27T14:45:00Z,1.165637,1.165773,1.164958,1.164958
2026-08-27T15:00:00Z,1.164958,1.165637,1.164958,1.165637
2026-08-27T15:15:00Z,1.165501,1.165637,1.165365,1.165501
2026-08-27T15:30:00Z,1.165501,1.165637,1.165501,1.165501
2026-08-27T15:45:00Z,1.165365,1.165773,1.165365,1.165637
2026-08-27T16:00:00Z,1.165773,1.165773,1.165365,1.165501
2026-08-27T16:15:00Z,1.165501,1.165773,1.165365,1.165637
2026-08-27T16:30:00Z,1.165637,1.165909,1.165637,1.165773
2026-08-27T16:45:00Z,1.165773,1.165773,1.165501,1.165637
2026-08-27T17:00:00Z,1.165637,1.165773,1.165501,1.165501
2026-08-27T17:15:00Z,1.165501,1.165501,1.165365,1.165501
2026-08-27T17:30:00Z,1.165501,1.165501,1.165365,1.165365
2026-08-27T17:45:00Z,1.165365,1.165365,1.165094,1.165230
2026-08-27T18:00:00Z,1.165230,1.165230,1.165094,1.165230
2026-08-27T18:15:00Z,1.165230,1.165230,1.165094,1.165094
2026-08-27T18:30:00Z,1.165094,1.165230,1.165094,1.165094
2026-08-27T18:45:00Z,1.165230,1.165365,1.165230,1.165230
2026-08-27T19:00:00Z,1.165365,1.165501,1.165230,1.165365
2026-08-27T19:15:00Z,1.165365,1.165365,1.165230,1.165230
2026-08-27T19:30:00Z,1.165230,1.165501,1.165230,1.165365
2026-08-27T19:45:00Z,1.165365,1.165365,1.165230,1.165365
2026-08-27T20:00:00Z,1.165365,1.165637,1.165365,1.165501
2026-08-27T20:15:00Z,1.165501,1.165637,1.165365,1.165365
2026-08-27T20:30:00Z,1.165365,1.165637,1.165365,1.165501
2026-08-27T20:45:00Z,1.165501,1.165637,1.165501,1.165637
2026-08-27T21:00:00Z,1.165637,1.165637,1.164958,1.165501
2026-08-27T21:15:00Z,1.165637,1.165773,1.165365,1.165637
2026-08-27T21:30:00Z,1.165909,1.165909,1.165637,1.165773
2026-08-27T21:45:00Z,1.165637,1.166045,1.165501,1.165773
2026-08-27T22:00:00Z,1.165773,1.165773,1.165637,1.165773
2026-08-27T22:15:00Z,1.165773,1.165909,1.165637,1.165637
2026-08-27T22:30:00Z,1.165637,1.165773,1.165637,1.165637
2026-08-27T22:45:00Z,1.165637,1.165773,1.165637,1.165773
2026-08-27T23:00:00Z,1.165773,1.165773,1.165637,1.165773
2026-08-27T23:15:00Z,1.165773,1.165773,1.165637,1.165773
2026-08-27T23:30:00Z,1.165637,1.165773,1.165637,1.165773
2026-08-27T23:45:00Z,1.165773,1.165773,1.165773,1.165773
2026-08-28T00:00:00Z,1.165773,1.165773,1.165637,1.165637
2026-08-28T00:15:00Z,1.165637,1.165637,1.165501,1.165637
2026-08-28T00:30:00Z,1.165637,1.165773,1.165501,1.165637
2026-08-28T00:45:00Z,1.165637,1.165773,1.165637,1.165773
2026-08-28T01:00:00Z,1.165637,1.165773,1.165637,1.165773
2026-08-28T01:15:00Z,1.165773,1.165773,1.165637,1.165773
2026-08-28T01:30:00Z,1.165637,1.165909,1.165637,1.165909
2026-08-28T01:45:00Z,1.165773,1.165773,1.165365,1.165365
2026-08-28T02:00:00Z,1.165365,1.165365,1.165230,1.165230
2026-08-28T02:15:00Z,1.165094,1.165365,1.165094,1.165230
2026-08-28T02:30:00Z,1.165094,1.165230,1.165094,1.165230
2026-08-28T02:45:00Z,1.165094,1.165501,1.165094,1.165501
2026-08-28T03:00:00Z,1.165501,1.165501,1.165365,1.165365
2026-08-28T03:15:00Z,1.165501,1.165501,1.165365,1.165501
2026-08-28T03:30:00Z,1.165501,1.165501,1.165230,1.165230
2026-08-28T03:45:00Z,1.165230,1.165230,1.164958,1.164958
2026-08-28T04:00:00Z,1.165094,1.165094,1.164958,1.164958
2026-08-28T04:15:00Z,1.164958,1.165094,1.164958,1.164958
2026-08-28T04:30:00Z,1.164958,1.164958,1.164958,1.164958
2026-08-28T04:45:00Z,1.164958,1.164958,1.164958,1.164958
2026-08-28T05:00:00Z,1.164958,1.164958,1.164822,1.164822
2026-08-28T05:15:00Z,1.164822,1.164822,1.164822,1.164822
2026-08-28T05:30:00Z,1.164822,1.164822,1.164687,1.164687
2026-08-28T05:45:00Z,1.164687,1.164958,1.164687,1.164958
2026-08-28T06:00:00Z,1.164822,1.165094,1.164822,1.164822
2026-08-28T06:15:00Z,1.164822,1.165094,1.164687,1.165094
2026-08-28T06:30:00Z,1.165094,1.165230,1.164822,1.165094
2026-08-28T06:45:00Z,1.165230,1.165230,1.164958,1.165230
2026-08-28T07:00:00Z,1.165230,1.165230,1.164822,1.164958
2026-08-28T07:15:00Z,1.164958,1.164958,1.164551,1.164687
2026-08-28T07:30:00Z,1.164551,1.164958,1.164551,1.164958
2026-08-28T07:45:00Z,1.164822,1.165230,1.164687,1.165094
2026-08-28T08:00:00Z,1.164958,1.165230,1.164958,1.165094
2026-08-28T08:15:00Z,1.164958,1.165094,1.164822,1.164822
2026-08-28T08:30:00Z,1.164822,1.165094,1.164822,1.164822
2026-08-28T08:45:00Z,1.164687,1.164822,1.164687,1.164822
2026-08-28T09:00:00Z,1.164822,1.164822,1.164551,1.164687
2026-08-28T09:15:00Z,1.164687,1.164687,1.164551,1.164551
2026-08-28T09:30:00Z,1.164687,1.164822,1.164415,1.164551
2026-08-28T09:45:00Z,1.164551,1.164687,1.164415,1.164415
2026-08-28T10:00:00Z,1.164415,1.164551,1.164280,1.164415
2026-08-28T10:15:00Z,1.164415,1.164687,1.164415,1.164687
2026-08-28T10:30:00Z,1.164822,1.165094,1.164822,1.164958
2026-08-28T10:45:00Z,1.164958,1.165365,1.164958,1.165365
2026-08-28T11:00:00Z,1.165365,1.165365,1.165094,1.165094
2026-08-28T11:15:00Z,1.165094,1.165230,1.164958,1.164958
2026-08-28T11:30:00Z,1.165094,1.165230,1.164958,1.165094
2026-08-28T11:45:00Z,1.165094,1.165230,1.164822,1.164822
2026-08-28T12:00:00Z,1.164958,1.164958,1.164687,1.164822
2026-08-28T12:15:00Z,1.164687,1.164822,1.164687,1.164687
2026-08-28T12:30:00Z,1.164551,1.164551,1.164415,1.164415
2026-08-28T12:45:00Z,1.164551,1.165365,1.164551,1.165365
2026-08-28T13:00:00Z,1.165230,1.165365,1.164822,1.164822
2026-08-28T13:15:00Z,1.164822,1.164958,1.164551,1.164687
2026-08-28T13:30:00Z,1.164822,1.164822,1.164551,1.164551
2026-08-28T13:45:00Z,1.164551,1.164958,1.164551,1.164958
2026-08-28T14:00:00Z,1.164280,1.165094,1.161575,1.161575
2026-08-28T14:15:00Z,1.161575,1.161710,1.159958,1.159958
2026-08-28T14:30:00Z,1.160631,1.161440,1.160631,1.161036
2026-08-28T14:45:00Z,1.161170,1.162520,1.160631,1.162520
2026-08-28T15:00:00Z,1.162250,1.162250,1.161036,1.161170
2026-08-28T15:15:00Z,1.161170,1.161305,1.160766,1.160766
2026-08-28T15:30:00Z,1.160901,1.160901,1.160093,1.160362
2026-08-28T15:45:00Z,1.160362,1.160631,1.160227,1.160227
2026-08-28T16:00:00Z,1.160093,1.160093,1.159420,1.159420
2026-08-28T16:15:00Z,1.159420,1.159420,1.158883,1.159017
2026-08-28T16:30:00Z,1.159017,1.159420,1.159017,1.159017
2026-08-28T16:45:00Z,1.158883,1.159286,1.158883,1.159017
2026-08-28T17:00:00Z,1.159017,1.159286,1.158749,1.159017
2026-08-28T17:15:00Z,1.159152,1.159152,1.158883,1.159017
2026-08-28T17:30:00Z,1.159017,1.159017,1.158346,1.158346
2026-08-28T17:45:00Z,1.158346,1.158480,1.158212,1.158480
2026-08-28T18:00:00Z,1.158480,1.158480,1.158212,1.158480
2026-08-28T18:15:00Z,1.158480,1.158749,1.158346,1.158749
2026-08-28T18:30:00Z,1.158614,1.158614,1.158212,1.158346
2026-08-28T18:45:00Z,1.158346,1.158346,1.158212,1.158346
2026-08-28T19:00:00Z,1.158480,1.158749,1.158480,1.158614
2026-08-28T19:15:00Z,1.158614,1.159017,1.158480,1.159017
2026-08-28T19:30:00Z,1.159017,1.159152,1.158883,1.159152
2026-08-28T19:45:00Z,1.159017,1.159152,1.159017,1.159017
2026-08-28T20:00:00Z,1.159017,1.159017,1.158749,1.158883
2026-08-28T20:15:00Z,1.158883,1.158883,1.158749,1.158749
2026-08-28T20:30:00Z,1.158883,1.158883,1.158346,1.158480
2026-08-28T20:45:00Z,1.158480,1.158749,1.158480,1.158614
2026-08-28T21:00:00Z,1.158614,1.158749,1.158614,1.158749
2026-08-28T21:15:00Z,1.158749,1.158749,1.158749,1.158749
2026-08-30T23:00:00Z,1.158883,1.158883,1.158749,1.158883
2026-08-30T23:15:00Z,1.158749,1.159017,1.158749,1.158883
2026-08-30T23:30:00Z,1.158883,1.159152,1.158883,1.159152
2026-08-30T23:45:00Z,1.159017,1.159286,1.159017,1.159286
2026-08-31T00:00:00Z,1.159286,1.159689,1.159286,1.159555
2026-08-31T00:15:00Z,1.159555,1.159555,1.159017,1.159017
2026-08-31T00:30:00Z,1.159017,1.159555,1.159017,1.159420
2026-08-31T00:45:00Z,1.159420,1.159689,1.159420,1.159555
2026-08-31T01:00:00Z,1.159420,1.159555,1.159152,1.159152
2026-08-31T01:15:00Z,1.159152,1.159420,1.159017,1.159286
2026-08-31T01:30:00Z,1.159420,1.159824,1.159420,1.159689
2026-08-31T01:45:00Z,1.159689,1.159689,1.159420,1.159420
2026-08-31T02:00:00Z,1.159420,1.159555,1.159420,1.159555
2026-08-31T02:15:00Z,1.159555,1.159689,1.159286,1.159555
2026-08-31T02:30:00Z,1.159555,1.159555,1.159152,1.159286
2026-08-31T02:45:00Z,1.159286,1.159555,1.159286,1.159555
2026-08-31T03:00:00Z,1.159555,1.159555,1.159555,1.159555
2026-08-31T03:15:00Z,1.159555,1.159689,1.159555,1.159555
2026-08-31T03:30:00Z,1.159555,1.159555,1.159286,1.159420
2026-08-31T03:45:00Z,1.159420,1.159555,1.159286,1.159555
2026-08-31T04:00:00Z,1.159555,1.159555,1.159555,1.159555
2026-08-31T04:15:00Z,1.159555,1.159555,1.159286,1.159286
2026-08-31T04:30:00Z,1.159286,1.159420,1.159286,1.159420
2026-08-31T04:45:00Z,1.159420,1.159420,1.159420,1.159420
2026-08-31T05:00:00Z,1.159286,1.159420,1.159286,1.159420
2026-08-31T05:15:00Z,1.159420,1.159420,1.159152,1.159420
2026-08-31T05:30:00Z,1.159420,1.159420,1.159152,1.159286
2026-08-31T05:45:00Z,1.159420,1.159420,1.159152,1.159420
2026-08-31T06:00:00Z,1.159286,1.159286,1.159017,1.159286
2026-08-31T06:15:00Z,1.159286,1.159420,1.159017,1.159017
2026-08-31T06:30:00Z,1.159017,1.159420,1.159017,1.159152
2026-08-31T06:45:00Z,1.159152,1.159286,1.158749,1.159286
2026-08-31T07:00:00Z,1.159286,1.159286,1.158883,1.159152
2026-08-31T07:15:00Z,1.159017,1.159958,1.159017,1.159689
2026-08-31T07:30:00Z,1.159824,1.160227,1.159824,1.160227
2026-08-31T07:45:00Z,1.160362,1.160631,1.160362,1.160631
2026-08-31T08:00:00Z,1.160766,1.160901,1.160093,1.160093
2026-08-31T08:15:00Z,1.160093,1.160227,1.159958,1.160227
2026-08-31T08:30:00Z,1.160093,1.160227,1.160093,1.160093
2026-08-31T08:45:00Z,1.160093,1.160093,1.159689,1.159689
2026-08-31T09:00:00Z,1.159958,1.160362,1.159958,1.160362
2026-08-31T09:15:00Z,1.160362,1.160362,1.160093,1.160227
2026-08-31T09:30:00Z,1.160227,1.160227,1.159958,1.160093
2026-08-31T09:45:00Z,1.160093,1.160362,1.160093,1.160227
2026-08-31T10:00:00Z,1.160227,1.160497,1.160227,1.160497
2026-08-31T10:15:00Z,1.160497,1.160497,1.160227,1.160497
2026-08-31T10:30:00Z,1.160497,1.160497,1.160093,1.160093
2026-08-31T10:45:00Z,1.160093,1.160227,1.159958,1.160093
2026-08-31T11:00:00Z,1.160093,1.160362,1.159958,1.160227
2026-08-31T11:15:00Z,1.160227,1.160631,1.160227,1.160631
2026-08-31T11:30:00Z,1.160497,1.160497,1.160227,1.160362
2026-08-31T11:45:00Z,1.160362,1.160362,1.159958,1.159958
2026-08-31T12:00:00Z,1.160093,1.160227,1.159958,1.160227
2026-08-31T12:15:00Z,1.160227,1.160227,1.159824,1.160093
2026-08-31T12:30:00Z,1.159824,1.159958,1.159555,1.159689
2026-08-31T12:45:00Z,1.159689,1.159958,1.159689,1.159824
2026-08-31T13:00:00Z,1.159824,1.160093,1.159689,1.159958
2026-08-31T13:15:00Z,1.160093,1.160362,1.159958,1.160227
2026-08-31T13:30:00Z,1.160227,1.160497,1.159958,1.159958
2026-08-31T13:45:00Z,1.159958,1.160362,1.159824,1.160362
2026-08-31T14:00:00Z,1.159824,1.160631,1.159824,1.160497
2026-08-31T14:15:00Z,1.160362,1.160766,1.160362,1.160631
2026-08-31T14:30:00Z,1.160766,1.160901,1.160497,1.160901
2026-08-31T14:45:00Z,1.161305,1.162115,1.161036,1.161710
2026-08-31T15:00:00Z,1.161845,1.161980,1.161710,1.161845
2026-08-31T15:15:00Z,1.161710,1.161980,1.161575,1.161980
2026-08-31T15:30:00Z,1.162115,1.162250,1.162115,1.162115
2026-08-31T15:45:00Z,1.162115,1.162385,1.161980,1.161980
2026-08-31T16:00:00Z,1.161980,1.162115,1.161980,1.161980
2026-08-31T16:15:00Z,1.161980,1.162115,1.161845,1.161980
2026-08-31T16:30:00Z,1.161980,1.161980,1.161845,1.161845
2026-08-31T16:45:00Z,1.161845,1.161980,1.161710,1.161980
2026-08-31T17:00:00Z,1.161980,1.162115,1.161845,1.162115
2026-08-31T17:15:00Z,1.161980,1.162115,1.161845,1.161980
2026-08-31T17:30:00Z,1.161845,1.161980,1.161845,1.161980
2026-08-31T17:45:00Z,1.161845,1.162115,1.161845,1.161845
2026-08-31T18:00:00Z,1.161845,1.162115,1.161845,1.162115
2026-08-31T18:15:00Z,1.162115,1.162115,1.161845,1.161845
2026-08-31T18:30:00Z,1.161845,1.161980,1.161845,1.161845
2026-08-31T18:45:00Z,1.161845,1.162115,1.161845,1.161845
2026-08-31T19:00:00Z,1.161980,1.162115,1.161980,1.161980
2026-08-31T19:15:00Z,1.161980,1.162115,1.161980,1.161980
2026-08-31T19:30:00Z,1.162115,1.162115,1.161845,1.161845
2026-08-31T19:45:00Z,1.161845,1.162115,1.161845,1.161845
2026-08-31T20:00:00Z,1.162115,1.162115,1.161980,1.161980
2026-08-31T20:15:00Z,1.161845,1.161845,1.161710,1.161845
2026-08-31T20:30:00Z,1.161845,1.161980,1.161845,1.161980
2026-08-31T20:45:00Z,1.161980,1.162115,1.161980,1.162115
2026-08-31T21:00:00Z,1.162115,1.162250,1.161980,1.161980
2026-08-31T21:15:00Z,1.161980,1.162250,1.161710,1.162250
2026-08-31T21:30:00Z,1.162115,1.162250,1.161980,1.162115
2026-08-31T21:45:00Z,1.161980,1.162250,1.161980,1.162250
2026-08-31T22:00:00Z,1.162115,1.162115,1.162115,1.162115
2026-08-31T22:15:00Z,1.162115,1.162115,1.161980,1.161980
2026-08-31T22:30:00Z,1.162115,1.162115,1.161845,1.161845
2026-08-31T22:45:00Z,1.161845,1.161845,1.161845,1.161845
2026-08-31T23:00:00Z,1.161845,1.161845,1.161575,1.161710
2026-08-31T23:15:00Z,1.161710,1.161845,1.161710,1.161845
2026-08-31T23:30:00Z,1.161980,1.161980,1.161845,1.161980
2026-08-31T23:45:00Z,1.161980,1.162115,1.161980,1.162115
2026-09-01T00:00:00Z,1.161980,1.162520,1.161980,1.162385
2026-09-01T00:15:00Z,1.162250,1.162791,1.162250,1.162791
2026-09-01T00:30:00Z,1.162656,1.162791,1.162385,1.162385
2026-09-01T00:45:00Z,1.162520,1.162520,1.162115,1.162115
2026-09-01T01:00:00Z,1.162250,1.162250,1.161710,1.161710
2026-09-01T01:15:00Z,1.161710,1.161845,1.161440,1.161440
2026-09-01T01:30:00Z,1.161440,1.161575,1.161305,1.161575
2026-09-01T01:45:00Z,1.161575,1.161575,1.161170,1.161305
2026-09-01T02:00:00Z,1.161305,1.161305,1.161036,1.161170
2026-09-01T02:15:00Z,1.161170,1.161305,1.161170,1.161305
2026-09-01T02:30:00Z,1.161305,1.161305,1.161036,1.161170
2026-09-01T02:45:00Z,1.161170,1.161305,1.161036,1.161305
2026-09-01T03:00:00Z,1.161170,1.161305,1.161036,1.161305
2026-09-01T03:15:00Z,1.161305,1.161305,1.160901,1.161036
2026-09-01T03:30:00Z,1.161036,1.161170,1.161036,1.161036
2026-09-01T03:45:00Z,1.161036,1.161036,1.160901,1.160901
2026-09-01T04:00:00Z,1.160901,1.161036,1.160766,1.160901
2026-09-01T04:15:00Z,1.160901,1.160901,1.160631,1.160631
2026-09-01T04:30:00Z,1.160631,1.160766,1.160631,1.160766
2026-09-01T04:45:00Z,1.160901,1.160901,1.160766,1.160901
2026-09-01T05:00:00Z,1.160901,1.161305,1.160901,1.161170
2026-09-01T05:15:00Z,1.161036,1.161170,1.160901,1.161170
2026-09-01T05:30:00Z,1.161170,1.161305,1.161036,1.161170
2026-09-01T05:45:00Z,1.161170,1.161305,1.161170,1.161170
2026-09-01T06:00:00Z,1.161036,1.161170,1.161036,1.161036
2026-09-01T06:15:00Z,1.161170,1.161170,1.160497,1.160497
2026-09-01T06:30:00Z,1.160497,1.160631,1.160362,1.160631
2026-09-01T06:45:00Z,1.160631,1.160766,1.160497,1.160766
2026-09-01T07:00:00Z,1.160901,1.160901,1.160497,1.160631
2026-09-01T07:15:00Z,1.160631,1.160631,1.160093,1.160093
2026-09-01T07:30:00Z,1.160093,1.160093,1.159555,1.159555
2026-09-01T07:45:00Z,1.159555,1.159824,1.159555,1.159824
2026-09-01T08:00:00Z,1.159824,1.159824,1.159152,1.159286
2026-09-01T08:15:00Z,1.159286,1.159689,1.159286,1.159555
2026-09-01T08:30:00Z,1.159420,1.159689,1.159286,1.159689
2026-09-01T08:45:00Z,1.159689,1.159824,1.159555,1.159689
2026-09-01T09:00:00Z,1.159689,1.160093,1.159689,1.160093
2026-09-01T09:15:00Z,1.159958,1.160093,1.159958,1.159958
2026-09-01T09:30:00Z,1.159958,1.160362,1.159958,1.160093
2026-09-01T09:45:00Z,1.160227,1.160362,1.159689,1.159689
2026-09-01T10:00:00Z,1.159689,1.159824,1.159555,1.159555
2026-09-01T10:15:00Z,1.159555,1.159824,1.159555,1.159689
2026-09-01T10:30:00Z,1.159689,1.159689,1.159420,1.159420
2026-09-01T10:45:00Z,1.159420,1.159689,1.159420,1.159555
2026-09-01T11:00:00Z,1.159420,1.159555,1.159420,1.159555
2026-09-01T11:15:00Z,1.159420,1.159824,1.159420,1.159824
2026-09-01T11:30:00Z,1.159824,1.159958,1.159689,1.159824
2026-09-01T11:45:00Z,1.159824,1.159824,1.159555,1.159555
2026-09-01T12:00:00Z,1.159555,1.159555,1.159152,1.159420
2026-09-01T12:15:00Z,1.159420,1.159689,1.159420,1.159555
2026-09-01T12:30:00Z,1.159555,1.159689,1.159420,1.159555
2026-09-01T12:45:00Z,1.159555,1.159689,1.159555,1.159689
2026-09-01T13:00:00Z,1.159420,1.159420,1.159286,1.159420
2026-09-01T13:15:00Z,1.159555,1.159555,1.159420,1.159555
2026-09-01T13:30:00Z,1.159824,1.160497,1.159824,1.160497
2026-09-01T13:45:00Z,1.160362,1.160631,1.160093,1.160631
2026-09-01T14:00:00Z,1.160362,1.161036,1.160362,1.161036
2026-09-01T14:15:00Z,1.161036,1.161036,1.160497,1.160497
2026-09-01T14:30:00Z,1.160362,1.160631,1.160362,1.160362
2026-09-01T14:45:00Z,1.160497,1.160497,1.159958,1.159958
2026-09-01T15:00:00Z,1.160227,1.160227,1.159824,1.159824
2026-09-01T15:15:00Z,1.159824,1.159824,1.159420,1.159689
2026-09-01T15:30:00Z,1.159689,1.159689,1.159420,1.159555
2026-09-01T15:45:00Z,1.159555,1.159555,1.159286,1.159555
2026-09-01T16:00:00Z,1.159689,1.159689,1.159420,1.159420
2026-09-01T16:15:00Z,1.159555,1.159555,1.158883,1.159152
2026-09-01T16:30:00Z,1.159152,1.159420,1.158883,1.159017
2026-09-01T16:45:00Z,1.159152,1.159152,1.158883,1.158883
2026-09-01T17:00:00Z,1.158883,1.159286,1.158883,1.159152
2026-09-01T17:15:00Z,1.159152,1.159689,1.159017,1.159689
2026-09-01T17:30:00Z,1.159824,1.159824,1.159017,1.159152
2026-09-01T17:45:00Z,1.159152,1.159152,1.159017,1.159152
2026-09-01T18:00:00Z,1.159152,1.159420,1.159152,1.159152
2026-09-01T18:15:00Z,1.159017,1.159286,1.159017,1.159152
2026-09-01T18:30:00Z,1.159152,1.159152,1.158883,1.159017
2026-09-01T18:45:00Z,1.159017,1.159420,1.159017,1.159420
2026-09-01T19:00:00Z,1.159286,1.159555,1.159286,1.159555
2026-09-01T19:15:00Z,1.159555,1.159555,1.159420,1.159420
2026-09-01T19:30:00Z,1.159555,1.159555,1.159286,1.159286
2026-09-01T19:45:00Z,1.159152,1.159286,1.159152,1.159286
2026-09-01T20:00:00Z,1.159152,1.159286,1.159152,1.159152
2026-09-01T20:15:00Z,1.159152,1.159420,1.159152,1.159286
2026-09-01T20:30:00Z,1.159286,1.159555,1.159286,1.159555
2026-09-01T20:45:00Z,1.159555,1.159689,1.159420,1.159555
2026-09-01T21:00:00Z,1.159420,1.159824,1.159286,1.159286
2026-09-01T21:15:00Z,1.159420,1.159420,1.159017,1.159286
2026-09-01T21:30:00Z,1.159420,1.159555,1.159286,1.159420
2026-09-01T21:45:00Z,1.159420,1.159689,1.159286,1.159555
2026-09-01T22:00:00Z,1.159555,1.159958,1.159555,1.159824
2026-09-01T22:15:00Z,1.159824,1.159958,1.159689,1.159689
2026-09-01T22:30:00Z,1.159689,1.159689,1.159555,1.159689
2026-09-01T22:45:00Z,1.159555,1.159689,1.159555,1.159689
2026-09-01T23:00:00Z,1.159555,1.159689,1.159555,1.159689
2026-09-01T23:15:00Z,1.159555,1.159689,1.159555,1.159555
2026-09-01T23:30:00Z,1.159555,1.159689,1.159555,1.159555
2026-09-01T23:45:00Z,1.159689,1.159689,1.159420,1.159420
2026-09-02T00:00:00Z,1.159420,1.159555,1.159017,1.159152
2026-09-02T00:15:00Z,1.159286,1.159420,1.159017,1.159017
2026-09-02T00:30:00Z,1.159017,1.159152,1.159017,1.159152
2026-09-02T00:45:00Z,1.159152,1.159152,1.158749,1.158749
2026-09-02T01:00:00Z,1.158749,1.158749,1.158480,1.158480
2026-09-02T01:15:00Z,1.158749,1.158749,1.158614,1.158614
2026-09-02T01:30:00Z,1.158480,1.158480,1.158078,1.158078
2026-09-02T01:45:00Z,1.158078,1.158212,1.158078,1.158212
2026-09-02T02:00:00Z,1.158078,1.158346,1.157943,1.158346
2026-09-02T02:15:00Z,1.158346,1.158480,1.158078,1.158346
2026-09-02T02:30:00Z,1.158346,1.158614,1.158212,1.158480
2026-09-02T02:45:00Z,1.158480,1.158480,1.158346,1.158480
2026-09-02T03:00:00Z,1.158480,1.158614,1.158346,1.158346
2026-09-02T03:15:00Z,1.158346,1.158346,1.158212,1.158212
2026-09-02T03:30:00Z,1.158212,1.158212,1.158212,1.158212
2026-09-02T03:45:00Z,1.158212,1.158346,1.158212,1.158346
2026-09-02T04:00:00Z,1.158346,1.158346,1.157943,1.157943
2026-09-02T04:15:00Z,1.158078,1.158078,1.157809,1.157943
2026-09-02T04:30:00Z,1.157943,1.157943,1.157943,1.157943
2026-09-02T04:45:00Z,1.158078,1.158078,1.157809,1.157943
2026-09-02T05:00:00Z,1.157943,1.158078,1.157675,1.158078
2026-09-02T05:15:00Z,1.158078,1.158212,1.158078,1.158212
2026-09-02T05:30:00Z,1.158346,1.158346,1.158212,1.158346
2026-09-02T05:45:00Z,1.158346,1.158480,1.158346,1.158346
2026-09-02T06:00:00Z,1.158346,1.158614,1.158346,1.158614
2026-09-02T06:15:00Z,1.158346,1.158480,1.158078,1.158078
2026-09-02T06:30:00Z,1.158078,1.158212,1.157809,1.158078
2026-09-02T06:45:00Z,1.158078,1.158078,1.157140,1.157140
2026-09-02T07:00:00Z,1.157274,1.157675,1.157140,1.157675
2026-09-02T07:15:00Z,1.157541,1.157809,1.157541,1.157675
2026-09-02T07:30:00Z,1.157675,1.158212,1.157675,1.157943
2026-09-02T07:45:00Z,1.158078,1.158212,1.157943,1.158212
2026-09-02T08:00:00Z,1.158212,1.158346,1.158212,1.158212
2026-09-02T08:15:00Z,1.158212,1.158480,1.158212,1.158346
2026-09-02T08:30:00Z,1.158212,1.158480,1.158212,1.158346
2026-09-02T08:45:00Z,1.158346,1.158346,1.157675,1.157675
2026-09-02T09:00:00Z,1.157541,1.158078,1.157541,1.157809
2026-09-02T09:15:00Z,1.157943,1.157943,1.157809,1.157943
2026-09-02T09:30:00Z,1.157943,1.157943,1.157675,1.157675
2026-09-02T09:45:00Z,1.157675,1.157809,1.157407,1.157541
2026-09-02T10:00:00Z,1.157541,1.157541,1.157274,1.157541
2026-09-02T10:15:00Z,1.157541,1.157541,1.157274,1.157274
2026-09-02T10:30:00Z,1.157274,1.157274,1.157140,1.157140
2026-09-02T10:45:00Z,1.157140,1.157541,1.157140,1.157541
2026-09-02T11:00:00Z,1.157541,1.157943,1.157407,1.157943
2026-09-02T11:15:00Z,1.157943,1.158078,1.157809,1.157809
2026-09-02T11:30:00Z,1.157675,1.158212,1.157675,1.157943
2026-09-02T11:45:00Z,1.157809,1.158078,1.157809,1.158078
2026-09-02T12:00:00Z,1.158078,1.158480,1.158078,1.158212
2026-09-02T12:15:00Z,1.158212,1.158749,1.158078,1.158614
2026-09-02T12:30:00Z,1.158480,1.158480,1.158078,1.158078
2026-09-02T12:45:00Z,1.158078,1.158614,1.158078,1.158212
2026-09-02T13:00:00Z,1.158346,1.158480,1.158212,1.158212
2026-09-02T13:15:00Z,1.158212,1.160766,1.158212,1.159958
2026-09-02T13:30:00Z,1.159958,1.160093,1.159286,1.160093
2026-09-02T13:45:00Z,1.159689,1.160766,1.159555,1.160766
2026-09-02T14:00:00Z,1.160497,1.160497,1.159689,1.159689
2026-09-02T14:15:00Z,1.159824,1.159824,1.159286,1.159420
2026-09-02T14:30:00Z,1.159420,1.159689,1.159420,1.159420
2026-09-02T14:45:00Z,1.159555,1.159689,1.159286,1.159555
2026-09-02T15:00:00Z,1.159555,1.159958,1.159555,1.159555
2026-09-02T15:15:00Z,1.159420,1.159824,1.159286,1.159824
2026-09-02T15:30:00Z,1.159958,1.159958,1.159420,1.159420
2026-09-02T15:45:00Z,1.159420,1.159555,1.159286,1.159420
2026-09-02T16:00:00Z,1.159689,1.159689,1.159420,1.159555
2026-09-02T16:15:00Z,1.159689,1.159689,1.159286,1.159286
2026-09-02T16:30:00Z,1.159286,1.159420,1.159286,1.159286
2026-09-02T16:45:00Z,1.159420,1.159555,1.159152,1.159152
2026-09-02T17:00:00Z,1.159152,1.159152,1.158883,1.158883
2026-09-02T17:15:00Z,1.158883,1.159017,1.158749,1.159017
2026-09-02T17:30:00Z,1.159017,1.159017,1.158749,1.159017
2026-09-02T17:45:00Z,1.159286,1.159286,1.159017,1.159017
2026-09-02T18:00:00Z,1.159017,1.159152,1.159017,1.159017
2026-09-02T18:15:00Z,1.158883,1.159152,1.158883,1.158883
2026-09-02T18:30:00Z,1.159017,1.159152,1.158749,1.158749
2026-09-02T18:45:00Z,1.158883,1.159017,1.158883,1.158883
2026-09-02T19:00:00Z,1.158883,1.159017,1.158614,1.158614
2026-09-02T19:15:00Z,1.158749,1.159017,1.158749,1.158749
2026-09-02T19:30:00Z,1.158883,1.158883,1.158749,1.158883
2026-09-02T19:45:00Z,1.158883,1.159017,1.158749,1.159017
2026-09-02T20:00:00Z,1.159152,1.159286,1.159152,1.159152
2026-09-02T20:15:00Z,1.159286,1.159286,1.159152,1.159152
2026-09-02T20:30:00Z,1.159152,1.159286,1.159152,1.159152
2026-09-02T20:45:00Z,1.159286,1.159286,1.159152,1.159152
2026-09-02T21:00:00Z,1.158883,1.159286,1.158883,1.159017
2026-09-02T21:15:00Z,1.159017,1.159286,1.159017,1.159152
2026-09-02T21:30:00Z,1.159152,1.159286,1.159017,1.159152
2026-09-02T21:45:00Z,1.159017,1.159286,1.158883,1.159286
2026-09-02T22:00:00Z,1.159286,1.159286,1.159017,1.159017
2026-09-02T22:15:00Z,1.159017,1.159017,1.158883,1.159017
2026-09-02T22:30:00Z,1.159017,1.159152,1.159017,1.159017
2026-09-02T22:45:00Z,1.159017,1.159152,1.159017,1.159017
2026-09-02T23:00:00Z,1.159017,1.159017,1.158883,1.158883
2026-09-02T23:15:00Z,1.158883,1.159017,1.158883,1.158883
2026-09-02T23:30:00Z,1.158883,1.158883,1.158749,1.158883
2026-09-02T23:45:00Z,1.158883,1.158883,1.158883,1.158883
2026-09-03T00:00:00Z,1.158749,1.159017,1.158749,1.158883
2026-09-03T00:15:00Z,1.158883,1.159286,1.158883,1.159286
2026-09-03T00:30:00Z,1.159286,1.159286,1.159017,1.159152
2026-09-03T00:45:00Z,1.159017,1.159420,1.159017,1.159286
2026-09-03T01:00:00Z,1.159286,1.159286,1.159286,1.159286
2026-09-03T01:15:00Z,1.159286,1.159420,1.159152,1.159420
2026-09-03T01:30:00Z,1.159420,1.159689,1.159286,1.159286
2026-09-03T01:45:00Z,1.159286,1.159286,1.158883,1.158883
2026-09-03T02:00:00Z,1.159017,1.159152,1.158883,1.159017
2026-09-03T02:15:00Z,1.159017,1.159286,1.158883,1.159286
2026-09-03T02:30:00Z,1.159286,1.159824,1.159286,1.159420
2026-09-03T02:45:00Z,1.159420,1.159689,1.159286,1.159420
2026-09-03T03:00:00Z,1.159555,1.159958,1.159420,1.159824
2026-09-03T03:15:00Z,1.159824,1.159958,1.159824,1.159958
2026-09-03T03:30:00Z,1.159958,1.160093,1.159824,1.160093
2026-09-03T03:45:00Z,1.159958,1.160093,1.159958,1.159958
2026-09-03T04:00:00Z,1.160093,1.160093,1.159958,1.160093
2026-09-03T04:15:00Z,1.160093,1.160093,1.159958,1.160093
2026-09-03T04:30:00Z,1.160093,1.160362,1.160093,1.160227
2026-09-03T04:45:00Z,1.160227,1.160227,1.159824,1.159824
2026-09-03T05:00:00Z,1.159958,1.159958,1.159689,1.159824
2026-09-03T05:15:00Z,1.159824,1.160227,1.159824,1.160093
2026-09-03T05:30:00Z,1.160093,1.160227,1.160093,1.160227
2026-09-03T05:45:00Z,1.160227,1.160362,1.160093,1.160362
2026-09-03T06:00:00Z,1.160362,1.160362,1.159958,1.160093
2026-09-03T06:15:00Z,1.160093,1.160362,1.160093,1.160362
2026-09-03T06:30:00Z,1.160497,1.161036,1.160497,1.161036
2026-09-03T06:45:00Z,1.161036,1.161170,1.160766,1.160766
2026-09-03T07:00:00Z,1.160901,1.161710,1.160901,1.161036
2026-09-03T07:15:00Z,1.161036,1.161305,1.160901,1.160901
2026-09-03T07:30:00Z,1.160901,1.160901,1.160497,1.160497
2026-09-03T07:45:00Z,1.160766,1.161036,1.160497,1.160766
2026-09-03T08:00:00Z,1.160631,1.161036,1.160362,1.160362
2026-09-03T08:15:00Z,1.160362,1.160766,1.160362,1.160766
2026-09-03T08:30:00Z,1.160631,1.161036,1.160631,1.161036
2026-09-03T08:45:00Z,1.161036,1.161440,1.161036,1.161305
2026-09-03T09:00:00Z,1.161440,1.161440,1.160766,1.160766
2026-09-03T09:15:00Z,1.160901,1.160901,1.160631,1.160631
2026-09-03T09:30:00Z,1.160631,1.160766,1.160497,1.160766
2026-09-03T09:45:00Z,1.160766,1.160901,1.160766,1.160901
2026-09-03T10:00:00Z,1.160901,1.160901,1.160497,1.160497
2026-09-03T10:15:00Z,1.160497,1.160631,1.160362,1.160362
2026-09-03T10:30:00Z,1.160497,1.160497,1.160093,1.160227
2026-09-03T10:45:00Z,1.160227,1.160766,1.160227,1.160766
2026-09-03T11:00:00Z,1.160631,1.161170,1.160497,1.161170
2026-09-03T11:15:00Z,1.161170,1.161710,1.161170,1.161305
2026-09-03T11:30:00Z,1.161305,1.161440,1.161170,1.161305
2026-09-03T11:45:00Z,1.161305,1.161710,1.161305,1.161575
2026-09-03T12:00:00Z,1.161440,1.161980,1.161440,1.161710
2026-09-03T12:15:00Z,1.161710,1.161710,1.161170,1.161305
2026-09-03T12:30:00Z,1.162115,1.162791,1.161980,1.162250
2026-09-03T12:45:00Z,1.162115,1.163332,1.162115,1.162926
2026-09-03T13:00:00Z,1.162926,1.163196,1.162656,1.162926
2026-09-03T13:15:00Z,1.162926,1.162926,1.162385,1.162656
2026-09-03T13:30:00Z,1.162520,1.162791,1.162250,1.162656
2026-09-03T13:45:00Z,1.162656,1.163061,1.162115,1.163061
2026-09-03T14:00:00Z,1.162656,1.162926,1.162385,1.162926
2026-09-03T14:15:00Z,1.162791,1.162791,1.162385,1.162656
2026-09-03T14:30:00Z,1.162656,1.162656,1.161845,1.161845
2026-09-03T14:45:00Z,1.161710,1.162385,1.161710,1.162115
2026-09-03T15:00:00Z,1.162250,1.162791,1.162250,1.162791
2026-09-03T15:15:00Z,1.162656,1.162791,1.162520,1.162656
2026-09-03T15:30:00Z,1.162926,1.163061,1.162250,1.162385
2026-09-03T15:45:00Z,1.162250,1.162656,1.162115,1.162656
2026-09-03T16:00:00Z,1.162656,1.163061,1.162656,1.163061
2026-09-03T16:15:00Z,1.163061,1.163873,1.163061,1.163873
2026-09-03T16:30:00Z,1.164009,1.164009,1.163738,1.164009
2026-09-03T16:45:00Z,1.164009,1.164415,1.164009,1.164144
2026-09-03T17:00:00Z,1.164144,1.164144,1.163873,1.164009
2026-09-03T17:15:00Z,1.164144,1.164144,1.163873,1.164009
2026-09-03T17:30:00Z,1.164144,1.164144,1.164009,1.164009
2026-09-03T17:45:00Z,1.164009,1.164009,1.163603,1.163603
2026-09-03T18:00:00Z,1.163738,1.163873,1.163603,1.163873
2026-09-03T18:15:00Z,1.163873,1.164009,1.163738,1.163873
2026-09-03T18:30:00Z,1.163873,1.163873,1.163738,1.163738
2026-09-03T18:45:00Z,1.163738,1.163873,1.163603,1.163738
2026-09-03T19:00:00Z,1.163738,1.163738,1.163332,1.163332
2026-09-03T19:15:00Z,1.163332,1.163332,1.162926,1.162926
2026-09-03T19:30:00Z,1.162926,1.163061,1.162926,1.163061
2026-09-03T19:45:00Z,1.163196,1.163332,1.163061,1.163332
2026-09-03T20:00:00Z,1.163196,1.163332,1.163061,1.163061
2026-09-03T20:15:00Z,1.163061,1.163061,1.162926,1.163061
2026-09-03T20:30:00Z,1.163061,1.163061,1.162926,1.163061
2026-09-03T20:45:00Z,1.163061,1.163061,1.162926,1.162926
2026-09-03T21:00:00Z,1.162520,1.163332,1.162520,1.163332
2026-09-03T21:15:00Z,1.163196,1.163196,1.162926,1.162926
2026-09-03T21:30:00Z,1.163061,1.163061,1.162791,1.162791
2026-09-03T21:45:00Z,1.162791,1.163061,1.162791,1.163061
2026-09-03T22:00:00Z,1.163061,1.163061,1.162791,1.163061
2026-09-03T22:15:00Z,1.163061,1.163061,1.162926,1.162926
2026-09-03T22:30:00Z,1.162926,1.163061,1.162926,1.162926
2026-09-03T22:45:00Z,1.162926,1.162926,1.162656,1.162656
2026-09-03T23:00:00Z,1.162791,1.162791,1.162656,1.162791
2026-09-03T23:15:00Z,1.162791,1.162926,1.162791,1.162926
2026-09-03T23:30:00Z,1.162926,1.163061,1.162926,1.162926
2026-09-03T23:45:00Z,1.162926,1.163196,1.162926,1.163196
2026-09-04T00:00:00Z,1.163196,1.163467,1.163196,1.163196
2026-09-04T00:15:00Z,1.163196,1.163196,1.162926,1.162926
2026-09-04T00:30:00Z,1.163061,1.163061,1.162926,1.163061
2026-09-04T00:45:00Z,1.163196,1.163467,1.163196,1.163196
2026-09-04T01:00:00Z,1.163196,1.163332,1.163061,1.163061
2026-09-04T01:15:00Z,1.163196,1.163467,1.163196,1.163196
2026-09-04T01:30:00Z,1.163196,1.163332,1.163196,1.163332
2026-09-04T01:45:00Z,1.163196,1.163332,1.163196,1.163332
2026-09-04T02:00:00Z,1.163332,1.163603,1.163332,1.163332
2026-09-04T02:15:00Z,1.163332,1.163332,1.162926,1.163061
2026-09-04T02:30:00Z,1.163061,1.163196,1.163061,1.163196
2026-09-04T02:45:00Z,1.163196,1.163332,1.163061,1.163061
2026-09-04T03:00:00Z,1.163061,1.163196,1.163061,1.163196
2026-09-04T03:15:00Z,1.163196,1.163196,1.163061,1.163061
2026-09-04T03:30:00Z,1.162926,1.163061,1.162656,1.162656
2026-09-04T03:45:00Z,1.162791,1.162791,1.162656,1.162656
2026-09-04T04:00:00Z,1.162656,1.163061,1.162656,1.162926
2026-09-04T04:15:00Z,1.162926,1.162926,1.162791,1.162926
2026-09-04T04:30:00Z,1.162926,1.163061,1.162791,1.163061
2026-09-04T04:45:00Z,1.163061,1.163061,1.162926,1.163061
2026-09-04T05:00:00Z,1.162926,1.163061,1.162791,1.163061
2026-09-04T05:15:00Z,1.163061,1.163061,1.163061,1.163061
2026-09-04T05:30:00Z,1.163061,1.163196,1.162926,1.162926
2026-09-04T05:45:00Z,1.162926,1.163196,1.162926,1.163196
2026-09-04T06:00:00Z,1.163061,1.163332,1.163061,1.163332
2026-09-04T06:15:00Z,1.163332,1.163332,1.163196,1.163196
2026-09-04T06:30:00Z,1.163061,1.163332,1.163061,1.163196
2026-09-04T06:45:00Z,1.163061,1.163196,1.163061,1.163061
2026-09-04T07:00:00Z,1.163196,1.163332,1.162926,1.162926
2026-09-04T07:15:00Z,1.162926,1.163196,1.162926,1.163196
2026-09-04T07:30:00Z,1.163196,1.163196,1.162926,1.163196
2026-09-04T07:45:00Z,1.163196,1.163196,1.162520,1.162656
2026-09-04T08:00:00Z,1.162656,1.162656,1.162250,1.162250
2026-09-04T08:15:00Z,1.162250,1.162656,1.162250,1.162656
2026-09-04T08:30:00Z,1.162520,1.162656,1.162520,1.162656
2026-09-04T08:45:00Z,1.162791,1.162926,1.162656,1.162791
2026-09-04T09:00:00Z,1.162656,1.162791,1.162520,1.162520
2026-09-04T09:15:00Z,1.162656,1.162656,1.162520,1.162520
2026-09-04T09:30:00Z,1.162520,1.162520,1.162250,1.162385
2026-09-04T09:45:00Z,1.162385,1.162385,1.161980,1.162115
2026-09-04T10:00:00Z,1.162115,1.162250,1.162115,1.162250
2026-09-04T10:15:00Z,1.162250,1.162385,1.162115,1.162115
2026-09-04T10:30:00Z,1.162115,1.162385,1.162115,1.162385
2026-09-04T10:45:00Z,1.162520,1.162656,1.162385,1.162385
2026-09-04T11:00:00Z,1.162520,1.162520,1.162385,1.162520
2026-09-04T11:15:00Z,1.162520,1.162656,1.162520,1.162520
2026-09-04T11:30:00Z,1.162385,1.162520,1.162385,1.162385
2026-09-04T11:45:00Z,1.162656,1.162656,1.162385,1.162385
2026-09-04T12:00:00Z,1.162520,1.162791,1.162385,1.162520
2026-09-04T12:15:00Z,1.162656,1.163061,1.162656,1.163061
2026-09-04T12:30:00Z,1.159420,1.160362,1.159152,1.160362
2026-09-04T12:45:00Z,1.160093,1.160497,1.159420,1.160497
2026-09-04T13:00:00Z,1.160227,1.160497,1.160093,1.160362
2026-09-04T13:15:00Z,1.160766,1.161845,1.160766,1.161845
2026-09-04T13:30:00Z,1.161980,1.161980,1.161440,1.161710
2026-09-04T13:45:00Z,1.161980,1.162520,1.161305,1.161440
2026-09-04T14:00:00Z,1.161305,1.161845,1.161305,1.161710
2026-09-04T14:15:00Z,1.161575,1.161980,1.161575,1.161980
2026-09-04T14:30:00Z,1.161845,1.162385,1.161845,1.162385
2026-09-04T14:45:00Z,1.162385,1.162385,1.161710,1.161980
2026-09-04T15:00:00Z,1.161845,1.162520,1.161710,1.162520
2026-09-04T15:15:00Z,1.162385,1.162520,1.162250,1.162250
2026-09-04T15:30:00Z,1.162385,1.162520,1.162250,1.162385
2026-09-04T15:45:00Z,1.162385,1.162656,1.162115,1.162115
2026-09-04T16:00:00Z,1.162250,1.162520,1.162250,1.162520
2026-09-04T16:15:00Z,1.162520,1.162791,1.162520,1.162520
2026-09-04T16:30:00Z,1.162520,1.162656,1.162385,1.162520
2026-09-04T16:45:00Z,1.162520,1.162656,1.162250,1.162250
2026-09-04T17:00:00Z,1.162250,1.162250,1.161845,1.161980
2026-09-04T17:15:00Z,1.161980,1.162115,1.161710,1.161710
2026-09-04T17:30:00Z,1.161845,1.161845,1.161575,1.161710
2026-09-04T17:45:00Z,1.161575,1.161710,1.161575,1.161575
2026-09-04T18:00:00Z,1.161710,1.161710,1.161440,1.161440
2026-09-04T18:15:00Z,1.161440,1.161575,1.161440,1.161440
2026-09-04T18:30:00Z,1.161575,1.161575,1.161305,1.161305
2026-09-04T18:45:00Z,1.161305,1.161440,1.161305,1.161440
2026-09-04T19:00:00Z,1.161440,1.161575,1.161440,1.161575
2026-09-04T19:15:00Z,1.161575,1.161845,1.161575,1.161845
2026-09-04T19:30:00Z,1.161845,1.161845,1.161710,1.161845
2026-09-04T19:45:00Z,1.161845,1.161845,1.161710,1.161710
2026-09-04T20:00:00Z,1.161710,1.161845,1.161575,1.161575
2026-09-04T20:15:00Z,1.161575,1.161710,1.161575,1.161710
2026-09-04T20:30:00Z,1.161710,1.161710,1.161575,1.161575
2026-09-04T20:45:00Z,1.161575,1.161710,1.161575,1.161710
2026-09-04T21:00:00Z,1.162115,1.162115,1.162115,1.162115
2026-09-04T21:15:00Z,1.162115,1.162115,1.162115,1.162115
2026-09-06T23:00:00Z,1.161710,1.161845,1.161710,1.161845
2026-09-06T23:15:00Z,1.161845,1.161845,1.161845,1.161845
2026-09-06T23:30:00Z,1.161845,1.161980,1.161845,1.161845
2026-09-06T23:45:00Z,1.161980,1.161980,1.161710,1.161710
2026-09-07T00:00:00Z,1.161710,1.161845,1.161710,1.161845
2026-09-07T00:15:00Z,1.161845,1.162115,1.161845,1.162115
2026-09-07T00:30:00Z,1.162115,1.162250,1.162115,1.162250
2026-09-07T00:45:00Z,1.162250,1.162385,1.162115,1.162115
2026-09-07T01:00:00Z,1.162115,1.162115,1.161845,1.162115
2026-09-07T01:15:00Z,1.161845,1.161980,1.161710,1.161980
2026-09-07T01:30:00Z,1.161980,1.161980,1.161710,1.161710
2026-09-07T01:45:00Z,1.161710,1.161980,1.161710,1.161710
2026-09-07T02:00:00Z,1.161710,1.161710,1.161305,1.161305
2026-09-07T02:15:00Z,1.161305,1.161440,1.161305,1.161440
2026-09-07T02:30:00Z,1.161440,1.161575,1.161305,1.161305
2026-09-07T02:45:00Z,1.161305,1.161305,1.161170,1.161305
2026-09-07T03:00:00Z,1.161170,1.161305,1.161170,1.161305
2026-09-07T03:15:00Z,1.161305,1.161575,1.161305,1.161575
2026-09-07T03:30:00Z,1.161575,1.161575,1.161305,1.161305
2026-09-07T03:45:00Z,1.161305,1.161440,1.161305,1.161440
2026-09-07T04:00:00Z,1.161440,1.161440,1.161305,1.161440
2026-09-07T04:15:00Z,1.161440,1.161440,1.161305,1.161305
2026-09-07T04:30:00Z,1.161305,1.161440,1.161170,1.161305
2026-09-07T04:45:00Z,1.161305,1.161575,1.161305,1.161575
2026-09-07T05:00:00Z,1.161440,1.161575,1.161305,1.161440
2026-09-07T05:15:00Z,1.161305,1.161440,1.161305,1.161440
2026-09-07T05:30:00Z,1.161440,1.161440,1.161305,1.161440
2026-09-07T05:45:00Z,1.161440,1.161710,1.161440,1.161710
2026-09-07T06:00:00Z,1.161575,1.161575,1.161440,1.161575
2026-09-07T06:15:00Z,1.161440,1.161980,1.161440,1.161980
2026-09-07T06:30:00Z,1.161980,1.162250,1.161980,1.162115
2026-09-07T06:45:00Z,1.162115,1.162115,1.161845,1.161845
2026-09-07T07:00:00Z,1.161845,1.161845,1.161440,1.161575
2026-09-07T07:15:00Z,1.161710,1.161980,1.161710,1.161980
2026-09-07T07:30:00Z,1.162115,1.162250,1.161710,1.161980
2026-09-07T07:45:00Z,1.161980,1.162656,1.161980,1.162656
2026-09-07T08:00:00Z,1.162791,1.163467,1.162520,1.163467
2026-09-07T08:15:00Z,1.163467,1.163873,1.163332,1.163603
2026-09-07T08:30:00Z,1.163738,1.163738,1.162926,1.163061
2026-09-07T08:45:00Z,1.162926,1.162926,1.162520,1.162520
2026-09-07T09:00:00Z,1.162520,1.162656,1.162385,1.162520
2026-09-07T09:15:00Z,1.162520,1.162791,1.162385,1.162791
2026-09-07T09:30:00Z,1.162656,1.162926,1.162385,1.162520
2026-09-07T09:45:00Z,1.162656,1.162656,1.162385,1.162385
2026-09-07T10:00:00Z,1.162385,1.162656,1.162385,1.162656
2026-09-07T10:15:00Z,1.162520,1.162791,1.162520,1.162656
2026-09-07T10:30:00Z,1.162791,1.162791,1.162656,1.162791
2026-09-07T10:45:00Z,1.162926,1.162926,1.162791,1.162791
2026-09-07T11:00:00Z,1.162791,1.162926,1.162520,1.162656
2026-09-07T11:15:00Z,1.162656,1.162791,1.162656,1.162791
2026-09-07T11:30:00Z,1.162791,1.162791,1.162520,1.162656
2026-09-07T11:45:00Z,1.162656,1.162791,1.162656,1.162656
2026-09-07T12:00:00Z,1.162791,1.162791,1.162520,1.162656
2026-09-07T12:15:00Z,1.162520,1.163061,1.162385,1.163061
2026-09-07T12:30:00Z,1.162926,1.163196,1.162926,1.163061
2026-09-07T12:45:00Z,1.163061,1.163196,1.162791,1.162926
2026-09-07T13:00:00Z,1.162926,1.162926,1.162791,1.162926
2026-09-07T13:15:00Z,1.162926,1.163061,1.162791,1.162791
2026-09-07T13:30:00Z,1.162791,1.163061,1.162791,1.162926
2026-09-07T13:45:00Z,1.163061,1.163332,1.163061,1.163196
2026-09-07T14:00:00Z,1.163196,1.163467,1.163196,1.163467
2026-09-07T14:15:00Z,1.163467,1.163603,1.163332,1.163332
2026-09-07T14:30:00Z,1.163332,1.163332,1.163332,1.163332
2026-09-07T14:45:00Z,1.163332,1.163467,1.163061,1.163467
2026-09-07T15:00:00Z,1.163467,1.163467,1.163061,1.163061
2026-09-07T15:15:00Z,1.163061,1.163332,1.163061,1.163332
2026-09-07T15:30:00Z,1.163467,1.163467,1.163196,1.163196
2026-09-07T15:45:00Z,1.163196,1.163196,1.163061,1.163061
2026-09-07T16:00:00Z,1.163061,1.163061,1.162926,1.163061
2026-09-07T16:15:00Z,1.163061,1.163061,1.162926,1.163061
2026-09-07T16:30:00Z,1.163196,1.163332,1.163061,1.163332
2026-09-07T16:45:00Z,1.163332,1.163332,1.163196,1.163196
2026-09-07T17:00:00Z,1.163196,1.163196,1.162926,1.163061
2026-09-07T17:15:00Z,1.163061,1.163061,1.162926,1.162926
2026-09-07T17:30:00Z,1.162926,1.162926,1.162791,1.162791
2026-09-07T17:45:00Z,1.162791,1.162926,1.162791,1.162926
2026-09-07T18:00:00Z,1.162926,1.162926,1.162791,1.162791
2026-09-07T18:15:00Z,1.162791,1.162791,1.162656,1.162656
2026-09-07T18:30:00Z,1.162656,1.162791,1.162656,1.162791
2026-09-07T18:45:00Z,1.162791,1.162791,1.162656,1.162656
2026-09-07T19:00:00Z,1.162656,1.162656,1.162656,1.162656
2026-09-07T19:15:00Z,1.162656,1.162656,1.162656,1.162656
2026-09-07T19:30:00Z,1.162520,1.162520,1.162520,1.162520
2026-09-07T19:45:00Z,1.162520,1.162520,1.162520,1.162520
2026-09-07T20:00:00Z,1.162520,1.162520,1.162520,1.162520
2026-09-07T20:15:00Z,1.162520,1.162656,1.162520,1.162520
2026-09-07T20:30:00Z,1.162520,1.162656,1.162520,1.162656
2026-09-07T20:45:00Z,1.162656,1.162656,1.162520,1.162656
2026-09-07T21:00:00Z,1.162926,1.162926,1.162385,1.162520
2026-09-07T21:15:00Z,1.162520,1.162926,1.162520,1.162926
2026-09-07T21:30:00Z,1.162791,1.162926,1.162385,1.162520
2026-09-07T21:45:00Z,1.162656,1.162791,1.162520,1.162656
2026-09-07T22:00:00Z,1.162791,1.162791,1.162656,1.162791
2026-09-07T22:15:00Z,1.162791,1.162926,1.162791,1.162926
2026-09-07T22:30:00Z,1.162926,1.162926,1.162791,1.162791
2026-09-07T22:45:00Z,1.162791,1.162926,1.162791,1.162926
2026-09-07T23:00:00Z,1.162926,1.163061,1.162926,1.163061
2026-09-07T23:15:00Z,1.163061,1.163332,1.163061,1.163061
2026-09-07T23:30:00Z,1.163196,1.163196,1.163061,1.163196
2026-09-07T23:45:00Z,1.163332,1.163332,1.162926,1.163061
2026-09-08T00:00:00Z,1.163061,1.163467,1.162926,1.162926
2026-09-08T00:15:00Z,1.162791,1.163061,1.162791,1.163061
2026-09-08T00:30:00Z,1.163061,1.163196,1.162926,1.162926
2026-09-08T00:45:00Z,1.162926,1.163061,1.162926,1.162926
2026-09-08T01:00:00Z,1.163061,1.163196,1.162926,1.163061
2026-09-08T01:15:00Z,1.163196,1.163603,1.163196,1.163467
2026-09-08T01:30:00Z,1.163467,1.163603,1.163332,1.163467
2026-09-08T01:45:00Z,1.163467,1.163603,1.163332,1.163603
2026-09-08T02:00:00Z,1.163738,1.163738,1.163332,1.163332
2026-09-08T02:15:00Z,1.163467,1.163603,1.163196,1.163196
2026-09-08T02:30:00Z,1.163196,1.163196,1.162791,1.162926
2026-09-08T02:45:00Z,1.162926,1.162926,1.162791,1.162791
2026-09-08T03:00:00Z,1.162656,1.162926,1.162656,1.162791
2026-09-08T03:15:00Z,1.162791,1.162926,1.162791,1.162926
2026-09-08T03:30:00Z,1.162926,1.162926,1.162791,1.162926
2026-09-08T03:45:00Z,1.162926,1.163061,1.162791,1.162791
2026-09-08T04:00:00Z,1.162926,1.162926,1.162791,1.162791
2026-09-08T04:15:00Z,1.162791,1.162791,1.162656,1.162656
2026-09-08T04:30:00Z,1.162656,1.162791,1.162656,1.162791
2026-09-08T04:45:00Z,1.162791,1.162791,1.162656,1.162791
2026-09-08T05:00:00Z,1.162791,1.162926,1.162791,1.162926
2026-09-08T05:15:00Z,1.162926,1.162926,1.162656,1.162791
2026-09-08T05:30:00Z,1.162656,1.163061,1.162656,1.163061
2026-09-08T05:45:00Z,1.163061,1.163467,1.163061,1.163467
2026-09-08T06:00:00Z,1.163467,1.163873,1.163332,1.163332
2026-09-08T06:15:00Z,1.163332,1.163332,1.162656,1.162926
2026-09-08T06:30:00Z,1.162791,1.162926,1.162520,1.162926
2026-09-08T06:45:00Z,1.162791,1.162791,1.162385,1.162520
2026-09-08T07:00:00Z,1.162385,1.162656,1.162115,1.162250
2026-09-08T07:15:00Z,1.162250,1.162250,1.161710,1.161845
2026-09-08T07:30:00Z,1.161845,1.161980,1.161305,1.161440
2026-09-08T07:45:00Z,1.161575,1.161710,1.161305,1.161575
2026-09-08T08:00:00Z,1.161575,1.161845,1.161440,1.161440
2026-09-08T08:15:00Z,1.161305,1.161845,1.161170,1.161710
2026-09-08T08:30:00Z,1.161845,1.161845,1.161575,1.161710
2026-09-08T08:45:00Z,1.161440,1.161710,1.161305,1.161305
2026-09-08T09:00:00Z,1.161305,1.161710,1.161305,1.161575
2026-09-08T09:15:00Z,1.161440,1.161575,1.161440,1.161440
2026-09-08T09:30:00Z,1.161440,1.161980,1.161440,1.161710
2026-09-08T09:45:00Z,1.161710,1.161845,1.161575,1.161710
2026-09-08T10:00:00Z,1.161710,1.161710,1.161440,1.161710
2026-09-08T10:15:00Z,1.161710,1.161845,1.161440,1.161440
2026-09-08T10:30:00Z,1.161440,1.161440,1.161305,1.161305
2026-09-08T10:45:00Z,1.161305,1.161710,1.161305,1.161710
2026-09-08T11:00:00Z,1.161575,1.161710,1.161305,1.161440
2026-09-08T11:15:00Z,1.161440,1.161980,1.161440,1.161845
2026-09-08T11:30:00Z,1.161845,1.162250,1.161710,1.161710
2026-09-08T11:45:00Z,1.161575,1.161710,1.161170,1.161575
2026-09-08T12:00:00Z,1.161575,1.161845,1.161575,1.161575
2026-09-08T12:15:00Z,1.161440,1.161980,1.161440,1.161980
2026-09-08T12:30:00Z,1.161980,1.162115,1.161845,1.161845
2026-09-08T12:45:00Z,1.161845,1.162250,1.161845,1.162250
2026-09-08T13:00:00Z,1.162385,1.162791,1.162385,1.162656
2026-09-08T13:15:00Z,1.162656,1.163061,1.162656,1.162656
2026-09-08T13:30:00Z,1.162520,1.162791,1.162250,1.162520
2026-09-08T13:45:00Z,1.162520,1.162656,1.162385,1.162520
2026-09-08T14:00:00Z,1.162656,1.162791,1.162250,1.162250
2026-09-08T14:15:00Z,1.162250,1.163061,1.162250,1.162926
2026-09-08T14:30:00Z,1.162926,1.163467,1.162926,1.163467
2026-09-08T14:45:00Z,1.163467,1.163467,1.163061,1.163332
2026-09-08T15:00:00Z,1.163467,1.163603,1.163332,1.163467
2026-09-08T15:15:00Z,1.163603,1.163603,1.163196,1.163332
2026-09-08T15:30:00Z,1.163332,1.163467,1.163061,1.163196
2026-09-08T15:45:00Z,1.163061,1.163196,1.163061,1.163061
2026-09-08T16:00:00Z,1.162926,1.162926,1.162520,1.162656
2026-09-08T16:15:00Z,1.162656,1.162656,1.162385,1.162656
2026-09-08T16:30:00Z,1.162656,1.162791,1.162385,1.162520
2026-09-08T16:45:00Z,1.162520,1.162791,1.162385,1.162656
2026-09-08T17:00:00Z,1.162791,1.163061,1.162791,1.162926
2026-09-08T17:15:00Z,1.162926,1.163061,1.162926,1.162926
2026-09-08T17:30:00Z,1.162926,1.162926,1.162791,1.162791
2026-09-08T17:45:00Z,1.162926,1.162926,1.162791,1.162926
2026-09-08T18:00:00Z,1.162926,1.163061,1.162926,1.162926
2026-09-08T18:15:00Z,1.162926,1.163196,1.162791,1.163061
2026-09-08T18:30:00Z,1.163061,1.163467,1.163061,1.163467
2026-09-08T18:45:00Z,1.163332,1.163467,1.162656,1.162926
2026-09-08T19:00:00Z,1.163196,1.163332,1.162926,1.162926
2026-09-08T19:15:00Z,1.163061,1.163061,1.162926,1.162926
2026-09-08T19:30:00Z,1.162926,1.163061,1.162926,1.163061
2026-09-08T19:45:00Z,1.162926,1.162926,1.162656,1.162656
2026-09-08T20:00:00Z,1.162656,1.162791,1.162656,1.162656
2026-09-08T20:15:00Z,1.162656,1.162791,1.162656,1.162656
2026-09-08T20:30:00Z,1.162520,1.162791,1.162520,1.162656
2026-09-08T20:45:00Z,1.162656,1.162656,1.162520,1.162656
2026-09-08T21:00:00Z,1.163196,1.163196,1.162520,1.162656
2026-09-08T21:15:00Z,1.162791,1.163061,1.162520,1.162791
2026-09-08T21:30:00Z,1.162791,1.162926,1.162656,1.162926
2026-09-08T21:45:00Z,1.162926,1.163061,1.162791,1.163061
2026-09-08T22:00:00Z,1.162791,1.162926,1.162791,1.162926
2026-09-08T22:15:00Z,1.162926,1.163061,1.162926,1.163061
2026-09-08T22:30:00Z,1.163061,1.163061,1.162926,1.162926
2026-09-08T22:45:00Z,1.162926,1.162926,1.162926,1.162926
2026-09-08T23:00:00Z,1.162926,1.162926,1.162926,1.162926
2026-09-08T23:15:00Z,1.162926,1.163061,1.162926,1.163061
2026-09-08T23:30:00Z,1.163061,1.163196,1.162926,1.163196
2026-09-08T23:45:00Z,1.163196,1.163196,1.163061,1.163061
2026-09-09T00:00:00Z,1.163196,1.163467,1.163196,1.163467
2026-09-09T00:15:00Z,1.163332,1.163467,1.163332,1.163467
2026-09-09T00:30:00Z,1.163467,1.163467,1.163332,1.163467
2026-09-09T00:45:00Z,1.163332,1.163467,1.163332,1.163467
2026-09-09T01:00:00Z,1.163467,1.163467,1.163196,1.163467
2026-09-09T01:15:00Z,1.163467,1.163603,1.163061,1.163196
2026-09-09T01:30:00Z,1.163061,1.163332,1.163061,1.163332
2026-09-09T01:45:00Z,1.163332,1.163467,1.163332,1.163467
2026-09-09T02:00:00Z,1.163467,1.163467,1.163196,1.163332
2026-09-09T02:15:00Z,1.163332,1.163332,1.163196,1.163196
2026-09-09T02:30:00Z,1.163196,1.163332,1.163196,1.163196
2026-09-09T02:45:00Z,1.163332,1.163467,1.163332,1.163467
2026-09-09T03:00:00Z,1.163467,1.163467,1.163332,1.163467
2026-09-09T03:15:00Z,1.163467,1.163467,1.163332,1.163332
2026-09-09T03:30:00Z,1.163332,1.163467,1.163332,1.163467
2026-09-09T03:45:00Z,1.163467,1.163603,1.163332,1.163332
2026-09-09T04:00:00Z,1.163332,1.163467,1.163332,1.163467
2026-09-09T04:15:00Z,1.163467,1.163603,1.163332,1.163603
2026-09-09T04:30:00Z,1.163603,1.163603,1.163467,1.163467
2026-09-09T04:45:00Z,1.163467,1.163603,1.163467,1.163603
2026-09-09T05:00:00Z,1.163603,1.163873,1.163603,1.163738
2026-09-09T05:15:00Z,1.163738,1.164009,1.163738,1.164009
2026-09-09T05:30:00Z,1.163873,1.163873,1.163738,1.163738
2026-09-09T05:45:00Z,1.163603,1.163873,1.163603,1.163873
2026-09-09T06:00:00Z,1.163873,1.164415,1.163873,1.164415
2026-09-09T06:15:00Z,1.164551,1.164822,1.164415,1.164415
2026-09-09T06:30:00Z,1.164415,1.164551,1.164144,1.164144
2026-09-09T06:45:00Z,1.164144,1.164280,1.164144,1.164280
2026-09-09T07:00:00Z,1.164280,1.164822,1.164280,1.164822
2026-09-09T07:15:00Z,1.164822,1.164958,1.164144,1.164280
2026-09-09T07:30:00Z,1.164280,1.164687,1.164144,1.164687
2026-09-09T07:45:00Z,1.164822,1.165230,1.164551,1.164551
2026-09-09T08:00:00Z,1.164551,1.164551,1.164009,1.164280
2026-09-09T08:15:00Z,1.164280,1.164280,1.164009,1.164009
2026-09-09T08:30:00Z,1.164009,1.164009,1.163738,1.163738
2026-09-09T08:45:00Z,1.163873,1.164009,1.163603,1.163603
2026-09-09T09:00:00Z,1.163603,1.163738,1.163467,1.163467
2026-09-09T09:15:00Z,1.163603,1.163738,1.163603,1.163603
2026-09-09T09:30:00Z,1.163738,1.163738,1.163467,1.163467
2026-09-09T09:45:00Z,1.163332,1.163332,1.162656,1.162656
2026-09-09T10:00:00Z,1.162791,1.163061,1.162520,1.162791
2026-09-09T10:15:00Z,1.162791,1.163061,1.162791,1.162926
2026-09-09T10:30:00Z,1.163061,1.163467,1.163061,1.163061
2026-09-09T10:45:00Z,1.163196,1.163603,1.163196,1.163332
2026-09-09T11:00:00Z,1.163332,1.163603,1.163332,1.163603
2026-09-09T11:15:00Z,1.163603,1.164958,1.163603,1.164958
2026-09-09T11:30:00Z,1.164958,1.165094,1.164687,1.164958
2026-09-09T11:45:00Z,1.164822,1.165094,1.164687,1.164958
2026-09-09T12:00:00Z,1.165094,1.165637,1.165094,1.165637
2026-09-09T12:15:00Z,1.165501,1.165501,1.164958,1.165094
2026-09-09T12:30:00Z,1.165094,1.165094,1.164958,1.165094
2026-09-09T12:45:00Z,1.165094,1.165094,1.164687,1.164958
2026-09-09T13:00:00Z,1.164958,1.165230,1.164958,1.165094
2026-09-09T13:15:00Z,1.164958,1.165094,1.164822,1.165094
2026-09-09T13:30:00Z,1.165094,1.165230,1.164822,1.165230
2026-09-09T13:45:00Z,1.165230,1.165365,1.164958,1.164958
2026-09-09T14:00:00Z,1.165094,1.165501,1.165094,1.165501
2026-09-09T14:15:00Z,1.165637,1.165637,1.164822,1.165094
2026-09-09T14:30:00Z,1.164958,1.165094,1.164822,1.164958
2026-09-09T14:45:00Z,1.164822,1.165094,1.164822,1.165094
2026-09-09T15:00:00Z,1.165094,1.165094,1.162656,1.162656
2026-09-09T15:15:00Z,1.162656,1.162791,1.162385,1.162791
2026-09-09T15:30:00Z,1.162791,1.163603,1.162791,1.163603
2026-09-09T15:45:00Z,1.163467,1.163467,1.162926,1.163061
2026-09-09T16:00:00Z,1.163061,1.163603,1.163061,1.163332
2026-09-09T16:15:00Z,1.163196,1.163332,1.163061,1.163196
2026-09-09T16:30:00Z,1.163332,1.163873,1.163332,1.163873
2026-09-09T16:45:00Z,1.163873,1.164280,1.163873,1.163873
2026-09-09T17:00:00Z,1.163873,1.164280,1.163873,1.164280
2026-09-09T17:15:00Z,1.164144,1.164415,1.164144,1.164415
2026-09-09T17:30:00Z,1.164415,1.164415,1.164009,1.164280
2026-09-09T17:45:00Z,1.164280,1.164280,1.164144,1.164144
2026-09-09T18:00:00Z,1.164280,1.164280,1.164144,1.164280
2026-09-09T18:15:00Z,1.164144,1.164144,1.163873,1.163873
2026-09-09T18:30:00Z,1.163873,1.163873,1.163467,1.163467
2026-09-09T18:45:00Z,1.163467,1.163467,1.163196,1.163196
2026-09-09T19:00:00Z,1.163332,1.163332,1.162926,1.163061
2026-09-09T19:15:00Z,1.163061,1.163196,1.162926,1.163061
2026-09-09T19:30:00Z,1.163061,1.163332,1.163061,1.163332
2026-09-09T19:45:00Z,1.163467,1.163467,1.163332,1.163467
2026-09-09T20:00:00Z,1.163332,1.163332,1.163196,1.163332
2026-09-09T20:15:00Z,1.163196,1.163332,1.163196,1.163332
2026-09-09T20:30:00Z,1.163332,1.163467,1.163332,1.163467
2026-09-09T20:45:00Z,1.163467,1.163603,1.163467,1.163603
2026-09-09T21:00:00Z,1.162656,1.164009,1.162520,1.164009
2026-09-09T21:15:00Z,1.163873,1.164009,1.163467,1.163873
2026-09-09T21:30:00Z,1.164144,1.164144,1.163738,1.164144
2026-09-09T21:45:00Z,1.164009,1.164009,1.163873,1.163873
2026-09-09T22:00:00Z,1.164009,1.164009,1.163738,1.163873
2026-09-09T22:15:00Z,1.163873,1.164144,1.163873,1.164144
2026-09-09T22:30:00Z,1.164144,1.164144,1.164009,1.164144
2026-09-09T22:45:00Z,1.164009,1.164144,1.164009,1.164144
2026-09-09T23:00:00Z,1.164144,1.164144,1.164009,1.164144
2026-09-09T23:15:00Z,1.164144,1.164144,1.164009,1.164009
2026-09-09T23:30:00Z,1.164009,1.164009,1.163873,1.163873
2026-09-09T23:45:00Z,1.164009,1.164009,1.163738,1.163738
2026-09-10T00:00:00Z,1.163603,1.163738,1.163467,1.163738
2026-09-10T00:15:00Z,1.163738,1.163738,1.163467,1.163467
2026-09-10T00:30:00Z,1.163467,1.163603,1.163332,1.163467
2026-09-10T00:45:00Z,1.163467,1.163738,1.163467,1.163467
2026-09-10T01:00:00Z,1.163603,1.163873,1.163467,1.163873
2026-09-10T01:15:00Z,1.163873,1.163873,1.163603,1.163603
2026-09-10T01:30:00Z,1.163603,1.163738,1.163603,1.163603
2026-09-10T01:45:00Z,1.163738,1.164280,1.163738,1.164280
2026-09-10T02:00:00Z,1.164280,1.164415,1.164144,1.164144
2026-09-10T02:15:00Z,1.164144,1.164144,1.164009,1.164009
2026-09-10T02:30:00Z,1.163873,1.164144,1.163738,1.164009
2026-09-10T02:45:00Z,1.164009,1.164280,1.163873,1.164280
2026-09-10T03:00:00Z,1.164280,1.164280,1.164009,1.164009
2026-09-10T03:15:00Z,1.164009,1.164144,1.164009,1.164009
2026-09-10T03:30:00Z,1.164009,1.164144,1.164009,1.164009
2026-09-10T03:45:00Z,1.164009,1.164144,1.164009,1.164144
2026-09-10T04:00:00Z,1.164144,1.164280,1.164144,1.164280
2026-09-10T04:15:00Z,1.164280,1.164280,1.164144,1.164144
2026-09-10T04:30:00Z,1.164144,1.164280,1.164144,1.164144
2026-09-10T04:45:00Z,1.164144,1.164144,1.164009,1.164009
2026-09-10T05:00:00Z,1.164144,1.164144,1.164009,1.164144
2026-09-10T05:15:00Z,1.164144,1.164280,1.164144,1.164144
2026-09-10T05:30:00Z,1.164280,1.164280,1.164144,1.164144
2026-09-10T05:45:00Z,1.164144,1.164415,1.164144,1.164280
2026-09-10T06:00:00Z,1.164280,1.164280,1.164144,1.164144
2026-09-10T06:15:00Z,1.164144,1.164280,1.164144,1.164280
2026-09-10T06:30:00Z,1.164280,1.164280,1.164144,1.164144
2026-09-10T06:45:00Z,1.164144,1.164280,1.164009,1.164280
2026-09-10T07:00:00Z,1.164280,1.164280,1.163873,1.164144
2026-09-10T07:15:00Z,1.164144,1.164280,1.164144,1.164144
2026-09-10T07:30:00Z,1.164280,1.164415,1.164280,1.164415
2026-09-10T07:45:00Z,1.164415,1.164415,1.164280,1.164280
2026-09-10T08:00:00Z,1.164280,1.164280,1.163873,1.164009
2026-09-10T08:15:00Z,1.163873,1.164144,1.163873,1.164144
2026-09-10T08:30:00Z,1.164144,1.164280,1.164009,1.164009
2026-09-10T08:45:00Z,1.164009,1.164144,1.163873,1.164144
2026-09-10T09:00:00Z,1.164144,1.164280,1.164144,1.164280
2026-09-10T09:15:00Z,1.164280,1.164280,1.163873,1.164009
2026-09-10T09:30:00Z,1.164009,1.164009,1.163603,1.163603
2026-09-10T09:45:00Z,1.163738,1.163873,1.163603,1.163738
2026-09-10T10:00:00Z,1.163738,1.164144,1.163738,1.163873
2026-09-10T10:15:00Z,1.163873,1.164009,1.163467,1.163467
2026-09-10T10:30:00Z,1.163332,1.163332,1.162791,1.162791
2026-09-10T10:45:00Z,1.162791,1.163196,1.162791,1.163196
2026-09-10T11:00:00Z,1.163061,1.163196,1.162656,1.162791
2026-09-10T11:15:00Z,1.162926,1.162926,1.162520,1.162656
2026-09-10T11:30:00Z,1.162656,1.162926,1.162656,1.162926
2026-09-10T11:45:00Z,1.163061,1.163061,1.161980,1.161980
2026-09-10T12:00:00Z,1.162115,1.162115,1.161710,1.161980
2026-09-10T12:15:00Z,1.161710,1.162791,1.161575,1.162520
2026-09-10T12:30:00Z,1.162385,1.162385,1.159689,1.160362
2026-09-10T12:45:00Z,1.160497,1.161305,1.160362,1.160766
2026-09-10T13:00:00Z,1.160901,1.160901,1.160362,1.160497
2026-09-10T13:15:00Z,1.160497,1.160766,1.160227,1.160631
2026-09-10T13:30:00Z,1.160766,1.161980,1.160631,1.161980
2026-09-10T13:45:00Z,1.162115,1.162115,1.161575,1.161575
2026-09-10T14:00:00Z,1.161710,1.162385,1.161710,1.162385
2026-09-10T14:15:00Z,1.162250,1.162656,1.161980,1.162656
2026-09-10T14:30:00Z,1.162385,1.163061,1.162385,1.162791
2026-09-10T14:45:00Z,1.162926,1.163196,1.162791,1.163196
2026-09-10T15:00:00Z,1.163196,1.163332,1.163061,1.163332
2026-09-10T15:15:00Z,1.163196,1.163467,1.162791,1.162791
2026-09-10T15:30:00Z,1.162791,1.163196,1.162791,1.163196
2026-09-10T15:45:00Z,1.163061,1.163332,1.162926,1.163061
2026-09-10T16:00:00Z,1.163061,1.163061,1.162791,1.162926
2026-09-10T16:15:00Z,1.162791,1.163196,1.162791,1.162926
2026-09-10T16:30:00Z,1.162926,1.162926,1.162385,1.162520
2026-09-10T16:45:00Z,1.162520,1.162520,1.162250,1.162250
2026-09-10T17:00:00Z,1.162250,1.162520,1.161980,1.162520
2026-09-10T17:15:00Z,1.162385,1.162656,1.162385,1.162520
2026-09-10T17:30:00Z,1.162520,1.162520,1.162250,1.162250
2026-09-10T17:45:00Z,1.162250,1.162520,1.162250,1.162250
2026-09-10T18:00:00Z,1.162250,1.162250,1.161710,1.161710
2026-09-10T18:15:00Z,1.161575,1.161980,1.161575,1.161980
2026-09-10T18:30:00Z,1.161710,1.161845,1.161710,1.161845
2026-09-10T18:45:00Z,1.161845,1.161980,1.161575,1.161575
2026-09-10T19:00:00Z,1.161710,1.161710,1.161305,1.161305
2026-09-10T19:15:00Z,1.161305,1.161575,1.161305,1.161575
2026-09-10T19:30:00Z,1.161575,1.161575,1.161440,1.161440
2026-09-10T19:45:00Z,1.161440,1.161575,1.161305,1.161440
2026-09-10T20:00:00Z,1.161305,1.161305,1.161305,1.161305
2026-09-10T20:15:00Z,1.161305,1.161305,1.160901,1.160901
2026-09-10T20:30:00Z,1.161036,1.161305,1.161036,1.161036
2026-09-10T20:45:00Z,1.161170,1.161575,1.161036,1.161575
2026-09-10T21:00:00Z,1.161575,1.161845,1.161036,1.161575
2026-09-10T21:15:00Z,1.161440,1.161845,1.161170,1.161170
2026-09-10T21:30:00Z,1.160901,1.161980,1.160766,1.160901
2026-09-10T21:45:00Z,1.161305,1.161575,1.160901,1.161305
2026-09-10T22:00:00Z,1.161036,1.161440,1.161036,1.161170
2026-09-10T22:15:00Z,1.161305,1.161305,1.161170,1.161305
2026-09-10T22:30:00Z,1.161170,1.161305,1.161170,1.161305
2026-09-10T22:45:00Z,1.161305,1.161440,1.161305,1.161440
2026-09-10T23:00:00Z,1.161305,1.161440,1.161170,1.161305
2026-09-10T23:15:00Z,1.161305,1.161440,1.161170,1.161170
2026-09-10T23:30:00Z,1.161170,1.161305,1.161170,1.161305
2026-09-10T23:45:00Z,1.161440,1.161440,1.161305,1.161440
2026-09-11T00:00:00Z,1.161440,1.161710,1.161440,1.161710
2026-09-11T00:15:00Z,1.161575,1.161710,1.161440,1.161575
2026-09-11T00:30:00Z,1.161710,1.161710,1.161575,1.161710
2026-09-11T00:45:00Z,1.161710,1.161845,1.161710,1.161845
2026-09-11T01:00:00Z,1.161845,1.161980,1.161845,1.161980
2026-09-11T01:15:00Z,1.161980,1.162115,1.161845,1.161980
2026-09-11T01:30:00Z,1.161845,1.161980,1.161710,1.161710
2026-09-11T01:45:00Z,1.161710,1.161710,1.161440,1.161575
2026-09-11T02:00:00Z,1.161575,1.161575,1.161305,1.161305
2026-09-11T02:15:00Z,1.161305,1.161305,1.160901,1.160901
2026-09-11T02:30:00Z,1.160901,1.161170,1.160901,1.161036
2026-09-11T02:45:00Z,1.161036,1.161170,1.161036,1.161036
2026-09-11T03:00:00Z,1.161036,1.161170,1.160901,1.161036
2026-09-11T03:15:00Z,1.161036,1.161036,1.160497,1.160497
2026-09-11T03:30:00Z,1.160497,1.160497,1.160362,1.160497
2026-09-11T03:45:00Z,1.160497,1.160631,1.160362,1.160497
2026-09-11T04:00:00Z,1.160497,1.161036,1.160362,1.160901
2026-09-11T04:15:00Z,1.161036,1.161170,1.161036,1.161170
2026-09-11T04:30:00Z,1.161170,1.161170,1.160901,1.160901
2026-09-11T04:45:00Z,1.160901,1.161036,1.160766,1.160766
2026-09-11T05:00:00Z,1.160766,1.161170,1.160766,1.161170
2026-09-11T05:15:00Z,1.161305,1.161440,1.161170,1.161305
2026-09-11T05:30:00Z,1.161440,1.161710,1.161440,1.161575
2026-09-11T05:45:00Z,1.161440,1.161575,1.161305,1.161305
2026-09-11T06:00:00Z,1.161305,1.161575,1.161305,1.161575
2026-09-11T06:15:00Z,1.161710,1.161710,1.161440,1.161575
2026-09-11T06:30:00Z,1.161440,1.161575,1.161305,1.161440
2026-09-11T06:45:00Z,1.161305,1.161575,1.161305,1.161305
2026-09-11T07:00:00Z,1.161440,1.161440,1.161036,1.161170
2026-09-11T07:15:00Z,1.161170,1.161305,1.161036,1.161036
2026-09-11T07:30:00Z,1.161036,1.161170,1.160766,1.160766
2026-09-11T07:45:00Z,1.160631,1.160901,1.160497,1.160766
2026-09-11T08:00:00Z,1.160901,1.160901,1.160631,1.160901
2026-09-11T08:15:00Z,1.160766,1.161170,1.160631,1.160631
2026-09-11T08:30:00Z,1.160631,1.160766,1.160631,1.160766
2026-09-11T08:45:00Z,1.160766,1.160766,1.160227,1.160227
2026-09-11T09:00:00Z,1.160362,1.160497,1.159958,1.160093
2026-09-11T09:15:00Z,1.160093,1.160497,1.160093,1.160362
2026-09-11T09:30:00Z,1.160362,1.160362,1.160093,1.160227
2026-09-11T09:45:00Z,1.160093,1.160093,1.159958,1.159958
2026-09-11T10:00:00Z,1.159958,1.160093,1.159824,1.159958
2026-09-11T10:15:00Z,1.159824,1.159824,1.159555,1.159555
2026-09-11T10:30:00Z,1.159555,1.159689,1.159420,1.159420
2026-09-11T10:45:00Z,1.159420,1.159555,1.159420,1.159555
2026-09-11T11:00:00Z,1.159555,1.159689,1.159555,1.159689
2026-09-11T11:15:00Z,1.159689,1.159689,1.159555,1.159689
2026-09-11T11:30:00Z,1.159689,1.159824,1.159420,1.159555
2026-09-11T11:45:00Z,1.159824,1.159824,1.159420,1.159420
2026-09-11T12:00:00Z,1.159555,1.159689,1.159555,1.159689
2026-09-11T12:15:00Z,1.159555,1.159958,1.159420,1.159958
2026-09-11T12:30:00Z,1.158212,1.159689,1.157407,1.159555
2026-09-11T12:45:00Z,1.160093,1.160631,1.159824,1.160497
2026-09-11T13:00:00Z,1.160631,1.161170,1.160362,1.160766
2026-09-11T13:15:00Z,1.160631,1.161036,1.160362,1.161036
2026-09-11T13:30:00Z,1.160901,1.160901,1.160497,1.160497
2026-09-11T13:45:00Z,1.160766,1.161575,1.160766,1.161575
2026-09-11T14:00:00Z,1.161305,1.161845,1.161170,1.161440
2026-09-11T14:15:00Z,1.161440,1.161575,1.161170,1.161170
2026-09-11T14:30:00Z,1.161170,1.161305,1.161036,1.161305
2026-09-11T14:45:00Z,1.161305,1.161845,1.161305,1.161845
2026-09-11T15:00:00Z,1.161710,1.161845,1.161036,1.161170
2026-09-11T15:15:00Z,1.161036,1.161170,1.160766,1.160766
2026-09-11T15:30:00Z,1.160766,1.160901,1.160497,1.160631
2026-09-11T15:45:00Z,1.160497,1.160631,1.160362,1.160631
2026-09-11T16:00:00Z,1.160631,1.160901,1.160631,1.160631
2026-09-11T16:15:00Z,1.160631,1.161036,1.160631,1.160901
2026-09-11T16:30:00Z,1.160901,1.160901,1.160362,1.160362
2026-09-11T16:45:00Z,1.160362,1.160631,1.160227,1.160362
2026-09-11T17:00:00Z,1.160227,1.160227,1.159958,1.159958
2026-09-11T17:15:00Z,1.160093,1.160362,1.159958,1.160227
2026-09-11T17:30:00Z,1.160227,1.160362,1.160227,1.160362
2026-09-11T17:45:00Z,1.160227,1.160362,1.160093,1.160093
2026-09-11T18:00:00Z,1.160093,1.160227,1.160093,1.160227
2026-09-11T18:15:00Z,1.160093,1.160227,1.159958,1.159958
2026-09-11T18:30:00Z,1.159958,1.159958,1.159555,1.159689
2026-09-11T18:45:00Z,1.159555,1.159958,1.159555,1.159958
2026-09-11T19:00:00Z,1.159824,1.160093,1.159689,1.160093
2026-09-11T19:15:00Z,1.160093,1.160093,1.159958,1.159958
2026-09-11T19:30:00Z,1.159958,1.159958,1.159824,1.159958
2026-09-11T19:45:00Z,1.159824,1.159958,1.159824,1.159958
2026-09-11T20:00:00Z,1.159958,1.159958,1.159689,1.159824
2026-09-11T20:15:00Z,1.159824,1.159824,1.159689,1.159689
2026-09-11T20:30:00Z,1.159689,1.159689,1.159555,1.159689
2026-09-11T20:45:00Z,1.159824,1.160093,1.159689,1.159958
2026-09-11T21:00:00Z,1.160227,1.160227,1.160227,1.160227
2026-09-11T21:15:00Z,1.160227,1.160227,1.160227,1.160227
2026-09-13T23:00:00Z,1.159420,1.159555,1.159420,1.159420
2026-09-13T23:15:00Z,1.159420,1.159420,1.159286,1.159420
2026-09-13T23:30:00Z,1.159420,1.159555,1.159286,1.159420
2026-09-13T23:45:00Z,1.159555,1.159689,1.159555,1.159689
2026-09-14T00:00:00Z,1.159689,1.159958,1.159555,1.159555
2026-09-14T00:15:00Z,1.159555,1.159555,1.158883,1.158883
2026-09-14T00:30:00Z,1.159017,1.159152,1.158883,1.158883
2026-09-14T00:45:00Z,1.159017,1.159152,1.158883,1.159152
2026-09-14T01:00:00Z,1.159152,1.159152,1.158749,1.158749
2026-09-14T01:15:00Z,1.158749,1.159152,1.158749,1.159152
2026-09-14T01:30:00Z,1.159017,1.159286,1.158883,1.159286
2026-09-14T01:45:00Z,1.159152,1.159152,1.158883,1.158883
2026-09-14T02:00:00Z,1.158883,1.159152,1.158883,1.159152
2026-09-14T02:15:00Z,1.159017,1.159152,1.159017,1.159017
2026-09-14T02:30:00Z,1.159017,1.159017,1.158749,1.158883
2026-09-14T02:45:00Z,1.158749,1.158883,1.158480,1.158480
2026-09-14T03:00:00Z,1.158480,1.158480,1.157943,1.157943
2026-09-14T03:15:00Z,1.157809,1.157943,1.157675,1.157675
2026-09-14T03:30:00Z,1.157541,1.157541,1.157274,1.157407
2026-09-14T03:45:00Z,1.157274,1.157407,1.157274,1.157407
2026-09-14T04:00:00Z,1.157407,1.157407,1.157140,1.157140
2026-09-14T04:15:00Z,1.157140,1.157140,1.156872,1.156872
2026-09-14T04:30:00Z,1.156872,1.157006,1.156604,1.156604
2026-09-14T04:45:00Z,1.156604,1.157006,1.156604,1.156872
2026-09-14T05:00:00Z,1.156872,1.156872,1.156738,1.156738
2026-09-14T05:15:00Z,1.156738,1.157140,1.156738,1.157140
2026-09-14T05:30:00Z,1.157140,1.157274,1.157140,1.157274
2026-09-14T05:45:00Z,1.157274,1.157407,1.157140,1.157274
2026-09-14T06:00:00Z,1.157274,1.157274,1.156203,1.156337
2026-09-14T06:15:00Z,1.156203,1.156203,1.155535,1.155936
2026-09-14T06:30:00Z,1.155802,1.156337,1.155802,1.156337
2026-09-14T06:45:00Z,1.156203,1.156203,1.155402,1.155668
2026-09-14T07:00:00Z,1.155668,1.156069,1.155535,1.156069
2026-09-14T07:15:00Z,1.155936,1.156069,1.155802,1.155802
2026-09-14T07:30:00Z,1.155668,1.155802,1.155135,1.155268
2026-09-14T07:45:00Z,1.155268,1.155268,1.154734,1.154868
2026-09-14T08:00:00Z,1.154734,1.154734,1.154068,1.154068
2026-09-14T08:15:00Z,1.153935,1.154068,1.153802,1.153935
2026-09-14T08:30:00Z,1.153802,1.154335,1.153802,1.154068
2026-09-14T08:45:00Z,1.154068,1.154468,1.154068,1.154201
2026-09-14T09:00:00Z,1.154335,1.154468,1.154201,1.154201
2026-09-14T09:15:00Z,1.153935,1.154601,1.153935,1.154601
2026-09-14T09:30:00Z,1.154734,1.154734,1.154468,1.154601
2026-09-14T09:45:00Z,1.154734,1.154734,1.154468,1.154468
2026-09-14T10:00:00Z,1.154468,1.154468,1.154201,1.154468
2026-09-14T10:15:00Z,1.154335,1.154468,1.154068,1.154468
2026-09-14T10:30:00Z,1.154468,1.154468,1.154335,1.154335
2026-09-14T10:45:00Z,1.154468,1.154468,1.154201,1.154335
2026-09-14T11:00:00Z,1.154335,1.154734,1.154335,1.154734
2026-09-14T11:15:00Z,1.154734,1.155268,1.154734,1.155135
2026-09-14T11:30:00Z,1.155268,1.155268,1.155135,1.155135
2026-09-14T11:45:00Z,1.155001,1.155135,1.154734,1.155135
2026-09-14T12:00:00Z,1.155135,1.155535,1.155135,1.155268
2026-09-14T12:15:00Z,1.155135,1.155268,1.154468,1.154468
2026-09-14T12:30:00Z,1.154335,1.154335,1.153403,1.153802
2026-09-14T12:45:00Z,1.153935,1.153935,1.153403,1.153536
2026-09-14T13:00:00Z,1.153536,1.153935,1.153270,1.153935
2026-09-14T13:15:00Z,1.153935,1.154068,1.153669,1.153802
2026-09-14T13:30:00Z,1.153802,1.154068,1.153669,1.153802
2026-09-14T13:45:00Z,1.153669,1.153669,1.152738,1.152871
2026-09-14T14:00:00Z,1.152871,1.153935,1.152738,1.153802
2026-09-14T14:15:00Z,1.153802,1.153935,1.153136,1.153403
2026-09-14T14:30:00Z,1.153536,1.154468,1.153536,1.154468
2026-09-14T14:45:00Z,1.154601,1.154601,1.153935,1.154068
2026-09-14T15:00:00Z,1.154068,1.154868,1.153935,1.154468
2026-09-14T15:15:00Z,1.154468,1.154601,1.154201,1.154468
2026-09-14T15:30:00Z,1.154601,1.155268,1.154335,1.155135
2026-09-14T15:45:00Z,1.155135,1.155268,1.154868,1.155135
2026-09-14T16:00:00Z,1.155268,1.155535,1.155135,1.155402
2026-09-14T16:15:00Z,1.155668,1.155668,1.155402,1.155535
2026-09-14T16:30:00Z,1.155402,1.156203,1.155402,1.156203
2026-09-14T16:45:00Z,1.156203,1.156738,1.156203,1.156337
2026-09-14T17:00:00Z,1.156470,1.156470,1.156203,1.156203
2026-09-14T17:15:00Z,1.156203,1.156203,1.156069,1.156069
2026-09-14T17:30:00Z,1.156203,1.156203,1.155802,1.155936
2026-09-14T17:45:00Z,1.155802,1.156069,1.155802,1.155936
2026-09-14T18:00:00Z,1.155936,1.156069,1.155936,1.156069
2026-09-14T18:15:00Z,1.156069,1.156069,1.155936,1.156069
2026-09-14T18:30:00Z,1.156069,1.156203,1.156069,1.156069
2026-09-14T18:45:00Z,1.156069,1.156069,1.155936,1.155936
2026-09-14T19:00:00Z,1.156069,1.156069,1.155936,1.155936
2026-09-14T19:15:00Z,1.156069,1.156069,1.155668,1.155668
2026-09-14T19:30:00Z,1.155668,1.155668,1.155535,1.155535
2026-09-14T19:45:00Z,1.155535,1.155535,1.155135,1.155135
2026-09-14T20:00:00Z,1.155001,1.155001,1.154868,1.155001
2026-09-14T20:15:00Z,1.155001,1.155001,1.155001,1.155001
2026-09-14T20:30:00Z,1.155001,1.155268,1.155001,1.155135
2026-09-14T20:45:00Z,1.155268,1.155402,1.155135,1.155135
2026-09-14T21:00:00Z,1.155001,1.155802,1.154734,1.155402
2026-09-14T21:15:00Z,1.155668,1.155668,1.155001,1.155402
2026-09-14T21:30:00Z,1.155402,1.155535,1.155135,1.155268
2026-09-14T21:45:00Z,1.155268,1.155802,1.155135,1.155402
2026-09-14T22:00:00Z,1.155402,1.155402,1.155268,1.155402
2026-09-14T22:15:00Z,1.155268,1.155402,1.155268,1.155268
2026-09-14T22:30:00Z,1.155268,1.155535,1.155268,1.155402
2026-09-14T22:45:00Z,1.155402,1.155535,1.155402,1.155535
2026-09-14T23:00:00Z,1.155535,1.155535,1.155535,1.155535
2026-09-14T23:15:00Z,1.155535,1.155535,1.155268,1.155402
2026-09-14T23:30:00Z,1.155402,1.155402,1.155135,1.155135
2026-09-14T23:45:00Z,1.155268,1.155268,1.155001,1.155135
2026-09-15T00:00:00Z,1.155135,1.155135,1.155001,1.155001
2026-09-15T00:15:00Z,1.155001,1.155001,1.154734,1.154734
2026-09-15T00:30:00Z,1.154734,1.154734,1.154601,1.154734
2026-09-15T00:45:00Z,1.154868,1.154868,1.154734,1.154734
2026-09-15T01:00:00Z,1.154601,1.154734,1.154468,1.154601
2026-09-15T01:15:00Z,1.154601,1.154734,1.154201,1.154201
2026-09-15T01:30:00Z,1.154201,1.154335,1.154068,1.154068
2026-09-15T01:45:00Z,1.154068,1.154335,1.154068,1.154201
2026-09-15T02:00:00Z,1.154201,1.154335,1.154068,1.154068
2026-09-15T02:15:00Z,1.154068,1.154068,1.154068,1.154068
2026-09-15T02:30:00Z,1.153935,1.154068,1.153935,1.153935
2026-09-15T02:45:00Z,1.154068,1.154468,1.154068,1.154335
2026-09-15T03:00:00Z,1.154468,1.154468,1.154201,1.154201
2026-09-15T03:15:00Z,1.154201,1.154335,1.154201,1.154201
2026-09-15T03:30:00Z,1.154201,1.154201,1.154068,1.154068
2026-09-15T03:45:00Z,1.154068,1.154201,1.154068,1.154068
2026-09-15T04:00:00Z,1.154068,1.154068,1.153935,1.154068
2026-09-15T04:15:00Z,1.154068,1.154068,1.153802,1.153935
2026-09-15T04:30:00Z,1.153935,1.154201,1.153935,1.154068
2026-09-15T04:45:00Z,1.154068,1.154068,1.153935,1.154068
2026-09-15T05:00:00Z,1.154068,1.154068,1.153802,1.154068
2026-09-15T05:15:00Z,1.153935,1.153935,1.153802,1.153935
2026-09-15T05:30:00Z,1.153935,1.154068,1.153669,1.154068
2026-09-15T05:45:00Z,1.154068,1.154068,1.153802,1.153802
2026-09-15T06:00:00Z,1.153802,1.153802,1.153536,1.153802
2026-09-15T06:15:00Z,1.153536,1.153669,1.153136,1.153270
2026-09-15T06:30:00Z,1.153136,1.153403,1.153136,1.153136
2026-09-15T06:45:00Z,1.153136,1.153802,1.153004,1.153802
2026-09-15T07:00:00Z,1.153802,1.154068,1.153669,1.153935
2026-09-15T07:15:00Z,1.153935,1.154201,1.153935,1.154201
2026-09-15T07:30:00Z,1.154201,1.154335,1.153935,1.154201
2026-09-15T07:45:00Z,1.154201,1.154335,1.154068,1.154335
2026-09-15T08:00:00Z,1.154468,1.154468,1.153935,1.154201
2026-09-15T08:15:00Z,1.154068,1.154201,1.154068,1.154068
2026-09-15T08:30:00Z,1.154068,1.154335,1.153802,1.153802
2026-09-15T08:45:00Z,1.153802,1.153802,1.153669,1.153669
2026-09-15T09:00:00Z,1.153802,1.153935,1.153802,1.153935
2026-09-15T09:15:00Z,1.153935,1.153935,1.153536,1.153935
2026-09-15T09:30:00Z,1.153935,1.153935,1.153669,1.153802
2026-09-15T09:45:00Z,1.153802,1.154201,1.153802,1.154068
2026-09-15T10:00:00Z,1.154201,1.154201,1.153935,1.153935
2026-09-15T10:15:00Z,1.154068,1.154335,1.153935,1.154201
2026-09-15T10:30:00Z,1.154201,1.154335,1.154068,1.154068
2026-09-15T10:45:00Z,1.154068,1.154201,1.153802,1.153802
2026-09-15T11:00:00Z,1.153802,1.154068,1.153802,1.154068
2026-09-15T11:15:00Z,1.154201,1.154468,1.154201,1.154468
2026-09-15T11:30:00Z,1.154468,1.154601,1.154335,1.154468
2026-09-15T11:45:00Z,1.154468,1.154468,1.154201,1.154468
2026-09-15T12:00:00Z,1.154335,1.154468,1.154201,1.154468
2026-09-15T12:15:00Z,1.154335,1.154468,1.154201,1.154468
2026-09-15T12:30:00Z,1.154468,1.155001,1.154468,1.154868
2026-09-15T12:45:00Z,1.155001,1.155268,1.154868,1.155001
2026-09-15T13:00:00Z,1.155001,1.155135,1.155001,1.155135
2026-09-15T13:15:00Z,1.155001,1.155001,1.154601,1.154734
2026-09-15T13:30:00Z,1.154468,1.154734,1.154201,1.154734
2026-09-15T13:45:00Z,1.154734,1.155402,1.154734,1.155268
2026-09-15T14:00:00Z,1.155268,1.155268,1.155001,1.155135
2026-09-15T14:15:00Z,1.155268,1.155268,1.154868,1.155135
2026-09-15T14:30:00Z,1.155268,1.155402,1.154468,1.154601
2026-09-15T14:45:00Z,1.154734,1.155001,1.154601,1.154601
2026-09-15T15:00:00Z,1.154601,1.154734,1.154335,1.154335
2026-09-15T15:15:00Z,1.154335,1.154868,1.154335,1.154868
2026-09-15T15:30:00Z,1.154734,1.154734,1.154335,1.154468
2026-09-15T15:45:00Z,1.154335,1.154601,1.154201,1.154468
2026-09-15T16:00:00Z,1.154468,1.154601,1.154335,1.154468
2026-09-15T16:15:00Z,1.154335,1.154468,1.154201,1.154468
2026-09-15T16:30:00Z,1.154335,1.154601,1.154335,1.154468
2026-09-15T16:45:00Z,1.154468,1.154601,1.154335,1.154601
2026-09-15T17:00:00Z,1.154734,1.154734,1.154335,1.154335
2026-09-15T17:15:00Z,1.154335,1.154335,1.154068,1.154068
2026-09-15T17:30:00Z,1.154068,1.154335,1.154068,1.154335
2026-09-15T17:45:00Z,1.154335,1.154335,1.154068,1.154068
2026-09-15T18:00:00Z,1.154068,1.154468,1.153935,1.154335
2026-09-15T18:15:00Z,1.154335,1.154734,1.154335,1.154601
2026-09-15T18:30:00Z,1.154468,1.154468,1.154335,1.154468
2026-09-15T18:45:00Z,1.154468,1.154734,1.154468,1.154601
2026-09-15T19:00:00Z,1.154601,1.154601,1.154468,1.154468
2026-09-15T19:15:00Z,1.154468,1.154468,1.154335,1.154468
2026-09-15T19:30:00Z,1.154468,1.154601,1.154468,1.154468
2026-09-15T19:45:00Z,1.154468,1.154601,1.154468,1.154468
2026-09-15T20:00:00Z,1.154468,1.154468,1.154201,1.154201
2026-09-15T20:15:00Z,1.154201,1.154335,1.154201,1.154201
2026-09-15T20:30:00Z,1.154335,1.154335,1.154335,1.154335
2026-09-15T20:45:00Z,1.154335,1.154601,1.154335,1.154601
2026-09-15T21:00:00Z,1.153935,1.155135,1.153802,1.154468
2026-09-15T21:15:00Z,1.153935,1.154601,1.153669,1.154601
2026-09-15T21:30:00Z,1.154335,1.154335,1.154068,1.154201
2026-09-15T21:45:00Z,1.154201,1.154468,1.154068,1.154335
2026-09-15T22:00:00Z,1.154601,1.154868,1.154468,1.154601
2026-09-15T22:15:00Z,1.154601,1.154601,1.154468,1.154601
2026-09-15T22:30:00Z,1.154468,1.154601,1.154468,1.154468
2026-09-15T22:45:00Z,1.154468,1.154468,1.154335,1.154335
2026-09-15T23:00:00Z,1.154201,1.154201,1.154068,1.154068
2026-09-15T23:15:00Z,1.154201,1.154201,1.154068,1.154068
2026-09-15T23:30:00Z,1.154068,1.154068,1.153802,1.153935
2026-09-15T23:45:00Z,1.153935,1.154201,1.153935,1.153935
2026-09-16T00:00:00Z,1.154068,1.154201,1.153935,1.154068
2026-09-16T00:15:00Z,1.154068,1.154201,1.154068,1.154068
2026-09-16T00:30:00Z,1.154068,1.154068,1.153802,1.153802
2026-09-16T00:45:00Z,1.153802,1.153935,1.153669,1.153935
2026-09-16T01:00:00Z,1.153935,1.153935,1.153669,1.153802
2026-09-16T01:15:00Z,1.153802,1.153802,1.153669,1.153669
2026-09-16T01:30:00Z,1.153669,1.153802,1.153536,1.153802
2026-09-16T01:45:00Z,1.153802,1.153802,1.153669,1.153669
2026-09-16T02:00:00Z,1.153536,1.153935,1.153536,1.153935
2026-09-16T02:15:00Z,1.154068,1.154201,1.153935,1.154068
2026-09-16T02:30:00Z,1.154335,1.154601,1.154335,1.154335
2026-09-16T02:45:00Z,1.154335,1.154601,1.154335,1.154601
2026-09-16T03:00:00Z,1.154601,1.154734,1.154468,1.154601
2026-09-16T03:15:00Z,1.154601,1.154734,1.154601,1.154601
2026-09-16T03:30:00Z,1.154601,1.154601,1.154335,1.154468
2026-09-16T03:45:00Z,1.154335,1.154468,1.154335,1.154468
2026-09-16T04:00:00Z,1.154468,1.154601,1.154468,1.154601
2026-09-16T04:15:00Z,1.154601,1.154734,1.154601,1.154734
2026-09-16T04:30:00Z,1.154734,1.155001,1.154734,1.154868
2026-09-16T04:45:00Z,1.154734,1.154734,1.154734,1.154734
2026-09-16T05:00:00Z,1.154868,1.154868,1.154734,1.154868
2026-09-16T05:15:00Z,1.154868,1.155135,1.154734,1.155001
2026-09-16T05:30:00Z,1.155001,1.155135,1.154868,1.154868
2026-09-16T05:45:00Z,1.154868,1.155402,1.154868,1.155268
2026-09-16T06:00:00Z,1.155268,1.155402,1.155001,1.155402
2026-09-16T06:15:00Z,1.155268,1.155402,1.155001,1.155135
2026-09-16T06:30:00Z,1.155135,1.155135,1.154868,1.155001
2026-09-16T06:45:00Z,1.154868,1.155135,1.154734,1.155135
2026-09-16T07:00:00Z,1.155135,1.155402,1.155001,1.155402
2026-09-16T07:15:00Z,1.155268,1.155402,1.155135,1.155402
2026-09-16T07:30:00Z,1.155668,1.155936,1.155535,1.155535
2026-09-16T07:45:00Z,1.155535,1.155535,1.155135,1.155135
2026-09-16T08:00:00Z,1.155135,1.155135,1.154868,1.154868
2026-09-16T08:15:00Z,1.154868,1.155135,1.154868,1.155001
2026-09-16T08:30:00Z,1.154868,1.155001,1.154734,1.154734
2026-09-16T08:45:00Z,1.154601,1.154601,1.154201,1.154335
2026-09-16T09:00:00Z,1.154335,1.154734,1.154201,1.154734
2026-09-16T09:15:00Z,1.154601,1.154601,1.154201,1.154468
2026-09-16T09:30:00Z,1.154468,1.154468,1.154335,1.154468
2026-09-16T09:45:00Z,1.154468,1.154468,1.154201,1.154201
2026-09-16T10:00:00Z,1.154335,1.154335,1.153935,1.154068
2026-09-16T10:15:00Z,1.154201,1.154335,1.153935,1.153935
2026-09-16T10:30:00Z,1.153935,1.154068,1.153802,1.154068
2026-09-16T10:45:00Z,1.153935,1.153935,1.153802,1.153935
2026-09-16T11:00:00Z,1.154068,1.154068,1.153536,1.153669
2026-09-16T11:15:00Z,1.153669,1.154335,1.153669,1.154335
2026-09-16T11:30:00Z,1.154068,1.154335,1.153935,1.154201
2026-09-16T11:45:00Z,1.154201,1.154201,1.153802,1.153802
2026-09-16T12:00:00Z,1.153935,1.154068,1.153935,1.153935
2026-09-16T12:15:00Z,1.153935,1.153935,1.153403,1.153403
2026-09-16T12:30:00Z,1.153802,1.153935,1.153669,1.153935
2026-09-16T12:45:00Z,1.153935,1.154201,1.153802,1.153802
2026-09-16T13:00:00Z,1.153935,1.154068,1.153536,1.154068
2026-09-16T13:15:00Z,1.153935,1.154068,1.153669,1.153935
2026-09-16T13:30:00Z,1.153802,1.154201,1.153802,1.154068
2026-09-16T13:45:00Z,1.154068,1.154068,1.153536,1.153536
2026-09-16T14:00:00Z,1.153669,1.154068,1.153403,1.154068
2026-09-16T14:15:00Z,1.153935,1.154068,1.153669,1.154068
2026-09-16T14:30:00Z,1.154068,1.154335,1.154068,1.154335
2026-09-16T14:45:00Z,1.154335,1.154335,1.153935,1.154201
2026-09-16T15:00:00Z,1.154335,1.154601,1.154201,1.154335
2026-09-16T15:15:00Z,1.154335,1.154335,1.154068,1.154068
2026-09-16T15:30:00Z,1.153935,1.154068,1.153802,1.153935
2026-09-16T15:45:00Z,1.153935,1.154201,1.153935,1.154068
2026-09-16T16:00:00Z,1.154068,1.154068,1.153802,1.154068
2026-09-16T16:15:00Z,1.154068,1.154201,1.153935,1.153935
2026-09-16T16:30:00Z,1.153935,1.154068,1.153935,1.153935
2026-09-16T16:45:00Z,1.154068,1.154068,1.153802,1.153802
2026-09-16T17:00:00Z,1.153802,1.153802,1.153403,1.153403
2026-09-16T17:15:00Z,1.153403,1.153669,1.153403,1.153536
2026-09-16T17:30:00Z,1.153669,1.153802,1.153536,1.153802
2026-09-16T17:45:00Z,1.153802,1.154201,1.153536,1.154201
2026-09-16T18:00:00Z,1.153270,1.153270,1.150483,1.150483
2026-09-16T18:15:00Z,1.150351,1.150616,1.150086,1.150351
2026-09-16T18:30:00Z,1.149954,1.149954,1.147710,1.149029
2026-09-16T18:45:00Z,1.148897,1.148897,1.147315,1.147315
2026-09-16T19:00:00Z,1.147974,1.148369,1.147184,1.147447
2026-09-16T19:15:00Z,1.147315,1.147315,1.146657,1.146920
2026-09-16T19:30:00Z,1.147184,1.147842,1.147184,1.147447
2026-09-16T19:45:00Z,1.147710,1.147710,1.147315,1.147579
2026-09-16T20:00:00Z,1.147579,1.147579,1.147052,1.147052
2026-09-16T20:15:00Z,1.146920,1.147052,1.146526,1.146657
2026-09-16T20:30:00Z,1.146657,1.147052,1.146657,1.146789
2026-09-16T20:45:00Z,1.146789,1.147052,1.146657,1.146657
2026-09-16T21:00:00Z,1.146920,1.147315,1.146132,1.146789
2026-09-16T21:15:00Z,1.146920,1.147447,1.146395,1.147315
2026-09-16T21:30:00Z,1.147184,1.147315,1.146526,1.146789
2026-09-16T21:45:00Z,1.146657,1.147315,1.146526,1.146526
2026-09-16T22:00:00Z,1.146657,1.146789,1.146526,1.146789
2026-09-16T22:15:00Z,1.146789,1.147184,1.146789,1.147052
2026-09-16T22:30:00Z,1.147052,1.147184,1.147052,1.147184
2026-09-16T22:45:00Z,1.147184,1.147184,1.146920,1.147052
2026-09-16T23:00:00Z,1.146920,1.147184,1.146920,1.147052
2026-09-16T23:15:00Z,1.147184,1.147184,1.147052,1.147052
2026-09-16T23:30:00Z,1.147052,1.147315,1.147052,1.147184
2026-09-16T23:45:00Z,1.147184,1.147315,1.147184,1.147184
2026-09-17T00:00:00Z,1.147052,1.147579,1.147052,1.147447
2026-09-17T00:15:00Z,1.147315,1.147315,1.147052,1.147052
2026-09-17T00:30:00Z,1.147052,1.147184,1.146657,1.146789
2026-09-17T00:45:00Z,1.146920,1.146920,1.146263,1.146263
2026-09-17T01:00:00Z,1.146263,1.146395,1.146132,1.146395
2026-09-17T01:15:00Z,1.146526,1.146657,1.146526,1.146526
2026-09-17T01:30:00Z,1.146526,1.146789,1.146132,1.146132
2026-09-17T01:45:00Z,1.146132,1.146395,1.146132,1.146132
2026-09-17T02:00:00Z,1.146263,1.146526,1.146263,1.146526
2026-09-17T02:15:00Z,1.146526,1.146526,1.146263,1.146263
2026-09-17T02:30:00Z,1.146263,1.146395,1.146000,1.146263
2026-09-17T02:45:00Z,1.146132,1.146263,1.146000,1.146132
2026-09-17T03:00:00Z,1.146263,1.146395,1.146000,1.146395
2026-09-17T03:15:00Z,1.146263,1.146395,1.146132,1.146132
2026-09-17T03:30:00Z,1.146263,1.146395,1.146263,1.146263
2026-09-17T03:45:00Z,1.146263,1.146395,1.146132,1.146395
2026-09-17T04:00:00Z,1.146263,1.146526,1.146263,1.146395
2026-09-17T04:15:00Z,1.146263,1.146657,1.146263,1.146526
2026-09-17T04:30:00Z,1.146526,1.146789,1.146526,1.146789
2026-09-17T04:45:00Z,1.146789,1.147052,1.146789,1.146920
2026-09-17T05:00:00Z,1.147052,1.147052,1.146789,1.146920
2026-09-17T05:15:00Z,1.146789,1.146789,1.146657,1.146789
2026-09-17T05:30:00Z,1.146789,1.146789,1.146657,1.146789
2026-09-17T05:45:00Z,1.146920,1.146920,1.146789,1.146920
2026-09-17T06:00:00Z,1.146920,1.147315,1.146920,1.147315
2026-09-17T06:15:00Z,1.147315,1.147974,1.147315,1.147974
2026-09-17T06:30:00Z,1.148106,1.148237,1.147842,1.148237
2026-09-17T06:45:00Z,1.148237,1.148633,1.148237,1.148369
2026-09-17T07:00:00Z,1.148369,1.148369,1.147974,1.148106
2026-09-17T07:15:00Z,1.148106,1.148369,1.148106,1.148369
2026-09-17T07:30:00Z,1.148369,1.148369,1.147974,1.148106
2026-09-17T07:45:00Z,1.148237,1.148237,1.147315,1.147710
2026-09-17T08:00:00Z,1.147710,1.147710,1.147184,1.147184
2026-09-17T08:15:00Z,1.147184,1.147447,1.147052,1.147315
2026-09-17T08:30:00Z,1.147447,1.147579,1.147315,1.147447
2026-09-17T08:45:00Z,1.147447,1.147710,1.147315,1.147710
2026-09-17T09:00:00Z,1.147710,1.148106,1.147710,1.147974
2026-09-17T09:15:00Z,1.147974,1.147974,1.147579,1.147842
2026-09-17T09:30:00Z,1.147710,1.147974,1.147710,1.147842
2026-09-17T09:45:00Z,1.147842,1.147842,1.147579,1.147579
2026-09-17T10:00:00Z,1.147579,1.148237,1.147579,1.148237
2026-09-17T10:15:00Z,1.147974,1.148369,1.147974,1.148369
2026-09-17T10:30:00Z,1.148237,1.148237,1.147842,1.147974
2026-09-17T10:45:00Z,1.147974,1.148237,1.147974,1.148106
2026-09-17T11:00:00Z,1.148237,1.148237,1.147710,1.147710
2026-09-17T11:15:00Z,1.147710,1.147842,1.147315,1.147447
2026-09-17T11:30:00Z,1.147447,1.147579,1.147184,1.147447
2026-09-17T11:45:00Z,1.147447,1.147710,1.147184,1.147710
2026-09-17T12:00:00Z,1.147579,1.148765,1.147579,1.148765
2026-09-17T12:15:00Z,1.148633,1.149954,1.148633,1.149954
2026-09-17T12:30:00Z,1.149690,1.149690,1.148765,1.148765
2026-09-17T12:45:00Z,1.148897,1.149425,1.148765,1.149425
2026-09-17T13:00:00Z,1.149557,1.149557,1.148897,1.149029
2026-09-17T13:15:00Z,1.149161,1.149293,1.149161,1.149161
2026-09-17T13:30:00Z,1.149293,1.149425,1.149029,1.149161
2026-09-17T13:45:00Z,1.148897,1.149425,1.148897,1.149293
2026-09-17T14:00:00Z,1.149161,1.150086,1.149161,1.149822
2026-09-17T14:15:00Z,1.149954,1.149954,1.149425,1.149425
2026-09-17T14:30:00Z,1.149557,1.149690,1.149161,1.149425
2026-09-17T14:45:00Z,1.149690,1.149690,1.148897,1.148897
2026-09-17T15:00:00Z,1.148897,1.149029,1.148501,1.148633
2026-09-17T15:15:00Z,1.148633,1.148765,1.148237,1.148369
2026-09-17T15:30:00Z,1.148237,1.148237,1.148106,1.148106
2026-09-17T15:45:00Z,1.148106,1.148237,1.147842,1.148237
2026-09-17T16:00:00Z,1.148237,1.148237,1.147842,1.148106
2026-09-17T16:15:00Z,1.148237,1.148237,1.147974,1.148106
2026-09-17T16:30:00Z,1.148106,1.148106,1.147842,1.148106
2026-09-17T16:45:00Z,1.148106,1.148106,1.147842,1.147974
2026-09-17T17:00:00Z,1.147974,1.148106,1.147710,1.147842
2026-09-17T17:15:00Z,1.147842,1.147974,1.147842,1.147974
2026-09-17T17:30:00Z,1.147974,1.148106,1.147974,1.147974
2026-09-17T17:45:00Z,1.147974,1.147974,1.147842,1.147974
2026-09-17T18:00:00Z,1.148106,1.148106,1.147842,1.147974
2026-09-17T18:15:00Z,1.147974,1.147974,1.147710,1.147842
2026-09-17T18:30:00Z,1.147710,1.147842,1.147710,1.147842
2026-09-17T18:45:00Z,1.147710,1.147974,1.147710,1.147842
2026-09-17T19:00:00Z,1.147842,1.148106,1.147842,1.148106
2026-09-17T19:15:00Z,1.148106,1.148237,1.147974,1.148106
2026-09-17T19:30:00Z,1.148237,1.148369,1.148237,1.148237
2026-09-17T19:45:00Z,1.148237,1.148369,1.148237,1.148237
2026-09-17T20:00:00Z,1.148237,1.148237,1.147710,1.147842
2026-09-17T20:15:00Z,1.147842,1.147974,1.147842,1.147974
2026-09-17T20:30:00Z,1.148106,1.148106,1.147974,1.148106
2026-09-17T20:45:00Z,1.147974,1.148106,1.147842,1.147974
2026-09-17T21:00:00Z,1.148369,1.148501,1.147974,1.148369
2026-09-17T21:15:00Z,1.148106,1.148369,1.147842,1.147842
2026-09-17T21:30:00Z,1.148106,1.148237,1.147842,1.148106
2026-09-17T21:45:00Z,1.148106,1.148106,1.147842,1.148106
2026-09-17T22:00:00Z,1.148106,1.148106,1.147842,1.147974
2026-09-17T22:15:00Z,1.147974,1.148106,1.147974,1.147974
2026-09-17T22:30:00Z,1.147974,1.148106,1.147974,1.148106
2026-09-17T22:45:00Z,1.148106,1.148106,1.148106,1.148106
2026-09-17T23:00:00Z,1.148106,1.148237,1.148106,1.148237
2026-09-17T23:15:00Z,1.148106,1.148106,1.147974,1.147974
2026-09-17T23:30:00Z,1.147974,1.147974,1.147974,1.147974
2026-09-17T23:45:00Z,1.147974,1.148106,1.147842,1.147842
2026-09-18T00:00:00Z,1.147842,1.148237,1.147842,1.148237
2026-09-18T00:15:00Z,1.148237,1.148369,1.148237,1.148237
2026-09-18T00:30:00Z,1.148237,1.148237,1.148106,1.148106
2026-09-18T00:45:00Z,1.148106,1.148369,1.148106,1.148369
2026-09-18T01:00:00Z,1.148369,1.148501,1.148369,1.148369
2026-09-18T01:15:00Z,1.148369,1.148501,1.148237,1.148237
2026-09-18T01:30:00Z,1.148237,1.148369,1.148106,1.148237
2026-09-18T01:45:00Z,1.148369,1.148633,1.148237,1.148633
2026-09-18T02:00:00Z,1.148501,1.148501,1.148369,1.148369
2026-09-18T02:15:00Z,1.148369,1.148501,1.148237,1.148501
2026-09-18T02:30:00Z,1.148501,1.148501,1.148369,1.148369
2026-09-18T02:45:00Z,1.148237,1.148369,1.148106,1.148106
2026-09-18T03:00:00Z,1.148369,1.148765,1.148237,1.148765
2026-09-18T03:15:00Z,1.148765,1.148765,1.148633,1.148765
2026-09-18T03:30:00Z,1.148765,1.149029,1.148633,1.149029
2026-09-18T03:45:00Z,1.149029,1.149161,1.149029,1.149161
2026-09-18T04:00:00Z,1.149425,1.149425,1.149293,1.149425
2026-09-18T04:15:00Z,1.149425,1.149557,1.149293,1.149293
2026-09-18T04:30:00Z,1.149425,1.149425,1.149161,1.149293
2026-09-18T04:45:00Z,1.149161,1.149293,1.149029,1.149029
2026-09-18T05:00:00Z,1.149029,1.149029,1.148765,1.148765
2026-09-18T05:15:00Z,1.148765,1.148897,1.148501,1.148501
2026-09-18T05:30:00Z,1.148501,1.148501,1.148369,1.148501
2026-09-18T05:45:00Z,1.148369,1.148501,1.148237,1.148237
2026-09-18T06:00:00Z,1.148237,1.148501,1.148237,1.148501
2026-09-18T06:15:00Z,1.148237,1.148633,1.148237,1.148633
2026-09-18T06:30:00Z,1.148633,1.148633,1.148369,1.148633
2026-09-18T06:45:00Z,1.148633,1.148765,1.148633,1.148633
2026-09-18T07:00:00Z,1.148633,1.148897,1.148237,1.148237
2026-09-18T07:15:00Z,1.148237,1.148501,1.148237,1.148237
2026-09-18T07:30:00Z,1.148501,1.148765,1.148237,1.148765
2026-09-18T07:45:00Z,1.148897,1.149029,1.148765,1.148897
2026-09-18T08:00:00Z,1.148765,1.149425,1.148765,1.149293
2026-09-18T08:15:00Z,1.149161,1.149161,1.148633,1.148633
2026-09-18T08:30:00Z,1.148633,1.148633,1.148106,1.148369
2026-09-18T08:45:00Z,1.148237,1.148633,1.148237,1.148633
2026-09-18T09:00:00Z,1.148501,1.148633,1.148501,1.148501
2026-09-18T09:15:00Z,1.148501,1.148633,1.148501,1.148501
2026-09-18T09:30:00Z,1.148501,1.149029,1.148501,1.148897
2026-09-18T09:45:00Z,1.148897,1.148897,1.148633,1.148633
2026-09-18T10:00:00Z,1.148765,1.148765,1.148633,1.148765
2026-09-18T10:15:00Z,1.148765,1.148765,1.148633,1.148633
2026-09-18T10:30:00Z,1.148633,1.148633,1.147710,1.147710
2026-09-18T10:45:00Z,1.147579,1.147710,1.147447,1.147579
2026-09-18T11:00:00Z,1.147710,1.147974,1.147447,1.147447
2026-09-18T11:15:00Z,1.147447,1.147447,1.146789,1.146789
2026-09-18T11:30:00Z,1.146789,1.146789,1.146132,1.146132
2026-09-18T11:45:00Z,1.146395,1.146526,1.146132,1.146395
2026-09-18T12:00:00Z,1.146395,1.146526,1.146132,1.146395
2026-09-18T12:15:00Z,1.146263,1.146395,1.145869,1.146132
2026-09-18T12:30:00Z,1.146132,1.146789,1.146132,1.146657
2026-09-18T12:45:00Z,1.146657,1.147315,1.146657,1.147184
2026-09-18T13:00:00Z,1.147184,1.147184,1.146789,1.146789
2026-09-18T13:15:00Z,1.146920,1.147052,1.146657,1.147052
2026-09-18T13:30:00Z,1.147052,1.147052,1.146395,1.146657
2026-09-18T13:45:00Z,1.146657,1.146920,1.146263,1.146263
2026-09-18T14:00:00Z,1.146263,1.146789,1.146263,1.146657
2026-09-18T14:15:00Z,1.146789,1.146789,1.146263,1.146657
2026-09-18T14:30:00Z,1.146526,1.146789,1.146395,1.146789
2026-09-18T14:45:00Z,1.146657,1.146657,1.146395,1.146526
2026-09-18T15:00:00Z,1.146526,1.146789,1.146263,1.146789
2026-09-18T15:15:00Z,1.146789,1.147184,1.146789,1.147052
2026-09-18T15:30:00Z,1.147184,1.147184,1.146789,1.146789
2026-09-18T15:45:00Z,1.146789,1.146920,1.146395,1.146789
2026-09-18T16:00:00Z,1.146657,1.147315,1.146657,1.147315
2026-09-18T16:15:00Z,1.147184,1.147447,1.147184,1.147447
2026-09-18T16:30:00Z,1.147579,1.147842,1.147579,1.147710
2026-09-18T16:45:00Z,1.147710,1.147842,1.147710,1.147710
2026-09-18T17:00:00Z,1.147710,1.148633,1.147710,1.148633
2026-09-18T17:15:00Z,1.148633,1.148897,1.148501,1.148765
2026-09-18T17:30:00Z,1.148633,1.148765,1.148501,1.148501
2026-09-18T17:45:00Z,1.148501,1.148633,1.148369,1.148369
2026-09-18T18:00:00Z,1.148369,1.148633,1.148369,1.148633
2026-09-18T18:15:00Z,1.148501,1.148501,1.148369,1.148501
2026-09-18T18:30:00Z,1.148501,1.148633,1.148369,1.148501
2026-09-18T18:45:00Z,1.148501,1.148633,1.148501,1.148633
2026-09-18T19:00:00Z,1.148765,1.148897,1.148633,1.148897
2026-09-18T19:15:00Z,1.148897,1.149293,1.148897,1.149161
2026-09-18T19:30:00Z,1.149161,1.149161,1.149029,1.149029
2026-09-18T19:45:00Z,1.149029,1.149029,1.148897,1.148897
2026-09-18T20:00:00Z,1.149029,1.149161,1.149029,1.149029
2026-09-18T20:15:00Z,1.149161,1.149161,1.149029,1.149161
2026-09-18T20:30:00Z,1.149161,1.149161,1.148897,1.148897
2026-09-18T20:45:00Z,1.148897,1.149029,1.148897,1.149029
2026-09-18T21:00:00Z,1.148897,1.148897,1.148897,1.148897
2026-09-18T21:15:00Z,1.148897,1.148897,1.148897,1.148897
2026-09-20T23:00:00Z,1.148369,1.148369,1.148237,1.148369
2026-09-20T23:15:00Z,1.148369,1.148369,1.148237,1.148369
2026-09-20T23:30:00Z,1.148369,1.148369,1.148237,1.148237
2026-09-20T23:45:00Z,1.148237,1.148237,1.148106,1.148106
2026-09-21T00:00:00Z,1.148237,1.148237,1.148106,1.148237
2026-09-21T00:15:00Z,1.148369,1.148501,1.148237,1.148501
2026-09-21T00:30:00Z,1.148501,1.148765,1.148501,1.148765
2026-09-21T00:45:00Z,1.148765,1.148765,1.148501,1.148501
2026-09-21T01:00:00Z,1.148501,1.148633,1.148369,1.148633
2026-09-21T01:15:00Z,1.148633,1.148897,1.148633,1.148765
2026-09-21T01:30:00Z,1.148765,1.148897,1.148633,1.148765
2026-09-21T01:45:00Z,1.148765,1.148897,1.148633,1.148633
2026-09-21T02:00:00Z,1.148633,1.148633,1.148369,1.148501
2026-09-21T02:15:00Z,1.148501,1.148501,1.148501,1.148501
2026-09-21T02:30:00Z,1.148501,1.148501,1.148369,1.148501
2026-09-21T02:45:00Z,1.148501,1.148501,1.147974,1.147974
2026-09-21T03:00:00Z,1.148106,1.148106,1.147842,1.147974
2026-09-21T03:15:00Z,1.147974,1.148106,1.147842,1.147842
2026-09-21T03:30:00Z,1.147842,1.148106,1.147842,1.147974
2026-09-21T03:45:00Z,1.147974,1.147974,1.147842,1.147842
2026-09-21T04:00:00Z,1.147842,1.147974,1.147842,1.147974
2026-09-21T04:15:00Z,1.147974,1.148106,1.147842,1.147842
2026-09-21T04:30:00Z,1.147842,1.147974,1.147710,1.147974
2026-09-21T04:45:00Z,1.147974,1.147974,1.147842,1.147842
2026-09-21T05:00:00Z,1.147842,1.147974,1.147842,1.147974
2026-09-21T05:15:00Z,1.147974,1.148106,1.147842,1.147842
2026-09-21T05:30:00Z,1.147842,1.147842,1.147579,1.147579
2026-09-21T05:45:00Z,1.147579,1.147710,1.147579,1.147710
2026-09-21T06:00:00Z,1.147710,1.147710,1.147447,1.147579
2026-09-21T06:15:00Z,1.147579,1.147842,1.147447,1.147842
2026-09-21T06:30:00Z,1.147842,1.147842,1.147710,1.147842
2026-09-21T06:45:00Z,1.147974,1.148237,1.147842,1.147842
2026-09-21T07:00:00Z,1.147710,1.147710,1.147447,1.147579
2026-09-21T07:15:00Z,1.147579,1.147974,1.147579,1.147974
2026-09-21T07:30:00Z,1.147842,1.147974,1.147842,1.147842
2026-09-21T07:45:00Z,1.147974,1.148237,1.147842,1.147974
2026-09-21T08:00:00Z,1.147974,1.148106,1.147842,1.148106
2026-09-21T08:15:00Z,1.148106,1.148369,1.148106,1.148369
2026-09-21T08:30:00Z,1.148369,1.148765,1.148369,1.148765
2026-09-21T08:45:00Z,1.148765,1.148897,1.148369,1.148369
2026-09-21T09:00:00Z,1.148369,1.148369,1.148237,1.148369
2026-09-21T09:15:00Z,1.148369,1.148369,1.148106,1.148106
2026-09-21T09:30:00Z,1.148106,1.148369,1.148106,1.148237
2026-09-21T09:45:00Z,1.148237,1.148369,1.148106,1.148369
2026-09-21T10:00:00Z,1.148237,1.148369,1.148237,1.148369
2026-09-21T10:15:00Z,1.148369,1.148501,1.148369,1.148501
2026-09-21T10:30:00Z,1.148369,1.148765,1.148369,1.148633
2026-09-21T10:45:00Z,1.148633,1.148633,1.148369,1.148369
2026-09-21T11:00:00Z,1.148369,1.148501,1.148369,1.148369
2026-09-21T11:15:00Z,1.148501,1.148765,1.148501,1.148765
2026-09-21T11:30:00Z,1.148765,1.149029,1.148633,1.149029
2026-09-21T11:45:00Z,1.149161,1.149425,1.149029,1.149293
2026-09-21T12:00:00Z,1.149293,1.149822,1.149161,1.149161
2026-09-21T12:15:00Z,1.149161,1.149557,1.149029,1.149029
2026-09-21T12:30:00Z,1.149161,1.149161,1.148765,1.148765
2026-09-21T12:45:00Z,1.149029,1.149029,1.148765,1.148897
2026-09-21T13:00:00Z,1.149029,1.149029,1.148633,1.148765
2026-09-21T13:15:00Z,1.148633,1.148765,1.148369,1.148501
2026-09-21T13:30:00Z,1.148369,1.148369,1.147974,1.147974
2026-09-21T13:45:00Z,1.147974,1.147974,1.147579,1.147579
2026-09-21T14:00:00Z,1.147579,1.147579,1.147052,1.147184
2026-09-21T14:15:00Z,1.147315,1.147447,1.147052,1.147447
2026-09-21T14:30:00Z,1.147579,1.147842,1.147579,1.147710
2026-09-21T14:45:00Z,1.147579,1.147710,1.147315,1.147579
2026-09-21T15:00:00Z,1.147579,1.147579,1.147315,1.147447
2026-09-21T15:15:00Z,1.147447,1.147447,1.147184,1.147315
2026-09-21T15:30:00Z,1.147315,1.147315,1.147052,1.147184
2026-09-21T15:45:00Z,1.147184,1.147184,1.147052,1.147052
2026-09-21T16:00:00Z,1.147052,1.147315,1.147052,1.147184
2026-09-21T16:15:00Z,1.147315,1.147579,1.147315,1.147315
2026-09-21T16:30:00Z,1.147315,1.147447,1.147315,1.147315
2026-09-21T16:45:00Z,1.147315,1.147315,1.147184,1.147184
2026-09-21T17:00:00Z,1.147315,1.147315,1.147315,1.147315
2026-09-21T17:15:00Z,1.147315,1.147315,1.147184,1.147315
2026-09-21T17:30:00Z,1.147315,1.147315,1.146920,1.147052
2026-09-21T17:45:00Z,1.147052,1.147184,1.146920,1.146920
2026-09-21T18:00:00Z,1.146920,1.147052,1.146920,1.147052
2026-09-21T18:15:00Z,1.147052,1.147052,1.146920,1.146920
2026-09-21T18:30:00Z,1.146920,1.146920,1.146526,1.146657
2026-09-21T18:45:00Z,1.146657,1.146789,1.146526,1.146789
2026-09-21T19:00:00Z,1.146789,1.147052,1.146789,1.147052
2026-09-21T19:15:00Z,1.147052,1.147184,1.147052,1.147184
2026-09-21T19:30:00Z,1.147184,1.147184,1.147052,1.147052
2026-09-21T19:45:00Z,1.147052,1.147052,1.146789,1.146789
2026-09-21T20:00:00Z,1.146789,1.146789,1.146657,1.146789
2026-09-21T20:15:00Z,1.146657,1.146789,1.146657,1.146789
2026-09-21T20:30:00Z,1.146789,1.146920,1.146789,1.146789
2026-09-21T20:45:00Z,1.146789,1.146789,1.146789,1.146789
2026-09-21T21:00:00Z,1.147184,1.147447,1.146920,1.147184
2026-09-21T21:15:00Z,1.147315,1.147315,1.146789,1.146789
2026-09-21T21:30:00Z,1.146789,1.147184,1.146657,1.147184
2026-09-21T21:45:00Z,1.146920,1.147184,1.146789,1.147052
2026-09-21T22:00:00Z,1.146920,1.146920,1.146657,1.146789
2026-09-21T22:15:00Z,1.146789,1.146789,1.146789,1.146789
2026-09-21T22:30:00Z,1.146789,1.146789,1.146789,1.146789
2026-09-21T22:45:00Z,1.146789,1.146920,1.146789,1.146789
2026-09-21T23:00:00Z,1.146789,1.146789,1.146789,1.146789
2026-09-21T23:15:00Z,1.146789,1.146789,1.146657,1.146657
2026-09-21T23:30:00Z,1.146657,1.146789,1.146657,1.146789
2026-09-21T23:45:00Z,1.146789,1.146789,1.146657,1.146789
2026-09-22T00:00:00Z,1.146657,1.147184,1.146657,1.147184
2026-09-22T00:15:00Z,1.147052,1.147184,1.146920,1.147184
2026-09-22T00:30:00Z,1.147184,1.147315,1.147184,1.147184
2026-09-22T00:45:00Z,1.147315,1.147447,1.147184,1.147315
2026-09-22T01:00:00Z,1.147447,1.147447,1.147052,1.147052
2026-09-22T01:15:00Z,1.147052,1.147052,1.146920,1.146920
2026-09-22T01:30:00Z,1.146920,1.147052,1.146920,1.146920
2026-09-22T01:45:00Z,1.146657,1.146789,1.146657,1.146789
2026-09-22T02:00:00Z,1.146789,1.146920,1.146657,1.146920
2026-09-22T02:15:00Z,1.146920,1.147447,1.146920,1.147447
2026-09-22T02:30:00Z,1.147447,1.147447,1.147184,1.147447
2026-09-22T02:45:00Z,1.147447,1.147447,1.147184,1.147315
2026-09-22T03:00:00Z,1.147315,1.147447,1.147184,1.147447
2026-09-22T03:15:00Z,1.147447,1.147710,1.147447,1.147710
2026-09-22T03:30:00Z,1.147710,1.147842,1.147710,1.147710
2026-09-22T03:45:00Z,1.147842,1.147842,1.147710,1.147710
2026-09-22T04:00:00Z,1.147710,1.147974,1.147579,1.147842
2026-09-22T04:15:00Z,1.147842,1.147842,1.147710,1.147842
2026-09-22T04:30:00Z,1.147842,1.147974,1.147842,1.147974
2026-09-22T04:45:00Z,1.147974,1.148106,1.147974,1.148106
2026-09-22T05:00:00Z,1.148106,1.148106,1.147974,1.147974
2026-09-22T05:15:00Z,1.148106,1.148106,1.147842,1.147842
2026-09-22T05:30:00Z,1.147842,1.147842,1.147579,1.147579
2026-09-22T05:45:00Z,1.147447,1.147579,1.147447,1.147447
2026-09-22T06:00:00Z,1.147447,1.147447,1.146657,1.146657
2026-09-22T06:15:00Z,1.146789,1.146789,1.146263,1.146395
2026-09-22T06:30:00Z,1.146526,1.146657,1.146395,1.146526
2026-09-22T06:45:00Z,1.146395,1.146789,1.146395,1.146789
2026-09-22T07:00:00Z,1.146657,1.146789,1.146526,1.146526
2026-09-22T07:15:00Z,1.146526,1.146789,1.146395,1.146395
2026-09-22T07:30:00Z,1.146395,1.146395,1.145607,1.145738
2026-09-22T07:45:00Z,1.145869,1.146000,1.145213,1.145213
2026-09-22T08:00:00Z,1.144951,1.144951,1.144427,1.144558
2026-09-22T08:15:00Z,1.144296,1.144296,1.143903,1.143903
2026-09-22T08:30:00Z,1.144034,1.145869,1.143772,1.145475
2026-09-22T08:45:00Z,1.145475,1.146789,1.145344,1.146132
2026-09-22T09:00:00Z,1.146000,1.146000,1.145082,1.145475
2026-09-22T09:15:00Z,1.145475,1.146132,1.145475,1.146000
2026-09-22T09:30:00Z,1.146000,1.146263,1.145869,1.146263
2026-09-22T09:45:00Z,1.146526,1.146920,1.146526,1.146920
2026-09-22T10:00:00Z,1.146920,1.147315,1.146657,1.146657
2026-09-22T10:15:00Z,1.146789,1.146789,1.146395,1.146526
2026-09-22T10:30:00Z,1.146657,1.147184,1.146526,1.147052
2026-09-22T10:45:00Z,1.147052,1.147184,1.146920,1.147052
2026-09-22T11:00:00Z,1.146920,1.147052,1.146395,1.146395
2026-09-22T11:15:00Z,1.146395,1.146657,1.146395,1.146395
2026-09-22T11:30:00Z,1.146526,1.146657,1.146263,1.146657
2026-09-22T11:45:00Z,1.146526,1.146789,1.146395,1.146526
2026-09-22T12:00:00Z,1.146657,1.146920,1.146657,1.146657
2026-09-22T12:15:00Z,1.146657,1.146920,1.146657,1.146789
2026-09-22T12:30:00Z,1.146920,1.146920,1.146263,1.146263
2026-09-22T12:45:00Z,1.146263,1.146263,1.145869,1.146000
2026-09-22T13:00:00Z,1.146000,1.146263,1.146000,1.146000
2026-09-22T13:15:00Z,1.146000,1.146000,1.145607,1.145607
2026-09-22T13:30:00Z,1.145607,1.146263,1.145607,1.146263
2026-09-22T13:45:00Z,1.146132,1.146132,1.145738,1.145738
2026-09-22T14:00:00Z,1.145738,1.145738,1.145344,1.145344
2026-09-22T14:15:00Z,1.145344,1.145344,1.145082,1.145344
2026-09-22T14:30:00Z,1.145344,1.145475,1.144558,1.144558
2026-09-22T14:45:00Z,1.144427,1.144558,1.144296,1.144558
2026-09-22T15:00:00Z,1.144558,1.144558,1.144165,1.144296
2026-09-22T15:15:00Z,1.144165,1.144689,1.144165,1.144427
2026-09-22T15:30:00Z,1.144427,1.144427,1.143641,1.143772
2026-09-22T15:45:00Z,1.143641,1.143772,1.143380,1.143511
2026-09-22T16:00:00Z,1.143511,1.143511,1.143249,1.143380
2026-09-22T16:15:00Z,1.143380,1.143772,1.143380,1.143641
2026-09-22T16:30:00Z,1.143641,1.143903,1.143511,1.143903
2026-09-22T16:45:00Z,1.143772,1.144165,1.143641,1.144034
2026-09-22T17:00:00Z,1.143903,1.144034,1.143641,1.143772
2026-09-22T17:15:00Z,1.143641,1.143641,1.143380,1.143511
2026-09-22T17:30:00Z,1.143772,1.143772,1.143641,1.143772
2026-09-22T17:45:00Z,1.143772,1.144427,1.143641,1.144296
2026-09-22T18:00:00Z,1.144296,1.144558,1.144165,1.144558
2026-09-22T18:15:00Z,1.144558,1.144558,1.144427,1.144558
2026-09-22T18:30:00Z,1.144558,1.144689,1.144427,1.144427
2026-09-22T18:45:00Z,1.144427,1.144558,1.144427,1.144558
2026-09-22T19:00:00Z,1.144558,1.144689,1.144558,1.144689
2026-09-22T19:15:00Z,1.144689,1.144951,1.144689,1.144951
2026-09-22T19:30:00Z,1.145082,1.145738,1.145082,1.145607
2026-09-22T19:45:00Z,1.145607,1.145607,1.145082,1.145082
2026-09-22T20:00:00Z,1.145082,1.145475,1.145082,1.145344
2026-09-22T20:15:00Z,1.145213,1.145213,1.145082,1.145082
2026-09-22T20:30:00Z,1.145213,1.145213,1.145082,1.145213
2026-09-22T20:45:00Z,1.145475,1.145475,1.145082,1.145082
2026-09-22T21:00:00Z,1.144820,1.145475,1.144820,1.145213
2026-09-22T21:15:00Z,1.145344,1.145344,1.145082,1.145213
2026-09-22T21:30:00Z,1.145082,1.145475,1.144951,1.145213
2026-09-22T21:45:00Z,1.145213,1.145475,1.145082,1.145213
2026-09-22T22:00:00Z,1.145213,1.145213,1.145082,1.145213
2026-09-22T22:15:00Z,1.145082,1.145082,1.145082,1.145082
2026-09-22T22:30:00Z,1.145082,1.145082,1.145082,1.145082
2026-09-22T22:45:00Z,1.145082,1.145082,1.144951,1.144951
2026-09-22T23:00:00Z,1.145082,1.145082,1.144951,1.144951
2026-09-22T23:15:00Z,1.144951,1.145082,1.144951,1.145082
2026-09-22T23:30:00Z,1.144951,1.145082,1.144951,1.145082
2026-09-22T23:45:00Z,1.145082,1.145213,1.145082,1.145082
2026-09-23T00:00:00Z,1.145082,1.145213,1.144820,1.144951
2026-09-23T00:15:00Z,1.144951,1.145082,1.144820,1.144951
2026-09-23T00:30:00Z,1.145082,1.145213,1.144951,1.145213
2026-09-23T00:45:00Z,1.145082,1.145213,1.144951,1.144951
2026-09-23T01:00:00Z,1.144951,1.144951,1.144689,1.144820
2026-09-23T01:15:00Z,1.144820,1.144820,1.144165,1.144165
2026-09-23T01:30:00Z,1.144165,1.144558,1.144165,1.144296
2026-09-23T01:45:00Z,1.144296,1.144427,1.144165,1.144165
2026-09-23T02:00:00Z,1.144165,1.144165,1.143772,1.143772
2026-09-23T02:15:00Z,1.143772,1.144034,1.143772,1.143903
2026-09-23T02:30:00Z,1.143903,1.144034,1.143772,1.143903
2026-09-23T02:45:00Z,1.143903,1.143903,1.143641,1.143772
2026-09-23T03:00:00Z,1.143641,1.143772,1.143511,1.143641
2026-09-23T03:15:00Z,1.143511,1.143641,1.143380,1.143641
2026-09-23T03:30:00Z,1.143641,1.143641,1.143249,1.143249
2026-09-23T03:45:00Z,1.143380,1.143380,1.143118,1.143118
2026-09-23T04:00:00Z,1.142988,1.143118,1.142857,1.142988
2026-09-23T04:15:00Z,1.142988,1.143380,1.142988,1.143249
2026-09-23T04:30:00Z,1.143249,1.143249,1.143118,1.143118
2026-09-23T04:45:00Z,1.143118,1.143118,1.142988,1.142988
2026-09-23T05:00:00Z,1.142988,1.143118,1.142988,1.143118
2026-09-23T05:15:00Z,1.143118,1.143249,1.143118,1.143118
2026-09-23T05:30:00Z,1.143118,1.143118,1.142988,1.142988
2026-09-23T05:45:00Z,1.142857,1.142988,1.142727,1.142857
2026-09-23T06:00:00Z,1.142857,1.143118,1.142596,1.142727
2026-09-23T06:15:00Z,1.142596,1.142857,1.142596,1.142727
2026-09-23T06:30:00Z,1.142727,1.143118,1.142727,1.142988
2026-09-23T06:45:00Z,1.142988,1.143118,1.142727,1.142727
2026-09-23T07:00:00Z,1.142727,1.142727,1.142465,1.142596
2026-09-23T07:15:00Z,1.142857,1.142857,1.142465,1.142727
2026-09-23T07:30:00Z,1.142857,1.142857,1.142465,1.142596
2026-09-23T07:45:00Z,1.142596,1.142727,1.142074,1.142074
2026-09-23T08:00:00Z,1.142204,1.142204,1.141553,1.141683
2026-09-23T08:15:00Z,1.141553,1.142204,1.141422,1.142204
2026-09-23T08:30:00Z,1.142204,1.142596,1.142204,1.142204
2026-09-23T08:45:00Z,1.142204,1.142465,1.142204,1.142204
2026-09-23T09:00:00Z,1.142074,1.142204,1.141683,1.141683
2026-09-23T09:15:00Z,1.141683,1.141813,1.141553,1.141683
2026-09-23T09:30:00Z,1.141683,1.141813,1.141292,1.141292
2026-09-23T09:45:00Z,1.141292,1.141292,1.141162,1.141162
2026-09-23T10:00:00Z,1.141162,1.141683,1.141032,1.141553
2026-09-23T10:15:00Z,1.141422,1.141422,1.141292,1.141292
2026-09-23T10:30:00Z,1.141292,1.141292,1.141162,1.141162
2026-09-23T10:45:00Z,1.141162,1.141944,1.141162,1.141944
2026-09-23T11:00:00Z,1.141944,1.142204,1.141944,1.142204
2026-09-23T11:15:00Z,1.142335,1.142335,1.141422,1.141422
2026-09-23T11:30:00Z,1.141422,1.141422,1.140771,1.141032
2026-09-23T11:45:00Z,1.141162,1.141553,1.141032,1.141553
2026-09-23T12:00:00Z,1.141422,1.141553,1.141292,1.141292
2026-09-23T12:15:00Z,1.141292,1.141292,1.140641,1.140641
2026-09-23T12:30:00Z,1.140641,1.140641,1.140381,1.140381
2026-09-23T12:45:00Z,1.140381,1.141162,1.140381,1.141162
2026-09-23T13:00:00Z,1.141162,1.141162,1.140381,1.140381
2026-09-23T13:15:00Z,1.140381,1.141683,1.140381,1.141683
2026-09-23T13:30:00Z,1.141944,1.141944,1.141162,1.141292
2026-09-23T13:45:00Z,1.140771,1.140771,1.139471,1.140121
2026-09-23T14:00:00Z,1.140121,1.140641,1.140121,1.140251
2026-09-23T14:15:00Z,1.140121,1.140121,1.138822,1.138822
2026-09-23T14:30:00Z,1.138822,1.139861,1.138822,1.139731
2026-09-23T14:45:00Z,1.139601,1.140771,1.139341,1.140381
2026-09-23T15:00:00Z,1.140511,1.140511,1.139861,1.140251
2026-09-23T15:15:00Z,1.140121,1.140121,1.139601,1.139601
2026-09-23T15:30:00Z,1.139471,1.139471,1.139212,1.139471
2026-09-23T15:45:00Z,1.139471,1.139731,1.139082,1.139731
2026-09-23T16:00:00Z,1.139601,1.139731,1.139471,1.139601
2026-09-23T16:15:00Z,1.139471,1.139861,1.139471,1.139471
2026-09-23T16:30:00Z,1.139471,1.139471,1.139082,1.139341
2026-09-23T16:45:00Z,1.139082,1.139082,1.138045,1.138174
2026-09-23T17:00:00Z,1.138045,1.138045,1.137398,1.137398
2026-09-23T17:15:00Z,1.137398,1.137786,1.137398,1.137786
2026-09-23T17:30:00Z,1.137786,1.138693,1.137527,1.138693
2026-09-23T17:45:00Z,1.138822,1.139601,1.138822,1.139601
2026-09-23T18:00:00Z,1.139471,1.139601,1.139212,1.139341
2026-09-23T18:15:00Z,1.139212,1.139341,1.138433,1.138433
2026-09-23T18:30:00Z,1.138433,1.138822,1.138433,1.138822
2026-09-23T18:45:00Z,1.138693,1.138952,1.138563,1.138952
2026-09-23T19:00:00Z,1.138952,1.139212,1.138952,1.139082
2026-09-23T19:15:00Z,1.138822,1.138952,1.138563,1.138952
2026-09-23T19:30:00Z,1.138952,1.138952,1.138822,1.138822
2026-09-23T19:45:00Z,1.138822,1.139082,1.138822,1.138822
2026-09-23T20:00:00Z,1.138822,1.139082,1.138693,1.138822
2026-09-23T20:15:00Z,1.138822,1.138952,1.138693,1.138822
2026-09-23T20:30:00Z,1.138822,1.138822,1.138563,1.138563
2026-09-23T20:45:00Z,1.138822,1.138822,1.138433,1.138693
2026-09-23T21:00:00Z,1.138304,1.138693,1.138174,1.138563
2026-09-23T21:15:00Z,1.138433,1.138822,1.138304,1.138822
2026-09-23T21:30:00Z,1.138693,1.138952,1.138563,1.138822
2026-09-23T21:45:00Z,1.139212,1.139212,1.138563,1.138693
2026-09-23T22:00:00Z,1.138693,1.138952,1.138693,1.138822
2026-09-23T22:15:00Z,1.138822,1.138822,1.138822,1.138822
2026-09-23T22:30:00Z,1.138822,1.138822,1.138693,1.138822
2026-09-23T22:45:00Z,1.138822,1.138822,1.138822,1.138822
2026-09-23T23:00:00Z,1.138822,1.138822,1.138693,1.138693
2026-09-23T23:15:00Z,1.138693,1.138693,1.138433,1.138433
2026-09-23T23:30:00Z,1.138433,1.138433,1.138304,1.138433
2026-09-23T23:45:00Z,1.138433,1.138563,1.138433,1.138433
2026-09-24T00:00:00Z,1.138563,1.138693,1.138433,1.138433
2026-09-24T00:15:00Z,1.138433,1.138433,1.138045,1.138304
2026-09-24T00:30:00Z,1.138174,1.138304,1.137915,1.137915
2026-09-24T00:45:00Z,1.137915,1.137915,1.137527,1.137915
2026-09-24T01:00:00Z,1.137915,1.138433,1.137915,1.138433
2026-09-24T01:15:00Z,1.138563,1.138563,1.138045,1.138174
2026-09-24T01:30:00Z,1.138174,1.138304,1.138174,1.138304
2026-09-24T01:45:00Z,1.138304,1.138433,1.137915,1.137915
2026-09-24T02:00:00Z,1.137915,1.137915,1.137268,1.137268
2026-09-24T02:15:00Z,1.137268,1.137915,1.137268,1.137915
2026-09-24T02:30:00Z,1.137915,1.138693,1.137915,1.138563
2026-09-24T02:45:00Z,1.138563,1.138693,1.138433,1.138693
2026-09-24T03:00:00Z,1.138822,1.138952,1.138563,1.138693
2026-09-24T03:15:00Z,1.138693,1.138693,1.138304,1.138304
2026-09-24T03:30:00Z,1.138304,1.138304,1.138045,1.138045
2026-09-24T03:45:00Z,1.138045,1.138174,1.138045,1.138045
2026-09-24T04:00:00Z,1.138045,1.138174,1.137915,1.138174
2026-09-24T04:15:00Z,1.138304,1.138304,1.138174,1.138304
2026-09-24T04:30:00Z,1.138433,1.138563,1.138304,1.138563
2026-09-24T04:45:00Z,1.138563,1.138822,1.138563,1.138822
2026-09-24T05:00:00Z,1.138693,1.138952,1.138693,1.138693
2026-09-24T05:15:00Z,1.138693,1.138822,1.138563,1.138822
2026-09-24T05:30:00Z,1.138822,1.138822,1.138433,1.138433
2026-09-24T05:45:00Z,1.138433,1.138433,1.137915,1.137915
2026-09-24T06:00:00Z,1.138045,1.139082,1.138045,1.139082
2026-09-24T06:15:00Z,1.138952,1.139212,1.138693,1.139212
2026-09-24T06:30:00Z,1.139212,1.139341,1.138693,1.138952
2026-09-24T06:45:00Z,1.138822,1.139082,1.138693,1.138822
2026-09-24T07:00:00Z,1.138952,1.139341,1.138693,1.139082
2026-09-24T07:15:00Z,1.138952,1.139471,1.138952,1.139471
2026-09-24T07:30:00Z,1.139471,1.139601,1.139212,1.139601
2026-09-24T07:45:00Z,1.139731,1.140121,1.139601,1.139731
2026-09-24T08:00:00Z,1.139601,1.140121,1.139601,1.139601
2026-09-24T08:15:00Z,1.139601,1.139601,1.139082,1.139082
2026-09-24T08:30:00Z,1.139082,1.139471,1.138822,1.138822
2026-09-24T08:45:00Z,1.138822,1.138952,1.138304,1.138563
2026-09-24T09:00:00Z,1.138433,1.138433,1.137786,1.137915
2026-09-24T09:15:00Z,1.137915,1.138045,1.137656,1.137786
2026-09-24T09:30:00Z,1.137915,1.138045,1.137527,1.137656
2026-09-24T09:45:00Z,1.137786,1.138045,1.137656,1.137656
2026-09-24T10:00:00Z,1.137656,1.137915,1.137398,1.137398
2026-09-24T10:15:00Z,1.137268,1.137268,1.136493,1.136880
2026-09-24T10:30:00Z,1.136751,1.137656,1.136751,1.137398
2026-09-24T10:45:00Z,1.137268,1.137656,1.137139,1.137656
2026-09-24T11:00:00Z,1.137656,1.137786,1.137527,1.137786
2026-09-24T11:15:00Z,1.137656,1.137915,1.137527,1.137915
2026-09-24T11:30:00Z,1.137915,1.137915,1.137398,1.137398
2026-09-24T11:45:00Z,1.137527,1.137527,1.137010,1.137139
2026-09-24T12:00:00Z,1.137139,1.137139,1.136751,1.137139
2026-09-24T12:15:00Z,1.137010,1.137398,1.137010,1.137139
2026-09-24T12:30:00Z,1.137139,1.137268,1.136622,1.137139
2026-09-24T12:45:00Z,1.137139,1.137786,1.137010,1.137786
2026-09-24T13:00:00Z,1.137786,1.138045,1.137398,1.137398
2026-09-24T13:15:00Z,1.137527,1.137656,1.136364,1.136364
2026-09-24T13:30:00Z,1.136364,1.137268,1.136364,1.137139
2026-09-24T13:45:00Z,1.137139,1.137656,1.137139,1.137656
2026-09-24T14:00:00Z,1.137527,1.138174,1.137527,1.138174
2026-09-24T14:15:00Z,1.138045,1.138045,1.137527,1.137656
2026-09-24T14:30:00Z,1.137527,1.137915,1.137527,1.137656
2026-09-24T14:45:00Z,1.137656,1.138045,1.137527,1.137656
2026-09-24T15:00:00Z,1.137786,1.137786,1.136880,1.136880
2026-09-24T15:15:00Z,1.136751,1.137268,1.136751,1.137010
2026-09-24T15:30:00Z,1.137010,1.137268,1.136880,1.137268
2026-09-24T15:45:00Z,1.137398,1.137656,1.137268,1.137527
2026-09-24T16:00:00Z,1.137656,1.137786,1.137268,1.137268
2026-09-24T16:15:00Z,1.137656,1.139341,1.137656,1.138693
2026-09-24T16:30:00Z,1.138693,1.138952,1.138304,1.138822
2026-09-24T16:45:00Z,1.138433,1.138563,1.138174,1.138304
2026-09-24T17:00:00Z,1.138174,1.138563,1.138045,1.138433
2026-09-24T17:15:00Z,1.138304,1.138304,1.137527,1.137527
2026-09-24T17:30:00Z,1.137527,1.137656,1.137268,1.137268
2026-09-24T17:45:00Z,1.137268,1.137268,1.136880,1.137010
2026-09-24T18:00:00Z,1.137139,1.137398,1.136364,1.137398
2026-09-24T18:15:00Z,1.137398,1.137656,1.137139,1.137656
2026-09-24T18:30:00Z,1.137656,1.137786,1.137268,1.137398
2026-09-24T18:45:00Z,1.137398,1.137786,1.137398,1.137786
2026-09-24T19:00:00Z,1.137656,1.137915,1.137527,1.137527
2026-09-24T19:15:00Z,1.137527,1.137786,1.137527,1.137786
2026-09-24T19:30:00Z,1.137656,1.137915,1.137656,1.137915
2026-09-24T19:45:00Z,1.137786,1.138174,1.137786,1.138045
2026-09-24T20:00:00Z,1.138045,1.138045,1.137786,1.137786
2026-09-24T20:15:00Z,1.137786,1.137786,1.137527,1.137527
2026-09-24T20:30:00Z,1.137527,1.137915,1.137398,1.137915
2026-09-24T20:45:00Z,1.138045,1.138433,1.138045,1.138304
2026-09-24T21:00:00Z,1.138693,1.138693,1.138045,1.138045
2026-09-24T21:15:00Z,1.138045,1.138174,1.137915,1.138174
2026-09-24T21:30:00Z,1.138174,1.138174,1.138045,1.138045
2026-09-24T21:45:00Z,1.138174,1.138174,1.137656,1.138174
2026-09-24T22:00:00Z,1.138174,1.138304,1.137915,1.137915
2026-09-24T22:15:00Z,1.138045,1.138045,1.138045,1.138045
2026-09-24T22:30:00Z,1.138045,1.138045,1.137915,1.138045
2026-09-24T22:45:00Z,1.138045,1.138174,1.138045,1.138174
2026-09-24T23:00:00Z,1.138045,1.138174,1.138045,1.138045
2026-09-24T23:15:00Z,1.138045,1.138045,1.137915,1.138045
2026-09-24T23:30:00Z,1.138045,1.138174,1.138045,1.138045
2026-09-24T23:45:00Z,1.138045,1.138045,1.137656,1.137656
2026-09-25T00:00:00Z,1.137656,1.137915,1.137656,1.137656
2026-09-25T00:15:00Z,1.137527,1.137656,1.137527,1.137656
2026-09-25T00:30:00Z,1.137527,1.137527,1.137398,1.137398
2026-09-25T00:45:00Z,1.137527,1.137915,1.137398,1.137915
2026-09-25T01:00:00Z,1.137786,1.138433,1.137786,1.138433
2026-09-25T01:15:00Z,1.138563,1.138563,1.138045,1.138045
2026-09-25T01:30:00Z,1.138045,1.138045,1.137915,1.138045
2026-09-25T01:45:00Z,1.137915,1.137915,1.137786,1.137786
2026-09-25T02:00:00Z,1.137915,1.138174,1.137786,1.138174
2026-09-25T02:15:00Z,1.138174,1.138174,1.137915,1.138045
2026-09-25T02:30:00Z,1.138045,1.138045,1.137915,1.138045
2026-09-25T02:45:00Z,1.138045,1.138045,1.137527,1.137527
2026-09-25T03:00:00Z,1.137527,1.137527,1.137268,1.137398
2026-09-25T03:15:00Z,1.137268,1.137398,1.137268,1.137268
2026-09-25T03:30:00Z,1.137268,1.137268,1.137268,1.137268
2026-09-25T03:45:00Z,1.137268,1.137268,1.137139,1.137268
2026-09-25T04:00:00Z,1.137268,1.137398,1.137139,1.137268
