time,open,high,low,close
2026-07-02T23:00:00Z,215.179993,215.201004,215.156998,215.164001
2026-07-02T23:15:00Z,215.164993,215.223999,215.160004,215.216003
2026-07-02T23:30:00Z,215.216995,215.313995,215.210007,215.309006
2026-07-02T23:45:00Z,215.307999,215.360992,215.279999,215.347000
2026-07-03T00:00:00Z,215.347000,215.399002,215.272003,215.367004
2026-07-03T00:15:00Z,215.375000,215.378998,215.311996,215.313995
2026-07-03T00:30:00Z,215.317993,215.334000,215.235001,215.240005
2026-07-03T00:45:00Z,215.235992,215.287994,215.121994,215.147003
2026-07-03T01:00:00Z,215.143005,215.266998,215.085999,215.089996
2026-07-03T01:15:00Z,215.095001,215.199997,215.026001,215.186005
2026-07-03T01:30:00Z,215.186005,215.302002,215.136993,215.276993
2026-07-03T01:45:00Z,215.278000,215.367996,215.259995,215.339005
2026-07-03T02:00:00Z,215.339996,215.348999,215.266006,215.332001
2026-07-03T02:15:00Z,215.332993,215.408005,215.309006,215.375000
2026-07-03T02:30:00Z,215.375000,215.451004,215.332993,215.389008
2026-07-03T02:45:00Z,215.389008,215.397003,215.328995,215.341995
2026-07-03T03:00:00Z,215.339005,215.348007,215.304001,215.330002
2026-07-03T03:15:00Z,215.324005,215.356003,215.319000,215.339996
2026-07-03T03:30:00Z,215.334000,215.354004,215.296005,215.330002
2026-07-03T03:45:00Z,215.328003,215.350006,215.300995,215.337997
2026-07-03T04:00:00Z,215.341003,215.367004,215.292999,215.365005
2026-07-03T04:15:00Z,215.365997,215.403000,215.348999,215.376007
2026-07-03T04:30:00Z,215.367004,215.421997,215.360992,215.401001
2026-07-03T04:45:00Z,215.401001,215.427994,215.335999,215.339996
2026-07-03T05:00:00Z,215.339996,215.427994,215.304993,215.395996
2026-07-03T05:15:00Z,215.395996,215.425995,215.352997,215.378998
2026-07-03T05:30:00Z,215.380005,215.449005,215.363007,215.421997
2026-07-03T05:45:00Z,215.423004,215.432999,215.373001,215.397003
2026-07-03T06:00:00Z,215.397003,215.397995,215.268997,215.294006
2026-07-03T06:15:00Z,215.292007,215.334000,215.210007,215.231003
2026-07-03T06:30:00Z,215.233994,215.266006,214.641006,215.035995
2026-07-03T06:45:00Z,215.044998,215.100006,214.886993,215.046997
2026-07-03T07:00:00Z,215.046005,215.065994,214.835007,214.845993
2026-07-03T07:15:00Z,214.841995,215.024002,214.839005,214.923996
2026-07-03T07:30:00Z,214.927002,215.173996,214.925995,215.091995
2026-07-03T07:45:00Z,215.087997,215.134003,214.919006,215.009003
2026-07-03T08:00:00Z,215.009003,215.119995,214.972000,215.039993
2026-07-03T08:15:00Z,215.039001,215.082993,214.966995,214.998993
2026-07-03T08:30:00Z,215.003006,215.037003,214.919998,215.029007
2026-07-03T08:45:00Z,215.026001,215.149002,215.007996,215.136002
2026-07-03T09:00:00Z,215.134995,215.195007,215.007004,215.018997
2026-07-03T09:15:00Z,215.018005,215.145004,215.003998,215.113007
2026-07-03T09:30:00Z,215.112000,215.151993,215.095993,215.126999
2026-07-03T09:45:00Z,215.125000,215.145996,215.035995,215.108002
2026-07-03T10:00:00Z,215.108002,215.205994,215.102005,215.177994
2026-07-03T10:15:00Z,215.177994,215.190994,215.136002,215.164993
2026-07-03T10:30:00Z,215.158005,215.220993,215.156006,215.197998
2026-07-03T10:45:00Z,215.194000,215.235992,215.130005,215.147995
2026-07-03T11:00:00Z,215.143997,215.248001,215.134003,215.235992
2026-07-03T11:15:00Z,215.246994,215.253006,215.167999,215.227005
2026-07-03T11:30:00Z,215.222000,215.264999,215.192001,215.199005
2026-07-03T11:45:00Z,215.195007,215.248993,215.162994,215.218002
2026-07-03T12:00:00Z,215.216003,215.268997,215.184006,215.264008
2026-07-03T12:15:00Z,215.264999,215.270996,215.214005,215.229996
2026-07-03T12:30:00Z,215.231003,215.270996,215.203995,215.229004
2026-07-03T12:45:00Z,215.229996,215.257004,215.197998,215.248993
2026-07-03T13:00:00Z,215.253006,215.300003,215.205002,215.281998
2026-07-03T13:15:00Z,215.279007,215.317993,215.235001,215.261993
2026-07-03T13:30:00Z,215.263000,215.317993,215.238998,215.302002
2026-07-03T13:45:00Z,215.302002,215.309998,215.209000,215.259995
2026-07-03T14:00:00Z,215.257996,215.298004,215.235992,215.250000
2026-07-03T14:15:00Z,215.248993,215.302002,215.218002,215.292999
2026-07-03T14:30:00Z,215.292999,215.324997,215.268997,215.268997
2026-07-03T14:45:00Z,215.289001,215.431000,215.266998,215.421997
2026-07-03T15:00:00Z,215.421997,215.459000,215.367004,215.376999
2026-07-03T15:15:00Z,215.371994,215.423004,215.330002,215.362000
2026-07-03T15:30:00Z,215.358994,215.417007,215.343002,215.373993
2026-07-03T15:45:00Z,215.373001,215.466003,215.356003,215.445007
2026-07-03T16:00:00Z,215.440002,215.477997,215.386993,215.462006
2026-07-03T16:15:00Z,215.468002,215.496994,215.451996,215.464996
2026-07-03T16:30:00Z,215.460007,215.494003,215.455994,215.477997
2026-07-03T16:45:00Z,215.485001,215.492004,215.451996,215.470993
2026-07-03T17:00:00Z,215.468002,215.511993,215.337997,215.481995
2026-07-03T17:15:00Z,215.477005,215.498001,215.436996,215.460999
2026-07-03T17:30:00Z,215.449997,215.466995,215.354996,215.410004
2026-07-03T17:45:00Z,215.416000,215.438004,215.384995,215.438004
2026-07-03T18:00:00Z,215.432007,215.488998,215.382996,215.470001
2026-07-03T18:15:00Z,215.464005,215.490005,215.438995,215.455994
2026-07-03T18:30:00Z,215.455994,215.477997,215.440994,215.462997
2026-07-03T18:45:00Z,215.464996,215.520004,215.462997,215.490997
2026-07-03T19:00:00Z,215.492004,215.516006,215.451004,215.481003
2026-07-03T19:15:00Z,215.487000,215.490005,215.412003,215.481995
2026-07-03T19:30:00Z,215.475006,215.511993,215.425995,215.490997
2026-07-03T19:45:00Z,215.490997,215.505997,215.376007,215.455994
2026-07-03T20:00:00Z,215.462006,215.507996,215.332001,215.348999
2026-07-03T20:15:00Z,215.375000,215.464005,215.330994,215.436005
2026-07-03T20:30:00Z,215.423996,215.453995,215.287003,215.393997
2026-07-03T20:45:00Z,215.315994,215.462006,215.311996,215.337997
2026-07-03T21:00:00Z,215.445999,215.445999,215.445999,215.445999
2026-07-03T21:15:00Z,215.445999,215.445999,215.445999,215.445999
2026-07-05T23:00:00Z,215.459000,215.526993,215.453995,215.505997
2026-07-05T23:15:00Z,215.505005,215.565994,215.492996,215.552994
2026-07-05T23:30:00Z,215.552994,215.589996,215.531998,215.574997
2026-07-05T23:45:00Z,215.576004,215.600998,215.520996,215.578995
2026-07-06T00:00:00Z,215.578995,215.667999,215.565994,215.649994
2026-07-06T00:15:00Z,215.654007,215.686996,215.600006,215.638000
2026-07-06T00:30:00Z,215.641998,215.720001,215.621994,215.690002
2026-07-06T00:45:00Z,215.684998,215.770004,215.598999,215.682999
2026-07-06T01:00:00Z,215.675995,215.768005,215.664993,215.761993
2026-07-06T01:15:00Z,215.764008,215.862000,215.744003,215.850998
2026-07-06T01:30:00Z,215.852005,215.860001,215.772003,215.813995
2026-07-06T01:45:00Z,215.813004,215.848007,215.778000,215.837006
2026-07-06T02:00:00Z,215.841003,215.906998,215.830994,215.886993
2026-07-06T02:15:00Z,215.893005,215.897995,215.828003,215.841995
2026-07-06T02:30:00Z,215.839996,215.876007,215.826996,215.843002
2026-07-06T02:45:00Z,215.843002,215.904007,215.837997,215.893997
2026-07-06T03:00:00Z,215.895004,215.925995,215.880005,215.910995
2026-07-06T03:15:00Z,215.904007,215.944000,215.852997,215.869003
2026-07-06T03:30:00Z,215.878006,215.880005,215.843002,215.869003
2026-07-06T03:45:00Z,215.869003,215.929993,215.839005,215.923004
2026-07-06T04:00:00Z,215.921997,215.951996,215.897995,215.938995
2026-07-06T04:15:00Z,215.934998,215.962006,215.910004,215.951996
2026-07-06T04:30:00Z,215.951004,216.063995,215.938995,216.046005
2026-07-06T04:45:00Z,216.037994,216.067993,216.022003,216.065002
2026-07-06T05:00:00Z,216.067001,216.076004,215.936996,216.001007
2026-07-06T05:15:00Z,215.996994,216.044998,215.988007,216.024994
2026-07-06T05:30:00Z,216.024994,216.100006,216.016998,216.041000
2026-07-06T05:45:00Z,216.039993,216.160995,216.037003,216.141006
2026-07-06T06:00:00Z,216.143005,216.287994,216.108994,216.220993
2026-07-06T06:15:00Z,216.223999,216.307999,216.166000,216.248993
2026-07-06T06:30:00Z,216.248993,216.291000,216.179993,216.184006
2026-07-06T06:45:00Z,216.182999,216.386002,216.171005,216.334000
2026-07-06T07:00:00Z,216.334000,216.429001,216.251999,216.429001
2026-07-06T07:15:00Z,216.423004,216.498001,216.399002,216.399002
2026-07-06T07:30:00Z,216.408005,216.451996,216.322998,216.421005
2026-07-06T07:45:00Z,216.410995,216.490005,216.395996,216.453995
2026-07-06T08:00:00Z,216.451996,216.537994,216.408997,216.425995
2026-07-06T08:15:00Z,216.425995,216.455002,216.350998,216.386002
2026-07-06T08:30:00Z,216.393005,216.408997,216.311005,216.339005
2026-07-06T08:45:00Z,216.339005,216.399994,216.270996,216.388000
2026-07-06T09:00:00Z,216.388000,216.412003,216.307007,216.367996
2026-07-06T09:15:00Z,216.365997,216.472000,216.335007,216.455994
2026-07-06T09:30:00Z,216.459000,216.498001,216.414001,216.440994
2026-07-06T09:45:00Z,216.440002,216.460007,216.378006,216.455002
2026-07-06T10:00:00Z,216.459000,216.554001,216.449005,216.468002
2026-07-06T10:15:00Z,216.473007,216.626999,216.464996,216.554993
2026-07-06T10:30:00Z,216.550995,216.600006,216.533005,216.546005
2026-07-06T10:45:00Z,216.546005,216.550003,216.483994,216.520004
2026-07-06T11:00:00Z,216.522003,216.529007,216.445007,216.498001
2026-07-06T11:15:00Z,216.505997,216.567001,216.455994,216.548996
2026-07-06T11:30:00Z,216.550003,216.602997,216.542007,216.561996
2026-07-06T11:45:00Z,216.563995,216.656998,216.542007,216.613007
2026-07-06T12:00:00Z,216.615005,216.712997,216.604004,216.662003
2026-07-06T12:15:00Z,216.656998,216.705002,216.645004,216.695999
2026-07-06T12:30:00Z,216.707001,216.742996,216.617996,216.630997
2026-07-06T12:45:00Z,216.630997,216.703003,216.550995,216.666000
2026-07-06T13:00:00Z,216.656998,216.761993,216.653000,216.737000
2026-07-06T13:15:00Z,216.740005,216.781998,216.699997,216.774994
2026-07-06T13:30:00Z,216.774002,216.834000,216.703003,216.731995
2026-07-06T13:45:00Z,216.729996,216.742004,216.580994,216.621002
2026-07-06T14:00:00Z,216.630997,216.781998,216.572006,216.772995
2026-07-06T14:15:00Z,216.779999,216.807999,216.725998,216.746994
2026-07-06T14:30:00Z,216.738998,216.774994,216.666000,216.669006
2026-07-06T14:45:00Z,216.667007,216.884003,216.664993,216.828003
2026-07-06T15:00:00Z,216.826004,216.873993,216.778000,216.811005
2026-07-06T15:15:00Z,216.811005,216.817993,216.731995,216.798004
2026-07-06T15:30:00Z,216.789001,216.880005,216.785995,216.862000
2026-07-06T15:45:00Z,216.862000,216.944000,216.852005,216.921997
2026-07-06T16:00:00Z,216.921005,216.977005,216.904007,216.904999
2026-07-06T16:15:00Z,216.910004,216.994995,216.886002,216.973999
2026-07-06T16:30:00Z,216.977997,216.994003,216.951004,216.990005
2026-07-06T16:45:00Z,216.990997,217.059998,216.979004,217.024002
2026-07-06T17:00:00Z,217.024994,217.061996,217.007004,217.054993
2026-07-06T17:15:00Z,217.054001,217.059006,216.973999,216.988998
2026-07-06T17:30:00Z,216.990005,217.039001,216.983994,216.998993
2026-07-06T17:45:00Z,216.998993,217.022003,216.970993,217.013000
2026-07-06T18:00:00Z,217.007996,217.024994,216.988998,216.998993
2026-07-06T18:15:00Z,216.998993,217.048004,216.975998,217.042999
2026-07-06T18:30:00Z,217.044998,217.108002,217.037003,217.074997
2026-07-06T18:45:00Z,217.072998,217.153000,217.009003,217.037003
2026-07-06T19:00:00Z,217.037994,217.121002,217.035995,217.078995
2026-07-06T19:15:00Z,217.078995,217.087006,217.041000,217.057999
2026-07-06T19:30:00Z,217.057999,217.082993,216.988998,217.072006
2026-07-06T19:45:00Z,217.070999,217.072006,216.970001,217.005997
2026-07-06T20:00:00Z,217.020004,217.039993,216.983002,217.026993
2026-07-06T20:15:00Z,217.029007,217.044998,216.987000,217.020996
2026-07-06T20:30:00Z,217.018005,217.050003,217.005005,217.014008
2026-07-06T20:45:00Z,217.018005,217.052002,216.979996,217.029999
2026-07-06T21:00:00Z,216.992996,217.087006,216.865997,216.960999
2026-07-06T21:15:00Z,216.960999,217.102997,216.860001,216.945007
2026-07-06T21:30:00Z,216.942993,217.087997,216.882004,216.996002
2026-07-06T21:45:00Z,217.000000,217.177002,216.858994,216.970001
2026-07-06T22:00:00Z,216.957993,217.061996,216.927994,217.026001
2026-07-06T22:15:00Z,217.026001,217.076004,217.005005,217.052002
2026-07-06T22:30:00Z,217.037003,217.117004,217.024994,217.100006
2026-07-06T22:45:00Z,217.095001,217.125000,217.084000,217.106003
2026-07-06T23:00:00Z,217.106995,217.123993,217.061005,217.091003
2026-07-06T23:15:00Z,217.091003,217.117996,217.087006,217.093002
2026-07-06T23:30:00Z,217.093994,217.138000,217.070007,217.134995
2026-07-06T23:45:00Z,217.128006,217.136002,217.089996,217.102005
2026-07-07T00:00:00Z,217.102005,217.164001,217.098999,217.151993
2026-07-07T00:15:00Z,217.147995,217.209000,217.134995,217.160004
2026-07-07T00:30:00Z,217.158005,217.169998,217.087997,217.113998
2026-07-07T00:45:00Z,217.113007,217.149002,217.037003,217.057999
2026-07-07T01:00:00Z,217.052002,217.098007,217.050995,217.085007
2026-07-07T01:15:00Z,217.076996,217.098007,216.968994,216.985992
2026-07-07T01:30:00Z,216.985992,216.992004,216.641998,216.891998
2026-07-07T01:45:00Z,216.891998,216.914993,216.776993,216.847000
2026-07-07T02:00:00Z,216.848999,216.876007,216.768997,216.856995
2026-07-07T02:15:00Z,216.854004,216.878006,216.822006,216.850006
2026-07-07T02:30:00Z,216.843002,216.856995,216.789001,216.817001
2026-07-07T02:45:00Z,216.809006,216.848007,216.787003,216.817993
2026-07-07T03:00:00Z,216.817001,216.860001,216.800003,216.830994
2026-07-07T03:15:00Z,216.830002,216.837997,216.720993,216.727997
2026-07-07T03:30:00Z,216.727997,216.796997,216.714005,216.783005
2026-07-07T03:45:00Z,216.781998,216.787994,216.716995,216.744003
2026-07-07T04:00:00Z,216.740005,216.781006,216.705994,216.709000
2026-07-07T04:15:00Z,216.709000,216.759003,216.647003,216.653000
2026-07-07T04:30:00Z,216.658005,216.667999,216.524994,216.565994
2026-07-07T04:45:00Z,216.565994,216.626007,216.524002,216.626007
2026-07-07T05:00:00Z,216.621002,216.626999,216.524002,216.537003
2026-07-07T05:15:00Z,216.537003,216.625000,216.518005,216.589005
2026-07-07T05:30:00Z,216.580994,216.626007,216.552994,216.570007
2026-07-07T05:45:00Z,216.570007,216.660995,216.516998,216.647995
2026-07-07T06:00:00Z,216.645996,216.692993,216.561005,216.608002
2026-07-07T06:15:00Z,216.604996,216.779007,216.600998,216.761993
2026-07-07T06:30:00Z,216.761002,216.837997,216.735992,216.774994
2026-07-07T06:45:00Z,216.779007,216.837997,216.755997,216.789993
2026-07-07T07:00:00Z,216.792007,216.826004,216.703003,216.727005
2026-07-07T07:15:00Z,216.720001,216.746994,216.365005,216.682999
2026-07-07T07:30:00Z,216.699005,216.776993,216.671005,216.740997
2026-07-07T07:45:00Z,216.744995,216.753006,216.572006,216.664001
2026-07-07T08:00:00Z,216.662994,216.692993,216.600998,216.632996
2026-07-07T08:15:00Z,216.632996,216.809006,216.604004,216.800003
2026-07-07T08:30:00Z,216.794998,216.830002,216.710007,216.710007
2026-07-07T08:45:00Z,216.710007,216.832993,216.707001,216.798996
2026-07-07T09:00:00Z,216.796005,216.828003,216.684006,216.731995
2026-07-07T09:15:00Z,216.727997,216.742004,216.690994,216.716995
2026-07-07T09:30:00Z,216.716003,216.770004,216.677002,216.751007
2026-07-07T09:45:00Z,216.742004,216.759003,216.669998,216.671005
2026-07-07T10:00:00Z,216.669006,216.677994,216.509995,216.638000
2026-07-07T10:15:00Z,216.645996,216.662994,216.604004,216.639008
2026-07-07T10:30:00Z,216.639008,216.697998,216.625000,216.667007
2026-07-07T10:45:00Z,216.667007,216.764999,216.667007,216.738007
2026-07-07T11:00:00Z,216.748001,216.807999,216.692993,216.725006
2026-07-07T11:15:00Z,216.725006,216.785995,216.677994,216.759003
2026-07-07T11:30:00Z,216.759003,216.809998,216.750000,216.774994
2026-07-07T11:45:00Z,216.787003,216.819000,216.733002,216.772003
2026-07-07T12:00:00Z,216.770004,216.802994,216.653000,216.695007
2026-07-07T12:15:00Z,216.701996,216.712997,216.557007,216.600006
2026-07-07T12:30:00Z,216.602997,216.641006,216.542999,216.578995
2026-07-07T12:45:00Z,216.574997,216.639999,216.554001,216.617996
2026-07-07T13:00:00Z,216.619995,216.677994,216.546005,216.600998
2026-07-07T13:15:00Z,216.600998,216.669006,216.533997,216.563004
2026-07-07T13:30:00Z,216.563004,216.682007,216.548004,216.576996
2026-07-07T13:45:00Z,216.582001,216.647995,216.434006,216.453995
2026-07-07T14:00:00Z,216.453995,216.559998,216.434006,216.464996
2026-07-07T14:15:00Z,216.457993,216.529007,216.419006,216.516998
2026-07-07T14:30:00Z,216.518005,216.615997,216.514008,216.580994
2026-07-07T14:45:00Z,216.578003,216.725998,216.546005,216.617004
2026-07-07T15:00:00Z,216.621002,216.649994,216.522995,216.526993
2026-07-07T15:15:00Z,216.533005,216.576004,216.473007,216.563995
2026-07-07T15:30:00Z,216.567993,216.602005,216.472000,216.473999
2026-07-07T15:45:00Z,216.485992,216.535995,216.473007,216.477997
2026-07-07T16:00:00Z,216.485992,216.541000,216.455002,216.460999
2026-07-07T16:15:00Z,216.472000,216.483002,216.412994,216.432999
2026-07-07T16:30:00Z,216.427994,216.490005,216.417007,216.453003
2026-07-07T16:45:00Z,216.453003,216.522003,216.451996,216.518005
2026-07-07T17:00:00Z,216.518997,216.531998,216.460999,216.473999
2026-07-07T17:15:00Z,216.473999,216.526993,216.455002,216.518997
2026-07-07T17:30:00Z,216.516998,216.537003,216.479004,216.509995
2026-07-07T17:45:00Z,216.505005,216.524994,216.470993,216.507004
2026-07-07T18:00:00Z,216.501007,216.531998,216.475998,216.488998
2026-07-07T18:15:00Z,216.488998,216.531998,216.472000,216.500000
2026-07-07T18:30:00Z,216.496994,216.505005,216.436996,216.445007
2026-07-07T18:45:00Z,216.447006,216.464005,216.373001,216.393997
2026-07-07T19:00:00Z,216.393005,216.429993,216.373993,216.419006
2026-07-07T19:15:00Z,216.421997,216.496002,216.416000,216.481003
2026-07-07T19:30:00Z,216.479004,216.516006,216.464996,216.507004
2026-07-07T19:45:00Z,216.507004,216.570999,216.496994,216.550995
2026-07-07T20:00:00Z,216.546997,216.557999,216.518997,216.550003
2026-07-07T20:15:00Z,216.542999,216.550995,216.500000,216.514008
2026-07-07T20:30:00Z,216.507004,216.518997,216.479004,216.505005
2026-07-07T20:45:00Z,216.505005,216.563995,216.466003,216.511993
2026-07-07T21:00:00Z,216.388000,216.533005,216.255005,216.365997
2026-07-07T21:15:00Z,216.350998,216.628998,216.328995,216.569000
2026-07-07T21:30:00Z,216.582993,216.638000,216.445999,216.541000
2026-07-07T21:45:00Z,216.539993,216.628006,216.393997,216.475998
2026-07-07T22:00:00Z,216.470993,216.572998,216.451996,216.514008
2026-07-07T22:15:00Z,216.514008,216.524002,216.401001,216.453003
2026-07-07T22:30:00Z,216.451996,216.516998,216.438995,216.481995
2026-07-07T22:45:00Z,216.487000,216.552002,216.479996,216.544998
2026-07-07T23:00:00Z,216.542999,216.647995,216.537994,216.634003
2026-07-07T23:15:00Z,216.632004,216.709000,216.628006,216.677994
2026-07-07T23:30:00Z,216.677994,216.718002,216.641998,216.714005
2026-07-07T23:45:00Z,216.716995,216.733002,216.638000,216.681000
2026-07-08T00:00:00Z,216.690994,216.727997,216.589996,216.695999
2026-07-08T00:15:00Z,216.690002,216.785995,216.667007,216.753006
2026-07-08T00:30:00Z,216.757996,216.802994,216.725998,216.750000
2026-07-08T00:45:00Z,216.757996,216.785995,216.669006,216.772003
2026-07-08T01:00:00Z,216.768005,216.779999,216.716003,216.757996
2026-07-08T01:15:00Z,216.761993,216.830994,216.753006,216.811996
2026-07-08T01:30:00Z,216.798996,216.828995,216.699997,216.742996
2026-07-08T01:45:00Z,216.742996,216.778000,216.714005,216.731003
2026-07-08T02:00:00Z,216.727997,216.848007,216.699997,216.832001
2026-07-08T02:15:00Z,216.824997,216.845993,216.789001,216.839996
2026-07-08T02:30:00Z,216.832993,216.865997,216.804001,216.809006
2026-07-08T02:45:00Z,216.811005,216.830994,216.763000,216.764999
2026-07-08T03:00:00Z,216.774994,216.820007,216.744003,216.800003
2026-07-08T03:15:00Z,216.811005,216.824005,216.768005,216.792007
2026-07-08T03:30:00Z,216.774994,216.820999,216.761993,216.798996
2026-07-08T03:45:00Z,216.798996,216.822006,216.783997,216.791000
2026-07-08T04:00:00Z,216.792007,216.807007,216.757996,216.781006
2026-07-08T04:15:00Z,216.781998,216.832993,216.778000,216.809006
2026-07-08T04:30:00Z,216.806000,216.860992,216.792007,216.830002
2026-07-08T04:45:00Z,216.830994,216.865997,216.802994,216.807999
2026-07-08T05:00:00Z,216.804993,216.871994,216.776001,216.785004
2026-07-08T05:15:00Z,216.779999,216.809998,216.746994,216.757996
2026-07-08T05:30:00Z,216.750000,216.781006,216.686996,216.725006
2026-07-08T05:45:00Z,216.729004,216.813004,216.705002,216.770004
2026-07-08T06:00:00Z,216.761993,216.802002,216.716995,216.742996
2026-07-08T06:15:00Z,216.738007,216.860001,216.727997,216.761002
2026-07-08T06:30:00Z,216.759995,216.764999,216.606003,216.641006
2026-07-08T06:45:00Z,216.645004,216.787994,216.638000,216.787003
2026-07-08T07:00:00Z,216.789001,216.798004,216.705994,216.744995
2026-07-08T07:15:00Z,216.746002,216.852005,216.723007,216.796997
2026-07-08T07:30:00Z,216.796005,216.867004,216.772003,216.815002
2026-07-08T07:45:00Z,216.813995,216.878998,216.779007,216.806000
2026-07-08T08:00:00Z,216.807007,216.966003,216.785004,216.934998
2026-07-08T08:15:00Z,216.934998,216.966003,216.679001,216.796005
2026-07-08T08:30:00Z,216.792999,216.826996,216.675995,216.764008
2026-07-08T08:45:00Z,216.764008,216.841995,216.709000,216.746994
2026-07-08T09:00:00Z,216.748001,216.785004,216.481003,216.537003
2026-07-08T09:15:00Z,216.539001,216.701004,216.526001,216.656998
2026-07-08T09:30:00Z,216.656006,216.789001,216.656006,216.770996
2026-07-08T09:45:00Z,216.770996,216.787994,216.712006,216.744995
2026-07-08T10:00:00Z,216.744003,216.792007,216.716003,216.750000
2026-07-08T10:15:00Z,216.750000,216.871994,216.714005,216.841003
2026-07-08T10:30:00Z,216.841003,216.923996,216.824997,216.912994
2026-07-08T10:45:00Z,216.910995,216.938995,216.826004,216.832001
2026-07-08T11:00:00Z,216.834000,216.869995,216.744995,216.746002
2026-07-08T11:15:00Z,216.751999,216.811005,216.731003,216.748001
2026-07-08T11:30:00Z,216.742996,216.835999,216.647003,216.779007
2026-07-08T11:45:00Z,216.779007,216.811005,216.723007,216.748993
2026-07-08T12:00:00Z,216.753006,216.906998,216.690002,216.884003
2026-07-08T12:15:00Z,216.884003,216.957993,216.867996,216.938995
2026-07-08T12:30:00Z,216.947006,216.960999,216.869003,216.957001
2026-07-08T12:45:00Z,216.949997,216.983002,216.798004,216.820007
2026-07-08T13:00:00Z,216.817993,216.979004,216.798004,216.936005
2026-07-08T13:15:00Z,216.936996,217.167999,216.886002,217.143997
2026-07-08T13:30:00Z,217.149994,217.389008,217.139008,217.328995
2026-07-08T13:45:00Z,217.328003,217.410995,217.244995,217.322998
2026-07-08T14:00:00Z,217.322006,217.373993,217.266006,217.272995
2026-07-08T14:15:00Z,217.272995,217.391998,217.266006,217.315994
2026-07-08T14:30:00Z,217.311005,217.382004,217.268005,217.322006
2026-07-08T14:45:00Z,217.322006,217.447998,217.315002,217.438995
2026-07-08T15:00:00Z,217.442001,217.483994,217.307007,217.313995
2026-07-08T15:15:00Z,217.313995,217.417007,217.255997,217.367004
2026-07-08T15:30:00Z,217.365997,217.406998,217.304993,217.354004
2026-07-08T15:45:00Z,217.356995,217.386002,217.313004,217.328003
2026-07-08T16:00:00Z,217.326996,217.382004,217.311005,217.373993
2026-07-08T16:15:00Z,217.367004,217.501007,217.343002,217.492004
2026-07-08T16:30:00Z,217.492004,217.574005,217.473999,217.511002
2026-07-08T16:45:00Z,217.511993,217.556000,217.475998,217.541000
2026-07-08T17:00:00Z,217.544006,217.755997,217.518997,217.733002
2026-07-08T17:15:00Z,217.727997,217.826996,217.699005,217.815994
2026-07-08T17:30:00Z,217.820999,217.828995,217.748001,217.785995
2026-07-08T17:45:00Z,217.783005,217.819000,217.645996,217.712997
2026-07-08T18:00:00Z,217.714996,217.815002,217.615005,217.783997
2026-07-08T18:15:00Z,217.779007,217.796005,217.723999,217.742996
2026-07-08T18:30:00Z,217.746994,217.763000,217.707001,217.761993
2026-07-08T18:45:00Z,217.757004,217.776993,217.690994,217.703995
2026-07-08T19:00:00Z,217.701004,217.774002,217.701004,217.738007
2026-07-08T19:15:00Z,217.738007,217.764008,217.716995,217.753006
2026-07-08T19:30:00Z,217.750000,217.794006,217.733002,217.789001
2026-07-08T19:45:00Z,217.783005,217.807007,217.729996,217.744995
2026-07-08T20:00:00Z,217.753006,217.785004,217.722000,217.751999
2026-07-08T20:15:00Z,217.748001,217.757996,217.654999,217.681000
2026-07-08T20:30:00Z,217.677002,217.699005,217.643005,217.679993
2026-07-08T20:45:00Z,217.681000,217.751999,217.632996,217.643997
2026-07-08T21:00:00Z,217.643005,217.738007,217.496994,217.584000
2026-07-08T21:15:00Z,217.585007,217.804001,217.464996,217.649994
2026-07-08T21:30:00Z,217.651001,217.738998,217.503006,217.623001
2026-07-08T21:45:00Z,217.628006,217.783005,217.570007,217.632004
2026-07-08T22:00:00Z,217.593002,217.737000,217.567993,217.707993
2026-07-08T22:15:00Z,217.692993,217.729004,217.684998,217.703003
2026-07-08T22:30:00Z,217.699997,217.714996,217.666000,217.699005
2026-07-08T22:45:00Z,217.699005,217.709000,217.671997,217.679993
2026-07-08T23:00:00Z,217.679993,217.695007,217.643997,217.658005
2026-07-08T23:15:00Z,217.658005,217.690994,217.628006,217.684006
2026-07-08T23:30:00Z,217.688995,217.720993,217.669998,217.697006
2026-07-08T23:45:00Z,217.697006,217.718002,217.671997,217.692993
2026-07-09T00:00:00Z,217.692993,217.705002,217.598007,217.639008
2026-07-09T00:15:00Z,217.639008,217.651993,217.570999,217.608994
2026-07-09T00:30:00Z,217.608994,217.654007,217.597000,217.638000
2026-07-09T00:45:00Z,217.636993,217.645004,217.556000,217.628006
2026-07-09T01:00:00Z,217.628006,217.651001,217.565994,217.570999
2026-07-09T01:15:00Z,217.569000,217.690994,217.563995,217.636002
2026-07-09T01:30:00Z,217.630005,217.662994,217.572998,217.634003
2026-07-09T01:45:00Z,217.641998,217.645996,217.578003,217.617004
2026-07-09T02:00:00Z,217.617004,217.701996,217.604004,217.662003
2026-07-09T02:15:00Z,217.660995,217.695007,217.649002,217.682999
2026-07-09T02:30:00Z,217.682007,217.707001,217.617996,217.647995
2026-07-09T02:45:00Z,217.641006,217.662003,217.608002,217.613998
2026-07-09T03:00:00Z,217.608002,217.623001,217.582001,217.613007
2026-07-09T03:15:00Z,217.608002,217.623993,217.565994,217.589005
2026-07-09T03:30:00Z,217.589996,217.662994,217.587997,217.632996
2026-07-09T03:45:00Z,217.632996,217.639999,217.598999,217.608002
2026-07-09T04:00:00Z,217.613998,217.632004,217.585999,217.600998
2026-07-09T04:15:00Z,217.595001,217.602005,217.535004,217.585007
2026-07-09T04:30:00Z,217.578995,217.634003,217.576996,217.621994
2026-07-09T04:45:00Z,217.617996,217.641006,217.602005,217.639008
2026-07-09T05:00:00Z,217.638000,217.694000,217.617004,217.692001
2026-07-09T05:15:00Z,217.686005,217.701004,217.647995,217.662994
2026-07-09T05:30:00Z,217.671005,217.682007,217.610992,217.641006
2026-07-09T05:45:00Z,217.641006,217.688995,217.636002,217.641006
2026-07-09T06:00:00Z,217.641006,217.720001,217.639008,217.695007
2026-07-09T06:15:00Z,217.695007,217.893005,217.688004,217.820007
2026-07-09T06:30:00Z,217.811005,217.932007,217.796997,217.865997
2026-07-09T06:45:00Z,217.860001,217.910004,217.807999,217.880005
2026-07-09T07:00:00Z,217.882004,217.932007,217.800995,217.923004
2026-07-09T07:15:00Z,217.921997,218.009995,217.910004,217.975998
2026-07-09T07:30:00Z,217.981003,217.983994,217.830002,217.860992
2026-07-09T07:45:00Z,217.862000,217.863998,217.731995,217.785995
2026-07-09T08:00:00Z,217.785995,217.860992,217.748001,217.820007
2026-07-09T08:15:00Z,217.811996,217.832001,217.725006,217.802994
2026-07-09T08:30:00Z,217.802994,217.869995,217.778000,217.841003
2026-07-09T08:45:00Z,217.832001,217.871002,217.748001,217.811996
2026-07-09T09:00:00Z,217.804001,217.854004,217.761993,217.820007
2026-07-09T09:15:00Z,217.820007,217.873001,217.807007,217.865005
2026-07-09T09:30:00Z,217.865005,217.880005,217.779999,217.811996
2026-07-09T09:45:00Z,217.811996,217.871002,217.798004,217.811005
2026-07-09T10:00:00Z,217.811005,217.822998,217.733002,217.755005
2026-07-09T10:15:00Z,217.755005,217.770996,217.725998,217.729996
2026-07-09T10:30:00Z,217.729996,217.763000,217.681000,217.690002
2026-07-09T10:45:00Z,217.681000,217.768005,217.636993,217.658005
2026-07-09T11:00:00Z,217.656998,217.660995,217.546005,217.585999
2026-07-09T11:15:00Z,217.587006,217.641006,217.481003,217.500000
2026-07-09T11:30:00Z,217.498993,217.606995,217.485001,217.554993
2026-07-09T11:45:00Z,217.554993,217.574997,217.492004,217.520004
2026-07-09T12:00:00Z,217.524002,217.570999,217.498001,217.522003
2026-07-09T12:15:00Z,217.522003,217.548996,217.457001,217.507996
2026-07-09T12:30:00Z,217.529999,217.600006,217.475006,217.550003
2026-07-09T12:45:00Z,217.550003,217.578995,217.345993,217.417007
2026-07-09T13:00:00Z,217.419998,217.529999,217.410004,217.528000
2026-07-09T13:15:00Z,217.526001,217.570999,217.464005,217.557007
2026-07-09T13:30:00Z,217.550003,217.580002,217.406998,217.447006
2026-07-09T13:45:00Z,217.447998,217.567001,217.425003,217.537994
2026-07-09T14:00:00Z,217.550003,217.667999,217.520004,217.617004
2026-07-09T14:15:00Z,217.613007,217.617996,217.500000,217.600998
2026-07-09T14:30:00Z,217.593994,217.604004,217.500000,217.557999
2026-07-09T14:45:00Z,217.548996,217.557007,217.410995,217.427994
2026-07-09T15:00:00Z,217.419006,217.574005,217.401993,217.539001
2026-07-09T15:15:00Z,217.533997,217.561005,217.470993,217.511993
2026-07-09T15:30:00Z,217.509995,217.593002,217.490005,217.580994
2026-07-09T15:45:00Z,217.580994,217.593994,217.539993,217.572998
2026-07-09T16:00:00Z,217.567001,217.636002,217.550995,217.621002
2026-07-09T16:15:00Z,217.621002,217.630005,217.542999,217.546997
2026-07-09T16:30:00Z,217.546997,217.634995,217.526001,217.630997
2026-07-09T16:45:00Z,217.626007,217.658997,217.608994,217.645004
2026-07-09T17:00:00Z,217.645996,217.682999,217.617004,217.653000
2026-07-09T17:15:00Z,217.653000,217.692001,217.626007,217.681000
2026-07-09T17:30:00Z,217.677994,217.699005,217.664001,217.690994
2026-07-09T17:45:00Z,217.686996,217.725998,217.669006,217.716995
2026-07-09T18:00:00Z,217.716995,217.807999,217.714996,217.806000
2026-07-09T18:15:00Z,217.800995,217.809006,217.761002,217.772995
2026-07-09T18:30:00Z,217.768005,217.783997,217.731995,217.753998
2026-07-09T18:45:00Z,217.753998,217.798996,217.751007,217.779007
2026-07-09T19:00:00Z,217.776001,217.802002,217.763000,217.778000
2026-07-09T19:15:00Z,217.778000,217.819000,217.753006,217.759995
2026-07-09T19:30:00Z,217.761993,217.768997,217.675995,217.686996
2026-07-09T19:45:00Z,217.681000,217.729004,217.671997,217.710999
2026-07-09T20:00:00Z,217.710999,217.761993,217.695007,217.742996
2026-07-09T20:15:00Z,217.733994,217.757996,217.718002,217.727005
2026-07-09T20:30:00Z,217.723999,217.770996,217.716003,217.753006
2026-07-09T20:45:00Z,217.753006,217.764999,217.628006,217.686005
2026-07-09T21:00:00Z,217.684006,217.729004,217.514999,217.662003
2026-07-09T21:15:00Z,217.529999,217.750000,217.505005,217.559998
2026-07-09T21:30:00Z,217.565994,217.757004,217.518005,217.621994
2026-07-09T21:45:00Z,217.613007,217.792007,217.472000,217.606003
2026-07-09T22:00:00Z,217.595993,217.755997,217.574005,217.703995
2026-07-09T22:15:00Z,217.703995,217.759995,217.688995,217.725006
2026-07-09T22:30:00Z,217.725006,217.768005,217.720001,217.720993
2026-07-09T22:45:00Z,217.720993,217.759003,217.714996,217.751999
2026-07-09T23:00:00Z,217.742004,217.761002,217.716003,217.731995
2026-07-09T23:15:00Z,217.720993,217.768997,217.716003,217.755997
2026-07-09T23:30:00Z,217.753006,217.776001,217.738007,217.770004
2026-07-09T23:45:00Z,217.774994,217.785995,217.740005,217.781998
2026-07-10T00:00:00Z,217.778000,217.785004,217.697998,217.748001
2026-07-10T00:15:00Z,217.748993,217.800003,217.742004,217.792007
2026-07-10T00:30:00Z,217.785004,217.792999,217.710007,217.723999
2026-07-10T00:45:00Z,217.725006,217.731003,217.309998,217.509995
2026-07-10T01:00:00Z,217.503998,217.541000,217.261002,217.274002
2026-07-10T01:15:00Z,217.268005,217.386993,217.091995,217.378006
2026-07-10T01:30:00Z,217.375000,217.382996,217.214996,217.335999
2026-07-10T01:45:00Z,217.335999,217.345001,217.184006,217.281998
2026-07-10T02:00:00Z,217.287003,217.300995,217.061996,217.097000
2026-07-10T02:15:00Z,217.084000,217.130005,216.934998,217.093002
2026-07-10T02:30:00Z,217.098999,217.192001,216.994003,217.044006
2026-07-10T02:45:00Z,217.044006,217.136002,217.000000,217.121002
2026-07-10T03:00:00Z,217.119003,217.164993,217.057007,217.089005
2026-07-10T03:15:00Z,217.089996,217.121994,216.962997,216.987000
2026-07-10T03:30:00Z,216.988998,217.042999,216.932999,217.020004
2026-07-10T03:45:00Z,217.033997,217.121002,216.992996,217.054001
2026-07-10T04:00:00Z,217.057999,217.097000,217.037003,217.080002
2026-07-10T04:15:00Z,217.087997,217.186005,217.057999,217.145996
2026-07-10T04:30:00Z,217.141998,217.162994,217.095993,217.136002
2026-07-10T04:45:00Z,217.128006,217.158005,217.063995,217.078995
2026-07-10T05:00:00Z,217.070999,217.089005,216.869995,216.897003
2026-07-10T05:15:00Z,216.897995,217.057999,216.884003,217.000000
2026-07-10T05:30:00Z,217.000000,217.020004,216.929001,216.994995
2026-07-10T05:45:00Z,216.988007,217.000000,216.856995,216.949997
2026-07-10T06:00:00Z,216.953003,217.007004,216.835999,216.955002
2026-07-10T06:15:00Z,216.959000,216.970001,216.839996,216.947006
2026-07-10T06:30:00Z,216.940994,217.016006,216.884003,216.953003
2026-07-10T06:45:00Z,216.932999,216.994995,216.914001,216.938004
2026-07-10T07:00:00Z,216.945999,217.100998,216.927994,217.063004
2026-07-10T07:15:00Z,217.067993,217.158005,217.042007,217.156006
2026-07-10T07:30:00Z,217.147995,217.199005,217.085999,217.100006
2026-07-10T07:45:00Z,217.106995,217.130997,217.003006,217.014999
2026-07-10T08:00:00Z,217.009995,217.022003,216.865005,216.869995
2026-07-10T08:15:00Z,216.869995,216.988007,216.863998,216.944000
2026-07-10T08:30:00Z,216.951004,216.966995,216.705994,216.748993
2026-07-10T08:45:00Z,216.744003,216.845001,216.703995,216.809006
2026-07-10T09:00:00Z,216.809006,216.925995,216.787003,216.901993
2026-07-10T09:15:00Z,216.899994,217.009003,216.858994,216.998001
2026-07-10T09:30:00Z,216.998001,217.078003,216.970993,216.985001
2026-07-10T09:45:00Z,216.979004,217.067001,216.975998,217.003998
2026-07-10T10:00:00Z,217.003998,217.039001,216.960007,217.022003
2026-07-10T10:15:00Z,217.022003,217.085007,216.996994,217.037994
2026-07-10T10:30:00Z,217.031998,217.076996,217.009995,217.061005
2026-07-10T10:45:00Z,217.076996,217.330994,217.059998,217.285004
2026-07-10T11:00:00Z,217.285004,217.376007,217.197998,217.246994
2026-07-10T11:15:00Z,217.242004,217.283997,217.197998,217.214996
2026-07-10T11:30:00Z,217.210999,217.261993,217.169998,217.220001
2026-07-10T11:45:00Z,217.218994,217.320007,217.199997,217.289993
2026-07-10T12:00:00Z,217.289993,217.320007,217.212997,217.223999
2026-07-10T12:15:00Z,217.214005,217.274994,217.151001,217.214996
2026-07-10T12:30:00Z,217.214996,217.266998,217.089005,217.098007
2026-07-10T12:45:00Z,217.097000,217.151001,217.057007,217.141998
2026-07-10T13:00:00Z,217.141998,217.151993,217.031998,217.054001
2026-07-10T13:15:00Z,217.052994,217.059006,216.968002,216.998001
2026-07-10T13:30:00Z,216.998001,217.087997,216.996994,217.033997
2026-07-10T13:45:00Z,217.033005,217.037003,216.848007,216.858002
2026-07-10T14:00:00Z,216.858002,216.917999,216.834000,216.876007
2026-07-10T14:15:00Z,216.869003,217.005005,216.858002,216.944000
2026-07-10T14:30:00Z,216.942993,217.020004,216.714005,217.007004
2026-07-10T14:45:00Z,217.003998,217.044998,216.927994,216.998993
2026-07-10T15:00:00Z,217.001007,217.020996,216.880997,216.901001
2026-07-10T15:15:00Z,216.895996,216.960999,216.675995,216.751007
2026-07-10T15:30:00Z,216.748001,216.755005,216.574997,216.641006
2026-07-10T15:45:00Z,216.645004,216.703995,216.453995,216.496002
2026-07-10T16:00:00Z,216.490997,216.610001,216.473999,216.537003
2026-07-10T16:15:00Z,216.533997,216.565994,216.481995,216.522995
2026-07-10T16:30:00Z,216.526993,216.632996,216.518997,216.626007
2026-07-10T16:45:00Z,216.623001,216.669998,216.569000,216.591995
2026-07-10T17:00:00Z,216.593994,216.626007,216.529007,216.554001
2026-07-10T17:15:00Z,216.552994,216.565994,216.511002,216.514008
2026-07-10T17:30:00Z,216.514008,216.542999,216.488998,216.535995
2026-07-10T17:45:00Z,216.526993,216.623001,216.526993,216.595001
2026-07-10T18:00:00Z,216.608002,216.658997,216.580002,216.634995
2026-07-10T18:15:00Z,216.634995,216.656006,216.604996,216.639008
2026-07-10T18:30:00Z,216.634995,216.667007,216.578003,216.600006
2026-07-10T18:45:00Z,216.600006,216.641998,216.582993,216.628998
2026-07-10T19:00:00Z,216.628998,216.654999,216.600006,216.649002
2026-07-10T19:15:00Z,216.649994,216.654999,216.615005,216.626007
2026-07-10T19:30:00Z,216.626999,216.656998,216.613998,216.654999
2026-07-10T19:45:00Z,216.651001,216.692993,216.645004,216.692993
2026-07-10T20:00:00Z,216.686996,216.733002,216.654999,216.688995
2026-07-10T20:15:00Z,216.688995,216.710999,216.645996,216.662003
2026-07-10T20:30:00Z,216.654007,216.675995,216.593002,216.634003
2026-07-10T20:45:00Z,216.649994,216.707001,216.522003,216.574997
2026-07-10T21:00:00Z,216.688004,216.688004,216.688004,216.688004
2026-07-10T21:15:00Z,216.688004,216.688004,216.688004,216.688004
2026-07-12T23:00:00Z,216.705994,216.742004,216.673996,216.684006
2026-07-12T23:15:00Z,216.690002,216.690002,216.632996,216.654999
2026-07-12T23:30:00Z,216.651001,216.740997,216.645004,216.712006
2026-07-12T23:45:00Z,216.710999,216.772003,216.673004,216.703003
2026-07-13T00:00:00Z,216.694000,216.774994,216.658997,216.675995
2026-07-13T00:15:00Z,216.669998,216.772995,216.669998,216.757996
2026-07-13T00:30:00Z,216.757004,216.785995,216.712006,216.725998
2026-07-13T00:45:00Z,216.727005,216.828003,216.723007,216.809998
2026-07-13T01:00:00Z,216.809998,216.848999,216.755005,216.761993
2026-07-13T01:15:00Z,216.766006,216.778000,216.667007,216.695999
2026-07-13T01:30:00Z,216.695999,216.774002,216.669006,216.703003
2026-07-13T01:45:00Z,216.703003,216.794998,216.688004,216.778000
2026-07-13T02:00:00Z,216.770996,216.837006,216.742004,216.789001
2026-07-13T02:15:00Z,216.781006,216.837006,216.774002,216.804993
2026-07-13T02:30:00Z,216.804993,216.847000,216.783997,216.839996
2026-07-13T02:45:00Z,216.839996,216.847000,216.781006,216.796005
2026-07-13T03:00:00Z,216.796005,216.819000,216.755005,216.770996
2026-07-13T03:15:00Z,216.770996,216.815994,216.757996,216.809006
2026-07-13T03:30:00Z,216.809006,216.837997,216.802002,216.817993
2026-07-13T03:45:00Z,216.817993,216.843994,216.794998,216.813995
2026-07-13T04:00:00Z,216.811996,216.820999,216.779999,216.819000
2026-07-13T04:15:00Z,216.815994,216.826004,216.750000,216.763000
2026-07-13T04:30:00Z,216.757004,216.817001,216.755005,216.804001
2026-07-13T04:45:00Z,216.802994,216.809998,216.768005,216.809006
2026-07-13T05:00:00Z,216.804993,216.830994,216.779007,216.800995
2026-07-13T05:15:00Z,216.800995,216.826996,216.744003,216.809006
2026-07-13T05:30:00Z,216.809006,216.858002,216.792999,216.832993
2026-07-13T05:45:00Z,216.832993,217.184998,216.819000,217.100006
2026-07-13T06:00:00Z,217.100998,217.210999,217.063004,217.179001
2026-07-13T06:15:00Z,217.179001,217.279007,217.121002,217.255005
2026-07-13T06:30:00Z,217.251999,217.309006,217.143997,217.164993
2026-07-13T06:45:00Z,217.162994,217.169998,216.988998,217.039001
2026-07-13T07:00:00Z,217.039001,217.179001,216.626999,216.951996
2026-07-13T07:15:00Z,216.962997,217.089996,216.921997,217.007996
2026-07-13T07:30:00Z,217.013000,217.171005,216.970001,217.128006
2026-07-13T07:45:00Z,217.139999,217.154999,217.031006,217.102005
2026-07-13T08:00:00Z,217.102005,217.255997,217.080002,217.201004
2026-07-13T08:15:00Z,217.201996,217.306000,217.184998,217.216003
2026-07-13T08:30:00Z,217.210999,217.259995,217.181000,217.207001
2026-07-13T08:45:00Z,217.210007,217.229996,217.087006,217.095993
2026-07-13T09:00:00Z,217.089005,217.112000,216.988007,216.994003
2026-07-13T09:15:00Z,216.994003,217.016998,216.835007,216.901001
2026-07-13T09:30:00Z,216.899002,216.968002,216.862000,216.927002
2026-07-13T09:45:00Z,216.929993,216.955002,216.865005,216.919998
2026-07-13T10:00:00Z,216.923996,217.039993,216.914993,216.970993
2026-07-13T10:15:00Z,216.970993,216.977005,216.897995,216.964005
2026-07-13T10:30:00Z,216.964005,217.018997,216.934006,216.988007
2026-07-13T10:45:00Z,216.988998,217.151001,216.987000,217.143997
2026-07-13T11:00:00Z,217.143997,217.190002,217.063995,217.112000
2026-07-13T11:15:00Z,217.106995,217.119995,217.014999,217.065002
2026-07-13T11:30:00Z,217.065002,217.119995,217.033997,217.097000
2026-07-13T11:45:00Z,217.097000,217.179001,217.059998,217.126007
2026-07-13T12:00:00Z,217.128006,217.158005,217.029007,217.067001
2026-07-13T12:15:00Z,217.065994,217.164001,217.059006,217.149002
2026-07-13T12:30:00Z,217.145996,217.251007,217.134995,217.220001
2026-07-13T12:45:00Z,217.227997,217.231995,217.132996,217.209000
2026-07-13T13:00:00Z,217.207993,217.220001,217.117004,217.143997
2026-07-13T13:15:00Z,217.149994,217.209000,217.132996,217.154007
2026-07-13T13:30:00Z,217.149994,217.231003,217.123001,217.141006
2026-07-13T13:45:00Z,217.134995,217.195007,217.108994,217.132004
2026-07-13T14:00:00Z,217.132004,217.151993,217.054001,217.098999
2026-07-13T14:15:00Z,217.098007,217.153000,216.929993,217.136993
2026-07-13T14:30:00Z,217.134995,217.156006,217.057007,217.123001
2026-07-13T14:45:00Z,217.126007,217.210999,217.061005,217.192001
2026-07-13T15:00:00Z,217.194000,217.218002,217.115005,217.136002
2026-07-13T15:15:00Z,217.136002,217.171997,217.087997,217.151993
2026-07-13T15:30:00Z,217.153000,217.201996,217.119003,217.175995
2026-07-13T15:45:00Z,217.175995,217.205002,217.149994,217.182999
2026-07-13T16:00:00Z,217.188004,217.248993,217.182007,217.238998
2026-07-13T16:15:00Z,217.240005,217.264999,217.117996,217.139999
2026-07-13T16:30:00Z,217.139999,217.153000,216.979004,217.098007
2026-07-13T16:45:00Z,217.104996,217.126999,216.979996,217.082993
2026-07-13T17:00:00Z,217.080994,217.115005,217.028000,217.059006
2026-07-13T17:15:00Z,217.059998,217.076004,217.005997,217.024002
2026-07-13T17:30:00Z,217.016998,217.054993,216.994003,217.048996
2026-07-13T17:45:00Z,217.054001,217.082993,216.992996,217.016998
2026-07-13T18:00:00Z,217.016998,217.026993,216.966003,216.988007
2026-07-13T18:15:00Z,216.988007,217.007996,216.955002,216.970993
2026-07-13T18:30:00Z,216.964996,216.979996,216.938004,216.962006
2026-07-13T18:45:00Z,216.960999,216.973999,216.899002,216.910004
2026-07-13T19:00:00Z,216.908005,216.940002,216.891998,216.904007
2026-07-13T19:15:00Z,216.908997,216.936005,216.886993,216.910004
2026-07-13T19:30:00Z,216.910995,216.934006,216.873001,216.929001
2026-07-13T19:45:00Z,216.932999,216.940994,216.893997,216.929001
2026-07-13T20:00:00Z,216.921005,216.932007,216.863007,216.886002
2026-07-13T20:15:00Z,216.880005,216.895004,216.774994,216.787994
2026-07-13T20:30:00Z,216.785995,216.822998,216.761993,216.817001
2026-07-13T20:45:00Z,216.817001,216.824005,216.714005,216.764008
2026-07-13T21:00:00Z,216.723007,216.897003,216.651001,216.800995
2026-07-13T21:15:00Z,216.860992,217.003998,216.664993,216.806000
2026-07-13T21:30:00Z,216.809006,216.893997,216.746002,216.867004
2026-07-13T21:45:00Z,216.796997,216.908997,216.737000,216.755005
2026-07-13T22:00:00Z,216.757004,216.901993,216.707001,216.835007
2026-07-13T22:15:00Z,216.822998,216.869995,216.820007,216.850998
2026-07-13T22:30:00Z,216.850998,216.875000,216.837006,216.863007
2026-07-13T22:45:00Z,216.860992,216.867004,216.822998,216.835999
2026-07-13T23:00:00Z,216.835007,216.841995,216.800995,216.804993
2026-07-13T23:15:00Z,216.804993,216.828003,216.776993,216.779007
2026-07-13T23:30:00Z,216.779007,216.813995,216.768005,216.783997
2026-07-13T23:45:00Z,216.778000,216.828003,216.757004,216.820007
2026-07-14T00:00:00Z,216.822998,216.862000,216.759995,216.826004
2026-07-14T00:15:00Z,216.817993,216.826004,216.735992,216.750000
2026-07-14T00:30:00Z,216.742996,216.871002,216.720993,216.794998
2026-07-14T00:45:00Z,216.792007,216.878006,216.660995,216.800003
2026-07-14T01:00:00Z,216.798004,216.837997,216.748993,216.759003
2026-07-14T01:15:00Z,216.766998,216.843002,216.759003,216.819000
2026-07-14T01:30:00Z,216.820007,216.867004,216.776993,216.856003
2026-07-14T01:45:00Z,216.850006,216.914001,216.841995,216.865997
2026-07-14T02:00:00Z,216.863998,216.921005,216.847000,216.856003
2026-07-14T02:15:00Z,216.858002,216.901001,216.848007,216.882996
2026-07-14T02:30:00Z,216.882996,216.901993,216.852997,216.854996
2026-07-14T02:45:00Z,216.854996,216.865005,216.800003,216.811996
2026-07-14T03:00:00Z,216.802994,216.867004,216.791000,216.832001
2026-07-14T03:15:00Z,216.832001,216.852997,216.813004,216.850998
2026-07-14T03:30:00Z,216.850006,216.871002,216.753998,216.789001
2026-07-14T03:45:00Z,216.798996,216.830002,216.770996,216.817001
2026-07-14T04:00:00Z,216.817001,216.843002,216.798004,216.828995
2026-07-14T04:15:00Z,216.828995,216.862000,216.820007,216.845993
2026-07-14T04:30:00Z,216.839005,216.873001,216.830994,216.837997
2026-07-14T04:45:00Z,216.843002,216.854996,216.787003,216.834000
2026-07-14T05:00:00Z,216.834000,216.873001,216.811996,216.854996
2026-07-14T05:15:00Z,216.858994,216.932007,216.852997,216.910004
2026-07-14T05:30:00Z,216.912003,216.960999,216.903000,216.916000
2026-07-14T05:45:00Z,216.910995,216.917007,216.850006,216.852997
2026-07-14T06:00:00Z,216.856003,216.914993,216.826996,216.834000
2026-07-14T06:15:00Z,216.832993,216.847000,216.781006,216.804993
2026-07-14T06:30:00Z,216.806000,216.865997,216.798004,216.826996
2026-07-14T06:45:00Z,216.834000,216.865997,216.796005,216.820999
2026-07-14T07:00:00Z,216.830002,216.893997,216.744003,216.774994
2026-07-14T07:15:00Z,216.768005,216.865005,216.759003,216.834000
2026-07-14T07:30:00Z,216.835007,216.923004,216.802994,216.904007
2026-07-14T07:45:00Z,216.901993,216.944000,216.822006,216.848007
2026-07-14T08:00:00Z,216.847000,216.919006,216.822006,216.865997
2026-07-14T08:15:00Z,216.865997,216.912994,216.830994,216.893997
2026-07-14T08:30:00Z,216.893997,216.988998,216.684006,216.940002
2026-07-14T08:45:00Z,216.945999,217.035004,216.886993,217.033005
2026-07-14T09:00:00Z,217.026001,217.080002,216.968002,217.024994
2026-07-14T09:15:00Z,217.026001,217.057999,216.973999,217.005997
2026-07-14T09:30:00Z,217.005005,217.046005,216.936005,216.936005
2026-07-14T09:45:00Z,216.949005,217.050003,216.929993,216.983994
2026-07-14T10:00:00Z,216.983002,217.009003,216.949005,216.979996
2026-07-14T10:15:00Z,216.979996,217.018005,216.942993,216.973007
2026-07-14T10:30:00Z,216.973007,217.044006,216.955994,217.024994
2026-07-14T10:45:00Z,217.024994,217.029999,216.932007,216.975006
2026-07-14T11:00:00Z,216.968002,216.979996,216.850998,216.947006
2026-07-14T11:15:00Z,216.938004,217.029999,216.936996,217.007004
2026-07-14T11:30:00Z,217.007004,217.037994,216.987000,217.029007
2026-07-14T11:45:00Z,217.031006,217.128006,217.028000,217.082993
2026-07-14T12:00:00Z,217.082001,217.138000,217.044998,217.050995
2026-07-14T12:15:00Z,217.046997,217.164001,217.039001,217.123001
2026-07-14T12:30:00Z,217.087997,217.384995,216.897995,217.251999
2026-07-14T12:45:00Z,217.257004,217.306000,217.022003,217.098007
2026-07-14T13:00:00Z,217.106003,217.169998,216.970993,217.009003
2026-07-14T13:15:00Z,217.009995,217.119995,216.932007,216.938995
2026-07-14T13:30:00Z,216.938004,217.246994,216.929001,217.229004
2026-07-14T13:45:00Z,217.235992,217.278000,217.167999,217.227997
2026-07-14T14:00:00Z,217.229996,217.296997,217.141006,217.181000
2026-07-14T14:15:00Z,217.181000,217.216003,217.035004,217.046997
2026-07-14T14:30:00Z,217.044006,217.188995,217.007004,217.153000
2026-07-14T14:45:00Z,217.153000,217.184006,217.087006,217.115005
2026-07-14T15:00:00Z,217.117996,217.154007,217.069000,217.087006
2026-07-14T15:15:00Z,217.095001,217.104004,216.923996,216.968994
2026-07-14T15:30:00Z,216.968994,217.007004,216.912003,216.985992
2026-07-14T15:45:00Z,216.990997,217.016006,216.945999,216.983994
2026-07-14T16:00:00Z,216.988998,217.016998,216.927994,216.998001
2026-07-14T16:15:00Z,217.003998,217.085007,216.934998,217.067001
2026-07-14T16:30:00Z,217.061996,217.108002,217.035995,217.035995
2026-07-14T16:45:00Z,217.035995,217.098999,217.024002,217.044006
2026-07-14T17:00:00Z,217.048004,217.085999,216.934006,216.934006
2026-07-14T17:15:00Z,216.934006,216.944000,216.863007,216.938995
2026-07-14T17:30:00Z,216.932999,216.985992,216.932999,216.972000
2026-07-14T17:45:00Z,216.968994,217.026993,216.947006,216.964005
2026-07-14T18:00:00Z,216.957993,217.044006,216.953995,217.031006
2026-07-14T18:15:00Z,217.031998,217.061005,217.001999,217.041000
2026-07-14T18:30:00Z,217.037003,217.082993,216.977997,217.009995
2026-07-14T18:45:00Z,217.005005,217.059006,216.966995,217.039993
2026-07-14T19:00:00Z,217.046005,217.065002,217.005005,217.029999
2026-07-14T19:15:00Z,217.024994,217.097000,217.000000,217.074005
2026-07-14T19:30:00Z,217.070999,217.113007,217.046005,217.098999
2026-07-14T19:45:00Z,217.100006,217.179001,217.082001,217.162003
2026-07-14T20:00:00Z,217.162994,217.197998,217.143005,217.195999
2026-07-14T20:15:00Z,217.195999,217.216003,217.184006,217.199005
2026-07-14T20:30:00Z,217.192993,217.229996,217.190002,217.218002
2026-07-14T20:45:00Z,217.216995,217.289993,217.139999,217.199997
2026-07-14T21:00:00Z,217.132004,217.186005,216.917007,216.940994
2026-07-14T21:15:00Z,216.938995,217.225998,216.860992,217.037003
2026-07-14T21:30:00Z,217.035004,217.210999,216.994003,217.104004
2026-07-14T21:45:00Z,217.112000,217.212006,217.041000,217.078995
2026-07-14T22:00:00Z,217.106003,217.261993,217.011993,217.238998
2026-07-14T22:15:00Z,217.246002,217.300995,217.218994,217.292999
2026-07-14T22:30:00Z,217.285004,217.294998,217.231003,217.244003
2026-07-14T22:45:00Z,217.251007,217.251007,217.195007,217.242004
2026-07-14T23:00:00Z,217.229004,217.266006,217.225998,217.240005
2026-07-14T23:15:00Z,217.229996,217.257004,217.199997,217.235001
2026-07-14T23:30:00Z,217.235001,217.257996,217.214996,217.238007
2026-07-14T23:45:00Z,217.231995,217.281006,217.229996,217.276993
2026-07-15T00:00:00Z,217.276993,217.315994,217.237000,217.304993
2026-07-15T00:15:00Z,217.300995,217.332001,217.223007,217.248001
2026-07-15T00:30:00Z,217.242996,217.311996,217.240997,217.294998
2026-07-15T00:45:00Z,217.296005,217.302002,217.214005,217.261993
2026-07-15T01:00:00Z,217.261002,217.281006,217.128998,217.145004
2026-07-15T01:15:00Z,217.138000,217.210999,217.098007,217.177994
2026-07-15T01:30:00Z,217.186996,217.231003,217.162003,217.192993
2026-07-15T01:45:00Z,217.192993,217.264999,217.190994,217.231003
2026-07-15T02:00:00Z,217.233002,217.278000,217.192993,217.255005
2026-07-15T02:15:00Z,217.261002,217.268997,217.220001,217.246002
2026-07-15T02:30:00Z,217.244995,217.298996,217.235001,217.283997
2026-07-15T02:45:00Z,217.285995,217.335007,217.272003,217.313004
2026-07-15T03:00:00Z,217.311005,217.354996,217.304001,217.322998
2026-07-15T03:15:00Z,217.322998,217.324005,217.278000,217.294006
2026-07-15T03:30:00Z,217.296997,217.324997,217.287003,217.306000
2026-07-15T03:45:00Z,217.296997,217.345001,217.287994,217.322006
2026-07-15T04:00:00Z,217.322006,217.348999,217.287994,217.343994
2026-07-15T04:15:00Z,217.341995,217.436005,217.328995,217.427994
2026-07-15T04:30:00Z,217.425003,217.445999,217.406006,217.425995
2026-07-15T04:45:00Z,217.417007,217.442001,217.382004,217.397995
2026-07-15T05:00:00Z,217.393997,217.429001,217.360001,217.362000
2026-07-15T05:15:00Z,217.362000,217.436996,217.362000,217.419998
2026-07-15T05:30:00Z,217.417999,217.518005,217.404999,217.518005
2026-07-15T05:45:00Z,217.511002,217.589005,217.501999,217.509003
2026-07-15T06:00:00Z,217.509995,217.613998,217.509003,217.612000
2026-07-15T06:15:00Z,217.606995,217.623993,217.561996,217.580994
2026-07-15T06:30:00Z,217.587997,217.593002,217.479004,217.505005
2026-07-15T06:45:00Z,217.496002,217.656006,217.445999,217.598007
2026-07-15T07:00:00Z,217.600006,217.692001,217.498993,217.632004
2026-07-15T07:15:00Z,217.636002,217.643005,217.509995,217.565994
2026-07-15T07:30:00Z,217.561996,217.628998,217.488998,217.498001
2026-07-15T07:45:00Z,217.490997,217.533005,217.451004,217.466003
2026-07-15T08:00:00Z,217.466995,217.539993,217.451004,217.455994
2026-07-15T08:15:00Z,217.453995,217.481003,217.399994,217.442993
2026-07-15T08:30:00Z,217.442993,217.477997,217.378006,217.386002
2026-07-15T08:45:00Z,217.386002,217.419006,217.345993,217.401001
2026-07-15T09:00:00Z,217.401001,217.457001,217.347000,217.378998
2026-07-15T09:15:00Z,217.380005,217.410995,217.369003,217.386993
2026-07-15T09:30:00Z,217.386002,217.408997,217.322006,217.360992
2026-07-15T09:45:00Z,217.360992,217.434998,217.339005,217.397003
2026-07-15T10:00:00Z,217.404007,217.421005,217.341003,217.350006
2026-07-15T10:15:00Z,217.345993,217.404999,217.300995,217.313995
2026-07-15T10:30:00Z,217.309998,217.434998,217.307007,217.429993
2026-07-15T10:45:00Z,217.423004,217.578995,217.421997,217.494995
2026-07-15T11:00:00Z,217.496994,217.563004,217.451004,217.513000
2026-07-15T11:15:00Z,217.500000,217.563995,217.481995,217.537994
2026-07-15T11:30:00Z,217.537994,217.623993,217.529999,217.608994
2026-07-15T11:45:00Z,217.617004,217.776993,217.585999,217.697006
2026-07-15T12:00:00Z,217.695007,217.764008,217.625000,217.699005
2026-07-15T12:15:00Z,217.699005,217.772995,217.649002,217.658997
2026-07-15T12:30:00Z,217.686005,217.776001,217.617004,217.744003
2026-07-15T12:45:00Z,217.733002,217.804001,217.709000,217.753006
2026-07-15T13:00:00Z,217.750000,217.854996,217.735992,217.822998
2026-07-15T13:15:00Z,217.824005,217.882004,217.789001,217.835007
2026-07-15T13:30:00Z,217.824005,217.908005,217.817993,217.897003
2026-07-15T13:45:00Z,217.897003,218.091995,217.891006,218.016998
2026-07-15T14:00:00Z,218.016006,218.074997,217.940994,218.039993
2026-07-15T14:15:00Z,218.046005,218.108994,218.003006,218.095001
2026-07-15T14:30:00Z,218.093994,218.427002,218.093002,218.425003
2026-07-15T14:45:00Z,218.414993,218.632996,218.373993,218.539001
2026-07-15T15:00:00Z,218.529999,218.604004,218.481995,218.544006
2026-07-15T15:15:00Z,218.539993,218.662994,218.498001,218.634003
2026-07-15T15:30:00Z,218.628998,218.718994,218.602005,218.705994
2026-07-15T15:45:00Z,218.705994,218.824005,218.675003,218.792007
2026-07-15T16:00:00Z,218.791000,218.921997,218.787994,218.847000
2026-07-15T16:15:00Z,218.839996,219.065994,218.835999,219.065994
2026-07-15T16:30:00Z,219.057999,219.149994,219.020996,219.095993
2026-07-15T16:45:00Z,219.095993,219.384995,219.072006,219.335999
2026-07-15T17:00:00Z,219.332993,219.494995,219.332993,219.389008
2026-07-15T17:15:00Z,219.391006,219.434998,219.296997,219.330994
2026-07-15T17:30:00Z,219.337997,219.488007,219.330002,219.438004
2026-07-15T17:45:00Z,219.445007,219.475006,219.397995,219.444000
2026-07-15T18:00:00Z,219.444000,219.473999,219.386993,219.447006
2026-07-15T18:15:00Z,219.451996,219.514008,219.434998,219.440002
2026-07-15T18:30:00Z,219.440002,219.473007,219.356003,219.393997
2026-07-15T18:45:00Z,219.399002,219.408005,219.332001,219.348007
2026-07-15T19:00:00Z,219.335999,219.445999,219.335999,219.417007
2026-07-15T19:15:00Z,219.408997,219.445999,219.371002,219.432999
2026-07-15T19:30:00Z,219.442993,219.526993,219.380997,219.509995
2026-07-15T19:45:00Z,219.514008,219.584000,219.505005,219.565994
2026-07-15T20:00:00Z,219.554001,219.587006,219.531998,219.548996
2026-07-15T20:15:00Z,219.548996,219.604004,219.546005,219.582001
2026-07-15T20:30:00Z,219.582993,219.602997,219.539993,219.557007
2026-07-15T20:45:00Z,219.546005,219.591003,219.505997,219.561005
2026-07-15T21:00:00Z,219.457001,219.535004,219.365005,219.490997
2026-07-15T21:15:00Z,219.444000,219.552002,219.365997,219.412994
2026-07-15T21:30:00Z,219.408997,219.509003,219.371994,219.404007
2026-07-15T21:45:00Z,219.406006,219.522003,219.266006,219.444000
2026-07-15T22:00:00Z,219.447006,219.548996,219.369003,219.507996
2026-07-15T22:15:00Z,219.524002,219.537994,219.434006,219.501999
2026-07-15T22:30:00Z,219.479004,219.531998,219.470993,219.483002
2026-07-15T22:45:00Z,219.483002,219.514008,219.462997,219.479996
2026-07-15T23:00:00Z,219.466995,219.485001,219.434006,219.464996
2026-07-15T23:15:00Z,219.453003,219.485992,219.421005,219.472000
2026-07-15T23:30:00Z,219.472000,219.498993,219.436996,219.485992
2026-07-15T23:45:00Z,219.485992,219.494003,219.406998,219.427002
2026-07-16T00:00:00Z,219.419998,219.514999,219.401993,219.505997
2026-07-16T00:15:00Z,219.498993,219.522003,219.408005,219.425003
2026-07-16T00:30:00Z,219.419006,219.442993,219.306000,219.330994
2026-07-16T00:45:00Z,219.330994,219.384003,219.233994,219.369995
2026-07-16T01:00:00Z,219.375000,219.386993,219.279007,219.315002
2026-07-16T01:15:00Z,219.315002,219.326004,219.214996,219.220993
2026-07-16T01:30:00Z,219.223007,219.261993,219.192993,219.244003
2026-07-16T01:45:00Z,219.231003,219.296005,219.210999,219.279999
2026-07-16T02:00:00Z,219.272995,219.283005,219.227005,219.251999
2026-07-16T02:15:00Z,219.253006,219.263000,219.197998,219.231003
2026-07-16T02:30:00Z,219.238007,219.272995,219.192993,219.248993
2026-07-16T02:45:00Z,219.257004,219.352997,219.231003,219.335999
2026-07-16T03:00:00Z,219.332001,219.416000,219.298996,219.414001
2026-07-16T03:15:00Z,219.406998,219.423004,219.360992,219.382996
2026-07-16T03:30:00Z,219.380997,219.416000,219.369995,219.380997
2026-07-16T03:45:00Z,219.389999,219.391006,219.324997,219.350006
2026-07-16T04:00:00Z,219.348007,219.423996,219.328995,219.410995
2026-07-16T04:15:00Z,219.410995,219.421997,219.354996,219.371002
2026-07-16T04:30:00Z,219.371002,219.417999,219.363998,219.389999
2026-07-16T04:45:00Z,219.389999,219.404999,219.324997,219.343002
2026-07-16T05:00:00Z,219.345001,219.406006,219.345001,219.404007
2026-07-16T05:15:00Z,219.406006,219.473007,219.384003,219.445999
2026-07-16T05:30:00Z,219.451996,219.520004,219.378006,219.389008
2026-07-16T05:45:00Z,219.404007,219.432999,219.320007,219.363007
2026-07-16T06:00:00Z,219.389999,219.509995,219.298996,219.505005
2026-07-16T06:15:00Z,219.507996,219.511002,219.444000,219.464005
2026-07-16T06:30:00Z,219.464996,219.505005,219.449005,219.485992
2026-07-16T06:45:00Z,219.485992,219.535004,219.429001,219.498993
2026-07-16T07:00:00Z,219.503998,219.524002,219.285995,219.328003
2026-07-16T07:15:00Z,219.328003,219.365997,219.264008,219.337006
2026-07-16T07:30:00Z,219.341003,219.397003,219.311996,219.341995
2026-07-16T07:45:00Z,219.341995,219.393005,219.279007,219.341003
2026-07-16T08:00:00Z,219.343994,219.348999,219.223007,219.261002
2026-07-16T08:15:00Z,219.253006,219.270996,219.175995,219.192001
2026-07-16T08:30:00Z,219.203003,219.289001,219.190994,219.268997
2026-07-16T08:45:00Z,219.261002,219.276001,219.205994,219.227005
2026-07-16T09:00:00Z,219.222000,219.264999,219.139008,219.164001
2026-07-16T09:15:00Z,219.164001,219.182999,219.052994,219.061996
2026-07-16T09:30:00Z,219.057007,219.134003,218.998001,219.115997
2026-07-16T09:45:00Z,219.106995,219.121994,219.029007,219.050995
2026-07-16T10:00:00Z,219.044998,219.100998,219.024002,219.074997
2026-07-16T10:15:00Z,219.084000,219.085007,218.979004,218.990997
2026-07-16T10:30:00Z,218.996994,219.035995,218.970993,219.016006
2026-07-16T10:45:00Z,219.016006,219.056000,218.923996,218.953995
2026-07-16T11:00:00Z,218.957993,218.966003,218.837997,218.882004
2026-07-16T11:15:00Z,218.882004,218.914993,218.845993,218.884003
2026-07-16T11:30:00Z,218.873001,218.973999,218.873001,218.931000
2026-07-16T11:45:00Z,218.931000,219.026001,218.878006,219.003998
2026-07-16T12:00:00Z,219.009003,219.179993,218.998993,219.085007
2026-07-16T12:15:00Z,219.085007,219.136993,218.927002,219.042007
2026-07-16T12:30:00Z,218.947006,219.136993,218.942993,219.123993
2026-07-16T12:45:00Z,219.126999,219.154999,219.033997,219.050003
2026-07-16T13:00:00Z,219.052994,219.167007,219.052002,219.121994
2026-07-16T13:15:00Z,219.117996,219.169998,219.082993,219.149994
2026-07-16T13:30:00Z,219.141006,219.276993,219.100006,219.266998
2026-07-16T13:45:00Z,219.259003,219.384003,219.227997,219.259995
2026-07-16T14:00:00Z,219.259995,219.339996,219.223007,219.294998
2026-07-16T14:15:00Z,219.302994,219.397003,219.272995,219.362000
2026-07-16T14:30:00Z,219.365997,219.397003,219.231995,219.264008
2026-07-16T14:45:00Z,219.266006,219.307999,219.076004,219.095001
2026-07-16T15:00:00Z,219.097000,219.132996,219.001007,219.123993
2026-07-16T15:15:00Z,219.123001,219.145996,218.996002,219.003006
2026-07-16T15:30:00Z,219.003006,219.082993,218.979996,219.005997
2026-07-16T15:45:00Z,219.007004,219.097000,218.960007,218.990005
2026-07-16T16:00:00Z,218.990005,219.003998,218.880997,218.893005
2026-07-16T16:15:00Z,218.903000,218.931000,218.852005,218.880005
2026-07-16T16:30:00Z,218.880005,218.904007,218.828003,218.837006
2026-07-16T16:45:00Z,218.837006,218.854996,218.772995,218.787003
2026-07-16T17:00:00Z,218.776993,218.796997,218.707993,218.729004
2026-07-16T17:15:00Z,218.729996,218.822998,218.727997,218.806000
2026-07-16T17:30:00Z,218.798004,218.822006,218.768005,218.800003
2026-07-16T17:45:00Z,218.792007,218.807999,218.744003,218.750000
2026-07-16T18:00:00Z,218.759003,218.766006,218.664993,218.669998
2026-07-16T18:15:00Z,218.675995,218.733002,218.664993,218.694000
2026-07-16T18:30:00Z,218.695999,218.723007,218.677002,218.709000
2026-07-16T18:45:00Z,218.709000,218.751999,218.699005,218.735001
2026-07-16T19:00:00Z,218.738007,218.785995,218.714005,218.716995
2026-07-16T19:15:00Z,218.723999,218.757004,218.714996,218.737000
2026-07-16T19:30:00Z,218.742004,218.789001,218.718994,218.779007
2026-07-16T19:45:00Z,218.779999,218.830002,218.753998,218.828003
2026-07-16T20:00:00Z,218.824005,218.839996,218.800003,218.815994
2026-07-16T20:15:00Z,218.815994,218.826996,218.774002,218.809998
2026-07-16T20:30:00Z,218.809006,218.852005,218.798996,218.837997
2026-07-16T20:45:00Z,218.830002,218.871002,218.804993,218.830994
2026-07-16T21:00:00Z,218.785004,218.957001,218.677002,218.785995
2026-07-16T21:15:00Z,218.781998,218.884995,218.727005,218.748001
2026-07-16T21:30:00Z,218.776993,218.869003,218.731995,218.744995
2026-07-16T21:45:00Z,218.740997,218.854004,218.714005,218.725998
2026-07-16T22:00:00Z,218.729996,218.785004,218.669998,218.748993
2026-07-16T22:15:00Z,218.759995,218.789993,218.723007,218.763000
2026-07-16T22:30:00Z,218.763000,218.785995,218.742004,218.783005
2026-07-16T22:45:00Z,218.770996,218.783997,218.735992,218.759995
2026-07-16T23:00:00Z,218.751007,218.776993,218.733002,218.768005
2026-07-16T23:15:00Z,218.766998,218.785004,218.750000,218.759995
2026-07-16T23:30:00Z,218.759995,218.778000,218.729004,218.766998
2026-07-16T23:45:00Z,218.759003,218.852005,218.742004,218.850998
2026-07-17T00:00:00Z,218.843002,218.867996,218.796997,218.798996
2026-07-17T00:15:00Z,218.807007,218.848999,218.757996,218.774994
2026-07-17T00:30:00Z,218.764999,218.806000,218.712006,218.738007
2026-07-17T00:45:00Z,218.727997,218.903000,218.725998,218.889999
2026-07-17T01:00:00Z,218.891998,218.942001,218.886002,218.914001
2026-07-17T01:15:00Z,218.908997,218.936996,218.863007,218.891006
2026-07-17T01:30:00Z,218.878006,218.889999,218.807007,218.835999
2026-07-17T01:45:00Z,218.828003,218.839996,218.733002,218.776001
2026-07-17T02:00:00Z,218.766006,218.783997,218.731995,218.757004
2026-07-17T02:15:00Z,218.757004,218.783997,218.709000,218.718994
2026-07-17T02:30:00Z,218.720001,218.746994,218.651001,218.669006
2026-07-17T02:45:00Z,218.669006,218.679001,218.561005,218.600998
2026-07-17T03:00:00Z,218.595001,218.653000,218.595001,218.636002
2026-07-17T03:15:00Z,218.628998,218.701996,218.621002,218.688004
2026-07-17T03:30:00Z,218.688004,218.688995,218.604996,218.632996
2026-07-17T03:45:00Z,218.632004,218.682999,218.619003,218.664001
2026-07-17T04:00:00Z,218.664993,218.675995,218.602005,218.658997
2026-07-17T04:15:00Z,218.658997,218.682999,218.600998,218.623993
2026-07-17T04:30:00Z,218.619995,218.638000,218.580002,218.589996
2026-07-17T04:45:00Z,218.593002,218.621994,218.548004,218.591995
2026-07-17T05:00:00Z,218.584000,218.639008,218.563004,218.628006
2026-07-17T05:15:00Z,218.626007,218.647003,218.591995,218.600998
2026-07-17T05:30:00Z,218.612000,218.660004,218.597000,218.630997
2026-07-17T05:45:00Z,218.619003,218.675003,218.598999,218.638000
2026-07-17T06:00:00Z,218.630005,218.716003,218.595001,218.707001
2026-07-17T06:15:00Z,218.701996,218.766998,218.677994,218.692001
2026-07-17T06:30:00Z,218.692001,218.822006,218.688995,218.755997
2026-07-17T06:45:00Z,218.753006,218.759995,218.431000,218.621994
2026-07-17T07:00:00Z,218.625000,218.690002,218.427994,218.451004
2026-07-17T07:15:00Z,218.453995,218.505997,218.365997,218.505005
2026-07-17T07:30:00Z,218.505005,218.559006,218.436005,218.470993
2026-07-17T07:45:00Z,218.470993,218.503006,218.369003,218.380997
2026-07-17T08:00:00Z,218.386993,218.529999,218.363007,218.423004
2026-07-17T08:15:00Z,218.423004,218.470001,218.352005,218.421005
2026-07-17T08:30:00Z,218.421997,218.473999,218.285995,218.322998
2026-07-17T08:45:00Z,218.328003,218.365005,218.253998,218.289993
2026-07-17T09:00:00Z,218.289993,218.367996,218.229996,218.328003
2026-07-17T09:15:00Z,218.322998,218.365005,218.244003,218.358994
2026-07-17T09:30:00Z,218.354004,218.367996,218.257996,218.292999
2026-07-17T09:45:00Z,218.292999,218.315994,218.233002,218.246994
2026-07-17T10:00:00Z,218.257004,218.263000,218.134995,218.225998
2026-07-17T10:15:00Z,218.216995,218.264008,218.169006,218.179001
2026-07-17T10:30:00Z,218.179001,218.190002,218.104996,218.128998
2026-07-17T10:45:00Z,218.123993,218.138000,218.024994,218.067993
2026-07-17T11:00:00Z,218.067993,218.139008,217.983994,218.125000
2026-07-17T11:15:00Z,218.106003,218.188995,218.087006,218.154007
2026-07-17T11:30:00Z,218.147995,218.257996,218.121994,218.128006
2026-07-17T11:45:00Z,218.128006,218.207993,218.121002,218.177994
2026-07-17T12:00:00Z,218.177994,218.199997,218.121002,218.160004
2026-07-17T12:15:00Z,218.166000,218.175003,218.033005,218.080994
2026-07-17T12:30:00Z,218.080994,218.154999,218.020004,218.130997
2026-07-17T12:45:00Z,218.132996,218.218994,218.087006,218.143997
2026-07-17T13:00:00Z,218.141998,218.192993,218.087997,218.160004
2026-07-17T13:15:00Z,218.169006,218.246002,218.128998,218.182007
2026-07-17T13:30:00Z,218.188995,218.302994,218.182007,218.240997
2026-07-17T13:45:00Z,218.246002,218.434998,218.223007,218.365005
2026-07-17T14:00:00Z,218.373993,218.436996,218.296997,218.302002
2026-07-17T14:15:00Z,218.302002,218.440994,218.272995,218.384995
2026-07-17T14:30:00Z,218.388000,218.447998,218.347000,218.438995
2026-07-17T14:45:00Z,218.438995,218.451004,218.311005,218.343994
2026-07-17T15:00:00Z,218.347000,218.410995,218.315994,218.337006
2026-07-17T15:15:00Z,218.337006,218.431000,218.326004,218.421997
2026-07-17T15:30:00Z,218.425995,218.457993,218.367996,218.378998
2026-07-17T15:45:00Z,218.378998,218.406006,218.320999,218.375000
2026-07-17T16:00:00Z,218.384003,218.500000,218.317001,218.498993
2026-07-17T16:15:00Z,218.492996,218.584000,218.490997,218.570007
2026-07-17T16:30:00Z,218.567993,218.623993,218.542999,218.613007
2026-07-17T16:45:00Z,218.613007,218.649002,218.554993,218.574997
2026-07-17T17:00:00Z,218.572998,218.623993,218.528000,218.580002
2026-07-17T17:15:00Z,218.580002,218.598999,218.535004,218.578003
2026-07-17T17:30:00Z,218.570999,218.584000,218.520004,218.526001
2026-07-17T17:45:00Z,218.526993,218.567993,218.507996,218.541000
2026-07-17T18:00:00Z,218.531998,218.546005,218.498993,218.520996
2026-07-17T18:15:00Z,218.520996,218.572998,218.516998,218.544006
2026-07-17T18:30:00Z,218.552002,218.576996,218.518997,218.546997
2026-07-17T18:45:00Z,218.542999,218.559006,218.505997,218.542999
2026-07-17T19:00:00Z,218.542007,218.552002,218.507996,218.539993
2026-07-17T19:15:00Z,218.531998,218.576004,218.520004,218.557999
2026-07-17T19:30:00Z,218.548004,218.615997,218.533997,218.608994
2026-07-17T19:45:00Z,218.598999,218.630005,218.535995,218.542007
2026-07-17T20:00:00Z,218.542007,218.570999,218.509995,218.522995
2026-07-17T20:15:00Z,218.531998,218.550995,218.490997,218.500000
2026-07-17T20:30:00Z,218.498001,218.522995,218.466995,218.501007
2026-07-17T20:45:00Z,218.494995,218.533997,218.339005,218.354004
2026-07-17T21:00:00Z,218.481003,218.481003,218.481003,218.481003
2026-07-17T21:15:00Z,218.481003,218.481003,218.481003,218.481003
2026-07-19T23:00:00Z,218.477997,218.505997,218.416000,218.490997
2026-07-19T23:15:00Z,218.481995,218.501007,218.444000,218.483002
2026-07-19T23:30:00Z,218.481003,218.511993,218.464005,218.509003
2026-07-19T23:45:00Z,218.501999,218.522995,218.466003,218.507004
2026-07-20T00:00:00Z,218.503006,218.542007,218.462006,218.492004
2026-07-20T00:15:00Z,218.501999,218.539001,218.487000,218.516998
2026-07-20T00:30:00Z,218.505005,218.516998,218.412003,218.425003
2026-07-20T00:45:00Z,218.436996,218.440994,218.315002,218.352005
2026-07-20T01:00:00Z,218.343002,218.395996,218.317001,218.337006
2026-07-20T01:15:00Z,218.341003,218.451004,218.328995,218.427002
2026-07-20T01:30:00Z,218.425003,218.436005,218.341995,218.356003
2026-07-20T01:45:00Z,218.356003,218.440994,218.352005,218.427994
2026-07-20T02:00:00Z,218.434006,218.472000,218.414001,218.453003
2026-07-20T02:15:00Z,218.459000,218.498993,218.445999,218.485001
2026-07-20T02:30:00Z,218.487000,218.563004,218.475998,218.544006
2026-07-20T02:45:00Z,218.546005,218.556000,218.514008,218.529007
2026-07-20T03:00:00Z,218.520004,218.539993,218.479996,218.518005
2026-07-20T03:15:00Z,218.516006,218.546005,218.511002,218.524002
2026-07-20T03:30:00Z,218.533997,218.557999,218.511993,218.548004
2026-07-20T03:45:00Z,218.550003,218.572998,218.526993,218.542999
2026-07-20T04:00:00Z,218.554001,218.598007,218.539993,218.593002
2026-07-20T04:15:00Z,218.585007,218.641006,218.582993,218.628006
2026-07-20T04:30:00Z,218.626007,218.645996,218.606003,218.634003
2026-07-20T04:45:00Z,218.628006,218.634003,218.589996,218.612000
2026-07-20T05:00:00Z,218.604004,218.621002,218.552002,218.589996
2026-07-20T05:15:00Z,218.576004,218.643997,218.574997,218.634003
2026-07-20T05:30:00Z,218.628998,218.634995,218.600998,218.617996
2026-07-20T05:45:00Z,218.617004,218.669006,218.606995,218.653000
2026-07-20T06:00:00Z,218.649994,218.690994,218.600998,218.606995
2026-07-20T06:15:00Z,218.608994,218.664993,218.584000,218.584000
2026-07-20T06:30:00Z,218.593994,218.626007,218.526001,218.574005
2026-07-20T06:45:00Z,218.574005,218.619003,218.557999,218.565994
2026-07-20T07:00:00Z,218.578003,218.705994,218.554993,218.679001
2026-07-20T07:15:00Z,218.677994,218.763000,218.654999,218.748993
2026-07-20T07:30:00Z,218.744995,218.834000,218.722000,218.779999
2026-07-20T07:45:00Z,218.792999,218.815002,218.750000,218.796997
2026-07-20T08:00:00Z,218.794998,218.813004,218.742004,218.748993
2026-07-20T08:15:00Z,218.748993,218.774002,218.643997,218.660004
2026-07-20T08:30:00Z,218.667999,218.714005,218.643005,218.671997
2026-07-20T08:45:00Z,218.671997,218.723999,218.656998,218.699997
2026-07-20T09:00:00Z,218.694000,218.705002,218.567001,218.580002
2026-07-20T09:15:00Z,218.574997,218.600998,218.529007,218.552002
2026-07-20T09:30:00Z,218.561996,218.686996,218.552002,218.679001
2026-07-20T09:45:00Z,218.679001,218.714005,218.621002,218.653000
2026-07-20T10:00:00Z,218.658005,218.731995,218.598999,218.716995
2026-07-20T10:15:00Z,218.714996,218.753998,218.679001,218.703003
2026-07-20T10:30:00Z,218.699997,218.794006,218.682999,218.766998
2026-07-20T10:45:00Z,218.764999,218.783997,218.705994,218.723007
2026-07-20T11:00:00Z,218.718002,218.785004,218.690002,218.751999
2026-07-20T11:15:00Z,218.748993,218.770996,218.707001,218.729996
2026-07-20T11:30:00Z,218.740005,218.794006,218.602005,218.612000
2026-07-20T11:45:00Z,218.604996,218.621002,218.537994,218.554001
2026-07-20T12:00:00Z,218.550003,218.621002,218.501007,218.542999
2026-07-20T12:15:00Z,218.552994,218.554001,218.457993,218.472000
2026-07-20T12:30:00Z,218.468002,218.496002,218.397995,218.447998
2026-07-20T12:45:00Z,218.445999,218.529999,218.442001,218.507996
2026-07-20T13:00:00Z,218.507996,218.544006,218.473999,218.531998
2026-07-20T13:15:00Z,218.526993,218.585007,218.494003,218.565994
2026-07-20T13:30:00Z,218.569000,218.572006,218.410004,218.410004
2026-07-20T13:45:00Z,218.410004,218.567993,218.356003,218.561996
2026-07-20T14:00:00Z,218.557007,218.653000,218.557007,218.613998
2026-07-20T14:15:00Z,218.617996,218.679993,218.569000,218.660995
2026-07-20T14:30:00Z,218.662994,218.667007,218.503006,218.522995
2026-07-20T14:45:00Z,218.528000,218.529007,218.343994,218.408997
2026-07-20T15:00:00Z,218.408997,218.416000,218.139008,218.162994
2026-07-20T15:15:00Z,218.164001,218.177002,218.044006,218.147995
2026-07-20T15:30:00Z,218.154007,218.160995,218.074005,218.089005
2026-07-20T15:45:00Z,218.098007,218.156998,218.050003,218.136993
2026-07-20T16:00:00Z,218.136002,218.160004,218.031006,218.130005
2026-07-20T16:15:00Z,218.130005,218.177002,218.074997,218.136993
2026-07-20T16:30:00Z,218.130005,218.153000,218.035004,218.072006
2026-07-20T16:45:00Z,218.076004,218.119003,218.046005,218.106003
2026-07-20T17:00:00Z,218.104004,218.141006,218.050995,218.076004
2026-07-20T17:15:00Z,218.065994,218.195999,218.050995,218.188995
2026-07-20T17:30:00Z,218.182007,218.205994,218.134003,218.192001
2026-07-20T17:45:00Z,218.192993,218.233002,218.175003,218.203995
2026-07-20T18:00:00Z,218.201996,218.261993,218.201004,218.257996
2026-07-20T18:15:00Z,218.251999,218.320999,218.251999,218.289993
2026-07-20T18:30:00Z,218.298004,218.315994,218.264999,218.291000
2026-07-20T18:45:00Z,218.292007,218.337997,218.270996,218.337006
2026-07-20T19:00:00Z,218.332001,218.337997,218.266006,218.270996
2026-07-20T19:15:00Z,218.270996,218.328995,218.261002,218.319000
2026-07-20T19:30:00Z,218.317993,218.358994,218.311996,218.348007
2026-07-20T19:45:00Z,218.345001,218.356003,218.266998,218.335999
2026-07-20T20:00:00Z,218.341003,218.360001,218.251007,218.253006
2026-07-20T20:15:00Z,218.253998,218.272003,218.238007,218.248993
2026-07-20T20:30:00Z,218.253998,218.278000,218.240005,218.266998
2026-07-20T20:45:00Z,218.263000,218.278000,218.154999,218.166000
2026-07-20T21:00:00Z,218.197006,218.324005,218.132004,218.281006
2026-07-20T21:15:00Z,218.181000,218.315994,218.050995,218.106995
2026-07-20T21:30:00Z,218.091003,218.190994,218.069000,218.093994
2026-07-20T21:45:00Z,218.080002,218.175003,218.035004,218.072006
2026-07-20T22:00:00Z,218.084000,218.162003,218.046997,218.138000
2026-07-20T22:15:00Z,218.115005,218.143997,218.087006,218.125000
2026-07-20T22:30:00Z,218.110992,218.160004,218.110001,218.154007
2026-07-20T22:45:00Z,218.132996,218.173996,218.128998,218.169998
2026-07-20T23:00:00Z,218.154999,218.207993,218.154999,218.203995
2026-07-20T23:15:00Z,218.201004,218.212997,218.181000,218.188004
2026-07-20T23:30:00Z,218.188004,218.220001,218.188004,218.201996
2026-07-20T23:45:00Z,218.197006,218.244003,218.188004,218.240997
2026-07-21T00:00:00Z,218.227005,218.244003,218.177994,218.223999
2026-07-21T00:15:00Z,218.212997,218.244003,218.188004,218.218002
2026-07-21T00:30:00Z,218.205002,218.287003,218.201996,218.276001
2026-07-21T00:45:00Z,218.264999,218.332993,218.263000,218.302994
2026-07-21T01:00:00Z,218.294998,218.317993,218.257996,218.279999
2026-07-21T01:15:00Z,218.278000,218.339005,218.216995,218.270996
2026-07-21T01:30:00Z,218.272995,218.341995,218.251999,218.339996
2026-07-21T01:45:00Z,218.330994,218.354996,218.309006,218.317993
2026-07-21T02:00:00Z,218.324005,218.393005,218.309998,218.345001
2026-07-21T02:15:00Z,218.345001,218.365997,218.296997,218.302994
2026-07-21T02:30:00Z,218.304001,218.339996,218.291000,218.298996
2026-07-21T02:45:00Z,218.304001,218.304993,218.225998,218.242004
2026-07-21T03:00:00Z,218.240997,218.283005,218.212006,218.263000
2026-07-21T03:15:00Z,218.253998,218.302002,218.246994,218.291000
2026-07-21T03:30:00Z,218.287994,218.324997,218.279999,218.294998
2026-07-21T03:45:00Z,218.294998,218.343002,218.294006,218.313004
2026-07-21T04:00:00Z,218.320999,218.337006,218.294006,218.313995
2026-07-21T04:15:00Z,218.320007,218.335999,218.306000,218.317993
2026-07-21T04:30:00Z,218.313995,218.386993,218.306000,218.371002
2026-07-21T04:45:00Z,218.371002,218.397003,218.360992,218.378998
2026-07-21T05:00:00Z,218.378998,218.438004,218.376007,218.395004
2026-07-21T05:15:00Z,218.395004,218.427994,218.388000,218.414001
2026-07-21T05:30:00Z,218.421997,218.464005,218.406006,218.451996
2026-07-21T05:45:00Z,218.451996,218.485001,218.417007,218.445999
2026-07-21T06:00:00Z,218.414001,218.567993,218.345001,218.556000
2026-07-21T06:15:00Z,218.550995,218.602997,218.522995,218.548004
2026-07-21T06:30:00Z,218.542999,218.643997,218.537003,218.634995
2026-07-21T06:45:00Z,218.639999,218.654999,218.537994,218.552994
2026-07-21T07:00:00Z,218.554993,218.699997,218.550995,218.612000
2026-07-21T07:15:00Z,218.612000,218.645004,218.554993,218.574997
2026-07-21T07:30:00Z,218.585007,218.595001,218.457993,218.466003
2026-07-21T07:45:00Z,218.470001,218.565994,218.444000,218.529999
2026-07-21T08:00:00Z,218.539993,218.688995,218.518005,218.669006
2026-07-21T08:15:00Z,218.669006,218.725998,218.574997,218.585007
2026-07-21T08:30:00Z,218.574997,218.584000,218.444000,218.522003
2026-07-21T08:45:00Z,218.516006,218.544006,218.453995,218.460007
2026-07-21T09:00:00Z,218.466995,218.487000,218.391998,218.459000
2026-07-21T09:15:00Z,218.455994,218.475998,218.365997,218.395996
2026-07-21T09:30:00Z,218.389999,218.503998,218.389999,218.434006
2026-07-21T09:45:00Z,218.421005,218.475998,218.408997,218.408997
2026-07-21T10:00:00Z,218.421005,218.507996,218.382004,218.485992
2026-07-21T10:15:00Z,218.479004,218.490997,218.378998,218.406006
2026-07-21T10:30:00Z,218.401993,218.460007,218.324005,218.339996
2026-07-21T10:45:00Z,218.347000,218.354996,218.205994,218.242996
2026-07-21T11:00:00Z,218.231003,218.332001,218.160004,218.197998
2026-07-21T11:15:00Z,218.205002,218.246002,218.154007,218.207993
2026-07-21T11:30:00Z,218.207993,218.296005,218.177002,218.242996
2026-07-21T11:45:00Z,218.238998,218.266006,218.095001,218.136993
2026-07-21T12:00:00Z,218.141998,218.156006,218.011993,218.029999
2026-07-21T12:15:00Z,218.029999,218.050995,217.847000,217.880005
2026-07-21T12:30:00Z,217.880005,218.011993,217.869995,217.929993
2026-07-21T12:45:00Z,217.919006,217.998993,217.750000,217.863007
2026-07-21T13:00:00Z,217.860001,217.962006,217.807007,217.960999
2026-07-21T13:15:00Z,217.949997,218.009003,217.770996,217.809006
2026-07-21T13:30:00Z,217.802002,217.824997,217.511993,217.602005
2026-07-21T13:45:00Z,217.604996,218.005005,217.593994,217.940002
2026-07-21T14:00:00Z,217.936996,218.268997,217.904999,218.255997
2026-07-21T14:15:00Z,218.261002,218.261993,218.093002,218.130997
2026-07-21T14:30:00Z,218.130005,218.156006,217.988007,218.044998
2026-07-21T14:45:00Z,218.042999,218.057007,217.871002,217.972000
2026-07-21T15:00:00Z,217.970001,217.981003,217.899994,217.940994
2026-07-21T15:15:00Z,217.942001,218.014008,217.917007,217.998993
2026-07-21T15:30:00Z,218.001999,218.056000,217.955994,218.039993
2026-07-21T15:45:00Z,218.041000,218.057007,217.975006,217.992996
2026-07-21T16:00:00Z,217.992996,218.029007,217.932007,217.960999
2026-07-21T16:15:00Z,217.960007,218.018997,217.934998,217.970001
2026-07-21T16:30:00Z,217.964996,218.100006,217.953995,218.087997
2026-07-21T16:45:00Z,218.076996,218.162994,218.059998,218.139008
2026-07-21T17:00:00Z,218.132004,218.171005,218.095001,218.160995
2026-07-21T17:15:00Z,218.153000,218.169998,218.126007,218.154999
2026-07-21T17:30:00Z,218.158997,218.197006,218.154007,218.184998
2026-07-21T17:45:00Z,218.195999,218.229004,218.182007,218.199997
2026-07-21T18:00:00Z,218.199997,218.317993,218.130997,218.222000
2026-07-21T18:15:00Z,218.220993,218.304993,218.209000,218.296997
2026-07-21T18:30:00Z,218.289993,218.376007,218.246002,218.371002
2026-07-21T18:45:00Z,218.369995,218.391006,218.337006,218.352005
2026-07-21T19:00:00Z,218.354004,218.404999,218.334000,218.391998
2026-07-21T19:15:00Z,218.386993,218.416000,218.356003,218.376999
2026-07-21T19:30:00Z,218.378006,218.391998,218.348999,218.371994
2026-07-21T19:45:00Z,218.371994,218.423996,218.350998,218.371002
2026-07-21T20:00:00Z,218.367004,218.399002,218.348999,218.369995
2026-07-21T20:15:00Z,218.371994,218.391006,218.335007,218.378998
2026-07-21T20:30:00Z,218.371002,218.384003,218.320007,218.341003
2026-07-21T20:45:00Z,218.332993,218.345993,218.190002,218.212997
2026-07-21T21:00:00Z,218.203003,218.347000,218.056000,218.240005
2026-07-21T21:15:00Z,218.240997,218.315002,218.095001,218.220993
2026-07-21T21:30:00Z,218.222000,218.317001,218.158005,218.199005
2026-07-21T21:45:00Z,218.222000,218.281006,218.154007,218.199997
2026-07-21T22:00:00Z,218.188995,218.298004,218.164993,218.268005
2026-07-21T22:15:00Z,218.259995,218.302994,218.240997,218.279999
2026-07-21T22:30:00Z,218.279999,218.298004,218.255997,218.289993
2026-07-21T22:45:00Z,218.274994,218.292007,218.242004,218.272003
2026-07-21T23:00:00Z,218.261002,218.292999,218.250000,218.274994
2026-07-21T23:15:00Z,218.268005,218.302994,218.248993,218.276001
2026-07-21T23:30:00Z,218.257004,218.309006,218.257004,218.302002
2026-07-21T23:45:00Z,218.304993,218.339005,218.285995,218.311996
2026-07-22T00:00:00Z,218.306000,218.352005,218.242996,218.276001
2026-07-22T00:15:00Z,218.270004,218.313995,218.212006,218.272995
2026-07-22T00:30:00Z,218.272995,218.309998,218.253998,218.272003
2026-07-22T00:45:00Z,218.272003,218.380005,218.270004,218.360001
2026-07-22T01:00:00Z,218.347000,218.397995,218.345001,218.386002
2026-07-22T01:15:00Z,218.376007,218.389999,218.343002,218.373993
2026-07-22T01:30:00Z,218.362000,218.380997,218.322006,218.352005
2026-07-22T01:45:00Z,218.352005,218.382004,218.335999,218.343994
2026-07-22T02:00:00Z,218.335999,218.388000,218.317993,218.367996
2026-07-22T02:15:00Z,218.380005,218.389999,218.320999,218.343002
2026-07-22T02:30:00Z,218.350006,218.358002,218.294998,218.311996
2026-07-22T02:45:00Z,218.313004,218.354004,218.307999,218.335007
2026-07-22T03:00:00Z,218.326004,218.378006,218.306000,218.328003
2026-07-22T03:15:00Z,218.320007,218.393005,218.317993,218.376007
2026-07-22T03:30:00Z,218.376007,218.384003,218.315994,218.332001
2026-07-22T03:45:00Z,218.337006,218.369003,218.324997,218.341003
2026-07-22T04:00:00Z,218.350006,218.378006,218.324005,218.365005
2026-07-22T04:15:00Z,218.365005,218.386002,218.345993,218.362000
2026-07-22T04:30:00Z,218.367996,218.380005,218.350006,218.378006
2026-07-22T04:45:00Z,218.375000,218.393005,218.348999,218.382996
2026-07-22T05:00:00Z,218.373993,218.414001,218.365997,218.369003
2026-07-22T05:15:00Z,218.384003,218.404999,218.363998,218.367004
2026-07-22T05:30:00Z,218.367004,218.391998,218.300003,218.302002
2026-07-22T05:45:00Z,218.302994,218.365997,218.169006,218.188995
2026-07-22T06:00:00Z,218.227997,218.384995,218.097000,218.263000
2026-07-22T06:15:00Z,218.255997,218.298004,218.076004,218.089005
2026-07-22T06:30:00Z,218.078003,218.166000,218.054001,218.153000
2026-07-22T06:45:00Z,218.153000,218.242996,218.143997,218.207001
2026-07-22T07:00:00Z,218.197998,218.296005,218.162994,218.272995
2026-07-22T07:15:00Z,218.274002,218.399002,218.248993,218.373001
2026-07-22T07:30:00Z,218.380997,218.380997,217.822006,217.996994
2026-07-22T07:45:00Z,217.996994,218.082001,217.929001,218.046997
2026-07-22T08:00:00Z,218.048004,218.110001,217.973007,218.069000
2026-07-22T08:15:00Z,218.070999,218.201996,218.069000,218.141998
2026-07-22T08:30:00Z,218.141998,218.192001,218.076004,218.117996
2026-07-22T08:45:00Z,218.112000,218.121002,217.912003,217.932007
2026-07-22T09:00:00Z,217.923004,217.949005,217.871002,217.888000
2026-07-22T09:15:00Z,217.878998,217.925003,217.826996,217.889008
2026-07-22T09:30:00Z,217.886993,217.988998,217.886993,217.929993
2026-07-22T09:45:00Z,217.940002,217.975006,217.914993,217.953003
2026-07-22T10:00:00Z,217.957993,218.056000,217.931000,218.035995
2026-07-22T10:15:00Z,218.039001,218.065994,217.957001,217.959000
2026-07-22T10:30:00Z,217.959000,217.970001,217.891998,217.912003
2026-07-22T10:45:00Z,217.912003,218.014999,217.906998,217.940002
2026-07-22T11:00:00Z,217.925995,217.985001,217.906998,217.923004
2026-07-22T11:15:00Z,217.917999,217.951996,217.867996,217.914993
2026-07-22T11:30:00Z,217.904999,217.962006,217.876999,217.953003
2026-07-22T11:45:00Z,217.949997,217.990997,217.925003,217.979996
2026-07-22T12:00:00Z,217.979996,218.016998,217.934006,217.996002
2026-07-22T12:15:00Z,217.994995,217.998993,217.919006,217.985001
2026-07-22T12:30:00Z,217.985992,218.041000,217.904999,217.953995
2026-07-22T12:45:00Z,217.951996,217.960007,217.824997,217.882996
2026-07-22T13:00:00Z,217.889999,218.000000,217.884003,217.973999
2026-07-22T13:15:00Z,217.973999,218.175995,217.960999,218.121002
2026-07-22T13:30:00Z,218.128006,218.285004,218.121002,218.233994
2026-07-22T13:45:00Z,218.227997,218.294998,218.154999,218.279999
2026-07-22T14:00:00Z,218.268997,218.343002,218.223007,218.304993
2026-07-22T14:15:00Z,218.304993,218.350006,218.195007,218.220001
2026-07-22T14:30:00Z,218.220993,218.244003,218.143005,218.149994
2026-07-22T14:45:00Z,218.149994,218.188995,218.097000,218.147003
2026-07-22T15:00:00Z,218.147003,218.205994,218.089005,218.156006
2026-07-22T15:15:00Z,218.154999,218.220001,218.106995,218.201996
2026-07-22T15:30:00Z,218.199997,218.218994,218.104004,218.156006
2026-07-22T15:45:00Z,218.149002,218.220993,218.082001,218.130005
2026-07-22T16:00:00Z,218.134995,218.138000,218.020996,218.044006
2026-07-22T16:15:00Z,218.037994,218.070999,217.994003,218.065002
2026-07-22T16:30:00Z,218.061005,218.085007,218.024002,218.078003
2026-07-22T16:45:00Z,218.076996,218.136002,218.037003,218.119995
2026-07-22T17:00:00Z,218.123001,218.143997,218.093002,218.123993
2026-07-22T17:15:00Z,218.117996,218.171005,218.108994,218.143997
2026-07-22T17:30:00Z,218.154007,218.164993,218.123001,218.160995
2026-07-22T17:45:00Z,218.147995,218.197006,218.130005,218.153000
2026-07-22T18:00:00Z,218.153000,218.192001,218.106995,218.126007
2026-07-22T18:15:00Z,218.128998,218.166000,218.117004,218.141006
2026-07-22T18:30:00Z,218.134003,218.145996,218.100998,218.117996
2026-07-22T18:45:00Z,218.117996,218.179993,218.113998,218.151993
2026-07-22T19:00:00Z,218.160995,218.167999,218.132996,218.132996
2026-07-22T19:15:00Z,218.132996,218.164001,218.123993,218.162003
2026-07-22T19:30:00Z,218.162994,218.177994,218.125000,218.171997
2026-07-22T19:45:00Z,218.175003,218.188995,218.132004,218.182007
2026-07-22T20:00:00Z,218.175003,218.231003,218.162994,218.218994
2026-07-22T20:15:00Z,218.227997,218.240005,218.205002,218.223007
2026-07-22T20:30:00Z,218.220001,218.227005,218.190994,218.216003
2026-07-22T20:45:00Z,218.223999,218.238998,218.164001,218.171997
2026-07-22T21:00:00Z,218.166000,218.257004,218.087997,218.130005
2026-07-22T21:15:00Z,218.199997,218.235001,218.042999,218.097000
2026-07-22T21:30:00Z,218.098999,218.173996,218.035004,218.039993
2026-07-22T21:45:00Z,218.095993,218.192001,218.037003,218.078995
2026-07-22T22:00:00Z,218.121002,218.134003,218.007004,218.033997
2026-07-22T22:15:00Z,218.033997,218.065994,218.009003,218.057007
2026-07-22T22:30:00Z,218.052994,218.091995,218.033997,218.069000
2026-07-22T22:45:00Z,218.052994,218.087006,218.044998,218.082993
2026-07-22T23:00:00Z,218.067993,218.123001,218.056000,218.113998
2026-07-22T23:15:00Z,218.106995,218.121002,218.085999,218.104996
2026-07-22T23:30:00Z,218.106003,218.134995,218.102997,218.106995
2026-07-22T23:45:00Z,218.115997,218.156006,218.104004,218.117004
2026-07-23T00:00:00Z,218.126007,218.162994,218.110001,218.130997
2026-07-23T00:15:00Z,218.119995,218.160004,218.108994,218.134003
2026-07-23T00:30:00Z,218.134995,218.173004,218.121994,218.160004
2026-07-23T00:45:00Z,218.169998,218.218994,218.112000,218.182999
2026-07-23T01:00:00Z,218.179001,218.237000,218.160004,218.192001
2026-07-23T01:15:00Z,218.192993,218.210999,218.166000,218.190994
2026-07-23T01:30:00Z,218.186005,218.216003,218.134003,218.171997
2026-07-23T01:45:00Z,218.162003,218.203003,218.139008,218.201004
2026-07-23T02:00:00Z,218.197998,218.270996,218.186996,218.233994
2026-07-23T02:15:00Z,218.235992,218.255997,218.207993,218.237000
2026-07-23T02:30:00Z,218.242996,218.343994,218.237000,218.307999
2026-07-23T02:45:00Z,218.311996,218.345993,218.283997,218.332001
2026-07-23T03:00:00Z,218.330002,218.365005,218.253998,218.261002
2026-07-23T03:15:00Z,218.272995,218.326004,218.248993,218.322006
2026-07-23T03:30:00Z,218.322998,218.337997,218.296997,218.309006
2026-07-23T03:45:00Z,218.315002,218.332001,218.276001,218.276001
2026-07-23T04:00:00Z,218.276993,218.373001,218.270004,218.360001
2026-07-23T04:15:00Z,218.360001,218.363007,218.272995,218.311005
2026-07-23T04:30:00Z,218.311996,218.339996,218.279999,218.292007
2026-07-23T04:45:00Z,218.287003,218.330002,218.264008,218.291000
2026-07-23T05:00:00Z,218.291000,218.324997,218.276001,218.283997
2026-07-23T05:15:00Z,218.287003,218.300003,218.251007,218.298996
2026-07-23T05:30:00Z,218.292007,218.311996,218.274994,218.298996
2026-07-23T05:45:00Z,218.302002,218.348007,218.289993,218.324997
2026-07-23T06:00:00Z,218.324997,218.419006,218.296997,218.339996
2026-07-23T06:15:00Z,218.337006,218.369995,218.285004,218.309998
2026-07-23T06:30:00Z,218.300995,218.311005,218.138000,218.203995
2026-07-23T06:45:00Z,218.203995,218.238998,218.158005,218.190002
2026-07-23T07:00:00Z,218.182007,218.210007,218.139008,218.201004
2026-07-23T07:15:00Z,218.209000,218.296005,218.181000,218.246002
2026-07-23T07:30:00Z,218.259003,218.313004,218.238007,218.264999
2026-07-23T07:45:00Z,218.274002,218.490005,218.186996,218.401001
2026-07-23T08:00:00Z,218.406006,218.514999,218.358994,218.470993
2026-07-23T08:15:00Z,218.470993,218.483994,218.360992,218.395996
2026-07-23T08:30:00Z,218.397995,218.442993,218.320007,218.350006
2026-07-23T08:45:00Z,218.352997,218.427002,218.313004,218.350998
2026-07-23T09:00:00Z,218.347000,218.408005,218.335999,218.360992
2026-07-23T09:15:00Z,218.360992,218.434998,218.360992,218.386993
2026-07-23T09:30:00Z,218.386993,218.496994,218.354996,218.481003
2026-07-23T09:45:00Z,218.481995,218.501007,218.434006,218.457993
2026-07-23T10:00:00Z,218.453995,218.477997,218.376007,218.406998
2026-07-23T10:15:00Z,218.406998,218.421997,218.347000,218.393005
2026-07-23T10:30:00Z,218.391998,218.417007,218.320999,218.330994
2026-07-23T10:45:00Z,218.330994,218.429993,218.278000,218.382004
2026-07-23T11:00:00Z,218.382004,218.399994,218.315994,218.356003
2026-07-23T11:15:00Z,218.367004,218.369995,218.253006,218.298004
2026-07-23T11:30:00Z,218.298004,218.328995,218.164993,218.315002
2026-07-23T11:45:00Z,218.322006,218.360001,218.016998,218.339005
2026-07-23T12:00:00Z,218.343002,218.362000,218.223007,218.289993
2026-07-23T12:15:00Z,218.294006,218.313004,218.147003,218.298004
2026-07-23T12:30:00Z,218.294006,218.404007,218.192993,218.371994
2026-07-23T12:45:00Z,218.373993,218.403000,218.292999,218.375000
2026-07-23T13:00:00Z,218.375000,218.425003,218.309998,218.322006
2026-07-23T13:15:00Z,218.322006,218.436996,218.281998,218.421005
2026-07-23T13:30:00Z,218.412994,218.529007,218.373001,218.496002
2026-07-23T13:45:00Z,218.498001,218.623001,218.473007,218.526993
2026-07-23T14:00:00Z,218.524002,218.552002,218.388000,218.440002
2026-07-23T14:15:00Z,218.436996,218.472000,218.354996,218.468994
2026-07-23T14:30:00Z,218.460999,218.494003,218.326004,218.339005
2026-07-23T14:45:00Z,218.330994,218.389008,218.248001,218.332001
2026-07-23T15:00:00Z,218.332001,218.369003,218.179001,218.229996
2026-07-23T15:15:00Z,218.222000,218.268997,217.955002,218.057007
2026-07-23T15:30:00Z,218.054001,218.076996,217.960007,218.013000
2026-07-23T15:45:00Z,218.013000,218.039993,217.975998,218.020996
2026-07-23T16:00:00Z,218.024002,218.173996,218.018997,218.145996
2026-07-23T16:15:00Z,218.143997,218.156998,218.093994,218.110992
2026-07-23T16:30:00Z,218.110001,218.181000,218.065994,218.177994
2026-07-23T16:45:00Z,218.167999,218.227997,218.164001,218.190994
2026-07-23T17:00:00Z,218.194000,218.199005,218.102997,218.132996
2026-07-23T17:15:00Z,218.117996,218.173996,218.117996,218.147003
2026-07-23T17:30:00Z,218.139999,218.162994,218.102005,218.130005
2026-07-23T17:45:00Z,218.123001,218.177994,218.108994,218.128998
2026-07-23T18:00:00Z,218.119003,218.160995,218.106995,218.113007
2026-07-23T18:15:00Z,218.123001,218.125000,218.070007,218.119003
2026-07-23T18:30:00Z,218.115997,218.136002,218.070007,218.076004
2026-07-23T18:45:00Z,218.070999,218.128006,218.069000,218.117996
2026-07-23T19:00:00Z,218.123993,218.149002,218.069000,218.072998
2026-07-23T19:15:00Z,218.076996,218.134003,218.057999,218.119995
2026-07-23T19:30:00Z,218.126999,218.173004,218.095993,218.145996
2026-07-23T19:45:00Z,218.143997,218.182007,218.136993,218.164001
2026-07-23T20:00:00Z,218.162994,218.179001,218.136993,218.156998
2026-07-23T20:15:00Z,218.151001,218.160995,218.117004,218.143005
2026-07-23T20:30:00Z,218.154007,218.205002,218.138000,218.197998
2026-07-23T20:45:00Z,218.195007,218.210999,218.028000,218.156998
2026-07-23T21:00:00Z,218.061005,218.264008,217.882004,218.106995
2026-07-23T21:15:00Z,218.095993,218.242996,218.001999,218.132004
2026-07-23T21:30:00Z,218.132004,218.216003,217.962997,218.069000
2026-07-23T21:45:00Z,218.069000,218.158005,217.951004,218.024002
2026-07-23T22:00:00Z,218.009003,218.151993,218.009003,218.126007
2026-07-23T22:15:00Z,218.108994,218.156998,218.108002,218.117996
2026-07-23T22:30:00Z,218.117996,218.147003,218.100006,218.123001
2026-07-23T22:45:00Z,218.115005,218.173004,218.113998,218.154007
2026-07-23T23:00:00Z,218.169998,218.177994,218.113998,218.117004
2026-07-23T23:15:00Z,218.117004,218.145004,218.108994,218.115005
2026-07-23T23:30:00Z,218.113007,218.138000,218.076004,218.104996
2026-07-23T23:45:00Z,218.108002,218.143997,218.091003,218.104996
2026-07-24T00:00:00Z,218.093994,218.212997,218.082993,218.156006
2026-07-24T00:15:00Z,218.171005,218.220001,218.147995,218.164001
2026-07-24T00:30:00Z,218.162994,218.253998,218.162003,218.251007
2026-07-24T00:45:00Z,218.244003,218.296005,218.218002,218.264008
2026-07-24T01:00:00Z,218.270004,218.326004,218.246994,218.289001
2026-07-24T01:15:00Z,218.289993,218.302002,218.201996,218.229996
2026-07-24T01:30:00Z,218.240997,218.244003,218.151001,218.179993
2026-07-24T01:45:00Z,218.181000,218.205994,218.136993,218.149002
2026-07-24T02:00:00Z,218.151001,218.175003,218.126999,218.145996
2026-07-24T02:15:00Z,218.153000,218.164001,218.093994,218.136002
2026-07-24T02:30:00Z,218.134995,218.149994,218.080994,218.110992
2026-07-24T02:45:00Z,218.098007,218.113007,218.035995,218.042007
2026-07-24T03:00:00Z,218.054993,218.085007,218.028000,218.078003
2026-07-24T03:15:00Z,218.070007,218.136002,218.059998,218.113998
2026-07-24T03:30:00Z,218.113007,218.138000,218.087006,218.106003
2026-07-24T03:45:00Z,218.098999,218.113998,218.065994,218.089005
2026-07-24T04:00:00Z,218.078995,218.110992,218.050995,218.095001
2026-07-24T04:15:00Z,218.082993,218.119003,218.078003,218.100006
2026-07-24T04:30:00Z,218.087997,218.106995,218.022995,218.035995
2026-07-24T04:45:00Z,218.044006,218.059998,218.007996,218.050995
2026-07-24T05:00:00Z,218.059006,218.085007,218.033997,218.059006
2026-07-24T05:15:00Z,218.059006,218.110001,218.057007,218.080994
2026-07-24T05:30:00Z,218.080994,218.143997,218.080994,218.098999
2026-07-24T05:45:00Z,218.098999,218.117004,218.003998,218.031998
2026-07-24T06:00:00Z,218.014999,218.121994,217.973007,218.050003
2026-07-24T06:15:00Z,218.050003,218.192001,218.029999,218.173004
2026-07-24T06:30:00Z,218.173996,218.244995,218.147995,218.167007
2026-07-24T06:45:00Z,218.160995,218.227997,218.145996,218.220001
2026-07-24T07:00:00Z,218.225998,218.335007,218.113007,218.315994
2026-07-24T07:15:00Z,218.315994,218.401993,218.255997,218.345993
2026-07-24T07:30:00Z,218.345001,218.436005,218.313995,218.332993
2026-07-24T07:45:00Z,218.328995,218.421997,218.320007,218.375000
2026-07-24T08:00:00Z,218.382004,218.404007,218.350006,218.399994
2026-07-24T08:15:00Z,218.395996,218.401001,218.233002,218.272995
2026-07-24T08:30:00Z,218.274002,218.334000,218.225006,218.259995
2026-07-24T08:45:00Z,218.261993,218.272003,218.089996,218.106995
2026-07-24T09:00:00Z,218.097000,218.143005,218.009003,218.009003
2026-07-24T09:15:00Z,218.011002,218.084000,217.975006,218.069000
2026-07-24T09:30:00Z,218.069000,218.130005,218.042999,218.057999
2026-07-24T09:45:00Z,218.063004,218.093002,217.973999,218.009003
2026-07-24T10:00:00Z,218.009003,218.039993,217.959000,218.009003
2026-07-24T10:15:00Z,218.009003,218.210007,218.003998,218.160995
2026-07-24T10:30:00Z,218.160004,218.216003,218.149002,218.188004
2026-07-24T10:45:00Z,218.194000,218.264008,218.158005,218.194000
2026-07-24T11:00:00Z,218.194000,218.270004,218.175003,218.257996
2026-07-24T11:15:00Z,218.251007,218.261993,218.212997,218.233002
2026-07-24T11:30:00Z,218.233994,218.240997,218.171005,218.207993
2026-07-24T11:45:00Z,218.207001,218.251999,218.110001,218.229996
2026-07-24T12:00:00Z,218.223007,218.287003,218.160004,218.246002
2026-07-24T12:15:00Z,218.246002,218.257004,218.126007,218.143005
2026-07-24T12:30:00Z,218.141998,218.158005,218.018005,218.037003
2026-07-24T12:45:00Z,218.033997,218.112000,217.998001,218.084000
2026-07-24T13:00:00Z,218.076996,218.143005,218.042999,218.100998
2026-07-24T13:15:00Z,218.100998,218.235992,218.095001,218.235001
2026-07-24T13:30:00Z,218.231003,218.253998,218.158005,218.197998
2026-07-24T13:45:00Z,218.195007,218.317993,218.115997,218.231995
2026-07-24T14:00:00Z,218.238007,218.317001,218.182999,218.292007
2026-07-24T14:15:00Z,218.296997,218.337997,218.207001,218.253998
2026-07-24T14:30:00Z,218.253998,218.287003,218.199005,218.214005
2026-07-24T14:45:00Z,218.210999,218.324997,218.162003,218.223007
2026-07-24T15:00:00Z,218.227005,218.432999,218.199997,218.397995
2026-07-24T15:15:00Z,218.399994,218.447006,218.341995,218.404999
2026-07-24T15:30:00Z,218.399994,218.449997,218.356003,218.408005
2026-07-24T15:45:00Z,218.404007,218.468002,218.395004,218.408997
2026-07-24T16:00:00Z,218.406998,218.460007,218.389999,218.445007
2026-07-24T16:15:00Z,218.442001,218.473007,218.399994,218.414001
2026-07-24T16:30:00Z,218.412003,218.419998,218.365005,218.373993
2026-07-24T16:45:00Z,218.373001,218.375000,218.300995,218.352997
2026-07-24T17:00:00Z,218.356003,218.376007,218.244003,218.287003
2026-07-24T17:15:00Z,218.285004,218.294998,218.240997,218.287003
2026-07-24T17:30:00Z,218.287003,218.311996,218.235992,218.266998
2026-07-24T17:45:00Z,218.266998,218.294006,218.242996,218.276001
2026-07-24T18:00:00Z,218.272003,218.330002,218.263000,218.326996
2026-07-24T18:15:00Z,218.322006,218.339996,218.307007,218.326996
2026-07-24T18:30:00Z,218.324005,218.343002,218.296997,218.311005
2026-07-24T18:45:00Z,218.313004,218.363998,218.309998,218.317993
2026-07-24T19:00:00Z,218.322006,218.339996,218.289993,218.304993
2026-07-24T19:15:00Z,218.304001,218.324997,218.276001,218.287994
2026-07-24T19:30:00Z,218.287994,218.330002,218.261993,218.268997
2026-07-24T19:45:00Z,218.268997,218.283997,218.238998,218.266006
2026-07-24T20:00:00Z,218.266006,218.283997,218.248001,218.250000
2026-07-24T20:15:00Z,218.250000,218.261993,218.223007,218.244003
2026-07-24T20:30:00Z,218.240005,218.259003,218.175995,218.205994
2026-07-24T20:45:00Z,218.205994,218.320999,218.156006,218.242996
2026-07-24T21:00:00Z,218.291000,218.291000,218.291000,218.291000
2026-07-24T21:15:00Z,218.291000,218.291000,218.291000,218.291000
2026-07-26T23:00:00Z,218.401001,218.440002,218.386002,218.421005
2026-07-26T23:15:00Z,218.412003,218.427994,218.386002,218.414993
2026-07-26T23:30:00Z,218.412003,218.462006,218.384003,218.447006
2026-07-26T23:45:00Z,218.447006,218.472000,218.419998,218.442001
2026-07-27T00:00:00Z,218.434998,218.462006,218.347000,218.455994
2026-07-27T00:15:00Z,218.445007,218.507996,218.410995,218.496994
2026-07-27T00:30:00Z,218.498001,218.518997,218.455002,218.488998
2026-07-27T00:45:00Z,218.481995,218.501007,218.427002,218.457001
2026-07-27T01:00:00Z,218.457993,218.507004,218.417007,218.425003
2026-07-27T01:15:00Z,218.423996,218.464996,218.393997,218.416000
2026-07-27T01:30:00Z,218.416000,218.451004,218.386002,218.417999
2026-07-27T01:45:00Z,218.429993,218.481995,218.417999,218.453003
2026-07-27T02:00:00Z,218.460007,218.496994,218.412003,218.479004
2026-07-27T02:15:00Z,218.479004,218.494003,218.423004,218.445007
2026-07-27T02:30:00Z,218.445007,218.457001,218.388000,218.419006
2026-07-27T02:45:00Z,218.419006,218.460999,218.404007,218.447006
2026-07-27T03:00:00Z,218.445007,218.464005,218.393997,218.436005
2026-07-27T03:15:00Z,218.436005,218.468994,218.421005,218.427994
2026-07-27T03:30:00Z,218.423004,218.434006,218.399002,218.427994
2026-07-27T03:45:00Z,218.421005,218.440002,218.380997,218.408997
2026-07-27T04:00:00Z,218.410004,218.425995,218.389008,218.406998
2026-07-27T04:15:00Z,218.408005,218.421997,218.363007,218.386993
2026-07-27T04:30:00Z,218.384003,218.445007,218.378006,218.423004
2026-07-27T04:45:00Z,218.417999,218.423004,218.382004,218.388000
2026-07-27T05:00:00Z,218.388000,218.451996,218.371994,218.445999
2026-07-27T05:15:00Z,218.442993,218.466003,218.401001,218.416000
2026-07-27T05:30:00Z,218.427002,218.445999,218.389008,218.436996
2026-07-27T05:45:00Z,218.438004,218.487000,218.421005,218.432007
2026-07-27T06:00:00Z,218.429001,218.487000,218.412994,218.412994
2026-07-27T06:15:00Z,218.414001,218.490997,218.358994,218.475006
2026-07-27T06:30:00Z,218.483994,218.501007,218.419006,218.434006
2026-07-27T06:45:00Z,218.434006,218.468002,218.276993,218.283005
2026-07-27T07:00:00Z,218.285004,218.294998,218.147003,218.192993
2026-07-27T07:15:00Z,218.192993,218.214005,217.988007,218.003998
2026-07-27T07:30:00Z,217.994003,218.115997,217.970001,218.076004
2026-07-27T07:45:00Z,218.076004,218.095001,218.024994,218.044998
2026-07-27T08:00:00Z,218.052002,218.091003,217.975006,218.029007
2026-07-27T08:15:00Z,218.020004,218.070007,217.985001,218.057999
2026-07-27T08:30:00Z,218.046997,218.106003,218.020004,218.063004
2026-07-27T08:45:00Z,218.065002,218.128998,218.052994,218.091995
2026-07-27T09:00:00Z,218.091995,218.153000,218.059998,218.087006
2026-07-27T09:15:00Z,218.078003,218.138000,218.035004,218.054001
2026-07-27T09:30:00Z,218.054001,218.115005,218.042999,218.065994
2026-07-27T09:45:00Z,218.065994,218.095993,217.990005,217.998001
2026-07-27T10:00:00Z,217.998001,218.095001,217.985001,218.026001
2026-07-27T10:15:00Z,218.018997,218.048996,217.981003,217.992996
2026-07-27T10:30:00Z,217.981003,218.057999,217.966995,218.026001
2026-07-27T10:45:00Z,218.026993,218.035004,217.843994,217.873993
2026-07-27T11:00:00Z,217.871002,217.925995,217.783997,217.834000
2026-07-27T11:15:00Z,217.834000,217.916000,217.824997,217.867996
2026-07-27T11:30:00Z,217.863998,217.929001,217.761002,217.847000
2026-07-27T11:45:00Z,217.845993,217.889999,217.819000,217.867996
2026-07-27T12:00:00Z,217.867996,217.925995,217.819000,217.832993
2026-07-27T12:15:00Z,217.822998,217.904007,217.806000,217.882004
2026-07-27T12:30:00Z,217.852997,217.884003,217.776993,217.860992
2026-07-27T12:45:00Z,217.852005,217.979996,217.841995,217.927002
2026-07-27T13:00:00Z,217.927994,217.947006,217.850006,217.927002
2026-07-27T13:15:00Z,217.923004,217.953003,217.865005,217.945007
2026-07-27T13:30:00Z,217.949997,218.039001,217.944000,217.994003
2026-07-27T13:45:00Z,217.988998,218.035004,217.914993,217.957001
2026-07-27T14:00:00Z,217.951004,218.033997,217.893005,218.016998
2026-07-27T14:15:00Z,218.026993,218.035995,217.882004,217.889999
2026-07-27T14:30:00Z,217.889999,217.955994,217.860001,217.863007
2026-07-27T14:45:00Z,217.865005,217.919006,217.744995,217.763000
2026-07-27T15:00:00Z,217.761993,217.813995,217.718002,217.776993
2026-07-27T15:15:00Z,217.778000,217.785995,217.731003,217.764999
2026-07-27T15:30:00Z,217.761002,217.792999,217.729004,217.742004
2026-07-27T15:45:00Z,217.742004,217.796997,217.694000,217.761002
2026-07-27T16:00:00Z,217.759995,217.785004,217.712997,217.731995
2026-07-27T16:15:00Z,217.731995,217.839005,217.701996,217.785004
2026-07-27T16:30:00Z,217.785004,217.796005,217.710007,217.718002
2026-07-27T16:45:00Z,217.718994,217.735001,217.679993,217.703003
2026-07-27T17:00:00Z,217.705002,217.718994,217.466995,217.570007
2026-07-27T17:15:00Z,217.574005,217.578003,217.473999,217.485001
2026-07-27T17:30:00Z,217.487000,217.546005,217.466995,217.514999
2026-07-27T17:45:00Z,217.516006,217.613007,217.500000,217.598999
2026-07-27T18:00:00Z,217.606995,217.612000,217.565994,217.582993
2026-07-27T18:15:00Z,217.582993,217.593002,217.554993,217.589996
2026-07-27T18:30:00Z,217.587997,217.617004,217.563004,217.589005
2026-07-27T18:45:00Z,217.589996,217.636002,217.580002,217.625000
2026-07-27T19:00:00Z,217.634995,217.662994,217.604996,217.606995
2026-07-27T19:15:00Z,217.610001,217.651993,217.606003,217.638000
2026-07-27T19:30:00Z,217.638000,217.658005,217.617004,217.636993
2026-07-27T19:45:00Z,217.636993,217.654007,217.600998,217.626999
2026-07-27T20:00:00Z,217.626999,217.647003,217.604004,217.632004
2026-07-27T20:15:00Z,217.632004,217.643997,217.591003,217.604996
2026-07-27T20:30:00Z,217.604996,217.612000,217.572006,217.582001
2026-07-27T20:45:00Z,217.582001,217.591995,217.533005,217.539001
2026-07-27T21:00:00Z,217.574005,217.699997,217.498001,217.544006
2026-07-27T21:15:00Z,217.548004,217.757996,217.503998,217.699005
2026-07-27T21:30:00Z,217.699997,217.774994,217.511002,217.608002
2026-07-27T21:45:00Z,217.604996,217.733002,217.522995,217.636993
2026-07-27T22:00:00Z,217.600006,217.649994,217.464005,217.610992
2026-07-27T22:15:00Z,217.612000,217.628006,217.580002,217.615005
2026-07-27T22:30:00Z,217.593994,217.625000,217.580002,217.580002
2026-07-27T22:45:00Z,217.580002,217.602005,217.567001,217.582001
2026-07-27T23:00:00Z,217.582001,217.591003,217.542999,217.557007
2026-07-27T23:15:00Z,217.567001,217.589996,217.550003,217.587997
2026-07-27T23:30:00Z,217.578995,217.630005,217.570999,217.598007
2026-07-27T23:45:00Z,217.602005,217.651001,217.576996,217.641998
2026-07-28T00:00:00Z,217.641998,217.714005,217.630005,217.662994
2026-07-28T00:15:00Z,217.662994,217.699997,217.656998,217.697998
2026-07-28T00:30:00Z,217.690994,217.705994,217.651993,217.666000
2026-07-28T00:45:00Z,217.658997,217.699997,217.619995,217.651993
2026-07-28T01:00:00Z,217.660995,217.733994,217.638000,217.675995
2026-07-28T01:15:00Z,217.664001,217.705994,217.651993,217.692001
2026-07-28T01:30:00Z,217.695007,217.729004,217.667999,217.679993
2026-07-28T01:45:00Z,217.682007,217.695007,217.645996,217.677002
2026-07-28T02:00:00Z,217.664001,217.750000,217.660004,217.727997
2026-07-28T02:15:00Z,217.738007,217.738998,217.660995,217.664001
2026-07-28T02:30:00Z,217.675003,217.699005,217.656006,217.671997
2026-07-28T02:45:00Z,217.671997,217.714996,217.651993,217.697006
2026-07-28T03:00:00Z,217.697006,217.725998,217.673996,217.723999
2026-07-28T03:15:00Z,217.723007,217.785004,217.710007,217.761002
2026-07-28T03:30:00Z,217.757996,217.813995,217.751999,217.802994
2026-07-28T03:45:00Z,217.802994,217.815002,217.742996,217.768997
2026-07-28T04:00:00Z,217.768997,217.772003,217.686996,217.701004
2026-07-28T04:15:00Z,217.694000,217.735992,217.688004,217.714005
2026-07-28T04:30:00Z,217.716003,217.731003,217.673996,217.695999
2026-07-28T04:45:00Z,217.707001,217.729004,217.653000,217.682999
2026-07-28T05:00:00Z,217.682999,217.714996,217.587006,217.593994
2026-07-28T05:15:00Z,217.593994,217.615997,217.554993,217.595993
2026-07-28T05:30:00Z,217.589005,217.619003,217.542007,217.604996
2026-07-28T05:45:00Z,217.597000,217.608002,217.537003,217.559006
2026-07-28T06:00:00Z,217.570007,217.595001,217.513000,217.537994
2026-07-28T06:15:00Z,217.544998,217.651001,217.522003,217.647995
2026-07-28T06:30:00Z,217.636002,217.654007,217.585007,217.606995
2026-07-28T06:45:00Z,217.619995,217.727997,217.578995,217.703003
2026-07-28T07:00:00Z,217.705002,217.800995,217.649994,217.791000
2026-07-28T07:15:00Z,217.791000,217.867996,217.772995,217.837997
2026-07-28T07:30:00Z,217.845993,217.869995,217.755997,217.776993
2026-07-28T07:45:00Z,217.770996,217.785004,217.686996,217.692001
2026-07-28T08:00:00Z,217.688995,217.862000,217.688995,217.824005
2026-07-28T08:15:00Z,217.826004,217.931000,217.820007,217.912994
2026-07-28T08:30:00Z,217.919006,217.934998,217.843994,217.899994
2026-07-28T08:45:00Z,217.899994,217.938995,217.865997,217.923004
2026-07-28T09:00:00Z,217.923996,217.934006,217.755005,217.781998
2026-07-28T09:15:00Z,217.781998,217.811996,217.748993,217.772003
2026-07-28T09:30:00Z,217.770996,217.792007,217.701004,217.703003
2026-07-28T09:45:00Z,217.703003,217.725006,217.604996,217.630005
2026-07-28T10:00:00Z,217.626007,217.630005,217.535004,217.589996
2026-07-28T10:15:00Z,217.589996,217.695007,217.559998,217.658997
2026-07-28T10:30:00Z,217.654999,217.716003,217.634995,217.656998
2026-07-28T10:45:00Z,217.656998,217.742004,217.617004,217.690994
2026-07-28T11:00:00Z,217.692001,217.718994,217.606003,217.623993
2026-07-28T11:15:00Z,217.623993,217.725998,217.621994,217.690002
2026-07-28T11:30:00Z,217.690002,217.735992,217.677994,217.694000
2026-07-28T11:45:00Z,217.690994,217.720001,217.598007,217.684006
2026-07-28T12:00:00Z,217.684006,217.800995,217.662994,217.772003
2026-07-28T12:15:00Z,217.770996,217.830994,217.705994,217.727005
2026-07-28T12:30:00Z,217.720001,217.876999,217.688995,217.858994
2026-07-28T12:45:00Z,217.858002,217.942993,217.835007,217.914001
2026-07-28T13:00:00Z,217.914993,217.990997,217.871002,217.888000
2026-07-28T13:15:00Z,217.884995,217.919006,217.839005,217.886002
2026-07-28T13:30:00Z,217.889008,217.921997,217.850998,217.869003
2026-07-28T13:45:00Z,217.876007,217.947006,217.850006,217.891006
2026-07-28T14:00:00Z,217.888000,217.932999,217.794006,217.847000
2026-07-28T14:15:00Z,217.847000,217.856995,217.783005,217.839005
2026-07-28T14:30:00Z,217.830994,217.886993,217.778000,217.809998
2026-07-28T14:45:00Z,217.802002,217.856003,217.701004,217.792007
2026-07-28T15:00:00Z,217.796997,217.867996,217.703003,217.820007
2026-07-28T15:15:00Z,217.820007,217.852997,217.751999,217.770996
2026-07-28T15:30:00Z,217.770004,217.850006,217.757004,217.828995
2026-07-28T15:45:00Z,217.828003,217.878006,217.772003,217.802002
2026-07-28T16:00:00Z,217.798004,217.852997,217.785004,217.796005
2026-07-28T16:15:00Z,217.792999,217.824997,217.757004,217.820007
2026-07-28T16:30:00Z,217.820007,217.850998,217.783997,217.800003
2026-07-28T16:45:00Z,217.796005,217.826004,217.766998,217.796997
2026-07-28T17:00:00Z,217.796005,217.822998,217.753998,217.774994
2026-07-28T17:15:00Z,217.774994,217.862000,217.774994,217.809006
2026-07-28T17:30:00Z,217.804001,217.811996,217.755005,217.763000
2026-07-28T17:45:00Z,217.757996,217.768997,217.712997,217.718002
2026-07-28T18:00:00Z,217.718002,217.742996,217.649002,217.688004
2026-07-28T18:15:00Z,217.686996,217.697006,217.632996,217.669998
2026-07-28T18:30:00Z,217.673004,217.738007,217.667999,217.733994
2026-07-28T18:45:00Z,217.735001,217.753998,217.705994,217.746994
2026-07-28T19:00:00Z,217.746002,217.785004,217.740005,217.770996
2026-07-28T19:15:00Z,217.772003,217.815994,217.759003,217.759995
2026-07-28T19:30:00Z,217.764999,217.770004,217.742004,217.764008
2026-07-28T19:45:00Z,217.764008,217.813995,217.718002,217.727997
2026-07-28T20:00:00Z,217.723007,217.768005,217.720993,217.764008
2026-07-28T20:15:00Z,217.764008,217.772995,217.716995,217.731995
2026-07-28T20:30:00Z,217.731995,217.748993,217.716995,217.740005
2026-07-28T20:45:00Z,217.744003,217.779007,217.598999,217.684998
2026-07-28T21:00:00Z,217.647003,217.755005,217.539993,217.686996
2026-07-28T21:15:00Z,217.718002,217.848007,217.623001,217.673004
2026-07-28T21:30:00Z,217.675995,217.735001,217.595993,217.610992
2026-07-28T21:45:00Z,217.610992,217.759003,217.572006,217.645004
2026-07-28T22:00:00Z,217.645004,217.740997,217.585007,217.686996
2026-07-28T22:15:00Z,217.701996,217.735001,217.647003,217.664993
2026-07-28T22:30:00Z,217.662003,217.688004,217.641006,217.675003
2026-07-28T22:45:00Z,217.667999,217.681000,217.647003,217.662003
2026-07-28T23:00:00Z,217.658005,217.669998,217.600998,217.653000
2026-07-28T23:15:00Z,217.653000,217.684006,217.649002,217.682007
2026-07-28T23:30:00Z,217.679001,217.709000,217.660995,217.699997
2026-07-28T23:45:00Z,217.710007,217.723007,217.675003,217.710007
2026-07-29T00:00:00Z,217.709000,217.755005,217.649994,217.701996
2026-07-29T00:15:00Z,217.703995,217.731995,217.681000,217.710999
2026-07-29T00:30:00Z,217.712006,217.727997,217.649002,217.662003
2026-07-29T00:45:00Z,217.662003,217.677002,217.533005,217.589005
2026-07-29T01:00:00Z,217.600006,217.626999,217.546005,217.559998
2026-07-29T01:15:00Z,217.556000,217.636993,217.541000,217.589996
2026-07-29T01:30:00Z,217.589005,217.589005,217.501007,217.531006
2026-07-29T01:45:00Z,217.522995,217.570999,217.505005,217.548996
2026-07-29T02:00:00Z,217.563004,217.630005,217.531006,217.600006
2026-07-29T02:15:00Z,217.608002,217.682007,217.600006,217.638000
2026-07-29T02:30:00Z,217.638000,217.658005,217.606995,217.649994
2026-07-29T02:45:00Z,217.643997,217.667999,217.623001,217.643997
2026-07-29T03:00:00Z,217.645004,217.662003,217.623001,217.625000
2026-07-29T03:15:00Z,217.634003,217.675003,217.619995,217.630005
2026-07-29T03:30:00Z,217.639008,217.651993,217.572998,217.574005
2026-07-29T03:45:00Z,217.574005,217.587997,217.505997,217.535004
2026-07-29T04:00:00Z,217.531006,217.567993,217.473999,217.487000
2026-07-29T04:15:00Z,217.487000,217.513000,217.406998,217.421005
2026-07-29T04:30:00Z,217.421005,217.432007,217.179001,217.195999
2026-07-29T04:45:00Z,217.190002,217.440002,217.153000,217.313004
2026-07-29T05:00:00Z,217.309006,217.367996,217.307999,217.352997
2026-07-29T05:15:00Z,217.345993,217.360001,217.242996,217.268005
2026-07-29T05:30:00Z,217.257996,217.391006,217.257996,217.319000
2026-07-29T05:45:00Z,217.326004,217.427994,217.311996,217.414993
2026-07-29T06:00:00Z,217.419998,217.537003,217.386993,217.496994
2026-07-29T06:15:00Z,217.490005,217.524994,217.345993,217.453995
2026-07-29T06:30:00Z,217.453995,217.522003,217.384003,217.429001
2026-07-29T06:45:00Z,217.429001,217.466995,217.404007,217.447006
2026-07-29T07:00:00Z,217.442001,217.518997,217.414001,217.451996
2026-07-29T07:15:00Z,217.457993,217.608994,217.449997,217.600006
2026-07-29T07:30:00Z,217.602005,217.690994,217.565994,217.639008
2026-07-29T07:45:00Z,217.630997,217.738998,217.591003,217.725998
2026-07-29T08:00:00Z,217.716995,217.742004,217.595993,217.598007
2026-07-29T08:15:00Z,217.598999,217.705002,217.589996,217.626007
2026-07-29T08:30:00Z,217.617996,217.686996,217.582001,217.669006
2026-07-29T08:45:00Z,217.671997,217.695999,217.634003,217.656006
2026-07-29T09:00:00Z,217.651993,217.669006,217.550995,217.576004
2026-07-29T09:15:00Z,217.582001,217.591003,217.526993,217.557007
2026-07-29T09:30:00Z,217.556000,217.570007,217.440994,217.570007
2026-07-29T09:45:00Z,217.567001,217.591003,217.528000,217.544998
2026-07-29T10:00:00Z,217.544998,217.563004,217.477997,217.503998
2026-07-29T10:15:00Z,217.501999,217.542007,217.468994,217.501999
2026-07-29T10:30:00Z,217.503006,217.589005,217.496994,217.589005
2026-07-29T10:45:00Z,217.589996,217.595001,217.492004,217.507004
2026-07-29T11:00:00Z,217.513000,217.610001,217.498993,217.602005
2026-07-29T11:15:00Z,217.602005,217.610992,217.542999,217.595993
2026-07-29T11:30:00Z,217.591003,217.626999,217.539993,217.570007
2026-07-29T11:45:00Z,217.572998,217.593994,217.498993,217.520004
2026-07-29T12:00:00Z,217.524994,217.548004,217.460999,217.475006
2026-07-29T12:15:00Z,217.475006,217.552002,217.432007,217.528000
2026-07-29T12:30:00Z,217.522995,217.621994,217.496994,217.587006
2026-07-29T12:45:00Z,217.585999,217.613007,217.509003,217.578995
2026-07-29T13:00:00Z,217.578995,217.606995,217.509995,217.541000
2026-07-29T13:15:00Z,217.541000,217.585999,217.485992,217.580994
2026-07-29T13:30:00Z,217.582001,217.654007,217.501999,217.578995
2026-07-29T13:45:00Z,217.578995,217.701996,217.570007,217.688004
2026-07-29T14:00:00Z,217.690002,217.729996,217.664993,217.688004
2026-07-29T14:15:00Z,217.679993,217.770996,217.639008,217.757996
2026-07-29T14:30:00Z,217.761002,217.908005,217.738998,217.858002
2026-07-29T14:45:00Z,217.858002,217.882004,217.613007,217.750000
2026-07-29T15:00:00Z,217.750000,217.785995,217.662003,217.731003
2026-07-29T15:15:00Z,217.735001,217.779999,217.628998,217.667999
2026-07-29T15:30:00Z,217.667999,217.751007,217.654007,217.729004
2026-07-29T15:45:00Z,217.723999,217.751007,217.684006,217.707993
2026-07-29T16:00:00Z,217.707001,217.759995,217.658005,217.658005
2026-07-29T16:15:00Z,217.660004,217.727997,217.645004,217.710007
2026-07-29T16:30:00Z,217.705002,217.712006,217.643005,217.671005
2026-07-29T16:45:00Z,217.664993,217.789001,217.658997,217.785995
2026-07-29T17:00:00Z,217.785995,217.867996,217.770996,217.826004
2026-07-29T17:15:00Z,217.826004,217.886002,217.815994,217.871002
2026-07-29T17:30:00Z,217.873993,217.970993,217.858994,217.940002
2026-07-29T17:45:00Z,217.938004,217.962997,217.772995,217.824997
2026-07-29T18:00:00Z,217.806000,218.197998,217.660004,218.078003
2026-07-29T18:15:00Z,218.076004,218.093994,217.951004,218.016006
2026-07-29T18:30:00Z,218.016006,218.160004,217.804993,218.147995
2026-07-29T18:45:00Z,218.149994,218.320999,218.117004,218.268997
2026-07-29T19:00:00Z,218.272003,218.414001,218.190994,218.414001
2026-07-29T19:15:00Z,218.414001,218.556000,218.246994,218.270996
2026-07-29T19:30:00Z,218.278000,218.350998,218.231003,218.270004
2026-07-29T19:45:00Z,218.274002,218.324997,218.212997,218.225006
2026-07-29T20:00:00Z,218.223999,218.294006,218.209000,218.257996
2026-07-29T20:15:00Z,218.257004,218.307007,218.229004,218.272003
2026-07-29T20:30:00Z,218.270996,218.440002,218.248001,218.427994
2026-07-29T20:45:00Z,218.427002,218.546997,218.352005,218.386002
2026-07-29T21:00:00Z,218.389008,218.511993,218.033005,218.259003
2026-07-29T21:15:00Z,218.246994,218.425995,218.225998,218.315994
2026-07-29T21:30:00Z,218.292007,218.419006,218.233002,218.296997
2026-07-29T21:45:00Z,218.328003,218.442993,218.220001,218.287994
2026-07-29T22:00:00Z,218.292999,218.498001,218.291000,218.429001
2026-07-29T22:15:00Z,218.429001,218.483002,218.389999,218.464996
2026-07-29T22:30:00Z,218.479004,218.492004,218.434998,218.449997
2026-07-29T22:45:00Z,218.436996,218.455994,218.406006,218.419006
2026-07-29T23:00:00Z,218.431000,218.436005,218.386993,218.386993
2026-07-29T23:15:00Z,218.386993,218.414001,218.354004,218.358002
2026-07-29T23:30:00Z,218.354004,218.388000,218.343994,218.352005
2026-07-29T23:45:00Z,218.356003,218.365005,218.257996,218.279007
2026-07-30T00:00:00Z,218.278000,218.285004,218.139999,218.201004
2026-07-30T00:15:00Z,218.201996,218.335999,218.192993,218.334000
2026-07-30T00:30:00Z,218.328003,218.365997,218.251999,218.266998
2026-07-30T00:45:00Z,218.264008,218.350998,218.223007,218.345001
2026-07-30T01:00:00Z,218.341003,218.352997,218.270996,218.294006
2026-07-30T01:15:00Z,218.298004,218.362000,218.276993,218.313004
2026-07-30T01:30:00Z,218.313004,218.337006,218.274002,218.300003
2026-07-30T01:45:00Z,218.307007,218.348007,218.291000,218.306000
2026-07-30T02:00:00Z,218.302002,218.322006,218.268997,218.278000
2026-07-30T02:15:00Z,218.274994,218.285995,218.222000,218.240997
2026-07-30T02:30:00Z,218.240997,218.257996,218.216995,218.238007
2026-07-30T02:45:00Z,218.238007,218.263000,218.218002,218.235001
2026-07-30T03:00:00Z,218.229004,218.266006,218.216003,218.223999
2026-07-30T03:15:00Z,218.229004,218.233002,218.166000,218.199997
2026-07-30T03:30:00Z,218.201004,218.257996,218.190002,218.237000
2026-07-30T03:45:00Z,218.238007,218.238007,218.186005,218.188995
2026-07-30T04:00:00Z,218.192001,218.235001,218.169006,218.197998
2026-07-30T04:15:00Z,218.203003,218.225998,218.169006,218.207993
2026-07-30T04:30:00Z,218.207993,218.210999,218.164993,218.175003
2026-07-30T04:45:00Z,218.175003,218.205002,218.156006,218.156006
2026-07-30T05:00:00Z,218.158005,218.218002,218.154999,218.162003
2026-07-30T05:15:00Z,218.162003,218.343994,218.162003,218.341003
2026-07-30T05:30:00Z,218.334000,218.365997,218.313004,218.343002
2026-07-30T05:45:00Z,218.343002,218.367996,218.263000,218.296005
2026-07-30T06:00:00Z,218.302002,218.358994,218.141006,218.167999
2026-07-30T06:15:00Z,218.169006,218.248993,218.149002,218.175995
2026-07-30T06:30:00Z,218.171997,218.205994,218.130005,218.173996
2026-07-30T06:45:00Z,218.173996,218.345001,218.166000,218.320007
2026-07-30T07:00:00Z,218.322998,218.425003,218.313995,218.322006
2026-07-30T07:15:00Z,218.326996,218.412994,218.279007,218.292999
2026-07-30T07:30:00Z,218.287003,218.414993,218.283997,218.395996
2026-07-30T07:45:00Z,218.399002,218.455002,218.360992,218.388000
2026-07-30T08:00:00Z,218.388000,218.487000,218.358994,218.449005
2026-07-30T08:15:00Z,218.449005,218.544998,218.442993,218.526993
2026-07-30T08:30:00Z,218.533005,218.602997,218.492996,218.572006
2026-07-30T08:45:00Z,218.576004,218.621994,218.526001,218.561005
2026-07-30T09:00:00Z,218.559998,218.654999,218.514999,218.654999
2026-07-30T09:15:00Z,218.656998,218.679001,218.598999,218.604004
2026-07-30T09:30:00Z,218.604004,218.639008,218.550003,218.608994
2026-07-30T09:45:00Z,218.608994,218.615005,218.468994,218.511993
2026-07-30T10:00:00Z,218.511993,218.518997,218.104996,218.188995
2026-07-30T10:15:00Z,218.192001,218.197006,217.350998,217.936005
2026-07-30T10:30:00Z,217.936005,218.123001,217.813004,218.031998
2026-07-30T10:45:00Z,218.024994,218.238007,217.964005,217.979996
2026-07-30T11:00:00Z,218.003006,218.212006,217.835007,217.860992
2026-07-30T11:15:00Z,217.850998,218.001007,217.789993,217.975998
2026-07-30T11:30:00Z,217.972000,218.095001,217.921997,217.964005
2026-07-30T11:45:00Z,217.959000,218.085007,217.923004,218.076004
2026-07-30T12:00:00Z,218.070007,218.171997,218.061996,218.126999
2026-07-30T12:15:00Z,218.121002,218.166000,218.014999,218.093994
2026-07-30T12:30:00Z,218.070007,218.093994,217.729996,217.824997
2026-07-30T12:45:00Z,217.826004,217.932999,217.714996,217.884995
2026-07-30T13:00:00Z,217.886993,217.903000,217.759003,217.776001
2026-07-30T13:15:00Z,217.768005,217.811996,217.615997,217.664993
2026-07-30T13:30:00Z,217.660004,217.761002,214.947006,215.395996
2026-07-30T13:45:00Z,215.324005,215.987000,214.440994,214.501007
2026-07-30T14:00:00Z,214.501999,214.791000,213.391998,213.578995
2026-07-30T14:15:00Z,213.578003,214.000000,212.246002,213.820007
2026-07-30T14:30:00Z,213.822998,214.330994,213.188995,214.160995
2026-07-30T14:45:00Z,214.154007,214.440002,213.817001,213.835007
2026-07-30T15:00:00Z,213.820999,214.227997,213.432999,214.110992
2026-07-30T15:15:00Z,214.110992,214.343994,214.080002,214.343002
2026-07-30T15:30:00Z,214.328995,214.434998,214.285004,214.384003
2026-07-30T15:45:00Z,214.382996,214.643997,214.365997,214.630005
2026-07-30T16:00:00Z,214.623993,214.742996,214.589005,214.682999
2026-07-30T16:15:00Z,214.677994,214.737000,214.643997,214.701996
2026-07-30T16:30:00Z,214.695999,214.876999,214.666000,214.824005
2026-07-30T16:45:00Z,214.824997,214.897003,214.792999,214.845993
2026-07-30T17:00:00Z,214.850006,214.990997,214.835999,214.919006
2026-07-30T17:15:00Z,214.919006,215.136002,214.910004,215.039001
2026-07-30T17:30:00Z,215.039001,215.078995,213.421005,213.912003
2026-07-30T17:45:00Z,213.865005,214.341995,213.740005,214.188995
2026-07-30T18:00:00Z,214.186005,214.266998,213.990997,214.044998
2026-07-30T18:15:00Z,214.044006,214.251999,213.992004,214.175995
2026-07-30T18:30:00Z,214.177994,214.285004,214.125000,214.203003
2026-07-30T18:45:00Z,214.205002,214.296997,214.100006,214.117996
2026-07-30T19:00:00Z,214.128998,214.459000,214.115997,214.406998
2026-07-30T19:15:00Z,214.412994,214.641998,214.406006,214.617004
2026-07-30T19:30:00Z,214.617004,214.774994,214.602005,214.731995
2026-07-30T19:45:00Z,214.731995,214.746002,214.544998,214.628998
2026-07-30T20:00:00Z,214.632996,214.718002,214.604004,214.705994
2026-07-30T20:15:00Z,214.710999,214.811996,214.679001,214.755005
2026-07-30T20:30:00Z,214.755005,214.847000,214.615997,214.841003
2026-07-30T20:45:00Z,214.835007,214.927994,214.664001,214.748993
2026-07-30T21:00:00Z,214.779999,214.800995,214.623001,214.651993
2026-07-30T21:15:00Z,214.664001,214.791000,214.619003,214.695999
2026-07-30T21:30:00Z,214.699005,214.865997,214.681000,214.822006
2026-07-30T21:45:00Z,214.817001,214.919006,214.735992,214.865997
2026-07-30T22:00:00Z,214.865997,215.037994,214.727005,215.001999
2026-07-30T22:15:00Z,215.009995,215.149994,214.968002,215.072998
2026-07-30T22:30:00Z,215.072998,215.119003,214.662994,214.934998
2026-07-30T22:45:00Z,214.929993,215.089005,214.891998,215.057999
2026-07-30T23:00:00Z,215.007004,215.216995,214.914001,215.192001
2026-07-30T23:15:00Z,215.188004,215.285995,215.117004,215.257996
2026-07-30T23:30:00Z,215.259995,215.634995,215.158997,215.619995
2026-07-30T23:45:00Z,215.634995,215.651993,215.533005,215.608002
2026-07-31T00:00:00Z,215.608002,215.865997,215.576004,215.789001
2026-07-31T00:15:00Z,215.781006,215.834000,215.617996,215.727997
2026-07-31T00:30:00Z,215.727997,216.007996,215.710007,215.994003
2026-07-31T00:45:00Z,215.990997,216.233994,215.942993,216.056000
2026-07-31T01:00:00Z,216.050003,216.216003,215.820007,215.972000
2026-07-31T01:15:00Z,215.972000,216.072006,215.875000,215.973007
2026-07-31T01:30:00Z,215.975998,216.112000,215.949005,216.035004
2026-07-31T01:45:00Z,216.033005,216.212997,215.990997,216.199005
2026-07-31T02:00:00Z,216.194000,216.201996,216.059998,216.069000
2026-07-31T02:15:00Z,216.069000,216.136002,215.988007,216.095001
2026-07-31T02:30:00Z,216.087997,216.106003,215.944000,216.067001
2026-07-31T02:45:00Z,216.065002,216.104996,215.811996,215.886002
2026-07-31T03:00:00Z,215.882004,216.320999,215.813004,216.136002
2026-07-31T03:15:00Z,216.132004,216.300003,216.110992,216.253998
2026-07-31T03:30:00Z,216.250000,216.294998,216.037994,216.072006
2026-07-31T03:45:00Z,216.078003,216.121994,215.884995,216.035004
2026-07-31T04:00:00Z,216.035004,216.126007,215.977997,216.125000
2026-07-31T04:15:00Z,216.123001,216.175995,216.059006,216.143005
2026-07-31T04:30:00Z,216.147003,216.162003,216.044998,216.054001
2026-07-31T04:45:00Z,216.048996,216.166000,216.003998,216.039001
2026-07-31T05:00:00Z,216.039001,216.065994,215.927994,216.026993
2026-07-31T05:15:00Z,216.026993,216.087006,215.925995,216.076004
2026-07-31T05:30:00Z,216.080994,216.089005,215.876007,215.994995
2026-07-31T05:45:00Z,215.990997,216.014008,215.867004,215.886993
2026-07-31T06:00:00Z,215.878006,215.916000,215.692993,215.772995
2026-07-31T06:15:00Z,215.772003,215.945007,215.654999,215.792007
2026-07-31T06:30:00Z,215.806000,215.936996,215.617004,215.811996
2026-07-31T06:45:00Z,215.813995,215.826004,215.225998,215.595001
2026-07-31T07:00:00Z,215.595993,215.847000,215.595993,215.755005
2026-07-31T07:15:00Z,215.751007,215.910004,215.600998,215.880997
2026-07-31T07:30:00Z,215.878998,216.076996,215.867004,215.990997
2026-07-31T07:45:00Z,215.990997,216.035004,215.496994,215.503006
2026-07-31T08:00:00Z,215.503998,215.723007,215.494995,215.544006
2026-07-31T08:15:00Z,215.542999,215.556000,215.212997,215.371994
2026-07-31T08:30:00Z,215.378006,215.416000,215.014008,215.117004
2026-07-31T08:45:00Z,215.115997,215.399002,213.358994,213.873993
2026-07-31T09:00:00Z,213.813995,214.809006,213.393997,214.707001
2026-07-31T09:15:00Z,214.707993,215.080994,214.630005,215.070007
2026-07-31T09:30:00Z,215.065994,215.158997,214.455002,214.973007
2026-07-31T09:45:00Z,214.973007,215.285995,214.944000,215.188004
2026-07-31T10:00:00Z,215.186996,215.231003,215.005005,215.113007
2026-07-31T10:15:00Z,215.106003,215.294998,215.065994,215.070999
2026-07-31T10:30:00Z,215.078003,215.171005,215.020996,215.128998
2026-07-31T10:45:00Z,215.130005,215.173004,215.059006,215.091003
2026-07-31T11:00:00Z,215.091003,215.164001,215.046005,215.085007
2026-07-31T11:15:00Z,215.080002,215.151001,214.996994,215.119003
2026-07-31T11:30:00Z,215.123001,215.184006,214.975998,215.000000
2026-07-31T11:45:00Z,215.001999,215.054001,214.912003,214.970001
2026-07-31T12:00:00Z,214.970001,215.074005,214.947006,215.067001
2026-07-31T12:15:00Z,215.069000,215.231995,215.003998,215.158005
2026-07-31T12:30:00Z,215.162003,215.313995,215.078003,215.298004
2026-07-31T12:45:00Z,215.294006,215.389008,215.171997,215.225006
2026-07-31T13:00:00Z,215.220993,215.302002,215.169998,215.205994
2026-07-31T13:15:00Z,215.207001,215.279007,214.095001,214.235992
2026-07-31T13:30:00Z,214.237000,214.311996,213.492996,214.016998
2026-07-31T13:45:00Z,214.011002,214.326004,213.692001,213.837997
2026-07-31T14:00:00Z,213.850006,213.850998,213.065002,213.804993
2026-07-31T14:15:00Z,213.811005,213.970001,213.636002,213.731995
2026-07-31T14:30:00Z,213.738007,214.365005,213.731995,214.266006
2026-07-31T14:45:00Z,214.264008,214.639008,214.072998,214.270996
2026-07-31T15:00:00Z,214.266006,214.380997,213.856003,214.251007
2026-07-31T15:15:00Z,214.257996,214.505997,214.044998,214.501007
2026-07-31T15:30:00Z,214.507004,214.570007,214.347000,214.399002
2026-07-31T15:45:00Z,214.408005,214.498993,214.322006,214.360992
2026-07-31T16:00:00Z,214.350998,214.470001,214.302994,214.421997
2026-07-31T16:15:00Z,214.421997,214.475006,214.324005,214.358994
2026-07-31T16:30:00Z,214.358002,214.457001,214.324005,214.447006
2026-07-31T16:45:00Z,214.451004,214.580002,214.436005,214.578995
2026-07-31T17:00:00Z,214.572998,214.815994,214.520004,214.783997
2026-07-31T17:15:00Z,214.779999,214.858994,213.862000,213.897995
2026-07-31T17:30:00Z,213.889008,213.960007,213.220993,213.302002
2026-07-31T17:45:00Z,213.302994,214.182999,213.220993,213.703995
2026-07-31T18:00:00Z,213.705002,214.089996,213.507004,213.895996
2026-07-31T18:15:00Z,213.882996,214.085999,213.757996,214.026993
2026-07-31T18:30:00Z,214.029007,214.154999,213.968002,214.136002
2026-07-31T18:45:00Z,214.136002,214.432999,214.136002,214.225998
2026-07-31T19:00:00Z,214.233002,214.414993,214.201996,214.360992
2026-07-31T19:15:00Z,214.363007,214.490005,214.358994,214.412994
2026-07-31T19:30:00Z,214.412994,214.626007,214.404999,214.518997
2026-07-31T19:45:00Z,214.526993,214.557999,214.363007,214.501007
2026-07-31T20:00:00Z,214.507004,214.518005,213.548004,213.666000
2026-07-31T20:15:00Z,213.630005,213.845001,212.979004,213.057007
2026-07-31T20:30:00Z,213.050003,213.300003,212.638000,212.643005
2026-07-31T20:45:00Z,212.679993,212.964005,211.688004,212.343002
2026-07-31T21:00:00Z,212.244003,212.244003,212.244003,212.244003
2026-07-31T21:15:00Z,212.244003,212.244003,212.244003,212.244003
2026-08-02T23:00:00Z,212.291000,212.645996,211.959000,212.567993
2026-08-02T23:15:00Z,212.567993,212.945007,212.544006,212.766006
2026-08-02T23:30:00Z,212.766006,212.949997,212.654999,212.945999
2026-08-02T23:45:00Z,212.940002,212.979996,212.574005,212.595001
2026-08-03T00:00:00Z,212.589005,212.837006,212.557007,212.806000
2026-08-03T00:15:00Z,212.815994,212.893005,211.169006,211.373001
2026-08-03T00:30:00Z,211.339005,211.423004,209.729004,209.807999
2026-08-03T00:45:00Z,209.828003,210.632004,209.516006,210.561005
2026-08-03T01:00:00Z,210.563004,210.867004,209.587006,210.367004
2026-08-03T01:15:00Z,210.371994,210.632996,210.220993,210.477997
2026-08-03T01:30:00Z,210.475006,210.759003,210.391006,210.669006
2026-08-03T01:45:00Z,210.660004,210.682007,210.466003,210.667999
2026-08-03T02:00:00Z,210.656998,211.009995,210.656998,210.852997
2026-08-03T02:15:00Z,210.848007,210.880005,210.701996,210.787994
2026-08-03T02:30:00Z,210.781998,210.826996,210.490005,210.705002
2026-08-03T02:45:00Z,210.699997,210.822006,210.688004,210.772003
2026-08-03T03:00:00Z,210.772995,210.932999,210.768005,210.830994
2026-08-03T03:15:00Z,210.830994,210.863998,210.695007,210.809006
2026-08-03T03:30:00Z,210.802994,210.867996,210.479004,210.766998
2026-08-03T03:45:00Z,210.766998,210.848007,210.731995,210.785995
2026-08-03T04:00:00Z,210.785995,210.819000,210.636993,210.707001
2026-08-03T04:15:00Z,210.703003,210.828995,210.682999,210.785004
2026-08-03T04:30:00Z,210.781006,210.837997,210.656006,210.695007
2026-08-03T04:45:00Z,210.699005,210.863007,210.664993,210.776001
2026-08-03T05:00:00Z,210.776993,210.813995,210.671997,210.759003
2026-08-03T05:15:00Z,210.757996,210.834000,210.666000,210.783005
2026-08-03T05:30:00Z,210.779007,210.824997,210.703003,210.770004
2026-08-03T05:45:00Z,210.770996,210.817001,210.697006,210.753006
2026-08-03T06:00:00Z,210.751999,210.837006,210.649002,210.748993
2026-08-03T06:15:00Z,210.753006,211.072998,210.735001,211.011002
2026-08-03T06:30:00Z,211.014008,211.050995,210.845993,210.972000
2026-08-03T06:45:00Z,210.970993,211.141998,210.968002,211.014999
2026-08-03T07:00:00Z,211.022995,211.057999,210.796997,210.841995
2026-08-03T07:15:00Z,210.835007,210.942001,210.761993,210.850006
2026-08-03T07:30:00Z,210.845993,211.067993,210.733994,211.054993
2026-08-03T07:45:00Z,211.057007,211.089996,210.914001,211.029999
2026-08-03T08:00:00Z,211.029999,211.048004,210.863007,210.988007
2026-08-03T08:15:00Z,210.985992,211.048996,210.886002,210.981995
2026-08-03T08:30:00Z,210.981995,211.194000,210.725998,211.194000
2026-08-03T08:45:00Z,211.194000,211.233994,211.087006,211.210999
2026-08-03T09:00:00Z,211.209000,211.287994,211.087997,211.177994
2026-08-03T09:15:00Z,211.173004,211.218994,211.026001,211.207993
2026-08-03T09:30:00Z,211.212006,211.429001,211.169998,211.367004
2026-08-03T09:45:00Z,211.367004,211.412003,211.104996,211.278000
2026-08-03T10:00:00Z,211.278000,211.287003,211.113007,211.151001
2026-08-03T10:15:00Z,211.151001,211.237000,211.093002,211.175003
2026-08-03T10:30:00Z,211.175003,211.276001,211.108002,211.264999
2026-08-03T10:45:00Z,211.257004,211.322998,210.906998,211.072006
2026-08-03T11:00:00Z,211.076996,211.169998,211.029999,211.102005
2026-08-03T11:15:00Z,211.104004,211.246994,211.048996,211.240005
2026-08-03T11:30:00Z,211.246002,211.311005,211.210007,211.279999
2026-08-03T11:45:00Z,211.289993,211.304993,210.817993,210.981995
2026-08-03T12:00:00Z,210.979996,211.095001,210.860001,210.901993
2026-08-03T12:15:00Z,210.899994,210.996002,210.891998,210.949997
2026-08-03T12:30:00Z,210.947998,211.188995,210.945007,211.158005
2026-08-03T12:45:00Z,211.158005,211.188995,211.029999,211.136993
2026-08-03T13:00:00Z,211.138000,211.179001,211.020004,211.033005
2026-08-03T13:15:00Z,211.033005,211.048996,210.561996,210.688004
2026-08-03T13:30:00Z,210.692001,210.731003,210.289001,210.289001
2026-08-03T13:45:00Z,210.380997,210.542007,210.276001,210.453995
2026-08-03T14:00:00Z,210.436005,210.602997,210.365005,210.567993
2026-08-03T14:15:00Z,210.563004,210.578995,210.184998,210.539993
2026-08-03T14:30:00Z,210.526993,210.673996,210.432999,210.645996
2026-08-03T14:45:00Z,210.641998,210.716003,210.276993,210.373001
2026-08-03T15:00:00Z,210.376007,210.537003,210.337006,210.475006
2026-08-03T15:15:00Z,210.470993,210.606995,210.442001,210.473999
2026-08-03T15:30:00Z,210.470001,210.654007,210.423996,210.636002
2026-08-03T15:45:00Z,210.649994,210.891006,210.630997,210.858002
2026-08-03T16:00:00Z,210.858002,210.888000,210.671997,210.679993
2026-08-03T16:15:00Z,210.681000,210.710999,210.298004,210.621994
2026-08-03T16:30:00Z,210.621002,210.772003,210.600998,210.662994
2026-08-03T16:45:00Z,210.667999,210.682007,210.615005,210.621002
2026-08-03T17:00:00Z,210.628006,210.742996,210.604004,210.707001
2026-08-03T17:15:00Z,210.710007,210.742004,210.679993,210.722000
2026-08-03T17:30:00Z,210.712997,210.751007,210.626999,210.679993
2026-08-03T17:45:00Z,210.677002,210.722000,210.628998,210.709000
2026-08-03T18:00:00Z,210.709000,210.761993,210.630005,210.643997
2026-08-03T18:15:00Z,210.649994,210.667999,210.570999,210.645996
2026-08-03T18:30:00Z,210.643005,210.675003,210.567001,210.621002
2026-08-03T18:45:00Z,210.615997,210.688004,210.425003,210.565002
2026-08-03T19:00:00Z,210.565994,210.701996,210.529999,210.675995
2026-08-03T19:15:00Z,210.675995,210.731995,210.673004,210.701004
2026-08-03T19:30:00Z,210.701004,210.748993,210.692993,210.725998
2026-08-03T19:45:00Z,210.725998,210.824005,210.718002,210.796005
2026-08-03T20:00:00Z,210.798004,210.908005,210.792007,210.908005
2026-08-03T20:15:00Z,210.901993,211.130005,210.649002,211.056000
2026-08-03T20:30:00Z,211.057007,211.087997,210.934998,211.046005
2026-08-03T20:45:00Z,211.054001,211.188004,210.996002,211.082001
2026-08-03T21:00:00Z,211.065002,211.143005,210.923996,211.057999
2026-08-03T21:15:00Z,211.050995,211.115997,210.940994,211.003006
2026-08-03T21:30:00Z,210.940994,211.130005,210.940994,210.979004
2026-08-03T21:45:00Z,210.996994,211.108994,210.964005,211.061005
2026-08-03T22:00:00Z,211.054001,211.406998,211.018005,211.354004
2026-08-03T22:15:00Z,211.350998,211.386002,211.309006,211.345001
2026-08-03T22:30:00Z,211.339996,211.375000,211.222000,211.341003
2026-08-03T22:45:00Z,211.341003,211.360001,211.304001,211.326004
2026-08-03T23:00:00Z,211.306000,211.328995,211.240997,211.304001
2026-08-03T23:15:00Z,211.294998,211.347000,211.203003,211.324997
2026-08-03T23:30:00Z,211.330002,211.535004,211.324997,211.500000
2026-08-03T23:45:00Z,211.503006,211.660995,211.490997,211.518005
2026-08-04T00:00:00Z,211.516998,211.537994,211.304001,211.367996
2026-08-04T00:15:00Z,211.367996,211.401001,211.136993,211.263000
2026-08-04T00:30:00Z,211.278000,211.445999,211.257004,211.399002
2026-08-04T00:45:00Z,211.401001,211.516006,211.339005,211.425003
2026-08-04T01:00:00Z,211.421005,211.535995,211.416000,211.514999
2026-08-04T01:15:00Z,211.522003,211.524002,211.404007,211.501999
2026-08-04T01:30:00Z,211.500000,211.507004,211.360992,211.436996
2026-08-04T01:45:00Z,211.436996,211.636993,211.417007,211.623001
2026-08-04T02:00:00Z,211.632996,211.774002,211.606995,211.725998
2026-08-04T02:15:00Z,211.723999,211.798996,211.675003,211.751999
2026-08-04T02:30:00Z,211.751007,211.768997,211.695007,211.703003
2026-08-04T02:45:00Z,211.710999,211.845993,211.686005,211.766998
2026-08-04T03:00:00Z,211.759995,211.781006,211.675995,211.716003
2026-08-04T03:15:00Z,211.707993,211.718002,211.604996,211.669006
2026-08-04T03:30:00Z,211.656998,211.720993,211.468002,211.589005
2026-08-04T03:45:00Z,211.589996,211.673996,211.580994,211.664993
2026-08-04T04:00:00Z,211.656998,211.675995,211.584000,211.626007
2026-08-04T04:15:00Z,211.621002,211.675003,211.580002,211.600998
2026-08-04T04:30:00Z,211.602005,211.608994,211.403000,211.440994
2026-08-04T04:45:00Z,211.453995,211.541000,211.417999,211.516998
2026-08-04T05:00:00Z,211.507004,211.533005,211.440002,211.509995
2026-08-04T05:15:00Z,211.505997,211.576996,211.477997,211.542007
2026-08-04T05:30:00Z,211.539001,211.669006,211.522995,211.654999
2026-08-04T05:45:00Z,211.647995,211.727005,211.634003,211.718002
2026-08-04T06:00:00Z,211.716995,211.779007,211.628998,211.703003
2026-08-04T06:15:00Z,211.699005,211.740997,211.578995,211.737000
2026-08-04T06:30:00Z,211.725998,211.819000,211.673996,211.787003
2026-08-04T06:45:00Z,211.785995,211.841995,211.692001,211.733994
2026-08-04T07:00:00Z,211.729996,211.876999,211.718994,211.873001
2026-08-04T07:15:00Z,211.876007,211.886002,211.753006,211.813004
2026-08-04T07:30:00Z,211.819000,212.042007,211.737000,212.001999
2026-08-04T07:45:00Z,212.011002,212.067001,211.945007,212.029999
2026-08-04T08:00:00Z,212.029999,212.063004,211.972000,211.977997
2026-08-04T08:15:00Z,211.975998,212.029007,211.884003,211.992004
2026-08-04T08:30:00Z,211.998993,212.033005,211.947006,212.013000
2026-08-04T08:45:00Z,212.024002,212.128006,211.972000,212.108994
2026-08-04T09:00:00Z,212.115997,212.235992,212.091995,212.197006
2026-08-04T09:15:00Z,212.195007,212.227997,212.153000,212.194000
2026-08-04T09:30:00Z,212.199005,212.227005,212.145004,212.212997
2026-08-04T09:45:00Z,212.207993,212.313004,212.188995,212.255005
2026-08-04T10:00:00Z,212.250000,212.332001,212.182007,212.309998
2026-08-04T10:15:00Z,212.309998,212.324005,212.186996,212.192993
2026-08-04T10:30:00Z,212.192993,212.218994,212.093002,212.164993
2026-08-04T10:45:00Z,212.153000,212.216995,212.134003,212.141998
2026-08-04T11:00:00Z,212.141998,212.182999,212.074997,212.098999
2026-08-04T11:15:00Z,212.098007,212.123993,212.039001,212.087006
2026-08-04T11:30:00Z,212.084000,212.175995,211.923996,211.968994
2026-08-04T11:45:00Z,211.968002,211.988007,211.591003,211.731995
2026-08-04T12:00:00Z,211.727997,211.768997,211.503006,211.716003
2026-08-04T12:15:00Z,211.712997,211.891998,211.709000,211.856003
2026-08-04T12:30:00Z,211.835007,211.886002,211.787003,211.834000
2026-08-04T12:45:00Z,211.839005,211.860992,211.623001,211.753998
2026-08-04T13:00:00Z,211.757004,211.794998,211.677002,211.727005
2026-08-04T13:15:00Z,211.729996,211.759995,211.602005,211.608002
2026-08-04T13:30:00Z,211.606995,211.632996,211.431000,211.552994
2026-08-04T13:45:00Z,211.541000,211.710999,211.541000,211.651993
2026-08-04T14:00:00Z,211.598007,211.740005,211.539001,211.675003
2026-08-04T14:15:00Z,211.675003,211.850998,211.634003,211.822998
2026-08-04T14:30:00Z,211.826996,211.947006,211.794998,211.929993
2026-08-04T14:45:00Z,211.927002,211.966995,211.854996,211.856003
2026-08-04T15:00:00Z,211.863998,211.921005,211.770996,211.792007
2026-08-04T15:15:00Z,211.796997,211.878006,211.772995,211.835007
2026-08-04T15:30:00Z,211.832993,211.850006,211.688004,211.699997
2026-08-04T15:45:00Z,211.699997,211.860001,211.682999,211.813995
2026-08-04T16:00:00Z,211.813004,211.910995,211.802002,211.858994
2026-08-04T16:15:00Z,211.858994,211.867996,211.764008,211.811996
2026-08-04T16:30:00Z,211.809006,211.951996,211.798004,211.936005
2026-08-04T16:45:00Z,211.936005,211.962006,211.860992,211.871994
2026-08-04T17:00:00Z,211.871994,211.919998,211.835999,211.871994
2026-08-04T17:15:00Z,211.865005,211.923996,211.847000,211.863007
2026-08-04T17:30:00Z,211.869003,211.895004,211.837006,211.871002
2026-08-04T17:45:00Z,211.860992,211.891998,211.839005,211.863007
2026-08-04T18:00:00Z,211.876999,211.906998,211.856003,211.863007
2026-08-04T18:15:00Z,211.863007,211.955002,211.860992,211.912994
2026-08-04T18:30:00Z,211.919998,211.960999,211.889008,211.945007
2026-08-04T18:45:00Z,211.951004,212.082993,211.945007,212.054001
2026-08-04T19:00:00Z,212.052002,212.240005,212.052002,212.227997
2026-08-04T19:15:00Z,212.225006,212.244995,212.192001,212.227005
2026-08-04T19:30:00Z,212.225998,212.244003,212.177002,212.225998
2026-08-04T19:45:00Z,212.225998,212.274994,212.136993,212.186996
2026-08-04T20:00:00Z,212.192993,212.225998,212.164993,212.181000
2026-08-04T20:15:00Z,212.182007,212.184006,212.113007,212.166000
2026-08-04T20:30:00Z,212.164993,212.190002,212.145004,212.171005
2026-08-04T20:45:00Z,212.171005,212.210999,212.093994,212.164993
2026-08-04T21:00:00Z,212.076004,212.212006,212.029999,212.115997
2026-08-04T21:15:00Z,212.130005,212.298004,212.022003,212.028000
2026-08-04T21:30:00Z,212.028000,212.184998,212.020004,212.119995
2026-08-04T21:45:00Z,212.119995,212.281998,212.035995,212.057999
2026-08-04T22:00:00Z,212.048004,212.162003,212.048004,212.145004
2026-08-04T22:15:00Z,212.123993,212.197006,212.102005,212.167999
2026-08-04T22:30:00Z,212.167999,212.216995,212.154999,212.158997
2026-08-04T22:45:00Z,212.173996,212.188004,212.100006,212.130005
2026-08-04T23:00:00Z,212.160004,212.235992,212.117004,212.214996
2026-08-04T23:15:00Z,212.214996,212.242996,212.169998,212.207001
2026-08-04T23:30:00Z,212.188995,212.229004,212.169006,212.203003
2026-08-04T23:45:00Z,212.197006,212.218002,212.059998,212.106003
2026-08-05T00:00:00Z,212.112000,212.179001,212.078003,212.087006
2026-08-05T00:15:00Z,212.097000,212.138000,212.005997,212.104004
2026-08-05T00:30:00Z,212.095001,212.123001,212.003998,212.076996
2026-08-05T00:45:00Z,212.076996,212.087006,211.809998,211.916000
2026-08-05T01:00:00Z,211.916000,211.975998,211.867996,211.882004
2026-08-05T01:15:00Z,211.882996,211.951996,211.845001,211.938995
2026-08-05T01:30:00Z,211.947006,211.987000,211.903000,211.923996
2026-08-05T01:45:00Z,211.927994,211.968002,211.904999,211.955994
2026-08-05T02:00:00Z,211.947998,212.050003,211.889008,211.899002
2026-08-05T02:15:00Z,211.889008,211.921005,211.735001,211.843994
2026-08-05T02:30:00Z,211.839005,211.862000,211.692993,211.692993
2026-08-05T02:45:00Z,211.697006,211.847000,211.690002,211.824997
2026-08-05T03:00:00Z,211.819000,211.852997,211.783005,211.809998
2026-08-05T03:15:00Z,211.807007,211.869003,211.778000,211.850998
2026-08-05T03:30:00Z,211.837006,211.957001,211.837006,211.891998
2026-08-05T03:45:00Z,211.889999,211.904007,211.802002,211.817993
2026-08-05T04:00:00Z,211.807999,211.835999,211.770004,211.807007
2026-08-05T04:15:00Z,211.817993,211.867996,211.804001,211.845001
2026-08-05T04:30:00Z,211.843002,212.028000,211.843002,212.014008
2026-08-05T04:45:00Z,212.022003,212.143005,212.013000,212.106995
2026-08-05T05:00:00Z,212.106995,212.138000,212.074997,212.095001
2026-08-05T05:15:00Z,212.104004,212.130005,212.067001,212.100998
2026-08-05T05:30:00Z,212.100006,212.158005,212.070999,212.093994
2026-08-05T05:45:00Z,212.093002,212.153000,212.067001,212.115997
2026-08-05T06:00:00Z,212.106995,212.203003,212.059006,212.167999
2026-08-05T06:15:00Z,212.158997,212.240997,212.123993,212.173004
2026-08-05T06:30:00Z,212.164993,212.216995,212.016998,212.201004
2026-08-05T06:45:00Z,212.197998,212.320007,212.179993,212.259995
2026-08-05T07:00:00Z,212.259995,212.276001,212.177002,212.220001
2026-08-05T07:15:00Z,212.218994,212.266006,212.054993,212.205994
2026-08-05T07:30:00Z,212.203995,212.317001,212.192993,212.313004
2026-08-05T07:45:00Z,212.313004,212.401993,212.255997,212.401993
2026-08-05T08:00:00Z,212.358002,212.457001,212.319000,212.401993
2026-08-05T08:15:00Z,212.395996,212.496002,212.395996,212.470001
2026-08-05T08:30:00Z,212.472000,212.557999,212.401001,212.421005
2026-08-05T08:45:00Z,212.414001,212.423004,212.350998,212.362000
2026-08-05T09:00:00Z,212.362000,212.481995,212.317993,212.434006
2026-08-05T09:15:00Z,212.425003,212.460007,212.322998,212.453003
2026-08-05T09:30:00Z,212.445007,212.477997,212.360992,212.382996
2026-08-05T09:45:00Z,212.386002,212.453003,212.350998,212.434998
2026-08-05T10:00:00Z,212.431000,212.531006,212.417999,212.481003
2026-08-05T10:15:00Z,212.481003,212.522995,212.376007,212.410995
2026-08-05T10:30:00Z,212.406006,212.447998,212.350998,212.419998
2026-08-05T10:45:00Z,212.421005,212.421997,212.354996,212.369003
2026-08-05T11:00:00Z,212.375000,212.410995,212.328995,212.360992
2026-08-05T11:15:00Z,212.367996,212.382004,212.257996,212.311005
2026-08-05T11:30:00Z,212.319000,212.419998,212.289001,212.356995
2026-08-05T11:45:00Z,212.354004,212.419006,212.324997,212.363998
2026-08-05T12:00:00Z,212.369995,212.423004,212.255997,212.313004
2026-08-05T12:15:00Z,212.251007,212.358002,212.201996,212.341003
2026-08-05T12:30:00Z,212.341003,212.371994,212.285995,212.337997
2026-08-05T12:45:00Z,212.345001,212.354004,212.266998,212.309998
2026-08-05T13:00:00Z,212.309998,212.330994,212.210999,212.261993
2026-08-05T13:15:00Z,212.253998,212.360001,212.141006,212.274002
2026-08-05T13:30:00Z,212.266006,212.326996,212.035004,212.057007
2026-08-05T13:45:00Z,212.057007,212.158997,211.985001,212.106995
2026-08-05T14:00:00Z,212.095001,212.190002,212.042007,212.117996
2026-08-05T14:15:00Z,212.117996,212.320999,212.102997,212.264999
2026-08-05T14:30:00Z,212.266006,212.307007,212.214005,212.253998
2026-08-05T14:45:00Z,212.248993,212.371002,212.238007,212.276001
2026-08-05T15:00:00Z,212.274002,212.296005,212.167007,212.218002
2026-08-05T15:15:00Z,212.227997,212.246994,212.184006,212.201004
2026-08-05T15:30:00Z,212.199005,212.223007,212.154999,212.175995
2026-08-05T15:45:00Z,212.175995,212.259995,212.126999,212.235001
2026-08-05T16:00:00Z,212.240005,212.253006,212.177994,212.242004
2026-08-05T16:15:00Z,212.244003,212.294998,212.220001,212.244995
2026-08-05T16:30:00Z,212.251999,212.292007,212.231995,212.278000
2026-08-05T16:45:00Z,212.278000,212.335007,212.242004,212.315002
2026-08-05T17:00:00Z,212.315002,212.356003,212.246002,212.320007
2026-08-05T17:15:00Z,212.320999,212.371994,212.307007,212.350998
2026-08-05T17:30:00Z,212.352005,212.393997,212.332001,212.380997
2026-08-05T17:45:00Z,212.380997,212.421005,212.343002,212.391998
2026-08-05T18:00:00Z,212.391998,212.412994,212.335007,212.363007
2026-08-05T18:15:00Z,212.362000,212.401001,212.348007,212.363007
2026-08-05T18:30:00Z,212.363007,212.389999,212.332001,212.350006
2026-08-05T18:45:00Z,212.350006,212.391006,212.322006,212.358002
2026-08-05T19:00:00Z,212.358002,212.404007,212.347000,212.371002
2026-08-05T19:15:00Z,212.378006,212.399994,212.348999,212.380997
2026-08-05T19:30:00Z,212.376007,212.391006,212.315994,212.345001
2026-08-05T19:45:00Z,212.345001,212.378006,212.335999,212.345993
2026-08-05T20:00:00Z,212.350006,212.429001,212.339996,212.410004
2026-08-05T20:15:00Z,212.414993,212.466995,212.408005,212.457993
2026-08-05T20:30:00Z,212.457001,212.466003,212.419998,212.429993
2026-08-05T20:45:00Z,212.429993,212.488998,212.348999,212.404999
2026-08-05T21:00:00Z,212.389008,212.490005,212.283005,212.324005
2026-08-05T21:15:00Z,212.324997,212.464996,212.222000,212.296997
2026-08-05T21:30:00Z,212.373001,212.414993,212.242004,212.281998
2026-08-05T21:45:00Z,212.261002,212.414001,212.190994,212.240005
2026-08-05T22:00:00Z,212.238007,212.388000,212.238007,212.352005
2026-08-05T22:15:00Z,212.341995,212.395996,212.337997,212.369003
2026-08-05T22:30:00Z,212.341003,212.376007,212.332001,212.358002
2026-08-05T22:45:00Z,212.371002,212.378998,212.302994,212.315994
2026-08-05T23:00:00Z,212.322998,212.343002,212.287994,212.296005
2026-08-05T23:15:00Z,212.309998,212.322006,212.287994,212.306000
2026-08-05T23:30:00Z,212.306000,212.324997,212.264999,212.270004
2026-08-05T23:45:00Z,212.274994,212.320007,212.216995,212.278000
2026-08-06T00:00:00Z,212.278000,212.363998,212.276001,212.352005
2026-08-06T00:15:00Z,212.343002,212.403000,212.330002,212.348999
2026-08-06T00:30:00Z,212.354004,212.401001,212.347000,212.369003
2026-08-06T00:45:00Z,212.369003,212.488998,212.360001,212.399994
2026-08-06T01:00:00Z,212.397995,212.429993,212.335999,212.408005
2026-08-06T01:15:00Z,212.408005,212.451004,212.335999,212.348999
2026-08-06T01:30:00Z,212.348999,212.360992,212.274002,212.307007
2026-08-06T01:45:00Z,212.311996,212.356995,212.296997,212.350998
2026-08-06T02:00:00Z,212.339996,212.389008,212.300995,212.320007
2026-08-06T02:15:00Z,212.317993,212.382996,212.317001,212.358002
2026-08-06T02:30:00Z,212.363998,212.371994,212.324997,212.337997
2026-08-06T02:45:00Z,212.337997,212.358994,212.307999,212.326996
2026-08-06T03:00:00Z,212.330994,212.378006,212.322998,212.354996
2026-08-06T03:15:00Z,212.360992,212.363998,212.292999,212.317001
2026-08-06T03:30:00Z,212.324005,212.339996,212.287994,212.296005
2026-08-06T03:45:00Z,212.296005,212.311996,212.253006,212.300003
2026-08-06T04:00:00Z,212.306000,212.322006,212.285995,212.319000
2026-08-06T04:15:00Z,212.309006,212.320007,212.270004,212.292007
2026-08-06T04:30:00Z,212.291000,212.330994,212.274002,212.296005
2026-08-06T04:45:00Z,212.294998,212.319000,212.274002,212.315994
2026-08-06T05:00:00Z,212.311005,212.332001,212.274994,212.289993
2026-08-06T05:15:00Z,212.289993,212.296997,212.266998,212.287003
2026-08-06T05:30:00Z,212.285995,212.320999,212.266998,212.289001
2026-08-06T05:45:00Z,212.292999,212.384995,212.283005,212.350006
2026-08-06T06:00:00Z,212.367004,212.401993,212.352005,212.384003
2026-08-06T06:15:00Z,212.389008,212.462006,212.367996,212.425003
2026-08-06T06:30:00Z,212.425003,212.460007,212.358994,212.389008
2026-08-06T06:45:00Z,212.386002,212.434006,212.378006,212.425003
2026-08-06T07:00:00Z,212.425003,212.432007,212.268997,212.389008
2026-08-06T07:15:00Z,212.389008,212.399994,212.330994,212.363007
2026-08-06T07:30:00Z,212.358002,212.455994,212.347000,212.445007
2026-08-06T07:45:00Z,212.440994,212.496002,212.404999,212.473999
2026-08-06T08:00:00Z,212.466003,212.522995,212.445007,212.511993
2026-08-06T08:15:00Z,212.505005,212.563995,212.477997,212.490005
2026-08-06T08:30:00Z,212.488998,212.526001,212.455002,212.481995
2026-08-06T08:45:00Z,212.481995,212.514999,212.440994,212.507996
2026-08-06T09:00:00Z,212.509995,212.542007,212.468002,212.505997
2026-08-06T09:15:00Z,212.507004,212.533005,212.477005,212.498001
2026-08-06T09:30:00Z,212.498001,212.514999,212.365997,212.365997
2026-08-06T09:45:00Z,212.365997,212.442001,212.365997,212.434006
2026-08-06T10:00:00Z,212.429001,212.444000,212.365997,212.429993
2026-08-06T10:15:00Z,212.423996,212.490005,212.408997,212.473007
2026-08-06T10:30:00Z,212.473007,212.487000,212.429001,212.457993
2026-08-06T10:45:00Z,212.460007,212.531998,212.445999,212.505005
2026-08-06T11:00:00Z,212.507004,212.643005,212.507004,212.621002
2026-08-06T11:15:00Z,212.623993,212.641006,212.563995,212.576004
2026-08-06T11:30:00Z,212.576004,212.593994,212.533005,212.546997
2026-08-06T11:45:00Z,212.546997,212.617004,212.494995,212.602997
2026-08-06T12:00:00Z,212.606003,212.610992,212.509003,212.524994
2026-08-06T12:15:00Z,212.518005,212.643005,212.518005,212.587006
2026-08-06T12:30:00Z,212.585999,212.733002,212.559006,212.705994
2026-08-06T12:45:00Z,212.710007,212.718002,212.604004,212.677994
2026-08-06T13:00:00Z,212.682007,212.701996,212.628006,212.653000
2026-08-06T13:15:00Z,212.651001,212.710007,212.621994,212.658997
2026-08-06T13:30:00Z,212.656998,212.806000,212.643005,212.789001
2026-08-06T13:45:00Z,212.791000,212.794998,212.686996,212.753006
2026-08-06T14:00:00Z,212.759995,213.151001,212.753998,212.968002
2026-08-06T14:15:00Z,212.968002,213.104004,212.919998,213.085999
2026-08-06T14:30:00Z,213.085999,213.171997,212.998001,213.056000
2026-08-06T14:45:00Z,213.056000,213.121994,213.007996,213.031998
2026-08-06T15:00:00Z,213.031998,213.188004,213.020004,213.184006
2026-08-06T15:15:00Z,213.190002,213.225006,213.072998,213.108994
2026-08-06T15:30:00Z,213.106995,213.158005,213.046005,213.076996
2026-08-06T15:45:00Z,213.076996,213.194000,213.074997,213.160995
2026-08-06T16:00:00Z,213.160004,213.294998,213.160004,213.229996
2026-08-06T16:15:00Z,213.229996,213.264008,212.852997,213.210999
2026-08-06T16:30:00Z,213.212997,213.279999,213.194000,213.227005
2026-08-06T16:45:00Z,213.227005,213.298004,213.220001,213.283005
2026-08-06T17:00:00Z,213.279999,213.285995,213.199005,213.207993
2026-08-06T17:15:00Z,213.205994,213.214005,213.141998,213.169998
2026-08-06T17:30:00Z,213.164993,213.175995,213.136002,213.149002
2026-08-06T17:45:00Z,213.154007,213.156998,213.095993,213.136993
2026-08-06T18:00:00Z,213.136993,213.173996,213.113998,213.151993
2026-08-06T18:15:00Z,213.147003,213.179993,213.070007,213.098007
2026-08-06T18:30:00Z,213.104996,213.132996,213.065002,213.074005
2026-08-06T18:45:00Z,213.072006,213.082001,212.998001,213.050995
2026-08-06T19:00:00Z,213.050003,213.106995,213.029999,213.095001
2026-08-06T19:15:00Z,213.093002,213.158997,213.070007,213.136993
2026-08-06T19:30:00Z,213.139999,213.151993,213.091003,213.102005
2026-08-06T19:45:00Z,213.098007,213.162994,213.089005,213.117996
2026-08-06T20:00:00Z,213.123993,213.171997,213.108002,213.154999
2026-08-06T20:15:00Z,213.154999,213.186005,213.087006,213.115005
2026-08-06T20:30:00Z,213.115005,213.136002,213.091003,213.130005
2026-08-06T20:45:00Z,213.125000,213.199997,213.061005,213.136002
2026-08-06T21:00:00Z,213.052994,213.197998,213.029007,213.065994
2026-08-06T21:15:00Z,213.070999,213.233994,212.962006,213.084000
2026-08-06T21:30:00Z,213.089005,213.223007,212.938004,213.063004
2026-08-06T21:45:00Z,213.048004,213.209000,212.904007,213.145996
2026-08-06T22:00:00Z,213.162994,213.205994,213.046997,213.171005
2026-08-06T22:15:00Z,213.190994,213.192993,213.143005,213.158005
2026-08-06T22:30:00Z,213.143005,213.166000,213.108994,213.132996
2026-08-06T22:45:00Z,213.108994,213.169998,213.100998,213.141998
2026-08-06T23:00:00Z,213.138000,213.167999,213.082001,213.095001
2026-08-06T23:15:00Z,213.095001,213.139008,213.061996,213.128006
2026-08-06T23:30:00Z,213.119995,213.128998,213.078995,213.119995
2026-08-06T23:45:00Z,213.119995,213.145996,213.093002,213.139008
2026-08-07T00:00:00Z,213.141006,213.225998,213.128998,213.225998
2026-08-07T00:15:00Z,213.216003,213.235001,213.173996,213.201996
2026-08-07T00:30:00Z,213.203003,213.244995,213.175995,213.212006
2026-08-07T00:45:00Z,213.212006,213.263000,213.156006,213.203995
2026-08-07T01:00:00Z,213.203995,213.238007,213.072998,213.121994
2026-08-07T01:15:00Z,213.108994,213.123993,213.024994,213.102005
2026-08-07T01:30:00Z,213.091995,213.102997,212.850006,212.940994
2026-08-07T01:45:00Z,212.940994,213.007004,212.936996,212.990005
2026-08-07T02:00:00Z,212.990005,213.059006,212.979004,212.985992
2026-08-07T02:15:00Z,212.985992,213.039001,212.985992,213.011002
2026-08-07T02:30:00Z,213.011002,213.020004,212.968994,212.977997
2026-08-07T02:45:00Z,212.977997,213.050003,212.968002,213.033005
2026-08-07T03:00:00Z,213.033005,213.087997,213.020004,213.087006
2026-08-07T03:15:00Z,213.078003,213.089005,213.042999,213.059006
2026-08-07T03:30:00Z,213.052994,213.113998,213.044006,213.095993
2026-08-07T03:45:00Z,213.106003,213.128006,213.035995,213.089005
2026-08-07T04:00:00Z,213.089005,213.117996,213.054993,213.106995
2026-08-07T04:15:00Z,213.093994,213.119995,213.078995,213.100998
2026-08-07T04:30:00Z,213.110992,213.138000,213.072998,213.106003
2026-08-07T04:45:00Z,213.100998,213.132996,213.063004,213.063004
2026-08-07T05:00:00Z,213.063004,213.085999,213.048004,213.080002
2026-08-07T05:15:00Z,213.082993,213.100006,213.029999,213.042007
2026-08-07T05:30:00Z,213.029999,213.061005,213.011002,213.026001
2026-08-07T05:45:00Z,213.020996,213.048004,212.977997,212.990997
2026-08-07T06:00:00Z,212.988007,213.042007,212.953995,213.007996
2026-08-07T06:15:00Z,213.007996,213.052002,212.981003,213.007996
2026-08-07T06:30:00Z,213.003998,213.037994,212.949005,212.970993
2026-08-07T06:45:00Z,212.979996,213.061005,212.972000,213.046005
2026-08-07T07:00:00Z,213.044998,213.054001,212.940994,212.968994
2026-08-07T07:15:00Z,212.970993,213.026993,212.951996,212.988007
2026-08-07T07:30:00Z,212.994995,213.061005,212.968994,212.985001
2026-08-07T07:45:00Z,212.981995,213.108002,212.981995,213.016006
2026-08-07T08:00:00Z,213.022995,213.069000,213.003998,213.056000
2026-08-07T08:15:00Z,213.059998,213.091003,213.007996,213.026993
2026-08-07T08:30:00Z,213.020004,213.057999,212.934006,212.981003
2026-08-07T08:45:00Z,212.981003,213.018997,212.886993,212.886993
2026-08-07T09:00:00Z,212.884995,212.938004,212.863007,212.932007
2026-08-07T09:15:00Z,212.932007,212.945999,212.891998,212.899002
2026-08-07T09:30:00Z,212.897995,212.899002,212.789001,212.811005
2026-08-07T09:45:00Z,212.811005,212.893997,212.791000,212.858002
2026-08-07T10:00:00Z,212.850998,212.888000,212.798996,212.815994
2026-08-07T10:15:00Z,212.804001,212.880997,212.800003,212.845001
2026-08-07T10:30:00Z,212.852005,212.856995,212.634003,212.664993
2026-08-07T10:45:00Z,212.667007,212.761993,212.643997,212.714005
2026-08-07T11:00:00Z,212.714996,212.815994,212.714996,212.809998
2026-08-07T11:15:00Z,212.802002,212.869003,212.798004,212.830002
2026-08-07T11:30:00Z,212.830002,212.908997,212.830002,212.899002
2026-08-07T11:45:00Z,212.904007,212.944000,212.862000,212.942001
2026-08-07T12:00:00Z,212.938004,212.983994,212.893005,212.914001
2026-08-07T12:15:00Z,212.910004,213.018997,212.824005,212.888000
2026-08-07T12:30:00Z,212.886993,212.968002,211.419998,212.268997
2026-08-07T12:45:00Z,212.272003,212.472000,212.167007,212.468002
2026-08-07T13:00:00Z,212.462997,212.511993,212.300003,212.343994
2026-08-07T13:15:00Z,212.348007,212.569000,212.328995,212.552002
2026-08-07T13:30:00Z,212.554001,212.787003,212.542007,212.733994
2026-08-07T13:45:00Z,212.733994,212.798004,212.694000,212.783005
2026-08-07T14:00:00Z,212.781998,212.852005,212.699997,212.824997
2026-08-07T14:15:00Z,212.824997,212.966003,212.817993,212.897003
2026-08-07T14:30:00Z,212.899002,212.955002,212.809998,212.934998
2026-08-07T14:45:00Z,212.934998,213.056000,212.863998,213.011002
2026-08-07T15:00:00Z,213.018005,213.057999,212.901993,212.972000
2026-08-07T15:15:00Z,212.973999,212.988998,212.787994,212.804993
2026-08-07T15:30:00Z,212.804993,212.828003,212.503006,212.602005
2026-08-07T15:45:00Z,212.600006,212.692993,212.522995,212.623993
2026-08-07T16:00:00Z,212.621994,212.628006,212.490005,212.535995
2026-08-07T16:15:00Z,212.537994,212.617004,212.363007,212.423004
2026-08-07T16:30:00Z,212.423004,212.485992,212.365005,212.468002
2026-08-07T16:45:00Z,212.468002,212.516998,212.425003,212.498993
2026-08-07T17:00:00Z,212.498001,212.542999,212.449005,212.462006
2026-08-07T17:15:00Z,212.464996,212.475006,212.410004,212.427002
2026-08-07T17:30:00Z,212.427002,212.511993,212.410995,212.498993
2026-08-07T17:45:00Z,212.498993,212.535995,212.483994,212.526001
2026-08-07T18:00:00Z,212.526993,212.658997,212.498993,212.634995
2026-08-07T18:15:00Z,212.634995,212.707001,212.587006,212.664993
2026-08-07T18:30:00Z,212.664993,212.690994,212.621994,212.686996
2026-08-07T18:45:00Z,212.671997,212.686996,212.621994,212.658997
2026-08-07T19:00:00Z,212.654007,212.753998,212.630997,212.748993
2026-08-07T19:15:00Z,212.746994,212.759995,212.658997,212.669006
2026-08-07T19:30:00Z,212.669998,212.669998,212.595993,212.610992
2026-08-07T19:45:00Z,212.615005,212.669006,212.548996,212.660004
2026-08-07T20:00:00Z,212.662994,212.768997,212.626007,212.759003
2026-08-07T20:15:00Z,212.759003,212.856995,212.757004,212.787003
2026-08-07T20:30:00Z,212.789993,212.960007,212.774994,212.832993
2026-08-07T20:45:00Z,212.832993,212.925995,212.770996,212.834000
2026-08-07T21:00:00Z,212.884003,212.884003,212.884003,212.884003
2026-08-07T21:15:00Z,212.884003,212.884003,212.884003,212.884003
2026-08-09T23:00:00Z,213.013000,213.041000,212.959000,212.977005
2026-08-09T23:15:00Z,212.988007,213.024994,212.925995,212.953995
2026-08-09T23:30:00Z,212.938995,213.016006,212.917007,213.009003
2026-08-09T23:45:00Z,213.003006,213.033005,212.972000,212.985992
2026-08-10T00:00:00Z,212.992004,213.024002,212.953003,212.992996
2026-08-10T00:15:00Z,212.992996,213.046997,212.985001,213.020004
2026-08-10T00:30:00Z,213.028000,213.052994,212.996994,213.022003
2026-08-10T00:45:00Z,213.022003,213.102005,212.996002,213.070999
2026-08-10T01:00:00Z,213.070007,213.246002,213.048996,213.164993
2026-08-10T01:15:00Z,213.164993,213.279999,213.136002,213.253998
2026-08-10T01:30:00Z,213.253998,213.378006,213.235001,213.356003
2026-08-10T01:45:00Z,213.354996,213.514999,213.350998,213.479996
2026-08-10T02:00:00Z,213.479004,213.503998,213.432999,213.483994
2026-08-10T02:15:00Z,213.483994,213.503006,213.431000,213.440994
2026-08-10T02:30:00Z,213.432999,213.455994,213.412994,213.434006
2026-08-10T02:45:00Z,213.425995,213.444000,213.367996,213.373993
2026-08-10T03:00:00Z,213.376999,213.395996,213.296997,213.326004
2026-08-10T03:15:00Z,213.320007,213.328003,213.264999,213.272995
2026-08-10T03:30:00Z,213.272995,213.335007,213.264008,213.315002
2026-08-10T03:45:00Z,213.315002,213.341995,213.298996,213.320999
2026-08-10T04:00:00Z,213.317993,213.401001,213.315994,213.391998
2026-08-10T04:15:00Z,213.399994,213.436996,213.380005,213.431000
2026-08-10T04:30:00Z,213.421005,213.451004,213.414993,213.444000
2026-08-10T04:45:00Z,213.445007,213.574997,213.436005,213.563004
2026-08-10T05:00:00Z,213.561996,213.621994,213.533997,213.613998
2026-08-10T05:15:00Z,213.606995,213.630997,213.561996,213.567993
2026-08-10T05:30:00Z,213.561996,213.625000,213.557007,213.621994
2026-08-10T05:45:00Z,213.615005,213.660004,213.600998,213.649994
2026-08-10T06:00:00Z,213.653000,213.792007,213.651993,213.755997
2026-08-10T06:15:00Z,213.757004,213.809006,213.746994,213.792999
2026-08-10T06:30:00Z,213.792007,213.802994,213.712997,213.723999
2026-08-10T06:45:00Z,213.731003,213.742996,213.669006,213.727997
2026-08-10T07:00:00Z,213.725006,213.841995,213.712006,213.813995
2026-08-10T07:15:00Z,213.817001,213.837997,213.772003,213.787994
2026-08-10T07:30:00Z,213.783997,213.921005,213.783997,213.895996
2026-08-10T07:45:00Z,213.901993,213.932007,213.845001,213.886002
2026-08-10T08:00:00Z,213.886002,213.994003,213.824997,213.988007
2026-08-10T08:15:00Z,213.992004,214.018005,213.953003,214.003006
2026-08-10T08:30:00Z,214.001007,214.113998,213.992004,214.082993
2026-08-10T08:45:00Z,214.078003,214.263000,214.039993,214.237000
2026-08-10T09:00:00Z,214.237000,214.326996,214.237000,214.272003
2026-08-10T09:15:00Z,214.272003,214.302994,214.248001,214.289001
2026-08-10T09:30:00Z,214.294998,214.334000,214.238998,214.283005
2026-08-10T09:45:00Z,214.292007,214.421997,214.276001,214.367996
2026-08-10T10:00:00Z,214.362000,214.419006,214.326004,214.378998
2026-08-10T10:15:00Z,214.373993,214.401993,214.268997,214.315002
2026-08-10T10:30:00Z,214.315002,214.388000,214.266998,214.343994
2026-08-10T10:45:00Z,214.341003,214.376007,214.287003,214.371002
2026-08-10T11:00:00Z,214.363998,214.434006,214.324997,214.350998
2026-08-10T11:15:00Z,214.350998,214.382996,214.317993,214.337006
2026-08-10T11:30:00Z,214.337006,214.438995,214.324997,214.419006
2026-08-10T11:45:00Z,214.410995,214.445007,214.389008,214.408005
2026-08-10T12:00:00Z,214.412003,214.416000,213.841003,214.195007
2026-08-10T12:15:00Z,214.190002,214.268005,214.123001,214.207001
2026-08-10T12:30:00Z,214.207993,214.347000,214.184998,214.326996
2026-08-10T12:45:00Z,214.332001,214.522995,214.311996,214.479996
2026-08-10T13:00:00Z,214.481995,214.578995,214.453995,214.578003
2026-08-10T13:15:00Z,214.574005,214.664001,214.567993,214.593994
2026-08-10T13:30:00Z,214.597000,214.707001,214.593994,214.662994
2026-08-10T13:45:00Z,214.658997,214.738998,214.492004,214.737000
2026-08-10T14:00:00Z,214.731003,214.888000,214.703995,214.811996
2026-08-10T14:15:00Z,214.809998,214.820999,214.673004,214.776993
2026-08-10T14:30:00Z,214.768997,214.929001,214.764999,214.904999
2026-08-10T14:45:00Z,214.914001,214.994003,214.826004,214.886993
2026-08-10T15:00:00Z,214.886993,214.975998,214.800003,214.945999
2026-08-10T15:15:00Z,214.936996,214.957001,214.837006,214.865997
2026-08-10T15:30:00Z,214.871994,214.975006,214.852005,214.968002
2026-08-10T15:45:00Z,214.962997,214.977005,214.854004,214.916000
2026-08-10T16:00:00Z,214.912994,214.949005,214.899002,214.942001
2026-08-10T16:15:00Z,214.947006,214.947998,214.858002,214.912003
2026-08-10T16:30:00Z,214.912003,214.970993,214.865997,214.904999
2026-08-10T16:45:00Z,214.904999,214.940002,214.858994,214.904999
2026-08-10T17:00:00Z,214.910995,215.039001,214.897995,214.962997
2026-08-10T17:15:00Z,214.962997,214.983002,214.919006,214.936996
2026-08-10T17:30:00Z,214.938004,214.957001,214.906998,214.919998
2026-08-10T17:45:00Z,214.921997,214.957001,214.904007,214.927994
2026-08-10T18:00:00Z,214.931000,214.962006,214.889008,214.953003
2026-08-10T18:15:00Z,214.953003,215.022003,214.951996,214.988007
2026-08-10T18:30:00Z,214.987000,215.050003,214.910995,215.048996
2026-08-10T18:45:00Z,215.042999,215.237000,215.037003,215.108994
2026-08-10T19:00:00Z,215.108994,215.117996,215.069000,215.085999
2026-08-10T19:15:00Z,215.085999,215.143005,215.074997,215.143005
2026-08-10T19:30:00Z,215.139008,215.238998,215.138000,215.179993
2026-08-10T19:45:00Z,215.175995,215.192001,215.139008,215.171997
2026-08-10T20:00:00Z,215.171997,215.225006,215.169998,215.207001
2026-08-10T20:15:00Z,215.207001,215.223999,215.186996,215.194000
2026-08-10T20:30:00Z,215.194000,215.212997,215.169998,215.190994
2026-08-10T20:45:00Z,215.186996,215.194000,215.067001,215.132996
2026-08-10T21:00:00Z,215.130997,215.158005,214.759003,215.056000
2026-08-10T21:15:00Z,214.998001,215.171997,214.992996,215.057007
2026-08-10T21:30:00Z,215.082001,215.160004,214.944000,215.035995
2026-08-10T21:45:00Z,215.037003,215.156006,214.953995,215.026993
2026-08-10T22:00:00Z,215.059998,215.190994,215.013000,215.158997
2026-08-10T22:15:00Z,215.158997,215.184006,215.078995,215.128006
2026-08-10T22:30:00Z,215.128006,215.156006,215.085999,215.087997
2026-08-10T22:45:00Z,215.104996,215.143005,215.082993,215.134003
2026-08-10T23:00:00Z,215.113998,215.143005,215.104004,215.121002
2026-08-10T23:15:00Z,215.128998,215.139999,215.098999,215.112000
2026-08-10T23:30:00Z,215.112000,215.149994,215.112000,215.121002
2026-08-10T23:45:00Z,215.128998,215.128998,214.988998,215.028000
2026-08-11T00:00:00Z,215.022003,215.063995,214.987000,215.026993
2026-08-11T00:15:00Z,215.024994,215.117996,215.024994,215.115005
2026-08-11T00:30:00Z,215.108994,215.115997,214.785995,214.884003
2026-08-11T00:45:00Z,214.897995,215.026001,214.882004,215.011993
2026-08-11T01:00:00Z,215.020004,215.024002,214.910995,214.985992
2026-08-11T01:15:00Z,214.985001,215.001999,214.945999,214.962997
2026-08-11T01:30:00Z,214.966995,215.011002,214.947006,214.994995
2026-08-11T01:45:00Z,214.994003,215.097000,214.977997,215.039001
2026-08-11T02:00:00Z,215.039001,215.139008,215.018005,215.110992
2026-08-11T02:15:00Z,215.106003,215.160004,215.095993,215.123993
2026-08-11T02:30:00Z,215.123993,215.171005,215.110001,215.160995
2026-08-11T02:45:00Z,215.151993,215.164001,215.057999,215.074005
2026-08-11T03:00:00Z,215.072006,215.119995,215.026993,215.087997
2026-08-11T03:15:00Z,215.085007,215.110001,215.044998,215.063004
2026-08-11T03:30:00Z,215.063004,215.102997,215.037003,215.087997
2026-08-11T03:45:00Z,215.087997,215.098007,215.031998,215.076996
2026-08-11T04:00:00Z,215.078003,215.100006,215.056000,215.074005
2026-08-11T04:15:00Z,215.072006,215.091003,215.046997,215.078995
2026-08-11T04:30:00Z,215.076996,215.125000,215.063004,215.076996
2026-08-11T04:45:00Z,215.076996,215.128998,215.074997,215.080994
2026-08-11T05:00:00Z,215.080994,215.098007,215.029007,215.044006
2026-08-11T05:15:00Z,215.044006,215.067993,215.022003,215.022003
2026-08-11T05:30:00Z,215.033005,215.106003,214.994003,215.074005
2026-08-11T05:45:00Z,215.070007,215.126999,215.054001,215.117996
2026-08-11T06:00:00Z,215.121002,215.190994,215.097000,215.158997
2026-08-11T06:15:00Z,215.158997,215.169006,214.998001,215.042999
2026-08-11T06:30:00Z,215.042999,215.080002,214.979004,215.050995
2026-08-11T06:45:00Z,215.037994,215.050995,214.953995,215.005005
2026-08-11T07:00:00Z,215.007996,215.171005,215.005005,215.147003
2026-08-11T07:15:00Z,215.145004,215.147003,214.996002,215.014008
2026-08-11T07:30:00Z,215.018005,215.067993,214.960007,215.014008
2026-08-11T07:45:00Z,215.022003,215.095993,215.009003,215.074997
2026-08-11T08:00:00Z,215.080002,215.113007,215.022003,215.100998
2026-08-11T08:15:00Z,215.100998,215.132004,215.063995,215.072998
2026-08-11T08:30:00Z,215.067993,215.190994,215.067001,215.153000
2026-08-11T08:45:00Z,215.153000,215.210007,215.139008,215.186996
2026-08-11T09:00:00Z,215.186996,215.227005,215.115005,215.128006
2026-08-11T09:15:00Z,215.121994,215.147003,215.074997,215.093994
2026-08-11T09:30:00Z,215.093994,215.112000,215.072006,215.108002
2026-08-11T09:45:00Z,215.108994,215.121994,215.076004,215.091003
2026-08-11T10:00:00Z,215.085007,215.147003,215.065994,215.093002
2026-08-11T10:15:00Z,215.089005,215.102005,214.947006,214.996002
2026-08-11T10:30:00Z,214.996002,215.050003,214.988007,215.001007
2026-08-11T10:45:00Z,215.000000,215.018005,214.882004,214.923996
2026-08-11T11:00:00Z,214.921005,214.929001,214.751007,214.763000
2026-08-11T11:15:00Z,214.761002,214.914001,214.757004,214.891998
2026-08-11T11:30:00Z,214.891998,214.916000,214.845993,214.882996
2026-08-11T11:45:00Z,214.882996,214.912003,214.858002,214.873993
2026-08-11T12:00:00Z,214.880005,214.949997,214.867996,214.932007
2026-08-11T12:15:00Z,214.942001,215.052002,214.923004,215.001007
2026-08-11T12:30:00Z,215.001007,215.044998,214.945007,214.968002
2026-08-11T12:45:00Z,214.962006,215.024002,214.951996,214.998001
2026-08-11T13:00:00Z,214.994003,215.011993,214.886993,214.932007
2026-08-11T13:15:00Z,214.932999,214.975998,214.891006,214.955994
2026-08-11T13:30:00Z,214.947998,215.026993,214.912994,215.009995
2026-08-11T13:45:00Z,215.009003,215.052002,214.959000,214.964005
2026-08-11T14:00:00Z,214.968002,215.056000,214.938995,215.033005
2026-08-11T14:15:00Z,215.029007,215.076004,214.990997,215.028000
2026-08-11T14:30:00Z,215.029007,215.098007,215.016006,215.084000
2026-08-11T14:45:00Z,215.091003,215.115005,215.059006,215.095993
2026-08-11T15:00:00Z,215.091995,215.104004,215.022995,215.044006
2026-08-11T15:15:00Z,215.037003,215.154999,215.024002,215.145996
2026-08-11T15:30:00Z,215.147995,215.214005,215.121994,215.156006
2026-08-11T15:45:00Z,215.156998,215.222000,215.125000,215.218002
2026-08-11T16:00:00Z,215.218994,215.223999,215.078003,215.080002
2026-08-11T16:15:00Z,215.078003,215.098007,215.035004,215.070007
2026-08-11T16:30:00Z,215.078003,215.078995,215.020004,215.041000
2026-08-11T16:45:00Z,215.037994,215.108994,215.029007,215.095993
2026-08-11T17:00:00Z,215.095993,215.119995,215.014008,215.029999
2026-08-11T17:15:00Z,215.031006,215.091995,215.024002,215.072006
2026-08-11T17:30:00Z,215.069000,215.108994,215.059998,215.095993
2026-08-11T17:45:00Z,215.095993,215.113007,215.072006,215.098999
2026-08-11T18:00:00Z,215.098999,215.106995,215.052002,215.067993
2026-08-11T18:15:00Z,215.065994,215.070999,215.031006,215.039001
2026-08-11T18:30:00Z,215.042999,215.076996,215.029999,215.069000
2026-08-11T18:45:00Z,215.063995,215.082993,215.013000,215.061005
2026-08-11T19:00:00Z,215.052994,215.093994,215.050995,215.074997
2026-08-11T19:15:00Z,215.074997,215.128998,215.069000,215.119003
2026-08-11T19:30:00Z,215.119003,215.123001,215.082993,215.098007
2026-08-11T19:45:00Z,215.098007,215.182999,215.087997,215.160995
2026-08-11T20:00:00Z,215.160995,215.199997,215.126999,215.147995
2026-08-11T20:15:00Z,215.147003,215.151993,215.100006,215.106995
2026-08-11T20:30:00Z,215.106995,215.214005,215.106995,215.199005
2026-08-11T20:45:00Z,215.195999,215.210999,215.091995,215.093994
2026-08-11T21:00:00Z,215.102005,215.145996,214.983994,215.054001
2026-08-11T21:15:00Z,215.050003,215.130005,215.007004,215.044006
2026-08-11T21:30:00Z,215.035004,215.112000,215.007004,215.065994
2026-08-11T21:45:00Z,215.054993,215.154999,215.014008,215.132996
2026-08-11T22:00:00Z,215.132996,215.210007,215.037003,215.169006
2026-08-11T22:15:00Z,215.169006,215.210007,215.160995,215.197006
2026-08-11T22:30:00Z,215.175003,215.201004,215.132996,215.162994
2026-08-11T22:45:00Z,215.143005,215.169998,215.130005,215.156998
2026-08-11T23:00:00Z,215.156998,215.184006,215.149002,215.171997
2026-08-11T23:15:00Z,215.164001,215.201996,215.164001,215.184006
2026-08-11T23:30:00Z,215.177002,215.190002,215.123993,215.139999
2026-08-11T23:45:00Z,215.134003,215.173004,215.126999,215.156998
2026-08-12T00:00:00Z,215.156998,215.164001,215.078003,215.128998
2026-08-12T00:15:00Z,215.134003,215.147995,215.087006,215.139999
2026-08-12T00:30:00Z,215.139999,215.175003,215.134003,215.154007
2026-08-12T00:45:00Z,215.154007,215.261993,215.141006,215.227997
2026-08-12T01:00:00Z,215.227997,215.257996,215.151001,215.160004
2026-08-12T01:15:00Z,215.160995,215.190994,215.132004,215.181000
2026-08-12T01:30:00Z,215.181000,215.188004,215.143005,215.158005
2026-08-12T01:45:00Z,215.158005,215.214996,215.154007,215.192001
2026-08-12T02:00:00Z,215.192001,215.220993,215.166000,215.197998
2026-08-12T02:15:00Z,215.197006,215.268997,215.197006,215.253998
2026-08-12T02:30:00Z,215.253998,215.315002,215.244003,215.304001
2026-08-12T02:45:00Z,215.296997,215.311005,215.272003,215.294006
2026-08-12T03:00:00Z,215.287994,215.354996,215.283997,215.343002
2026-08-12T03:15:00Z,215.334000,215.378998,215.332001,215.375000
2026-08-12T03:30:00Z,215.371002,215.378998,215.322998,215.335007
2026-08-12T03:45:00Z,215.330994,215.354004,215.292999,215.307999
2026-08-12T04:00:00Z,215.311996,215.332993,215.289993,215.328995
2026-08-12T04:15:00Z,215.326004,215.335999,215.306000,215.307007
2026-08-12T04:30:00Z,215.313995,215.335999,215.251007,215.274994
2026-08-12T04:45:00Z,215.270996,215.322006,215.266998,215.317993
2026-08-12T05:00:00Z,215.313995,215.326996,215.291000,215.298004
2026-08-12T05:15:00Z,215.289001,215.296997,215.257004,215.278000
2026-08-12T05:30:00Z,215.276993,215.283005,215.158997,215.242004
2026-08-12T05:45:00Z,215.237000,215.298004,215.227997,215.289001
2026-08-12T06:00:00Z,215.287994,215.313995,215.242996,215.255005
2026-08-12T06:15:00Z,215.261993,215.272995,215.207001,215.259003
2026-08-12T06:30:00Z,215.259003,215.276993,215.233002,215.253006
2026-08-12T06:45:00Z,215.253006,215.302994,215.229996,215.298004
2026-08-12T07:00:00Z,215.298996,215.345993,215.246994,215.337997
2026-08-12T07:15:00Z,215.337997,215.356003,215.274002,215.309998
2026-08-12T07:30:00Z,215.309998,215.320007,215.248993,215.261993
2026-08-12T07:45:00Z,215.253998,215.292007,215.238998,215.276993
2026-08-12T08:00:00Z,215.276001,215.285995,215.222000,215.225998
2026-08-12T08:15:00Z,215.225998,215.283005,215.216995,215.272995
2026-08-12T08:30:00Z,215.274994,215.294006,215.190994,215.251999
2026-08-12T08:45:00Z,215.250000,215.292999,215.201996,215.242996
2026-08-12T09:00:00Z,215.235001,215.330994,215.235001,215.300003
2026-08-12T09:15:00Z,215.304993,215.307007,214.503006,214.975998
2026-08-12T09:30:00Z,214.973999,215.076996,214.929993,214.992004
2026-08-12T09:45:00Z,214.992004,215.065994,214.975998,215.061996
2026-08-12T10:00:00Z,215.054993,215.205002,215.052002,215.188995
2026-08-12T10:15:00Z,215.194000,215.244003,215.153000,215.199997
2026-08-12T10:30:00Z,215.199997,215.214005,215.117996,215.123001
2026-08-12T10:45:00Z,215.123993,215.186996,215.104996,215.132996
2026-08-12T11:00:00Z,215.126999,215.149002,215.067993,215.074997
2026-08-12T11:15:00Z,215.076004,215.123993,215.063004,215.123001
2026-08-12T11:30:00Z,215.117004,215.141006,215.067001,215.102997
2026-08-12T11:45:00Z,215.102997,215.223007,215.074997,215.201996
2026-08-12T12:00:00Z,215.201996,215.223999,215.031006,215.128006
2026-08-12T12:15:00Z,215.128998,215.149994,214.951004,215.026993
2026-08-12T12:30:00Z,215.022003,215.130997,214.701004,215.014999
2026-08-12T12:45:00Z,215.005005,215.175003,214.953995,214.979004
2026-08-12T13:00:00Z,214.981995,215.070999,214.867004,214.904007
2026-08-12T13:15:00Z,214.901001,214.955002,214.828995,214.921997
2026-08-12T13:30:00Z,214.921997,215.000000,214.886002,214.936996
2026-08-12T13:45:00Z,214.934998,215.089996,214.903000,215.067993
2026-08-12T14:00:00Z,215.063995,215.197006,215.052994,215.136002
2026-08-12T14:15:00Z,215.136002,215.194000,215.022003,215.048004
2026-08-12T14:30:00Z,215.054001,215.132004,214.973007,215.095001
2026-08-12T14:45:00Z,215.095001,215.158997,214.988007,215.059998
2026-08-12T15:00:00Z,215.061996,215.082001,214.996994,215.046005
2026-08-12T15:15:00Z,215.046005,215.087997,215.037994,215.069000
2026-08-12T15:30:00Z,215.072998,215.158005,215.059006,215.093994
2026-08-12T15:45:00Z,215.093002,215.132996,215.059998,215.106995
2026-08-12T16:00:00Z,215.106003,215.181000,215.067001,215.151001
2026-08-12T16:15:00Z,215.149994,215.158997,215.108994,215.126007
2026-08-12T16:30:00Z,215.126007,215.158997,215.110992,215.143997
2026-08-12T16:45:00Z,215.141998,215.160995,215.098007,215.117996
2026-08-12T17:00:00Z,215.119003,215.169006,215.115997,215.139008
2026-08-12T17:15:00Z,215.136002,215.164993,215.125000,215.153000
2026-08-12T17:30:00Z,215.154999,215.229996,215.153000,215.210999
2026-08-12T17:45:00Z,215.210999,215.251999,215.167999,215.190994
2026-08-12T18:00:00Z,215.194000,215.246002,215.166000,215.218002
2026-08-12T18:15:00Z,215.214005,215.233994,215.175003,215.188995
2026-08-12T18:30:00Z,215.188995,215.199997,215.134995,215.139008
2026-08-12T18:45:00Z,215.139008,215.156006,215.115997,215.119995
2026-08-12T19:00:00Z,215.117004,215.160004,215.108002,215.149994
2026-08-12T19:15:00Z,215.149994,215.171997,215.136002,215.154999
2026-08-12T19:30:00Z,215.151001,215.175003,215.123993,215.171997
2026-08-12T19:45:00Z,215.169998,215.197998,215.108002,215.194000
2026-08-12T20:00:00Z,215.186996,215.209000,215.132004,215.166000
2026-08-12T20:15:00Z,215.164001,215.173996,215.112000,215.125000
2026-08-12T20:30:00Z,215.126007,215.149994,215.084000,215.112000
2026-08-12T20:45:00Z,215.113998,215.149994,215.076004,215.098999
2026-08-12T21:00:00Z,215.074005,215.158997,215.014008,215.031006
2026-08-12T21:15:00Z,215.082001,215.173996,214.972000,215.065002
2026-08-12T21:30:00Z,215.061996,215.153000,214.994003,215.061996
2026-08-12T21:45:00Z,215.061996,215.167999,215.022995,215.033997
2026-08-12T22:00:00Z,215.102997,215.139999,215.020004,215.117004
2026-08-12T22:15:00Z,215.104004,215.134995,215.102997,215.117004
2026-08-12T22:30:00Z,215.106995,215.132996,215.093002,215.104004
2026-08-12T22:45:00Z,215.097000,215.115997,215.080002,215.102005
2026-08-12T23:00:00Z,215.098007,215.108994,215.067993,215.093994
2026-08-12T23:15:00Z,215.091995,215.100006,215.026001,215.054001
2026-08-12T23:30:00Z,215.052002,215.110992,215.041000,215.082993
2026-08-12T23:45:00Z,215.084000,215.095993,215.031998,215.052002
2026-08-13T00:00:00Z,215.052002,215.102997,215.013000,215.098999
2026-08-13T00:15:00Z,215.102997,215.123001,215.042007,215.052002
2026-08-13T00:30:00Z,215.057999,215.080994,214.962997,214.988007
2026-08-13T00:45:00Z,214.981003,215.052002,214.964996,215.037003
2026-08-13T01:00:00Z,215.037003,215.052994,215.000000,215.016998
2026-08-13T01:15:00Z,215.016006,215.054001,214.992004,215.048996
2026-08-13T01:30:00Z,215.042999,215.063995,214.985992,214.996002
2026-08-13T01:45:00Z,214.996002,215.018005,214.968002,215.000000
2026-08-13T02:00:00Z,214.988998,215.056000,214.981995,215.033005
2026-08-13T02:15:00Z,215.033005,215.072998,215.029007,215.054993
2026-08-13T02:30:00Z,215.054993,215.091003,215.029007,215.044006
2026-08-13T02:45:00Z,215.046997,215.069000,215.033997,215.035995
2026-08-13T03:00:00Z,215.035995,215.070007,215.013000,215.059006
2026-08-13T03:15:00Z,215.059006,215.106003,215.054001,215.104996
2026-08-13T03:30:00Z,215.100998,215.113007,215.072006,215.074005
2026-08-13T03:45:00Z,215.074005,215.112000,215.059998,215.067993
2026-08-13T04:00:00Z,215.065002,215.095993,215.059006,215.074005
2026-08-13T04:15:00Z,215.074997,215.087006,215.054001,215.056000
2026-08-13T04:30:00Z,215.056000,215.115997,215.033997,215.089005
2026-08-13T04:45:00Z,215.097000,215.097000,214.766006,214.908997
2026-08-13T05:00:00Z,214.908997,215.011002,214.876999,214.968002
2026-08-13T05:15:00Z,214.968002,215.052002,214.936005,215.039993
2026-08-13T05:30:00Z,215.037003,215.057999,214.998993,215.000000
2026-08-13T05:45:00Z,215.001007,215.016006,214.882004,214.912003
2026-08-13T06:00:00Z,214.914993,215.039993,214.824005,215.014008
2026-08-13T06:15:00Z,215.009995,215.042007,214.951996,214.957001
2026-08-13T06:30:00Z,214.964005,214.964005,214.828995,214.876999
2026-08-13T06:45:00Z,214.876999,214.916000,214.834000,214.880997
2026-08-13T07:00:00Z,214.878998,214.925003,214.779007,214.828995
2026-08-13T07:15:00Z,214.832001,214.919006,214.828995,214.908997
2026-08-13T07:30:00Z,214.910995,214.932999,214.841995,214.873001
2026-08-13T07:45:00Z,214.869995,214.914001,214.835999,214.863998
2026-08-13T08:00:00Z,214.863007,214.886002,214.807999,214.835999
2026-08-13T08:15:00Z,214.835999,214.858994,214.800003,214.845993
2026-08-13T08:30:00Z,214.845993,214.921997,214.839005,214.891006
2026-08-13T08:45:00Z,214.889999,214.891998,214.837006,214.852005
2026-08-13T09:00:00Z,214.848999,214.884995,214.817993,214.860992
2026-08-13T09:15:00Z,214.862000,214.970001,214.841995,214.960007
2026-08-13T09:30:00Z,214.960007,214.988007,214.927002,214.932007
2026-08-13T09:45:00Z,214.932007,214.970993,214.882004,214.960999
2026-08-13T10:00:00Z,214.966003,215.061005,214.951996,215.056000
2026-08-13T10:15:00Z,215.056000,215.091003,215.014999,215.063995
2026-08-13T10:30:00Z,215.063004,215.119003,215.033997,215.037003
2026-08-13T10:45:00Z,215.037003,215.042007,214.927002,214.938004
2026-08-13T11:00:00Z,214.945999,214.970993,214.875000,214.945999
2026-08-13T11:15:00Z,214.945999,214.960007,214.910995,214.959000
2026-08-13T11:30:00Z,214.957993,214.977997,214.927994,214.936005
2026-08-13T11:45:00Z,214.936005,214.996002,214.934006,214.970993
2026-08-13T12:00:00Z,214.970993,214.983994,214.923996,214.957001
2026-08-13T12:15:00Z,214.957001,214.998001,214.876007,214.953003
2026-08-13T12:30:00Z,214.927994,214.988998,214.813004,214.985001
2026-08-13T12:45:00Z,214.981003,215.050995,214.910995,215.016998
2026-08-13T13:00:00Z,215.018005,215.057999,214.962006,215.009003
2026-08-13T13:15:00Z,215.016998,215.076996,215.005997,215.070999
2026-08-13T13:30:00Z,215.065994,215.110001,215.016998,215.072006
2026-08-13T13:45:00Z,215.072006,215.080002,214.949005,214.979996
2026-08-13T14:00:00Z,214.981995,215.145996,214.792007,214.843994
2026-08-13T14:15:00Z,214.847000,214.942993,214.835999,214.897003
2026-08-13T14:30:00Z,214.895004,214.938995,214.856003,214.876999
2026-08-13T14:45:00Z,214.873993,215.022003,214.867996,214.988007
2026-08-13T15:00:00Z,214.994995,215.100006,214.977997,215.084000
2026-08-13T15:15:00Z,215.091995,215.106995,215.033005,215.080994
2026-08-13T15:30:00Z,215.080002,215.113007,215.007996,215.007996
2026-08-13T15:45:00Z,215.007996,215.078003,215.005005,215.050995
2026-08-13T16:00:00Z,215.048996,215.063995,214.981003,215.033005
2026-08-13T16:15:00Z,215.031998,215.056000,214.970993,215.042999
2026-08-13T16:30:00Z,215.039993,215.070007,214.970993,215.007004
2026-08-13T16:45:00Z,215.007004,215.089996,215.003006,215.070007
2026-08-13T17:00:00Z,215.065002,215.119995,215.001999,215.011993
2026-08-13T17:15:00Z,215.011993,215.061005,215.011002,215.059998
2026-08-13T17:30:00Z,215.059006,215.108994,215.044006,215.076004
2026-08-13T17:45:00Z,215.076004,215.095993,215.050995,215.054993
2026-08-13T18:00:00Z,215.059998,215.080002,215.022003,215.035995
2026-08-13T18:15:00Z,215.033997,215.069000,215.029007,215.059998
2026-08-13T18:30:00Z,215.056000,215.093994,215.052994,215.078995
2026-08-13T18:45:00Z,215.074997,215.093994,215.057999,215.072998
2026-08-13T19:00:00Z,215.072998,215.108002,215.065994,215.087006
2026-08-13T19:15:00Z,215.089005,215.121002,215.070007,215.119995
2026-08-13T19:30:00Z,215.117004,215.136993,215.093002,215.119995
2026-08-13T19:45:00Z,215.115005,215.147995,215.095001,215.141998
2026-08-13T20:00:00Z,215.139999,215.147003,215.106995,215.128998
2026-08-13T20:15:00Z,215.128998,215.184998,215.128006,215.167999
2026-08-13T20:30:00Z,215.158005,215.177002,215.145004,215.162003
2026-08-13T20:45:00Z,215.154999,215.162003,215.052994,215.063004
2026-08-13T21:00:00Z,215.063004,215.175995,214.936996,215.000000
2026-08-13T21:15:00Z,215.003998,215.119995,214.977005,215.041000
2026-08-13T21:30:00Z,215.024002,215.171997,214.996002,215.110992
2026-08-13T21:45:00Z,215.110001,215.156998,215.009003,215.052994
2026-08-13T22:00:00Z,215.089005,215.121994,214.998001,215.072006
2026-08-13T22:15:00Z,215.072006,215.134995,215.072006,215.134003
2026-08-13T22:30:00Z,215.121002,215.139999,215.087997,215.113007
2026-08-13T22:45:00Z,215.102005,215.121994,215.065002,215.074005
2026-08-13T23:00:00Z,215.091995,215.110001,215.057999,215.089005
2026-08-13T23:15:00Z,215.100006,215.113007,215.085999,215.100998
2026-08-13T23:30:00Z,215.098007,215.119003,215.080994,215.102005
2026-08-13T23:45:00Z,215.087006,215.110001,215.067993,215.070999
2026-08-14T00:00:00Z,215.070007,215.186005,215.031998,215.134995
2026-08-14T00:15:00Z,215.134995,215.149002,215.085999,215.098007
2026-08-14T00:30:00Z,215.098007,215.141006,215.091003,215.117996
2026-08-14T00:45:00Z,215.115005,215.160004,215.072006,215.110001
2026-08-14T01:00:00Z,215.110992,215.136993,215.072998,215.082001
2026-08-14T01:15:00Z,215.087997,215.126007,215.072998,215.100998
2026-08-14T01:30:00Z,215.097000,215.141006,215.082993,215.132996
2026-08-14T01:45:00Z,215.132996,215.154999,215.074997,215.082993
2026-08-14T02:00:00Z,215.074997,215.098999,215.070007,215.082993
2026-08-14T02:15:00Z,215.082993,215.097000,215.048004,215.052002
2026-08-14T02:30:00Z,215.052002,215.072998,215.037003,215.065002
2026-08-14T02:45:00Z,215.065002,215.085999,215.024002,215.035004
2026-08-14T03:00:00Z,215.035995,215.046005,214.998993,215.026001
2026-08-14T03:15:00Z,215.031006,215.074005,215.022003,215.046997
2026-08-14T03:30:00Z,215.054993,215.093002,215.044998,215.067001
2026-08-14T03:45:00Z,215.070007,215.097000,215.054001,215.076004
2026-08-14T04:00:00Z,215.078003,215.095993,215.052994,215.067001
2026-08-14T04:15:00Z,215.065994,215.091003,215.054001,215.057007
2026-08-14T04:30:00Z,215.057007,215.134003,215.052002,215.065002
2026-08-14T04:45:00Z,215.063004,215.087006,215.063004,215.074005
2026-08-14T05:00:00Z,215.074005,215.093994,215.042999,215.050003
2026-08-14T05:15:00Z,215.042999,215.074997,215.020004,215.072006
2026-08-14T05:30:00Z,215.072998,215.078995,214.876007,214.988998
2026-08-14T05:45:00Z,214.992004,215.054001,214.985001,215.009995
2026-08-14T06:00:00Z,215.003006,215.028000,214.873993,214.953995
2026-08-14T06:15:00Z,214.953003,215.018997,214.934998,215.001007
2026-08-14T06:30:00Z,215.005997,215.056000,214.983002,215.033997
2026-08-14T06:45:00Z,215.022995,215.054001,214.990005,215.044998
2026-08-14T07:00:00Z,215.048996,215.112000,215.024002,215.095993
2026-08-14T07:15:00Z,215.102005,215.136993,215.074997,215.100006
2026-08-14T07:30:00Z,215.100006,215.145996,215.067993,215.119995
2026-08-14T07:45:00Z,215.110992,215.164001,215.100998,215.115997
2026-08-14T08:00:00Z,215.115997,215.197006,215.112000,215.173004
2026-08-14T08:15:00Z,215.173996,215.216003,215.117996,215.164993
2026-08-14T08:30:00Z,215.160995,215.194000,215.078003,215.175003
2026-08-14T08:45:00Z,215.167007,215.261002,215.145004,215.240005
2026-08-14T09:00:00Z,215.240997,215.272995,215.154999,215.156006
2026-08-14T09:15:00Z,215.156006,215.240005,215.132996,215.229004
2026-08-14T09:30:00Z,215.229004,215.251999,215.177994,215.190002
2026-08-14T09:45:00Z,215.192993,215.244003,215.160995,215.233002
2026-08-14T10:00:00Z,215.237000,215.266998,215.192993,215.233994
2026-08-14T10:15:00Z,215.229004,215.309998,215.229004,215.292007
2026-08-14T10:30:00Z,215.292007,215.328995,215.279007,215.324005
2026-08-14T10:45:00Z,215.324005,215.345001,215.298004,215.324997
2026-08-14T11:00:00Z,215.326004,215.376007,215.311996,215.363998
2026-08-14T11:15:00Z,215.363007,215.410995,215.324005,215.386993
2026-08-14T11:30:00Z,215.386993,215.460999,215.360992,215.384995
2026-08-14T11:45:00Z,215.384995,215.434998,215.348007,215.350006
2026-08-14T12:00:00Z,215.348999,215.352997,215.126007,215.276993
2026-08-14T12:15:00Z,215.266998,215.276001,214.987000,215.039001
2026-08-14T12:30:00Z,215.042999,215.110992,214.882004,215.082993
2026-08-14T12:45:00Z,215.084000,215.171997,215.048004,215.149994
2026-08-14T13:00:00Z,215.149994,215.315994,215.123001,215.313004
2026-08-14T13:15:00Z,215.317001,215.358002,215.250000,215.307007
2026-08-14T13:30:00Z,215.306000,215.373001,215.235001,215.307999
2026-08-14T13:45:00Z,215.296997,215.479996,215.285995,215.373993
2026-08-14T14:00:00Z,215.375000,215.563995,215.348999,215.470993
2026-08-14T14:15:00Z,215.466003,215.542007,215.457001,215.509003
2026-08-14T14:30:00Z,215.514999,215.518997,215.425003,215.425003
2026-08-14T14:45:00Z,215.425003,215.498001,215.376999,215.455994
2026-08-14T15:00:00Z,215.451004,215.533997,215.397995,215.520004
2026-08-14T15:15:00Z,215.522003,215.585007,215.501999,215.582993
2026-08-14T15:30:00Z,215.580002,215.699997,215.572998,215.692993
2026-08-14T15:45:00Z,215.694000,215.802002,215.682999,215.796997
2026-08-14T16:00:00Z,215.796005,215.893997,215.789993,215.815002
2026-08-14T16:15:00Z,215.804993,215.880997,215.798004,215.867996
2026-08-14T16:30:00Z,215.862000,215.878006,215.815002,215.841003
2026-08-14T16:45:00Z,215.843002,215.848007,215.748001,215.766998
2026-08-14T17:00:00Z,215.759003,215.772995,215.654007,215.666000
2026-08-14T17:15:00Z,215.666000,215.684006,215.606003,215.615005
2026-08-14T17:30:00Z,215.619003,215.671005,215.606003,215.617996
2026-08-14T17:45:00Z,215.615005,215.662994,215.598999,215.645996
2026-08-14T18:00:00Z,215.645996,215.660004,215.623993,215.647003
2026-08-14T18:15:00Z,215.651993,215.699005,215.645004,215.697006
2026-08-14T18:30:00Z,215.694000,215.710007,215.675995,215.688995
2026-08-14T18:45:00Z,215.688995,215.727005,215.675995,215.688995
2026-08-14T19:00:00Z,215.686005,215.723999,215.669998,215.722000
2026-08-14T19:15:00Z,215.720993,215.735992,215.699005,215.720993
2026-08-14T19:30:00Z,215.729004,215.738998,215.692001,215.720993
2026-08-14T19:45:00Z,215.723999,215.744003,215.667007,215.686996
2026-08-14T20:00:00Z,215.686996,215.695999,215.653000,215.675003
2026-08-14T20:15:00Z,215.681000,215.692001,215.651001,215.656006
2026-08-14T20:30:00Z,215.656006,215.664993,215.610001,215.630005
2026-08-14T20:45:00Z,215.630997,215.677994,215.490997,215.544006
2026-08-14T21:00:00Z,215.667007,215.667007,215.667007,215.667007
2026-08-14T21:15:00Z,215.667007,215.667007,215.667007,215.667007
2026-08-16T23:00:00Z,215.522995,215.621994,215.518005,215.610992
2026-08-16T23:15:00Z,215.610001,215.660004,215.606003,215.625000
2026-08-16T23:30:00Z,215.626007,215.643997,215.582993,215.604004
2026-08-16T23:45:00Z,215.600998,215.699997,215.598999,215.686005
2026-08-17T00:00:00Z,215.682999,215.742004,215.638000,215.673996
2026-08-17T00:15:00Z,215.673996,215.679001,215.539001,215.608994
2026-08-17T00:30:00Z,215.612000,215.619003,215.557999,215.593002
2026-08-17T00:45:00Z,215.593994,215.632996,215.520996,215.548004
2026-08-17T01:00:00Z,215.546005,215.597000,215.514999,215.542999
2026-08-17T01:15:00Z,215.539993,215.587006,215.520004,215.544998
2026-08-17T01:30:00Z,215.546997,215.630997,215.531006,215.628006
2026-08-17T01:45:00Z,215.628006,215.641998,215.591003,215.600998
2026-08-17T02:00:00Z,215.597000,215.613998,215.537994,215.542999
2026-08-17T02:15:00Z,215.546997,215.552002,215.455002,215.516998
2026-08-17T02:30:00Z,215.516998,215.550995,215.468002,215.509995
2026-08-17T02:45:00Z,215.509003,215.520004,215.479004,215.485992
2026-08-17T03:00:00Z,215.494995,215.548996,215.485992,215.541000
2026-08-17T03:15:00Z,215.531998,215.559006,215.518005,215.544998
2026-08-17T03:30:00Z,215.544998,215.591995,215.542007,215.585007
2026-08-17T03:45:00Z,215.585007,215.621994,215.572006,215.600006
2026-08-17T04:00:00Z,215.595993,215.626007,215.576004,215.617996
2026-08-17T04:15:00Z,215.621002,215.662003,215.602005,215.647995
2026-08-17T04:30:00Z,215.643997,215.664001,215.576996,215.598007
2026-08-17T04:45:00Z,215.598007,215.632004,215.576004,215.621002
2026-08-17T05:00:00Z,215.619995,215.630997,215.591003,215.598999
2026-08-17T05:15:00Z,215.608994,215.608994,215.539993,215.567001
2026-08-17T05:30:00Z,215.567001,215.600006,215.473007,215.522995
2026-08-17T05:45:00Z,215.526001,215.636002,215.524002,215.613998
2026-08-17T06:00:00Z,215.612000,215.630005,215.563004,215.602997
2026-08-17T06:15:00Z,215.602997,215.615005,215.539993,215.561996
2026-08-17T06:30:00Z,215.559998,215.576996,215.505005,215.541000
2026-08-17T06:45:00Z,215.542999,215.565002,215.501007,215.520004
2026-08-17T07:00:00Z,215.520996,215.548004,215.401993,215.460999
2026-08-17T07:15:00Z,215.462006,215.587997,215.429993,215.539993
2026-08-17T07:30:00Z,215.537994,215.604996,215.528000,215.552002
2026-08-17T07:45:00Z,215.557999,215.632996,215.509995,215.582993
2026-08-17T08:00:00Z,215.582993,215.660004,215.554993,215.623001
2026-08-17T08:15:00Z,215.623001,215.716995,215.623001,215.684998
2026-08-17T08:30:00Z,215.686005,215.757004,215.636993,215.714005
2026-08-17T08:45:00Z,215.707993,215.731003,215.563004,215.675003
2026-08-17T09:00:00Z,215.667999,215.744003,215.658997,215.666000
2026-08-17T09:15:00Z,215.666000,215.753006,215.647003,215.733002
2026-08-17T09:30:00Z,215.729996,215.802994,215.722000,215.779007
2026-08-17T09:45:00Z,215.781006,215.850998,215.748001,215.804001
2026-08-17T10:00:00Z,215.804993,215.854996,215.785995,215.820999
2026-08-17T10:15:00Z,215.822998,215.860001,215.789993,215.813004
2026-08-17T10:30:00Z,215.809998,215.841995,215.774994,215.792999
2026-08-17T10:45:00Z,215.789993,215.815994,215.764999,215.796997
2026-08-17T11:00:00Z,215.792999,215.847000,215.770996,215.796005
2026-08-17T11:15:00Z,215.796005,215.906006,215.781006,215.899994
2026-08-17T11:30:00Z,215.899994,215.908997,215.826996,215.854004
2026-08-17T11:45:00Z,215.854004,215.886993,215.828003,215.860992
2026-08-17T12:00:00Z,215.860992,215.917007,215.835999,215.912994
2026-08-17T12:15:00Z,215.908005,215.936005,215.742004,215.889999
2026-08-17T12:30:00Z,215.893997,215.934998,215.746994,215.929001
2026-08-17T12:45:00Z,215.929001,215.947998,215.871994,215.940002
2026-08-17T13:00:00Z,215.936996,216.037994,215.917007,215.983994
2026-08-17T13:15:00Z,215.983994,216.042007,215.964996,215.998993
2026-08-17T13:30:00Z,215.998993,216.082993,215.994003,216.007004
2026-08-17T13:45:00Z,216.007004,216.020996,215.917999,215.955994
2026-08-17T14:00:00Z,215.953003,216.022003,215.945999,216.014008
2026-08-17T14:15:00Z,216.018997,216.042999,215.927994,215.944000
2026-08-17T14:30:00Z,215.942993,215.955002,215.852997,215.858994
2026-08-17T14:45:00Z,215.858002,215.904999,215.806000,215.873001
2026-08-17T15:00:00Z,215.875000,215.953003,215.850006,215.921005
2026-08-17T15:15:00Z,215.921005,216.005997,215.917999,216.001007
2026-08-17T15:30:00Z,216.001007,216.052002,215.985992,216.009995
2026-08-17T15:45:00Z,216.014008,216.113007,216.000000,216.091995
2026-08-17T16:00:00Z,216.091995,216.119995,216.065002,216.074997
2026-08-17T16:15:00Z,216.074997,216.130997,216.074997,216.108002
2026-08-17T16:30:00Z,216.108002,216.154999,216.106003,216.117996
2026-08-17T16:45:00Z,216.117004,216.119003,216.054993,216.074005
2026-08-17T17:00:00Z,216.065994,216.091003,216.044998,216.059998
2026-08-17T17:15:00Z,216.059006,216.104004,216.056000,216.089996
2026-08-17T17:30:00Z,216.089996,216.134995,216.011002,216.028000
2026-08-17T17:45:00Z,216.024994,216.054993,215.996994,216.013000
2026-08-17T18:00:00Z,216.013000,216.046997,215.996994,216.007996
2026-08-17T18:15:00Z,216.009003,216.074005,216.007996,216.048996
2026-08-17T18:30:00Z,216.048996,216.063004,215.988007,216.007004
2026-08-17T18:45:00Z,216.009995,216.054993,215.998001,216.050003
2026-08-17T19:00:00Z,216.048996,216.063995,215.955994,215.975998
2026-08-17T19:15:00Z,215.970993,215.990005,215.906006,215.919006
2026-08-17T19:30:00Z,215.910004,215.936005,215.886993,215.934998
2026-08-17T19:45:00Z,215.932007,215.968002,215.919006,215.955002
2026-08-17T20:00:00Z,215.962997,215.998001,215.951004,215.981995
2026-08-17T20:15:00Z,215.987000,216.005005,215.955994,215.990005
2026-08-17T20:30:00Z,215.992004,216.016006,215.962997,215.972000
2026-08-17T20:45:00Z,215.973007,215.996002,215.848007,215.927994
2026-08-17T21:00:00Z,215.910004,216.069000,215.841995,215.875000
2026-08-17T21:15:00Z,215.897003,216.057007,215.731995,215.804001
2026-08-17T21:30:00Z,215.811005,215.953995,215.735992,215.875000
2026-08-17T21:45:00Z,215.876007,215.973999,215.716003,215.826996
2026-08-17T22:00:00Z,215.826996,215.979996,215.794006,215.964005
2026-08-17T22:15:00Z,215.975998,215.981003,215.897003,215.925003
2026-08-17T22:30:00Z,215.917999,215.929993,215.886002,215.917999
2026-08-17T22:45:00Z,215.912994,215.921997,215.891006,215.897003
2026-08-17T23:00:00Z,215.899002,215.910004,215.848999,215.889008
2026-08-17T23:15:00Z,215.886993,215.901993,215.880997,215.897003
2026-08-17T23:30:00Z,215.897003,215.912994,215.867996,215.893005
2026-08-17T23:45:00Z,215.893005,215.914993,215.880005,215.897003
2026-08-18T00:00:00Z,215.889999,215.983002,215.886002,215.968994
2026-08-18T00:15:00Z,215.968002,216.013000,215.960007,215.979004
2026-08-18T00:30:00Z,215.990005,216.091995,215.979004,216.085999
2026-08-18T00:45:00Z,216.087006,216.108994,216.003006,216.022003
2026-08-18T01:00:00Z,216.029007,216.085007,216.018997,216.029999
2026-08-18T01:15:00Z,216.031998,216.054993,215.992996,216.020996
2026-08-18T01:30:00Z,216.026001,216.065994,215.983994,215.992996
2026-08-18T01:45:00Z,215.998001,216.069000,215.979004,216.059006
2026-08-18T02:00:00Z,216.059006,216.098999,216.039993,216.044006
2026-08-18T02:15:00Z,216.048004,216.059006,215.957993,215.970993
2026-08-18T02:30:00Z,215.968994,216.005005,215.932999,215.994995
2026-08-18T02:45:00Z,215.994995,216.020004,215.983994,215.996002
2026-08-18T03:00:00Z,215.996994,216.013000,215.968002,215.968994
2026-08-18T03:15:00Z,215.968994,215.979004,215.904999,215.945007
2026-08-18T03:30:00Z,215.942001,215.983994,215.923004,215.977005
2026-08-18T03:45:00Z,215.977005,215.981003,215.929001,215.951996
2026-08-18T04:00:00Z,215.959000,216.087006,215.944000,216.050995
2026-08-18T04:15:00Z,216.050995,216.171997,216.044998,216.169006
2026-08-18T04:30:00Z,216.169006,216.216003,216.151001,216.156998
2026-08-18T04:45:00Z,216.156998,216.203003,216.134995,216.149002
2026-08-18T05:00:00Z,216.149002,216.167007,216.108994,216.167007
2026-08-18T05:15:00Z,216.160995,216.184998,216.123001,216.164993
2026-08-18T05:30:00Z,216.160995,216.177994,216.139999,216.151001
2026-08-18T05:45:00Z,216.151001,216.164993,216.054001,216.093002
2026-08-18T06:00:00Z,216.098007,216.199997,215.947998,216.018997
2026-08-18T06:15:00Z,216.018997,216.171997,216.018005,216.141006
2026-08-18T06:30:00Z,216.143005,216.143997,216.089996,216.100006
2026-08-18T06:45:00Z,216.098999,216.117004,216.009995,216.042007
2026-08-18T07:00:00Z,216.044998,216.069000,215.972000,215.992004
2026-08-18T07:15:00Z,215.988998,216.050003,215.968994,216.035004
2026-08-18T07:30:00Z,216.029007,216.098999,216.026001,216.061996
2026-08-18T07:45:00Z,216.065002,216.084000,216.013000,216.076996
2026-08-18T08:00:00Z,216.070007,216.078003,215.998001,216.022995
2026-08-18T08:15:00Z,216.022995,216.085007,216.001999,216.078995
2026-08-18T08:30:00Z,216.076996,216.098007,215.988007,215.990005
2026-08-18T08:45:00Z,215.990997,216.067001,215.985001,216.059006
2026-08-18T09:00:00Z,216.059998,216.067001,216.003998,216.005997
2026-08-18T09:15:00Z,216.005997,216.011993,215.955994,215.985001
2026-08-18T09:30:00Z,215.985992,215.998993,215.925995,215.959000
2026-08-18T09:45:00Z,215.959000,216.005997,215.955994,215.983002
2026-08-18T10:00:00Z,215.975006,215.983994,215.917007,215.968994
2026-08-18T10:15:00Z,215.962997,216.026001,215.951004,216.018997
2026-08-18T10:30:00Z,216.014999,216.037994,215.975998,215.992004
2026-08-18T10:45:00Z,215.992004,216.067993,215.970993,216.003998
2026-08-18T11:00:00Z,216.013000,216.039993,215.979004,216.003006
2026-08-18T11:15:00Z,216.003006,216.028000,215.957001,215.962997
2026-08-18T11:30:00Z,215.968002,216.009995,215.955002,215.957993
2026-08-18T11:45:00Z,215.957001,216.031998,215.953995,216.022003
2026-08-18T12:00:00Z,216.020004,216.026001,215.966003,215.992004
2026-08-18T12:15:00Z,215.990997,216.031006,215.968994,215.981003
2026-08-18T12:30:00Z,215.973999,216.044998,215.949997,216.022995
2026-08-18T12:45:00Z,216.020996,216.076004,216.003006,216.048996
2026-08-18T13:00:00Z,216.042007,216.102005,216.042007,216.084000
2026-08-18T13:15:00Z,216.089996,216.108994,216.033997,216.074997
2026-08-18T13:30:00Z,216.076004,216.123001,216.052994,216.102997
2026-08-18T13:45:00Z,216.110001,216.110992,215.977005,216.074005
2026-08-18T14:00:00Z,216.074997,216.104004,215.981995,216.037994
2026-08-18T14:15:00Z,216.037994,216.072998,215.975006,215.987000
2026-08-18T14:30:00Z,215.990997,216.082993,215.970001,216.076996
2026-08-18T14:45:00Z,216.069000,216.147995,216.026993,216.078003
2026-08-18T15:00:00Z,216.074997,216.106003,215.994003,216.052994
2026-08-18T15:15:00Z,216.052994,216.110992,216.033997,216.104996
2026-08-18T15:30:00Z,216.104996,216.117004,216.052994,216.063995
2026-08-18T15:45:00Z,216.063995,216.134003,216.031998,216.132996
2026-08-18T16:00:00Z,216.128998,216.134003,216.089005,216.104996
2026-08-18T16:15:00Z,216.104996,216.149002,216.087997,216.128998
2026-08-18T16:30:00Z,216.134003,216.173004,216.123993,216.130005
2026-08-18T16:45:00Z,216.128998,216.136002,216.065002,216.067001
2026-08-18T17:00:00Z,216.070007,216.072998,215.985992,216.003998
2026-08-18T17:15:00Z,216.003006,216.050003,216.001007,216.026001
2026-08-18T17:30:00Z,216.026001,216.039001,215.998001,216.026001
2026-08-18T17:45:00Z,216.024002,216.041000,215.998993,216.011993
2026-08-18T18:00:00Z,216.013000,216.016006,215.979996,216.000000
2026-08-18T18:15:00Z,216.001007,216.039993,215.994995,216.031006
2026-08-18T18:30:00Z,216.031006,216.046005,216.022003,216.022995
2026-08-18T18:45:00Z,216.024994,216.033997,215.979996,216.000000
2026-08-18T19:00:00Z,216.003998,216.026993,215.975998,216.022995
2026-08-18T19:15:00Z,216.016006,216.037994,215.998001,216.035004
2026-08-18T19:30:00Z,216.033005,216.074005,216.024002,216.059998
2026-08-18T19:45:00Z,216.056000,216.069000,216.016006,216.031006
2026-08-18T20:00:00Z,216.037994,216.044006,216.007004,216.018997
2026-08-18T20:15:00Z,216.016006,216.020996,215.979004,215.998993
2026-08-18T20:30:00Z,216.001999,216.035004,215.996994,216.029999
2026-08-18T20:45:00Z,216.031006,216.046997,215.914993,215.970001
2026-08-18T21:00:00Z,215.973007,216.069000,215.800995,215.975006
2026-08-18T21:15:00Z,215.968002,216.080002,215.925003,215.985992
2026-08-18T21:30:00Z,215.973999,216.059006,215.863998,215.884995
2026-08-18T21:45:00Z,215.873993,216.022003,215.826996,215.983002
2026-08-18T22:00:00Z,215.970993,216.031006,215.871994,215.992996
2026-08-18T22:15:00Z,215.992004,216.011993,215.947006,215.996002
2026-08-18T22:30:00Z,215.992004,216.005005,215.947998,215.964005
2026-08-18T22:45:00Z,215.964005,215.994003,215.964005,215.983994
2026-08-18T23:00:00Z,215.983002,215.994003,215.938995,215.962006
2026-08-18T23:15:00Z,215.962006,215.973999,215.944000,215.951004
2026-08-18T23:30:00Z,215.955002,215.973999,215.936005,215.964996
2026-08-18T23:45:00Z,215.964996,215.988998,215.932007,215.968002
2026-08-19T00:00:00Z,215.970001,215.970001,215.886993,215.893005
2026-08-19T00:15:00Z,215.893005,215.932007,215.871994,215.923996
2026-08-19T00:30:00Z,215.923996,215.934998,215.820007,215.832993
2026-08-19T00:45:00Z,215.832993,215.845001,215.701996,215.733994
2026-08-19T01:00:00Z,215.727997,215.787994,215.718002,215.735992
2026-08-19T01:15:00Z,215.735992,215.781006,215.694000,215.766998
2026-08-19T01:30:00Z,215.764999,215.774002,215.699997,215.725006
2026-08-19T01:45:00Z,215.725006,215.774002,215.720993,215.742996
2026-08-19T02:00:00Z,215.750000,215.779007,215.720993,215.733994
2026-08-19T02:15:00Z,215.735001,215.776993,215.686996,215.720001
2026-08-19T02:30:00Z,215.718994,215.776993,215.695007,215.727005
2026-08-19T02:45:00Z,215.727997,215.774002,215.705994,215.768997
2026-08-19T03:00:00Z,215.763000,215.794998,215.753998,215.787003
2026-08-19T03:15:00Z,215.787003,215.815994,215.779999,215.809006
2026-08-19T03:30:00Z,215.807999,215.862000,215.796997,215.815002
2026-08-19T03:45:00Z,215.817993,215.843002,215.807007,215.811005
2026-08-19T04:00:00Z,215.811005,215.819000,215.778000,215.802994
2026-08-19T04:15:00Z,215.802994,215.807999,215.723999,215.727005
2026-08-19T04:30:00Z,215.729004,215.751007,215.623993,215.744995
2026-08-19T04:45:00Z,215.746994,215.766998,215.682999,215.755997
2026-08-19T05:00:00Z,215.755005,215.761002,215.684998,215.714005
2026-08-19T05:15:00Z,215.716995,215.723999,215.643997,215.681000
2026-08-19T05:30:00Z,215.681000,215.686005,215.602997,215.682007
2026-08-19T05:45:00Z,215.679001,215.770996,215.647003,215.729996
2026-08-19T06:00:00Z,215.729996,215.774002,215.632004,215.673004
2026-08-19T06:15:00Z,215.667007,215.807007,215.645004,215.712006
2026-08-19T06:30:00Z,215.707993,215.750000,215.608994,215.748001
2026-08-19T06:45:00Z,215.748001,215.813995,215.733002,215.783997
2026-08-19T07:00:00Z,215.785995,215.826996,215.690994,215.709000
2026-08-19T07:15:00Z,215.712997,215.750000,215.667999,215.707001
2026-08-19T07:30:00Z,215.707001,215.727997,215.656998,215.703995
2026-08-19T07:45:00Z,215.703003,215.789001,215.681000,215.761002
2026-08-19T08:00:00Z,215.755997,215.802002,215.720001,215.783005
2026-08-19T08:15:00Z,215.781998,215.792007,215.664001,215.675003
2026-08-19T08:30:00Z,215.671997,215.723007,215.623001,215.705002
2026-08-19T08:45:00Z,215.705002,215.804993,215.695999,215.720001
2026-08-19T09:00:00Z,215.720001,215.815002,215.701004,215.809006
2026-08-19T09:15:00Z,215.809006,215.841995,215.746994,215.766998
2026-08-19T09:30:00Z,215.774002,215.774994,215.649994,215.679993
2026-08-19T09:45:00Z,215.682999,215.725006,215.671997,215.690002
2026-08-19T10:00:00Z,215.690002,215.697006,215.632004,215.686996
2026-08-19T10:15:00Z,215.690994,215.725006,215.639999,215.716003
2026-08-19T10:30:00Z,215.714005,215.768997,215.682999,215.725998
2026-08-19T10:45:00Z,215.727997,215.748001,215.641006,215.669006
2026-08-19T11:00:00Z,215.669006,215.738998,215.658997,215.695999
2026-08-19T11:15:00Z,215.697998,215.705002,215.636993,215.654999
2026-08-19T11:30:00Z,215.654999,215.677994,215.628006,215.654007
2026-08-19T11:45:00Z,215.658997,215.686005,215.630997,215.675995
2026-08-19T12:00:00Z,215.677002,215.712997,215.636002,215.712006
2026-08-19T12:15:00Z,215.712997,215.714996,215.565994,215.666000
2026-08-19T12:30:00Z,215.660004,215.667007,214.819000,215.313004
2026-08-19T12:45:00Z,215.322998,215.613007,215.220993,215.602997
2026-08-19T13:00:00Z,215.598007,215.643005,215.507004,215.630997
2026-08-19T13:15:00Z,215.630997,215.809006,215.595001,215.778000
2026-08-19T13:30:00Z,215.778000,215.856003,215.716003,215.822998
2026-08-19T13:45:00Z,215.817001,215.882004,215.695007,215.746002
2026-08-19T14:00:00Z,215.753006,215.772003,215.593002,215.604004
2026-08-19T14:15:00Z,215.604996,215.636002,215.541000,215.625000
2026-08-19T14:30:00Z,215.628998,215.634003,215.341995,215.470993
2026-08-19T14:45:00Z,215.472000,215.539993,215.434998,215.483994
2026-08-19T15:00:00Z,215.485001,215.660995,215.483002,215.632996
2026-08-19T15:15:00Z,215.628006,215.667999,215.531998,215.654999
2026-08-19T15:30:00Z,215.664001,215.710007,215.561996,215.565994
2026-08-19T15:45:00Z,215.567001,215.613998,215.539001,215.595993
2026-08-19T16:00:00Z,215.600998,215.658997,215.556000,215.595001
2026-08-19T16:15:00Z,215.595001,215.628998,215.557999,215.565002
2026-08-19T16:30:00Z,215.567001,215.613007,215.546997,215.559998
2026-08-19T16:45:00Z,215.563995,215.582001,215.520996,215.563004
2026-08-19T17:00:00Z,215.557007,215.615997,215.550995,215.591995
2026-08-19T17:15:00Z,215.589005,215.593994,215.488007,215.520004
2026-08-19T17:30:00Z,215.522003,215.565002,215.475998,215.533997
2026-08-19T17:45:00Z,215.529999,215.606003,215.483994,215.529999
2026-08-19T18:00:00Z,215.552994,215.552994,215.388000,215.412994
2026-08-19T18:15:00Z,215.412994,215.455994,215.376007,215.401993
2026-08-19T18:30:00Z,215.391998,215.410995,215.330994,215.406006
2026-08-19T18:45:00Z,215.408005,215.436005,215.373001,215.419998
2026-08-19T19:00:00Z,215.419998,215.473999,215.371994,215.386002
2026-08-19T19:15:00Z,215.391998,215.404007,215.244995,215.264008
2026-08-19T19:30:00Z,215.255005,215.332001,215.242004,215.326996
2026-08-19T19:45:00Z,215.326996,215.358002,215.117996,215.192001
2026-08-19T20:00:00Z,215.194000,215.212997,215.121994,215.154007
2026-08-19T20:15:00Z,215.156006,215.220001,215.149994,215.201004
2026-08-19T20:30:00Z,215.201004,215.218994,215.156006,215.181000
2026-08-19T20:45:00Z,215.177994,215.220993,215.095993,215.175003
2026-08-19T21:00:00Z,215.139999,215.220001,214.955994,214.957001
2026-08-19T21:15:00Z,214.959000,215.255997,214.957993,215.098999
2026-08-19T21:30:00Z,215.119003,215.231995,215.041000,215.115005
2026-08-19T21:45:00Z,215.113998,215.179993,214.917999,215.097000
2026-08-19T22:00:00Z,215.115997,215.160995,215.039993,215.085007
2026-08-19T22:15:00Z,215.080994,215.100006,215.054993,215.093994
2026-08-19T22:30:00Z,215.091003,215.160995,215.091003,215.151993
2026-08-19T22:45:00Z,215.139008,215.214996,215.130005,215.205994
2026-08-19T23:00:00Z,215.184006,215.255005,215.184006,215.231995
2026-08-19T23:15:00Z,215.227005,215.246002,215.190002,215.218994
2026-08-19T23:30:00Z,215.218994,215.246002,215.192993,215.220993
2026-08-19T23:45:00Z,215.220993,215.251999,215.203995,215.233994
2026-08-20T00:00:00Z,215.227997,215.386002,215.195007,215.367004
2026-08-20T00:15:00Z,215.363998,215.384995,215.309006,215.348007
2026-08-20T00:30:00Z,215.348007,215.389008,215.309006,215.382004
2026-08-20T00:45:00Z,215.389008,215.442993,215.354004,215.417999
2026-08-20T01:00:00Z,215.412003,215.492004,215.406006,215.475998
2026-08-20T01:15:00Z,215.472000,215.513000,215.466995,215.475998
2026-08-20T01:30:00Z,215.473007,215.628998,215.425003,215.621994
2026-08-20T01:45:00Z,215.621994,215.723007,215.617004,215.716995
2026-08-20T02:00:00Z,215.714005,215.738007,215.516006,215.671997
2026-08-20T02:15:00Z,215.673004,215.681000,215.550995,215.565002
2026-08-20T02:30:00Z,215.565002,215.565002,215.505997,215.533997
2026-08-20T02:45:00Z,215.533997,215.578995,215.518005,215.559006
2026-08-20T03:00:00Z,215.550995,215.641006,215.550995,215.567001
2026-08-20T03:15:00Z,215.567993,215.667999,215.557007,215.626007
2026-08-20T03:30:00Z,215.626007,215.701004,215.617996,215.684998
2026-08-20T03:45:00Z,215.684998,215.722000,215.654007,215.682999
2026-08-20T04:00:00Z,215.682999,215.733994,215.664993,215.703995
2026-08-20T04:15:00Z,215.710999,215.738007,215.684006,215.703995
2026-08-20T04:30:00Z,215.710007,215.781006,215.699005,215.772995
2026-08-20T04:45:00Z,215.766998,215.871002,215.677994,215.764008
2026-08-20T05:00:00Z,215.766006,215.824005,215.757996,215.785995
2026-08-20T05:15:00Z,215.785004,215.873993,215.759995,215.869995
2026-08-20T05:30:00Z,215.863998,215.908997,215.841003,215.884995
2026-08-20T05:45:00Z,215.880997,215.891998,215.776001,215.809998
2026-08-20T06:00:00Z,215.815994,215.835999,215.770996,215.809006
2026-08-20T06:15:00Z,215.802994,215.809998,215.623001,215.679001
2026-08-20T06:30:00Z,215.679001,215.716003,215.641998,215.664001
2026-08-20T06:45:00Z,215.664001,215.718002,215.623001,215.634995
2026-08-20T07:00:00Z,215.634995,215.639999,215.501007,215.606003
2026-08-20T07:15:00Z,215.606003,215.800995,215.606003,215.792999
2026-08-20T07:30:00Z,215.792999,215.951996,215.785004,215.936996
2026-08-20T07:45:00Z,215.936996,215.942993,215.858994,215.867996
2026-08-20T08:00:00Z,215.865005,215.927994,215.841995,215.897003
2026-08-20T08:15:00Z,215.891998,216.072998,215.884995,216.070999
2026-08-20T08:30:00Z,216.069000,216.102997,215.987000,216.067001
2026-08-20T08:45:00Z,216.067001,216.182007,216.050003,216.108002
2026-08-20T09:00:00Z,216.108002,216.113007,216.018005,216.059006
2026-08-20T09:15:00Z,216.059006,216.069000,215.843994,215.966995
2026-08-20T09:30:00Z,215.977005,216.022995,215.923996,215.998001
2026-08-20T09:45:00Z,215.998001,216.112000,215.983002,216.091995
2026-08-20T10:00:00Z,216.089996,216.171005,216.001007,216.115997
2026-08-20T10:15:00Z,216.113007,216.149002,216.084000,216.126007
2026-08-20T10:30:00Z,216.128998,216.173004,216.104004,216.132004
2026-08-20T10:45:00Z,216.123993,216.253006,216.123993,216.220993
2026-08-20T11:00:00Z,216.220993,216.292999,216.173004,216.240005
2026-08-20T11:15:00Z,216.240005,216.292007,216.210007,216.220001
2026-08-20T11:30:00Z,216.223999,216.302002,216.154999,216.261002
2026-08-20T11:45:00Z,216.261993,216.335007,216.248993,216.274994
2026-08-20T12:00:00Z,216.279999,216.423004,216.266006,216.384995
2026-08-20T12:15:00Z,216.380005,216.427994,216.279007,216.330002
2026-08-20T12:30:00Z,216.335007,216.389008,216.266006,216.363998
2026-08-20T12:45:00Z,216.358002,216.453995,216.320999,216.423996
2026-08-20T13:00:00Z,216.414993,216.483002,216.389008,216.427994
2026-08-20T13:15:00Z,216.423004,216.445999,216.339005,216.391006
2026-08-20T13:30:00Z,216.399002,216.459000,216.339996,216.423996
2026-08-20T13:45:00Z,216.417999,216.544006,216.417999,216.529999
2026-08-20T14:00:00Z,216.531998,216.623993,216.449005,216.496994
2026-08-20T14:15:00Z,216.498001,216.533005,216.423004,216.503006
2026-08-20T14:30:00Z,216.507004,216.537994,216.414993,216.417007
2026-08-20T14:45:00Z,216.417007,216.466995,216.347000,216.367996
2026-08-20T15:00:00Z,216.367996,216.522003,216.186996,216.490997
2026-08-20T15:15:00Z,216.494003,216.597000,216.473007,216.584000
2026-08-20T15:30:00Z,216.582001,216.669006,216.574005,216.654999
2026-08-20T15:45:00Z,216.654999,216.716003,216.610001,216.617004
2026-08-20T16:00:00Z,216.623001,216.690002,216.595993,216.684998
2026-08-20T16:15:00Z,216.679001,216.802994,216.673996,216.779999
2026-08-20T16:30:00Z,216.779007,216.792007,216.697998,216.733002
2026-08-20T16:45:00Z,216.733002,216.783997,216.712997,216.718994
2026-08-20T17:00:00Z,216.718994,216.727005,216.641998,216.667007
2026-08-20T17:15:00Z,216.673004,216.714996,216.649002,216.699997
2026-08-20T17:30:00Z,216.699997,216.744003,216.697006,216.712997
2026-08-20T17:45:00Z,216.716003,216.766006,216.712997,216.742004
2026-08-20T18:00:00Z,216.740997,216.792007,216.718002,216.770996
2026-08-20T18:15:00Z,216.766006,216.834000,216.751999,216.828995
2026-08-20T18:30:00Z,216.828003,216.837997,216.792007,216.802994
2026-08-20T18:45:00Z,216.802994,216.875000,216.800995,216.865005
2026-08-20T19:00:00Z,216.867004,216.897003,216.858994,216.884003
2026-08-20T19:15:00Z,216.884003,216.893997,216.848999,216.886002
2026-08-20T19:30:00Z,216.886002,216.899002,216.835007,216.865005
2026-08-20T19:45:00Z,216.858994,216.895996,216.835007,216.835007
2026-08-20T20:00:00Z,216.837006,216.873993,216.834000,216.850998
2026-08-20T20:15:00Z,216.850998,216.873993,216.848999,216.852997
2026-08-20T20:30:00Z,216.852997,216.863998,216.826996,216.856003
2026-08-20T20:45:00Z,216.854004,216.867004,216.714005,216.716995
2026-08-20T21:00:00Z,216.751007,216.824997,216.595993,216.740005
2026-08-20T21:15:00Z,216.742996,216.824997,216.688004,216.705002
2026-08-20T21:30:00Z,216.733994,216.835999,216.690994,216.753998
2026-08-20T21:45:00Z,216.755005,216.873993,216.679993,216.755005
2026-08-20T22:00:00Z,216.751007,216.839996,216.742996,216.800003
2026-08-20T22:15:00Z,216.804993,216.826996,216.738998,216.768005
2026-08-20T22:30:00Z,216.766006,216.798996,216.761002,216.781006
2026-08-20T22:45:00Z,216.781006,216.785004,216.735001,216.753006
2026-08-20T23:00:00Z,216.750000,216.766006,216.712997,216.725998
2026-08-20T23:15:00Z,216.727997,216.748001,216.697998,216.731003
2026-08-20T23:30:00Z,216.731003,216.783997,216.694000,216.738998
2026-08-20T23:45:00Z,216.740005,216.815002,216.714005,216.772003
2026-08-21T00:00:00Z,216.776993,216.906998,216.740997,216.901993
2026-08-21T00:15:00Z,216.901993,216.927002,216.848007,216.904007
2026-08-21T00:30:00Z,216.897003,217.007004,216.884003,216.979996
2026-08-21T00:45:00Z,216.979996,217.037003,216.929001,216.964005
2026-08-21T01:00:00Z,216.964005,217.016998,216.951004,216.979004
2026-08-21T01:15:00Z,216.975006,216.981995,216.880005,216.919998
2026-08-21T01:30:00Z,216.921997,216.944000,216.880005,216.936005
2026-08-21T01:45:00Z,216.929001,216.936996,216.858002,216.873993
2026-08-21T02:00:00Z,216.873993,216.929001,216.839996,216.921005
2026-08-21T02:15:00Z,216.921997,216.990997,216.919006,216.990005
2026-08-21T02:30:00Z,216.987000,217.003998,216.873001,216.936996
2026-08-21T02:45:00Z,216.940994,217.005005,216.921005,216.966003
2026-08-21T03:00:00Z,216.962997,216.990005,216.938004,216.973999
2026-08-21T03:15:00Z,216.973999,216.998001,216.947006,216.970993
2026-08-21T03:30:00Z,216.970993,217.056000,216.968994,217.001999
2026-08-21T03:45:00Z,217.003006,217.029007,216.942993,216.957001
2026-08-21T04:00:00Z,216.962006,216.966995,216.884003,216.914993
2026-08-21T04:15:00Z,216.914001,216.949005,216.899994,216.910995
2026-08-21T04:30:00Z,216.910995,216.964005,216.908005,216.945007
2026-08-21T04:45:00Z,216.945007,216.987000,216.910995,216.929993
2026-08-21T05:00:00Z,216.929993,216.947998,216.903000,216.936005
2026-08-21T05:15:00Z,216.931000,216.955994,216.919998,216.921997
2026-08-21T05:30:00Z,216.919998,216.927994,216.798004,216.798004
2026-08-21T05:45:00Z,216.807999,216.860001,216.772003,216.820999
2026-08-21T06:00:00Z,216.824005,216.834000,216.720993,216.804993
2026-08-21T06:15:00Z,216.802002,216.919006,216.794998,216.910995
2026-08-21T06:30:00Z,216.912003,216.927002,216.854996,216.865997
2026-08-21T06:45:00Z,216.865997,216.897003,216.817001,216.871002
2026-08-21T07:00:00Z,216.873001,216.917999,216.783997,216.848999
2026-08-21T07:15:00Z,216.852997,216.908005,216.824005,216.862000
2026-08-21T07:30:00Z,216.867004,216.869003,216.684006,216.699005
2026-08-21T07:45:00Z,216.707993,216.714996,216.550003,216.641998
2026-08-21T08:00:00Z,216.641006,216.658005,216.559006,216.628998
2026-08-21T08:15:00Z,216.628998,216.656998,216.546005,216.593994
2026-08-21T08:30:00Z,216.587006,216.658005,216.513000,216.563004
2026-08-21T08:45:00Z,216.557007,216.647995,216.531998,216.617996
2026-08-21T09:00:00Z,216.619003,216.664993,216.542999,216.585999
2026-08-21T09:15:00Z,216.585999,216.628998,216.488998,216.511002
2026-08-21T09:30:00Z,216.511993,216.563995,216.449997,216.535004
2026-08-21T09:45:00Z,216.531006,216.621994,216.529007,216.567001
2026-08-21T10:00:00Z,216.570999,216.677994,216.548004,216.653000
2026-08-21T10:15:00Z,216.653000,216.677002,216.613998,216.623001
2026-08-21T10:30:00Z,216.621994,216.682007,216.612000,216.649994
2026-08-21T10:45:00Z,216.649994,216.712997,216.559006,216.600006
2026-08-21T11:00:00Z,216.597000,216.740997,216.565994,216.735001
2026-08-21T11:15:00Z,216.737000,216.759995,216.606995,216.632004
2026-08-21T11:30:00Z,216.630005,216.673996,216.574997,216.613998
2026-08-21T11:45:00Z,216.615005,216.727005,216.600998,216.722000
2026-08-21T12:00:00Z,216.716003,216.729996,216.669006,216.699005
2026-08-21T12:15:00Z,216.695999,216.792007,216.671005,216.684006
2026-08-21T12:30:00Z,216.686005,216.690002,216.537994,216.634003
2026-08-21T12:45:00Z,216.626007,216.660995,216.567993,216.585999
2026-08-21T13:00:00Z,216.585007,216.621994,216.507996,216.541000
2026-08-21T13:15:00Z,216.544006,216.626999,216.539993,216.615005
2026-08-21T13:30:00Z,216.619003,216.643997,216.556000,216.617004
2026-08-21T13:45:00Z,216.626007,216.701004,216.576004,216.630005
2026-08-21T14:00:00Z,216.632996,216.690994,216.608994,216.660995
2026-08-21T14:15:00Z,216.660995,216.695999,216.593994,216.602005
2026-08-21T14:30:00Z,216.593994,216.626999,216.507996,216.563004
2026-08-21T14:45:00Z,216.567001,216.636993,216.494995,216.552002
2026-08-21T15:00:00Z,216.561996,216.697006,216.537994,216.673004
2026-08-21T15:15:00Z,216.673004,216.705994,216.630997,216.675995
2026-08-21T15:30:00Z,216.679001,216.738998,216.664001,216.725998
2026-08-21T15:45:00Z,216.727997,216.807999,216.720001,216.785995
2026-08-21T16:00:00Z,216.783005,216.845001,216.783005,216.798996
2026-08-21T16:15:00Z,216.800003,216.841995,216.722000,216.837997
2026-08-21T16:30:00Z,216.832993,216.862000,216.822006,216.832001
2026-08-21T16:45:00Z,216.834000,216.862000,216.796005,216.854004
2026-08-21T17:00:00Z,216.852997,216.932007,216.852997,216.904999
2026-08-21T17:15:00Z,216.906998,216.968002,216.897995,216.932999
2026-08-21T17:30:00Z,216.936996,217.005005,216.929993,216.975006
2026-08-21T17:45:00Z,216.975006,217.039993,216.968994,217.031006
2026-08-21T18:00:00Z,217.029999,217.089996,217.026993,217.048004
2026-08-21T18:15:00Z,217.048004,217.091003,217.044998,217.078995
2026-08-21T18:30:00Z,217.078995,217.095001,217.070999,217.087006
2026-08-21T18:45:00Z,217.084000,217.104996,217.067001,217.078003
2026-08-21T19:00:00Z,217.080002,217.100998,217.018997,217.054993
2026-08-21T19:15:00Z,217.054993,217.063995,217.024994,217.037994
2026-08-21T19:30:00Z,217.037994,217.052002,216.977997,216.990997
2026-08-21T19:45:00Z,216.994995,217.016006,216.953995,216.981995
2026-08-21T20:00:00Z,216.979004,217.001007,216.966995,216.981995
2026-08-21T20:15:00Z,216.981995,216.981995,216.942993,216.959000
2026-08-21T20:30:00Z,216.962997,216.972000,216.830002,216.886993
2026-08-21T20:45:00Z,216.897995,216.936005,216.785004,216.899002
2026-08-21T21:00:00Z,216.787003,216.787003,216.787003,216.787003
2026-08-21T21:15:00Z,216.787003,216.787003,216.787003,216.787003
2026-08-23T23:00:00Z,216.862000,216.891006,216.848007,216.873001
2026-08-23T23:15:00Z,216.873001,216.949005,216.860001,216.908997
2026-08-23T23:30:00Z,216.910995,216.968994,216.910995,216.949005
2026-08-23T23:45:00Z,216.951004,216.988998,216.912003,216.917999
2026-08-24T00:00:00Z,216.921997,216.938995,216.848999,216.867004
2026-08-24T00:15:00Z,216.862000,216.869003,216.725006,216.740005
2026-08-24T00:30:00Z,216.738007,216.757004,216.660995,216.697998
2026-08-24T00:45:00Z,216.695007,216.796005,216.673004,216.733994
2026-08-24T01:00:00Z,216.729004,216.785004,216.718994,216.774002
2026-08-24T01:15:00Z,216.778000,216.848007,216.766006,216.813004
2026-08-24T01:30:00Z,216.813004,216.830994,216.768005,216.779007
2026-08-24T01:45:00Z,216.779007,216.813995,216.761993,216.776001
2026-08-24T02:00:00Z,216.776001,216.828003,216.748993,216.815994
2026-08-24T02:15:00Z,216.819000,216.839005,216.791000,216.826996
2026-08-24T02:30:00Z,216.826996,216.860992,216.820007,216.852005
2026-08-24T02:45:00Z,216.852997,216.869995,216.820007,216.856995
2026-08-24T03:00:00Z,216.858994,216.910004,216.856995,216.878998
2026-08-24T03:15:00Z,216.880005,216.895004,216.860992,216.867996
2026-08-24T03:30:00Z,216.871994,216.910995,216.867004,216.882996
2026-08-24T03:45:00Z,216.882004,216.893005,216.848999,216.865005
2026-08-24T04:00:00Z,216.860992,216.873001,216.699005,216.809006
2026-08-24T04:15:00Z,216.809998,216.830994,216.722000,216.757004
2026-08-24T04:30:00Z,216.759003,216.792999,216.735001,216.781998
2026-08-24T04:45:00Z,216.776993,216.837006,216.772995,216.798996
2026-08-24T05:00:00Z,216.798004,216.858002,216.787994,216.843002
2026-08-24T05:15:00Z,216.847000,216.850006,216.807007,216.830002
2026-08-24T05:30:00Z,216.822998,216.845993,216.787994,216.813995
2026-08-24T05:45:00Z,216.820999,216.848007,216.791000,216.798004
2026-08-24T06:00:00Z,216.796005,216.822006,216.735992,216.766006
2026-08-24T06:15:00Z,216.759003,216.830002,216.735001,216.779007
2026-08-24T06:30:00Z,216.779007,216.869995,216.779007,216.832001
2026-08-24T06:45:00Z,216.830002,216.968994,216.789993,216.968002
2026-08-24T07:00:00Z,216.966003,217.084000,216.945999,217.056000
2026-08-24T07:15:00Z,217.057007,217.143997,217.026001,217.126007
2026-08-24T07:30:00Z,217.126007,217.149002,216.985992,216.990997
2026-08-24T07:45:00Z,216.990997,217.048996,216.959000,216.972000
2026-08-24T08:00:00Z,216.975998,217.102005,216.964005,217.022995
2026-08-24T08:15:00Z,217.022995,217.080002,216.973007,217.018005
2026-08-24T08:30:00Z,217.022995,217.089996,217.016006,217.024994
2026-08-24T08:45:00Z,217.029999,217.029999,216.837997,216.841995
2026-08-24T09:00:00Z,216.841995,216.945007,216.841995,216.917999
2026-08-24T09:15:00Z,216.919998,217.005005,216.904007,216.968002
2026-08-24T09:30:00Z,216.966995,216.977997,216.895004,216.977005
2026-08-24T09:45:00Z,216.975998,217.059006,216.968994,217.057999
2026-08-24T10:00:00Z,217.050995,217.067001,216.990997,217.013000
2026-08-24T10:15:00Z,217.009003,217.020004,216.936005,216.994995
2026-08-24T10:30:00Z,216.988998,216.996994,216.873001,216.893005
2026-08-24T10:45:00Z,216.893005,216.938995,216.893005,216.921997
2026-08-24T11:00:00Z,216.927002,216.988007,216.897003,216.957993
2026-08-24T11:15:00Z,216.953995,216.981995,216.927002,216.962006
2026-08-24T11:30:00Z,216.964005,217.001999,216.841995,216.845993
2026-08-24T11:45:00Z,216.845993,216.968002,216.828995,216.938004
2026-08-24T12:00:00Z,216.936996,216.964996,216.884995,216.889999
2026-08-24T12:15:00Z,216.886993,216.891998,216.776001,216.869003
2026-08-24T12:30:00Z,216.869003,216.889008,216.800995,216.863998
2026-08-24T12:45:00Z,216.863998,216.996002,216.852005,216.979004
2026-08-24T13:00:00Z,216.977005,217.106003,216.966995,217.095001
2026-08-24T13:15:00Z,217.098007,217.169998,217.076996,217.121002
2026-08-24T13:30:00Z,217.121002,217.158005,217.078995,217.085999
2026-08-24T13:45:00Z,217.085007,217.098007,217.013000,217.029999
2026-08-24T14:00:00Z,217.039001,217.078995,216.979004,217.067001
2026-08-24T14:15:00Z,217.067001,217.098999,217.014008,217.046005
2026-08-24T14:30:00Z,217.044998,217.054001,217.003998,217.044006
2026-08-24T14:45:00Z,217.044006,217.100998,216.985992,217.046005
2026-08-24T15:00:00Z,217.041000,217.093002,217.005005,217.050003
2026-08-24T15:15:00Z,217.044006,217.080002,217.022003,217.026993
2026-08-24T15:30:00Z,217.022995,217.067001,216.992996,217.001999
2026-08-24T15:45:00Z,217.001999,217.009003,216.927994,216.945999
2026-08-24T16:00:00Z,216.944000,216.970993,216.856003,216.873993
2026-08-24T16:15:00Z,216.873993,216.895996,216.850998,216.889008
2026-08-24T16:30:00Z,216.889999,216.932999,216.832001,216.897003
2026-08-24T16:45:00Z,216.895004,216.912994,216.839996,216.882996
2026-08-24T17:00:00Z,216.882996,216.899002,216.802002,216.873001
2026-08-24T17:15:00Z,216.873993,216.908997,216.856003,216.886993
2026-08-24T17:30:00Z,216.886002,216.929993,216.880997,216.893997
2026-08-24T17:45:00Z,216.893997,216.914001,216.869995,216.906998
2026-08-24T18:00:00Z,216.906998,216.931000,216.888000,216.923004
2026-08-24T18:15:00Z,216.923004,216.988998,216.904007,216.966995
2026-08-24T18:30:00Z,216.966995,216.998001,216.966995,216.994995
2026-08-24T18:45:00Z,216.994995,217.007996,216.951996,216.977997
2026-08-24T19:00:00Z,216.973999,216.983994,216.919006,216.929993
2026-08-24T19:15:00Z,216.929993,216.966995,216.929993,216.938995
2026-08-24T19:30:00Z,216.934006,216.938995,216.889999,216.901993
2026-08-24T19:45:00Z,216.899994,216.938004,216.878998,216.899002
2026-08-24T20:00:00Z,216.904007,216.938004,216.899002,216.923004
2026-08-24T20:15:00Z,216.921997,216.945007,216.908005,216.923004
2026-08-24T20:30:00Z,216.923004,216.931000,216.880005,216.882996
2026-08-24T20:45:00Z,216.884003,216.893005,216.789001,216.811005
2026-08-24T21:00:00Z,216.787003,216.957001,216.606003,216.677002
2026-08-24T21:15:00Z,216.807999,216.919998,216.660004,216.785995
2026-08-24T21:30:00Z,216.768005,216.886002,216.664001,216.843002
2026-08-24T21:45:00Z,216.856995,216.975998,216.787003,216.826004
2026-08-24T22:00:00Z,216.817993,216.893997,216.778000,216.873993
2026-08-24T22:15:00Z,216.886002,216.917007,216.869995,216.914993
2026-08-24T22:30:00Z,216.912994,216.923004,216.889999,216.919998
2026-08-24T22:45:00Z,216.908005,216.919998,216.899002,216.908997
2026-08-24T23:00:00Z,216.910004,216.921005,216.863998,216.884003
2026-08-24T23:15:00Z,216.884003,216.944000,216.878998,216.934998
2026-08-24T23:30:00Z,216.934998,216.987000,216.934006,216.983002
2026-08-24T23:45:00Z,216.979004,217.029007,216.953995,217.011002
2026-08-25T00:00:00Z,217.014008,217.035004,216.972000,217.022003
2026-08-25T00:15:00Z,217.014999,217.061996,216.987000,217.033005
2026-08-25T00:30:00Z,217.033005,217.056000,216.998993,217.031006
2026-08-25T00:45:00Z,217.028000,217.117004,216.985992,217.115005
2026-08-25T01:00:00Z,217.115997,217.130997,217.020004,217.029007
2026-08-25T01:15:00Z,217.029007,217.054001,217.005005,217.029007
2026-08-25T01:30:00Z,217.024994,217.117004,217.020996,217.085007
2026-08-25T01:45:00Z,217.085007,217.166000,217.080002,217.104996
2026-08-25T02:00:00Z,217.104996,217.179001,217.087997,217.136993
2026-08-25T02:15:00Z,217.139999,217.167007,217.112000,217.139999
2026-08-25T02:30:00Z,217.145996,217.197998,217.134995,217.171997
2026-08-25T02:45:00Z,217.171005,217.266006,217.167999,217.237000
2026-08-25T03:00:00Z,217.229996,217.250000,217.201004,217.233994
2026-08-25T03:15:00Z,217.227005,217.253998,217.203995,217.210999
2026-08-25T03:30:00Z,217.212006,217.235992,217.182007,217.186005
2026-08-25T03:45:00Z,217.182007,217.192993,217.130997,217.141006
2026-08-25T04:00:00Z,217.136993,217.147995,217.102997,217.121002
2026-08-25T04:15:00Z,217.119995,217.130005,217.082001,217.093994
2026-08-25T04:30:00Z,217.095993,217.102005,217.001999,217.009995
2026-08-25T04:45:00Z,217.005997,217.070007,216.944000,217.065994
2026-08-25T05:00:00Z,217.061005,217.119995,217.039993,217.097000
2026-08-25T05:15:00Z,217.100006,217.125000,217.067001,217.110992
2026-08-25T05:30:00Z,217.104004,217.128998,217.044998,217.067993
2026-08-25T05:45:00Z,217.061996,217.069000,217.013000,217.048996
2026-08-25T06:00:00Z,217.046997,217.072006,217.000000,217.065002
2026-08-25T06:15:00Z,217.065994,217.141998,217.048996,217.115005
2026-08-25T06:30:00Z,217.113998,217.134003,217.070999,217.126999
2026-08-25T06:45:00Z,217.130997,217.233002,217.102005,217.231003
2026-08-25T07:00:00Z,217.231003,217.393997,217.227997,217.382996
2026-08-25T07:15:00Z,217.378998,217.423004,217.330994,217.386993
2026-08-25T07:30:00Z,217.386993,217.453995,217.371002,217.436005
2026-08-25T07:45:00Z,217.438004,217.468994,217.414001,217.440002
2026-08-25T08:00:00Z,217.449005,217.455002,217.354004,217.397995
2026-08-25T08:15:00Z,217.397995,217.431000,217.322006,217.345993
2026-08-25T08:30:00Z,217.343994,217.360992,217.274002,217.307999
2026-08-25T08:45:00Z,217.313004,217.410995,217.292999,217.367004
2026-08-25T09:00:00Z,217.360001,217.423996,217.315002,217.320999
2026-08-25T09:15:00Z,217.324997,217.389008,217.287994,217.320999
2026-08-25T09:30:00Z,217.326004,217.380005,217.270996,217.307999
2026-08-25T09:45:00Z,217.306000,217.363998,217.287003,217.298004
2026-08-25T10:00:00Z,217.298004,217.315994,217.223999,217.223999
2026-08-25T10:15:00Z,217.223999,217.253998,217.190994,217.207993
2026-08-25T10:30:00Z,217.201004,217.220993,217.169998,217.214005
2026-08-25T10:45:00Z,217.214005,217.220001,217.121994,217.141006
2026-08-25T11:00:00Z,217.139999,217.156998,217.074997,217.117996
2026-08-25T11:15:00Z,217.113007,217.151993,217.087997,217.128998
2026-08-25T11:30:00Z,217.128998,217.141006,217.085999,217.089996
2026-08-25T11:45:00Z,217.091995,217.162994,217.076996,217.082993
2026-08-25T12:00:00Z,217.082993,217.139999,217.057007,217.100998
2026-08-25T12:15:00Z,217.100998,217.151993,217.070007,217.104996
2026-08-25T12:30:00Z,217.104996,217.115005,217.033997,217.080002
2026-08-25T12:45:00Z,217.082993,217.207993,217.080002,217.201004
2026-08-25T13:00:00Z,217.197998,217.309998,217.167999,217.216003
2026-08-25T13:15:00Z,217.222000,217.270004,217.201004,217.201996
2026-08-25T13:30:00Z,217.203003,217.272995,217.171997,217.229996
2026-08-25T13:45:00Z,217.229996,217.246002,217.177994,217.195007
2026-08-25T14:00:00Z,217.199997,217.257996,217.169998,217.238007
2026-08-25T14:15:00Z,217.238007,217.251999,217.087997,217.138000
2026-08-25T14:30:00Z,217.138000,217.164993,217.089005,217.130005
2026-08-25T14:45:00Z,217.130997,217.188995,217.067993,217.102005
2026-08-25T15:00:00Z,217.097000,217.160004,217.089996,217.117004
2026-08-25T15:15:00Z,217.117004,217.184998,217.087997,217.179001
2026-08-25T15:30:00Z,217.177994,217.190002,217.033997,217.050003
2026-08-25T15:45:00Z,217.050003,217.162003,217.048996,217.156998
2026-08-25T16:00:00Z,217.158997,217.179993,217.134995,217.138000
2026-08-25T16:15:00Z,217.141998,217.162994,217.110992,217.153000
2026-08-25T16:30:00Z,217.149994,217.209000,217.149994,217.171005
2026-08-25T16:45:00Z,217.171005,217.184006,217.143997,217.160995
2026-08-25T17:00:00Z,217.158005,217.223007,217.154007,217.207993
2026-08-25T17:15:00Z,217.203995,217.250000,217.203003,217.227005
2026-08-25T17:30:00Z,217.227005,217.257996,217.214005,217.227997
2026-08-25T17:45:00Z,217.229996,217.251007,217.201004,217.229996
2026-08-25T18:00:00Z,217.229004,217.274002,217.225006,217.233002
2026-08-25T18:15:00Z,217.238998,217.270004,217.225998,217.253998
2026-08-25T18:30:00Z,217.257996,217.285995,217.238998,217.274994
2026-08-25T18:45:00Z,217.274994,217.287003,217.237000,217.264999
2026-08-25T19:00:00Z,217.266998,217.279999,217.240005,217.266998
2026-08-25T19:15:00Z,217.266998,217.298996,217.238998,217.253998
2026-08-25T19:30:00Z,217.253006,217.259995,217.210007,217.218002
2026-08-25T19:45:00Z,217.216003,217.264008,217.186005,217.261002
2026-08-25T20:00:00Z,217.261002,217.330002,217.209000,217.274002
2026-08-25T20:15:00Z,217.272995,217.341995,217.263000,217.304001
2026-08-25T20:30:00Z,217.304001,217.345001,217.300003,217.300995
2026-08-25T20:45:00Z,217.302994,217.311996,217.195999,217.195999
2026-08-25T21:00:00Z,217.218994,217.352997,216.764999,217.285995
2026-08-25T21:15:00Z,217.278000,217.356003,217.237000,217.253006
2026-08-25T21:30:00Z,217.263000,217.347000,217.070007,217.087006
2026-08-25T21:45:00Z,217.263000,217.319000,217.076996,217.242004
2026-08-25T22:00:00Z,217.210999,217.313004,217.190994,217.276993
2026-08-25T22:15:00Z,217.285004,217.298996,217.255005,217.289993
2026-08-25T22:30:00Z,217.285995,217.302994,217.281006,217.298996
2026-08-25T22:45:00Z,217.298996,217.309998,217.292007,217.304001
2026-08-25T23:00:00Z,217.300995,217.326996,217.294006,217.320007
2026-08-25T23:15:00Z,217.320999,217.330994,217.300003,217.324997
2026-08-25T23:30:00Z,217.326996,217.337006,217.298004,217.311996
2026-08-25T23:45:00Z,217.311996,217.319000,217.253006,217.259003
2026-08-26T00:00:00Z,217.257004,217.304993,217.253006,217.289001
2026-08-26T00:15:00Z,217.289993,217.326996,217.266998,217.279999
2026-08-26T00:30:00Z,217.283997,217.298004,217.182999,217.214996
2026-08-26T00:45:00Z,217.214996,217.225998,217.130005,217.182007
2026-08-26T01:00:00Z,217.171997,217.195007,217.145004,217.164993
2026-08-26T01:15:00Z,217.164993,217.195999,217.138000,217.160004
2026-08-26T01:30:00Z,217.160004,217.197998,217.057007,217.061996
2026-08-26T01:45:00Z,217.057999,217.080002,216.929993,217.013000
2026-08-26T02:00:00Z,217.007996,217.014999,216.802994,216.903000
2026-08-26T02:15:00Z,216.901001,216.925995,216.822998,216.875000
2026-08-26T02:30:00Z,216.871002,216.947006,216.869995,216.912003
2026-08-26T02:45:00Z,216.914993,216.949997,216.899002,216.917999
2026-08-26T03:00:00Z,216.917007,216.923004,216.843002,216.882004
2026-08-26T03:15:00Z,216.878006,216.895996,216.796997,216.824997
2026-08-26T03:30:00Z,216.822006,216.826996,216.686996,216.785004
2026-08-26T03:45:00Z,216.785004,216.798996,216.740005,216.768997
2026-08-26T04:00:00Z,216.764008,216.804001,216.735001,216.791000
2026-08-26T04:15:00Z,216.796005,216.813995,216.753006,216.798996
2026-08-26T04:30:00Z,216.798996,216.802994,216.744995,216.761993
2026-08-26T04:45:00Z,216.761993,216.820999,216.748001,216.796997
2026-08-26T05:00:00Z,216.798996,216.826004,216.748993,216.751007
2026-08-26T05:15:00Z,216.751007,216.796997,216.746002,216.776001
2026-08-26T05:30:00Z,216.779007,216.794006,216.746994,216.753998
2026-08-26T05:45:00Z,216.761002,216.804993,216.748993,216.804001
2026-08-26T06:00:00Z,216.802002,216.845993,216.751007,216.804001
2026-08-26T06:15:00Z,216.800995,216.835007,216.755005,216.781998
2026-08-26T06:30:00Z,216.792007,216.839005,216.763000,216.802002
2026-08-26T06:45:00Z,216.800003,216.841003,216.731003,216.824005
2026-08-26T07:00:00Z,216.824997,216.850998,216.755005,216.837997
2026-08-26T07:15:00Z,216.835007,216.884003,216.809998,216.854004
2026-08-26T07:30:00Z,216.856003,216.862000,216.781006,216.798004
2026-08-26T07:45:00Z,216.798004,216.813995,216.710007,216.753006
2026-08-26T08:00:00Z,216.753006,216.792999,216.690002,216.746994
2026-08-26T08:15:00Z,216.746994,216.783005,216.684998,216.725998
2026-08-26T08:30:00Z,216.720993,216.738007,216.673996,216.725006
2026-08-26T08:45:00Z,216.723007,216.727005,216.656006,216.699997
2026-08-26T09:00:00Z,216.699997,216.727997,216.643997,216.662994
2026-08-26T09:15:00Z,216.660004,216.681000,216.584000,216.625000
2026-08-26T09:30:00Z,216.628006,216.662994,216.606995,216.628006
2026-08-26T09:45:00Z,216.623993,216.675995,216.621002,216.641998
2026-08-26T10:00:00Z,216.641998,216.653000,216.591995,216.621002
2026-08-26T10:15:00Z,216.623001,216.623001,216.554001,216.563004
2026-08-26T10:30:00Z,216.561996,216.662994,216.557999,216.662994
2026-08-26T10:45:00Z,216.658005,216.712006,216.645996,216.679001
2026-08-26T11:00:00Z,216.679001,216.776993,216.660004,216.761993
2026-08-26T11:15:00Z,216.763000,216.835999,216.727005,216.822006
2026-08-26T11:30:00Z,216.815002,216.850006,216.798004,216.802002
2026-08-26T11:45:00Z,216.802002,216.847000,216.794006,216.807007
2026-08-26T12:00:00Z,216.804993,216.843994,216.761002,216.837006
2026-08-26T12:15:00Z,216.837006,216.850998,216.548996,216.634003
2026-08-26T12:30:00Z,216.630997,216.692993,216.544998,216.660004
2026-08-26T12:45:00Z,216.658997,216.753006,216.630997,216.666000
2026-08-26T13:00:00Z,216.666000,216.751999,216.651001,216.738007
2026-08-26T13:15:00Z,216.738998,216.751999,216.682999,216.718002
2026-08-26T13:30:00Z,216.718002,216.785995,216.690994,216.768997
2026-08-26T13:45:00Z,216.768997,216.815994,216.725998,216.804993
2026-08-26T14:00:00Z,216.804993,216.807007,216.701004,216.746994
2026-08-26T14:15:00Z,216.751007,216.755997,216.570999,216.587997
2026-08-26T14:30:00Z,216.589005,216.671997,216.570999,216.647003
2026-08-26T14:45:00Z,216.645996,216.656006,216.535004,216.591995
2026-08-26T15:00:00Z,216.595001,216.653000,216.570007,216.576004
2026-08-26T15:15:00Z,216.582001,216.610992,216.537994,216.595001
2026-08-26T15:30:00Z,216.595993,216.675003,216.580002,216.660995
2026-08-26T15:45:00Z,216.656006,216.660004,216.572006,216.632996
2026-08-26T16:00:00Z,216.628998,216.658997,216.600006,216.615997
2026-08-26T16:15:00Z,216.621002,216.630005,216.578003,216.610992
2026-08-26T16:30:00Z,216.610992,216.630005,216.561996,216.587997
2026-08-26T16:45:00Z,216.587006,216.667007,216.582993,216.647003
2026-08-26T17:00:00Z,216.651001,216.675995,216.621002,216.660995
2026-08-26T17:15:00Z,216.658005,216.673996,216.630997,216.647995
2026-08-26T17:30:00Z,216.647003,216.669998,216.630005,216.667007
2026-08-26T17:45:00Z,216.667007,216.694000,216.658997,216.671997
2026-08-26T18:00:00Z,216.675995,216.695007,216.647995,216.675003
2026-08-26T18:15:00Z,216.675003,216.695999,216.658005,216.662994
2026-08-26T18:30:00Z,216.662994,216.671997,216.634003,216.638000
2026-08-26T18:45:00Z,216.638000,216.654007,216.606995,216.639999
2026-08-26T19:00:00Z,216.639999,216.660004,216.587997,216.593994
2026-08-26T19:15:00Z,216.593994,216.645004,216.593002,216.632996
2026-08-26T19:30:00Z,216.632004,216.643005,216.576996,216.595993
2026-08-26T19:45:00Z,216.595001,216.623001,216.584000,216.610001
2026-08-26T20:00:00Z,216.606003,216.645004,216.598007,216.598999
2026-08-26T20:15:00Z,216.598999,216.608002,216.557007,216.561996
2026-08-26T20:30:00Z,216.559006,216.600998,216.557007,216.561005
2026-08-26T20:45:00Z,216.563004,216.632004,216.507996,216.520004
2026-08-26T21:00:00Z,216.514008,216.539001,216.098999,216.313004
2026-08-26T21:15:00Z,216.319000,216.518005,216.289993,216.393005
2026-08-26T21:30:00Z,216.386002,216.563004,216.356003,216.455994
2026-08-26T21:45:00Z,216.468002,216.565002,216.335007,216.417999
2026-08-26T22:00:00Z,216.470993,216.602005,216.367004,216.522003
2026-08-26T22:15:00Z,216.531998,216.574005,216.496994,216.520996
2026-08-26T22:30:00Z,216.505997,216.550003,216.485001,216.505005
2026-08-26T22:45:00Z,216.505005,216.533005,216.466995,216.494995
2026-08-26T23:00:00Z,216.492996,216.524002,216.444000,216.473999
2026-08-26T23:15:00Z,216.475006,216.522995,216.449997,216.498001
2026-08-26T23:30:00Z,216.487000,216.524994,216.466003,216.500000
2026-08-26T23:45:00Z,216.503006,216.548996,216.475006,216.496002
2026-08-27T00:00:00Z,216.498001,216.511993,216.274994,216.294998
2026-08-27T00:15:00Z,216.294998,216.367004,216.274994,216.334000
2026-08-27T00:30:00Z,216.339005,216.371994,216.276001,216.287003
2026-08-27T00:45:00Z,216.281006,216.380005,216.259003,216.337006
2026-08-27T01:00:00Z,216.337006,216.389999,216.300003,216.311996
2026-08-27T01:15:00Z,216.306000,216.380997,216.283997,216.302994
2026-08-27T01:30:00Z,216.302994,216.473007,216.289993,216.371994
2026-08-27T01:45:00Z,216.373993,216.460007,216.358002,216.447006
2026-08-27T02:00:00Z,216.447006,216.535995,216.445007,216.522995
2026-08-27T02:15:00Z,216.522003,216.589996,216.514008,216.556000
2026-08-27T02:30:00Z,216.556000,216.595993,216.503998,216.537003
2026-08-27T02:45:00Z,216.531998,216.557007,216.485992,216.529999
2026-08-27T03:00:00Z,216.529999,216.567993,216.507996,216.518005
2026-08-27T03:15:00Z,216.516998,216.565002,216.511002,216.535995
2026-08-27T03:30:00Z,216.535995,216.572006,216.509995,216.524002
2026-08-27T03:45:00Z,216.518005,216.548996,216.488998,216.490997
2026-08-27T04:00:00Z,216.496994,216.565994,216.490005,216.542999
2026-08-27T04:15:00Z,216.544006,216.570999,216.522003,216.546005
2026-08-27T04:30:00Z,216.550003,216.574005,216.498993,216.501999
2026-08-27T04:45:00Z,216.507996,216.550995,216.498001,216.509995
2026-08-27T05:00:00Z,216.509995,216.544006,216.479996,216.488998
2026-08-27T05:15:00Z,216.488998,216.511002,216.451996,216.466995
2026-08-27T05:30:00Z,216.466995,216.518997,216.451996,216.481003
2026-08-27T05:45:00Z,216.481003,216.557007,216.481003,216.533997
2026-08-27T06:00:00Z,216.533997,216.557999,216.505997,216.516998
2026-08-27T06:15:00Z,216.516998,216.567001,216.513000,216.539993
2026-08-27T06:30:00Z,216.539001,216.580994,216.492004,216.526993
2026-08-27T06:45:00Z,216.526001,216.554001,216.496994,216.539001
2026-08-27T07:00:00Z,216.537003,216.589996,216.518005,216.539993
2026-08-27T07:15:00Z,216.539993,216.548996,216.432999,216.466995
2026-08-27T07:30:00Z,216.457001,216.546997,216.449005,216.537003
2026-08-27T07:45:00Z,216.529999,216.574997,216.457001,216.503006
2026-08-27T08:00:00Z,216.503006,216.574997,216.487000,216.500000
2026-08-27T08:15:00Z,216.500000,216.518997,216.432007,216.445007
2026-08-27T08:30:00Z,216.438995,216.473007,216.356003,216.378006
2026-08-27T08:45:00Z,216.382004,216.406006,216.330002,216.335007
2026-08-27T09:00:00Z,216.335999,216.391998,216.266006,216.356003
2026-08-27T09:15:00Z,216.356995,216.460007,216.352005,216.442993
2026-08-27T09:30:00Z,216.444000,216.509003,216.403000,216.488007
2026-08-27T09:45:00Z,216.488007,216.544998,216.462997,216.479004
2026-08-27T10:00:00Z,216.475006,216.518005,216.412994,216.479996
2026-08-27T10:15:00Z,216.475998,216.552002,216.442993,216.531006
2026-08-27T10:30:00Z,216.529007,216.576996,216.473999,216.496994
2026-08-27T10:45:00Z,216.496994,216.554001,216.473007,216.473007
2026-08-27T11:00:00Z,216.475998,216.561996,216.442001,216.528000
2026-08-27T11:15:00Z,216.528000,216.582001,216.522003,216.544006
2026-08-27T11:30:00Z,216.544998,216.574005,216.419006,216.451996
2026-08-27T11:45:00Z,216.451004,216.507996,216.438004,216.466995
2026-08-27T12:00:00Z,216.468994,216.485992,216.434998,216.455994
2026-08-27T12:15:00Z,216.460999,216.507996,216.393997,216.468994
2026-08-27T12:30:00Z,216.462997,216.494003,216.403000,216.449997
2026-08-27T12:45:00Z,216.449005,216.464996,216.358002,216.371002
2026-08-27T13:00:00Z,216.373001,216.664993,216.365997,216.630005
2026-08-27T13:15:00Z,216.626007,216.766998,216.617004,216.710999
2026-08-27T13:30:00Z,216.705002,216.759995,216.619003,216.638000
2026-08-27T13:45:00Z,216.634003,216.694000,216.582001,216.602997
2026-08-27T14:00:00Z,216.604004,216.610992,216.518997,216.529007
2026-08-27T14:15:00Z,216.528000,216.578995,216.429993,216.432007
2026-08-27T14:30:00Z,216.431000,216.492004,216.416000,216.462997
2026-08-27T14:45:00Z,216.462997,216.483994,216.289993,216.382004
2026-08-27T15:00:00Z,216.376999,216.481003,216.348999,216.457993
2026-08-27T15:15:00Z,216.462006,216.483994,216.414993,216.455994
2026-08-27T15:30:00Z,216.457001,216.492996,216.412994,216.442993
2026-08-27T15:45:00Z,216.442993,216.561005,216.427994,216.550995
2026-08-27T16:00:00Z,216.552002,216.570007,216.503006,216.507996
2026-08-27T16:15:00Z,216.507996,216.578003,216.483994,216.559006
2026-08-27T16:30:00Z,216.552994,216.606995,216.539001,216.548004
2026-08-27T16:45:00Z,216.552994,216.576996,216.485001,216.511993
2026-08-27T17:00:00Z,216.509003,216.565994,216.507996,216.528000
2026-08-27T17:15:00Z,216.528000,216.554001,216.498993,216.511002
2026-08-27T17:30:00Z,216.511993,216.578995,216.511002,216.556000
2026-08-27T17:45:00Z,216.556000,216.595993,216.550995,216.589005
2026-08-27T18:00:00Z,216.591003,216.641998,216.585007,216.587006
2026-08-27T18:15:00Z,216.587006,216.610992,216.533997,216.542007
2026-08-27T18:30:00Z,216.546005,216.598007,216.537003,216.572998
2026-08-27T18:45:00Z,216.572998,216.645996,216.570999,216.626999
2026-08-27T19:00:00Z,216.625000,216.651001,216.598999,216.626999
2026-08-27T19:15:00Z,216.625000,216.660004,216.595993,216.610001
2026-08-27T19:30:00Z,216.612000,216.619995,216.580994,216.582001
2026-08-27T19:45:00Z,216.584000,216.619003,216.544006,216.600006
2026-08-27T20:00:00Z,216.600006,216.673996,216.587997,216.639999
2026-08-27T20:15:00Z,216.636002,216.662994,216.604004,216.606995
2026-08-27T20:30:00Z,216.608002,216.660995,216.604996,216.606003
2026-08-27T20:45:00Z,216.606003,216.686005,216.563004,216.619003
2026-08-27T21:00:00Z,216.582001,216.679993,216.104004,216.537003
2026-08-27T21:15:00Z,216.539001,216.718994,216.516006,216.612000
2026-08-27T21:30:00Z,216.615997,216.742004,216.498001,216.570999
2026-08-27T21:45:00Z,216.570999,216.710999,216.453003,216.582001
2026-08-27T22:00:00Z,216.595993,216.662994,216.513000,216.628998
2026-08-27T22:15:00Z,216.626007,216.682007,216.615997,216.647003
2026-08-27T22:30:00Z,216.654999,216.686005,216.639008,216.647995
2026-08-27T22:45:00Z,216.647995,216.686005,216.636002,216.649994
2026-08-27T23:00:00Z,216.647003,216.684006,216.643005,216.666000
2026-08-27T23:15:00Z,216.660004,216.688995,216.623001,216.632996
2026-08-27T23:30:00Z,216.632004,216.671997,216.628006,216.636002
2026-08-27T23:45:00Z,216.638000,216.658005,216.582001,216.595001
2026-08-28T00:00:00Z,216.595001,216.667999,216.578003,216.634003
2026-08-28T00:15:00Z,216.634003,216.675003,216.626999,216.645996
2026-08-28T00:30:00Z,216.645996,216.658997,216.598007,216.615997
2026-08-28T00:45:00Z,216.615997,216.673996,216.584000,216.649002
2026-08-28T01:00:00Z,216.654007,216.688004,216.604996,216.613007
2026-08-28T01:15:00Z,216.604996,216.643997,216.582001,216.623001
2026-08-28T01:30:00Z,216.626007,216.688004,216.610992,216.671005
2026-08-28T01:45:00Z,216.671005,216.688995,216.641006,216.656006
2026-08-28T02:00:00Z,216.649994,216.692993,216.628006,216.658005
2026-08-28T02:15:00Z,216.653000,216.664993,216.600006,216.628998
2026-08-28T02:30:00Z,216.628998,216.686996,216.628006,216.658997
2026-08-28T02:45:00Z,216.658997,216.733994,216.654999,216.710007
2026-08-28T03:00:00Z,216.710999,216.764008,216.709000,216.738998
2026-08-28T03:15:00Z,216.738998,216.757996,216.699997,216.710007
2026-08-28T03:30:00Z,216.710007,216.738007,216.649994,216.656998
2026-08-28T03:45:00Z,216.653000,216.695999,216.653000,216.666000
2026-08-28T04:00:00Z,216.664993,216.714005,216.662994,216.677002
2026-08-28T04:15:00Z,216.677002,216.727997,216.675003,216.694000
2026-08-28T04:30:00Z,216.694000,216.729996,216.675995,216.686005
2026-08-28T04:45:00Z,216.686005,216.744003,216.684998,216.716003
2026-08-28T05:00:00Z,216.710999,216.789001,216.705994,216.768997
2026-08-28T05:15:00Z,216.763000,216.794006,216.742004,216.766998
2026-08-28T05:30:00Z,216.761993,216.800003,216.729004,216.759995
2026-08-28T05:45:00Z,216.753998,216.783005,216.731003,216.748001
2026-08-28T06:00:00Z,216.753006,216.813995,216.744003,216.796005
2026-08-28T06:15:00Z,216.796005,216.798996,216.725998,216.772003
2026-08-28T06:30:00Z,216.772995,216.798996,216.688004,216.733002
2026-08-28T06:45:00Z,216.725998,216.735992,216.666000,216.671997
2026-08-28T07:00:00Z,216.669998,216.690002,216.613998,216.653000
2026-08-28T07:15:00Z,216.653000,216.679993,216.542999,216.548004
2026-08-28T07:30:00Z,216.546005,216.695999,216.537003,216.677994
2026-08-28T07:45:00Z,216.679993,216.740005,216.667999,216.697998
2026-08-28T08:00:00Z,216.697006,216.772003,216.684006,216.742004
2026-08-28T08:15:00Z,216.742004,216.796997,216.714996,216.753998
2026-08-28T08:30:00Z,216.757004,216.779007,216.694000,216.716995
2026-08-28T08:45:00Z,216.716995,216.815994,216.716995,216.796005
2026-08-28T09:00:00Z,216.796005,216.878006,216.735001,216.845001
2026-08-28T09:15:00Z,216.845001,216.882996,216.807999,216.824997
2026-08-28T09:30:00Z,216.824997,216.889999,216.820999,216.869003
2026-08-28T09:45:00Z,216.863007,216.891998,216.817993,216.856003
2026-08-28T10:00:00Z,216.852005,216.904007,216.832993,216.865005
2026-08-28T10:15:00Z,216.860001,216.938995,216.839005,216.923996
2026-08-28T10:30:00Z,216.923996,216.988998,216.914001,216.973999
2026-08-28T10:45:00Z,216.975998,217.016006,216.942001,216.953995
2026-08-28T11:00:00Z,216.959000,216.964996,216.914001,216.938004
2026-08-28T11:15:00Z,216.938004,216.947998,216.891998,216.903000
2026-08-28T11:30:00Z,216.906998,216.942993,216.889008,216.910995
2026-08-28T11:45:00Z,216.914001,216.942001,216.865997,216.865997
2026-08-28T12:00:00Z,216.867004,216.895996,216.835007,216.841995
2026-08-28T12:15:00Z,216.841995,216.848999,216.710007,216.710999
2026-08-28T12:30:00Z,216.710999,216.733002,216.656998,216.686005
2026-08-28T12:45:00Z,216.692001,216.789001,216.669006,216.750000
2026-08-28T13:00:00Z,216.744003,216.820999,216.707993,216.794998
2026-08-28T13:15:00Z,216.800995,216.826996,216.710999,216.742996
2026-08-28T13:30:00Z,216.744003,216.796005,216.723999,216.751007
2026-08-28T13:45:00Z,216.757004,216.798996,216.634995,216.701996
2026-08-28T14:00:00Z,216.647003,216.759995,216.332993,216.682999
2026-08-28T14:15:00Z,216.675995,216.684006,216.356003,216.444000
2026-08-28T14:30:00Z,216.442993,216.600998,216.414001,216.556000
2026-08-28T14:45:00Z,216.557007,217.050995,216.548004,216.957001
2026-08-28T15:00:00Z,216.955002,217.035995,216.828003,216.854004
2026-08-28T15:15:00Z,216.854004,216.923996,216.824997,216.886993
2026-08-28T15:30:00Z,216.895996,216.968994,216.869003,216.951004
2026-08-28T15:45:00Z,216.947006,217.009995,216.764999,216.798996
2026-08-28T16:00:00Z,216.802002,216.850998,216.738007,216.746002
2026-08-28T16:15:00Z,216.742996,216.785004,216.690002,216.757004
2026-08-28T16:30:00Z,216.753006,216.835007,216.753006,216.804993
2026-08-28T16:45:00Z,216.811005,216.934006,216.796997,216.834000
2026-08-28T17:00:00Z,216.835007,216.839005,216.692001,216.776001
2026-08-28T17:15:00Z,216.781998,216.800003,216.742996,216.751999
2026-08-28T17:30:00Z,216.751999,216.770004,216.677002,216.699997
2026-08-28T17:45:00Z,216.699005,216.737000,216.677002,216.701996
2026-08-28T18:00:00Z,216.701996,216.709000,216.658005,216.660004
2026-08-28T18:15:00Z,216.660004,216.695007,216.651001,216.664001
2026-08-28T18:30:00Z,216.669006,216.707993,216.658005,216.667007
2026-08-28T18:45:00Z,216.667007,216.688995,216.643997,216.654999
2026-08-28T19:00:00Z,216.654999,216.682007,216.591995,216.654999
2026-08-28T19:15:00Z,216.654999,216.675995,216.632004,216.658997
2026-08-28T19:30:00Z,216.658997,216.727005,216.649994,216.707001
2026-08-28T19:45:00Z,216.707993,216.737000,216.677002,216.699005
2026-08-28T20:00:00Z,216.697006,216.718994,216.656006,216.690002
2026-08-28T20:15:00Z,216.690002,216.731995,216.619003,216.636993
2026-08-28T20:30:00Z,216.638000,216.673996,216.600006,216.636993
2026-08-28T20:45:00Z,216.649994,216.720993,216.470993,216.548004
2026-08-30T23:00:00Z,216.723007,216.832001,216.722000,216.807999
2026-08-30T23:15:00Z,216.807007,216.845001,216.792007,216.811996
2026-08-30T23:30:00Z,216.811996,216.813004,216.766998,216.798004
2026-08-30T23:45:00Z,216.798004,216.824997,216.761002,216.791000
2026-08-31T00:00:00Z,216.789993,216.798004,216.630997,216.662003
2026-08-31T00:15:00Z,216.662003,216.673004,216.602005,216.608994
2026-08-31T00:30:00Z,216.608002,216.740997,216.587997,216.731995
2026-08-31T00:45:00Z,216.727997,216.766998,216.654007,216.664001
2026-08-31T01:00:00Z,216.669998,216.677002,216.511993,216.554993
2026-08-31T01:15:00Z,216.554993,216.567993,216.399002,216.442993
2026-08-31T01:30:00Z,216.436996,216.507004,216.401993,216.464005
2026-08-31T01:45:00Z,216.462997,216.481003,216.414001,216.457993
2026-08-31T02:00:00Z,216.445999,216.475998,216.417007,216.425995
2026-08-31T02:15:00Z,216.427002,216.444000,216.352005,216.386002
2026-08-31T02:30:00Z,216.386002,216.434998,216.332001,216.341995
2026-08-31T02:45:00Z,216.341995,216.425995,216.337006,216.399994
2026-08-31T03:00:00Z,216.399994,216.445007,216.382004,216.419006
2026-08-31T03:15:00Z,216.416000,216.457993,216.401993,216.447998
2026-08-31T03:30:00Z,216.438004,216.477005,216.419998,216.451996
2026-08-31T03:45:00Z,216.451996,216.457993,216.403000,216.434998
2026-08-31T04:00:00Z,216.434006,216.440002,216.384003,216.410004
2026-08-31T04:15:00Z,216.417007,216.445007,216.399994,216.432999
2026-08-31T04:30:00Z,216.425995,216.445007,216.363998,216.378006
2026-08-31T04:45:00Z,216.378998,216.427002,216.369003,216.427002
2026-08-31T05:00:00Z,216.425003,216.434998,216.360001,216.380997
2026-08-31T05:15:00Z,216.389008,216.462997,216.376007,216.434998
2026-08-31T05:30:00Z,216.432007,216.468002,216.403000,216.457993
2026-08-31T05:45:00Z,216.457993,216.526993,216.453003,216.509995
2026-08-31T06:00:00Z,216.501999,216.514999,216.442001,216.483994
2026-08-31T06:15:00Z,216.481995,216.548004,216.468002,216.529007
2026-08-31T06:30:00Z,216.528000,216.602997,216.503998,216.507996
2026-08-31T06:45:00Z,216.507996,216.550003,216.412994,216.421997
2026-08-31T07:00:00Z,216.423004,216.431000,216.179993,216.188004
2026-08-31T07:15:00Z,216.184006,216.205002,216.074997,216.173996
2026-08-31T07:30:00Z,216.173996,216.216003,216.104996,216.207993
2026-08-31T07:45:00Z,216.210007,216.220001,216.132004,216.164001
2026-08-31T08:00:00Z,216.158997,216.216003,216.059006,216.141998
2026-08-31T08:15:00Z,216.141998,216.237000,216.117004,216.235001
2026-08-31T08:30:00Z,216.229996,216.264999,216.188004,216.222000
2026-08-31T08:45:00Z,216.222000,216.304001,216.171997,216.285995
2026-08-31T09:00:00Z,216.281998,216.343002,216.261002,216.298996
2026-08-31T09:15:00Z,216.294998,216.326996,216.263000,216.278000
2026-08-31T09:30:00Z,216.278000,216.320999,216.274994,216.304001
2026-08-31T09:45:00Z,216.304993,216.332993,216.291000,216.307007
2026-08-31T10:00:00Z,216.307999,216.380005,216.298996,216.330002
2026-08-31T10:15:00Z,216.330002,216.373993,216.311005,216.332001
2026-08-31T10:30:00Z,216.328995,216.343994,216.244003,216.257004
2026-08-31T10:45:00Z,216.255997,216.283005,216.216003,216.259995
2026-08-31T11:00:00Z,216.259995,216.268997,216.173004,216.203003
2026-08-31T11:15:00Z,216.201996,216.225006,216.184006,216.210007
2026-08-31T11:30:00Z,216.210007,216.225998,216.188004,216.212006
2026-08-31T11:45:00Z,216.212006,216.240997,216.177994,216.210007
2026-08-31T12:00:00Z,216.210007,216.285004,216.175003,216.281006
2026-08-31T12:15:00Z,216.281006,216.404999,216.264999,216.389999
2026-08-31T12:30:00Z,216.384995,216.434006,216.347000,216.354004
2026-08-31T12:45:00Z,216.354004,216.449997,216.330002,216.442993
2026-08-31T13:00:00Z,216.442993,216.503006,216.427002,216.483002
2026-08-31T13:15:00Z,216.479004,216.524002,216.427994,216.473007
2026-08-31T13:30:00Z,216.477997,216.494003,216.423996,216.468002
2026-08-31T13:45:00Z,216.466003,216.511993,216.414993,216.445999
2026-08-31T14:00:00Z,216.445999,216.453003,216.320999,216.365005
2026-08-31T14:15:00Z,216.365005,216.414993,216.345993,216.369003
2026-08-31T14:30:00Z,216.375000,216.438995,216.201004,216.283005
2026-08-31T14:45:00Z,216.289001,216.604004,216.279999,216.470001
2026-08-31T15:00:00Z,216.473999,216.580002,216.406998,216.466003
2026-08-31T15:15:00Z,216.466003,216.492996,216.419006,216.466995
2026-08-31T15:30:00Z,216.468002,216.507004,216.421997,216.432999
2026-08-31T15:45:00Z,216.432999,216.475006,216.408997,216.423996
2026-08-31T16:00:00Z,216.421005,216.427002,216.337997,216.369003
2026-08-31T16:15:00Z,216.369003,216.403000,216.350006,216.382004
2026-08-31T16:30:00Z,216.386993,216.421005,216.339996,216.352005
2026-08-31T16:45:00Z,216.348999,216.369003,216.320007,216.339996
2026-08-31T17:00:00Z,216.339996,216.365005,216.309998,216.345001
2026-08-31T17:15:00Z,216.343994,216.391998,216.341995,216.371994
2026-08-31T17:30:00Z,216.369995,216.412994,216.360001,216.408997
2026-08-31T17:45:00Z,216.404999,216.417007,216.373001,216.373001
2026-08-31T18:00:00Z,216.373993,216.401993,216.352005,216.397995
2026-08-31T18:15:00Z,216.395004,216.414001,216.373001,216.389999
2026-08-31T18:30:00Z,216.391006,216.479996,216.384995,216.468002
2026-08-31T18:45:00Z,216.470993,216.529999,216.447998,216.513000
2026-08-31T19:00:00Z,216.511002,216.514999,216.429993,216.447006
2026-08-31T19:15:00Z,216.445007,216.451996,216.399994,216.412994
2026-08-31T19:30:00Z,216.412003,216.473007,216.382004,216.472000
2026-08-31T19:45:00Z,216.468002,216.503006,216.447998,216.449997
2026-08-31T20:00:00Z,216.453995,216.455994,216.397995,216.401993
2026-08-31T20:15:00Z,216.399002,216.429001,216.391006,216.419998
2026-08-31T20:30:00Z,216.421997,216.459000,216.414001,216.436996
2026-08-31T20:45:00Z,216.432999,216.447998,216.352005,216.386993
2026-08-31T21:00:00Z,216.389999,216.473007,216.069000,216.358002
2026-08-31T21:15:00Z,216.358002,216.479004,216.324005,216.369003
2026-08-31T21:30:00Z,216.369003,216.500000,216.369003,216.445999
2026-08-31T21:45:00Z,216.453003,216.516998,216.395996,216.427002
2026-08-31T22:00:00Z,216.429993,216.492996,216.397003,216.449005
2026-08-31T22:15:00Z,216.451004,216.462997,216.423996,216.432999
2026-08-31T22:30:00Z,216.432999,216.451996,216.429001,216.438004
2026-08-31T22:45:00Z,216.436996,216.442993,216.417999,216.432999
2026-08-31T23:00:00Z,216.436005,216.475006,216.429993,216.468994
2026-08-31T23:15:00Z,216.464996,216.470993,216.425995,216.445999
2026-08-31T23:30:00Z,216.447998,216.468994,216.423996,216.432007
2026-08-31T23:45:00Z,216.432007,216.449997,216.384995,216.436005
2026-09-01T00:00:00Z,216.431000,216.567993,216.429001,216.451004
2026-09-01T00:15:00Z,216.444000,216.492996,216.412994,216.475006
2026-09-01T00:30:00Z,216.470993,216.554001,216.466995,216.535004
2026-09-01T00:45:00Z,216.529999,216.578995,216.503998,216.563004
2026-09-01T01:00:00Z,216.563004,216.580002,216.431000,216.494003
2026-09-01T01:15:00Z,216.494003,216.529007,216.427002,216.449005
2026-09-01T01:30:00Z,216.447006,216.488007,216.440002,216.485001
2026-09-01T01:45:00Z,216.483002,216.492996,216.326996,216.386993
2026-09-01T02:00:00Z,216.389008,216.460999,216.373001,216.406006
2026-09-01T02:15:00Z,216.410995,216.434998,216.391998,216.406998
2026-09-01T02:30:00Z,216.406998,216.425995,216.371994,216.389999
2026-09-01T02:45:00Z,216.388000,216.449005,216.384003,216.442993
2026-09-01T03:00:00Z,216.445007,216.449005,216.399994,216.416000
2026-09-01T03:15:00Z,216.417007,216.423004,216.371002,216.380997
2026-09-01T03:30:00Z,216.380997,216.417007,216.371994,216.389008
2026-09-01T03:45:00Z,216.389008,216.427002,216.378998,216.382996
2026-09-01T04:00:00Z,216.382996,216.432999,216.375000,216.419006
2026-09-01T04:15:00Z,216.416000,216.440002,216.391006,216.408005
2026-09-01T04:30:00Z,216.406998,216.449005,216.393997,216.434006
2026-09-01T04:45:00Z,216.434006,216.507996,216.429993,216.501007
2026-09-01T05:00:00Z,216.494003,216.572998,216.494003,216.570999
2026-09-01T05:15:00Z,216.563004,216.576996,216.539001,216.556000
2026-09-01T05:30:00Z,216.554993,216.604996,216.511993,216.522995
2026-09-01T05:45:00Z,216.522995,216.587006,216.507996,216.578003
2026-09-01T06:00:00Z,216.576004,216.606995,216.528000,216.602997
2026-09-01T06:15:00Z,216.598999,216.621994,216.473999,216.492004
2026-09-01T06:30:00Z,216.492996,216.643005,216.492004,216.639008
2026-09-01T06:45:00Z,216.638000,216.649002,216.554993,216.576004
2026-09-01T07:00:00Z,216.574997,216.628006,216.548004,216.587997
2026-09-01T07:15:00Z,216.593002,216.628998,216.522003,216.524002
2026-09-01T07:30:00Z,216.526001,216.556000,216.490005,216.529007
2026-09-01T07:45:00Z,216.529007,216.600998,216.498993,216.552994
2026-09-01T08:00:00Z,216.552002,216.585999,216.457993,216.466003
2026-09-01T08:15:00Z,216.462997,216.535995,216.462997,216.522003
2026-09-01T08:30:00Z,216.524994,216.587997,216.447006,216.572998
2026-09-01T08:45:00Z,216.572998,216.604004,216.511993,216.561996
2026-09-01T09:00:00Z,216.552994,216.580002,216.509995,216.533997
2026-09-01T09:15:00Z,216.528000,216.669006,216.522003,216.666000
2026-09-01T09:30:00Z,216.667007,216.725998,216.641998,216.688004
2026-09-01T09:45:00Z,216.682007,216.731003,216.662994,216.697006
2026-09-01T10:00:00Z,216.699005,216.733002,216.658997,216.710999
2026-09-01T10:15:00Z,216.710999,216.735001,216.651993,216.669006
2026-09-01T10:30:00Z,216.673996,216.692993,216.638000,216.654007
2026-09-01T10:45:00Z,216.654007,216.723999,216.649994,216.682007
2026-09-01T11:00:00Z,216.682007,216.735001,216.641006,216.703003
2026-09-01T11:15:00Z,216.697998,216.766998,216.541000,216.684998
2026-09-01T11:30:00Z,216.677994,216.729004,216.658997,216.667007
2026-09-01T11:45:00Z,216.667007,216.729004,216.645996,216.718002
2026-09-01T12:00:00Z,216.716995,216.727005,216.679001,216.697006
2026-09-01T12:15:00Z,216.697006,216.776001,216.679993,216.751999
2026-09-01T12:30:00Z,216.751007,216.800995,216.707001,216.729004
2026-09-01T12:45:00Z,216.729996,216.737000,216.556000,216.615997
2026-09-01T13:00:00Z,216.610992,216.671997,216.600006,216.606003
2026-09-01T13:15:00Z,216.610001,216.684006,216.600998,216.673996
2026-09-01T13:30:00Z,216.671005,216.776001,216.654007,216.757004
2026-09-01T13:45:00Z,216.761993,216.796997,216.658997,216.733002
2026-09-01T14:00:00Z,216.722000,216.834000,216.539993,216.783005
2026-09-01T14:15:00Z,216.785995,216.787003,216.598007,216.602997
2026-09-01T14:30:00Z,216.602997,216.688995,216.539993,216.682007
2026-09-01T14:45:00Z,216.682007,216.723007,216.639008,216.699005
2026-09-01T15:00:00Z,216.703995,216.733002,216.537994,216.591003
2026-09-01T15:15:00Z,216.591003,216.604996,216.524994,216.546005
2026-09-01T15:30:00Z,216.546005,216.570999,216.498993,216.514008
2026-09-01T15:45:00Z,216.513000,216.516998,216.444000,216.466003
2026-09-01T16:00:00Z,216.468002,216.524994,216.421005,216.516006
2026-09-01T16:15:00Z,216.516998,216.604004,216.494995,216.576996
2026-09-01T16:30:00Z,216.578003,216.610992,216.507996,216.529999
2026-09-01T16:45:00Z,216.529007,216.535995,216.445999,216.449005
2026-09-01T17:00:00Z,216.453995,216.494003,216.438004,216.483994
2026-09-01T17:15:00Z,216.481995,216.541000,216.466003,216.533005
2026-09-01T17:30:00Z,216.537003,216.548004,216.483002,216.511002
2026-09-01T17:45:00Z,216.511002,216.550003,216.503006,216.542007
2026-09-01T18:00:00Z,216.537994,216.554001,216.511002,216.518005
2026-09-01T18:15:00Z,216.516998,216.552994,216.479996,216.483002
2026-09-01T18:30:00Z,216.481995,216.492004,216.436005,216.475006
2026-09-01T18:45:00Z,216.470993,216.516006,216.470993,216.494003
2026-09-01T19:00:00Z,216.490997,216.516006,216.468994,216.490997
2026-09-01T19:15:00Z,216.496002,216.520996,216.479996,216.509995
2026-09-01T19:30:00Z,216.509995,216.520996,216.470993,216.492004
2026-09-01T19:45:00Z,216.492004,216.526993,216.479004,216.485001
2026-09-01T20:00:00Z,216.490997,216.494995,216.460999,216.479996
2026-09-01T20:15:00Z,216.485001,216.488007,216.447006,216.453003
2026-09-01T20:30:00Z,216.447998,216.498001,216.445007,216.490005
2026-09-01T20:45:00Z,216.490005,216.526001,216.419006,216.460007
2026-09-01T21:00:00Z,216.447998,216.537003,216.261993,216.373001
2026-09-01T21:15:00Z,216.432007,216.522995,216.300995,216.345993
2026-09-01T21:30:00Z,216.352997,216.522003,216.319000,216.335999
2026-09-01T21:45:00Z,216.335999,216.498001,216.319000,216.365005
2026-09-01T22:00:00Z,216.391006,216.518997,216.354004,216.498001
2026-09-01T22:15:00Z,216.498993,216.529999,216.479996,216.487000
2026-09-01T22:30:00Z,216.494003,216.505005,216.462006,216.498001
2026-09-01T22:45:00Z,216.496994,216.526993,216.488007,216.511993
2026-09-01T23:00:00Z,216.509995,216.542007,216.501999,216.516998
2026-09-01T23:15:00Z,216.514008,216.529007,216.483002,216.500000
2026-09-01T23:30:00Z,216.492996,216.509003,216.447006,216.490997
2026-09-01T23:45:00Z,216.485001,216.513000,216.473999,216.481003
2026-09-02T00:00:00Z,216.479996,216.490997,216.410004,216.434998
2026-09-02T00:15:00Z,216.434998,216.468002,216.386993,216.406006
2026-09-02T00:30:00Z,216.408997,216.501999,216.393997,216.438004
2026-09-02T00:45:00Z,216.434998,216.514008,216.419998,216.492996
2026-09-02T01:00:00Z,216.494003,216.522003,216.453995,216.457993
2026-09-02T01:15:00Z,216.457993,216.520004,216.447006,216.492996
2026-09-02T01:30:00Z,216.494003,216.546005,216.473007,216.526993
2026-09-02T01:45:00Z,216.526993,216.582993,216.526993,216.570007
2026-09-02T02:00:00Z,216.570007,216.576996,216.496994,216.539993
2026-09-02T02:15:00Z,216.539993,216.576996,216.503998,216.511993
2026-09-02T02:30:00Z,216.507004,216.516006,216.449997,216.470993
2026-09-02T02:45:00Z,216.468002,216.498001,216.444000,216.455994
2026-09-02T03:00:00Z,216.457001,216.464996,216.410004,216.447998
2026-09-02T03:15:00Z,216.449005,216.455002,216.389999,216.395004
2026-09-02T03:30:00Z,216.395004,216.401001,216.304993,216.317993
2026-09-02T03:45:00Z,216.311996,216.343002,216.302994,216.319000
2026-09-02T04:00:00Z,216.319000,216.324997,216.209000,216.240997
2026-09-02T04:15:00Z,216.240997,216.294998,216.214005,216.246994
2026-09-02T04:30:00Z,216.240997,216.255005,216.167999,216.177994
2026-09-02T04:45:00Z,216.169998,216.197006,216.000000,216.089996
2026-09-02T05:00:00Z,216.085007,216.093002,215.979996,216.026993
2026-09-02T05:15:00Z,216.028000,216.091995,215.931000,215.994995
2026-09-02T05:30:00Z,215.996002,216.035004,215.908005,215.957993
2026-09-02T05:45:00Z,215.949997,215.957001,215.794998,215.794998
2026-09-02T06:00:00Z,215.796005,215.798996,215.304001,215.436996
2026-09-02T06:15:00Z,215.425003,215.651993,215.419998,215.554993
2026-09-02T06:30:00Z,215.552994,215.608994,215.393997,215.408005
2026-09-02T06:45:00Z,215.404007,215.453995,215.242004,215.337006
2026-09-02T07:00:00Z,215.326996,215.598999,215.326996,215.582001
2026-09-02T07:15:00Z,215.582001,215.740997,215.544998,215.598007
2026-09-02T07:30:00Z,215.595993,215.690002,215.541000,215.667007
2026-09-02T07:45:00Z,215.664993,215.764999,215.638000,215.748001
2026-09-02T08:00:00Z,215.750000,215.830994,215.720001,215.798996
2026-09-02T08:15:00Z,215.794998,215.858994,215.677002,215.703003
2026-09-02T08:30:00Z,215.701996,215.845993,215.688004,215.824997
2026-09-02T08:45:00Z,215.830002,215.858002,215.789993,215.809006
2026-09-02T09:00:00Z,215.813004,215.889999,215.746002,215.753998
2026-09-02T09:15:00Z,215.761002,215.811996,215.712006,215.787003
2026-09-02T09:30:00Z,215.781006,215.787994,215.658005,215.703995
2026-09-02T09:45:00Z,215.703995,215.720001,215.565002,215.585999
2026-09-02T10:00:00Z,215.585999,215.610992,215.535004,215.556000
2026-09-02T10:15:00Z,215.556000,215.569000,215.505005,215.563995
2026-09-02T10:30:00Z,215.563004,215.589996,215.511993,215.518005
2026-09-02T10:45:00Z,215.514999,215.598007,215.496994,215.593994
2026-09-02T11:00:00Z,215.595001,215.634995,215.511002,215.561996
2026-09-02T11:15:00Z,215.552994,215.561996,215.395004,215.410004
2026-09-02T11:30:00Z,215.404999,215.410995,215.229004,215.389008
2026-09-02T11:45:00Z,215.380005,215.434006,215.235992,215.248001
2026-09-02T12:00:00Z,215.248001,215.263000,215.119003,215.141006
2026-09-02T12:15:00Z,215.195999,215.266998,215.063004,215.181000
2026-09-02T12:30:00Z,215.181000,215.266998,215.164993,215.203995
2026-09-02T12:45:00Z,215.199005,215.266998,215.041000,215.044006
2026-09-02T13:00:00Z,215.044006,215.141006,215.011002,215.139008
2026-09-02T13:15:00Z,215.139008,215.207001,213.598999,214.408005
2026-09-02T13:30:00Z,214.412994,214.632996,214.074997,214.197006
2026-09-02T13:45:00Z,214.195999,214.386002,214.074005,214.259003
2026-09-02T14:00:00Z,214.261002,214.516998,214.171997,214.276001
2026-09-02T14:15:00Z,214.276001,214.384003,214.233002,214.304001
2026-09-02T14:30:00Z,214.307007,214.408997,214.054993,214.354004
2026-09-02T14:45:00Z,214.369003,214.485992,214.197998,214.384003
2026-09-02T15:00:00Z,214.376007,214.445007,214.274994,214.285004
2026-09-02T15:15:00Z,214.283005,214.300995,214.164993,214.268005
2026-09-02T15:30:00Z,214.264008,214.315002,214.188995,214.296997
2026-09-02T15:45:00Z,214.300003,214.388000,214.263000,214.386993
2026-09-02T16:00:00Z,214.388000,214.457001,214.380005,214.438004
2026-09-02T16:15:00Z,214.436005,214.460999,214.384995,214.410995
2026-09-02T16:30:00Z,214.414993,214.429001,214.339996,214.386993
2026-09-02T16:45:00Z,214.386993,214.397995,214.328995,214.350006
2026-09-02T17:00:00Z,214.345993,214.399994,214.320999,214.343002
2026-09-02T17:15:00Z,214.341003,214.408005,214.317993,214.395996
2026-09-02T17:30:00Z,214.395004,214.401993,214.307007,214.358994
2026-09-02T17:45:00Z,214.358994,214.365997,214.209000,214.279007
2026-09-02T18:00:00Z,214.279999,214.356003,214.248993,214.345993
2026-09-02T18:15:00Z,214.345001,214.380005,214.229004,214.350006
2026-09-02T18:30:00Z,214.347000,214.391998,214.306000,214.388000
2026-09-02T18:45:00Z,214.386993,214.404007,214.294998,214.345993
2026-09-02T19:00:00Z,214.350006,214.419006,214.311005,214.371002
2026-09-02T19:15:00Z,214.371002,214.375000,214.298996,214.300003
2026-09-02T19:30:00Z,214.300003,214.339005,214.257004,214.266006
2026-09-02T19:45:00Z,214.268997,214.281006,214.126007,214.143005
2026-09-02T20:00:00Z,214.145004,214.173004,213.951004,213.992004
2026-09-02T20:15:00Z,213.990997,214.085007,213.988998,214.035004
2026-09-02T20:30:00Z,214.054993,214.084000,214.029999,214.050003
2026-09-02T20:45:00Z,214.052002,214.115005,213.932007,214.007996
2026-09-02T21:00:00Z,213.981995,214.098999,213.630005,213.932999
2026-09-02T21:15:00Z,213.951996,214.087997,213.843994,213.856003
2026-09-02T21:30:00Z,213.878006,214.065002,213.843994,213.936996
2026-09-02T21:45:00Z,213.917999,214.039993,213.856995,213.904999
2026-09-02T22:00:00Z,213.899994,214.011002,213.867996,213.990997
2026-09-02T22:15:00Z,213.990997,214.072006,213.990997,214.039993
2026-09-02T22:30:00Z,214.039001,214.089005,214.037003,214.063004
2026-09-02T22:45:00Z,214.063004,214.147995,214.048996,214.089005
2026-09-02T23:00:00Z,214.067993,214.169998,214.057999,214.162003
2026-09-02T23:15:00Z,214.156998,214.162994,214.080994,214.117004
2026-09-02T23:30:00Z,214.110992,214.192001,214.110992,214.184998
2026-09-02T23:45:00Z,214.186996,214.281998,214.181000,214.227997
2026-09-03T00:00:00Z,214.231995,214.296005,214.134995,214.283997
2026-09-03T00:15:00Z,214.281998,214.320007,214.158997,214.169006
2026-09-03T00:30:00Z,214.167999,214.184006,213.938004,213.996994
2026-09-03T00:45:00Z,213.992004,214.070007,213.863998,214.061996
2026-09-03T01:00:00Z,214.059998,214.080002,213.901001,213.904007
2026-09-03T01:15:00Z,213.906006,213.936005,213.684998,213.684998
2026-09-03T01:30:00Z,213.690994,213.692001,213.436005,213.574997
2026-09-03T01:45:00Z,213.574997,213.703995,213.559998,213.684006
2026-09-03T02:00:00Z,213.690002,213.714996,213.438004,213.453995
2026-09-03T02:15:00Z,213.453003,213.492004,213.166000,213.203003
2026-09-03T02:30:00Z,213.197998,213.272995,213.095001,213.250000
2026-09-03T02:45:00Z,213.251999,213.304993,213.011993,213.156998
2026-09-03T03:00:00Z,213.162994,213.167007,212.727997,212.856995
2026-09-03T03:15:00Z,212.856995,212.983994,212.787994,212.931000
2026-09-03T03:30:00Z,212.929001,213.080994,212.891006,213.001007
2026-09-03T03:45:00Z,212.998993,213.018005,212.856003,212.901993
2026-09-03T04:00:00Z,212.901001,213.020004,212.876007,212.897995
2026-09-03T04:15:00Z,212.897995,212.942993,212.820999,212.828995
2026-09-03T04:30:00Z,212.832001,212.848999,212.632996,212.751007
2026-09-03T04:45:00Z,212.753006,212.850998,212.707001,212.766006
2026-09-03T05:00:00Z,212.759995,212.873993,212.753998,212.813004
2026-09-03T05:15:00Z,212.822006,212.828003,212.628006,212.681000
2026-09-03T05:30:00Z,212.677002,212.783997,212.587006,212.684998
2026-09-03T05:45:00Z,212.682999,212.688004,212.306000,212.309998
2026-09-03T06:00:00Z,212.311005,212.339996,212.143997,212.149994
2026-09-03T06:15:00Z,212.147995,212.199997,212.029007,212.044006
2026-09-03T06:30:00Z,212.044998,212.218994,212.011993,212.037003
2026-09-03T06:45:00Z,212.037994,212.089005,211.901001,211.990997
2026-09-03T07:00:00Z,211.990997,211.990997,211.097000,211.544998
2026-09-03T07:15:00Z,211.548004,211.570007,211.332001,211.559998
2026-09-03T07:30:00Z,211.552994,212.309998,211.348007,212.098007
2026-09-03T07:45:00Z,212.089005,212.311005,212.020004,212.050003
2026-09-03T08:00:00Z,212.050003,212.149002,211.779999,211.886002
2026-09-03T08:15:00Z,211.889008,212.050995,211.725998,211.815002
2026-09-03T08:30:00Z,211.815994,211.925995,211.615997,211.621994
2026-09-03T08:45:00Z,211.621994,211.643005,211.367004,211.537003
2026-09-03T09:00:00Z,211.537994,211.723999,211.300003,211.393997
2026-09-03T09:15:00Z,211.384003,211.401993,211.126999,211.190002
2026-09-03T09:30:00Z,211.182999,211.255005,210.919006,210.970993
2026-09-03T09:45:00Z,210.977997,211.134995,210.807999,211.130005
2026-09-03T10:00:00Z,211.113007,211.121994,210.807007,210.977997
2026-09-03T10:15:00Z,210.977997,211.110001,210.770004,210.835999
2026-09-03T10:30:00Z,210.834000,211.050003,210.813004,210.953995
2026-09-03T10:45:00Z,210.953995,210.988007,210.852005,210.932999
2026-09-03T11:00:00Z,210.938995,210.973007,210.563004,210.600006
2026-09-03T11:15:00Z,210.604996,210.701004,210.334000,210.604004
2026-09-03T11:30:00Z,210.604004,210.759995,210.557999,210.701996
2026-09-03T11:45:00Z,210.707001,210.759995,210.608994,210.634003
2026-09-03T12:00:00Z,210.634003,210.703995,210.429993,210.449005
2026-09-03T12:15:00Z,210.453003,210.475998,210.074005,210.102005
2026-09-03T12:30:00Z,210.154007,210.397995,210.018005,210.119995
2026-09-03T12:45:00Z,210.121002,210.298004,210.054993,210.283997
2026-09-03T13:00:00Z,210.289001,210.438995,210.253006,210.360992
2026-09-03T13:15:00Z,210.360992,210.369995,210.078995,210.218994
2026-09-03T13:30:00Z,210.218994,210.317993,210.136993,210.244003
2026-09-03T13:45:00Z,210.244003,210.264008,209.957001,210.020004
2026-09-03T14:00:00Z,210.031998,210.134995,209.901993,210.014008
2026-09-03T14:15:00Z,210.016006,210.179001,209.957993,210.145004
2026-09-03T14:30:00Z,210.145996,210.319000,210.059998,210.248993
2026-09-03T14:45:00Z,210.248001,210.257996,210.035995,210.085999
2026-09-03T15:00:00Z,210.091003,210.673996,210.072006,210.623993
2026-09-03T15:15:00Z,210.621994,210.824005,210.528000,210.615005
2026-09-03T15:30:00Z,210.615997,210.634003,210.326004,210.332993
2026-09-03T15:45:00Z,210.332001,210.382004,210.199005,210.276993
2026-09-03T16:00:00Z,210.272995,210.356003,210.229996,210.320999
2026-09-03T16:15:00Z,210.317001,210.490997,210.311005,210.466995
2026-09-03T16:30:00Z,210.483002,210.483002,210.332993,210.378998
2026-09-03T16:45:00Z,210.378998,210.460007,210.365997,210.410995
2026-09-03T17:00:00Z,210.410995,210.557999,210.382996,210.483994
2026-09-03T17:15:00Z,210.490005,210.580002,210.447998,210.498001
2026-09-03T17:30:00Z,210.498001,210.554001,210.468994,210.479996
2026-09-03T17:45:00Z,210.479996,210.520996,210.460007,210.479004
2026-09-03T18:00:00Z,210.483994,210.500000,210.412994,210.492004
2026-09-03T18:15:00Z,210.490997,210.539001,210.444000,210.468994
2026-09-03T18:30:00Z,210.470001,210.589996,210.464996,210.567993
2026-09-03T18:45:00Z,210.567993,210.632004,210.507004,210.511993
2026-09-03T19:00:00Z,210.518997,210.729004,210.503006,210.703003
2026-09-03T19:15:00Z,210.699997,210.712997,210.578995,210.662994
2026-09-03T19:30:00Z,210.662994,210.748993,210.595993,210.684006
2026-09-03T19:45:00Z,210.684006,210.705994,210.598007,210.658997
2026-09-03T20:00:00Z,210.656006,210.718002,210.645996,210.712006
2026-09-03T20:15:00Z,210.710999,210.723999,210.654007,210.684006
2026-09-03T20:30:00Z,210.682999,210.738998,210.660004,210.735001
2026-09-03T20:45:00Z,210.733994,210.738007,210.632004,210.694000
2026-09-03T21:00:00Z,210.694000,210.845993,210.453995,210.744003
2026-09-03T21:15:00Z,210.746002,210.921997,210.716003,210.792007
2026-09-03T21:30:00Z,210.798004,210.901001,210.714005,210.766998
2026-09-03T21:45:00Z,210.787994,210.876999,210.701996,210.740997
2026-09-03T22:00:00Z,210.740005,210.817001,210.645996,210.751007
2026-09-03T22:15:00Z,210.744003,210.807999,210.744003,210.783997
2026-09-03T22:30:00Z,210.783997,210.919998,210.781006,210.871994
2026-09-03T22:45:00Z,210.871994,211.136002,210.871994,211.126999
2026-09-03T23:00:00Z,211.126007,211.188995,211.026001,211.076996
2026-09-03T23:15:00Z,211.076996,211.108002,210.966003,210.970001
2026-09-03T23:30:00Z,210.975006,210.975006,210.712997,210.804993
2026-09-03T23:45:00Z,210.804993,210.811005,210.537994,210.552994
2026-09-04T00:00:00Z,210.552994,210.582993,210.104004,210.460007
2026-09-04T00:15:00Z,210.453995,210.794006,210.453003,210.789993
2026-09-04T00:30:00Z,210.785004,210.932999,210.606995,210.718002
2026-09-04T00:45:00Z,210.722000,210.755997,210.488007,210.742996
2026-09-04T01:00:00Z,210.742996,210.910995,210.643997,210.897995
2026-09-04T01:15:00Z,210.903000,211.149994,210.856003,210.979996
2026-09-04T01:30:00Z,210.979996,211.205994,210.942993,211.151993
2026-09-04T01:45:00Z,211.149994,211.156998,210.936996,210.947998
2026-09-04T02:00:00Z,210.942993,211.035995,210.865997,211.022995
2026-09-04T02:15:00Z,211.016006,211.126007,210.960999,211.063995
2026-09-04T02:30:00Z,211.063995,211.139999,211.003006,211.072998
2026-09-04T02:45:00Z,211.070007,211.207993,211.018005,211.173996
2026-09-04T03:00:00Z,211.169998,211.261002,211.151001,211.190002
2026-09-04T03:15:00Z,211.195007,211.248993,211.175995,211.207001
2026-09-04T03:30:00Z,211.205994,211.548996,211.201004,211.544006
2026-09-04T03:45:00Z,211.539993,211.621002,211.477997,211.550003
2026-09-04T04:00:00Z,211.550003,211.585007,211.468002,211.567993
2026-09-04T04:15:00Z,211.574005,211.666000,211.542007,211.570999
2026-09-04T04:30:00Z,211.570999,211.591003,211.436005,211.453995
2026-09-04T04:45:00Z,211.455002,211.572006,211.445007,211.524002
2026-09-04T05:00:00Z,211.518997,211.636993,211.453003,211.464996
2026-09-04T05:15:00Z,211.460007,211.582001,211.427994,211.496994
2026-09-04T05:30:00Z,211.498993,211.589005,211.479004,211.569000
2026-09-04T05:45:00Z,211.576996,211.666000,211.509003,211.572998
2026-09-04T06:00:00Z,211.597000,211.772995,211.518997,211.580994
2026-09-04T06:15:00Z,211.576004,211.682999,211.507996,211.528000
2026-09-04T06:30:00Z,211.520996,211.554993,211.403000,211.442993
2026-09-04T06:45:00Z,211.447998,211.632004,211.367996,211.615005
2026-09-04T07:00:00Z,211.615005,211.811996,211.597000,211.753998
2026-09-04T07:15:00Z,211.757996,211.811996,211.643997,211.701996
2026-09-04T07:30:00Z,211.695999,211.772003,211.628006,211.679001
2026-09-04T07:45:00Z,211.675995,211.684006,211.526001,211.533997
2026-09-04T08:00:00Z,211.541000,211.703995,211.524994,211.638000
2026-09-04T08:15:00Z,211.638000,211.720993,211.570007,211.690994
2026-09-04T08:30:00Z,211.686996,211.701996,211.464005,211.587997
2026-09-04T08:45:00Z,211.593994,211.714005,211.552002,211.666000
2026-09-04T09:00:00Z,211.666000,211.669006,211.509003,211.514008
2026-09-04T09:15:00Z,211.511002,211.554001,211.423004,211.522003
2026-09-04T09:30:00Z,211.520004,211.781998,211.509995,211.682007
2026-09-04T09:45:00Z,211.682999,211.731995,211.576996,211.598999
2026-09-04T10:00:00Z,211.598007,211.604996,211.488998,211.498001
2026-09-04T10:15:00Z,211.498001,211.550003,211.447006,211.462997
2026-09-04T10:30:00Z,211.457001,211.572998,211.421997,211.561996
2026-09-04T10:45:00Z,211.561996,211.576996,211.505005,211.531998
2026-09-04T11:00:00Z,211.526001,211.602997,211.503006,211.535004
2026-09-04T11:15:00Z,211.533997,211.597000,211.529999,211.561005
2026-09-04T11:30:00Z,211.559998,211.567001,211.466995,211.472000
2026-09-04T11:45:00Z,211.481003,211.481003,211.373001,211.459000
2026-09-04T12:00:00Z,211.459000,211.496994,211.315994,211.348999
2026-09-04T12:15:00Z,211.341995,211.397003,210.934998,211.070999
2026-09-04T12:30:00Z,210.919998,211.453995,210.804001,210.983994
2026-09-04T12:45:00Z,210.983002,211.037994,209.703003,210.227997
2026-09-04T13:00:00Z,210.225998,210.735992,210.214996,210.686996
2026-09-04T13:15:00Z,210.686005,210.690994,210.285995,210.300995
2026-09-04T13:30:00Z,210.304993,210.533005,210.169006,210.417999
2026-09-04T13:45:00Z,210.421005,210.587006,210.339996,210.472000
2026-09-04T14:00:00Z,210.473007,210.931000,210.462006,210.867996
2026-09-04T14:15:00Z,210.871002,210.942001,210.785004,210.835999
2026-09-04T14:30:00Z,210.837006,210.921005,210.647995,210.901993
2026-09-04T14:45:00Z,210.893997,211.078003,210.893005,210.981995
2026-09-04T15:00:00Z,210.983002,211.024002,210.811996,210.841995
2026-09-04T15:15:00Z,210.837997,211.009995,210.828995,210.990997
2026-09-04T15:30:00Z,210.990005,211.080002,210.925003,211.035995
2026-09-04T15:45:00Z,211.035995,211.082001,210.957001,211.063004
2026-09-04T16:00:00Z,211.063004,211.100998,211.003998,211.078003
2026-09-04T16:15:00Z,211.076004,211.080994,210.955002,210.992004
2026-09-04T16:30:00Z,210.996994,211.022003,210.932999,210.972000
2026-09-04T16:45:00Z,210.968002,211.026001,210.871002,210.903000
2026-09-04T17:00:00Z,210.932999,211.054001,210.893997,210.975998
2026-09-04T17:15:00Z,210.973007,211.018997,210.938004,210.988007
2026-09-04T17:30:00Z,210.981995,210.994003,210.912994,210.955002
2026-09-04T17:45:00Z,210.953003,211.014999,210.912994,210.996994
2026-09-04T18:00:00Z,211.000000,211.014008,210.973007,211.000000
2026-09-04T18:15:00Z,211.000000,211.042999,210.988998,211.041000
2026-09-04T18:30:00Z,211.037994,211.119995,211.016006,211.098007
2026-09-04T18:45:00Z,211.102005,211.162003,211.087997,211.106003
2026-09-04T19:00:00Z,211.108002,211.160004,211.104004,211.145996
2026-09-04T19:15:00Z,211.145996,211.192993,211.123001,211.184006
2026-09-04T19:30:00Z,211.188995,211.233994,211.169998,211.227997
2026-09-04T19:45:00Z,211.225998,211.242004,211.203995,211.214005
2026-09-04T20:00:00Z,211.209000,211.257004,211.169998,211.188995
2026-09-04T20:15:00Z,211.188004,211.218994,211.102005,211.177994
2026-09-04T20:30:00Z,211.171005,211.205002,211.119003,211.139008
2026-09-04T20:45:00Z,211.141006,211.203003,211.016006,211.173004
2026-09-04T21:00:00Z,211.300995,211.300995,211.300995,211.300995
2026-09-04T21:15:00Z,211.300995,211.300995,211.300995,211.300995
2026-09-06T23:00:00Z,211.136002,211.145004,211.039001,211.052994
2026-09-06T23:15:00Z,211.046997,211.074005,211.024002,211.054001
2026-09-06T23:30:00Z,211.056000,211.113998,211.013000,211.108002
2026-09-06T23:45:00Z,211.112000,211.184998,211.095993,211.134995
2026-09-07T00:00:00Z,211.136002,211.199005,211.020004,211.054993
2026-09-07T00:15:00Z,211.048996,211.091003,210.768997,210.774002
2026-09-07T00:30:00Z,210.776993,210.792007,210.651001,210.778000
2026-09-07T00:45:00Z,210.770996,210.843002,210.710007,210.759003
2026-09-07T01:00:00Z,210.753998,210.845001,210.692993,210.787994
2026-09-07T01:15:00Z,210.785995,210.904999,210.768005,210.904999
2026-09-07T01:30:00Z,210.895004,210.985992,210.880997,210.884003
2026-09-07T01:45:00Z,210.884003,210.925995,210.811005,210.835007
2026-09-07T02:00:00Z,210.835007,210.962006,210.792007,210.953003
2026-09-07T02:15:00Z,210.955994,210.973999,210.899994,210.903000
2026-09-07T02:30:00Z,210.904999,211.020996,210.884995,211.007004
2026-09-07T02:45:00Z,211.005997,211.026993,210.951996,210.966003
2026-09-07T03:00:00Z,210.960999,210.994995,210.899002,210.910995
2026-09-07T03:15:00Z,210.908997,210.929001,210.852005,210.865005
2026-09-07T03:30:00Z,210.863007,210.912994,210.852005,210.884995
2026-09-07T03:45:00Z,210.884995,210.914001,210.815002,210.830994
2026-09-07T04:00:00Z,210.830994,210.966995,210.830994,210.949997
2026-09-07T04:15:00Z,210.949005,210.979996,210.927002,210.970001
2026-09-07T04:30:00Z,210.973007,210.983002,210.837997,210.848999
2026-09-07T04:45:00Z,210.848999,210.904999,210.817993,210.841003
2026-09-07T05:00:00Z,210.852005,210.880005,210.804993,210.862000
2026-09-07T05:15:00Z,210.862000,210.895004,210.834000,210.835007
2026-09-07T05:30:00Z,210.837997,210.860992,210.759003,210.800995
2026-09-07T05:45:00Z,210.800995,210.828003,210.591003,210.619003
2026-09-07T06:00:00Z,210.617004,210.684006,210.570007,210.669006
2026-09-07T06:15:00Z,210.662003,210.684006,210.356003,210.582001
2026-09-07T06:30:00Z,210.589005,210.664993,210.550995,210.649994
2026-09-07T06:45:00Z,210.643997,210.835007,210.638000,210.828003
2026-09-07T07:00:00Z,210.834000,210.852997,210.727005,210.783997
2026-09-07T07:15:00Z,210.779999,210.815002,210.526001,210.535004
2026-09-07T07:30:00Z,210.522003,210.733002,210.511002,210.725998
2026-09-07T07:45:00Z,210.727005,210.751999,210.449997,210.494003
2026-09-07T08:00:00Z,210.494003,210.526001,209.235001,209.438004
2026-09-07T08:15:00Z,209.442001,209.565994,208.697006,208.731995
2026-09-07T08:30:00Z,208.725998,209.126999,208.636993,209.013000
2026-09-07T08:45:00Z,209.018997,209.179993,208.783997,209.061996
2026-09-07T09:00:00Z,209.059998,209.117996,208.904999,209.070999
2026-09-07T09:15:00Z,209.070999,209.126007,208.794998,208.832001
2026-09-07T09:30:00Z,208.832993,209.061005,208.826996,208.996002
2026-09-07T09:45:00Z,208.996002,209.214005,208.953003,209.126007
2026-09-07T10:00:00Z,209.126007,209.233994,209.065002,209.233002
2026-09-07T10:15:00Z,209.227005,209.401001,209.223999,209.356003
2026-09-07T10:30:00Z,209.356003,209.492996,209.326996,209.442001
2026-09-07T10:45:00Z,209.442001,209.451004,209.298996,209.365997
2026-09-07T11:00:00Z,209.365005,209.473999,209.352997,209.423996
2026-09-07T11:15:00Z,209.423996,209.477005,209.330994,209.339996
2026-09-07T11:30:00Z,209.337006,209.373993,209.253006,209.356003
2026-09-07T11:45:00Z,209.356003,209.403000,209.330002,209.373993
2026-09-07T12:00:00Z,209.371002,209.404007,209.335007,209.391998
2026-09-07T12:15:00Z,209.391998,209.445999,209.080002,209.091995
2026-09-07T12:30:00Z,209.091995,209.123993,208.830002,208.843002
2026-09-07T12:45:00Z,208.841003,209.145004,208.824005,209.130005
2026-09-07T13:00:00Z,209.130005,209.201996,208.981995,209.001007
2026-09-07T13:15:00Z,209.001007,209.130997,208.992996,209.091995
2026-09-07T13:30:00Z,209.102005,209.177994,208.992996,209.067001
2026-09-07T13:45:00Z,209.065994,209.268005,209.031006,209.182999
2026-09-07T14:00:00Z,209.184998,209.320007,209.141006,209.175003
2026-09-07T14:15:00Z,209.173996,209.195999,208.979996,208.990997
2026-09-07T14:30:00Z,208.988007,209.052002,208.934998,209.035004
2026-09-07T14:45:00Z,209.033997,209.139008,208.951004,208.983002
2026-09-07T15:00:00Z,208.983994,209.128006,208.970001,209.026993
2026-09-07T15:15:00Z,209.028000,209.054993,208.917007,208.917999
2026-09-07T15:30:00Z,208.923004,209.024002,208.871994,208.977997
2026-09-07T15:45:00Z,208.977997,209.104004,208.973999,209.039001
2026-09-07T16:00:00Z,209.039993,209.085999,209.024002,209.059998
2026-09-07T16:15:00Z,209.052994,209.093994,209.031998,209.057007
2026-09-07T16:30:00Z,209.057007,209.057999,208.972000,208.975998
2026-09-07T16:45:00Z,208.981003,209.074005,208.975006,209.005997
2026-09-07T17:00:00Z,209.007996,209.026993,208.988007,208.996002
2026-09-07T17:15:00Z,208.996994,209.018005,208.972000,208.994995
2026-09-07T17:30:00Z,208.994003,209.037994,208.994003,209.029007
2026-09-07T17:45:00Z,209.029007,209.063995,209.022003,209.028000
2026-09-07T18:00:00Z,209.028000,209.037994,209.007004,209.014008
2026-09-07T18:15:00Z,209.018005,209.018005,208.994003,209.000000
2026-09-07T18:30:00Z,209.000000,209.026993,208.998993,209.013000
2026-09-07T18:45:00Z,209.013000,209.018997,208.992004,208.992004
2026-09-07T19:00:00Z,208.994003,209.022003,208.992004,209.009995
2026-09-07T19:15:00Z,209.013000,209.026993,208.966995,208.972000
2026-09-07T19:30:00Z,208.972000,209.007004,208.966995,208.996002
2026-09-07T19:45:00Z,208.996002,209.014999,208.988007,208.988007
2026-09-07T20:00:00Z,208.988007,209.018005,208.975006,209.011993
2026-09-07T20:15:00Z,209.007004,209.041000,209.001007,209.003998
2026-09-07T20:30:00Z,209.003998,209.035004,208.973999,209.026001
2026-09-07T20:45:00Z,209.022003,209.042007,208.899994,208.968994
2026-09-07T21:00:00Z,208.973999,209.057007,208.556000,208.852997
2026-09-07T21:15:00Z,208.852997,209.070007,208.848007,208.856995
2026-09-07T21:30:00Z,208.936005,209.067993,208.787003,208.882004
2026-09-07T21:45:00Z,208.886993,209.078003,208.867996,208.914993
2026-09-07T22:00:00Z,208.959000,209.041000,208.865005,209.029999
2026-09-07T22:15:00Z,209.024002,209.035995,208.772995,208.792007
2026-09-07T22:30:00Z,208.787003,208.869995,208.779999,208.856003
2026-09-07T22:45:00Z,208.856003,208.886993,208.753998,208.778000
2026-09-07T23:00:00Z,208.764999,208.781998,208.528000,208.546997
2026-09-07T23:15:00Z,208.546005,208.664993,208.341995,208.535004
2026-09-07T23:30:00Z,208.535004,208.667007,208.432999,208.505005
2026-09-07T23:45:00Z,208.505005,208.602005,208.345993,208.373993
2026-09-08T00:00:00Z,208.373993,208.451004,208.102005,208.167007
2026-09-08T00:15:00Z,208.164001,208.205002,207.942001,207.966003
2026-09-08T00:30:00Z,207.972000,208.251007,207.951004,208.240005
2026-09-08T00:45:00Z,208.237000,208.319000,208.069000,208.261993
2026-09-08T01:00:00Z,208.268997,208.285995,208.123001,208.136002
2026-09-08T01:15:00Z,208.128006,208.164993,207.854004,207.860001
2026-09-08T01:30:00Z,207.860992,207.996994,207.753998,207.949005
2026-09-08T01:45:00Z,207.945007,208.078995,207.751999,207.772995
2026-09-08T02:00:00Z,207.757996,207.772995,207.464996,207.546005
2026-09-08T02:15:00Z,207.548004,207.550003,207.082993,207.201004
2026-09-08T02:30:00Z,207.203995,207.533997,207.197006,207.283005
2026-09-08T02:45:00Z,207.281998,207.559998,207.244003,207.537994
2026-09-08T03:00:00Z,207.539993,207.557007,207.345001,207.481003
2026-09-08T03:15:00Z,207.483994,207.574005,207.479996,207.507004
2026-09-08T03:30:00Z,207.507004,207.542007,207.371002,207.395004
2026-09-08T03:45:00Z,207.395004,207.602997,207.311005,207.569000
2026-09-08T04:00:00Z,207.563995,207.753998,207.445999,207.593994
2026-09-08T04:15:00Z,207.593994,207.804001,207.563995,207.770004
2026-09-08T04:30:00Z,207.763000,207.895004,207.697006,207.822998
2026-09-08T04:45:00Z,207.822998,207.904999,207.744003,207.781006
2026-09-08T05:00:00Z,207.781006,207.820999,207.572006,207.595001
2026-09-08T05:15:00Z,207.595993,207.841995,207.552002,207.841995
2026-09-08T05:30:00Z,207.843002,207.916000,207.742004,207.757004
2026-09-08T05:45:00Z,207.757004,207.882996,207.641006,207.649994
2026-09-08T06:00:00Z,207.649994,207.932999,207.626007,207.921997
2026-09-08T06:15:00Z,207.923996,208.186996,207.897995,208.106003
2026-09-08T06:30:00Z,208.106003,208.330002,208.087006,208.154999
2026-09-08T06:45:00Z,208.154999,208.248001,208.052002,208.154007
2026-09-08T07:00:00Z,208.160995,208.453003,208.139999,208.429993
2026-09-08T07:15:00Z,208.432007,208.442993,208.158005,208.199005
2026-09-08T07:30:00Z,208.199997,208.337006,208.158005,208.171997
2026-09-08T07:45:00Z,208.169006,208.278000,208.056000,208.110001
2026-09-08T08:00:00Z,208.108002,208.459000,208.022995,208.210007
2026-09-08T08:15:00Z,208.210007,208.324005,208.080002,208.188004
2026-09-08T08:30:00Z,208.190002,208.548004,208.182999,208.516998
2026-09-08T08:45:00Z,208.518997,208.677994,208.419006,208.520004
2026-09-08T09:00:00Z,208.524002,208.535995,208.350998,208.444000
2026-09-08T09:15:00Z,208.444000,208.459000,208.248001,208.289001
2026-09-08T09:30:00Z,208.289001,208.481003,208.082001,208.278000
2026-09-08T09:45:00Z,208.281006,208.307999,208.110001,208.248993
2026-09-08T10:00:00Z,208.246994,208.399994,208.225998,208.397003
2026-09-08T10:15:00Z,208.397995,208.498001,208.343002,208.498001
2026-09-08T10:30:00Z,208.494995,208.565002,208.449997,208.520996
2026-09-08T10:45:00Z,208.520004,208.677994,208.464996,208.654007
2026-09-08T11:00:00Z,208.649002,208.835999,208.628006,208.738998
2026-09-08T11:15:00Z,208.738998,208.830994,208.701996,208.744003
2026-09-08T11:30:00Z,208.742004,208.876007,208.725998,208.811005
2026-09-08T11:45:00Z,208.811005,209.007996,208.779999,208.940994
2026-09-08T12:00:00Z,208.940994,209.026993,208.858002,208.889999
2026-09-08T12:15:00Z,208.889999,208.903000,208.565994,208.636002
2026-09-08T12:30:00Z,208.645004,208.804001,208.554001,208.630997
2026-09-08T12:45:00Z,208.634995,208.649002,208.453995,208.468002
2026-09-08T13:00:00Z,208.457001,208.574997,208.335007,208.570007
2026-09-08T13:15:00Z,208.574005,208.684998,208.425003,208.434006
2026-09-08T13:30:00Z,208.429001,208.557999,208.324005,208.550995
2026-09-08T13:45:00Z,208.554001,208.574997,208.389008,208.438004
2026-09-08T14:00:00Z,208.432999,208.727997,208.417999,208.727997
2026-09-08T14:15:00Z,208.731995,208.826996,208.634003,208.776993
2026-09-08T14:30:00Z,208.770996,208.791000,208.630997,208.768005
2026-09-08T14:45:00Z,208.761993,208.787994,208.574005,208.707993
2026-09-08T15:00:00Z,208.707993,208.994003,208.694000,208.923004
2026-09-08T15:15:00Z,208.923004,208.975006,208.869003,208.893997
2026-09-08T15:30:00Z,208.893997,208.897003,208.697998,208.815002
2026-09-08T15:45:00Z,208.817001,208.865997,208.753998,208.852005
2026-09-08T16:00:00Z,208.848007,208.875000,208.813004,208.852005
2026-09-08T16:15:00Z,208.847000,208.940994,208.792999,208.822006
2026-09-08T16:30:00Z,208.815994,208.826996,208.755005,208.802994
2026-09-08T16:45:00Z,208.807999,208.871002,208.776993,208.826996
2026-09-08T17:00:00Z,208.824997,208.858994,208.774994,208.820007
2026-09-08T17:15:00Z,208.820007,208.839005,208.785004,208.804001
2026-09-08T17:30:00Z,208.811005,208.895996,208.798996,208.841003
2026-09-08T17:45:00Z,208.841995,208.901001,208.802994,208.841995
2026-09-08T18:00:00Z,208.835007,209.007996,208.822998,208.996002
2026-09-08T18:15:00Z,208.992004,209.037003,208.880005,208.908997
2026-09-08T18:30:00Z,208.914993,208.944000,208.718002,208.761993
2026-09-08T18:45:00Z,208.761993,208.972000,207.770996,208.057007
2026-09-08T19:00:00Z,208.067993,208.445007,208.046997,208.376007
2026-09-08T19:15:00Z,208.378006,208.475006,208.360992,208.470993
2026-09-08T19:30:00Z,208.466995,208.483994,208.298996,208.403000
2026-09-08T19:45:00Z,208.401993,208.503998,208.397995,208.479996
2026-09-08T20:00:00Z,208.483002,208.492996,208.419006,208.457993
2026-09-08T20:15:00Z,208.460007,208.514999,208.427002,208.477997
2026-09-08T20:30:00Z,208.481003,208.533005,208.457001,208.522003
2026-09-08T20:45:00Z,208.522003,208.529007,208.397995,208.404007
2026-09-08T21:00:00Z,208.468994,208.496002,207.966995,208.384003
2026-09-08T21:15:00Z,208.337997,208.436996,208.139999,208.259995
2026-09-08T21:30:00Z,208.212006,208.417007,208.098007,208.205002
2026-09-08T21:45:00Z,208.209000,208.320999,208.169006,208.231003
2026-09-08T22:00:00Z,208.201996,208.440994,208.139008,208.184998
2026-09-08T22:15:00Z,208.184998,208.197998,208.076004,208.078995
2026-09-08T22:30:00Z,208.082993,208.169006,208.016998,208.162994
2026-09-08T22:45:00Z,208.164001,208.210999,208.110992,208.181000
2026-09-08T23:00:00Z,208.156998,208.169006,207.942001,207.945999
2026-09-08T23:15:00Z,207.945999,207.990997,207.875000,207.938004
2026-09-08T23:30:00Z,207.938004,208.029007,207.843994,207.867996
2026-09-08T23:45:00Z,207.867996,207.940002,207.785995,207.826996
2026-09-09T00:00:00Z,207.820999,207.858002,207.651993,207.679993
2026-09-09T00:15:00Z,207.684998,207.779007,207.602005,207.742004
2026-09-09T00:30:00Z,207.740997,208.089996,207.740005,208.085007
2026-09-09T00:45:00Z,208.078995,208.244003,208.033005,208.054993
2026-09-09T01:00:00Z,208.050003,208.261002,208.046005,208.231003
2026-09-09T01:15:00Z,208.235001,208.334000,208.138000,208.292999
2026-09-09T01:30:00Z,208.292999,208.304001,208.061005,208.139999
2026-09-09T01:45:00Z,208.145996,208.147995,207.979996,207.996002
2026-09-09T02:00:00Z,207.990997,208.097000,207.975006,208.018005
2026-09-09T02:15:00Z,208.009003,208.139999,207.994003,208.091003
2026-09-09T02:30:00Z,208.093002,208.106003,207.970001,207.987000
2026-09-09T02:45:00Z,207.987000,207.996002,207.880005,207.949005
2026-09-09T03:00:00Z,207.942993,208.031006,207.906006,208.018997
2026-09-09T03:15:00Z,208.011993,208.039993,207.960999,207.970001
2026-09-09T03:30:00Z,207.970001,207.979004,207.778000,207.789993
2026-09-09T03:45:00Z,207.787003,207.888000,207.737000,207.832001
2026-09-09T04:00:00Z,207.835999,207.867004,207.695999,207.755005
2026-09-09T04:15:00Z,207.753006,207.778000,207.701004,207.723007
2026-09-09T04:30:00Z,207.718002,207.852997,207.692001,207.792999
2026-09-09T04:45:00Z,207.787003,207.955994,207.781998,207.947006
2026-09-09T05:00:00Z,207.934998,207.951996,207.804993,207.934006
2026-09-09T05:15:00Z,207.927994,207.947006,207.774002,207.779999
2026-09-09T05:30:00Z,207.781006,207.832993,207.723999,207.809998
2026-09-09T05:45:00Z,207.811005,207.854996,207.664001,207.740005
2026-09-09T06:00:00Z,207.735001,207.791000,207.522995,207.533005
2026-09-09T06:15:00Z,207.533997,207.651001,207.389008,207.630005
2026-09-09T06:30:00Z,207.630005,207.923004,207.630005,207.910995
2026-09-09T06:45:00Z,207.912994,207.953003,207.806000,207.921005
2026-09-09T07:00:00Z,207.919998,207.934998,207.669998,207.757996
2026-09-09T07:15:00Z,207.757996,207.988998,207.738007,207.891006
2026-09-09T07:30:00Z,207.884995,207.947998,207.692001,207.744003
2026-09-09T07:45:00Z,207.746994,207.770996,207.569000,207.597000
2026-09-09T08:00:00Z,207.600998,207.811005,207.591003,207.751999
2026-09-09T08:15:00Z,207.753006,208.011002,207.742996,207.983994
2026-09-09T08:30:00Z,207.985001,208.154999,207.979004,208.039993
2026-09-09T08:45:00Z,208.041000,208.117996,207.972000,208.085999
2026-09-09T09:00:00Z,208.080002,208.089005,207.951004,207.973007
2026-09-09T09:15:00Z,207.966003,208.026993,207.904999,207.910995
2026-09-09T09:30:00Z,207.910995,207.936005,207.770004,207.772003
2026-09-09T09:45:00Z,207.772003,207.953003,207.755997,207.929993
2026-09-09T10:00:00Z,207.919998,207.962006,207.858994,207.944000
2026-09-09T10:15:00Z,207.940002,208.018005,207.819000,207.863007
2026-09-09T10:30:00Z,207.869003,207.973999,207.819000,207.972000
2026-09-09T10:45:00Z,207.966995,207.983994,207.813004,207.850006
2026-09-09T11:00:00Z,207.848007,207.893997,207.735001,207.768005
2026-09-09T11:15:00Z,207.759995,207.979996,207.755997,207.979996
2026-09-09T11:30:00Z,207.979004,207.998001,207.910995,207.938004
2026-09-09T11:45:00Z,207.936996,207.951996,207.735001,207.792999
2026-09-09T12:00:00Z,207.791000,207.970001,207.772995,207.867004
2026-09-09T12:15:00Z,207.871002,208.007004,207.843994,207.979996
2026-09-09T12:30:00Z,207.979996,208.020004,207.848007,207.850006
2026-09-09T12:45:00Z,207.850006,207.863998,207.742996,207.774002
2026-09-09T13:00:00Z,207.779999,207.804001,207.742004,207.770996
2026-09-09T13:15:00Z,207.772995,207.811005,207.690994,207.791000
2026-09-09T13:30:00Z,207.787003,207.951004,207.781998,207.938004
2026-09-09T13:45:00Z,207.938004,207.972000,207.774002,207.817993
2026-09-09T14:00:00Z,207.820999,207.835999,207.634995,207.649994
2026-09-09T14:15:00Z,207.651001,207.893997,207.636002,207.815994
2026-09-09T14:30:00Z,207.815994,207.873993,207.714005,207.871994
2026-09-09T14:45:00Z,207.871002,207.942993,207.755005,207.776001
2026-09-09T15:00:00Z,207.778000,208.240005,207.733994,208.212006
2026-09-09T15:15:00Z,208.216995,208.248993,207.949997,208.020004
2026-09-09T15:30:00Z,208.022003,208.039001,207.776001,207.906006
2026-09-09T15:45:00Z,207.908005,208.001999,207.843994,207.992004
2026-09-09T16:00:00Z,207.992004,208.048004,207.947998,207.994995
2026-09-09T16:15:00Z,208.000000,208.169006,207.988007,208.098007
2026-09-09T16:30:00Z,208.098007,208.110992,208.001007,208.035004
2026-09-09T16:45:00Z,208.033997,208.121002,207.981003,208.115997
2026-09-09T17:00:00Z,208.115997,208.136993,208.052002,208.078003
2026-09-09T17:15:00Z,208.080002,208.197006,208.078995,208.151993
2026-09-09T17:30:00Z,208.151001,208.223999,208.087006,208.102005
2026-09-09T17:45:00Z,208.100006,208.145996,208.067001,208.074997
2026-09-09T18:00:00Z,208.074997,208.134995,208.037003,208.076004
2026-09-09T18:15:00Z,208.078995,208.091003,208.003006,208.039993
2026-09-09T18:30:00Z,208.039001,208.119003,208.022003,208.115005
2026-09-09T18:45:00Z,208.115005,208.147995,208.044006,208.052994
2026-09-09T19:00:00Z,208.050003,208.182007,208.050003,208.179993
2026-09-09T19:15:00Z,208.179993,208.182007,208.057999,208.074005
2026-09-09T19:30:00Z,208.074005,208.091003,208.016006,208.072998
2026-09-09T19:45:00Z,208.072998,208.110001,208.037994,208.108002
2026-09-09T20:00:00Z,208.110001,208.141006,208.078003,208.093002
2026-09-09T20:15:00Z,208.089996,208.104004,208.044006,208.059998
2026-09-09T20:30:00Z,208.059998,208.070007,207.998993,208.001999
2026-09-09T20:45:00Z,207.998993,208.035004,207.912003,207.912003
2026-09-09T21:00:00Z,207.869003,208.067993,207.505997,207.867004
2026-09-09T21:15:00Z,207.867996,208.126007,207.753998,207.813995
2026-09-09T21:30:00Z,207.904999,208.117004,207.727005,207.936005
2026-09-09T21:45:00Z,207.860001,208.067001,207.718002,207.919998
2026-09-09T22:00:00Z,207.975998,208.031998,207.845993,207.988998
2026-09-09T22:15:00Z,207.983002,207.983994,207.843002,207.858994
2026-09-09T22:30:00Z,207.858994,207.869003,207.764999,207.779999
2026-09-09T22:45:00Z,207.772995,207.826004,207.772003,207.792007
2026-09-09T23:00:00Z,207.804001,207.830002,207.751007,207.809006
2026-09-09T23:15:00Z,207.804001,207.875000,207.778000,207.854996
2026-09-09T23:30:00Z,207.854996,207.953003,207.813995,207.936005
2026-09-09T23:45:00Z,207.936005,208.125000,207.932007,208.028000
2026-09-10T00:00:00Z,208.033005,208.106003,207.942001,207.988007
2026-09-10T00:15:00Z,207.988007,208.115997,207.985992,208.108002
2026-09-10T00:30:00Z,208.106003,208.197998,208.065994,208.162003
2026-09-10T00:45:00Z,208.156998,208.233002,208.098999,208.203003
2026-09-10T01:00:00Z,208.194000,208.216995,208.072006,208.110992
2026-09-10T01:15:00Z,208.108002,208.212997,208.061005,208.205994
2026-09-10T01:30:00Z,208.203003,208.264008,208.125000,208.253998
2026-09-10T01:45:00Z,208.253998,208.283005,208.001007,208.007004
2026-09-10T02:00:00Z,208.013000,208.041000,207.841995,208.007996
2026-09-10T02:15:00Z,208.007004,208.134995,207.987000,208.108002
2026-09-10T02:30:00Z,208.104004,208.153000,208.016998,208.113007
2026-09-10T02:45:00Z,208.113998,208.128006,208.007004,208.018997
2026-09-10T03:00:00Z,208.020996,208.048004,207.970993,208.020996
2026-09-10T03:15:00Z,208.024002,208.048996,207.957001,207.992996
2026-09-10T03:30:00Z,207.992004,208.001007,207.947006,207.996002
2026-09-10T03:45:00Z,207.996002,208.003006,207.891006,207.927002
2026-09-10T04:00:00Z,207.927994,207.962006,207.820999,207.854996
2026-09-10T04:15:00Z,207.856995,207.977997,207.841995,207.972000
2026-09-10T04:30:00Z,207.975006,207.983002,207.925995,207.947998
2026-09-10T04:45:00Z,207.955002,208.005997,207.934006,207.998993
2026-09-10T05:00:00Z,208.005005,208.033005,207.970993,207.977005
2026-09-10T05:15:00Z,207.981995,208.042007,207.964996,208.000000
2026-09-10T05:30:00Z,208.003998,208.257996,207.944000,208.248001
2026-09-10T05:45:00Z,208.251999,208.272995,208.151001,208.246994
2026-09-10T06:00:00Z,208.246002,208.270996,208.076004,208.154007
2026-09-10T06:15:00Z,208.151001,208.171997,208.057999,208.123001
2026-09-10T06:30:00Z,208.121994,208.220993,208.091003,208.216003
2026-09-10T06:45:00Z,208.216003,208.238007,207.977997,207.992996
2026-09-10T07:00:00Z,207.992004,208.113998,207.979996,208.102005
2026-09-10T07:15:00Z,208.102005,208.104004,207.886993,207.921997
2026-09-10T07:30:00Z,207.923004,207.981995,207.834000,207.953003
2026-09-10T07:45:00Z,207.951996,207.992004,207.839996,207.901993
2026-09-10T08:00:00Z,207.897995,208.102005,207.897995,208.072998
2026-09-10T08:15:00Z,208.072998,208.126999,208.042007,208.080994
2026-09-10T08:30:00Z,208.078003,208.216003,208.059998,208.190994
2026-09-10T08:45:00Z,208.192001,208.276001,208.134003,208.259003
2026-09-10T09:00:00Z,208.259003,208.268005,208.132004,208.244995
2026-09-10T09:15:00Z,208.240005,208.328003,208.238998,208.281006
2026-09-10T09:30:00Z,208.281006,208.313995,208.136993,208.141998
2026-09-10T09:45:00Z,208.132004,208.263000,208.121994,208.246002
2026-09-10T10:00:00Z,208.251007,208.317001,208.225006,208.283005
2026-09-10T10:15:00Z,208.283005,208.378006,208.231003,208.373001
2026-09-10T10:30:00Z,208.373001,208.662003,208.317001,208.649994
2026-09-10T10:45:00Z,208.649994,208.710999,208.576996,208.600998
2026-09-10T11:00:00Z,208.600998,208.645996,208.498001,208.602997
2026-09-10T11:15:00Z,208.608994,208.623001,208.520996,208.528000
2026-09-10T11:30:00Z,208.529999,208.593994,208.483002,208.494003
2026-09-10T11:45:00Z,208.494003,208.580002,208.483002,208.548004
2026-09-10T12:00:00Z,208.548004,208.632004,208.423004,208.612000
2026-09-10T12:15:00Z,208.593002,208.750000,208.522003,208.725998
2026-09-10T12:30:00Z,208.725006,208.878998,208.423004,208.473999
2026-09-10T12:45:00Z,208.473999,208.554001,208.352997,208.537003
2026-09-10T13:00:00Z,208.541000,208.557007,208.179993,208.210999
2026-09-10T13:15:00Z,208.209000,208.352997,208.179993,208.218994
2026-09-10T13:30:00Z,208.212997,208.373001,208.169998,208.330994
2026-09-10T13:45:00Z,208.335007,208.339005,208.149002,208.192993
2026-09-10T14:00:00Z,208.192001,208.235992,207.938004,207.994003
2026-09-10T14:15:00Z,207.990997,208.184006,207.988998,208.128006
2026-09-10T14:30:00Z,208.139999,208.298996,208.046005,208.285004
2026-09-10T14:45:00Z,208.285004,208.378998,208.139999,208.216995
2026-09-10T15:00:00Z,208.216995,208.330994,208.154999,208.248001
2026-09-10T15:15:00Z,208.250000,208.360001,208.190002,208.356995
2026-09-10T15:30:00Z,208.354996,208.460007,208.328003,208.451004
2026-09-10T15:45:00Z,208.451004,208.513000,208.412994,208.453003
2026-09-10T16:00:00Z,208.460999,208.587006,208.451996,208.580002
2026-09-10T16:15:00Z,208.574005,208.742996,208.574005,208.727997
2026-09-10T16:30:00Z,208.733002,208.778000,208.694000,208.723999
2026-09-10T16:45:00Z,208.725006,208.783005,208.628006,208.630997
2026-09-10T17:00:00Z,208.630997,208.716995,208.593002,208.701996
2026-09-10T17:15:00Z,208.705002,208.723007,208.634995,208.692993
2026-09-10T17:30:00Z,208.692001,208.751999,208.653000,208.703003
2026-09-10T17:45:00Z,208.703995,208.705002,208.556000,208.561996
2026-09-10T18:00:00Z,208.561996,208.630997,208.535004,208.602005
2026-09-10T18:15:00Z,208.602005,208.636993,208.559998,208.604996
2026-09-10T18:30:00Z,208.604004,208.613998,208.546005,208.548996
2026-09-10T18:45:00Z,208.548996,208.580002,208.518997,208.529999
2026-09-10T19:00:00Z,208.533997,208.550003,208.501007,208.546997
2026-09-10T19:15:00Z,208.546997,208.563995,208.487000,208.516998
2026-09-10T19:30:00Z,208.520004,208.537994,208.483994,208.514999
2026-09-10T19:45:00Z,208.509995,208.514999,208.470001,208.501999
2026-09-10T20:00:00Z,208.496994,208.561005,208.483002,208.557007
2026-09-10T20:15:00Z,208.559006,208.569000,208.513000,208.561005
2026-09-10T20:30:00Z,208.563004,208.641006,208.559006,208.608994
2026-09-10T20:45:00Z,208.610001,208.742004,208.595993,208.628006
2026-09-10T21:00:00Z,208.613007,208.701996,207.938004,208.369995
2026-09-10T21:15:00Z,208.485001,208.636002,208.257004,208.371002
2026-09-10T21:30:00Z,208.373001,208.623993,208.281006,208.475006
2026-09-10T21:45:00Z,208.531006,208.660004,208.304993,208.311005
2026-09-10T22:00:00Z,208.516998,208.776001,208.367004,208.764999
2026-09-10T22:15:00Z,208.764999,208.772995,208.653000,208.654999
2026-09-10T22:30:00Z,208.664993,208.673996,208.591003,208.621994
2026-09-10T22:45:00Z,208.621994,208.628006,208.584000,208.600998
2026-09-10T23:00:00Z,208.587997,208.675995,208.574005,208.634995
2026-09-10T23:15:00Z,208.626999,208.774002,208.615005,208.763000
2026-09-10T23:30:00Z,208.763000,208.865997,208.748993,208.804001
2026-09-10T23:45:00Z,208.804001,208.817001,208.658005,208.677002
2026-09-11T00:00:00Z,208.677002,208.707993,208.544006,208.673996
2026-09-11T00:15:00Z,208.669006,208.794006,208.600006,208.781006
2026-09-11T00:30:00Z,208.776993,208.854996,208.748993,208.800003
2026-09-11T00:45:00Z,208.798004,208.904999,208.755997,208.813004
2026-09-11T01:00:00Z,208.813004,208.832993,208.514999,208.582993
2026-09-11T01:15:00Z,208.582993,208.623001,208.488007,208.522995
2026-09-11T01:30:00Z,208.524994,208.537994,208.395004,208.496994
2026-09-11T01:45:00Z,208.494003,208.565994,208.462997,208.498993
2026-09-11T02:00:00Z,208.498993,208.647995,208.464996,208.597000
2026-09-11T02:15:00Z,208.597000,208.653000,208.548004,208.578003
2026-09-11T02:30:00Z,208.578003,208.626999,208.533997,208.619995
2026-09-11T02:45:00Z,208.617996,208.628998,208.453995,208.475006
2026-09-11T03:00:00Z,208.468002,208.524994,208.369995,208.395004
2026-09-11T03:15:00Z,208.389999,208.509995,208.378998,208.501999
2026-09-11T03:30:00Z,208.501999,208.516998,208.453995,208.481995
2026-09-11T03:45:00Z,208.481003,208.518997,208.382996,208.427002
2026-09-11T04:00:00Z,208.429993,208.445007,208.367004,208.425003
2026-09-11T04:15:00Z,208.421005,208.460007,208.363998,208.436005
2026-09-11T04:30:00Z,208.438004,208.501999,208.360992,208.386002
2026-09-11T04:45:00Z,208.378998,208.425003,208.315002,208.406006
2026-09-11T05:00:00Z,208.401993,208.414993,208.244995,208.248001
2026-09-11T05:15:00Z,208.250000,208.302994,208.223999,208.248993
2026-09-11T05:30:00Z,208.248993,208.296005,208.194000,208.214996
2026-09-11T05:45:00Z,208.210007,208.216995,208.074005,208.123993
2026-09-11T06:00:00Z,208.134995,208.296997,208.061996,208.283005
2026-09-11T06:15:00Z,208.281006,208.395996,208.218002,208.386002
2026-09-11T06:30:00Z,208.384995,208.475998,208.371994,208.414993
2026-09-11T06:45:00Z,208.412994,208.565994,208.406006,208.511002
2026-09-11T07:00:00Z,208.511993,208.520004,208.345001,208.451004
2026-09-11T07:15:00Z,208.445999,208.544006,208.408005,208.487000
2026-09-11T07:30:00Z,208.490997,208.526993,208.417007,208.514999
2026-09-11T07:45:00Z,208.516006,208.531998,208.421997,208.444000
2026-09-11T08:00:00Z,208.438004,208.550003,208.401993,208.529999
2026-09-11T08:15:00Z,208.529999,208.565002,208.442001,208.468002
2026-09-11T08:30:00Z,208.464005,208.496994,208.162003,208.173004
2026-09-11T08:45:00Z,208.173004,208.240997,208.097000,208.126007
2026-09-11T09:00:00Z,208.126007,208.171005,208.078003,208.126999
2026-09-11T09:15:00Z,208.126999,208.266998,208.087006,208.235001
2026-09-11T09:30:00Z,208.235001,208.306000,208.197006,208.229004
2026-09-11T09:45:00Z,208.229004,208.261002,208.031998,208.162003
2026-09-11T10:00:00Z,208.166000,208.223999,208.112000,208.166000
2026-09-11T10:15:00Z,208.166000,208.199997,208.128998,208.138000
2026-09-11T10:30:00Z,208.141006,208.154007,208.001999,208.046005
2026-09-11T10:45:00Z,208.048996,208.115005,207.908005,207.934998
2026-09-11T11:00:00Z,207.934006,208.005005,207.860001,207.981003
2026-09-11T11:15:00Z,207.985992,208.136002,207.979004,208.054993
2026-09-11T11:30:00Z,208.050003,208.089996,207.830994,207.856995
2026-09-11T11:45:00Z,207.852005,207.988007,207.820007,207.988007
2026-09-11T12:00:00Z,207.987000,208.160995,207.983002,208.061005
2026-09-11T12:15:00Z,208.065002,208.164993,207.947006,208.018005
2026-09-11T12:30:00Z,208.000000,208.322006,207.492004,207.580002
2026-09-11T12:45:00Z,207.574005,207.770004,207.423996,207.529007
2026-09-11T13:00:00Z,207.529999,207.621002,207.283997,207.597000
2026-09-11T13:15:00Z,207.598007,207.673996,207.434998,207.529999
2026-09-11T13:30:00Z,207.535004,207.554001,207.356003,207.477997
2026-09-11T13:45:00Z,207.481003,207.701996,207.459000,207.598999
2026-09-11T14:00:00Z,207.598007,207.654999,207.535995,207.630997
2026-09-11T14:15:00Z,207.634003,207.733002,207.589996,207.710007
2026-09-11T14:30:00Z,207.710999,207.804993,207.684998,207.763000
2026-09-11T14:45:00Z,207.755997,207.794006,207.623993,207.641006
2026-09-11T15:00:00Z,207.643997,207.774002,207.557999,207.709000
2026-09-11T15:15:00Z,207.710999,207.751999,207.667999,207.692993
2026-09-11T15:30:00Z,207.690002,207.783997,207.662003,207.776993
2026-09-11T15:45:00Z,207.781006,207.826004,207.720993,207.817001
2026-09-11T16:00:00Z,207.817001,207.862000,207.785004,207.834000
2026-09-11T16:15:00Z,207.830994,207.848999,207.798996,207.832993
2026-09-11T16:30:00Z,207.828003,207.834000,207.755005,207.787994
2026-09-11T16:45:00Z,207.785004,207.873001,207.772995,207.860001
2026-09-11T17:00:00Z,207.860001,207.882004,207.755997,207.796005
2026-09-11T17:15:00Z,207.796005,207.839996,207.794006,207.839005
2026-09-11T17:30:00Z,207.839005,207.893997,207.826996,207.889008
2026-09-11T17:45:00Z,207.889008,207.903000,207.841003,207.848999
2026-09-11T18:00:00Z,207.848007,207.908005,207.837997,207.880005
2026-09-11T18:15:00Z,207.884995,207.923004,207.880005,207.901993
2026-09-11T18:30:00Z,207.908997,207.910004,207.815002,207.843002
2026-09-11T18:45:00Z,207.843002,207.904007,207.837997,207.893005
2026-09-11T19:00:00Z,207.893005,207.966003,207.893005,207.932999
2026-09-11T19:15:00Z,207.934006,207.962006,207.897995,207.904999
2026-09-11T19:30:00Z,207.906998,207.908005,207.863998,207.891998
2026-09-11T19:45:00Z,207.891998,207.919006,207.878006,207.878006
2026-09-11T20:00:00Z,207.884003,207.901001,207.856003,207.862000
2026-09-11T20:15:00Z,207.860992,207.884003,207.828003,207.854996
2026-09-11T20:30:00Z,207.854996,207.940002,207.848007,207.908997
2026-09-11T20:45:00Z,207.893005,207.917007,207.412994,207.718002
2026-09-11T21:00:00Z,207.770996,207.770996,207.770996,207.770996
2026-09-11T21:15:00Z,207.770996,207.770996,207.770996,207.770996
2026-09-13T23:00:00Z,207.815994,207.839996,207.740005,207.802994
2026-09-13T23:15:00Z,207.806000,207.852997,207.699005,207.705002
2026-09-13T23:30:00Z,207.699005,207.733994,207.529007,207.533005
2026-09-13T23:45:00Z,207.535004,207.613998,207.479996,207.500000
2026-09-14T00:00:00Z,207.501007,207.729004,207.449997,207.628998
2026-09-14T00:15:00Z,207.625000,207.737000,207.524994,207.716003
2026-09-14T00:30:00Z,207.714005,207.774002,207.651001,207.746002
2026-09-14T00:45:00Z,207.746994,207.824997,207.651001,207.703003
2026-09-14T01:00:00Z,207.707001,207.938995,207.673996,207.873001
2026-09-14T01:15:00Z,207.871994,207.921005,207.723007,207.729004
2026-09-14T01:30:00Z,207.735992,207.764999,207.658005,207.742004
2026-09-14T01:45:00Z,207.744995,207.817993,207.738007,207.794006
2026-09-14T02:00:00Z,207.794998,207.955994,207.794006,207.949997
2026-09-14T02:15:00Z,207.955002,208.044998,207.925003,207.994003
2026-09-14T02:30:00Z,207.992996,208.162003,207.992996,208.162003
2026-09-14T02:45:00Z,208.160995,208.186005,208.093994,208.132004
2026-09-14T03:00:00Z,208.123993,208.190994,208.123001,208.156998
2026-09-14T03:15:00Z,208.156998,208.169998,208.014999,208.054001
2026-09-14T03:30:00Z,208.054001,208.138000,208.031006,208.052994
2026-09-14T03:45:00Z,208.052002,208.100998,208.031006,208.050995
2026-09-14T04:00:00Z,208.050995,208.063995,207.975006,208.039001
2026-09-14T04:15:00Z,208.039993,208.076996,207.985001,207.990997
2026-09-14T04:30:00Z,207.988007,208.039993,207.891006,207.983002
2026-09-14T04:45:00Z,207.983002,208.014999,207.914001,207.979004
2026-09-14T05:00:00Z,207.979004,207.990997,207.938004,207.951996
2026-09-14T05:15:00Z,207.947998,207.968002,207.886002,207.940002
2026-09-14T05:30:00Z,207.938995,208.044006,207.917007,208.029007
2026-09-14T05:45:00Z,208.024002,208.098999,207.985992,208.014008
2026-09-14T06:00:00Z,208.011993,208.057999,207.876999,207.990997
2026-09-14T06:15:00Z,207.998001,208.108994,207.944000,208.082001
2026-09-14T06:30:00Z,208.080994,208.304001,208.067993,208.248993
2026-09-14T06:45:00Z,208.251007,208.259003,208.108002,208.130005
2026-09-14T07:00:00Z,208.132004,208.210007,208.070007,208.199997
2026-09-14T07:15:00Z,208.203995,208.363007,208.197006,208.304001
2026-09-14T07:30:00Z,208.304001,208.354004,208.186005,208.192001
2026-09-14T07:45:00Z,208.195007,208.356995,208.192001,208.302002
2026-09-14T08:00:00Z,208.300995,208.330994,208.210007,208.268997
2026-09-14T08:15:00Z,208.274002,208.335007,208.205002,208.302002
2026-09-14T08:30:00Z,208.300995,208.408005,208.268005,208.375000
2026-09-14T08:45:00Z,208.373001,208.449005,208.360992,208.393005
2026-09-14T09:00:00Z,208.386993,208.401001,208.190994,208.201996
2026-09-14T09:15:00Z,208.203995,208.332001,208.199997,208.294998
2026-09-14T09:30:00Z,208.294006,208.391006,208.287003,208.365997
2026-09-14T09:45:00Z,208.363998,208.477005,208.339996,208.447998
2026-09-14T10:00:00Z,208.453995,208.621994,208.399994,208.557007
2026-09-14T10:15:00Z,208.559006,208.559006,208.401993,208.429001
2026-09-14T10:30:00Z,208.432007,208.539001,208.425995,208.507004
2026-09-14T10:45:00Z,208.505997,208.537003,208.408997,208.451996
2026-09-14T11:00:00Z,208.455002,208.494003,208.417999,208.440994
2026-09-14T11:15:00Z,208.429993,208.509003,208.382004,208.444000
2026-09-14T11:30:00Z,208.442993,208.589005,208.404999,208.505997
2026-09-14T11:45:00Z,208.509995,208.574997,208.427002,208.533997
2026-09-14T12:00:00Z,208.533997,208.595993,208.524002,208.554001
2026-09-14T12:15:00Z,208.557999,208.626999,208.470001,208.617004
2026-09-14T12:30:00Z,208.615997,208.682007,208.572998,208.619995
2026-09-14T12:45:00Z,208.621002,208.651001,208.522995,208.580994
2026-09-14T13:00:00Z,208.578995,208.621002,208.514008,208.578995
2026-09-14T13:15:00Z,208.578995,208.703003,208.574997,208.697006
2026-09-14T13:30:00Z,208.701996,208.720001,208.582993,208.673004
2026-09-14T13:45:00Z,208.671005,208.766006,208.576996,208.634995
2026-09-14T14:00:00Z,208.636993,208.695999,208.537994,208.574005
2026-09-14T14:15:00Z,208.580002,208.654007,208.503006,208.621994
2026-09-14T14:30:00Z,208.628006,208.636993,208.505005,208.505997
2026-09-14T14:45:00Z,208.505005,208.550995,208.393005,208.479996
2026-09-14T15:00:00Z,208.485992,208.537003,208.388000,208.429001
2026-09-14T15:15:00Z,208.427994,208.487000,208.326996,208.360992
2026-09-14T15:30:00Z,208.363998,208.389008,208.184006,208.229996
2026-09-14T15:45:00Z,208.227997,208.369003,208.223999,208.354996
2026-09-14T16:00:00Z,208.352005,208.393005,208.203995,208.255997
2026-09-14T16:15:00Z,208.255997,208.352997,208.235001,208.341995
2026-09-14T16:30:00Z,208.341995,208.485001,208.311996,208.479004
2026-09-14T16:45:00Z,208.483002,208.503998,208.378998,208.410004
2026-09-14T17:00:00Z,208.410995,208.511002,208.389008,208.494995
2026-09-14T17:15:00Z,208.492004,208.559006,208.481995,208.548004
2026-09-14T17:30:00Z,208.542007,208.565994,208.514008,208.537003
2026-09-14T17:45:00Z,208.537994,208.567993,208.507996,208.557007
2026-09-14T18:00:00Z,208.559998,208.587997,208.520004,208.570007
2026-09-14T18:15:00Z,208.570007,208.582001,208.427994,208.440002
2026-09-14T18:30:00Z,208.440994,208.444000,208.313004,208.313004
2026-09-14T18:45:00Z,208.319000,208.360992,208.018997,208.112000
2026-09-14T19:00:00Z,208.108994,208.298004,208.108994,208.287003
2026-09-14T19:15:00Z,208.276993,208.350006,208.248993,208.337997
2026-09-14T19:30:00Z,208.339005,208.360001,208.292999,208.345993
2026-09-14T19:45:00Z,208.345001,208.389999,208.335999,208.373001
2026-09-14T20:00:00Z,208.371994,208.417007,208.360001,208.380997
2026-09-14T20:15:00Z,208.376999,208.408005,208.362000,208.386002
2026-09-14T20:30:00Z,208.386002,208.427994,208.386002,208.416000
2026-09-14T20:45:00Z,208.416000,208.417999,208.287003,208.311996
2026-09-14T21:00:00Z,208.319000,208.425995,208.145004,208.360992
2026-09-14T21:15:00Z,208.242996,208.410995,208.190994,208.334000
2026-09-14T21:30:00Z,208.218994,208.356003,208.192993,208.266006
2026-09-14T21:45:00Z,208.238007,208.393997,208.201004,208.214996
2026-09-14T22:00:00Z,208.207993,208.380005,208.190994,208.363007
2026-09-14T22:15:00Z,208.337006,208.401001,208.324005,208.369003
2026-09-14T22:30:00Z,208.375000,208.403000,208.335999,208.363998
2026-09-14T22:45:00Z,208.354996,208.356995,208.311996,208.315994
2026-09-14T23:00:00Z,208.319000,208.358994,208.240005,208.354004
2026-09-14T23:15:00Z,208.345001,208.432999,208.345001,208.423996
2026-09-14T23:30:00Z,208.432007,208.483994,208.397995,208.423996
2026-09-14T23:45:00Z,208.423996,208.475006,208.376007,208.468994
2026-09-15T00:00:00Z,208.466003,208.606995,208.440002,208.563004
2026-09-15T00:15:00Z,208.561996,208.664001,208.542999,208.610001
2026-09-15T00:30:00Z,208.604996,208.692001,208.589005,208.658005
2026-09-15T00:45:00Z,208.651993,208.727997,208.595993,208.725998
2026-09-15T01:00:00Z,208.723999,208.751999,208.626999,208.643005
2026-09-15T01:15:00Z,208.649002,208.707993,208.634995,208.667999
2026-09-15T01:30:00Z,208.671005,208.731003,208.645004,208.684006
2026-09-15T01:45:00Z,208.681000,208.733002,208.669998,208.682007
2026-09-15T02:00:00Z,208.690002,208.802994,208.662994,208.796997
2026-09-15T02:15:00Z,208.798996,208.828003,208.757004,208.813995
2026-09-15T02:30:00Z,208.819000,208.856003,208.766006,208.826996
2026-09-15T02:45:00Z,208.826996,208.837997,208.776993,208.785995
2026-09-15T03:00:00Z,208.789001,208.789993,208.701996,208.750000
2026-09-15T03:15:00Z,208.753006,208.753998,208.651001,208.666000
2026-09-15T03:30:00Z,208.671005,208.703003,208.612000,208.634003
2026-09-15T03:45:00Z,208.630997,208.647003,208.542007,208.552994
2026-09-15T04:00:00Z,208.554001,208.591003,208.516998,208.544006
2026-09-15T04:15:00Z,208.546005,208.643997,208.533005,208.634003
2026-09-15T04:30:00Z,208.630997,208.651001,208.529007,208.570007
2026-09-15T04:45:00Z,208.561996,208.641998,208.552994,208.632996
2026-09-15T05:00:00Z,208.632996,208.673004,208.557007,208.608994
2026-09-15T05:15:00Z,208.613998,208.865005,208.595001,208.802994
2026-09-15T05:30:00Z,208.802994,208.845993,208.733002,208.748001
2026-09-15T05:45:00Z,208.755005,208.755005,208.667999,208.707993
2026-09-15T06:00:00Z,208.701996,208.725006,208.535995,208.567993
2026-09-15T06:15:00Z,208.570007,208.593994,208.481995,208.518997
2026-09-15T06:30:00Z,208.518997,208.606003,208.488998,208.570007
2026-09-15T06:45:00Z,208.570007,208.690002,208.496002,208.649994
2026-09-15T07:00:00Z,208.647003,208.686005,208.514008,208.677002
2026-09-15T07:15:00Z,208.677002,208.750000,208.632996,208.695999
2026-09-15T07:30:00Z,208.697006,208.709000,208.585999,208.643997
2026-09-15T07:45:00Z,208.645996,208.813004,208.570999,208.768005
2026-09-15T08:00:00Z,208.768997,209.093002,208.675995,208.977997
2026-09-15T08:15:00Z,208.977997,208.998001,208.626007,208.733002
2026-09-15T08:30:00Z,208.729996,208.934006,208.658997,208.908997
2026-09-15T08:45:00Z,208.916000,208.923996,208.787003,208.841995
2026-09-15T09:00:00Z,208.841995,208.856003,208.725998,208.774002
2026-09-15T09:15:00Z,208.778000,208.875000,208.735992,208.843994
2026-09-15T09:30:00Z,208.850998,208.862000,208.763000,208.807999
2026-09-15T09:45:00Z,208.807999,208.865005,208.778000,208.798004
2026-09-15T10:00:00Z,208.787003,208.796997,208.576996,208.617004
2026-09-15T10:15:00Z,208.619003,208.662994,208.572998,208.613007
2026-09-15T10:30:00Z,208.606995,208.666000,208.591003,208.613007
2026-09-15T10:45:00Z,208.608994,208.662003,208.556000,208.658005
2026-09-15T11:00:00Z,208.654007,208.735001,208.606003,208.720993
2026-09-15T11:15:00Z,208.718002,208.783997,208.714996,208.766006
2026-09-15T11:30:00Z,208.766006,208.804993,208.656998,208.764999
2026-09-15T11:45:00Z,208.766006,208.860992,208.722000,208.852005
2026-09-15T12:00:00Z,208.847000,209.007004,208.834000,208.953003
2026-09-15T12:15:00Z,208.953995,209.056000,208.951004,208.972000
2026-09-15T12:30:00Z,208.960007,209.009995,208.897995,209.003006
2026-09-15T12:45:00Z,209.005005,209.016006,208.828003,208.921005
2026-09-15T13:00:00Z,208.927002,208.959000,208.878006,208.953003
2026-09-15T13:15:00Z,208.953003,209.091003,208.867996,209.078003
2026-09-15T13:30:00Z,209.074997,209.181000,209.072006,209.093994
2026-09-15T13:45:00Z,209.089996,209.167007,209.048004,209.115997
2026-09-15T14:00:00Z,209.115997,209.169998,209.069000,209.089996
2026-09-15T14:15:00Z,209.085999,209.139008,208.988007,209.070999
2026-09-15T14:30:00Z,209.069000,209.164001,209.013000,209.149002
2026-09-15T14:45:00Z,209.147995,209.210007,209.104996,209.169998
2026-09-15T15:00:00Z,209.169998,209.223007,209.113998,209.177002
2026-09-15T15:15:00Z,209.177002,209.210007,209.126999,209.173996
2026-09-15T15:30:00Z,209.173004,209.184006,208.919998,208.955002
2026-09-15T15:45:00Z,208.955002,209.046005,208.884003,209.039001
2026-09-15T16:00:00Z,209.039001,209.074005,208.962006,209.016998
2026-09-15T16:15:00Z,209.013000,209.024994,208.901993,208.936005
2026-09-15T16:30:00Z,208.936005,209.007996,208.921997,208.994003
2026-09-15T16:45:00Z,208.992004,209.046997,208.947006,209.044006
2026-09-15T17:00:00Z,209.044006,209.078995,209.007996,209.029007
2026-09-15T17:15:00Z,209.028000,209.128006,208.988007,209.108002
2026-09-15T17:30:00Z,209.106003,209.128006,209.091995,209.112000
2026-09-15T17:45:00Z,209.108002,209.115997,209.070007,209.070007
2026-09-15T18:00:00Z,209.070999,209.100006,209.052994,209.074005
2026-09-15T18:15:00Z,209.074005,209.102005,209.059998,209.087997
2026-09-15T18:30:00Z,209.089996,209.106003,209.044006,209.069000
2026-09-15T18:45:00Z,209.072006,209.089005,209.044006,209.065002
2026-09-15T19:00:00Z,209.063995,209.080994,208.994995,209.031998
2026-09-15T19:15:00Z,209.031998,209.067993,209.026001,209.057999
2026-09-15T19:30:00Z,209.059998,209.065994,209.026993,209.054001
2026-09-15T19:45:00Z,209.048996,209.057999,208.968002,209.011993
2026-09-15T20:00:00Z,209.013000,209.024002,208.979004,209.000000
2026-09-15T20:15:00Z,209.000000,209.013000,208.981003,208.996002
2026-09-15T20:30:00Z,208.998993,209.014999,208.979004,209.007996
2026-09-15T20:45:00Z,209.003998,209.033005,208.979996,209.031998
2026-09-15T21:00:00Z,208.910004,209.057999,208.345993,208.817001
2026-09-15T21:15:00Z,208.955994,209.082993,208.796005,209.052002
2026-09-15T21:30:00Z,208.830994,209.070007,208.830994,208.876999
2026-09-15T21:45:00Z,208.878006,208.996994,208.800995,208.897003
2026-09-15T22:00:00Z,208.807007,209.033005,208.785004,209.026993
2026-09-15T22:15:00Z,208.998001,209.029007,208.964005,208.992004
2026-09-15T22:30:00Z,208.992004,209.013000,208.923004,208.949005
2026-09-15T22:45:00Z,208.949005,209.011993,208.921997,208.990997
2026-09-15T23:00:00Z,209.014999,209.113998,209.005005,209.076004
2026-09-15T23:15:00Z,209.076004,209.110992,209.011993,209.061005
2026-09-15T23:30:00Z,209.052994,209.347000,209.016998,209.317001
2026-09-15T23:45:00Z,209.317001,209.322998,209.154007,209.167999
2026-09-16T00:00:00Z,209.167999,209.199997,209.007004,209.078995
2026-09-16T00:15:00Z,209.076004,209.095001,208.985992,209.070007
2026-09-16T00:30:00Z,209.076004,209.179993,209.067001,209.173996
2026-09-16T00:45:00Z,209.179993,209.317001,209.158997,209.261993
2026-09-16T01:00:00Z,209.261993,209.319000,209.164993,209.201004
2026-09-16T01:15:00Z,209.195007,209.350006,209.192001,209.348007
2026-09-16T01:30:00Z,209.343002,209.395996,209.313004,209.332001
2026-09-16T01:45:00Z,209.337997,209.367996,209.266998,209.289993
2026-09-16T02:00:00Z,209.285995,209.332993,209.212006,209.242996
2026-09-16T02:15:00Z,209.240997,209.304993,209.201996,209.302002
2026-09-16T02:30:00Z,209.298004,209.328003,209.244995,209.285995
2026-09-16T02:45:00Z,209.292007,209.309006,209.242996,209.259995
2026-09-16T03:00:00Z,209.261993,209.350006,209.238007,209.300003
2026-09-16T03:15:00Z,209.300003,209.399994,209.285995,209.393997
2026-09-16T03:30:00Z,209.393997,209.417999,209.339005,209.388000
2026-09-16T03:45:00Z,209.388000,209.470001,209.386002,209.434998
2026-09-16T04:00:00Z,209.431000,209.445999,209.378998,209.423996
2026-09-16T04:15:00Z,209.427994,209.445007,209.393005,209.408997
2026-09-16T04:30:00Z,209.410995,209.453995,209.395004,209.427002
2026-09-16T04:45:00Z,209.419998,209.460999,209.408997,209.416000
2026-09-16T05:00:00Z,209.412994,209.451004,209.382004,209.429001
2026-09-16T05:15:00Z,209.429993,209.462997,209.399002,209.404007
2026-09-16T05:30:00Z,209.410004,209.423004,209.345993,209.399002
2026-09-16T05:45:00Z,209.391006,209.414001,209.326996,209.363998
2026-09-16T06:00:00Z,209.360001,209.425003,209.097000,209.100006
2026-09-16T06:15:00Z,209.100006,209.136993,209.009995,209.067993
2026-09-16T06:30:00Z,209.067993,209.087006,209.005997,209.037003
2026-09-16T06:45:00Z,209.035995,209.052002,208.891998,208.901993
2026-09-16T07:00:00Z,208.904999,209.014008,208.837006,208.869995
2026-09-16T07:15:00Z,208.860992,208.912003,208.770004,208.835999
2026-09-16T07:30:00Z,208.841003,208.923996,208.817993,208.841003
2026-09-16T07:45:00Z,208.837997,208.860001,208.712006,208.770996
2026-09-16T08:00:00Z,208.776001,208.815994,208.712006,208.815002
2026-09-16T08:15:00Z,208.807999,208.871002,208.768997,208.839005
2026-09-16T08:30:00Z,208.832001,208.878998,208.804993,208.817001
2026-09-16T08:45:00Z,208.811996,208.949005,208.806000,208.936005
2026-09-16T09:00:00Z,208.934998,208.960007,208.863007,208.932007
2026-09-16T09:15:00Z,208.932007,208.945007,208.843994,208.876007
2026-09-16T09:30:00Z,208.876999,208.938995,208.832001,208.860992
2026-09-16T09:45:00Z,208.867004,208.973999,208.858994,208.914993
2026-09-16T10:00:00Z,208.914993,208.947998,208.891006,208.912994
2026-09-16T10:15:00Z,208.912994,208.998993,208.884995,208.990005
2026-09-16T10:30:00Z,208.990005,209.003006,208.940994,208.951996
2026-09-16T10:45:00Z,208.949997,208.968002,208.910004,208.953003
2026-09-16T11:00:00Z,208.934998,208.970993,208.791000,208.848007
2026-09-16T11:15:00Z,208.848007,208.880005,208.712006,208.738998
2026-09-16T11:30:00Z,208.740997,208.744003,208.593994,208.677994
2026-09-16T11:45:00Z,208.677002,208.701996,208.563004,208.613007
2026-09-16T12:00:00Z,208.608002,208.673004,208.595001,208.638000
2026-09-16T12:15:00Z,208.639008,208.699997,208.593002,208.625000
2026-09-16T12:30:00Z,208.643005,208.779007,208.585007,208.764008
2026-09-16T12:45:00Z,208.755997,208.912994,208.742004,208.886993
2026-09-16T13:00:00Z,208.880005,208.934998,208.856003,208.903000
2026-09-16T13:15:00Z,208.901993,208.988007,208.880997,208.960999
2026-09-16T13:30:00Z,208.960999,208.962006,208.880997,208.897003
2026-09-16T13:45:00Z,208.897003,208.912003,208.832993,208.847000
2026-09-16T14:00:00Z,208.845993,208.876007,208.781998,208.843002
2026-09-16T14:15:00Z,208.843994,208.848999,208.738998,208.770004
2026-09-16T14:30:00Z,208.764008,208.815994,208.710999,208.737000
2026-09-16T14:45:00Z,208.735001,208.860992,208.636002,208.641006
2026-09-16T15:00:00Z,208.639999,208.653000,208.569000,208.569000
2026-09-16T15:15:00Z,208.569000,208.628006,208.559998,208.563995
2026-09-16T15:30:00Z,208.563995,208.582001,208.516998,208.522003
2026-09-16T15:45:00Z,208.520004,208.567001,208.460007,208.509003
2026-09-16T16:00:00Z,208.511993,208.712006,208.507004,208.656998
2026-09-16T16:15:00Z,208.658997,208.746994,208.651993,208.686005
2026-09-16T16:30:00Z,208.686005,208.701004,208.589996,208.595993
2026-09-16T16:45:00Z,208.591995,208.598999,208.520996,208.546005
2026-09-16T17:00:00Z,208.544998,208.557999,208.485992,208.488007
2026-09-16T17:15:00Z,208.488007,208.557007,208.481995,208.485001
2026-09-16T17:30:00Z,208.483994,208.576004,208.473007,208.572998
2026-09-16T17:45:00Z,208.574997,208.582993,208.169006,208.440002
2026-09-16T18:00:00Z,208.470993,208.559998,208.104996,208.447998
2026-09-16T18:15:00Z,208.455002,208.604004,208.421005,208.524994
2026-09-16T18:30:00Z,208.526993,208.744003,208.518997,208.630997
2026-09-16T18:45:00Z,208.628998,208.690994,208.563995,208.636993
2026-09-16T19:00:00Z,208.638000,208.744003,208.576996,208.697006
2026-09-16T19:15:00Z,208.699005,208.936996,208.667007,208.927002
2026-09-16T19:30:00Z,208.925995,209.026993,208.882996,208.959000
2026-09-16T19:45:00Z,208.955002,209.057999,208.949005,209.054993
2026-09-16T20:00:00Z,209.052002,209.102005,208.998993,209.091995
2026-09-16T20:15:00Z,209.091995,209.231003,209.076004,209.184006
2026-09-16T20:30:00Z,209.184006,209.246002,209.156006,209.201996
2026-09-16T20:45:00Z,209.203995,209.212997,209.024002,209.024002
2026-09-16T21:00:00Z,209.005005,209.192993,208.822998,208.921005
2026-09-16T21:15:00Z,208.945007,209.186005,208.936996,208.955994
2026-09-16T21:30:00Z,208.955994,209.145004,208.897003,209.022003
2026-09-16T21:45:00Z,209.014008,209.184998,208.910995,208.957993
2026-09-16T22:00:00Z,208.983994,209.098999,208.957993,209.084000
2026-09-16T22:15:00Z,209.067001,209.085999,209.003998,209.022003
2026-09-16T22:30:00Z,209.022003,209.082993,209.014008,209.014008
2026-09-16T22:45:00Z,209.014999,209.074005,209.014999,209.031006
2026-09-16T23:00:00Z,209.048996,209.091995,208.968002,208.988007
2026-09-16T23:15:00Z,208.981003,209.016998,208.955002,208.975998
2026-09-16T23:30:00Z,208.975998,209.007996,208.947006,208.966995
2026-09-16T23:45:00Z,208.972000,209.003998,208.787003,208.809998
2026-09-17T00:00:00Z,208.809006,208.839996,208.651001,208.684998
2026-09-17T00:15:00Z,208.677002,208.865997,208.673004,208.800995
2026-09-17T00:30:00Z,208.794998,208.897995,208.753006,208.785995
2026-09-17T00:45:00Z,208.776001,208.891006,208.673004,208.886993
2026-09-17T01:00:00Z,208.880997,208.957001,208.802002,208.903000
2026-09-17T01:15:00Z,208.903000,208.910995,208.753006,208.757004
2026-09-17T01:30:00Z,208.753006,208.774002,208.686996,208.772995
2026-09-17T01:45:00Z,208.770996,208.837997,208.723999,208.806000
2026-09-17T02:00:00Z,208.807999,208.873993,208.774002,208.839996
2026-09-17T02:15:00Z,208.841003,208.917999,208.815994,208.901001
2026-09-17T02:30:00Z,208.895996,208.973999,208.869003,208.947998
2026-09-17T02:45:00Z,208.944000,208.951004,208.817001,208.835999
2026-09-17T03:00:00Z,208.828003,208.850006,208.673996,208.699997
2026-09-17T03:15:00Z,208.699997,208.779999,208.673004,208.748001
2026-09-17T03:30:00Z,208.742996,208.757004,208.699005,208.727005
2026-09-17T03:45:00Z,208.725998,208.794998,208.722000,208.783005
2026-09-17T04:00:00Z,208.783005,208.789993,208.746994,208.783997
2026-09-17T04:15:00Z,208.785995,208.822998,208.757996,208.770996
2026-09-17T04:30:00Z,208.772995,208.817001,208.744003,208.768997
2026-09-17T04:45:00Z,208.768997,208.806000,208.748001,208.772003
2026-09-17T05:00:00Z,208.766998,208.779007,208.684998,208.686005
2026-09-17T05:15:00Z,208.684006,208.709000,208.649002,208.692993
2026-09-17T05:30:00Z,208.686996,208.722000,208.537003,208.544006
2026-09-17T05:45:00Z,208.544006,208.561005,208.287994,208.354996
2026-09-17T06:00:00Z,208.352005,208.485992,208.302994,208.449997
2026-09-17T06:15:00Z,208.447006,208.496994,208.227005,208.360992
2026-09-17T06:30:00Z,208.356003,208.455002,208.268997,208.427994
2026-09-17T06:45:00Z,208.417999,208.550995,208.410004,208.539001
2026-09-17T07:00:00Z,208.531006,208.604996,208.330994,208.384995
2026-09-17T07:15:00Z,208.384995,208.479996,208.365005,208.419006
2026-09-17T07:30:00Z,208.421005,208.574005,208.416000,208.505997
2026-09-17T07:45:00Z,208.505005,208.511002,208.404007,208.429001
2026-09-17T08:00:00Z,208.429993,208.593994,208.386002,208.507996
2026-09-17T08:15:00Z,208.503998,208.539001,208.477997,208.501999
2026-09-17T08:30:00Z,208.503998,208.587997,208.475998,208.546005
2026-09-17T08:45:00Z,208.550003,208.675003,208.488007,208.645004
2026-09-17T09:00:00Z,208.645004,208.682007,208.552994,208.552994
2026-09-17T09:15:00Z,208.552994,208.582993,208.371994,208.447998
2026-09-17T09:30:00Z,208.451996,208.565002,208.412994,208.445999
2026-09-17T09:45:00Z,208.447006,208.628998,208.438004,208.600998
2026-09-17T10:00:00Z,208.612000,208.621002,208.496994,208.613007
2026-09-17T10:15:00Z,208.613007,208.720993,208.582993,208.593994
2026-09-17T10:30:00Z,208.600998,208.630005,208.498001,208.498001
2026-09-17T10:45:00Z,208.498001,208.643997,208.498001,208.626999
2026-09-17T11:00:00Z,208.628006,208.628006,207.947998,208.020004
2026-09-17T11:15:00Z,208.026001,208.294006,207.908005,208.259003
2026-09-17T11:30:00Z,208.259003,208.434998,208.190002,208.324005
2026-09-17T11:45:00Z,208.320999,208.404999,208.270004,208.401001
2026-09-17T12:00:00Z,208.399994,208.490005,208.160995,208.302002
2026-09-17T12:15:00Z,208.298996,208.328995,207.955002,208.057999
2026-09-17T12:30:00Z,208.039993,208.348999,207.985992,208.337997
2026-09-17T12:45:00Z,208.337006,208.365005,208.169998,208.270004
2026-09-17T13:00:00Z,208.263000,208.341995,208.169998,208.171997
2026-09-17T13:15:00Z,208.171997,208.335999,208.119995,208.328995
2026-09-17T13:30:00Z,208.330002,208.373993,208.250000,208.298996
2026-09-17T13:45:00Z,208.296005,208.320007,208.130997,208.186005
2026-09-17T14:00:00Z,208.182007,208.283005,208.106995,208.212997
2026-09-17T14:15:00Z,208.212997,208.264008,208.070007,208.082001
2026-09-17T14:30:00Z,208.084000,208.132004,207.878998,207.880997
2026-09-17T14:45:00Z,207.880997,208.011993,207.867004,207.942001
2026-09-17T15:00:00Z,207.942001,208.016998,207.916000,207.988998
2026-09-17T15:15:00Z,207.988007,208.098007,207.983002,208.016998
2026-09-17T15:30:00Z,208.016998,208.041000,207.897995,207.914993
2026-09-17T15:45:00Z,207.914993,208.016006,207.888000,207.985001
2026-09-17T16:00:00Z,207.992004,208.020004,207.903000,208.014008
2026-09-17T16:15:00Z,208.014008,208.158997,207.994995,208.154007
2026-09-17T16:30:00Z,208.158997,208.225998,208.121994,208.194000
2026-09-17T16:45:00Z,208.199997,208.322006,208.177002,208.309006
2026-09-17T17:00:00Z,208.311005,208.384003,208.292007,208.352997
2026-09-17T17:15:00Z,208.352997,208.404007,208.311996,208.322998
2026-09-17T17:30:00Z,208.320007,208.324005,208.242996,208.251007
2026-09-17T17:45:00Z,208.251007,208.257004,208.186005,208.253998
2026-09-17T18:00:00Z,208.248993,208.360992,208.248993,208.345993
2026-09-17T18:15:00Z,208.345993,208.395004,208.332001,208.365005
2026-09-17T18:30:00Z,208.365005,208.389008,208.343994,208.350006
2026-09-17T18:45:00Z,208.350006,208.393005,208.324005,208.352005
2026-09-17T19:00:00Z,208.352997,208.393005,208.307999,208.324005
2026-09-17T19:15:00Z,208.322006,208.373001,208.307999,208.348999
2026-09-17T19:30:00Z,208.345993,208.354004,208.292007,208.306000
2026-09-17T19:45:00Z,208.306000,208.362000,208.298996,208.352997
2026-09-17T20:00:00Z,208.362000,208.363998,208.313995,208.348007
2026-09-17T20:15:00Z,208.348007,208.352005,208.298004,208.300995
2026-09-17T20:30:00Z,208.298004,208.322998,208.279007,208.294998
2026-09-17T20:45:00Z,208.294998,208.348999,208.261993,208.337006
2026-09-17T21:00:00Z,208.332001,208.373001,207.923004,208.300995
2026-09-17T21:15:00Z,208.192001,208.348007,208.175003,208.210999
2026-09-17T21:30:00Z,208.255005,208.389008,208.210999,208.373001
2026-09-17T21:45:00Z,208.309006,208.395004,208.098999,208.214996
2026-09-17T22:00:00Z,208.309006,208.391998,208.154007,208.386993
2026-09-17T22:15:00Z,208.391006,208.417007,208.354004,208.389008
2026-09-17T22:30:00Z,208.389008,208.429001,208.367004,208.382996
2026-09-17T22:45:00Z,208.382996,208.408005,208.317001,208.326004
2026-09-17T23:00:00Z,208.324997,208.341003,208.235001,208.246994
2026-09-17T23:15:00Z,208.237000,208.378998,208.237000,208.367996
2026-09-17T23:30:00Z,208.367996,208.500000,208.363998,208.455994
2026-09-17T23:45:00Z,208.457001,208.570007,208.371002,208.559998
2026-09-18T00:00:00Z,208.559998,208.690994,208.539001,208.664001
2026-09-18T00:15:00Z,208.664001,208.688995,208.595001,208.667999
2026-09-18T00:30:00Z,208.664001,208.746002,208.610992,208.729996
2026-09-18T00:45:00Z,208.727997,208.757004,208.649002,208.671005
2026-09-18T01:00:00Z,208.669006,208.751007,208.625000,208.673004
2026-09-18T01:15:00Z,208.664993,208.789001,208.656998,208.772995
2026-09-18T01:30:00Z,208.766006,208.789993,208.725998,208.772995
2026-09-18T01:45:00Z,208.768997,208.800995,208.738998,208.751999
2026-09-18T02:00:00Z,208.748993,208.804001,208.725006,208.772003
2026-09-18T02:15:00Z,208.763000,208.804993,208.619003,208.639008
2026-09-18T02:30:00Z,208.630997,208.667999,208.574997,208.608002
2026-09-18T02:45:00Z,208.608994,209.528000,208.593002,209.300003
2026-09-18T03:00:00Z,209.285995,209.776993,209.108994,209.634003
2026-09-18T03:15:00Z,209.632996,209.891998,209.623993,209.770996
2026-09-18T03:30:00Z,209.763000,210.085007,209.701004,210.063004
2026-09-18T03:45:00Z,210.061996,210.102997,209.962006,210.005005
2026-09-18T04:00:00Z,210.003998,210.085999,209.869003,209.977005
2026-09-18T04:15:00Z,209.981995,209.994995,209.813004,209.904999
2026-09-18T04:30:00Z,209.903000,210.115997,209.871994,210.048004
2026-09-18T04:45:00Z,210.052994,210.128006,209.981995,210.067993
2026-09-18T05:00:00Z,210.067001,210.225006,210.059006,210.190002
2026-09-18T05:15:00Z,210.190994,210.253998,210.119003,210.212997
2026-09-18T05:30:00Z,210.222000,210.225998,209.975998,209.979004
2026-09-18T05:45:00Z,209.979996,210.104004,209.893997,210.013000
2026-09-18T06:00:00Z,210.020004,210.149002,209.985001,210.087006
2026-09-18T06:15:00Z,210.089005,210.123993,209.983994,210.102997
2026-09-18T06:30:00Z,210.100998,210.341003,209.272003,209.651993
2026-09-18T06:45:00Z,209.649994,210.065002,209.451004,209.744003
2026-09-18T07:00:00Z,209.738998,209.945999,209.580002,209.916000
2026-09-18T07:15:00Z,209.923004,210.276993,209.779999,210.235992
2026-09-18T07:30:00Z,210.235992,210.615005,210.110001,210.552002
2026-09-18T07:45:00Z,210.548004,210.569000,210.302994,210.524002
2026-09-18T08:00:00Z,210.518005,210.837997,210.516998,210.809998
2026-09-18T08:15:00Z,210.807999,211.037003,210.804993,210.992004
2026-09-18T08:30:00Z,210.998993,211.031006,210.871994,210.988998
2026-09-18T08:45:00Z,210.992004,211.067993,210.914993,210.979004
2026-09-18T09:00:00Z,210.981003,211.050003,210.800003,210.824997
2026-09-18T09:15:00Z,210.822998,211.061005,210.686005,211.042999
2026-09-18T09:30:00Z,211.042999,211.207001,210.988007,211.194000
2026-09-18T09:45:00Z,211.199997,211.278000,211.070007,211.188995
2026-09-18T10:00:00Z,211.188995,211.199005,211.013000,211.080994
2026-09-18T10:15:00Z,211.076004,211.225998,211.033997,211.067993
2026-09-18T10:30:00Z,211.067993,211.104996,210.953003,210.977005
2026-09-18T10:45:00Z,210.977005,210.994003,210.671997,210.727997
2026-09-18T11:00:00Z,210.727005,210.908997,210.714996,210.738007
2026-09-18T11:15:00Z,210.735001,210.819000,210.654007,210.656006
2026-09-18T11:30:00Z,210.660004,210.679001,210.544998,210.673996
2026-09-18T11:45:00Z,210.673004,210.720001,210.625000,210.656006
2026-09-18T12:00:00Z,210.658997,210.701996,210.563004,210.690994
2026-09-18T12:15:00Z,210.690994,210.709000,210.535995,210.600998
2026-09-18T12:30:00Z,210.597000,210.686005,210.537994,210.632996
2026-09-18T12:45:00Z,210.632996,210.673996,210.513000,210.516006
2026-09-18T13:00:00Z,210.520996,210.524002,210.389008,210.453003
2026-09-18T13:15:00Z,210.453003,210.658997,210.423996,210.645996
2026-09-18T13:30:00Z,210.649002,210.675003,210.470993,210.598999
2026-09-18T13:45:00Z,210.598007,210.699005,210.554001,210.589996
2026-09-18T14:00:00Z,210.580994,210.669998,210.470001,210.664993
2026-09-18T14:15:00Z,210.671005,210.761993,210.606995,210.744995
2026-09-18T14:30:00Z,210.746002,210.751007,210.617996,210.710999
2026-09-18T14:45:00Z,210.710999,210.733994,209.677002,210.347000
2026-09-18T15:00:00Z,210.337006,210.408997,209.565002,209.925995
2026-09-18T15:15:00Z,209.925995,210.054993,209.699005,209.923996
2026-09-18T15:30:00Z,209.919006,209.973007,209.587997,209.792007
2026-09-18T15:45:00Z,209.783997,209.953003,209.660004,209.748001
2026-09-18T16:00:00Z,209.748001,209.794998,209.615997,209.785995
2026-09-18T16:15:00Z,209.779999,209.895004,209.612000,209.645004
2026-09-18T16:30:00Z,209.643997,209.796005,209.643997,209.766998
2026-09-18T16:45:00Z,209.766006,209.863998,209.750000,209.824005
2026-09-18T17:00:00Z,209.822998,209.860001,209.699997,209.778000
2026-09-18T17:15:00Z,209.770004,209.908005,209.770004,209.860992
2026-09-18T17:30:00Z,209.869003,209.886993,209.779999,209.869995
2026-09-18T17:45:00Z,209.865005,209.914001,209.763000,209.776993
2026-09-18T18:00:00Z,209.776993,209.854996,209.753006,209.834000
2026-09-18T18:15:00Z,209.834000,209.876007,209.787994,209.822006
2026-09-18T18:30:00Z,209.822006,209.891998,209.759995,209.888000
2026-09-18T18:45:00Z,209.888000,209.953995,209.789993,209.798004
2026-09-18T19:00:00Z,209.792999,209.884995,209.791000,209.839005
2026-09-18T19:15:00Z,209.837997,209.889999,209.796005,209.871994
2026-09-18T19:30:00Z,209.867996,209.968002,209.832993,209.962997
2026-09-18T19:45:00Z,209.966003,209.979004,209.910004,209.919998
2026-09-18T20:00:00Z,209.921997,210.014008,209.904999,209.979004
2026-09-18T20:15:00Z,209.979996,210.050003,209.962997,210.013000
2026-09-18T20:30:00Z,210.013000,210.119003,210.001007,210.091995
2026-09-18T20:45:00Z,210.108002,210.160004,209.977997,210.141998
2026-09-18T21:00:00Z,210.136002,210.136002,210.136002,210.136002
2026-09-18T21:15:00Z,210.136002,210.136002,210.136002,210.136002
2026-09-20T23:00:00Z,210.296005,210.341003,210.082001,210.082001
2026-09-20T23:15:00Z,210.082001,210.257996,210.078995,210.199005
2026-09-20T23:30:00Z,210.195999,210.292007,210.167007,210.274002
2026-09-20T23:45:00Z,210.283997,210.348007,210.177994,210.190002
2026-09-21T00:00:00Z,210.199005,210.276001,210.033997,210.106003
2026-09-21T00:15:00Z,210.100006,210.177002,210.044006,210.098007
2026-09-21T00:30:00Z,210.091003,210.154007,209.828003,209.925995
2026-09-21T00:45:00Z,209.927994,210.020004,209.826004,210.001999
2026-09-21T01:00:00Z,210.001999,210.076996,209.867996,209.876007
2026-09-21T01:15:00Z,209.882996,209.912994,209.677002,209.759995
2026-09-21T01:30:00Z,209.759995,209.869995,209.737000,209.811996
2026-09-21T01:45:00Z,209.820007,209.843002,209.742996,209.824997
2026-09-21T02:00:00Z,209.824005,209.912994,209.811005,209.910995
2026-09-21T02:15:00Z,209.904007,209.983002,209.869003,209.927002
2026-09-21T02:30:00Z,209.934006,209.972000,209.845001,209.891006
2026-09-21T02:45:00Z,209.891006,209.960007,209.873001,209.957993
2026-09-21T03:00:00Z,209.953003,210.050003,209.953003,210.018005
2026-09-21T03:15:00Z,210.016006,210.050995,209.964005,210.011993
2026-09-21T03:30:00Z,210.011993,210.039001,209.955002,210.001007
2026-09-21T03:45:00Z,210.007004,210.063995,209.994003,210.029007
2026-09-21T04:00:00Z,210.029007,210.201996,210.026993,210.171005
2026-09-21T04:15:00Z,210.173004,210.177002,210.005997,210.011993
2026-09-21T04:30:00Z,210.011993,210.085999,209.998001,210.022003
2026-09-21T04:45:00Z,210.022003,210.087997,210.016006,210.057007
2026-09-21T05:00:00Z,210.057007,210.102997,210.020996,210.074997
2026-09-21T05:15:00Z,210.080002,210.093994,209.996002,210.035004
2026-09-21T05:30:00Z,210.033005,210.115997,210.016998,210.095993
2026-09-21T05:45:00Z,210.100998,210.179993,210.035004,210.076004
2026-09-21T06:00:00Z,210.070999,210.128998,210.016998,210.033997
2026-09-21T06:15:00Z,210.039001,210.091003,210.024994,210.054993
2026-09-21T06:30:00Z,210.059006,210.112000,210.014999,210.093994
2026-09-21T06:45:00Z,210.089996,210.179001,210.076004,210.110001
2026-09-21T07:00:00Z,210.106003,210.194000,210.035995,210.190002
2026-09-21T07:15:00Z,210.186005,210.352005,210.175003,210.281006
2026-09-21T07:30:00Z,210.287003,210.401001,210.255997,210.391998
2026-09-21T07:45:00Z,210.382996,210.434006,210.335007,210.419998
2026-09-21T08:00:00Z,210.417999,210.425003,210.343994,210.350006
2026-09-21T08:15:00Z,210.350998,210.401001,210.300003,210.313004
2026-09-21T08:30:00Z,210.313995,210.408997,210.309006,210.393997
2026-09-21T08:45:00Z,210.393005,210.492004,210.389999,210.436005
2026-09-21T09:00:00Z,210.434006,210.462006,210.365005,210.399994
2026-09-21T09:15:00Z,210.399994,210.473007,210.388000,210.434006
2026-09-21T09:30:00Z,210.434998,210.556000,210.414993,210.500000
2026-09-21T09:45:00Z,210.501999,210.503998,210.417999,210.466003
2026-09-21T10:00:00Z,210.462997,210.485992,210.421005,210.447998
2026-09-21T10:15:00Z,210.451996,210.455994,210.389999,210.412003
2026-09-21T10:30:00Z,210.412994,210.414993,210.335007,210.369995
2026-09-21T10:45:00Z,210.367996,210.445999,210.350998,210.445007
2026-09-21T11:00:00Z,210.445999,210.520004,210.442993,210.498001
2026-09-21T11:15:00Z,210.496994,210.529999,210.477997,210.509003
2026-09-21T11:30:00Z,210.511002,210.567001,210.475006,210.542007
2026-09-21T11:45:00Z,210.544998,210.589996,210.533997,210.578995
2026-09-21T12:00:00Z,210.578003,210.658997,210.567001,210.602997
2026-09-21T12:15:00Z,210.600998,210.761993,210.593994,210.740005
2026-09-21T12:30:00Z,210.740005,210.759995,210.613998,210.619995
2026-09-21T12:45:00Z,210.615997,210.718002,210.615997,210.681000
2026-09-21T13:00:00Z,210.681000,210.699005,210.621002,210.686005
2026-09-21T13:15:00Z,210.686996,210.722000,210.649002,210.667999
2026-09-21T13:30:00Z,210.667999,210.682999,210.595993,210.681000
2026-09-21T13:45:00Z,210.682007,210.716003,210.606003,210.632996
2026-09-21T14:00:00Z,210.632996,210.634003,210.483002,210.498001
2026-09-21T14:15:00Z,210.494995,210.526001,210.468994,210.514999
2026-09-21T14:30:00Z,210.514008,210.548996,210.451996,210.511993
2026-09-21T14:45:00Z,210.511993,210.705994,210.481003,210.574997
2026-09-21T15:00:00Z,210.574997,210.626999,210.544006,210.546005
2026-09-21T15:15:00Z,210.544998,210.576004,210.516998,210.567001
2026-09-21T15:30:00Z,210.567993,210.612000,210.518005,210.572006
2026-09-21T15:45:00Z,210.570007,210.585007,210.501007,210.559998
2026-09-21T16:00:00Z,210.557007,210.570999,210.401993,210.410004
2026-09-21T16:15:00Z,210.404999,210.460007,210.380997,210.453995
2026-09-21T16:30:00Z,210.453995,210.498993,210.438004,210.481003
2026-09-21T16:45:00Z,210.481003,210.522995,210.427994,210.460007
2026-09-21T17:00:00Z,210.460007,210.498001,210.419006,210.490997
2026-09-21T17:15:00Z,210.492004,210.516998,210.475998,210.501007
2026-09-21T17:30:00Z,210.503998,210.535995,210.494003,210.514008
2026-09-21T17:45:00Z,210.511002,210.557007,210.485001,210.531006
2026-09-21T18:00:00Z,210.531998,210.580002,210.520004,210.576996
2026-09-21T18:15:00Z,210.572998,210.606003,210.548996,210.552994
2026-09-21T18:30:00Z,210.552994,210.557999,210.432007,210.500000
2026-09-21T18:45:00Z,210.498001,210.516998,210.468994,210.481003
2026-09-21T19:00:00Z,210.487000,210.554001,210.475006,210.481003
2026-09-21T19:15:00Z,210.481003,210.507004,210.457993,210.490005
2026-09-21T19:30:00Z,210.492004,210.492004,210.419006,210.434998
2026-09-21T19:45:00Z,210.429993,210.451004,210.408997,210.425003
2026-09-21T20:00:00Z,210.427002,210.442993,210.414001,210.436005
2026-09-21T20:15:00Z,210.436005,210.457993,210.406006,210.447006
2026-09-21T20:30:00Z,210.447006,210.466995,210.391998,210.406998
2026-09-21T20:45:00Z,210.406006,210.406998,210.263000,210.281998
2026-09-21T21:00:00Z,210.281998,210.393005,209.889008,210.100006
2026-09-21T21:15:00Z,210.104004,210.376999,210.065994,210.259003
2026-09-21T21:30:00Z,210.311996,210.350998,210.098999,210.225998
2026-09-21T21:45:00Z,210.225998,210.378998,210.074005,210.218994
2026-09-21T22:00:00Z,210.113007,210.472000,210.113007,210.341003
2026-09-21T22:15:00Z,210.335007,210.412003,210.324005,210.371002
2026-09-21T22:30:00Z,210.371002,210.388000,210.315002,210.335999
2026-09-21T22:45:00Z,210.335007,210.356995,210.298996,210.324997
2026-09-21T23:00:00Z,210.315002,210.391006,210.292999,210.382996
2026-09-21T23:15:00Z,210.382004,210.399994,210.356003,210.391006
2026-09-21T23:30:00Z,210.388000,210.404007,210.322006,210.334000
2026-09-21T23:45:00Z,210.341995,210.423004,210.330002,210.376999
2026-09-22T00:00:00Z,210.376999,210.475006,210.363007,210.449997
2026-09-22T00:15:00Z,210.444000,210.468002,210.397003,210.404007
2026-09-22T00:30:00Z,210.408005,210.438995,210.322006,210.365005
2026-09-22T00:45:00Z,210.358002,210.466995,210.354004,210.442001
2026-09-22T01:00:00Z,210.447006,210.468002,210.423004,210.453995
2026-09-22T01:15:00Z,210.453995,210.529007,210.425995,210.522995
2026-09-22T01:30:00Z,210.528000,210.531006,210.438995,210.470993
2026-09-22T01:45:00Z,210.472000,210.587006,210.457993,210.520004
2026-09-22T02:00:00Z,210.520996,210.548996,210.490005,210.513000
2026-09-22T02:15:00Z,210.509003,210.559006,210.488998,210.552994
2026-09-22T02:30:00Z,210.557999,210.582001,210.535004,210.574005
2026-09-22T02:45:00Z,210.572998,210.647003,210.531998,210.641998
2026-09-22T03:00:00Z,210.636993,210.677994,210.621994,210.664001
2026-09-22T03:15:00Z,210.664001,210.694000,210.643005,210.686996
2026-09-22T03:30:00Z,210.673996,210.729004,210.604996,210.720001
2026-09-22T03:45:00Z,210.716003,210.774002,210.705002,210.763000
2026-09-22T04:00:00Z,210.757004,210.824005,210.742004,210.807999
2026-09-22T04:15:00Z,210.807007,210.815002,210.723007,210.729996
2026-09-22T04:30:00Z,210.729996,210.792999,210.723999,210.787003
2026-09-22T04:45:00Z,210.785004,210.802994,210.766998,210.785995
2026-09-22T05:00:00Z,210.785995,210.798996,210.750000,210.757996
2026-09-22T05:15:00Z,210.751999,210.764999,210.714996,210.733994
2026-09-22T05:30:00Z,210.740997,210.766998,210.722000,210.738007
2026-09-22T05:45:00Z,210.738007,210.746994,210.695007,210.699997
2026-09-22T06:00:00Z,210.707001,210.806000,210.667999,210.800003
2026-09-22T06:15:00Z,210.796997,210.802994,210.684006,210.781998
2026-09-22T06:30:00Z,210.785004,210.813995,210.720001,210.764008
2026-09-22T06:45:00Z,210.764008,210.809998,210.744003,210.781006
2026-09-22T07:00:00Z,210.776993,210.869003,210.759995,210.828003
2026-09-22T07:15:00Z,210.826996,210.893005,210.807007,210.852005
2026-09-22T07:30:00Z,210.858994,210.869995,210.695999,210.746002
2026-09-22T07:45:00Z,210.742996,210.757004,210.636002,210.649994
2026-09-22T08:00:00Z,210.643997,210.677994,210.578003,210.591003
2026-09-22T08:15:00Z,210.585999,210.597000,210.285995,210.337006
2026-09-22T08:30:00Z,210.337006,210.358002,209.613998,209.794006
2026-09-22T08:45:00Z,209.796997,209.934998,209.509003,209.934006
2026-09-22T09:00:00Z,209.927994,210.061996,209.820007,210.033997
2026-09-22T09:15:00Z,210.031006,210.093002,209.848007,209.865005
2026-09-22T09:30:00Z,209.865005,209.955994,209.798996,209.828003
2026-09-22T09:45:00Z,209.820999,209.873993,209.712997,209.750000
2026-09-22T10:00:00Z,209.746002,209.901993,209.684006,209.893997
2026-09-22T10:15:00Z,209.889999,209.972000,209.869995,209.912003
2026-09-22T10:30:00Z,209.912003,209.983002,209.806000,209.832993
2026-09-22T10:45:00Z,209.834000,209.912003,209.779007,209.850006
2026-09-22T11:00:00Z,209.848999,210.031998,209.848999,210.022003
2026-09-22T11:15:00Z,210.031006,210.052002,209.854996,209.863998
2026-09-22T11:30:00Z,209.862000,209.992996,209.854996,209.970001
2026-09-22T11:45:00Z,209.972000,210.001007,209.925003,209.975006
2026-09-22T12:00:00Z,209.975006,210.104004,209.959000,210.074005
2026-09-22T12:15:00Z,210.074005,210.162994,210.074005,210.123001
2026-09-22T12:30:00Z,210.123001,210.154999,209.988007,210.061005
2026-09-22T12:45:00Z,210.063004,210.175003,210.031006,210.070999
2026-09-22T13:00:00Z,210.072998,210.123993,210.054001,210.108994
2026-09-22T13:15:00Z,210.108994,210.160004,210.067993,210.123993
2026-09-22T13:30:00Z,210.121002,210.179001,210.052994,210.085007
2026-09-22T13:45:00Z,210.085999,210.175003,210.061996,210.095001
2026-09-22T14:00:00Z,210.100006,210.182007,210.039993,210.052002
2026-09-22T14:15:00Z,210.050995,210.065002,209.960999,209.990005
2026-09-22T14:30:00Z,209.990005,210.084000,209.929993,210.014008
2026-09-22T14:45:00Z,210.014008,210.033997,209.873993,209.914001
2026-09-22T15:00:00Z,209.910995,209.944000,209.824997,209.863007
2026-09-22T15:15:00Z,209.858994,209.988998,209.852997,209.966995
2026-09-22T15:30:00Z,209.968994,209.985992,209.891998,209.897003
2026-09-22T15:45:00Z,209.899994,209.944000,209.860992,209.923996
2026-09-22T16:00:00Z,209.921005,210.014999,209.910995,210.003006
2026-09-22T16:15:00Z,210.003006,210.011002,209.938004,209.955002
2026-09-22T16:30:00Z,209.955002,209.960007,209.854004,209.908997
2026-09-22T16:45:00Z,209.908005,209.934998,209.852997,209.901993
2026-09-22T17:00:00Z,209.904007,209.940994,209.889999,209.914001
2026-09-22T17:15:00Z,209.914001,209.921005,209.876007,209.880005
2026-09-22T17:30:00Z,209.880005,209.906006,209.854004,209.882996
2026-09-22T17:45:00Z,209.882996,209.942001,209.811005,209.856995
2026-09-22T18:00:00Z,209.856995,209.882004,209.813995,209.871002
2026-09-22T18:15:00Z,209.867004,209.973007,209.863998,209.968002
2026-09-22T18:30:00Z,209.968002,210.022003,209.962006,210.014008
2026-09-22T18:45:00Z,210.014999,210.039001,209.992996,210.011002
2026-09-22T19:00:00Z,210.013000,210.052994,210.003998,210.033997
2026-09-22T19:15:00Z,210.033997,210.061005,210.011002,210.011002
2026-09-22T19:30:00Z,210.009995,210.016998,209.876007,209.998993
2026-09-22T19:45:00Z,209.998001,210.044006,209.949997,210.031998
2026-09-22T20:00:00Z,210.029007,210.048004,209.992996,209.994003
2026-09-22T20:15:00Z,209.996994,210.016006,209.964996,209.994995
2026-09-22T20:30:00Z,209.994995,210.007996,209.957001,209.996994
2026-09-22T20:45:00Z,209.998001,210.042999,209.919006,210.039993
2026-09-22T21:00:00Z,209.938995,210.067993,209.718994,209.957993
2026-09-22T21:15:00Z,209.964005,210.089005,209.824997,209.957993
2026-09-22T21:30:00Z,209.944000,210.089996,209.938004,210.000000
2026-09-22T21:45:00Z,210.029999,210.067993,209.837006,209.854004
2026-09-22T22:00:00Z,209.914001,210.076004,209.817993,210.069000
2026-09-22T22:15:00Z,210.067001,210.147995,210.067001,210.113998
2026-09-22T22:30:00Z,210.121994,210.130997,210.072006,210.087006
2026-09-22T22:45:00Z,210.093002,210.126999,210.085999,210.106003
2026-09-22T23:00:00Z,210.082993,210.108994,210.070999,210.085007
2026-09-22T23:15:00Z,210.085999,210.151001,210.054001,210.119003
2026-09-22T23:30:00Z,210.117996,210.136993,210.082001,210.112000
2026-09-22T23:45:00Z,210.112000,210.160004,210.072006,210.098007
2026-09-23T00:00:00Z,210.095001,210.177994,210.072006,210.115997
2026-09-23T00:15:00Z,210.113998,210.175995,210.078003,210.085999
2026-09-23T00:30:00Z,210.093002,210.130005,210.048996,210.102005
2026-09-23T00:45:00Z,210.106003,210.175995,210.078995,210.175995
2026-09-23T01:00:00Z,210.175003,210.179001,210.091995,210.091995
2026-09-23T01:15:00Z,210.095001,210.100998,210.050003,210.091995
2026-09-23T01:30:00Z,210.087997,210.119995,210.044998,210.098007
2026-09-23T01:45:00Z,210.102005,210.117996,209.994995,210.018005
2026-09-23T02:00:00Z,210.016998,210.048004,209.996994,210.007996
2026-09-23T02:15:00Z,210.016006,210.046005,210.003006,210.042999
2026-09-23T02:30:00Z,210.039001,210.074997,210.022995,210.054001
2026-09-23T02:45:00Z,210.061005,210.067001,210.005005,210.022995
2026-09-23T03:00:00Z,210.020996,210.046997,209.973999,209.990005
2026-09-23T03:15:00Z,209.988998,210.001999,209.906006,209.936005
2026-09-23T03:30:00Z,209.936996,209.979004,209.919006,209.934998
2026-09-23T03:45:00Z,209.938995,209.955002,209.891998,209.951004
2026-09-23T04:00:00Z,209.942001,209.964005,209.889008,209.895996
2026-09-23T04:15:00Z,209.893997,209.923004,209.779007,209.785995
2026-09-23T04:30:00Z,209.783997,209.843002,209.783997,209.796997
2026-09-23T04:45:00Z,209.792007,209.854996,209.781998,209.850006
2026-09-23T05:00:00Z,209.848007,209.882996,209.835999,209.841003
2026-09-23T05:15:00Z,209.841003,209.891998,209.826996,209.880005
2026-09-23T05:30:00Z,209.875000,209.934998,209.875000,209.901993
2026-09-23T05:45:00Z,209.897003,209.912994,209.848999,209.880997
2026-09-23T06:00:00Z,209.878006,209.899994,209.837006,209.880005
2026-09-23T06:15:00Z,209.878998,209.957993,209.875000,209.940002
2026-09-23T06:30:00Z,209.932999,210.005997,209.914993,209.983002
2026-09-23T06:45:00Z,209.988007,210.065002,209.983002,210.009003
2026-09-23T07:00:00Z,210.009003,210.044998,209.975006,210.000000
2026-09-23T07:15:00Z,210.001999,210.082993,209.985001,210.026993
2026-09-23T07:30:00Z,210.026993,210.128006,210.026993,210.059006
2026-09-23T07:45:00Z,210.057999,210.063995,209.843002,209.852005
2026-09-23T08:00:00Z,209.847000,209.889999,209.789993,209.835007
2026-09-23T08:15:00Z,209.835999,209.975998,209.802994,209.975006
2026-09-23T08:30:00Z,209.970993,210.042999,209.940994,209.985001
2026-09-23T08:45:00Z,209.994003,210.024002,209.964996,209.990005
2026-09-23T09:00:00Z,209.992004,210.011002,209.863007,209.882996
2026-09-23T09:15:00Z,209.882996,209.906006,209.807007,209.835007
2026-09-23T09:30:00Z,209.832001,209.876007,209.716003,209.742004
2026-09-23T09:45:00Z,209.742004,209.744995,209.608994,209.617004
2026-09-23T10:00:00Z,209.613007,209.735001,209.589005,209.664993
2026-09-23T10:15:00Z,209.664993,209.673004,209.548996,209.630005
2026-09-23T10:30:00Z,209.628998,209.632004,209.556000,209.576004
2026-09-23T10:45:00Z,209.576004,209.787994,209.569000,209.781006
2026-09-23T11:00:00Z,209.779999,209.906006,209.714005,209.903000
2026-09-23T11:15:00Z,209.899994,209.923004,209.785995,209.792007
2026-09-23T11:30:00Z,209.785995,209.811005,209.669006,209.684998
2026-09-23T11:45:00Z,209.684006,209.755005,209.654007,209.703003
2026-09-23T12:00:00Z,209.705002,209.723999,209.634003,209.651001
2026-09-23T12:15:00Z,209.651001,209.695007,209.600006,209.602005
2026-09-23T12:30:00Z,209.602005,209.610992,209.511993,209.516006
2026-09-23T12:45:00Z,209.516006,209.613007,209.485001,209.600006
2026-09-23T13:00:00Z,209.598999,209.694000,209.552002,209.561996
2026-09-23T13:15:00Z,209.561005,209.707001,209.552002,209.675995
2026-09-23T13:30:00Z,209.673004,209.781006,209.617004,209.725998
2026-09-23T13:45:00Z,209.716995,209.863998,209.572006,209.837006
2026-09-23T14:00:00Z,209.837997,209.852997,209.707993,209.811005
2026-09-23T14:15:00Z,209.815002,209.871994,209.770996,209.811996
2026-09-23T14:30:00Z,209.809998,209.936005,209.785995,209.789993
2026-09-23T14:45:00Z,209.783997,209.850006,209.662003,209.828995
2026-09-23T15:00:00Z,209.828995,209.917999,209.781006,209.903000
2026-09-23T15:15:00Z,209.906006,209.927994,209.832993,209.912994
2026-09-23T15:30:00Z,209.914001,209.938995,209.848999,209.856995
2026-09-23T15:45:00Z,209.850998,209.856003,209.755005,209.761002
2026-09-23T16:00:00Z,209.761002,209.785004,209.710007,209.746994
2026-09-23T16:15:00Z,209.746002,209.759003,209.656998,209.660004
2026-09-23T16:30:00Z,209.664001,209.684006,209.539001,209.630005
2026-09-23T16:45:00Z,209.630005,209.643005,209.518997,209.563995
2026-09-23T17:00:00Z,209.565002,209.565994,209.419998,209.438004
2026-09-23T17:15:00Z,209.436005,209.589996,209.421005,209.561005
2026-09-23T17:30:00Z,209.563004,209.639999,209.470993,209.557007
2026-09-23T17:45:00Z,209.556000,209.664001,209.526001,209.626999
2026-09-23T18:00:00Z,209.626007,209.654007,209.559006,209.589005
2026-09-23T18:15:00Z,209.589005,209.613998,209.567993,209.595001
2026-09-23T18:30:00Z,209.597000,209.619995,209.578003,209.613007
2026-09-23T18:45:00Z,209.613007,209.621994,209.574997,209.580994
2026-09-23T19:00:00Z,209.582001,209.626007,209.574997,209.598999
2026-09-23T19:15:00Z,209.598007,209.639008,209.570999,209.613998
2026-09-23T19:30:00Z,209.617004,209.647003,209.569000,209.639008
2026-09-23T19:45:00Z,209.639999,209.701996,209.639008,209.675003
2026-09-23T20:00:00Z,209.675995,209.701004,209.632996,209.638000
2026-09-23T20:15:00Z,209.639008,209.679001,209.628998,209.641998
2026-09-23T20:30:00Z,209.636002,209.682007,209.626999,209.660004
2026-09-23T20:45:00Z,209.660995,209.673996,209.528000,209.552002
2026-09-23T21:00:00Z,209.554993,209.664001,209.358002,209.544998
2026-09-23T21:15:00Z,209.524994,209.737000,209.356995,209.375000
2026-09-23T21:30:00Z,209.516998,209.677002,209.356003,209.556000
2026-09-23T21:45:00Z,209.591995,209.690002,209.440994,209.481995
2026-09-23T22:00:00Z,209.481995,209.634003,209.417999,209.623993
2026-09-23T22:15:00Z,209.623993,209.639999,209.582993,209.598007
2026-09-23T22:30:00Z,209.593002,209.628998,209.584000,209.612000
2026-09-23T22:45:00Z,209.612000,209.625000,209.582001,209.584000
2026-09-23T23:00:00Z,209.565994,209.593994,209.518997,209.546997
2026-09-23T23:15:00Z,209.546997,209.619995,209.537994,209.608002
2026-09-23T23:30:00Z,209.604004,209.639999,209.582001,209.584000
2026-09-23T23:45:00Z,209.589005,209.589005,209.501007,209.503006
2026-09-24T00:00:00Z,209.511002,209.621994,209.479996,209.582001
2026-09-24T00:15:00Z,209.574997,209.582993,209.261993,209.334000
2026-09-24T00:30:00Z,209.332993,209.354996,209.248001,209.324997
2026-09-24T00:45:00Z,209.328995,209.356995,208.792999,209.097000
2026-09-24T01:00:00Z,209.102005,209.160995,208.951996,208.955002
2026-09-24T01:15:00Z,208.955002,209.007004,208.869003,208.940994
2026-09-24T01:30:00Z,208.942993,209.033997,208.910004,208.977997
2026-09-24T01:45:00Z,208.979004,209.082993,208.862000,208.895996
2026-09-24T02:00:00Z,208.895996,208.914001,208.763000,208.852005
2026-09-24T02:15:00Z,208.852005,208.940994,208.811005,208.822006
2026-09-24T02:30:00Z,208.822006,209.003006,208.792007,208.975006
2026-09-24T02:45:00Z,208.972000,209.089005,208.968002,209.074005
2026-09-24T03:00:00Z,209.074997,209.139008,209.041000,209.132004
2026-09-24T03:15:00Z,209.132004,209.203003,209.098999,209.192993
2026-09-24T03:30:00Z,209.194000,209.276001,209.175995,209.218002
2026-09-24T03:45:00Z,209.216995,209.246002,209.158005,209.164993
2026-09-24T04:00:00Z,209.156006,209.188995,209.065002,209.102005
2026-09-24T04:15:00Z,209.097000,209.205994,209.078003,209.145996
2026-09-24T04:30:00Z,209.141006,209.145996,209.035995,209.100998
2026-09-24T04:45:00Z,209.102997,209.153000,209.044006,209.067993
2026-09-24T05:00:00Z,209.069000,209.128006,209.016998,209.076004
2026-09-24T05:15:00Z,209.074997,209.177002,209.057007,209.153000
2026-09-24T05:30:00Z,209.154007,209.423004,209.151993,209.399002
2026-09-24T05:45:00Z,209.391006,209.481003,209.345001,209.358994
2026-09-24T06:00:00Z,209.360001,209.630997,209.343994,209.630997
2026-09-24T06:15:00Z,209.630997,209.852997,209.610001,209.843994
2026-09-24T06:30:00Z,209.843994,209.863998,209.764999,209.862000
2026-09-24T06:45:00Z,209.863007,209.863998,209.748993,209.837006
2026-09-24T07:00:00Z,209.835999,209.848999,209.658997,209.705002
2026-09-24T07:15:00Z,209.701004,209.848007,209.694000,209.761002
2026-09-24T07:30:00Z,209.759003,209.772003,209.473999,209.557999
2026-09-24T07:45:00Z,209.559006,209.626999,209.416000,209.548996
2026-09-24T08:00:00Z,209.548996,209.690002,209.518005,209.686005
2026-09-24T08:15:00Z,209.688004,209.764008,209.638000,209.723007
2026-09-24T08:30:00Z,209.722000,209.789993,209.612000,209.612000
2026-09-24T08:45:00Z,209.613998,209.798004,209.613998,209.796997
2026-09-24T09:00:00Z,209.789001,210.059998,209.789001,209.917007
2026-09-24T09:15:00Z,209.921997,210.067993,209.863998,209.972000
2026-09-24T09:30:00Z,209.973007,210.007004,209.904999,209.964996
2026-09-24T09:45:00Z,209.964996,210.041000,209.951004,210.018005
2026-09-24T10:00:00Z,210.016998,210.050003,209.964996,209.977997
2026-09-24T10:15:00Z,209.983002,209.985001,209.809998,209.856003
2026-09-24T10:30:00Z,209.852005,209.983002,209.845001,209.932999
2026-09-24T10:45:00Z,209.934006,210.020004,209.903000,209.994003
2026-09-24T11:00:00Z,209.990997,210.005005,209.882996,209.886993
2026-09-24T11:15:00Z,209.888000,210.098007,209.873993,210.070999
2026-09-24T11:30:00Z,210.069000,210.104996,209.977005,210.080002
2026-09-24T11:45:00Z,210.080994,210.102997,209.996994,209.998993
2026-09-24T12:00:00Z,210.001999,210.016006,209.923004,209.994003
2026-09-24T12:15:00Z,209.992996,210.000000,209.873001,209.923004
2026-09-24T12:30:00Z,209.931000,209.968994,209.871002,209.912003
2026-09-24T12:45:00Z,209.912003,209.992996,209.908005,209.964005
2026-09-24T13:00:00Z,209.964005,210.020004,209.867004,210.001999
2026-09-24T13:15:00Z,210.001999,210.070999,209.921997,209.923996
2026-09-24T13:30:00Z,209.923996,209.996994,209.910995,209.942993
2026-09-24T13:45:00Z,209.932999,210.018997,209.839005,209.845001
2026-09-24T14:00:00Z,209.854996,209.942993,209.766998,209.906006
2026-09-24T14:15:00Z,209.906006,209.979004,209.817993,209.826004
2026-09-24T14:30:00Z,209.822006,209.932007,209.776001,209.919006
2026-09-24T14:45:00Z,209.916000,210.044998,209.863007,210.031998
2026-09-24T15:00:00Z,210.031998,210.042007,209.966995,210.018997
2026-09-24T15:15:00Z,210.018997,210.141006,210.011993,210.139999
2026-09-24T15:30:00Z,210.139999,210.139999,209.934006,209.998993
2026-09-24T15:45:00Z,209.998993,210.013000,209.959000,210.003998
2026-09-24T16:00:00Z,210.001999,210.039993,209.973999,209.994003
2026-09-24T16:15:00Z,209.996002,210.100006,209.936996,210.072998
2026-09-24T16:30:00Z,210.072998,210.093994,209.983002,210.028000
2026-09-24T16:45:00Z,210.031998,210.100006,209.988007,210.067993
2026-09-24T17:00:00Z,210.076004,210.089996,210.005005,210.044998
2026-09-24T17:15:00Z,210.044998,210.093002,210.028000,210.056000
2026-09-24T17:30:00Z,210.052002,210.061996,209.979996,209.994003
2026-09-24T17:45:00Z,209.994003,210.001007,209.929001,209.960999
2026-09-24T18:00:00Z,209.962006,209.996002,209.886002,209.945999
2026-09-24T18:15:00Z,209.942001,209.960007,209.914993,209.953995
2026-09-24T18:30:00Z,209.949997,209.960007,209.903000,209.927994
2026-09-24T18:45:00Z,209.927994,209.953003,209.910995,209.942993
2026-09-24T19:00:00Z,209.944000,209.988998,209.936005,209.981003
2026-09-24T19:15:00Z,209.983002,210.001999,209.949997,209.996002
2026-09-24T19:30:00Z,209.996002,209.998001,209.957001,209.987000
2026-09-24T19:45:00Z,209.987000,210.059006,209.960999,210.057999
2026-09-24T20:00:00Z,210.054993,210.078003,209.994995,210.003998
2026-09-24T20:15:00Z,210.003998,210.013000,209.966003,209.988998
2026-09-24T20:30:00Z,209.988998,210.024002,209.955994,210.014008
2026-09-24T20:45:00Z,210.020004,210.028000,209.889008,209.957001
2026-09-24T21:00:00Z,209.949005,210.082001,209.664993,209.893997
2026-09-24T21:15:00Z,209.893997,210.057999,209.763000,209.768997
2026-09-24T21:30:00Z,209.817001,209.908005,209.686996,209.809006
2026-09-24T21:45:00Z,209.755997,209.886002,209.701004,209.802002
2026-09-24T22:00:00Z,209.802002,209.960999,209.802002,209.865005
2026-09-24T22:15:00Z,209.865005,209.889008,209.845993,209.845993
2026-09-24T22:30:00Z,209.845993,209.871002,209.807007,209.809006
2026-09-24T22:45:00Z,209.813995,209.837006,209.779007,209.813004
2026-09-24T23:00:00Z,209.817001,209.850006,209.798004,209.845993
2026-09-24T23:15:00Z,209.845993,209.910995,209.839005,209.886993
2026-09-24T23:30:00Z,209.889999,209.906998,209.848999,209.854004
2026-09-24T23:45:00Z,209.858002,209.860001,209.783997,209.809006
2026-09-25T00:00:00Z,209.809998,209.828003,209.723999,209.763000
2026-09-25T00:15:00Z,209.759995,209.768005,209.675003,209.712006
2026-09-25T00:30:00Z,209.707993,209.723999,209.662003,209.707993
2026-09-25T00:45:00Z,209.703995,209.723007,209.598999,209.639008
2026-09-25T01:00:00Z,209.639008,209.761993,209.617996,209.746994
2026-09-25T01:15:00Z,209.751007,209.781006,209.705994,209.725998
2026-09-25T01:30:00Z,209.725006,209.755997,209.675003,209.684006
2026-09-25T01:45:00Z,209.684006,209.695007,209.567993,209.591003
2026-09-25T02:00:00Z,209.593002,209.597000,209.287994,209.388000
2026-09-25T02:15:00Z,209.389999,209.470993,209.345001,209.358002
2026-09-25T02:30:00Z,209.358002,209.457993,209.339005,209.358002
2026-09-25T02:45:00Z,209.356995,209.382996,209.317001,209.382004
2026-09-25T03:00:00Z,209.376007,209.382996,209.244003,209.326996
2026-09-25T03:15:00Z,209.322006,209.356995,209.266006,209.294998
2026-09-25T03:30:00Z,209.292999,209.326004,209.246994,209.276001
2026-09-25T03:45:00Z,209.274994,209.285995,209.160004,209.212997
2026-09-25T04:00:00Z,209.210999,209.242004,209.128998,209.181000
2026-09-25T04:15:00Z,209.177994,209.253998,209.164001,209.244003
2026-09-25T04:30:00Z,209.244003,209.341003,209.235992,209.296005
2026-09-25T04:45:00Z,209.296005,209.328995,209.259003,209.307007
2026-09-25T05:00:00Z,209.307999,209.320007,208.988007,209.003006
2026-09-25T05:15:00Z,209.005005,209.093994,208.968002,209.026993
2026-09-25T05:30:00Z,209.024002,209.158997,208.987000,209.139999
2026-09-25T05:45:00Z,209.134995,209.184006,209.078995,209.175003
2026-09-25T06:00:00Z,209.175003,209.195007,208.994003,209.001999
2026-09-25T06:15:00Z,208.992004,209.197006,208.932007,209.186996
