time,open,high,low,close
2025-09-24T06:00:00Z,199.718002,199.889999,199.718002,199.852997
2025-09-24T07:00:00Z,199.850998,199.876999,199.602005,199.621994
2025-09-24T08:00:00Z,199.619003,199.914001,199.550003,199.908005
2025-09-24T09:00:00Z,199.908005,199.992996,199.770004,199.841003
2025-09-24T10:00:00Z,199.841003,199.981995,199.787003,199.804993
2025-09-24T11:00:00Z,199.802994,199.912003,199.766998,199.841995
2025-09-24T12:00:00Z,199.839005,200.014008,199.783005,199.888000
2025-09-24T13:00:00Z,199.888000,199.917999,199.699997,199.815002
2025-09-24T14:00:00Z,199.819000,200.059006,199.722000,200.029999
2025-09-24T15:00:00Z,200.028000,200.141006,199.955994,199.970993
2025-09-24T16:00:00Z,199.968002,200.044006,199.904999,199.972000
2025-09-24T17:00:00Z,199.973007,200.115005,199.964996,200.102005
2025-09-24T18:00:00Z,200.102005,200.229996,200.011002,200.166000
2025-09-24T19:00:00Z,200.166000,200.220993,200.110992,200.156006
2025-09-24T20:00:00Z,200.154007,200.242996,200.149002,200.190994
2025-09-24T21:00:00Z,200.197998,200.248993,199.962997,200.070999
2025-09-24T22:00:00Z,200.057999,200.199997,200.011993,200.136993
2025-09-24T23:00:00Z,200.147995,200.194000,200.074005,200.098007
2025-09-25T00:00:00Z,200.095993,200.112000,199.869995,199.921005
2025-09-25T01:00:00Z,199.923996,200.205994,199.912003,200.126007
2025-09-25T02:00:00Z,200.123993,200.201996,200.026993,200.190002
2025-09-25T03:00:00Z,200.190002,200.210007,200.087006,200.128006
2025-09-25T04:00:00Z,200.126999,200.173004,200.056000,200.059006
2025-09-25T05:00:00Z,200.057999,200.218994,200.048004,200.212006
2025-09-25T06:00:00Z,200.210999,200.345001,200.156006,200.328995
2025-09-25T07:00:00Z,200.324005,200.330994,199.927002,199.975006
2025-09-25T08:00:00Z,199.973007,200.117996,199.916000,200.089005
2025-09-25T09:00:00Z,200.095993,200.154999,200.054993,200.121994
2025-09-25T10:00:00Z,200.119003,200.154999,200.020004,200.074997
2025-09-25T11:00:00Z,200.074005,200.162003,199.712006,199.755005
2025-09-25T12:00:00Z,199.755005,199.888000,199.570007,199.737000
2025-09-25T13:00:00Z,199.733002,199.824997,199.632004,199.779999
2025-09-25T14:00:00Z,199.779999,199.938004,199.712997,199.722000
2025-09-25T15:00:00Z,199.722000,200.020996,199.675995,199.932999
2025-09-25T16:00:00Z,199.936005,200.026993,199.774002,199.828995
2025-09-25T17:00:00Z,199.837006,199.889999,199.707001,199.759995
2025-09-25T18:00:00Z,199.759995,199.875000,199.630005,199.850998
2025-09-25T19:00:00Z,199.850998,199.871994,199.729004,199.737000
2025-09-25T20:00:00Z,199.737000,199.914001,199.737000,199.813004
2025-09-25T21:00:00Z,199.764999,200.001007,199.595993,199.723999
2025-09-25T22:00:00Z,199.723999,199.908997,199.656006,199.813995
2025-09-25T23:00:00Z,199.798004,199.929993,199.746002,199.852997
2025-09-26T00:00:00Z,199.852005,199.882004,199.695007,199.748001
2025-09-26T01:00:00Z,199.748001,199.921005,199.690002,199.889999
2025-09-26T02:00:00Z,199.889999,199.955002,199.858002,199.873993
2025-09-26T03:00:00Z,199.871002,199.927994,199.858994,199.906006
2025-09-26T04:00:00Z,199.906006,199.914993,199.828995,199.830002
2025-09-26T05:00:00Z,199.830002,199.932999,199.804001,199.910995
2025-09-26T06:00:00Z,199.910995,200.125000,199.903000,200.078995
2025-09-26T07:00:00Z,200.078995,200.210007,199.994003,200.080994
2025-09-26T08:00:00Z,200.078995,200.151993,200.018005,200.134995
2025-09-26T09:00:00Z,200.136002,200.162994,199.975998,199.996994
2025-09-26T10:00:00Z,200.000000,200.132004,199.975006,200.042999
2025-09-26T11:00:00Z,200.039993,200.082001,199.929001,199.962997
2025-09-26T12:00:00Z,199.962997,200.216003,199.938995,200.147003
2025-09-26T13:00:00Z,200.141998,200.442993,200.117004,200.416000
2025-09-26T14:00:00Z,200.410995,200.513000,200.289001,200.352997
2025-09-26T15:00:00Z,200.352997,200.438004,200.309998,200.376007
2025-09-26T16:00:00Z,200.378006,200.501007,200.352005,200.369003
2025-09-26T17:00:00Z,200.369003,200.457993,200.348007,200.417999
2025-09-26T18:00:00Z,200.419006,200.468994,200.352997,200.397003
2025-09-26T19:00:00Z,200.386002,200.477997,200.354004,200.449005
2025-09-26T20:00:00Z,200.449005,200.472000,200.203003,200.315994
2025-09-26T21:00:00Z,200.382996,200.382996,200.382996,200.382996
2025-09-28T23:00:00Z,200.348007,200.369003,200.250000,200.315994
2025-09-29T00:00:00Z,200.315002,200.328003,200.164993,200.246002
2025-09-29T01:00:00Z,200.244995,200.287003,200.016006,200.167007
2025-09-29T02:00:00Z,200.171997,200.194000,200.000000,200.014008
2025-09-29T03:00:00Z,200.009003,200.067001,199.977997,200.042999
2025-09-29T04:00:00Z,200.044998,200.190002,199.983002,200.141998
2025-09-29T05:00:00Z,200.143997,200.205002,199.919006,199.979004
2025-09-29T06:00:00Z,199.975006,200.056000,199.852005,199.985001
2025-09-29T07:00:00Z,199.985001,200.022995,199.722000,199.770996
2025-09-29T08:00:00Z,199.772995,199.791000,199.533005,199.552002
2025-09-29T09:00:00Z,199.552002,199.729996,199.494003,199.585999
2025-09-29T10:00:00Z,199.585999,199.671005,199.533997,199.626999
2025-09-29T11:00:00Z,199.628006,199.865005,199.619995,199.860992
2025-09-29T12:00:00Z,199.860992,199.979996,199.824997,199.893005
2025-09-29T13:00:00Z,199.889999,199.990997,199.598007,199.662994
2025-09-29T14:00:00Z,199.662994,199.699997,199.335007,199.460999
2025-09-29T15:00:00Z,199.460999,199.595001,199.404999,199.557999
2025-09-29T16:00:00Z,199.552994,199.630997,199.511002,199.552994
2025-09-29T17:00:00Z,199.552002,199.617996,199.438995,199.466995
2025-09-29T18:00:00Z,199.468994,199.740997,199.447998,199.729004
2025-09-29T19:00:00Z,199.729004,199.738998,199.598999,199.692993
2025-09-29T20:00:00Z,199.686996,199.751999,199.423996,199.423996
2025-09-29T21:00:00Z,199.470993,199.634995,199.419998,199.483002
2025-09-29T22:00:00Z,199.492004,199.656006,199.460007,199.619995
2025-09-29T23:00:00Z,199.615005,199.682999,199.524002,199.658997
2025-09-30T00:00:00Z,199.660995,199.768005,199.522995,199.748993
2025-09-30T01:00:00Z,199.746002,199.766006,199.602997,199.662003
2025-09-30T02:00:00Z,199.660004,199.757004,199.582001,199.733002
2025-09-30T03:00:00Z,199.733994,199.742004,199.528000,199.529007
2025-09-30T04:00:00Z,199.528000,199.576004,199.337006,199.423996
2025-09-30T05:00:00Z,199.419006,199.505005,199.160004,199.192993
2025-09-30T06:00:00Z,199.201996,199.306000,198.996994,199.011002
2025-09-30T07:00:00Z,199.007004,199.128006,198.845001,199.074005
2025-09-30T08:00:00Z,199.074005,199.141998,198.785995,198.796005
2025-09-30T09:00:00Z,198.804001,198.979996,198.746994,198.934998
2025-09-30T10:00:00Z,198.932999,198.975006,198.796997,198.910004
2025-09-30T11:00:00Z,198.904999,199.016006,198.772003,198.819000
2025-09-30T12:00:00Z,198.824997,199.054001,198.768997,198.882004
2025-09-30T13:00:00Z,198.880997,198.944000,198.572006,198.826996
2025-09-30T14:00:00Z,198.815994,199.005005,198.587006,198.809006
2025-09-30T15:00:00Z,198.807007,198.988007,198.735001,198.904999
2025-09-30T16:00:00Z,198.904007,198.917999,198.727997,198.839996
2025-09-30T17:00:00Z,198.835999,198.923004,198.750000,198.776001
2025-09-30T18:00:00Z,198.774002,198.871002,198.735992,198.863007
2025-09-30T19:00:00Z,198.867996,198.908005,198.789001,198.854996
2025-09-30T20:00:00Z,198.858002,198.910004,198.757996,198.757996
2025-09-30T21:00:00Z,198.688004,198.908997,198.619995,198.761002
2025-09-30T22:00:00Z,198.748001,198.886993,198.705994,198.835999
2025-09-30T23:00:00Z,198.839005,198.987000,198.772995,198.977005
2025-10-01T00:00:00Z,198.975998,199.216995,198.942001,199.063995
2025-10-01T01:00:00Z,199.063995,199.104996,198.850998,198.869995
2025-10-01T02:00:00Z,198.871994,198.908997,198.781006,198.813004
2025-10-01T03:00:00Z,198.813004,198.869003,198.740997,198.819000
2025-10-01T04:00:00Z,198.819000,198.923996,198.625000,198.647003
2025-10-01T05:00:00Z,198.649994,198.742004,198.490997,198.498001
2025-10-01T06:00:00Z,198.498001,198.507004,198.231003,198.257996
2025-10-01T07:00:00Z,198.255997,198.266998,198.024002,198.132004
2025-10-01T08:00:00Z,198.130997,198.218002,198.016006,198.164993
2025-10-01T09:00:00Z,198.167999,198.242996,198.108002,198.199997
2025-10-01T10:00:00Z,198.205002,198.238998,198.085007,198.121994
2025-10-01T11:00:00Z,198.123001,198.322006,198.100998,198.184006
2025-10-01T12:00:00Z,198.179993,198.531998,197.908005,198.352997
2025-10-01T13:00:00Z,198.352997,198.427002,198.220993,198.248001
2025-10-01T14:00:00Z,198.274002,198.507004,198.177994,198.356995
2025-10-01T15:00:00Z,198.356995,198.378998,198.207993,198.227997
2025-10-01T16:00:00Z,198.227005,198.345993,198.195007,198.278000
2025-10-01T17:00:00Z,198.281006,198.343002,198.216995,198.270996
2025-10-01T18:00:00Z,198.268005,198.397995,198.225998,198.354996
2025-10-01T19:00:00Z,198.350998,198.391998,198.266998,198.278000
2025-10-01T20:00:00Z,198.278000,198.289993,198.117996,198.223999
2025-10-01T21:00:00Z,198.151993,198.283005,198.026001,198.154007
2025-10-01T22:00:00Z,198.207993,198.229004,198.093994,198.145004
2025-10-01T23:00:00Z,198.153000,198.291000,198.139008,198.272003
2025-10-02T00:00:00Z,198.272003,198.444000,198.220001,198.251007
2025-10-02T01:00:00Z,198.251999,198.324005,198.138000,198.190002
2025-10-02T02:00:00Z,198.190002,198.408997,198.151993,198.384995
2025-10-02T03:00:00Z,198.384995,198.403000,198.190002,198.235001
2025-10-02T04:00:00Z,198.238998,198.360992,198.216003,198.315994
2025-10-02T05:00:00Z,198.315994,198.401993,198.253006,198.300995
2025-10-02T06:00:00Z,198.302002,198.580002,198.082993,198.505997
2025-10-02T07:00:00Z,198.501007,198.613007,198.425003,198.473007
2025-10-02T08:00:00Z,198.468002,198.494995,198.115997,198.235001
2025-10-02T09:00:00Z,198.233994,198.253998,197.899994,197.914001
2025-10-02T10:00:00Z,197.914001,197.975006,197.660995,197.671005
2025-10-02T11:00:00Z,197.671997,197.878006,197.593002,197.820999
2025-10-02T12:00:00Z,197.820999,198.261002,197.787994,198.162003
2025-10-02T13:00:00Z,198.156998,198.184998,197.692993,197.727997
2025-10-02T14:00:00Z,197.722000,197.800003,197.481003,197.723999
2025-10-02T15:00:00Z,197.723007,197.860001,197.612000,197.755997
2025-10-02T16:00:00Z,197.751999,197.875000,197.712997,197.770004
2025-10-02T17:00:00Z,197.776993,197.850006,197.751007,197.776001
2025-10-02T18:00:00Z,197.772995,197.955994,197.761993,197.951004
2025-10-02T19:00:00Z,197.947998,197.962006,197.850006,197.929001
2025-10-02T20:00:00Z,197.927994,197.970993,197.815002,197.886002
2025-10-02T21:00:00Z,197.750000,197.953003,197.610992,197.830002
2025-10-02T22:00:00Z,197.796997,198.046005,197.753006,197.828995
2025-10-02T23:00:00Z,197.835007,197.882996,197.735001,197.869003
2025-10-03T00:00:00Z,197.863998,198.123001,197.860001,198.102997
2025-10-03T01:00:00Z,198.102997,198.421997,197.957993,198.326004
2025-10-03T02:00:00Z,198.326004,198.464005,198.311996,198.434998
2025-10-03T03:00:00Z,198.427994,198.552994,198.406006,198.475998
2025-10-03T04:00:00Z,198.475998,198.541000,198.432999,198.466995
2025-10-03T05:00:00Z,198.466995,198.537994,198.255005,198.503006
2025-10-03T06:00:00Z,198.501007,198.524002,198.274994,198.283997
2025-10-03T07:00:00Z,198.285995,198.468994,198.283005,198.416000
2025-10-03T08:00:00Z,198.417999,198.472000,198.253998,198.266006
2025-10-03T09:00:00Z,198.268997,198.294998,198.110992,198.261993
2025-10-03T10:00:00Z,198.261993,198.268005,198.156998,198.179001
2025-10-03T11:00:00Z,198.175003,198.240997,198.001999,198.069000
2025-10-03T12:00:00Z,198.069000,198.197006,198.003006,198.188004
2025-10-03T13:00:00Z,198.184006,198.423996,198.132004,198.393005
2025-10-03T14:00:00Z,198.350006,198.664001,198.061996,198.639008
2025-10-03T15:00:00Z,198.636002,198.682999,198.542999,198.602005
2025-10-03T16:00:00Z,198.600998,198.835007,198.585007,198.794998
2025-10-03T17:00:00Z,198.794006,198.798004,198.619003,198.699005
2025-10-03T18:00:00Z,198.699005,198.847000,198.613998,198.824997
2025-10-03T19:00:00Z,198.822998,198.865997,198.789001,198.811005
2025-10-03T20:00:00Z,198.811005,198.852005,198.656006,198.738998
2025-10-03T21:00:00Z,198.751999,198.751999,198.751999,198.751999
2025-10-05T23:00:00Z,200.612000,201.003998,200.451996,200.908005
2025-10-06T00:00:00Z,200.904999,201.309006,200.766998,201.195999
2025-10-06T01:00:00Z,201.197998,201.492996,201.070999,201.434006
2025-10-06T02:00:00Z,201.434006,201.688995,201.417007,201.639999
2025-10-06T03:00:00Z,201.639999,201.921005,201.602005,201.860001
2025-10-06T04:00:00Z,201.856003,202.164001,201.613007,202.115005
2025-10-06T05:00:00Z,202.123001,202.240997,201.945999,201.988998
2025-10-06T06:00:00Z,201.988998,202.035004,201.636993,201.658997
2025-10-06T07:00:00Z,201.660004,202.141006,201.514008,201.688004
2025-10-06T08:00:00Z,201.690994,202.091003,201.552002,202.026001
2025-10-06T09:00:00Z,202.026001,202.121994,201.815994,202.057007
2025-10-06T10:00:00Z,202.057999,202.084000,201.705994,201.709000
2025-10-06T11:00:00Z,201.712997,201.921997,201.667007,201.867996
2025-10-06T12:00:00Z,201.867996,201.878006,201.235992,201.266006
2025-10-06T13:00:00Z,201.266006,201.835999,201.238998,201.826996
2025-10-06T14:00:00Z,201.828003,202.201996,201.738007,202.134995
2025-10-06T15:00:00Z,202.139008,202.253998,202.098007,202.149994
2025-10-06T16:00:00Z,202.151001,202.352005,202.054001,202.337997
2025-10-06T17:00:00Z,202.341995,202.563995,202.306000,202.531998
2025-10-06T18:00:00Z,202.531998,202.666000,202.481995,202.636002
2025-10-06T19:00:00Z,202.636002,202.699997,202.559998,202.651993
2025-10-06T20:00:00Z,202.651993,202.820007,202.632004,202.707993
2025-10-06T21:00:00Z,202.718002,202.718002,202.455002,202.528000
2025-10-06T22:00:00Z,202.707001,202.748993,202.651001,202.662003
2025-10-06T23:00:00Z,202.647003,202.787994,202.572998,202.748001
2025-10-07T00:00:00Z,202.748001,203.056000,202.725998,202.893005
2025-10-07T01:00:00Z,202.893005,202.936996,202.653000,202.789001
2025-10-07T02:00:00Z,202.785995,202.858994,202.615005,202.854004
2025-10-07T03:00:00Z,202.847000,202.860001,202.621002,202.621002
2025-10-07T04:00:00Z,202.621002,202.656998,202.516998,202.595993
2025-10-07T05:00:00Z,202.595001,202.638000,202.453003,202.550003
2025-10-07T06:00:00Z,202.557999,202.701996,202.445999,202.625000
2025-10-07T07:00:00Z,202.623993,202.667007,202.270996,202.380005
2025-10-07T08:00:00Z,202.380997,202.675995,202.278000,202.615005
2025-10-07T09:00:00Z,202.610992,202.686005,202.522003,202.669006
2025-10-07T10:00:00Z,202.671005,202.675003,202.401001,202.416000
2025-10-07T11:00:00Z,202.416000,202.488998,202.106995,202.214996
2025-10-07T12:00:00Z,202.214996,202.362000,202.139008,202.324005
2025-10-07T13:00:00Z,202.324005,202.533997,202.199005,202.518997
2025-10-07T14:00:00Z,202.522003,203.070007,202.492996,203.046005
2025-10-07T15:00:00Z,203.046997,203.289993,202.914993,203.182007
2025-10-07T16:00:00Z,203.179001,203.507004,203.141006,203.417007
2025-10-07T17:00:00Z,203.417007,203.723999,203.410004,203.647003
2025-10-07T18:00:00Z,203.647003,204.063995,203.615997,203.895996
2025-10-07T19:00:00Z,203.895004,203.906006,203.748001,203.871002
2025-10-07T20:00:00Z,203.871002,204.112000,203.817993,204.074005
2025-10-07T21:00:00Z,203.925003,204.188995,203.802994,203.899002
2025-10-07T22:00:00Z,203.904007,203.973999,203.735992,203.848999
2025-10-07T23:00:00Z,203.811005,204.147995,203.778000,204.059006
2025-10-08T00:00:00Z,204.059006,204.389999,204.059006,204.317993
2025-10-08T01:00:00Z,204.320007,204.473999,204.207001,204.442001
2025-10-08T02:00:00Z,204.442993,204.470001,204.104004,204.279007
2025-10-08T03:00:00Z,204.279007,204.335999,204.182999,204.216995
2025-10-08T04:00:00Z,204.216003,204.246002,203.970001,204.072006
2025-10-08T05:00:00Z,204.061996,204.100006,203.899994,204.089005
2025-10-08T06:00:00Z,204.082001,204.210999,203.906006,204.085007
2025-10-08T07:00:00Z,204.089005,204.669998,204.065002,204.664001
2025-10-08T08:00:00Z,204.669006,204.839996,204.457001,204.806000
2025-10-08T09:00:00Z,204.802994,205.121994,204.774994,205.026993
2025-10-08T10:00:00Z,205.022003,205.322998,204.776993,204.843002
2025-10-08T11:00:00Z,204.841003,204.988998,204.606003,204.712997
2025-10-08T12:00:00Z,204.712997,204.863998,204.563995,204.653000
2025-10-08T13:00:00Z,204.647003,204.888000,204.548004,204.835007
2025-10-08T14:00:00Z,204.839005,205.095993,204.623993,204.681000
2025-10-08T15:00:00Z,204.686005,204.785004,204.470993,204.475998
2025-10-08T16:00:00Z,204.475006,204.513000,204.304001,204.492996
2025-10-08T17:00:00Z,204.498993,204.557999,204.438004,204.548996
2025-10-08T18:00:00Z,204.544006,204.589996,204.341995,204.479996
2025-10-08T19:00:00Z,204.475006,204.632996,204.429993,204.615005
2025-10-08T20:00:00Z,204.617996,204.692001,204.570007,204.634995
2025-10-08T21:00:00Z,204.632004,204.759003,204.419998,204.565002
2025-10-08T22:00:00Z,204.567993,204.623001,204.410004,204.488007
2025-10-08T23:00:00Z,204.475998,204.649994,204.365005,204.630997
2025-10-09T00:00:00Z,204.628006,204.772995,204.388000,204.768997
2025-10-09T01:00:00Z,204.768997,204.880005,204.384003,204.524002
2025-10-09T02:00:00Z,204.518005,204.656998,204.498993,204.541000
2025-10-09T03:00:00Z,204.541000,204.615997,204.518005,204.585999
2025-10-09T04:00:00Z,204.585999,204.705994,204.473999,204.490005
2025-10-09T05:00:00Z,204.494003,204.664001,204.490005,204.604996
2025-10-09T06:00:00Z,204.604996,204.854996,204.425003,204.438995
2025-10-09T07:00:00Z,204.436005,204.565002,204.343994,204.378998
2025-10-09T08:00:00Z,204.378998,204.481003,204.102997,204.160995
2025-10-09T09:00:00Z,204.160995,204.363007,203.899002,204.220993
2025-10-09T10:00:00Z,204.220993,204.367996,204.080994,204.097000
2025-10-09T11:00:00Z,204.100006,204.397003,203.977005,204.362000
2025-10-09T12:00:00Z,204.360992,204.520996,204.244003,204.438004
2025-10-09T13:00:00Z,204.438004,204.565994,203.701996,204.352005
2025-10-09T14:00:00Z,204.352997,204.393997,203.826004,204.031006
2025-10-09T15:00:00Z,204.035995,204.080002,203.569000,203.692993
2025-10-09T16:00:00Z,203.688995,203.737000,203.371994,203.406998
2025-10-09T17:00:00Z,203.397003,203.561996,203.304993,203.526993
2025-10-09T18:00:00Z,203.528000,203.552994,203.393005,203.434998
2025-10-09T19:00:00Z,203.436996,203.621994,203.363007,203.518997
2025-10-09T20:00:00Z,203.524002,203.682007,203.524002,203.582001
2025-10-09T21:00:00Z,203.662994,203.718002,203.313995,203.630997
2025-10-09T22:00:00Z,203.598999,203.641006,203.509995,203.524994
2025-10-09T23:00:00Z,203.524002,203.751007,203.488998,203.563004
2025-10-10T00:00:00Z,203.563004,203.710999,203.479996,203.498001
2025-10-10T01:00:00Z,203.498001,203.589005,203.367004,203.544998
2025-10-10T02:00:00Z,203.542999,203.619003,203.457993,203.494003
2025-10-10T03:00:00Z,203.492996,203.542007,203.186005,203.222000
2025-10-10T04:00:00Z,203.218994,203.395996,203.173996,203.289993
2025-10-10T05:00:00Z,203.287994,203.412994,203.209000,203.360992
2025-10-10T06:00:00Z,203.360992,203.500000,202.651993,202.809998
2025-10-10T07:00:00Z,202.802994,203.350998,202.748993,203.328995
2025-10-10T08:00:00Z,203.330002,203.444000,203.031998,203.136993
2025-10-10T09:00:00Z,203.136993,203.209000,202.988007,203.070999
2025-10-10T10:00:00Z,203.069000,203.078995,202.518997,202.529007
2025-10-10T11:00:00Z,202.529007,202.746002,202.485992,202.565994
2025-10-10T12:00:00Z,202.567001,202.697006,202.490997,202.582993
2025-10-10T13:00:00Z,202.582993,202.695007,202.533005,202.662994
2025-10-10T14:00:00Z,202.664993,202.987000,202.598999,202.813995
2025-10-10T15:00:00Z,202.813004,203.065994,202.207001,202.723007
2025-10-10T16:00:00Z,202.720993,203.119995,202.645996,202.690002
2025-10-10T17:00:00Z,202.690002,202.770004,202.386002,202.662003
2025-10-10T18:00:00Z,202.664001,202.707993,202.440994,202.483002
2025-10-10T19:00:00Z,202.488007,202.580994,202.298996,202.373001
2025-10-10T20:00:00Z,202.369995,202.490005,201.766998,201.830002
2025-10-10T21:00:00Z,202.016998,202.016998,202.016998,202.016998
2025-10-12T23:00:00Z,202.707001,202.817993,202.503998,202.783997
2025-10-13T00:00:00Z,202.789993,202.835007,202.632004,202.716003
2025-10-13T01:00:00Z,202.716003,202.947998,202.710999,202.927994
2025-10-13T02:00:00Z,202.927994,202.964996,202.854996,202.856995
2025-10-13T03:00:00Z,202.854004,202.929001,202.824005,202.869995
2025-10-13T04:00:00Z,202.871994,202.942993,202.798996,202.893997
2025-10-13T05:00:00Z,202.893997,202.901001,202.690002,202.720993
2025-10-13T06:00:00Z,202.720993,202.968002,202.619995,202.815994
2025-10-13T07:00:00Z,202.813004,203.242004,202.735992,203.082993
2025-10-13T08:00:00Z,203.082993,203.151001,202.828003,203.007996
2025-10-13T09:00:00Z,203.007996,203.089996,202.906998,202.945999
2025-10-13T10:00:00Z,202.945999,203.029999,202.858002,202.940994
2025-10-13T11:00:00Z,202.936005,203.095001,202.729996,202.772003
2025-10-13T12:00:00Z,202.770004,202.962006,202.722000,202.951004
2025-10-13T13:00:00Z,202.949997,203.048004,202.766006,202.904999
2025-10-13T14:00:00Z,202.908005,203.136993,202.856003,203.057007
2025-10-13T15:00:00Z,203.056000,203.091995,202.923996,202.932999
2025-10-13T16:00:00Z,202.932999,203.022995,202.901993,202.988998
2025-10-13T17:00:00Z,202.988998,203.042999,202.931000,202.994995
2025-10-13T18:00:00Z,202.996002,203.128998,202.987000,203.059006
2025-10-13T19:00:00Z,203.052002,203.104004,203.024002,203.054993
2025-10-13T20:00:00Z,203.054993,203.110001,202.951004,202.951004
2025-10-13T21:00:00Z,203.102005,203.121994,202.761002,202.964996
2025-10-13T22:00:00Z,202.964996,203.095001,202.921997,203.084000
2025-10-13T23:00:00Z,203.076004,203.259995,203.009003,203.255005
2025-10-14T00:00:00Z,203.253998,203.494995,203.186005,203.330994
2025-10-14T01:00:00Z,203.326996,203.514999,203.231003,203.423996
2025-10-14T02:00:00Z,203.423996,203.462006,203.298004,203.328003
2025-10-14T03:00:00Z,203.328003,203.360992,202.960999,203.035995
2025-10-14T04:00:00Z,203.042007,203.052002,202.608002,202.761002
2025-10-14T05:00:00Z,202.755997,202.779999,202.362000,202.386002
2025-10-14T06:00:00Z,202.380997,202.389008,201.623001,201.712006
2025-10-14T07:00:00Z,201.712006,201.735992,201.324997,201.444000
2025-10-14T08:00:00Z,201.449997,201.882004,201.408005,201.878006
2025-10-14T09:00:00Z,201.880005,202.020996,201.677994,201.813004
2025-10-14T10:00:00Z,201.815994,201.817001,201.462997,201.546005
2025-10-14T11:00:00Z,201.548004,201.884995,201.498993,201.800003
2025-10-14T12:00:00Z,201.798996,201.834000,201.328003,201.630005
2025-10-14T13:00:00Z,201.636993,202.084000,201.623993,201.878998
2025-10-14T14:00:00Z,201.876999,202.199005,201.860001,201.884003
2025-10-14T15:00:00Z,201.882996,202.179001,201.794998,202.132996
2025-10-14T16:00:00Z,202.132996,202.233002,202.003006,202.072006
2025-10-14T17:00:00Z,202.072006,202.289001,202.016006,202.216003
2025-10-14T18:00:00Z,202.216003,202.334000,202.153000,202.257996
2025-10-14T19:00:00Z,202.257996,202.287994,201.998993,202.126999
2025-10-14T20:00:00Z,202.119995,202.272995,202.057007,202.182999
2025-10-14T21:00:00Z,202.251999,202.272995,201.951004,202.016006
2025-10-14T22:00:00Z,202.018005,202.285004,201.992996,202.192001
2025-10-14T23:00:00Z,202.181000,202.248993,202.080994,202.087006
2025-10-15T00:00:00Z,202.087997,202.300003,201.916000,202.009995
2025-10-15T01:00:00Z,202.009995,202.048996,201.781998,201.828995
2025-10-15T02:00:00Z,201.834000,201.867004,201.617004,201.643997
2025-10-15T03:00:00Z,201.643005,201.811996,201.584000,201.779007
2025-10-15T04:00:00Z,201.783005,201.895004,201.744003,201.889008
2025-10-15T05:00:00Z,201.889008,202.005997,201.783997,201.886993
2025-10-15T06:00:00Z,201.891998,201.932999,201.671997,201.819000
2025-10-15T07:00:00Z,201.822998,201.981995,201.664001,201.906006
2025-10-15T08:00:00Z,201.912994,202.125000,201.744003,201.804993
2025-10-15T09:00:00Z,201.800995,202.214005,201.776993,202.048004
2025-10-15T10:00:00Z,202.044998,202.294998,202.009995,202.289993
2025-10-15T11:00:00Z,202.289993,202.313995,202.164993,202.276001
2025-10-15T12:00:00Z,202.274994,202.511002,202.244003,202.367004
2025-10-15T13:00:00Z,202.365997,202.436996,202.070007,202.108994
2025-10-15T14:00:00Z,202.108002,202.395004,202.041000,202.345001
2025-10-15T15:00:00Z,202.348007,202.593002,202.263000,202.529999
2025-10-15T16:00:00Z,202.535004,202.647003,202.412003,202.453003
2025-10-15T17:00:00Z,202.449997,202.457993,202.186005,202.425995
2025-10-15T18:00:00Z,202.425995,202.544006,202.328995,202.518005
2025-10-15T19:00:00Z,202.518997,202.578003,202.421997,202.576996
2025-10-15T20:00:00Z,202.578003,202.716003,202.358002,202.395004
2025-10-15T21:00:00Z,202.362000,202.639999,202.216003,202.283997
2025-10-15T22:00:00Z,202.307007,202.496002,202.115997,202.244003
2025-10-15T23:00:00Z,202.272995,202.404999,202.181000,202.367996
2025-10-16T00:00:00Z,202.369003,202.468002,201.977005,202.270004
2025-10-16T01:00:00Z,202.268997,202.434006,202.223999,202.335999
2025-10-16T02:00:00Z,202.332993,202.509003,202.285004,202.501999
2025-10-16T03:00:00Z,202.496994,202.578003,202.444000,202.492996
2025-10-16T04:00:00Z,202.492996,202.682007,202.455994,202.600998
2025-10-16T05:00:00Z,202.602005,202.802002,202.585007,202.662994
2025-10-16T06:00:00Z,202.658005,202.895004,202.589996,202.764008
2025-10-16T07:00:00Z,202.764999,203.117004,202.595001,203.057999
2025-10-16T08:00:00Z,203.061996,203.240005,202.957993,203.235001
2025-10-16T09:00:00Z,203.242004,203.432007,203.227005,203.268997
2025-10-16T10:00:00Z,203.272003,203.369995,203.065002,203.085007
2025-10-16T11:00:00Z,203.089005,203.354996,203.020004,203.270004
2025-10-16T12:00:00Z,203.274002,203.300995,202.835007,203.184006
2025-10-16T13:00:00Z,203.186005,203.360992,202.778000,202.783997
2025-10-16T14:00:00Z,202.783997,202.789001,202.442993,202.539993
2025-10-16T15:00:00Z,202.542007,202.643005,202.264008,202.350998
2025-10-16T16:00:00Z,202.347000,202.496994,201.707001,201.925003
2025-10-16T17:00:00Z,201.927994,202.240005,201.856003,202.011002
2025-10-16T18:00:00Z,202.009995,202.054001,201.748993,201.970001
2025-10-16T19:00:00Z,201.975006,202.100998,201.824005,202.042999
2025-10-16T20:00:00Z,202.042007,202.139008,201.981995,202.037994
2025-10-16T21:00:00Z,202.024994,202.203003,201.889999,201.987000
2025-10-16T22:00:00Z,201.985001,202.149002,201.906006,201.908005
2025-10-16T23:00:00Z,201.893997,201.949005,201.703995,201.852005
2025-10-17T00:00:00Z,201.850998,202.016006,201.718994,202.009995
2025-10-17T01:00:00Z,202.009995,202.134003,201.970993,201.996994
2025-10-17T02:00:00Z,201.994003,202.048004,201.761002,201.903000
2025-10-17T03:00:00Z,201.904007,201.908005,201.595001,201.735001
2025-10-17T04:00:00Z,201.733994,201.921997,201.694000,201.729004
2025-10-17T05:00:00Z,201.723999,201.792999,201.608994,201.686005
2025-10-17T06:00:00Z,201.682999,201.824005,201.317001,201.330994
2025-10-17T07:00:00Z,201.326996,201.363007,200.671997,201.074997
2025-10-17T08:00:00Z,201.082993,201.134995,200.813995,201.057999
2025-10-17T09:00:00Z,201.056000,201.328003,200.940994,201.085999
2025-10-17T10:00:00Z,201.085999,201.488998,201.031006,201.414001
2025-10-17T11:00:00Z,201.414001,201.983994,201.363998,201.830994
2025-10-17T12:00:00Z,201.834000,202.108994,201.638000,201.695007
2025-10-17T13:00:00Z,201.695007,201.798996,201.410004,201.531998
2025-10-17T14:00:00Z,201.533997,201.865005,201.403000,201.442993
2025-10-17T15:00:00Z,201.444000,201.794006,201.296005,201.778000
2025-10-17T16:00:00Z,201.785004,202.018005,201.733994,201.800995
2025-10-17T17:00:00Z,201.796005,201.949005,201.705994,201.893997
2025-10-17T18:00:00Z,201.891006,202.235992,201.878006,202.175003
2025-10-17T19:00:00Z,202.173996,202.210999,202.082001,202.203003
2025-10-17T20:00:00Z,202.205994,202.248993,202.076996,202.171997
2025-10-17T21:00:00Z,202.214005,202.214005,202.214005,202.214005
2025-10-19T23:00:00Z,202.518005,202.675003,202.470001,202.597000
2025-10-20T00:00:00Z,202.598007,202.766006,202.419998,202.722000
2025-10-20T01:00:00Z,202.725006,203.108002,202.694000,202.781006
2025-10-20T02:00:00Z,202.774994,202.871994,202.662003,202.692993
2025-10-20T03:00:00Z,202.688004,202.725006,202.451996,202.565994
2025-10-20T04:00:00Z,202.570007,202.626007,202.263000,202.332993
2025-10-20T05:00:00Z,202.330002,202.503006,202.253006,202.473007
2025-10-20T06:00:00Z,202.475006,202.475006,202.089996,202.167007
2025-10-20T07:00:00Z,202.166000,202.421005,202.087006,202.229996
2025-10-20T08:00:00Z,202.233994,202.447006,202.171005,202.192993
2025-10-20T09:00:00Z,202.190994,202.449997,201.822998,202.395004
2025-10-20T10:00:00Z,202.397003,202.505997,202.078995,202.108994
2025-10-20T11:00:00Z,202.108002,202.205994,202.007004,202.110992
2025-10-20T12:00:00Z,202.110992,202.328995,202.039993,202.283005
2025-10-20T13:00:00Z,202.285004,202.309998,202.070007,202.089005
2025-10-20T14:00:00Z,202.089005,202.143997,201.884003,202.029999
2025-10-20T15:00:00Z,202.029999,202.147003,201.938995,202.082993
2025-10-20T16:00:00Z,202.085007,202.171005,201.945007,202.136002
2025-10-20T17:00:00Z,202.136002,202.201004,202.063995,202.070999
2025-10-20T18:00:00Z,202.070007,202.134003,202.037994,202.056000
2025-10-20T19:00:00Z,202.057007,202.082993,202.007996,202.022995
2025-10-20T20:00:00Z,202.022995,202.134003,202.003998,202.054993
2025-10-20T21:00:00Z,202.048996,202.132004,201.899994,201.964996
2025-10-20T22:00:00Z,201.970001,202.136993,201.903000,202.050003
2025-10-20T23:00:00Z,202.018005,202.167999,202.003006,202.158005
2025-10-21T00:00:00Z,202.156006,202.184006,201.804993,202.087006
2025-10-21T01:00:00Z,202.085007,202.345001,201.899002,202.309006
2025-10-21T02:00:00Z,202.307999,202.423004,202.276993,202.386993
2025-10-21T03:00:00Z,202.386993,202.399002,202.227997,202.292007
2025-10-21T04:00:00Z,202.285004,202.522003,202.046997,202.313004
2025-10-21T05:00:00Z,202.319000,202.710999,202.044998,202.625000
2025-10-21T06:00:00Z,202.641006,202.826996,202.470993,202.529999
2025-10-21T07:00:00Z,202.531006,202.537003,202.231003,202.436996
2025-10-21T08:00:00Z,202.434006,202.919998,202.225006,202.843994
2025-10-21T09:00:00Z,202.843994,203.231003,202.832001,203.164001
2025-10-21T10:00:00Z,203.166000,203.341995,203.072006,203.311996
2025-10-21T11:00:00Z,203.315994,203.438995,203.151001,203.367004
2025-10-21T12:00:00Z,203.373001,203.526001,203.278000,203.511993
2025-10-21T13:00:00Z,203.509003,203.522995,202.772003,202.776993
2025-10-21T14:00:00Z,202.774994,203.115997,202.570007,203.087006
2025-10-21T15:00:00Z,203.085999,203.289001,203.050995,203.136993
2025-10-21T16:00:00Z,203.136993,203.287994,203.041000,203.074997
2025-10-21T17:00:00Z,203.072998,203.167999,202.962006,203.151001
2025-10-21T18:00:00Z,203.151001,203.184006,203.104004,203.141006
2025-10-21T19:00:00Z,203.141006,203.203995,203.117996,203.132004
2025-10-21T20:00:00Z,203.134003,203.156998,202.990997,203.108002
2025-10-21T21:00:00Z,203.106995,203.270004,202.932999,203.037994
2025-10-21T22:00:00Z,203.029007,203.102005,202.959000,203.087006
2025-10-21T23:00:00Z,203.102005,203.132004,202.962997,202.981003
2025-10-22T00:00:00Z,202.981995,202.992996,202.733002,202.738998
2025-10-22T01:00:00Z,202.738007,202.903000,202.626999,202.895004
2025-10-22T02:00:00Z,202.891006,203.014008,202.748993,202.819000
2025-10-22T03:00:00Z,202.820007,203.044998,202.815002,203.005005
2025-10-22T04:00:00Z,203.005005,203.134003,202.985992,203.039001
2025-10-22T05:00:00Z,203.033997,203.251999,203.018005,203.225998
2025-10-22T06:00:00Z,203.227005,203.261993,202.235001,202.335999
2025-10-22T07:00:00Z,202.332001,202.421997,202.076004,202.259003
2025-10-22T08:00:00Z,202.261002,202.339996,201.979996,202.052994
2025-10-22T09:00:00Z,202.052994,202.235001,202.009995,202.199997
2025-10-22T10:00:00Z,202.197998,202.203995,201.916000,202.106003
2025-10-22T11:00:00Z,202.106003,202.369995,202.033005,202.296997
2025-10-22T12:00:00Z,202.292999,202.557999,202.194000,202.419998
2025-10-22T13:00:00Z,202.423996,202.787003,202.324005,202.748001
2025-10-22T14:00:00Z,202.748001,202.932007,202.718994,202.832001
2025-10-22T15:00:00Z,202.832001,203.052002,202.779999,202.945999
2025-10-22T16:00:00Z,202.938995,203.005005,202.572998,202.917007
2025-10-22T17:00:00Z,202.923004,202.957001,202.522003,202.598999
2025-10-22T18:00:00Z,202.595993,202.875000,202.591003,202.837997
2025-10-22T19:00:00Z,202.837006,203.028000,202.785995,202.988007
2025-10-22T20:00:00Z,202.988007,203.046005,202.897003,202.945999
2025-10-22T21:00:00Z,202.953003,203.037003,202.766006,202.794998
2025-10-22T22:00:00Z,202.820007,202.929993,202.772003,202.869003
2025-10-22T23:00:00Z,202.880005,202.936005,202.828995,202.906006
2025-10-23T00:00:00Z,202.899994,203.162994,202.867004,203.044998
2025-10-23T01:00:00Z,203.044998,203.388000,203.011993,203.304001
2025-10-23T02:00:00Z,203.307007,203.386002,203.255997,203.326996
2025-10-23T03:00:00Z,203.328003,203.380997,203.216003,203.287003
2025-10-23T04:00:00Z,203.281998,203.375000,203.263000,203.292007
2025-10-23T05:00:00Z,203.292007,203.393997,203.190994,203.376007
2025-10-23T06:00:00Z,203.371002,203.766006,203.341003,203.763000
2025-10-23T07:00:00Z,203.764008,203.772003,203.427994,203.587997
2025-10-23T08:00:00Z,203.587006,203.740005,203.539001,203.716995
2025-10-23T09:00:00Z,203.716995,203.787003,203.626999,203.656998
2025-10-23T10:00:00Z,203.658997,203.774002,203.636002,203.742996
2025-10-23T11:00:00Z,203.740997,203.792007,203.580994,203.598999
2025-10-23T12:00:00Z,203.593994,203.626007,203.447998,203.529007
2025-10-23T13:00:00Z,203.526993,203.673996,203.419006,203.475998
2025-10-23T14:00:00Z,203.468994,203.565994,203.274002,203.302994
2025-10-23T15:00:00Z,203.307007,203.492004,203.205994,203.438004
2025-10-23T16:00:00Z,203.438004,203.548996,203.291000,203.307007
2025-10-23T17:00:00Z,203.302002,203.447006,203.203003,203.229004
2025-10-23T18:00:00Z,203.229004,203.334000,203.199997,203.216995
2025-10-23T19:00:00Z,203.210999,203.278000,203.197998,203.263000
2025-10-23T20:00:00Z,203.264999,203.365005,203.233002,203.266006
2025-10-23T21:00:00Z,203.244003,203.376007,203.149002,203.251007
2025-10-23T22:00:00Z,203.251999,203.373993,203.190994,203.341995
2025-10-23T23:00:00Z,203.332001,203.423004,203.311996,203.367996
2025-10-24T00:00:00Z,203.367004,203.494003,203.259003,203.470001
2025-10-24T01:00:00Z,203.472000,203.688004,203.470001,203.671005
2025-10-24T02:00:00Z,203.669006,203.723007,203.496002,203.625000
2025-10-24T03:00:00Z,203.615005,203.684006,203.500000,203.561005
2025-10-24T04:00:00Z,203.567001,203.686996,203.554001,203.660004
2025-10-24T05:00:00Z,203.654007,203.792007,203.548004,203.688004
2025-10-24T06:00:00Z,203.688004,203.942001,203.671005,203.871002
2025-10-24T07:00:00Z,203.871994,203.886002,203.488007,203.501999
2025-10-24T08:00:00Z,203.501007,203.824005,203.414993,203.735992
2025-10-24T09:00:00Z,203.733994,203.783997,203.595993,203.761002
2025-10-24T10:00:00Z,203.761002,203.807999,203.656006,203.720993
2025-10-24T11:00:00Z,203.723999,203.738007,203.436996,203.494003
2025-10-24T12:00:00Z,203.485992,203.748993,203.304993,203.742996
2025-10-24T13:00:00Z,203.742996,203.987000,203.742996,203.832993
2025-10-24T14:00:00Z,203.811996,203.858002,203.078003,203.177994
2025-10-24T15:00:00Z,203.177994,203.302994,203.102005,203.186005
2025-10-24T16:00:00Z,203.186996,203.210007,203.108994,203.205002
2025-10-24T17:00:00Z,203.199005,203.309006,203.192001,203.268997
2025-10-24T18:00:00Z,203.268005,203.395996,203.250000,203.367996
2025-10-24T19:00:00Z,203.369003,203.440994,203.292999,203.436996
2025-10-24T20:00:00Z,203.434998,203.522003,203.376007,203.479996
2025-10-24T21:00:00Z,203.490005,203.490005,203.490005,203.490005
2025-10-27T00:00:00Z,203.906998,203.966995,203.671997,203.705994
2025-10-27T01:00:00Z,203.699997,203.848999,203.561996,203.684006
2025-10-27T02:00:00Z,203.684998,203.845993,203.669006,203.807007
2025-10-27T03:00:00Z,203.807999,203.880997,203.787003,203.875000
2025-10-27T04:00:00Z,203.880005,203.931000,203.783997,203.914993
2025-10-27T05:00:00Z,203.910004,204.078003,203.910004,203.966995
2025-10-27T06:00:00Z,203.964005,204.044998,203.753998,203.809006
2025-10-27T07:00:00Z,203.809006,203.839005,203.552002,203.746994
2025-10-27T08:00:00Z,203.744003,203.785995,203.531006,203.647995
2025-10-27T09:00:00Z,203.649002,203.848999,203.537003,203.839996
2025-10-27T10:00:00Z,203.839996,203.945999,203.811996,203.862000
2025-10-27T11:00:00Z,203.860001,203.876007,203.636002,203.727997
2025-10-27T12:00:00Z,203.733002,204.054001,203.641006,204.001999
2025-10-27T13:00:00Z,204.000000,204.238007,203.955994,204.160995
2025-10-27T14:00:00Z,204.158005,204.225998,203.953995,203.959000
2025-10-27T15:00:00Z,203.973007,204.121002,203.845001,204.044998
2025-10-27T16:00:00Z,204.044006,204.074997,203.931000,204.013000
2025-10-27T17:00:00Z,204.013000,204.162003,203.988007,204.076004
2025-10-27T18:00:00Z,204.078995,204.098999,203.733002,203.817993
2025-10-27T19:00:00Z,203.822998,203.906006,203.770996,203.893997
2025-10-27T20:00:00Z,203.891006,203.957001,203.820007,203.848007
2025-10-27T21:00:00Z,203.852005,203.901001,203.764008,203.804001
2025-10-27T22:00:00Z,203.789001,203.841003,203.671997,203.740997
2025-10-27T23:00:00Z,203.729996,203.819000,203.656998,203.714005
2025-10-28T00:00:00Z,203.694000,203.709000,203.472000,203.576996
2025-10-28T01:00:00Z,203.578995,203.589005,203.373001,203.477997
2025-10-28T02:00:00Z,203.483002,203.580002,203.423004,203.511993
2025-10-28T03:00:00Z,203.507996,203.570007,203.244995,203.367004
2025-10-28T04:00:00Z,203.367004,203.498001,202.949997,202.996002
2025-10-28T05:00:00Z,202.992996,203.098007,202.841003,202.981995
2025-10-28T06:00:00Z,202.983994,203.171005,202.897995,202.977005
2025-10-28T07:00:00Z,202.977997,203.319000,202.856003,202.899002
2025-10-28T08:00:00Z,202.895996,202.895996,202.042007,202.205994
2025-10-28T09:00:00Z,202.203995,202.391998,202.134003,202.307999
2025-10-28T10:00:00Z,202.304993,202.389008,202.235992,202.354004
2025-10-28T11:00:00Z,202.350998,202.404999,202.229004,202.320999
2025-10-28T12:00:00Z,202.324005,202.447998,202.039001,202.089005
2025-10-28T13:00:00Z,202.089005,202.227997,201.705002,201.748001
2025-10-28T14:00:00Z,201.746002,201.876999,201.664001,201.783005
2025-10-28T15:00:00Z,201.778000,202.011993,201.660995,201.996002
2025-10-28T16:00:00Z,201.994003,202.263000,201.983002,202.147003
2025-10-28T17:00:00Z,202.145996,202.169006,201.953995,202.037994
2025-10-28T18:00:00Z,202.039993,202.067001,201.942993,201.981003
2025-10-28T19:00:00Z,201.981003,202.003006,201.751999,201.817993
2025-10-28T20:00:00Z,201.815994,201.947998,201.800003,201.817001
2025-10-28T21:00:00Z,201.813995,201.957001,201.742004,201.809998
2025-10-28T22:00:00Z,201.806000,201.972000,201.776001,201.949005
2025-10-28T23:00:00Z,201.944000,201.972000,201.516006,201.572006
2025-10-29T00:00:00Z,201.473007,201.654007,201.110992,201.244003
2025-10-29T01:00:00Z,201.242996,201.511993,201.141998,201.468994
2025-10-29T02:00:00Z,201.464996,201.718002,201.460999,201.580994
2025-10-29T03:00:00Z,201.580994,201.584000,201.362000,201.498001
2025-10-29T04:00:00Z,201.496994,201.570999,201.388000,201.509003
2025-10-29T05:00:00Z,201.507996,201.955002,201.472000,201.649002
2025-10-29T06:00:00Z,201.649994,201.755997,201.203995,201.231995
2025-10-29T07:00:00Z,201.229004,201.328995,200.983994,201.138000
2025-10-29T08:00:00Z,201.143997,201.302002,201.100998,201.210007
2025-10-29T09:00:00Z,201.205994,201.384003,201.130005,201.251999
2025-10-29T10:00:00Z,201.248001,201.397995,201.186005,201.235001
2025-10-29T11:00:00Z,201.229996,201.421997,201.186996,201.225998
2025-10-29T12:00:00Z,201.223007,201.285995,200.897995,201.003998
2025-10-29T13:00:00Z,201.005997,201.054993,200.561996,200.729004
2025-10-29T14:00:00Z,200.729996,201.130997,200.705994,201.100998
2025-10-29T15:00:00Z,201.098999,201.348007,201.020004,201.145996
2025-10-29T16:00:00Z,201.145996,201.460007,201.138000,201.255997
2025-10-29T17:00:00Z,201.253998,201.434998,201.167007,201.345001
2025-10-29T18:00:00Z,201.313995,201.565002,200.977005,201.110001
2025-10-29T19:00:00Z,201.123001,201.626007,201.024002,201.623993
2025-10-29T20:00:00Z,201.619003,201.658005,201.399994,201.479004
2025-10-29T21:00:00Z,201.485992,201.535995,201.119995,201.363007
2025-10-29T22:00:00Z,201.427994,201.535995,201.363007,201.445999
2025-10-29T23:00:00Z,201.445999,201.542007,201.373993,201.503998
2025-10-30T00:00:00Z,201.503998,201.701004,201.350998,201.524994
2025-10-30T01:00:00Z,201.526993,201.582993,201.283997,201.438004
2025-10-30T02:00:00Z,201.438995,201.451004,201.119003,201.136002
2025-10-30T03:00:00Z,201.136002,202.104004,200.977005,201.947006
2025-10-30T04:00:00Z,201.936005,202.087997,201.537994,201.897003
2025-10-30T05:00:00Z,201.889008,202.166000,201.729004,202.158005
2025-10-30T06:00:00Z,202.158005,202.658005,201.906006,202.436996
2025-10-30T07:00:00Z,202.434006,202.628006,202.317001,202.453995
2025-10-30T08:00:00Z,202.449005,203.115997,202.449005,203.052002
2025-10-30T09:00:00Z,203.050995,203.151001,202.621994,202.804001
2025-10-30T10:00:00Z,202.804001,202.929001,202.746002,202.850006
2025-10-30T11:00:00Z,202.850006,203.195007,202.813004,203.097000
2025-10-30T12:00:00Z,203.093994,203.259995,202.570007,202.690994
2025-10-30T13:00:00Z,202.690994,203.039001,202.513000,202.869995
2025-10-30T14:00:00Z,202.871002,203.153000,202.768997,202.994995
2025-10-30T15:00:00Z,202.996994,203.093002,202.598007,202.675995
2025-10-30T16:00:00Z,202.669006,202.779007,202.500000,202.720001
2025-10-30T17:00:00Z,202.718994,202.826004,202.535995,202.679993
2025-10-30T18:00:00Z,202.679993,202.755997,202.537003,202.565994
2025-10-30T19:00:00Z,202.570007,202.580002,202.438004,202.522995
2025-10-30T20:00:00Z,202.522003,202.735992,202.481003,202.606003
2025-10-30T21:00:00Z,202.608002,202.727005,202.526993,202.602005
2025-10-30T22:00:00Z,202.600006,202.729996,202.563995,202.697006
2025-10-30T23:00:00Z,202.690994,202.750000,202.442001,202.511993
2025-10-31T00:00:00Z,202.520004,202.692993,202.436996,202.511002
2025-10-31T01:00:00Z,202.505005,202.559998,202.175995,202.330994
2025-10-31T02:00:00Z,202.330002,202.410004,202.253998,202.395004
2025-10-31T03:00:00Z,202.391998,202.608994,202.375000,202.580002
2025-10-31T04:00:00Z,202.576996,202.608002,202.459000,202.526001
2025-10-31T05:00:00Z,202.518005,202.561996,202.304993,202.389008
2025-10-31T06:00:00Z,202.389999,202.764008,202.373001,202.643005
2025-10-31T07:00:00Z,202.641998,202.878006,202.507996,202.837006
2025-10-31T08:00:00Z,202.835007,202.921997,202.673996,202.686996
2025-10-31T09:00:00Z,202.686005,202.768005,202.460999,202.587006
2025-10-31T10:00:00Z,202.587006,202.623993,202.341003,202.376007
2025-10-31T11:00:00Z,202.378998,202.483994,202.179001,202.313995
2025-10-31T12:00:00Z,202.313995,202.339996,201.854004,202.014008
2025-10-31T13:00:00Z,202.014999,202.149002,201.916000,202.044998
2025-10-31T14:00:00Z,202.057007,202.130997,201.839996,202.039993
2025-10-31T15:00:00Z,202.042007,202.427002,201.949997,202.378006
2025-10-31T16:00:00Z,202.382004,202.472000,202.279999,202.317001
2025-10-31T17:00:00Z,202.320007,202.453003,202.283997,202.341003
2025-10-31T18:00:00Z,202.345993,202.481995,202.298004,202.457001
2025-10-31T19:00:00Z,202.459000,202.548004,202.412003,202.438995
2025-10-31T20:00:00Z,202.432999,202.584000,202.352005,202.496994
2025-10-31T21:00:00Z,202.572006,202.572006,202.520996,202.572006
2025-10-31T22:00:00Z,202.572006,202.572006,202.572006,202.572006
2025-11-03T00:00:00Z,202.518997,202.559006,202.421997,202.511002
2025-11-03T01:00:00Z,202.507996,202.514999,202.393005,202.423996
2025-11-03T02:00:00Z,202.425995,202.470001,202.382004,202.434998
2025-11-03T03:00:00Z,202.434998,202.453995,202.369995,202.425003
2025-11-03T04:00:00Z,202.425003,202.479996,202.399994,202.466995
2025-11-03T05:00:00Z,202.462006,202.580994,202.460007,202.544006
2025-11-03T06:00:00Z,202.542999,202.757996,202.535995,202.699997
2025-11-03T07:00:00Z,202.705002,202.783997,202.462006,202.468002
2025-11-03T08:00:00Z,202.462006,202.514008,202.098007,202.238998
2025-11-03T09:00:00Z,202.238998,202.444000,202.195007,202.339005
2025-11-03T10:00:00Z,202.343002,202.522003,202.255005,202.421997
2025-11-03T11:00:00Z,202.421997,202.537003,202.289001,202.358994
2025-11-03T12:00:00Z,202.358994,202.660995,202.348007,202.598007
2025-11-03T13:00:00Z,202.591995,202.619995,202.417007,202.468002
2025-11-03T14:00:00Z,202.470993,202.494003,202.042007,202.067001
2025-11-03T15:00:00Z,202.050003,202.641998,201.878006,202.578995
2025-11-03T16:00:00Z,202.574005,202.684006,202.535995,202.645996
2025-11-03T17:00:00Z,202.643997,202.802994,202.572006,202.628006
2025-11-03T18:00:00Z,202.632004,202.673004,202.520996,202.546997
2025-11-03T19:00:00Z,202.548996,202.692001,202.511993,202.563995
2025-11-03T20:00:00Z,202.565002,202.634003,202.546005,202.591003
2025-11-03T21:00:00Z,202.593994,202.654007,202.535004,202.608994
2025-11-03T22:00:00Z,202.589996,202.709000,202.503998,202.529999
2025-11-03T23:00:00Z,202.529999,202.619003,202.470993,202.535995
2025-11-04T00:00:00Z,202.539993,202.621994,202.360992,202.552002
2025-11-04T01:00:00Z,202.552002,202.677002,202.496002,202.544998
2025-11-04T02:00:00Z,202.544998,202.561996,202.227005,202.227997
2025-11-04T03:00:00Z,202.229004,202.419006,202.210999,202.276001
2025-11-04T04:00:00Z,202.274994,202.281998,201.979004,202.171005
2025-11-04T05:00:00Z,202.173004,202.194000,201.679001,201.707993
2025-11-04T06:00:00Z,201.710999,201.770004,201.436996,201.606995
2025-11-04T07:00:00Z,201.606995,201.610001,201.289993,201.507996
2025-11-04T08:00:00Z,201.507996,201.539001,200.981003,201.151001
2025-11-04T09:00:00Z,201.147995,201.238998,200.376007,200.483994
2025-11-04T10:00:00Z,200.483994,200.830002,200.311005,200.759995
2025-11-04T11:00:00Z,200.757996,200.796997,200.473999,200.535004
2025-11-04T12:00:00Z,200.537994,200.660995,200.397003,200.606995
2025-11-04T13:00:00Z,200.602997,200.613007,200.244003,200.279999
2025-11-04T14:00:00Z,200.279999,200.419006,199.996002,200.244995
2025-11-04T15:00:00Z,200.238998,200.371002,200.050003,200.097000
2025-11-04T16:00:00Z,200.104004,200.335007,200.022003,200.274002
2025-11-04T17:00:00Z,200.270996,200.315994,200.046997,200.102997
2025-11-04T18:00:00Z,200.104004,200.106003,199.931000,199.981003
2025-11-04T19:00:00Z,199.983994,200.084000,199.869003,199.947006
2025-11-04T20:00:00Z,199.947006,200.145996,199.910004,199.996994
2025-11-04T21:00:00Z,199.996994,200.095001,199.949005,200.050003
2025-11-04T22:00:00Z,200.042007,200.194000,199.895996,200.108994
2025-11-04T23:00:00Z,200.108994,200.154999,199.908997,199.968994
2025-11-05T00:00:00Z,199.934006,200.182999,199.473999,199.490997
2025-11-05T01:00:00Z,199.490005,199.544006,199.059006,199.345001
2025-11-05T02:00:00Z,199.345001,199.604004,199.250000,199.546005
2025-11-05T03:00:00Z,199.542999,199.914001,199.539001,199.863007
2025-11-05T04:00:00Z,199.863007,199.934998,199.746994,199.916000
2025-11-05T05:00:00Z,199.914001,200.074997,199.835999,199.906006
2025-11-05T06:00:00Z,199.901993,200.279999,199.820007,200.188004
2025-11-05T07:00:00Z,200.190994,200.201996,199.860992,200.037003
2025-11-05T08:00:00Z,200.037003,200.436005,199.981995,200.235001
2025-11-05T09:00:00Z,200.233994,200.412003,200.130005,200.397995
2025-11-05T10:00:00Z,200.397995,200.462997,200.080994,200.095001
2025-11-05T11:00:00Z,200.095001,200.242004,199.979996,200.233002
2025-11-05T12:00:00Z,200.237000,200.548996,200.192001,200.464996
2025-11-05T13:00:00Z,200.462997,200.727005,200.391998,200.561005
2025-11-05T14:00:00Z,200.563995,200.666000,200.505997,200.636002
2025-11-05T15:00:00Z,200.572998,201.235992,200.572998,201.227997
2025-11-05T16:00:00Z,201.227997,201.238998,201.014008,201.093994
2025-11-05T17:00:00Z,201.089996,201.104996,200.860992,200.891006
2025-11-05T18:00:00Z,200.893997,201.067993,200.824005,201.054993
2025-11-05T19:00:00Z,201.054993,201.078995,200.959000,201.033005
2025-11-05T20:00:00Z,201.028000,201.143005,201.028000,201.126007
2025-11-05T21:00:00Z,201.123001,201.173004,201.050995,201.106995
2025-11-05T22:00:00Z,201.070999,201.121002,200.968002,201.000000
2025-11-05T23:00:00Z,200.968994,201.108994,200.932999,201.104004
2025-11-06T00:00:00Z,201.112000,201.167999,200.817993,200.964005
2025-11-06T01:00:00Z,200.968002,201.102997,200.856995,200.998001
2025-11-06T02:00:00Z,200.996994,201.113007,200.886993,201.037994
2025-11-06T03:00:00Z,201.037994,201.121002,200.957993,200.998993
2025-11-06T04:00:00Z,200.998993,201.167007,200.985992,201.089996
2025-11-06T05:00:00Z,201.093994,201.154999,200.882004,200.973007
2025-11-06T06:00:00Z,200.973999,201.091003,200.934998,201.005005
2025-11-06T07:00:00Z,201.005005,201.195007,200.895004,200.990005
2025-11-06T08:00:00Z,200.988998,200.998993,200.768005,200.923004
2025-11-06T09:00:00Z,200.917999,201.147995,200.904999,201.067001
2025-11-06T10:00:00Z,201.059998,201.205002,201.033005,201.074997
2025-11-06T11:00:00Z,201.074997,201.199997,201.022003,201.141006
2025-11-06T12:00:00Z,201.136002,201.285004,200.639999,201.216003
2025-11-06T13:00:00Z,201.216995,201.378998,201.042007,201.207001
2025-11-06T14:00:00Z,201.203003,201.240005,200.692993,200.707001
2025-11-06T15:00:00Z,200.714005,201.009995,200.393997,200.513000
2025-11-06T16:00:00Z,200.514008,200.694000,200.464005,200.477005
2025-11-06T17:00:00Z,200.481003,200.860992,200.294006,200.785004
2025-11-06T18:00:00Z,200.781006,201.169998,200.742996,201.098999
2025-11-06T19:00:00Z,201.097000,201.201996,201.000000,201.102005
2025-11-06T20:00:00Z,201.108002,201.179993,200.944000,201.011993
2025-11-06T21:00:00Z,201.009995,201.119995,200.972000,201.026001
2025-11-06T22:00:00Z,200.873993,201.061005,200.792007,200.927002
2025-11-06T23:00:00Z,200.960007,201.039993,200.813995,200.992996
2025-11-07T00:00:00Z,200.973007,201.248993,200.835999,201.119995
2025-11-07T01:00:00Z,201.115005,201.238998,200.910004,200.979004
2025-11-07T02:00:00Z,200.981003,201.011993,200.796997,200.945007
2025-11-07T03:00:00Z,200.942001,200.983994,200.707993,200.787994
2025-11-07T04:00:00Z,200.787994,200.908005,200.699005,200.828003
2025-11-07T05:00:00Z,200.828995,201.199005,200.828003,201.182007
2025-11-07T06:00:00Z,201.177002,201.360992,201.175995,201.302002
2025-11-07T07:00:00Z,201.298996,201.371002,201.227997,201.315994
2025-11-07T08:00:00Z,201.320007,201.384995,200.960999,201.134995
2025-11-07T09:00:00Z,201.139008,201.177002,200.968994,201.037003
2025-11-07T10:00:00Z,201.037003,201.130997,200.837997,201.031006
2025-11-07T11:00:00Z,201.031006,201.048004,200.707993,200.906998
2025-11-07T12:00:00Z,200.906998,201.041000,200.645004,200.787003
2025-11-07T13:00:00Z,200.781998,201.389008,200.731003,201.360992
2025-11-07T14:00:00Z,201.360992,201.630997,201.130005,201.595993
2025-11-07T15:00:00Z,201.598007,201.798996,201.272995,201.393997
2025-11-07T16:00:00Z,201.393997,201.598007,201.375000,201.457993
2025-11-07T17:00:00Z,201.459000,201.673996,201.395004,201.628006
2025-11-07T18:00:00Z,201.626999,201.817993,201.578995,201.798004
2025-11-07T19:00:00Z,201.807999,202.076996,201.750000,202.039993
2025-11-07T20:00:00Z,202.046005,202.093002,201.858002,201.964005
2025-11-07T21:00:00Z,201.957001,202.005997,201.789001,201.940994
2025-11-07T22:00:00Z,201.904007,201.904007,201.904007,201.904007
2025-11-10T00:00:00Z,202.136002,202.272003,201.748993,202.223999
2025-11-10T01:00:00Z,202.231003,202.371002,202.186996,202.289993
2025-11-10T02:00:00Z,202.289993,202.360001,202.216995,202.335007
2025-11-10T03:00:00Z,202.341003,202.455994,202.324005,202.375000
2025-11-10T04:00:00Z,202.367004,202.416000,202.266998,202.373001
2025-11-10T05:00:00Z,202.373001,202.610992,202.356003,202.501999
2025-11-10T06:00:00Z,202.501999,202.610001,202.367004,202.397995
2025-11-10T07:00:00Z,202.404999,202.742004,202.399994,202.669998
2025-11-10T08:00:00Z,202.669998,203.123001,202.570007,203.097000
2025-11-10T09:00:00Z,203.097000,203.201004,203.024002,203.072006
2025-11-10T10:00:00Z,203.072006,203.080994,202.813004,202.869995
2025-11-10T11:00:00Z,202.867004,203.093002,202.811005,203.072006
2025-11-10T12:00:00Z,203.072006,203.195999,203.056000,203.136993
2025-11-10T13:00:00Z,203.134003,203.235992,202.882996,202.964996
2025-11-10T14:00:00Z,202.968994,202.973007,202.669006,202.863998
2025-11-10T15:00:00Z,202.852997,202.942993,202.498993,202.511993
2025-11-10T16:00:00Z,202.507004,202.656006,202.460999,202.587997
2025-11-10T17:00:00Z,202.589996,202.934998,202.563995,202.882004
2025-11-10T18:00:00Z,202.884003,202.988998,202.843994,202.953995
2025-11-10T19:00:00Z,202.953995,203.072998,202.925003,203.035004
2025-11-10T20:00:00Z,203.035995,203.102997,203.001007,203.024994
2025-11-10T21:00:00Z,203.028000,203.102997,202.994003,203.054001
2025-11-10T22:00:00Z,202.973999,203.067993,202.837006,202.871002
2025-11-10T23:00:00Z,202.871002,203.074005,202.826004,203.029999
2025-11-11T00:00:00Z,203.035004,203.173996,202.994003,203.139008
2025-11-11T01:00:00Z,203.139999,203.281006,203.126007,203.153000
2025-11-11T02:00:00Z,203.158005,203.274994,203.084000,203.188004
2025-11-11T03:00:00Z,203.188004,203.197006,203.072006,203.130005
2025-11-11T04:00:00Z,203.128998,203.229004,203.106995,203.147003
2025-11-11T05:00:00Z,203.141998,203.151993,202.917999,202.919006
2025-11-11T06:00:00Z,202.923004,203.143005,202.796997,202.813004
2025-11-11T07:00:00Z,202.815994,202.860992,202.315002,202.382996
2025-11-11T08:00:00Z,202.382996,202.667007,202.378998,202.593002
2025-11-11T09:00:00Z,202.589005,202.673996,202.473007,202.623993
2025-11-11T10:00:00Z,202.623993,202.679001,202.514008,202.647995
2025-11-11T11:00:00Z,202.649002,202.852997,202.567993,202.811005
2025-11-11T12:00:00Z,202.809998,202.854004,202.606995,202.636993
2025-11-11T13:00:00Z,202.638000,202.722000,202.444000,202.529007
2025-11-11T14:00:00Z,202.529007,202.998001,202.488007,202.970993
2025-11-11T15:00:00Z,202.972000,203.042999,202.671005,202.822006
2025-11-11T16:00:00Z,202.828003,202.931000,202.744003,202.852005
2025-11-11T17:00:00Z,202.852997,203.048004,202.809998,202.973007
2025-11-11T18:00:00Z,202.977997,203.057999,202.938004,203.037003
2025-11-11T19:00:00Z,203.031998,203.059006,202.895004,202.919006
2025-11-11T20:00:00Z,202.919006,202.983994,202.832993,202.843002
2025-11-11T21:00:00Z,202.839005,202.873993,202.647995,202.692993
2025-11-11T22:00:00Z,202.669006,202.925003,202.533005,202.582001
2025-11-11T23:00:00Z,202.584000,202.742004,202.472000,202.643997
2025-11-12T00:00:00Z,202.647003,202.802002,202.595993,202.759995
2025-11-12T01:00:00Z,202.761993,202.856995,202.707993,202.751007
2025-11-12T02:00:00Z,202.753006,202.925003,202.748001,202.778000
2025-11-12T03:00:00Z,202.781006,202.820999,202.679001,202.802994
2025-11-12T04:00:00Z,202.796997,203.181000,202.772003,203.162994
2025-11-12T05:00:00Z,203.164001,203.264008,203.037003,203.093994
2025-11-12T06:00:00Z,203.097000,203.233002,203.070007,203.160004
2025-11-12T07:00:00Z,203.158005,203.298996,203.123993,203.253006
2025-11-12T08:00:00Z,203.253006,203.565994,202.977005,202.990997
2025-11-12T09:00:00Z,202.987000,203.313004,202.945007,203.089996
2025-11-12T10:00:00Z,203.089996,203.281998,203.005005,203.261993
2025-11-12T11:00:00Z,203.261002,203.401993,203.123001,203.365005
2025-11-12T12:00:00Z,203.367004,203.406006,202.845001,203.065002
2025-11-12T13:00:00Z,203.067993,203.110992,202.947998,203.044006
2025-11-12T14:00:00Z,203.044006,203.065994,202.763000,202.856995
2025-11-12T15:00:00Z,202.852997,203.222000,202.839996,203.173996
2025-11-12T16:00:00Z,203.179001,203.259003,203.029999,203.050003
2025-11-12T17:00:00Z,203.048004,203.153000,202.934998,203.119995
2025-11-12T18:00:00Z,203.119995,203.272995,203.100006,203.251007
2025-11-12T19:00:00Z,203.251007,203.270004,203.037994,203.132004
2025-11-12T20:00:00Z,203.139008,203.212006,203.115005,203.199997
2025-11-12T21:00:00Z,203.199005,203.317001,203.162994,203.257004
2025-11-12T22:00:00Z,203.242004,203.287003,203.046997,203.095993
2025-11-12T23:00:00Z,203.106003,203.205994,203.048996,203.093994
2025-11-13T00:00:00Z,203.085999,203.264999,203.042007,203.244995
2025-11-13T01:00:00Z,203.237000,203.320007,203.020996,203.065002
2025-11-13T02:00:00Z,203.065002,203.076996,202.959000,202.979004
2025-11-13T03:00:00Z,202.979004,203.134003,202.962997,203.100006
2025-11-13T04:00:00Z,203.100006,203.199005,202.992004,203.169998
2025-11-13T05:00:00Z,203.164993,203.309006,203.162003,203.248001
2025-11-13T06:00:00Z,203.246994,203.309998,203.199005,203.218002
2025-11-13T07:00:00Z,203.225998,203.453995,202.960999,203.306000
2025-11-13T08:00:00Z,203.300995,203.542007,203.020004,203.462006
2025-11-13T09:00:00Z,203.455994,203.498993,203.029999,203.285995
2025-11-13T10:00:00Z,203.287003,203.524002,203.261993,203.470993
2025-11-13T11:00:00Z,203.470993,203.587997,203.362000,203.445007
2025-11-13T12:00:00Z,203.445007,203.822006,203.406006,203.783997
2025-11-13T13:00:00Z,203.783997,203.807999,203.574005,203.647003
2025-11-13T14:00:00Z,203.645996,203.802994,203.373001,203.498993
2025-11-13T15:00:00Z,203.503006,203.695999,203.362000,203.509003
2025-11-13T16:00:00Z,203.511002,204.005997,203.436005,203.987000
2025-11-13T17:00:00Z,203.988007,204.072006,203.731995,203.869003
2025-11-13T18:00:00Z,203.869003,203.940002,203.654007,203.774002
2025-11-13T19:00:00Z,203.770996,203.843994,203.639008,203.742004
2025-11-13T20:00:00Z,203.744003,203.858994,203.710007,203.755005
2025-11-13T21:00:00Z,203.753998,203.880997,203.740997,203.869995
2025-11-13T22:00:00Z,203.901993,204.041000,203.313995,203.360001
2025-11-13T23:00:00Z,203.382996,203.656998,203.110001,203.389008
2025-11-14T00:00:00Z,203.376007,203.544006,203.147003,203.266006
2025-11-14T01:00:00Z,203.259995,203.335007,203.022995,203.112000
2025-11-14T02:00:00Z,203.112000,203.253998,203.054993,203.082001
2025-11-14T03:00:00Z,203.076996,203.205002,202.996994,203.151001
2025-11-14T04:00:00Z,203.143997,203.164001,202.964996,202.968002
2025-11-14T05:00:00Z,202.966003,203.128006,202.925003,203.104004
2025-11-14T06:00:00Z,203.106003,203.320007,203.039001,203.197998
2025-11-14T07:00:00Z,203.210007,203.431000,202.863998,203.350006
2025-11-14T08:00:00Z,203.352005,203.951996,202.626007,203.475006
2025-11-14T09:00:00Z,203.472000,203.817001,203.319000,203.488998
2025-11-14T10:00:00Z,203.492004,203.582993,203.289001,203.363007
2025-11-14T11:00:00Z,203.358002,203.367004,202.996994,203.184006
2025-11-14T12:00:00Z,203.182999,203.210007,202.692993,202.722000
2025-11-14T13:00:00Z,202.716995,202.895996,202.335999,202.882004
2025-11-14T14:00:00Z,202.882004,203.147995,202.718994,203.095993
2025-11-14T15:00:00Z,203.098007,203.117004,202.656998,202.901001
2025-11-14T16:00:00Z,202.899002,203.503998,202.807007,203.425003
2025-11-14T17:00:00Z,203.425003,203.606003,203.373001,203.520004
2025-11-14T18:00:00Z,203.522995,203.572998,203.266006,203.429993
2025-11-14T19:00:00Z,203.427994,203.501999,203.322998,203.470993
2025-11-14T20:00:00Z,203.464996,203.518005,203.380005,203.481003
2025-11-14T21:00:00Z,203.481995,203.608994,203.399002,203.488007
2025-11-14T22:00:00Z,203.550003,203.550003,203.550003,203.550003
2025-11-17T00:00:00Z,203.419006,203.457993,203.125000,203.431000
2025-11-17T01:00:00Z,203.431000,203.526993,203.335999,203.345993
2025-11-17T02:00:00Z,203.354004,203.468002,203.317001,203.436996
2025-11-17T03:00:00Z,203.436005,203.537994,203.292007,203.365997
2025-11-17T04:00:00Z,203.369995,203.393005,203.270996,203.350998
2025-11-17T05:00:00Z,203.350006,203.410995,203.278000,203.304993
2025-11-17T06:00:00Z,203.304001,203.410995,203.289001,203.376007
2025-11-17T07:00:00Z,203.382004,203.852005,203.375000,203.802002
2025-11-17T08:00:00Z,203.813995,203.901993,203.606995,203.675995
2025-11-17T09:00:00Z,203.675995,203.826004,203.570007,203.716003
2025-11-17T10:00:00Z,203.716995,203.847000,203.613998,203.673996
2025-11-17T11:00:00Z,203.673996,204.033005,203.612000,204.020996
2025-11-17T12:00:00Z,204.020996,204.212006,203.959000,204.078995
2025-11-17T13:00:00Z,204.078995,204.250000,204.003006,204.031006
2025-11-17T14:00:00Z,204.026993,204.149994,203.957993,204.091003
2025-11-17T15:00:00Z,204.095001,204.516006,204.069000,204.500000
2025-11-17T16:00:00Z,204.500000,204.516998,204.203003,204.516998
2025-11-17T17:00:00Z,204.514999,204.524994,204.322006,204.339005
2025-11-17T18:00:00Z,204.335999,204.367004,204.141006,204.158997
2025-11-17T19:00:00Z,204.160004,204.220001,204.011993,204.082993
2025-11-17T20:00:00Z,204.080994,204.225006,204.029007,204.190994
2025-11-17T21:00:00Z,204.184998,204.263000,204.151993,204.233002
2025-11-17T22:00:00Z,204.057999,204.332993,204.057999,204.123001
2025-11-17T23:00:00Z,204.102997,204.259995,204.029999,204.238998
2025-11-18T00:00:00Z,204.266006,204.296005,204.044006,204.136002
2025-11-18T01:00:00Z,204.132004,204.238998,204.072006,204.097000
2025-11-18T02:00:00Z,204.097000,204.199005,204.065002,204.115997
2025-11-18T03:00:00Z,204.117996,204.121002,204.009995,204.035004
2025-11-18T04:00:00Z,204.035004,204.085007,203.690994,204.084000
2025-11-18T05:00:00Z,204.080002,204.154007,203.994003,204.093994
2025-11-18T06:00:00Z,204.095001,204.160004,203.830002,204.039993
2025-11-18T07:00:00Z,204.037994,204.078995,203.768005,203.820999
2025-11-18T08:00:00Z,203.822998,204.300003,203.802002,204.084000
2025-11-18T09:00:00Z,204.078003,204.274002,203.998001,204.164993
2025-11-18T10:00:00Z,204.164993,204.352997,204.046997,204.341003
2025-11-18T11:00:00Z,204.343994,204.354004,204.182007,204.235992
2025-11-18T12:00:00Z,204.235992,204.272995,204.065994,204.104004
2025-11-18T13:00:00Z,204.104004,204.222000,203.888000,204.113998
2025-11-18T14:00:00Z,204.106995,204.479004,204.061005,204.248993
2025-11-18T15:00:00Z,204.238998,204.339996,203.979996,204.085999
2025-11-18T16:00:00Z,204.089996,204.408005,204.041000,204.406998
2025-11-18T17:00:00Z,204.401001,204.598007,204.337997,204.585999
2025-11-18T18:00:00Z,204.593002,204.744995,204.557007,204.641998
2025-11-18T19:00:00Z,204.638000,204.671997,204.539001,204.585999
2025-11-18T20:00:00Z,204.585999,204.593002,204.440002,204.457993
2025-11-18T21:00:00Z,204.460999,204.518005,204.330002,204.393005
2025-11-18T22:00:00Z,204.330994,204.488007,204.313004,204.438995
2025-11-18T23:00:00Z,204.438004,204.550995,204.334000,204.488998
2025-11-19T00:00:00Z,204.473007,204.500000,204.218994,204.296997
2025-11-19T01:00:00Z,204.294006,204.352005,204.160995,204.199005
2025-11-19T02:00:00Z,204.199997,204.248993,204.052994,204.085999
2025-11-19T03:00:00Z,204.085007,204.119995,203.973999,204.052994
2025-11-19T04:00:00Z,204.046997,204.216995,204.046997,204.089996
2025-11-19T05:00:00Z,204.085007,204.246994,204.056000,204.244003
2025-11-19T06:00:00Z,204.244995,204.490997,204.199005,204.425003
2025-11-19T07:00:00Z,204.429993,204.514008,204.199997,204.376007
2025-11-19T08:00:00Z,204.380997,204.479004,204.182999,204.255005
2025-11-19T09:00:00Z,204.253006,204.742996,204.182999,204.718002
2025-11-19T10:00:00Z,204.712006,204.901001,204.494003,204.744995
2025-11-19T11:00:00Z,204.751007,204.957993,204.738007,204.914993
2025-11-19T12:00:00Z,204.914993,205.018005,204.863998,204.962997
2025-11-19T13:00:00Z,204.957993,205.048004,204.764999,205.028000
2025-11-19T14:00:00Z,205.016998,205.324997,204.936996,205.309006
2025-11-19T15:00:00Z,205.315002,205.367996,204.649002,204.699997
2025-11-19T16:00:00Z,204.705994,204.884003,204.580994,204.798996
2025-11-19T17:00:00Z,204.798004,204.895004,204.712997,204.837997
2025-11-19T18:00:00Z,204.837997,205.063995,204.834000,204.835007
2025-11-19T19:00:00Z,204.850998,204.940994,204.729996,204.848007
2025-11-19T20:00:00Z,204.845001,204.955002,204.789993,204.822006
2025-11-19T21:00:00Z,204.826004,205.287003,204.798004,205.164993
2025-11-19T22:00:00Z,205.225006,205.242004,204.992004,205.074005
2025-11-19T23:00:00Z,205.089996,205.169998,204.951004,205.011002
2025-11-20T00:00:00Z,205.033997,205.160995,204.796997,205.046005
2025-11-20T01:00:00Z,205.046005,205.391998,204.957993,205.365997
2025-11-20T02:00:00Z,205.365997,205.403000,205.205994,205.328003
2025-11-20T03:00:00Z,205.326996,205.431000,205.171997,205.373993
2025-11-20T04:00:00Z,205.371994,205.576004,205.246002,205.542999
2025-11-20T05:00:00Z,205.537003,205.714996,205.514008,205.649002
2025-11-20T06:00:00Z,205.649994,206.048004,205.608002,206.037994
2025-11-20T07:00:00Z,206.035995,206.044006,205.641998,205.787003
2025-11-20T08:00:00Z,205.778000,205.876999,205.291000,205.311005
2025-11-20T09:00:00Z,205.313995,205.582001,205.313995,205.574005
2025-11-20T10:00:00Z,205.576996,205.839996,205.542007,205.740005
2025-11-20T11:00:00Z,205.744003,205.817993,205.610992,205.779007
2025-11-20T12:00:00Z,205.776001,206.020996,205.759003,205.906006
2025-11-20T13:00:00Z,205.904007,206.462997,205.662003,206.345993
2025-11-20T14:00:00Z,206.345993,206.858002,206.317993,206.651001
2025-11-20T15:00:00Z,206.658997,206.811005,206.436996,206.475998
2025-11-20T16:00:00Z,206.468002,206.487000,205.830002,205.863998
2025-11-20T17:00:00Z,205.856003,206.059998,205.639008,205.835007
2025-11-20T18:00:00Z,205.843002,206.203995,205.785995,205.876999
2025-11-20T19:00:00Z,205.886002,206.177994,205.824005,206.167999
2025-11-20T20:00:00Z,206.167999,206.212006,205.916000,205.947006
2025-11-20T21:00:00Z,205.947006,205.960007,205.768005,205.819000
2025-11-20T22:00:00Z,205.860001,205.953995,205.705002,205.764008
2025-11-20T23:00:00Z,205.774994,205.936996,205.569000,205.914001
2025-11-21T00:00:00Z,205.904007,206.018997,205.746994,205.832001
2025-11-21T01:00:00Z,205.832001,206.046005,205.727997,206.014999
2025-11-21T02:00:00Z,206.018005,206.050995,205.791000,205.807999
2025-11-21T03:00:00Z,205.809006,206.001007,205.785995,205.848007
2025-11-21T04:00:00Z,205.850006,205.880997,205.597000,205.869003
2025-11-21T05:00:00Z,205.860001,205.962006,205.742004,205.787994
2025-11-21T06:00:00Z,205.791000,205.856003,205.623993,205.742004
2025-11-21T07:00:00Z,205.731003,205.742996,204.863998,205.024002
2025-11-21T08:00:00Z,205.026993,205.619003,204.813995,205.524002
2025-11-21T09:00:00Z,205.529007,205.554993,204.688004,204.742996
2025-11-21T10:00:00Z,204.750000,204.839005,204.373001,204.826004
2025-11-21T11:00:00Z,204.828003,204.996994,204.485992,204.610992
2025-11-21T12:00:00Z,204.612000,205.205994,204.498993,205.158997
2025-11-21T13:00:00Z,205.160004,205.279007,205.039993,205.167999
2025-11-21T14:00:00Z,205.173996,205.326996,204.927994,205.106995
2025-11-21T15:00:00Z,205.119995,205.156998,204.283997,204.822998
2025-11-21T16:00:00Z,204.817993,205.113998,204.598999,205.065994
2025-11-21T17:00:00Z,205.067993,205.231995,205.003998,205.070007
2025-11-21T18:00:00Z,205.070999,205.194000,204.869003,205.057007
2025-11-21T19:00:00Z,205.054993,205.102997,204.798996,204.824005
2025-11-21T20:00:00Z,204.828003,204.968994,204.813995,204.945999
2025-11-21T21:00:00Z,204.942993,205.046005,204.720001,204.783005
2025-11-21T22:00:00Z,204.852997,204.867004,204.852997,204.867004
2025-11-24T00:00:00Z,205.199997,205.233002,205.069000,205.143005
2025-11-24T01:00:00Z,205.147995,205.192001,205.033005,205.119003
2025-11-24T02:00:00Z,205.123993,205.238998,205.108002,205.184006
2025-11-24T03:00:00Z,205.184998,205.207001,205.093994,205.160004
2025-11-24T04:00:00Z,205.160004,205.197998,205.061996,205.095993
2025-11-24T05:00:00Z,205.095993,205.192001,205.057007,205.149994
2025-11-24T06:00:00Z,205.149994,205.339996,205.138000,205.296997
2025-11-24T07:00:00Z,205.294006,205.397003,205.203995,205.300003
2025-11-24T08:00:00Z,205.304001,205.516998,205.179001,205.462006
2025-11-24T09:00:00Z,205.457001,205.475006,205.112000,205.177002
2025-11-24T10:00:00Z,205.173996,205.337997,205.128006,205.195007
2025-11-24T11:00:00Z,205.188995,205.414001,205.141006,205.311996
2025-11-24T12:00:00Z,205.309006,205.677994,205.278000,205.656998
2025-11-24T13:00:00Z,205.656998,205.906998,205.615997,205.636993
2025-11-24T14:00:00Z,205.638000,205.684998,205.442993,205.595001
2025-11-24T15:00:00Z,205.602005,205.753998,205.207001,205.373001
2025-11-24T16:00:00Z,205.371994,205.636993,205.358994,205.514999
2025-11-24T17:00:00Z,205.511002,205.574005,205.358994,205.529999
2025-11-24T18:00:00Z,205.526001,205.664993,205.485992,205.636002
2025-11-24T19:00:00Z,205.632996,205.677002,205.421005,205.462997
2025-11-24T20:00:00Z,205.459000,205.598999,205.459000,205.584000
2025-11-24T21:00:00Z,205.582993,205.662003,205.554001,205.559998
2025-11-24T22:00:00Z,205.563004,205.675003,205.464005,205.572998
2025-11-24T23:00:00Z,205.598007,205.707001,205.544006,205.636002
2025-11-25T00:00:00Z,205.630005,205.692993,205.345001,205.378998
2025-11-25T01:00:00Z,205.376007,205.518005,205.302002,205.330002
2025-11-25T02:00:00Z,205.328003,205.468002,205.291000,205.436005
2025-11-25T03:00:00Z,205.434998,205.447998,205.330994,205.369995
2025-11-25T04:00:00Z,205.375000,205.438995,205.337006,205.376007
2025-11-25T05:00:00Z,205.375000,205.462997,205.231003,205.341003
2025-11-25T06:00:00Z,205.339996,205.429993,205.259995,205.304001
2025-11-25T07:00:00Z,205.304993,205.557999,205.304993,205.507004
2025-11-25T08:00:00Z,205.503006,205.615997,205.113007,205.147003
2025-11-25T09:00:00Z,205.147003,205.298996,204.996002,205.291000
2025-11-25T10:00:00Z,205.294998,205.347000,205.186005,205.276001
2025-11-25T11:00:00Z,205.279007,205.378006,205.078003,205.123001
2025-11-25T12:00:00Z,205.123993,205.559006,205.020996,205.291000
2025-11-25T13:00:00Z,205.289001,205.500000,205.205002,205.382996
2025-11-25T14:00:00Z,205.384003,205.889999,205.345001,205.647995
2025-11-25T15:00:00Z,205.651001,205.794998,205.505005,205.748001
2025-11-25T16:00:00Z,205.746002,205.925995,205.679001,205.876999
2025-11-25T17:00:00Z,205.882996,205.951996,205.623001,205.798004
2025-11-25T18:00:00Z,205.794006,205.990005,205.785995,205.888000
2025-11-25T19:00:00Z,205.889999,205.949997,205.800995,205.873001
2025-11-25T20:00:00Z,205.875000,205.955994,205.393997,205.451004
2025-11-25T21:00:00Z,205.451004,205.570007,205.386993,205.436996
2025-11-25T22:00:00Z,205.322998,205.572006,205.263000,205.384003
2025-11-25T23:00:00Z,205.412003,205.617004,205.326004,205.509995
2025-11-26T00:00:00Z,205.518997,205.783997,205.492004,205.759995
2025-11-26T01:00:00Z,205.759003,205.977005,205.382996,205.503006
2025-11-26T02:00:00Z,205.507004,205.621994,205.328003,205.509995
2025-11-26T03:00:00Z,205.511993,205.735001,205.449005,205.695007
2025-11-26T04:00:00Z,205.697006,205.916000,205.695007,205.768005
2025-11-26T05:00:00Z,205.768005,205.979004,205.759003,205.931000
2025-11-26T06:00:00Z,205.932007,206.102997,205.895004,206.018005
2025-11-26T07:00:00Z,206.005997,206.128006,205.910995,206.098007
2025-11-26T08:00:00Z,206.091003,206.253998,205.998993,206.091995
2025-11-26T09:00:00Z,206.091003,206.151001,205.951004,206.108994
2025-11-26T10:00:00Z,206.113007,206.123993,205.792007,205.945007
2025-11-26T11:00:00Z,205.945007,206.453003,205.837006,206.110992
2025-11-26T12:00:00Z,206.113007,206.371994,205.496994,206.296005
2025-11-26T13:00:00Z,206.302002,206.848007,206.218002,206.667999
2025-11-26T14:00:00Z,206.673004,206.813995,206.516998,206.692993
2025-11-26T15:00:00Z,206.701996,207.067001,206.641998,206.871002
2025-11-26T16:00:00Z,206.865997,207.065002,206.764008,206.824997
2025-11-26T17:00:00Z,206.820007,206.923996,206.768997,206.856003
2025-11-26T18:00:00Z,206.854004,207.070007,206.774002,207.059006
2025-11-26T19:00:00Z,207.061996,207.110001,206.994995,207.057999
2025-11-26T20:00:00Z,207.061996,207.136002,207.014999,207.067993
2025-11-26T21:00:00Z,207.070007,207.207993,207.048004,207.098999
2025-11-26T22:00:00Z,207.005997,207.210007,206.973999,207.035995
2025-11-26T23:00:00Z,206.979996,207.110001,206.901993,206.919998
2025-11-27T00:00:00Z,206.899994,206.931000,206.505005,206.712006
2025-11-27T01:00:00Z,206.707993,206.996002,206.421997,206.869003
2025-11-27T02:00:00Z,206.867004,207.056000,206.755997,206.867004
2025-11-27T03:00:00Z,206.867996,206.936005,206.761993,206.886993
2025-11-27T04:00:00Z,206.886993,207.000000,206.753006,206.807007
2025-11-27T05:00:00Z,206.813995,206.860001,206.641998,206.815002
2025-11-27T06:00:00Z,206.809998,206.994995,206.738998,206.766006
2025-11-27T07:00:00Z,206.761993,206.899002,206.660004,206.664993
2025-11-27T08:00:00Z,206.669006,206.766006,206.509995,206.701996
2025-11-27T09:00:00Z,206.699997,206.733002,206.492996,206.595001
2025-11-27T10:00:00Z,206.593994,206.738007,206.542007,206.667007
2025-11-27T11:00:00Z,206.667007,206.834000,206.617004,206.787003
2025-11-27T12:00:00Z,206.792007,206.962006,206.718002,206.929993
2025-11-27T13:00:00Z,206.927002,207.067993,206.837997,206.940002
2025-11-27T14:00:00Z,206.936996,206.970993,206.841995,206.875000
2025-11-27T15:00:00Z,206.876999,207.153000,206.848007,207.121994
2025-11-27T16:00:00Z,207.121002,207.194000,206.917007,206.957993
2025-11-27T17:00:00Z,206.962006,207.026993,206.860992,206.940994
2025-11-27T18:00:00Z,206.938995,206.996002,206.904007,206.932007
2025-11-27T19:00:00Z,206.932007,206.975006,206.925995,206.936005
2025-11-27T20:00:00Z,206.931000,206.949997,206.854996,206.917007
2025-11-27T21:00:00Z,206.910004,206.947998,206.860001,206.860001
2025-11-27T22:00:00Z,206.850006,206.973007,206.740997,206.804001
2025-11-27T23:00:00Z,206.785004,206.960007,206.737000,206.940002
2025-11-28T00:00:00Z,206.925003,207.205994,206.817993,207.070999
2025-11-28T01:00:00Z,207.074005,207.112000,206.882004,206.923004
2025-11-28T02:00:00Z,206.925003,206.960007,206.602997,206.832001
2025-11-28T03:00:00Z,206.824005,206.985001,206.606995,206.867004
2025-11-28T04:00:00Z,206.856003,206.903000,206.695007,206.772003
2025-11-28T05:00:00Z,206.802002,206.985992,206.742996,206.871994
2025-11-28T06:00:00Z,206.862000,206.957993,206.651001,206.679993
2025-11-28T07:00:00Z,206.656998,206.742004,206.455994,206.511002
2025-11-28T08:00:00Z,206.511002,206.602005,206.369995,206.434006
2025-11-28T09:00:00Z,206.425995,206.709000,206.307007,206.470001
2025-11-28T10:00:00Z,206.442993,206.587997,206.322006,206.360992
2025-11-28T11:00:00Z,206.362000,206.440002,206.138000,206.201996
2025-11-28T12:00:00Z,206.207001,206.399002,206.164001,206.335007
2025-11-28T13:00:00Z,206.341995,206.479004,206.255997,206.334000
2025-11-28T14:00:00Z,206.335007,206.809998,206.313004,206.710999
2025-11-28T15:00:00Z,206.710999,206.837006,206.347000,206.753006
2025-11-28T16:00:00Z,206.761993,206.886993,206.649002,206.710007
2025-11-28T17:00:00Z,206.712006,206.800003,206.626999,206.768005
2025-11-28T18:00:00Z,206.770004,206.796005,206.600998,206.673004
2025-11-28T19:00:00Z,206.673004,206.792007,206.636002,206.785995
2025-11-28T20:00:00Z,206.789001,206.809998,206.688995,206.764999
2025-11-28T21:00:00Z,206.757996,206.820999,206.498993,206.598007
2025-11-28T22:00:00Z,206.656006,206.656006,206.656006,206.656006
2025-12-01T00:00:00Z,206.403000,206.419998,206.110992,206.235001
2025-12-01T01:00:00Z,206.235992,206.384003,205.888000,206.029999
2025-12-01T02:00:00Z,206.031006,206.046005,205.570999,205.679993
2025-12-01T03:00:00Z,205.677994,205.759003,205.567001,205.677994
2025-12-01T04:00:00Z,205.677994,205.832001,205.602997,205.735001
2025-12-01T05:00:00Z,205.735001,205.817993,205.587997,205.703003
2025-12-01T06:00:00Z,205.703995,205.815002,205.552002,205.582001
2025-12-01T07:00:00Z,205.585007,205.677002,205.335999,205.384003
2025-12-01T08:00:00Z,205.380005,205.593002,205.233994,205.404999
2025-12-01T09:00:00Z,205.406998,205.593002,205.380005,205.488007
2025-12-01T10:00:00Z,205.477005,205.488998,205.233994,205.371002
2025-12-01T11:00:00Z,205.367996,205.470001,205.201996,205.261993
2025-12-01T12:00:00Z,205.259995,205.434998,205.238007,205.358002
2025-12-01T13:00:00Z,205.356995,205.466003,205.251999,205.408997
2025-12-01T14:00:00Z,205.406998,205.500000,205.190994,205.365997
2025-12-01T15:00:00Z,205.365997,205.569000,205.203995,205.528000
2025-12-01T16:00:00Z,205.531006,205.628998,205.317001,205.399002
2025-12-01T17:00:00Z,205.391998,205.507004,205.384995,205.440994
2025-12-01T18:00:00Z,205.440002,205.526001,205.367996,205.485992
2025-12-01T19:00:00Z,205.483994,205.488998,205.369995,205.425995
2025-12-01T20:00:00Z,205.425995,205.470993,205.367004,205.384995
2025-12-01T21:00:00Z,205.393005,205.475998,205.324005,205.365005
2025-12-01T22:00:00Z,205.343994,205.500000,205.259003,205.285004
2025-12-01T23:00:00Z,205.322998,205.496994,205.298004,205.468002
2025-12-02T00:00:00Z,205.468002,205.602005,205.380005,205.531998
2025-12-02T01:00:00Z,205.535995,205.699005,205.531998,205.617004
2025-12-02T02:00:00Z,205.610992,205.774002,205.544006,205.709000
2025-12-02T03:00:00Z,205.709000,205.763000,205.589996,205.692001
2025-12-02T04:00:00Z,205.692993,205.770004,205.643997,205.686005
2025-12-02T05:00:00Z,205.686005,205.764008,205.658005,205.677002
2025-12-02T06:00:00Z,205.675995,205.865997,205.667007,205.800003
2025-12-02T07:00:00Z,205.798996,205.951996,205.714996,205.841995
2025-12-02T08:00:00Z,205.845993,206.126007,205.785995,206.095001
2025-12-02T09:00:00Z,206.095993,206.255005,205.985992,206.031998
2025-12-02T10:00:00Z,206.026001,206.041000,205.673996,205.889999
2025-12-02T11:00:00Z,205.897003,205.904007,205.722000,205.796005
2025-12-02T12:00:00Z,205.789993,206.104004,205.748993,206.072006
2025-12-02T13:00:00Z,206.067993,206.117996,205.923996,205.985992
2025-12-02T14:00:00Z,205.985001,206.177002,205.945007,206.022995
2025-12-02T15:00:00Z,206.020004,206.195007,205.755997,205.757996
2025-12-02T16:00:00Z,205.761993,205.860992,205.472000,205.554001
2025-12-02T17:00:00Z,205.554001,205.873001,205.542999,205.746994
2025-12-02T18:00:00Z,205.751007,205.899994,205.677994,205.865005
2025-12-02T19:00:00Z,205.865005,205.942993,205.804993,205.932007
2025-12-02T20:00:00Z,205.929993,205.938995,205.824005,205.873001
2025-12-02T21:00:00Z,205.873001,206.005005,205.830994,205.893005
2025-12-02T22:00:00Z,205.843994,205.988007,205.645996,205.813995
2025-12-02T23:00:00Z,205.830994,206.005005,205.811996,205.940994
2025-12-03T00:00:00Z,205.910004,205.996994,205.776993,205.962997
2025-12-03T01:00:00Z,205.953995,206.007004,205.792007,205.878006
2025-12-03T02:00:00Z,205.873993,206.067993,205.865005,205.996002
2025-12-03T03:00:00Z,205.992996,206.029999,205.882004,205.906998
2025-12-03T04:00:00Z,205.906998,206.022003,205.904007,205.960007
2025-12-03T05:00:00Z,205.957001,206.104004,205.934006,206.076004
2025-12-03T06:00:00Z,206.076004,206.085999,205.899994,206.057999
2025-12-03T07:00:00Z,206.061005,206.201004,206.007996,206.164001
2025-12-03T08:00:00Z,206.171997,206.477997,206.095001,206.404999
2025-12-03T09:00:00Z,206.399994,206.690994,206.291000,206.638000
2025-12-03T10:00:00Z,206.636993,206.742996,206.498993,206.585999
2025-12-03T11:00:00Z,206.585999,206.673996,206.436005,206.658005
2025-12-03T12:00:00Z,206.639008,206.725006,206.585007,206.684998
2025-12-03T13:00:00Z,206.679993,206.891006,206.598007,206.781998
2025-12-03T14:00:00Z,206.785995,206.936005,206.447998,206.863007
2025-12-03T15:00:00Z,206.822006,207.070007,206.763000,206.917999
2025-12-03T16:00:00Z,206.914993,207.031998,206.722000,206.862000
2025-12-03T17:00:00Z,206.865997,207.084000,206.804993,206.970001
2025-12-03T18:00:00Z,206.977997,207.138000,206.908997,207.054993
2025-12-03T19:00:00Z,207.056000,207.143005,207.022003,207.132996
2025-12-03T20:00:00Z,207.136993,207.251999,207.095993,207.199005
2025-12-03T21:00:00Z,207.197998,207.341995,207.192001,207.250000
2025-12-03T22:00:00Z,207.246002,207.332001,207.072006,207.139999
2025-12-03T23:00:00Z,207.139999,207.251999,206.962997,207.035995
2025-12-04T00:00:00Z,207.031998,207.100998,206.871002,206.917007
2025-12-04T01:00:00Z,206.923004,207.240997,206.891006,207.110992
2025-12-04T02:00:00Z,207.115997,207.283005,207.100006,207.259003
2025-12-04T03:00:00Z,207.259003,207.328003,207.136993,207.158997
2025-12-04T04:00:00Z,207.156998,207.268005,207.087006,207.257996
2025-12-04T05:00:00Z,207.251999,207.358994,206.979996,207.031006
2025-12-04T06:00:00Z,207.024002,207.287003,206.994995,207.125000
2025-12-04T07:00:00Z,207.126999,207.214005,206.945999,207.039993
2025-12-04T08:00:00Z,207.039001,207.057007,206.556000,206.792007
2025-12-04T09:00:00Z,206.794006,206.858002,206.569000,206.608994
2025-12-04T10:00:00Z,206.610992,206.738998,206.464005,206.496994
2025-12-04T11:00:00Z,206.496994,206.578995,206.341003,206.447006
2025-12-04T12:00:00Z,206.447998,206.537003,206.360992,206.462006
2025-12-04T13:00:00Z,206.457993,206.641006,206.404007,206.539993
2025-12-04T14:00:00Z,206.539001,206.940994,206.490997,206.910995
2025-12-04T15:00:00Z,206.917999,207.018997,206.705002,206.787994
2025-12-04T16:00:00Z,206.787003,206.869995,206.615005,206.839005
2025-12-04T17:00:00Z,206.828995,206.848007,206.684006,206.733994
2025-12-04T18:00:00Z,206.725006,206.841003,206.660995,206.798996
2025-12-04T19:00:00Z,206.794006,206.843002,206.682007,206.787994
2025-12-04T20:00:00Z,206.785004,206.798004,206.686996,206.725998
2025-12-04T21:00:00Z,206.727005,206.768997,206.597000,206.634003
2025-12-04T22:00:00Z,206.617996,206.692993,206.429993,206.507996
2025-12-04T23:00:00Z,206.505997,206.733002,206.500000,206.673996
2025-12-05T00:00:00Z,206.656998,206.807999,206.537003,206.572998
2025-12-05T01:00:00Z,206.570999,206.750000,206.511002,206.673004
2025-12-05T02:00:00Z,206.677002,206.768005,206.660995,206.709000
2025-12-05T03:00:00Z,206.716003,206.785004,206.671005,206.729996
2025-12-05T04:00:00Z,206.722000,206.761993,206.427994,206.598999
2025-12-05T05:00:00Z,206.595001,206.608994,206.225998,206.306000
2025-12-05T06:00:00Z,206.304001,206.438995,206.207001,206.328995
2025-12-05T07:00:00Z,206.324005,206.498001,206.182999,206.473999
2025-12-05T08:00:00Z,206.468994,206.794006,206.414001,206.727005
2025-12-05T09:00:00Z,206.725006,206.856995,206.686996,206.744003
2025-12-05T10:00:00Z,206.744003,206.966995,206.720993,206.914001
2025-12-05T11:00:00Z,206.912994,206.975006,206.811005,206.962997
2025-12-05T12:00:00Z,206.957001,207.128006,206.940002,207.123993
2025-12-05T13:00:00Z,207.128006,207.250000,207.048996,207.194000
2025-12-05T14:00:00Z,207.192001,207.294006,207.067993,207.177994
2025-12-05T15:00:00Z,207.139999,207.294006,207.098999,207.151001
2025-12-05T16:00:00Z,207.143005,207.169006,206.867996,206.899002
2025-12-05T17:00:00Z,206.891998,207.014008,206.832993,207.003998
2025-12-05T18:00:00Z,206.998993,207.123993,206.985992,207.044006
2025-12-05T19:00:00Z,207.048996,207.104004,206.983002,207.065002
2025-12-05T20:00:00Z,207.057999,207.091995,206.955994,207.061996
2025-12-05T21:00:00Z,207.056000,207.136993,206.973999,207.059998
2025-12-05T22:00:00Z,207.059998,207.087006,207.059998,207.087006
2025-12-08T00:00:00Z,206.949005,206.975998,206.740005,206.755997
2025-12-08T01:00:00Z,206.757004,206.850006,206.593002,206.608002
2025-12-08T02:00:00Z,206.606003,206.794998,206.582993,206.783005
2025-12-08T03:00:00Z,206.783997,206.875000,206.751999,206.852005
2025-12-08T04:00:00Z,206.852005,206.919998,206.820999,206.867004
2025-12-08T05:00:00Z,206.862000,207.100998,206.862000,206.988007
2025-12-08T06:00:00Z,206.985001,207.097000,206.873993,206.919006
2025-12-08T07:00:00Z,206.925995,207.018997,206.862000,206.996994
2025-12-08T08:00:00Z,207.001999,207.136002,206.940994,207.091003
2025-12-08T09:00:00Z,207.091995,207.184998,206.994003,207.042007
2025-12-08T10:00:00Z,207.042007,207.192001,207.037994,207.121002
2025-12-08T11:00:00Z,207.113998,207.231995,207.052002,207.197006
2025-12-08T12:00:00Z,207.203995,207.313995,207.128998,207.197998
2025-12-08T13:00:00Z,207.197006,207.330002,207.160995,207.287003
2025-12-08T14:00:00Z,207.291000,207.671997,207.223007,207.664001
2025-12-08T15:00:00Z,207.662994,207.699997,207.429001,207.468002
2025-12-08T16:00:00Z,207.468002,207.723999,207.406006,207.628998
2025-12-08T17:00:00Z,207.628998,207.649994,207.416000,207.509995
2025-12-08T18:00:00Z,207.509003,207.589005,207.475998,207.518997
2025-12-08T19:00:00Z,207.520004,207.783005,207.503998,207.772995
2025-12-08T20:00:00Z,207.772003,207.796005,207.710007,207.774994
2025-12-08T21:00:00Z,207.772995,207.807007,207.677002,207.684006
2025-12-08T22:00:00Z,207.686005,207.727005,207.529999,207.632004
2025-12-08T23:00:00Z,207.576004,207.796997,207.565994,207.675003
2025-12-09T00:00:00Z,207.684998,207.839996,207.582993,207.828995
2025-12-09T01:00:00Z,207.826004,207.843002,207.654007,207.709000
2025-12-09T02:00:00Z,207.709000,207.785004,207.643005,207.740997
2025-12-09T03:00:00Z,207.740997,207.787994,207.658997,207.677002
2025-12-09T04:00:00Z,207.677002,207.897995,207.662994,207.852997
2025-12-09T05:00:00Z,207.850998,208.067993,207.843994,208.007996
2025-12-09T06:00:00Z,208.007996,208.102005,207.910004,207.968994
2025-12-09T07:00:00Z,207.957993,208.220001,207.932999,208.173996
2025-12-09T08:00:00Z,208.167999,208.712006,208.167999,208.613007
2025-12-09T09:00:00Z,208.606995,208.613998,208.197998,208.319000
2025-12-09T10:00:00Z,208.322006,208.436996,208.044006,208.153000
2025-12-09T11:00:00Z,208.156998,208.223999,208.016998,208.173004
2025-12-09T12:00:00Z,208.175995,208.268997,208.112000,208.259003
2025-12-09T13:00:00Z,208.261993,208.388000,208.141006,208.158005
2025-12-09T14:00:00Z,208.158005,208.334000,208.134003,208.264999
2025-12-09T15:00:00Z,208.257996,208.623993,208.125000,208.582993
2025-12-09T16:00:00Z,208.574005,208.945007,208.563004,208.893005
2025-12-09T17:00:00Z,208.889008,208.934006,208.617004,208.654999
2025-12-09T18:00:00Z,208.654007,208.718994,208.548004,208.684006
2025-12-09T19:00:00Z,208.684006,208.720993,208.576996,208.615005
2025-12-09T20:00:00Z,208.610001,208.705994,208.608994,208.673004
2025-12-09T21:00:00Z,208.677002,208.768997,208.522995,208.528000
2025-12-09T22:00:00Z,208.522003,208.688995,208.397995,208.524002
2025-12-09T23:00:00Z,208.542999,208.703995,208.522995,208.628998
2025-12-10T00:00:00Z,208.593002,208.722000,208.464005,208.485992
2025-12-10T01:00:00Z,208.483994,208.503998,208.358994,208.397003
2025-12-10T02:00:00Z,208.389999,208.449997,208.296005,208.339005
2025-12-10T03:00:00Z,208.335007,208.391998,208.225006,208.300003
2025-12-10T04:00:00Z,208.300003,208.442001,208.300003,208.384995
2025-12-10T05:00:00Z,208.384995,208.556000,208.343002,208.526001
2025-12-10T06:00:00Z,208.522003,208.643997,208.516998,208.578995
2025-12-10T07:00:00Z,208.578995,208.779007,208.559998,208.718002
2025-12-10T08:00:00Z,208.718994,208.744995,208.582001,208.658997
2025-12-10T09:00:00Z,208.658997,208.871002,208.615997,208.772003
2025-12-10T10:00:00Z,208.770004,208.785004,208.598007,208.703995
2025-12-10T11:00:00Z,208.703003,208.751999,208.496002,208.578995
2025-12-10T12:00:00Z,208.578995,208.690994,208.548004,208.649994
2025-12-10T13:00:00Z,208.647003,208.714996,208.470993,208.682007
2025-12-10T14:00:00Z,208.682007,208.770004,208.516998,208.606003
2025-12-10T15:00:00Z,208.604004,208.617996,208.339996,208.436996
2025-12-10T16:00:00Z,208.436996,208.597000,208.330002,208.518005
2025-12-10T17:00:00Z,208.516998,208.619003,208.464005,208.591995
2025-12-10T18:00:00Z,208.591995,208.669006,208.505997,208.561996
2025-12-10T19:00:00Z,208.561005,208.882004,208.376007,208.826004
2025-12-10T20:00:00Z,208.826996,208.863998,208.535004,208.705994
2025-12-10T21:00:00Z,208.707993,208.895004,208.682007,208.682007
2025-12-10T22:00:00Z,208.740997,208.785004,208.505997,208.740005
2025-12-10T23:00:00Z,208.673004,208.813004,208.358002,208.526993
2025-12-11T00:00:00Z,208.526993,208.554993,208.300995,208.427002
2025-12-11T01:00:00Z,208.429001,208.479004,208.246002,208.369995
2025-12-11T02:00:00Z,208.373001,208.401993,208.014999,208.274994
2025-12-11T03:00:00Z,208.270004,208.294998,208.063004,208.115997
2025-12-11T04:00:00Z,208.110992,208.350998,208.014999,208.337006
2025-12-11T05:00:00Z,208.343994,208.550995,208.337997,208.520996
2025-12-11T06:00:00Z,208.520996,208.638000,208.457993,208.509003
2025-12-11T07:00:00Z,208.503998,208.653000,208.464996,208.608994
2025-12-11T08:00:00Z,208.610001,208.632996,208.320007,208.360001
2025-12-11T09:00:00Z,208.358994,208.453995,208.199997,208.414993
2025-12-11T10:00:00Z,208.412994,208.602005,208.317001,208.514008
2025-12-11T11:00:00Z,208.513000,208.591003,208.380997,208.494003
2025-12-11T12:00:00Z,208.494003,208.516998,208.223007,208.313004
2025-12-11T13:00:00Z,208.311996,208.369995,208.089005,208.190002
2025-12-11T14:00:00Z,208.190002,208.229004,207.917999,207.945007
2025-12-11T15:00:00Z,207.945007,208.473007,207.895996,208.453995
2025-12-11T16:00:00Z,208.453995,208.475998,208.276993,208.289993
2025-12-11T17:00:00Z,208.292007,208.462997,208.201004,208.339005
2025-12-11T18:00:00Z,208.339996,208.488007,208.309006,208.389999
2025-12-11T19:00:00Z,208.389008,208.472000,208.281006,208.339005
2025-12-11T20:00:00Z,208.339005,208.393005,208.266998,208.389008
2025-12-11T21:00:00Z,208.395004,208.434998,208.195999,208.279007
2025-12-11T22:00:00Z,208.274002,208.339996,208.184006,208.229996
2025-12-11T23:00:00Z,208.261993,208.365005,208.171997,208.272995
2025-12-12T00:00:00Z,208.266998,208.572006,208.210007,208.516998
2025-12-12T01:00:00Z,208.516998,208.589996,208.369995,208.460999
2025-12-12T02:00:00Z,208.468002,208.559006,208.451004,208.457993
2025-12-12T03:00:00Z,208.457993,208.546997,208.417007,208.505005
2025-12-12T04:00:00Z,208.505997,208.595993,208.490997,208.511993
2025-12-12T05:00:00Z,208.514008,208.621994,208.505005,208.617004
2025-12-12T06:00:00Z,208.613007,208.723007,208.483994,208.483994
2025-12-12T07:00:00Z,208.498993,208.507996,208.216995,208.320999
2025-12-12T08:00:00Z,208.322006,208.537003,208.244003,208.477997
2025-12-12T09:00:00Z,208.477005,208.666000,208.380005,208.619003
2025-12-12T10:00:00Z,208.615005,208.673004,208.477997,208.544006
2025-12-12T11:00:00Z,208.550003,208.617004,208.473999,208.533005
2025-12-12T12:00:00Z,208.528000,208.712006,208.365997,208.662994
2025-12-12T13:00:00Z,208.660995,208.746994,208.496002,208.617004
2025-12-12T14:00:00Z,208.621002,208.664001,208.414993,208.481995
2025-12-12T15:00:00Z,208.490005,208.544998,208.143997,208.173004
2025-12-12T16:00:00Z,208.179993,208.207001,207.873001,207.985001
2025-12-12T17:00:00Z,207.990005,208.360992,207.964996,208.320999
2025-12-12T18:00:00Z,208.319000,208.404007,208.132004,208.138000
2025-12-12T19:00:00Z,208.138000,208.380997,208.123001,208.367004
2025-12-12T20:00:00Z,208.365997,208.434006,208.270004,208.347000
2025-12-12T21:00:00Z,208.348007,208.373001,208.240005,208.307007
2025-12-12T22:00:00Z,208.292007,208.292007,208.292007,208.292007
2025-12-15T00:00:00Z,208.337006,208.444000,208.268997,208.362000
2025-12-15T01:00:00Z,208.354996,208.365997,208.087006,208.100006
2025-12-15T02:00:00Z,208.091995,208.143997,207.727005,207.776993
2025-12-15T03:00:00Z,207.772003,207.792007,207.552002,207.591003
2025-12-15T04:00:00Z,207.584000,207.589996,207.311005,207.389999
2025-12-15T05:00:00Z,207.382996,207.386993,207.147003,207.181000
2025-12-15T06:00:00Z,207.181000,207.363007,207.085007,207.281998
2025-12-15T07:00:00Z,207.279999,207.494995,207.279999,207.479996
2025-12-15T08:00:00Z,207.483994,207.531998,207.315994,207.438995
2025-12-15T09:00:00Z,207.442993,207.496002,207.330994,207.462006
2025-12-15T10:00:00Z,207.455002,207.567001,207.408997,207.496002
2025-12-15T11:00:00Z,207.494995,207.574997,207.294006,207.332993
2025-12-15T12:00:00Z,207.330002,207.654999,207.313995,207.643005
2025-12-15T13:00:00Z,207.643005,207.733994,207.514008,207.703995
2025-12-15T14:00:00Z,207.716995,207.742004,207.464996,207.522995
2025-12-15T15:00:00Z,207.526993,207.826996,207.354004,207.824997
2025-12-15T16:00:00Z,207.824005,207.888000,207.688004,207.764999
2025-12-15T17:00:00Z,207.764999,207.800003,207.554993,207.604004
2025-12-15T18:00:00Z,207.604004,207.697998,207.554001,207.641998
2025-12-15T19:00:00Z,207.643005,207.679001,207.535004,207.600006
2025-12-15T20:00:00Z,207.600006,207.643997,207.565002,207.623993
2025-12-15T21:00:00Z,207.623993,207.647995,207.511993,207.552002
2025-12-15T22:00:00Z,207.468002,207.626999,207.397003,207.535995
2025-12-15T23:00:00Z,207.535004,207.587006,207.365005,207.382996
2025-12-16T00:00:00Z,207.412994,207.425003,207.070007,207.233002
2025-12-16T01:00:00Z,207.238998,207.320007,206.979996,207.014999
2025-12-16T02:00:00Z,207.011993,207.108002,206.889999,206.919998
2025-12-16T03:00:00Z,206.919998,207.067001,206.837006,207.014008
2025-12-16T04:00:00Z,207.016998,207.052994,206.899002,206.949997
2025-12-16T05:00:00Z,206.949997,206.957993,206.764999,206.893997
2025-12-16T06:00:00Z,206.899002,207.007996,206.841995,206.955002
2025-12-16T07:00:00Z,206.983002,207.205002,206.923996,207.156998
2025-12-16T08:00:00Z,207.154999,207.432999,207.134995,207.412003
2025-12-16T09:00:00Z,207.404007,207.738007,207.358002,207.639008
2025-12-16T10:00:00Z,207.632996,207.940002,207.514008,207.876007
2025-12-16T11:00:00Z,207.882004,207.940002,207.735992,207.927002
2025-12-16T12:00:00Z,207.927994,207.962997,207.658997,207.738007
2025-12-16T13:00:00Z,207.733994,207.929993,207.612000,207.716003
2025-12-16T14:00:00Z,207.710007,207.998993,207.619995,207.822006
2025-12-16T15:00:00Z,207.822006,207.862000,207.186005,207.639999
2025-12-16T16:00:00Z,207.639999,207.940002,207.630005,207.852997
2025-12-16T17:00:00Z,207.848999,207.960999,207.619003,207.632004
2025-12-16T18:00:00Z,207.630997,207.744995,207.529007,207.735001
2025-12-16T19:00:00Z,207.729996,207.744995,207.511993,207.645996
2025-12-16T20:00:00Z,207.641006,207.878998,207.585999,207.802002
2025-12-16T21:00:00Z,207.804993,207.841995,207.584000,207.585999
2025-12-16T22:00:00Z,207.604004,207.761002,207.537003,207.626007
2025-12-16T23:00:00Z,207.641006,207.824997,207.576004,207.796997
2025-12-17T00:00:00Z,207.774994,207.882004,207.429993,207.457001
2025-12-17T01:00:00Z,207.455002,207.667999,207.399002,207.638000
2025-12-17T02:00:00Z,207.636002,207.867004,207.634995,207.847000
2025-12-17T03:00:00Z,207.837997,207.863007,207.656006,207.690994
2025-12-17T04:00:00Z,207.690994,207.839996,207.651001,207.792007
2025-12-17T05:00:00Z,207.792999,207.800995,207.531998,207.636002
2025-12-17T06:00:00Z,207.636002,207.987000,207.625000,207.828995
2025-12-17T07:00:00Z,207.789001,207.822006,207.084000,207.162003
2025-12-17T08:00:00Z,207.164001,207.257004,207.050003,207.248001
2025-12-17T09:00:00Z,207.242996,207.352005,207.190994,207.257996
2025-12-17T10:00:00Z,207.248001,207.311996,207.136002,207.300003
2025-12-17T11:00:00Z,207.300003,207.345001,207.227005,207.294006
2025-12-17T12:00:00Z,207.294006,207.509003,207.259995,207.485992
2025-12-17T13:00:00Z,207.483002,207.667007,207.447006,207.595993
2025-12-17T14:00:00Z,207.595993,207.815002,207.572998,207.764008
2025-12-17T15:00:00Z,207.766998,208.259003,207.677994,208.223007
2025-12-17T16:00:00Z,208.225998,208.384003,208.143997,208.334000
2025-12-17T17:00:00Z,208.335007,208.373993,208.167999,208.210007
2025-12-17T18:00:00Z,208.205002,208.296005,208.147995,208.177994
2025-12-17T19:00:00Z,208.177994,208.264999,208.126007,208.190994
2025-12-17T20:00:00Z,208.195007,208.404007,208.160004,208.292007
2025-12-17T21:00:00Z,208.294006,208.345993,208.184006,208.199005
2025-12-17T22:00:00Z,208.192993,208.246002,208.057007,208.130005
2025-12-17T23:00:00Z,208.121002,208.195007,207.938004,207.951004
2025-12-18T00:00:00Z,207.944000,208.018997,207.856003,207.972000
2025-12-18T01:00:00Z,207.966003,208.199005,207.916000,208.171005
2025-12-18T02:00:00Z,208.177994,208.261002,208.104996,208.259995
2025-12-18T03:00:00Z,208.259003,208.272003,208.108002,208.171005
2025-12-18T04:00:00Z,208.162003,208.209000,208.091003,208.182007
2025-12-18T05:00:00Z,208.192993,208.410004,208.169006,208.298004
2025-12-18T06:00:00Z,208.304001,208.416000,208.244003,208.391006
2025-12-18T07:00:00Z,208.393005,208.552002,208.276993,208.403000
2025-12-18T08:00:00Z,208.406998,208.455002,208.123993,208.209000
2025-12-18T09:00:00Z,208.203995,208.212997,207.964005,208.143997
2025-12-18T10:00:00Z,208.141998,208.175003,208.074997,208.106995
2025-12-18T11:00:00Z,208.102005,208.147995,207.970993,208.031998
2025-12-18T12:00:00Z,208.014999,208.753006,207.856003,208.718002
2025-12-18T13:00:00Z,208.718994,208.992996,208.589996,208.923996
2025-12-18T14:00:00Z,208.917999,209.011993,208.337997,208.597000
2025-12-18T15:00:00Z,208.589996,208.619003,208.296997,208.315994
2025-12-18T16:00:00Z,208.313004,208.440002,208.130997,208.190002
2025-12-18T17:00:00Z,208.186005,208.304001,208.089005,208.259003
2025-12-18T18:00:00Z,208.266006,208.376999,208.149002,208.244995
2025-12-18T19:00:00Z,208.244995,208.319000,208.130997,208.169006
2025-12-18T20:00:00Z,208.173996,208.276001,208.162994,208.173004
2025-12-18T21:00:00Z,208.179001,208.253998,208.078003,208.113998
2025-12-18T22:00:00Z,208.084000,208.184006,207.912003,208.093002
2025-12-18T23:00:00Z,208.091995,208.302994,208.035995,208.235992
2025-12-19T00:00:00Z,208.205002,208.514008,208.195007,208.457993
2025-12-19T01:00:00Z,208.457993,208.501007,208.328995,208.416000
2025-12-19T02:00:00Z,208.416000,208.511993,208.345001,208.481003
2025-12-19T03:00:00Z,208.477005,208.852997,208.184998,208.524002
2025-12-19T04:00:00Z,208.518997,208.703995,208.354996,208.686996
2025-12-19T05:00:00Z,208.688995,208.718994,208.473999,208.645996
2025-12-19T06:00:00Z,208.643005,209.177002,208.518997,208.753006
2025-12-19T07:00:00Z,208.794006,209.490005,208.697006,209.477005
2025-12-19T08:00:00Z,209.470001,209.917999,209.453995,209.873001
2025-12-19T09:00:00Z,209.873001,210.389008,209.764999,210.350998
2025-12-19T10:00:00Z,210.358002,210.598007,210.268005,210.503998
2025-12-19T11:00:00Z,210.503998,210.520004,210.283005,210.363998
2025-12-19T12:00:00Z,210.369995,210.423004,210.197006,210.274994
2025-12-19T13:00:00Z,210.274994,210.393997,210.154999,210.367996
2025-12-19T14:00:00Z,210.367996,210.514999,210.014008,210.473007
2025-12-19T15:00:00Z,210.455002,210.574997,210.246002,210.404999
2025-12-19T16:00:00Z,210.404999,210.647995,210.341003,210.593994
2025-12-19T17:00:00Z,210.591003,210.798004,210.556000,210.598007
2025-12-19T18:00:00Z,210.598007,210.869003,210.582993,210.852997
2025-12-19T19:00:00Z,210.852997,210.979004,210.791000,210.940994
2025-12-19T20:00:00Z,210.936005,210.966003,210.852005,210.888000
2025-12-19T21:00:00Z,210.889999,211.057007,210.862000,210.970993
2025-12-19T22:00:00Z,210.975006,211.065002,210.975006,211.065002
2025-12-22T00:00:00Z,210.865997,211.022003,210.759995,210.953003
2025-12-22T01:00:00Z,210.942993,211.022995,210.626999,210.707001
2025-12-22T02:00:00Z,210.695007,210.845001,210.617004,210.819000
2025-12-22T03:00:00Z,210.819000,210.921997,210.671005,210.707993
2025-12-22T04:00:00Z,210.707001,210.807999,210.699005,210.779007
2025-12-22T05:00:00Z,210.774002,210.886002,210.738007,210.813004
2025-12-22T06:00:00Z,210.817001,210.863007,210.675003,210.746002
2025-12-22T07:00:00Z,210.720993,211.369003,210.714005,211.248001
2025-12-22T08:00:00Z,211.244995,211.425003,211.100006,211.423996
2025-12-22T09:00:00Z,211.421997,211.455002,211.181000,211.373001
2025-12-22T10:00:00Z,211.367004,211.531006,211.337997,211.460007
2025-12-22T11:00:00Z,211.460007,211.557007,211.375000,211.539993
2025-12-22T12:00:00Z,211.531998,211.591995,211.348007,211.432007
2025-12-22T13:00:00Z,211.440002,211.440994,210.824005,211.216003
2025-12-22T14:00:00Z,211.216003,211.253006,211.041000,211.179993
2025-12-22T15:00:00Z,211.190994,211.300995,211.106003,211.186005
2025-12-22T16:00:00Z,211.186005,211.289993,211.018997,211.162994
2025-12-22T17:00:00Z,211.160995,211.328003,211.128998,211.276001
2025-12-22T18:00:00Z,211.278000,211.341003,211.199005,211.272995
2025-12-22T19:00:00Z,211.272003,211.339996,211.132004,211.158005
2025-12-22T20:00:00Z,211.156998,211.291000,211.156998,211.264008
2025-12-22T21:00:00Z,211.263000,211.421005,211.248001,211.363007
2025-12-22T22:00:00Z,211.389008,211.466995,211.042007,211.304001
2025-12-22T23:00:00Z,211.281006,211.434998,211.130997,211.233994
2025-12-23T00:00:00Z,211.268005,211.332993,210.912003,210.925003
2025-12-23T01:00:00Z,210.921997,211.007996,210.779007,210.798996
2025-12-23T02:00:00Z,210.798996,210.921997,210.658005,210.735001
2025-12-23T03:00:00Z,210.738998,210.815994,210.617996,210.623001
2025-12-23T04:00:00Z,210.617996,210.630005,210.324997,210.397995
2025-12-23T05:00:00Z,210.343002,210.542999,210.283005,210.380005
2025-12-23T06:00:00Z,210.378998,210.572998,210.328003,210.399002
2025-12-23T07:00:00Z,210.389999,210.720001,210.363998,210.664001
2025-12-23T08:00:00Z,210.664001,210.830994,210.584000,210.630005
2025-12-23T09:00:00Z,210.636993,210.699005,210.292999,210.582001
2025-12-23T10:00:00Z,210.580002,210.735001,210.429001,210.679001
2025-12-23T11:00:00Z,210.671997,210.755005,210.511993,210.561005
2025-12-23T12:00:00Z,210.557999,210.699005,210.488998,210.600998
2025-12-23T13:00:00Z,210.600998,211.061005,210.557007,210.916000
2025-12-23T14:00:00Z,210.914993,211.201004,210.798004,210.835007
2025-12-23T15:00:00Z,210.841003,210.925003,210.567993,210.817001
2025-12-23T16:00:00Z,210.811996,210.852997,210.701004,210.755005
2025-12-23T17:00:00Z,210.759995,210.804993,210.503006,210.518997
2025-12-23T18:00:00Z,210.518997,210.759003,210.518005,210.690994
2025-12-23T19:00:00Z,210.686005,210.837997,210.664001,210.755997
2025-12-23T20:00:00Z,210.748993,210.994995,210.725998,210.931000
2025-12-23T21:00:00Z,210.932007,211.272995,210.921997,211.080002
2025-12-23T22:00:00Z,211.169006,211.201004,210.712006,210.975006
2025-12-23T23:00:00Z,210.972000,211.162003,210.854996,210.944000
2025-12-24T00:00:00Z,210.947998,211.091995,210.714005,210.725998
2025-12-24T01:00:00Z,210.729004,211.000000,210.464005,210.505005
2025-12-24T02:00:00Z,210.501999,210.669998,210.427002,210.587006
2025-12-24T03:00:00Z,210.589996,210.826004,210.567001,210.740997
2025-12-24T04:00:00Z,210.740005,210.863998,210.488998,210.509003
2025-12-24T05:00:00Z,210.507996,210.679001,210.393005,210.542999
2025-12-24T06:00:00Z,210.537003,210.634995,210.393005,210.481003
2025-12-24T07:00:00Z,210.479004,210.632996,210.412003,210.451004
2025-12-24T08:00:00Z,210.451004,210.660995,210.382996,210.524994
2025-12-24T09:00:00Z,210.526001,210.761002,210.431000,210.632004
2025-12-24T10:00:00Z,210.630005,210.811005,210.574005,210.686005
2025-12-24T11:00:00Z,210.686996,210.753998,210.578995,210.638000
2025-12-24T12:00:00Z,210.636002,210.720001,210.522995,210.630005
2025-12-24T13:00:00Z,210.626999,210.757004,210.550003,210.595993
2025-12-24T14:00:00Z,210.604004,210.778000,210.037003,210.119995
2025-12-24T15:00:00Z,210.119995,210.550003,210.039001,210.369995
2025-12-24T16:00:00Z,210.371002,210.541000,210.274994,210.311996
2025-12-24T17:00:00Z,210.317001,210.634995,210.307007,210.436005
2025-12-24T18:00:00Z,210.427002,210.572006,210.378006,210.468002
2025-12-24T19:00:00Z,210.477005,210.580994,210.210007,210.289993
2025-12-24T20:00:00Z,210.285995,210.556000,210.263000,210.431000
2025-12-24T21:00:00Z,210.395996,210.662003,210.227997,210.421997
2025-12-24T22:00:00Z,210.634995,210.634995,210.479996,210.507996
2025-12-24T23:00:00Z,210.459000,210.612000,210.399994,210.442993
2025-12-25T00:00:00Z,210.444000,210.738998,210.417007,210.598007
2025-12-25T01:00:00Z,210.393997,210.632996,210.348007,210.574997
2025-12-25T02:00:00Z,210.451004,210.692993,210.311996,210.673004
2025-12-25T03:00:00Z,210.572006,210.709000,210.375000,210.496994
2025-12-25T04:00:00Z,210.320999,210.565002,210.320999,210.492996
2025-12-25T05:00:00Z,210.514999,210.569000,210.365005,210.569000
2025-12-25T06:00:00Z,210.580002,210.906998,210.494003,210.826004
2025-12-25T07:00:00Z,210.740997,211.001999,210.735992,211.001999
2025-12-25T08:00:00Z,210.942993,210.960999,210.904999,210.923996
2025-12-25T11:00:00Z,211.065994,211.065994,211.065994,211.065994
2025-12-25T18:00:00Z,210.798996,210.798996,210.667007,210.669998
2025-12-25T19:00:00Z,210.576004,210.610992,210.576004,210.610992
2025-12-25T20:00:00Z,210.604996,210.781006,210.584000,210.718994
2025-12-25T21:00:00Z,210.604996,210.610001,210.591995,210.610001
2025-12-25T22:00:00Z,210.884003,210.988998,210.565994,210.746002
2025-12-25T23:00:00Z,210.675003,210.897003,210.300995,210.848999
2025-12-26T00:00:00Z,210.850998,211.412994,210.850998,211.289993
2025-12-26T01:00:00Z,211.289993,211.356003,211.128006,211.166000
2025-12-26T02:00:00Z,211.175003,211.248001,211.065994,211.151001
2025-12-26T03:00:00Z,211.154999,211.173004,210.735992,210.748001
2025-12-26T04:00:00Z,210.748001,210.916000,210.673996,210.817001
2025-12-26T05:00:00Z,210.807007,210.839996,210.679001,210.783005
2025-12-26T06:00:00Z,210.776001,210.903000,210.613007,210.800003
2025-12-26T07:00:00Z,210.807007,210.906998,210.634003,210.830002
2025-12-26T08:00:00Z,210.824005,211.016006,210.746994,210.964996
2025-12-26T09:00:00Z,210.957001,211.074005,210.916000,210.983002
2025-12-26T10:00:00Z,210.983994,211.054993,210.914001,210.957001
2025-12-26T11:00:00Z,210.947006,211.054993,210.936996,211.050995
2025-12-26T12:00:00Z,211.044998,211.126007,211.033005,211.100998
2025-12-26T13:00:00Z,211.098007,211.384995,211.022003,211.291000
2025-12-26T14:00:00Z,211.294998,211.505997,211.218002,211.447998
2025-12-26T15:00:00Z,211.445999,211.496002,211.251007,211.272995
2025-12-26T16:00:00Z,211.276001,211.279007,211.139999,211.257004
2025-12-26T17:00:00Z,211.248993,211.343994,211.156006,211.285995
2025-12-26T18:00:00Z,211.285004,211.324005,211.156998,211.255005
2025-12-26T19:00:00Z,211.261993,211.307999,211.218002,211.276001
2025-12-26T20:00:00Z,211.276001,211.371002,211.229996,211.306000
2025-12-26T21:00:00Z,211.304001,211.421997,211.181000,211.218994
2025-12-26T22:00:00Z,211.367004,211.367004,211.367004,211.367004
2025-12-29T00:00:00Z,211.195007,211.207993,210.688995,211.084000
2025-12-29T01:00:00Z,211.085007,211.201996,210.990005,211.154007
2025-12-29T02:00:00Z,211.162003,211.352997,211.141006,211.279999
2025-12-29T03:00:00Z,211.279999,211.292007,211.149994,211.214996
2025-12-29T04:00:00Z,211.209000,211.264008,210.949005,210.998993
2025-12-29T05:00:00Z,210.998993,211.014999,210.802002,210.869003
2025-12-29T06:00:00Z,210.869003,210.893997,210.731995,210.792007
2025-12-29T07:00:00Z,210.792007,210.809998,210.457001,210.473007
2025-12-29T08:00:00Z,210.470993,210.878998,210.427994,210.751007
2025-12-29T09:00:00Z,210.742996,210.927994,210.671997,210.889008
2025-12-29T10:00:00Z,210.886993,211.102005,210.850006,210.998001
2025-12-29T11:00:00Z,211.005997,211.184006,210.899002,210.966995
2025-12-29T12:00:00Z,210.966003,210.988007,210.598999,210.766998
2025-12-29T13:00:00Z,210.766998,210.850006,210.679993,210.807999
2025-12-29T14:00:00Z,210.809006,210.863007,210.572998,210.798996
2025-12-29T15:00:00Z,210.802994,210.882004,210.468002,210.518997
2025-12-29T16:00:00Z,210.518997,210.677994,210.447006,210.636002
2025-12-29T17:00:00Z,210.641006,210.673996,210.546997,210.621002
2025-12-29T18:00:00Z,210.612000,210.792999,210.608002,210.751999
2025-12-29T19:00:00Z,210.746002,210.848007,210.712006,210.744995
2025-12-29T20:00:00Z,210.750000,210.774994,210.695999,210.753998
2025-12-29T21:00:00Z,210.753998,210.906006,210.740005,210.783997
2025-12-29T22:00:00Z,210.712997,210.839005,210.582993,210.654999
2025-12-29T23:00:00Z,210.671997,210.891006,210.593002,210.755005
2025-12-30T00:00:00Z,210.716003,211.063995,210.625000,210.977997
2025-12-30T01:00:00Z,210.977997,211.061996,210.921005,211.026993
2025-12-30T02:00:00Z,211.024002,211.095993,210.951004,211.044006
2025-12-30T03:00:00Z,211.044006,211.091003,210.992996,211.035004
2025-12-30T04:00:00Z,211.033005,211.082993,210.815002,210.862000
2025-12-30T05:00:00Z,210.863007,210.994995,210.783005,210.880005
2025-12-30T06:00:00Z,210.880005,210.962997,210.811005,210.895004
2025-12-30T07:00:00Z,210.884995,210.889008,210.563004,210.656998
2025-12-30T08:00:00Z,210.664001,210.776001,210.531998,210.710999
2025-12-30T09:00:00Z,210.705002,210.789993,210.617004,210.710007
2025-12-30T10:00:00Z,210.710999,210.761002,210.632996,210.727005
2025-12-30T11:00:00Z,210.722000,210.761002,210.492996,210.514008
2025-12-30T12:00:00Z,210.518997,210.686996,210.419006,210.475998
2025-12-30T13:00:00Z,210.475006,210.776993,210.457001,210.662994
2025-12-30T14:00:00Z,210.662003,210.720993,210.490997,210.595001
2025-12-30T15:00:00Z,210.589005,210.770996,210.447998,210.623993
2025-12-30T16:00:00Z,210.623993,210.686005,210.451004,210.576996
2025-12-30T17:00:00Z,210.582993,210.725006,210.542999,210.572006
2025-12-30T18:00:00Z,210.569000,210.695007,210.539993,210.600006
2025-12-30T19:00:00Z,210.621002,210.751007,210.574997,210.725998
2025-12-30T20:00:00Z,210.727005,210.735992,210.613998,210.651993
2025-12-30T21:00:00Z,210.649994,210.688995,210.574005,210.636002
2025-12-30T22:00:00Z,210.574997,210.617996,210.419998,210.516998
2025-12-30T23:00:00Z,210.526001,210.675995,210.445999,210.628998
2025-12-31T00:00:00Z,210.602005,210.643997,210.485001,210.546005
2025-12-31T01:00:00Z,210.554993,210.610992,210.507004,210.565994
2025-12-31T02:00:00Z,210.561005,210.688995,210.561005,210.647995
2025-12-31T03:00:00Z,210.649002,210.705002,210.606003,210.690002
2025-12-31T04:00:00Z,210.690002,210.789993,210.682007,210.761993
2025-12-31T05:00:00Z,210.764008,210.830002,210.725006,210.774994
2025-12-31T06:00:00Z,210.774994,210.800995,210.705002,210.759995
2025-12-31T07:00:00Z,210.755997,210.783997,210.675003,210.677002
2025-12-31T08:00:00Z,210.675995,210.824997,210.251007,210.289993
2025-12-31T09:00:00Z,210.298004,210.563004,210.253006,210.462997
2025-12-31T10:00:00Z,210.464996,210.539993,210.373993,210.511993
2025-12-31T11:00:00Z,210.511993,210.798996,210.511002,210.718002
2025-12-31T12:00:00Z,210.714005,210.931000,210.572998,210.886002
2025-12-31T13:00:00Z,210.886002,211.095001,210.850998,210.972000
2025-12-31T14:00:00Z,210.973999,211.089005,210.779999,210.804001
2025-12-31T15:00:00Z,210.804001,210.904007,210.339996,210.822006
2025-12-31T16:00:00Z,210.826004,211.028000,210.697998,210.845001
2025-12-31T17:00:00Z,210.835999,210.964996,210.703003,210.960007
2025-12-31T18:00:00Z,210.957001,211.087997,210.947998,211.063004
2025-12-31T19:00:00Z,211.065002,211.087006,210.815994,210.973999
2025-12-31T20:00:00Z,210.973999,211.171997,210.960007,211.134003
2025-12-31T21:00:00Z,211.136002,211.218002,211.007996,211.059006
2025-12-31T22:00:00Z,211.261993,211.261993,211.085999,211.231003
2026-01-01T01:00:00Z,211.009003,211.009003,211.009003,211.009003
2026-01-01T04:00:00Z,211.009003,211.009003,211.009003,211.009003
2026-01-01T10:00:00Z,211.009003,211.009003,211.009003,211.009003
2026-01-01T22:00:00Z,210.929001,211.203003,210.796997,211.022995
2026-01-01T23:00:00Z,211.014999,211.356995,210.970001,211.184006
2026-01-02T00:00:00Z,211.151001,211.225998,211.029007,211.063995
2026-01-02T01:00:00Z,211.063004,211.274002,211.009003,211.263000
2026-01-02T02:00:00Z,211.261993,211.341003,211.188995,211.326996
2026-01-02T03:00:00Z,211.326004,211.376007,211.289993,211.356003
2026-01-02T04:00:00Z,211.345001,211.434998,211.339996,211.369003
2026-01-02T05:00:00Z,211.365005,211.434998,211.307999,211.371002
2026-01-02T06:00:00Z,211.375000,211.442001,211.257004,211.376007
2026-01-02T07:00:00Z,211.380005,211.417007,211.063004,211.192993
2026-01-02T08:00:00Z,211.194000,211.395996,211.028000,211.044998
2026-01-02T09:00:00Z,211.056000,211.158005,210.968002,211.119995
2026-01-02T10:00:00Z,211.123001,211.164001,210.869995,210.942993
2026-01-02T11:00:00Z,210.951004,210.975006,210.742004,210.901993
2026-01-02T12:00:00Z,210.901001,211.061996,210.873001,211.011002
2026-01-02T13:00:00Z,211.007004,211.203995,210.910995,211.149002
2026-01-02T14:00:00Z,211.151993,211.223007,211.020004,211.188995
2026-01-02T15:00:00Z,211.188004,211.440002,211.026001,211.347000
2026-01-02T16:00:00Z,211.339996,211.406998,211.203003,211.220993
2026-01-02T17:00:00Z,211.220993,211.259995,211.028000,211.052002
2026-01-02T18:00:00Z,211.052994,211.145996,210.992004,211.039001
2026-01-02T19:00:00Z,211.037003,211.121994,210.998993,211.041000
2026-01-02T20:00:00Z,211.039001,211.110992,211.013000,211.095993
2026-01-02T21:00:00Z,211.098007,211.179993,210.966003,211.018997
2026-01-02T22:00:00Z,211.018997,211.147003,211.018997,211.147003
2026-01-05T00:00:00Z,210.960007,211.335007,210.904007,211.248993
2026-01-05T01:00:00Z,211.248993,211.279999,210.996994,211.026993
2026-01-05T02:00:00Z,211.026993,211.115997,210.908005,211.067001
2026-01-05T03:00:00Z,211.061996,211.171997,210.852005,210.934006
2026-01-05T04:00:00Z,210.932999,211.169006,210.931000,211.151993
2026-01-05T05:00:00Z,211.151993,211.164001,210.992996,211.057007
2026-01-05T06:00:00Z,211.057999,211.128006,210.912994,210.979996
2026-01-05T07:00:00Z,210.981995,210.981995,210.707993,210.718994
2026-01-05T08:00:00Z,210.718002,210.766006,210.514008,210.550003
2026-01-05T09:00:00Z,210.554993,210.964005,210.500000,210.947998
2026-01-05T10:00:00Z,210.945007,210.990997,210.764008,210.830002
2026-01-05T11:00:00Z,210.830994,210.942993,210.705002,210.798004
2026-01-05T12:00:00Z,210.796005,210.925003,210.709000,210.770996
2026-01-05T13:00:00Z,210.770996,211.014008,210.701004,210.977005
2026-01-05T14:00:00Z,210.966003,211.223999,210.876999,211.151993
2026-01-05T15:00:00Z,211.179993,211.509995,211.057007,211.416000
2026-01-05T16:00:00Z,211.416000,211.498993,211.317993,211.427002
2026-01-05T17:00:00Z,211.427994,211.589005,211.401001,211.548996
2026-01-05T18:00:00Z,211.548004,211.589996,211.425003,211.457993
2026-01-05T19:00:00Z,211.462997,211.598999,211.335007,211.580002
2026-01-05T20:00:00Z,211.591995,211.740997,211.531006,211.720993
2026-01-05T21:00:00Z,211.725998,211.841995,211.675995,211.697998
2026-01-05T22:00:00Z,211.679001,211.932999,211.557007,211.914993
2026-01-05T23:00:00Z,211.914993,211.994003,211.835999,211.966003
2026-01-06T00:00:00Z,211.923996,212.151001,211.837997,211.873001
2026-01-06T01:00:00Z,211.873001,212.085007,211.858994,211.923004
2026-01-06T02:00:00Z,211.927002,211.962006,211.807007,211.891006
2026-01-06T03:00:00Z,211.889008,212.041000,211.852997,211.994995
2026-01-06T04:00:00Z,212.003006,212.048996,211.858994,211.985992
2026-01-06T05:00:00Z,211.977997,211.996002,211.845993,211.953995
2026-01-06T06:00:00Z,211.944000,212.080994,211.927994,211.953003
2026-01-06T07:00:00Z,211.959000,212.013000,211.774002,211.837997
2026-01-06T08:00:00Z,211.835999,211.977997,211.770004,211.867004
2026-01-06T09:00:00Z,211.863998,211.893997,211.662003,211.664001
2026-01-06T10:00:00Z,211.667999,211.774994,211.524994,211.712006
2026-01-06T11:00:00Z,211.705994,211.759995,211.477997,211.522995
2026-01-06T12:00:00Z,211.524002,211.539001,211.367004,211.449997
2026-01-06T13:00:00Z,211.444000,211.500000,211.302002,211.462006
2026-01-06T14:00:00Z,211.462006,211.634995,211.410004,211.539001
2026-01-06T15:00:00Z,211.544006,211.621002,211.373001,211.490005
2026-01-06T16:00:00Z,211.492004,211.546997,211.434006,211.509003
2026-01-06T17:00:00Z,211.457993,211.712997,211.453995,211.684998
2026-01-06T18:00:00Z,211.686996,211.729004,211.559006,211.561005
2026-01-06T19:00:00Z,211.561005,211.567993,211.419006,211.449997
2026-01-06T20:00:00Z,211.449997,211.481995,211.395004,211.412994
2026-01-06T21:00:00Z,211.460999,211.546005,211.425995,211.425995
2026-01-06T22:00:00Z,211.425995,211.531006,211.276001,211.393005
2026-01-06T23:00:00Z,211.393005,211.567993,211.350006,211.505005
2026-01-07T00:00:00Z,211.483002,211.675995,211.384995,211.490997
2026-01-07T01:00:00Z,211.490997,211.722000,211.404007,211.660004
2026-01-07T02:00:00Z,211.651001,211.753998,211.613998,211.619995
2026-01-07T03:00:00Z,211.619003,211.656998,211.518005,211.574997
2026-01-07T04:00:00Z,211.576004,211.584000,211.371002,211.406006
2026-01-07T05:00:00Z,211.397995,211.408005,211.192001,211.246002
2026-01-07T06:00:00Z,211.244003,211.356995,211.119003,211.268005
2026-01-07T07:00:00Z,211.263000,211.311005,211.050003,211.132004
2026-01-07T08:00:00Z,211.132004,211.315002,211.016006,211.246002
2026-01-07T09:00:00Z,211.240997,211.306000,211.059998,211.130997
2026-01-07T10:00:00Z,211.134995,211.307007,211.117996,211.274002
2026-01-07T11:00:00Z,211.274994,211.419998,211.257004,211.294998
2026-01-07T12:00:00Z,211.292999,211.298996,211.110001,211.158005
2026-01-07T13:00:00Z,211.153000,211.169006,210.968994,211.070999
2026-01-07T14:00:00Z,211.076004,211.248993,210.973999,211.162994
2026-01-07T15:00:00Z,211.164993,211.345993,211.070007,211.210007
2026-01-07T16:00:00Z,211.212006,211.285004,211.067993,211.132004
2026-01-07T17:00:00Z,211.132996,211.143005,210.927994,211.011993
2026-01-07T18:00:00Z,211.009003,211.084000,210.953003,211.052002
2026-01-07T19:00:00Z,211.050995,211.076996,210.957993,211.037003
2026-01-07T20:00:00Z,211.037003,211.095993,211.020996,211.061996
2026-01-07T21:00:00Z,211.052994,211.082993,210.910004,210.925003
2026-01-07T22:00:00Z,210.925995,211.022995,210.755005,210.835999
2026-01-07T23:00:00Z,210.835999,210.947998,210.766006,210.901993
2026-01-08T00:00:00Z,210.884003,211.022003,210.854996,211.000000
2026-01-08T01:00:00Z,211.007996,211.158997,210.923004,211.134003
2026-01-08T02:00:00Z,211.126999,211.143005,211.031998,211.037994
2026-01-08T03:00:00Z,211.039001,211.050003,210.858002,210.985001
2026-01-08T04:00:00Z,210.985001,211.001007,210.854004,210.904007
2026-01-08T05:00:00Z,210.899002,210.916000,210.772003,210.839005
2026-01-08T06:00:00Z,210.841003,210.847000,210.565002,210.742996
2026-01-08T07:00:00Z,210.742996,210.811996,210.371994,210.373001
2026-01-08T08:00:00Z,210.373001,210.623993,210.298996,210.580002
2026-01-08T09:00:00Z,210.585007,210.651993,210.524002,210.626999
2026-01-08T10:00:00Z,210.628006,210.740005,210.602005,210.692001
2026-01-08T11:00:00Z,210.684998,210.824997,210.669998,210.755005
2026-01-08T12:00:00Z,210.746002,210.811005,210.580994,210.606995
2026-01-08T13:00:00Z,210.602005,210.703995,210.505997,210.684998
2026-01-08T14:00:00Z,210.690994,210.949997,210.641006,210.889999
2026-01-08T15:00:00Z,210.899002,211.048004,210.785004,210.837006
2026-01-08T16:00:00Z,210.835999,210.886993,210.709000,210.710999
2026-01-08T17:00:00Z,210.712006,210.723007,210.557007,210.679001
2026-01-08T18:00:00Z,210.682999,210.709000,210.561005,210.584000
2026-01-08T19:00:00Z,210.587997,210.830002,210.541000,210.813004
2026-01-08T20:00:00Z,210.809998,210.932007,210.791000,210.882004
2026-01-08T21:00:00Z,210.878998,210.951996,210.761002,210.763000
2026-01-08T22:00:00Z,210.705994,210.850006,210.472000,210.695999
2026-01-08T23:00:00Z,210.695007,210.854996,210.610001,210.776993
2026-01-09T00:00:00Z,210.753998,210.966995,210.753006,210.884003
2026-01-09T01:00:00Z,210.889999,211.041000,210.869003,211.026001
2026-01-09T02:00:00Z,211.026001,211.190994,211.009003,211.125000
2026-01-09T03:00:00Z,211.126007,211.276993,211.106003,211.263000
2026-01-09T04:00:00Z,211.263000,211.306000,211.199005,211.214005
2026-01-09T05:00:00Z,211.210999,211.380005,211.210999,211.345993
2026-01-09T06:00:00Z,211.345993,211.404999,211.279999,211.348007
2026-01-09T07:00:00Z,211.343002,211.509995,211.240997,211.473999
2026-01-09T08:00:00Z,211.473999,211.604004,211.365005,211.483002
2026-01-09T09:00:00Z,211.473999,211.539993,211.393005,211.483002
2026-01-09T10:00:00Z,211.483994,211.535004,211.309006,211.386002
2026-01-09T11:00:00Z,211.380997,211.421997,211.287003,211.350998
2026-01-09T12:00:00Z,211.352997,211.557999,211.300995,211.554993
2026-01-09T13:00:00Z,211.548996,211.738998,211.270996,211.584000
2026-01-09T14:00:00Z,211.585007,212.003006,211.485001,211.785004
2026-01-09T15:00:00Z,211.815002,212.031006,211.712006,211.824005
2026-01-09T16:00:00Z,211.820007,212.065002,211.796997,211.988007
2026-01-09T17:00:00Z,211.981003,211.990005,211.725998,211.828995
2026-01-09T18:00:00Z,211.834000,211.852997,211.653000,211.692993
2026-01-09T19:00:00Z,211.688004,211.707001,211.623993,211.662003
2026-01-09T20:00:00Z,211.662003,211.729004,211.625000,211.664993
2026-01-09T21:00:00Z,211.664001,211.720993,211.537003,211.567001
2026-01-09T22:00:00Z,211.630005,211.630005,211.630005,211.630005
2026-01-12T00:00:00Z,211.794006,211.899002,211.660995,211.697006
2026-01-12T01:00:00Z,211.681000,211.858002,211.636993,211.807007
2026-01-12T02:00:00Z,211.806000,212.167007,211.783997,212.141006
2026-01-12T03:00:00Z,212.138000,212.242996,212.070007,212.201004
2026-01-12T04:00:00Z,212.201996,212.296997,212.164001,212.223007
2026-01-12T05:00:00Z,212.225998,212.371994,212.175003,212.250000
2026-01-12T06:00:00Z,212.248993,212.380005,212.199997,212.341003
2026-01-12T07:00:00Z,212.337997,212.389999,212.084000,212.203003
2026-01-12T08:00:00Z,212.203003,212.326004,212.119995,212.322998
2026-01-12T09:00:00Z,212.315002,212.477005,212.266006,212.421005
2026-01-12T10:00:00Z,212.417007,212.639008,212.378006,212.634995
2026-01-12T11:00:00Z,212.632004,212.677002,212.425003,212.516006
2026-01-12T12:00:00Z,212.516998,212.677002,212.496994,212.554001
2026-01-12T13:00:00Z,212.554001,212.794998,212.526993,212.787003
2026-01-12T14:00:00Z,212.792007,212.839005,212.654007,212.791000
2026-01-12T15:00:00Z,212.794006,212.889999,212.677002,212.867004
2026-01-12T16:00:00Z,212.865005,213.009995,212.811996,212.934006
2026-01-12T17:00:00Z,212.936005,212.996002,212.740005,212.845993
2026-01-12T18:00:00Z,212.843002,212.850006,212.725998,212.826004
2026-01-12T19:00:00Z,212.826004,212.960007,212.798004,212.942001
2026-01-12T20:00:00Z,212.942001,212.998993,212.921005,212.966995
2026-01-12T21:00:00Z,212.964996,213.007004,212.856995,212.925995
2026-01-12T22:00:00Z,212.807007,212.944000,212.681000,212.770996
2026-01-12T23:00:00Z,212.770996,212.972000,212.643005,212.692001
2026-01-13T00:00:00Z,212.716003,213.179993,212.710999,213.134003
2026-01-13T01:00:00Z,213.134003,213.492004,213.126999,213.477005
2026-01-13T02:00:00Z,213.472000,213.809998,213.339005,213.768997
2026-01-13T03:00:00Z,213.768997,213.936996,213.744003,213.914993
2026-01-13T04:00:00Z,213.914993,214.052002,213.731003,213.850006
2026-01-13T05:00:00Z,213.845001,213.981995,213.828003,213.916000
2026-01-13T06:00:00Z,213.908005,214.074005,213.848999,213.891006
2026-01-13T07:00:00Z,213.886993,214.063995,213.841003,214.048996
2026-01-13T08:00:00Z,214.044006,214.291000,213.955994,214.175995
2026-01-13T09:00:00Z,214.175995,214.289001,214.115005,214.197998
2026-01-13T10:00:00Z,214.188004,214.268005,213.923004,213.927994
2026-01-13T11:00:00Z,213.925995,214.108994,213.895996,214.011002
2026-01-13T12:00:00Z,214.011002,214.048996,213.854004,213.878998
2026-01-13T13:00:00Z,213.876999,214.106003,213.723999,214.091995
2026-01-13T14:00:00Z,214.091003,214.141006,213.804993,213.865005
2026-01-13T15:00:00Z,213.867996,213.970993,213.522995,213.623001
2026-01-13T16:00:00Z,213.621994,213.830002,213.576996,213.686996
2026-01-13T17:00:00Z,213.692993,213.766998,213.492004,213.619003
2026-01-13T18:00:00Z,213.617996,213.761993,213.487000,213.740005
2026-01-13T19:00:00Z,213.740005,213.802002,213.651993,213.766998
2026-01-13T20:00:00Z,213.764999,213.785995,213.679001,213.690994
2026-01-13T21:00:00Z,213.695999,213.716003,213.492996,213.498001
2026-01-13T22:00:00Z,213.507996,213.671997,213.460999,213.522995
2026-01-13T23:00:00Z,213.509003,213.753998,213.507004,213.709000
2026-01-14T00:00:00Z,213.729996,213.791000,213.567001,213.744003
2026-01-14T01:00:00Z,213.744003,214.009003,213.740997,213.871994
2026-01-14T02:00:00Z,213.863998,213.994995,213.832001,213.904007
2026-01-14T03:00:00Z,213.895004,214.005997,213.817993,213.985001
2026-01-14T04:00:00Z,213.979996,214.041000,213.945999,213.960007
2026-01-14T05:00:00Z,213.959000,214.110001,213.929993,214.070007
2026-01-14T06:00:00Z,214.065002,214.095001,213.895996,213.992996
2026-01-14T07:00:00Z,213.994003,214.067001,213.847000,213.914993
2026-01-14T08:00:00Z,213.914001,213.945999,213.548996,213.750000
2026-01-14T09:00:00Z,213.748001,213.766998,213.434998,213.638000
2026-01-14T10:00:00Z,213.636993,213.654007,213.317993,213.483002
2026-01-14T11:00:00Z,213.453003,213.591003,213.279007,213.447006
2026-01-14T12:00:00Z,213.447006,213.460007,212.811005,213.294998
2026-01-14T13:00:00Z,213.287003,213.378006,213.145004,213.227997
2026-01-14T14:00:00Z,213.222000,213.326996,212.856995,212.871994
2026-01-14T15:00:00Z,212.882004,213.130997,212.718002,212.770996
2026-01-14T16:00:00Z,212.764999,212.865005,212.557999,212.587006
2026-01-14T17:00:00Z,212.589996,212.697998,212.546005,212.621994
2026-01-14T18:00:00Z,212.621994,212.763000,212.585007,212.759003
2026-01-14T19:00:00Z,212.761993,212.891006,212.694000,212.876999
2026-01-14T20:00:00Z,212.878006,213.063004,212.835999,213.028000
2026-01-14T21:00:00Z,213.022995,213.091995,212.901993,212.927994
2026-01-14T22:00:00Z,212.783005,213.016998,212.604004,212.634003
2026-01-14T23:00:00Z,212.647995,212.942001,212.593994,212.917999
2026-01-15T00:00:00Z,212.914993,213.035004,212.789993,212.850006
2026-01-15T01:00:00Z,212.850006,212.873001,212.567993,212.748001
2026-01-15T02:00:00Z,212.742996,212.960007,212.664001,212.936005
2026-01-15T03:00:00Z,212.932007,213.022003,212.819000,212.835007
2026-01-15T04:00:00Z,212.835007,212.970001,212.781998,212.886002
2026-01-15T05:00:00Z,212.886002,212.917999,212.679993,212.718994
2026-01-15T06:00:00Z,212.718002,212.988007,212.707001,212.960007
2026-01-15T07:00:00Z,212.964996,213.192001,212.828995,213.042999
2026-01-15T08:00:00Z,213.037994,213.309006,212.942993,213.248993
2026-01-15T09:00:00Z,213.251999,213.289001,212.792007,212.824997
2026-01-15T10:00:00Z,212.828003,212.841995,212.591003,212.664001
2026-01-15T11:00:00Z,212.658005,212.785004,212.651993,212.766998
2026-01-15T12:00:00Z,212.757996,212.800003,212.529007,212.572006
2026-01-15T13:00:00Z,212.572006,212.595001,212.251007,212.395004
2026-01-15T14:00:00Z,212.395004,212.470001,212.201004,212.248993
2026-01-15T15:00:00Z,212.248001,212.306000,211.990997,212.216003
2026-01-15T16:00:00Z,212.212006,212.246002,212.113007,212.149002
2026-01-15T17:00:00Z,212.145004,212.250000,212.087997,212.201004
2026-01-15T18:00:00Z,212.197006,212.274994,212.190002,212.242004
2026-01-15T19:00:00Z,212.240997,212.253006,212.154999,212.207993
2026-01-15T20:00:00Z,212.194000,212.201004,212.108994,212.186005
2026-01-15T21:00:00Z,212.186005,212.302994,212.166000,212.175003
2026-01-15T22:00:00Z,212.173996,212.266998,212.072998,212.156998
2026-01-15T23:00:00Z,212.158005,212.296005,212.115997,212.199005
2026-01-16T00:00:00Z,212.194000,212.257004,212.110992,212.222000
2026-01-16T01:00:00Z,212.223007,212.250000,212.041000,212.194000
2026-01-16T02:00:00Z,212.186005,212.225006,211.464005,211.865005
2026-01-16T03:00:00Z,211.867004,211.886993,211.654999,211.712997
2026-01-16T04:00:00Z,211.712997,211.936005,211.699997,211.910995
2026-01-16T05:00:00Z,211.910995,211.957993,211.820999,211.953003
2026-01-16T06:00:00Z,211.947006,211.994995,211.830994,211.923004
2026-01-16T07:00:00Z,211.929001,211.955002,211.686996,211.792999
2026-01-16T08:00:00Z,211.789993,211.923996,211.641006,211.889008
2026-01-16T09:00:00Z,211.886002,211.977005,211.768005,211.929001
2026-01-16T10:00:00Z,211.929001,212.072006,211.882996,211.962006
2026-01-16T11:00:00Z,211.992996,212.014999,211.919006,211.959000
2026-01-16T12:00:00Z,211.959000,212.063995,211.843994,211.919006
2026-01-16T13:00:00Z,211.923996,211.940994,211.625000,211.800003
2026-01-16T14:00:00Z,211.798004,211.901001,211.509003,211.557999
2026-01-16T15:00:00Z,211.557999,211.662003,211.375000,211.451996
2026-01-16T16:00:00Z,211.447006,211.634003,211.389008,211.457993
2026-01-16T17:00:00Z,211.453995,211.634995,211.451996,211.569000
2026-01-16T18:00:00Z,211.563995,211.707001,211.542999,211.634995
2026-01-16T19:00:00Z,211.634003,211.712997,211.556000,211.587997
2026-01-16T20:00:00Z,211.587997,211.606003,211.492996,211.509995
2026-01-16T21:00:00Z,211.507004,211.582001,211.386993,211.412003
2026-01-16T22:00:00Z,211.498993,211.498993,211.498993,211.498993
2026-01-19T00:00:00Z,211.141006,211.326004,210.994003,211.024994
2026-01-19T01:00:00Z,211.016998,211.237000,210.886993,211.160004
2026-01-19T02:00:00Z,211.158005,211.391006,211.154999,211.317001
2026-01-19T03:00:00Z,211.317001,211.432007,211.270996,211.369995
2026-01-19T04:00:00Z,211.369003,211.455002,211.319000,211.408005
2026-01-19T05:00:00Z,211.401993,211.610001,211.335999,211.503998
2026-01-19T06:00:00Z,211.498001,211.584000,211.434998,211.442993
2026-01-19T07:00:00Z,211.449005,211.662003,211.417999,211.641006
2026-01-19T08:00:00Z,211.639008,211.904999,211.600998,211.889008
2026-01-19T09:00:00Z,211.889008,212.046997,211.578995,211.705002
2026-01-19T10:00:00Z,211.710999,211.824005,211.649994,211.716003
2026-01-19T11:00:00Z,211.712997,211.951004,211.669998,211.906006
2026-01-19T12:00:00Z,211.897995,211.908997,211.761002,211.839996
2026-01-19T13:00:00Z,211.832993,211.893005,211.779999,211.824997
2026-01-19T14:00:00Z,211.830002,211.942993,211.742996,211.901001
2026-01-19T15:00:00Z,211.906006,212.201004,211.880997,212.141006
2026-01-19T16:00:00Z,212.139008,212.389999,212.104004,212.257996
2026-01-19T17:00:00Z,212.253006,212.300003,212.199005,212.253006
2026-01-19T18:00:00Z,212.251007,212.292999,212.216995,212.229996
2026-01-19T19:00:00Z,212.229996,212.319000,212.229996,212.233994
2026-01-19T20:00:00Z,212.235001,212.337006,212.231995,212.326004
2026-01-19T21:00:00Z,212.322998,212.347000,212.104004,212.108002
2026-01-19T22:00:00Z,212.251007,212.317001,211.973999,212.181000
2026-01-19T23:00:00Z,212.184998,212.324005,212.147995,212.246002
2026-01-20T00:00:00Z,212.227005,212.347000,211.895996,211.917999
2026-01-20T01:00:00Z,211.921997,212.276001,211.839996,212.020004
2026-01-20T02:00:00Z,212.022995,212.205002,211.979004,212.132004
2026-01-20T03:00:00Z,212.138000,212.268005,212.033997,212.237000
2026-01-20T04:00:00Z,212.229004,212.438004,212.195999,212.395996
2026-01-20T05:00:00Z,212.393005,212.550003,212.388000,212.505005
2026-01-20T06:00:00Z,212.509003,212.889999,212.481003,212.802002
2026-01-20T07:00:00Z,212.813004,213.492004,212.742996,213.397003
2026-01-20T08:00:00Z,213.395004,213.440002,212.697998,212.701996
2026-01-20T09:00:00Z,212.699005,212.735001,212.373001,212.541000
2026-01-20T10:00:00Z,212.533997,212.914001,212.507004,212.723999
2026-01-20T11:00:00Z,212.723007,212.770996,212.320999,212.375000
2026-01-20T12:00:00Z,212.376007,212.391998,212.138000,212.251007
2026-01-20T13:00:00Z,212.255997,212.436996,212.175995,212.326004
2026-01-20T14:00:00Z,212.337006,212.688004,212.093994,212.686005
2026-01-20T15:00:00Z,212.686005,212.852997,212.507004,212.511002
2026-01-20T16:00:00Z,212.511002,212.710999,212.472000,212.671997
2026-01-20T17:00:00Z,212.671005,212.748001,212.518997,212.544998
2026-01-20T18:00:00Z,212.544998,212.641998,212.412994,212.466995
2026-01-20T19:00:00Z,212.466003,212.561996,212.429001,212.539001
2026-01-20T20:00:00Z,212.537994,212.584000,212.468002,212.524994
2026-01-20T21:00:00Z,212.524002,212.598999,212.494995,212.520004
2026-01-20T22:00:00Z,212.518997,212.703995,212.391006,212.524994
2026-01-20T23:00:00Z,212.572006,212.638000,212.417999,212.580994
2026-01-21T00:00:00Z,212.550995,212.649994,212.477997,212.539993
2026-01-21T01:00:00Z,212.539993,212.584000,212.389008,212.485001
2026-01-21T02:00:00Z,212.481995,212.628998,212.289001,212.298996
2026-01-21T03:00:00Z,212.289993,212.473999,212.283997,212.468002
2026-01-21T04:00:00Z,212.468002,212.481995,212.261002,212.363007
2026-01-21T05:00:00Z,212.360992,212.602005,212.345001,212.585999
2026-01-21T06:00:00Z,212.578995,212.625000,212.447006,212.505005
2026-01-21T07:00:00Z,212.466003,212.550995,212.214005,212.287994
2026-01-21T08:00:00Z,212.289993,212.326996,212.132004,212.151993
2026-01-21T09:00:00Z,212.151001,212.195999,211.867996,211.880997
2026-01-21T10:00:00Z,211.880005,212.024002,211.794006,211.858994
2026-01-21T11:00:00Z,211.860001,211.960007,211.735992,211.751999
2026-01-21T12:00:00Z,211.751007,211.878006,211.578003,211.824997
2026-01-21T13:00:00Z,211.832001,212.248001,211.729996,212.223999
2026-01-21T14:00:00Z,212.220001,212.755997,212.070007,212.671005
2026-01-21T15:00:00Z,212.677002,212.761002,212.363007,212.434998
2026-01-21T16:00:00Z,212.436005,212.626999,212.328995,212.382996
2026-01-21T17:00:00Z,212.376999,212.462006,212.210999,212.350006
2026-01-21T18:00:00Z,212.350006,212.412003,212.248001,212.350998
2026-01-21T19:00:00Z,212.347000,212.654999,212.281998,212.628998
2026-01-21T20:00:00Z,212.636993,212.656998,212.526993,212.604004
2026-01-21T21:00:00Z,212.610001,212.656006,212.496002,212.496002
2026-01-21T22:00:00Z,212.490005,212.671005,212.384995,212.550003
2026-01-21T23:00:00Z,212.554001,212.656998,212.481995,212.639008
2026-01-22T00:00:00Z,212.606995,212.658997,212.371002,212.503006
2026-01-22T01:00:00Z,212.503006,212.695007,212.472000,212.660004
2026-01-22T02:00:00Z,212.666000,212.781006,212.595993,212.744003
2026-01-22T03:00:00Z,212.737000,212.996994,212.720001,212.979004
2026-01-22T04:00:00Z,212.977997,213.209000,212.964005,213.076004
2026-01-22T05:00:00Z,213.076004,213.145996,212.987000,213.134995
2026-01-22T06:00:00Z,213.136002,213.264008,213.076004,213.162003
2026-01-22T07:00:00Z,213.167999,213.436996,213.156998,213.251007
2026-01-22T08:00:00Z,213.259995,213.326996,212.908997,213.037994
2026-01-22T09:00:00Z,213.031006,213.373001,213.009003,213.352005
2026-01-22T10:00:00Z,213.339005,213.429993,213.274994,213.315002
2026-01-22T11:00:00Z,213.315002,213.408997,212.662994,212.830002
2026-01-22T12:00:00Z,212.832001,213.240005,212.774994,213.218002
2026-01-22T13:00:00Z,213.218002,213.279999,212.822006,213.020996
2026-01-22T14:00:00Z,213.011002,213.343002,212.977997,213.253998
2026-01-22T15:00:00Z,213.270004,213.628998,213.214996,213.470001
2026-01-22T16:00:00Z,213.473007,213.664993,213.447006,213.608002
2026-01-22T17:00:00Z,213.604996,213.619995,213.412003,213.587997
2026-01-22T18:00:00Z,213.585999,213.764999,213.565994,213.697998
2026-01-22T19:00:00Z,213.690994,213.779007,213.621994,213.701004
2026-01-22T20:00:00Z,213.697998,213.850998,213.656998,213.839005
2026-01-22T21:00:00Z,213.839005,213.959000,213.731995,213.746994
2026-01-22T22:00:00Z,213.750000,213.908997,213.552994,213.796997
2026-01-22T23:00:00Z,213.830002,214.011002,213.792999,213.960007
2026-01-23T00:00:00Z,213.947006,214.026001,213.848999,213.936005
2026-01-23T01:00:00Z,213.936005,214.158005,213.929001,214.121994
2026-01-23T02:00:00Z,214.123001,214.160004,213.865997,213.988998
2026-01-23T03:00:00Z,213.979996,214.169006,213.865005,213.998993
2026-01-23T04:00:00Z,213.994003,214.072998,213.938995,213.990005
2026-01-23T05:00:00Z,213.992004,214.121002,213.904999,214.113998
2026-01-23T06:00:00Z,214.112000,214.347000,213.944000,214.220001
2026-01-23T07:00:00Z,214.218994,214.852005,212.457001,213.692001
2026-01-23T08:00:00Z,213.692993,213.733994,213.347000,213.496002
2026-01-23T09:00:00Z,213.490005,213.860001,213.201004,213.776993
2026-01-23T10:00:00Z,213.770004,214.108002,213.712997,213.977005
2026-01-23T11:00:00Z,213.985001,214.173996,213.727997,213.768997
2026-01-23T12:00:00Z,213.757996,214.106995,213.740997,213.953995
2026-01-23T13:00:00Z,213.953003,214.082993,213.910004,214.044998
2026-01-23T14:00:00Z,214.052002,214.257996,213.990997,214.192993
2026-01-23T15:00:00Z,214.220993,214.561996,214.184998,214.464005
2026-01-23T16:00:00Z,214.464996,214.621994,213.936996,214.098007
2026-01-23T17:00:00Z,214.100006,214.145004,212.647003,212.772995
2026-01-23T18:00:00Z,212.787994,212.929993,212.283005,212.466995
2026-01-23T19:00:00Z,212.460007,212.623993,212.082993,212.371994
2026-01-23T20:00:00Z,212.369995,212.518997,212.283005,212.473007
2026-01-23T21:00:00Z,212.473007,212.570007,212.287003,212.350998
2026-01-23T22:00:00Z,212.285995,212.285995,212.285995,212.285995
2026-01-26T00:00:00Z,211.990997,212.076004,211.225006,211.617996
2026-01-26T01:00:00Z,211.613007,211.647003,210.876007,210.953003
2026-01-26T02:00:00Z,210.953995,211.016998,210.481003,210.496002
2026-01-26T03:00:00Z,210.485992,210.835999,210.425995,210.639008
2026-01-26T04:00:00Z,210.639999,210.671005,210.195007,210.395996
2026-01-26T05:00:00Z,210.404999,210.623993,210.307999,210.612000
2026-01-26T06:00:00Z,210.602997,210.904007,210.503006,210.636002
2026-01-26T07:00:00Z,210.636993,210.772995,210.098007,210.490005
2026-01-26T08:00:00Z,210.488007,210.690002,209.628998,210.276001
2026-01-26T09:00:00Z,210.279007,210.582001,209.867996,210.089005
2026-01-26T10:00:00Z,210.089005,210.356003,209.850998,209.917999
2026-01-26T11:00:00Z,209.921997,210.240005,209.602005,210.089996
2026-01-26T12:00:00Z,210.098007,210.503998,210.089996,210.436005
2026-01-26T13:00:00Z,210.432999,210.578995,210.341995,210.460999
2026-01-26T14:00:00Z,210.462997,210.585007,210.380997,210.485001
2026-01-26T15:00:00Z,210.485992,210.837006,210.397003,210.837006
2026-01-26T16:00:00Z,210.834000,211.070007,210.712006,210.774002
2026-01-26T17:00:00Z,210.766998,211.014008,210.742996,210.751007
2026-01-26T18:00:00Z,210.755997,211.072998,210.710999,211.022995
2026-01-26T19:00:00Z,211.022995,211.074997,210.735001,210.755005
2026-01-26T20:00:00Z,210.755997,210.871994,210.548996,210.787003
2026-01-26T21:00:00Z,210.792007,210.998001,210.785995,210.888000
2026-01-26T22:00:00Z,210.811996,210.996994,210.697006,210.779007
2026-01-26T23:00:00Z,210.791000,211.162994,210.714996,211.104996
2026-01-27T00:00:00Z,211.108002,211.197998,210.764999,210.960999
2026-01-27T01:00:00Z,210.949997,211.143997,210.917999,211.138000
2026-01-27T02:00:00Z,211.134995,211.276001,211.061005,211.264008
2026-01-27T03:00:00Z,211.264008,211.408005,211.182007,211.283005
2026-01-27T04:00:00Z,211.276001,211.451004,211.257004,211.391998
2026-01-27T05:00:00Z,211.399994,211.447998,211.246994,211.328003
2026-01-27T06:00:00Z,211.324997,211.593002,211.319000,211.423996
2026-01-27T07:00:00Z,211.419006,211.755997,211.352997,211.580002
2026-01-27T08:00:00Z,211.574997,211.667999,211.457001,211.550003
2026-01-27T09:00:00Z,211.550003,211.578003,209.768005,210.610001
2026-01-27T10:00:00Z,210.595993,210.996994,210.380005,210.662003
2026-01-27T11:00:00Z,210.669006,210.822998,210.462997,210.768005
2026-01-27T12:00:00Z,210.766998,210.822998,210.473007,210.641006
2026-01-27T13:00:00Z,210.639008,210.751007,210.251999,210.481995
2026-01-27T14:00:00Z,210.492004,211.151001,210.358994,210.988007
2026-01-27T15:00:00Z,210.987000,211.063995,210.647995,210.723999
2026-01-27T16:00:00Z,210.727005,210.998001,210.587006,210.884003
2026-01-27T17:00:00Z,210.884995,210.942001,210.248001,210.619003
2026-01-27T18:00:00Z,210.615997,210.641006,210.389999,210.453003
2026-01-27T19:00:00Z,210.453003,210.598007,210.453003,210.481995
2026-01-27T20:00:00Z,210.481003,210.945007,210.054993,210.835007
2026-01-27T21:00:00Z,210.832993,210.953995,210.628998,210.761002
2026-01-27T22:00:00Z,210.707993,210.929001,210.447006,210.806000
2026-01-27T23:00:00Z,210.779007,210.985001,210.679993,210.759995
2026-01-28T00:00:00Z,210.850006,211.037994,210.597000,210.893997
2026-01-28T01:00:00Z,210.893005,211.218994,210.848999,211.126007
2026-01-28T02:00:00Z,211.119995,211.173996,210.940002,210.964005
2026-01-28T03:00:00Z,210.955994,210.992004,210.671005,210.746994
2026-01-28T04:00:00Z,210.748001,210.867996,210.514008,210.557007
2026-01-28T05:00:00Z,210.554001,210.751999,210.401001,210.703003
2026-01-28T06:00:00Z,210.703995,210.850006,210.684998,210.751007
2026-01-28T07:00:00Z,210.751007,210.763000,210.541000,210.669006
2026-01-28T08:00:00Z,210.671005,210.690002,210.369003,210.427002
2026-01-28T09:00:00Z,210.429993,210.557999,210.307007,210.542007
2026-01-28T10:00:00Z,210.544006,210.557007,210.233002,210.436005
2026-01-28T11:00:00Z,210.431000,210.440994,210.108994,210.125000
2026-01-28T12:00:00Z,210.130005,210.451004,210.059998,210.442993
2026-01-28T13:00:00Z,210.436005,210.531998,210.222000,210.468994
2026-01-28T14:00:00Z,210.473999,210.785004,210.457001,210.684006
2026-01-28T15:00:00Z,210.690994,211.686005,210.675995,211.617996
2026-01-28T16:00:00Z,211.619003,211.897995,211.576996,211.733994
2026-01-28T17:00:00Z,211.731003,211.837006,211.591003,211.703995
2026-01-28T18:00:00Z,211.697998,211.957993,211.688004,211.854004
2026-01-28T19:00:00Z,211.889008,212.029999,211.645004,211.701996
2026-01-28T20:00:00Z,211.703003,211.798004,211.567993,211.647003
2026-01-28T21:00:00Z,211.641998,211.889008,211.576004,211.781006
2026-01-28T22:00:00Z,211.785995,211.862000,211.503006,211.658005
2026-01-28T23:00:00Z,211.718002,211.843002,211.565002,211.630005
2026-01-29T00:00:00Z,211.656006,211.725006,211.328003,211.582993
2026-01-29T01:00:00Z,211.580002,211.710007,211.397003,211.535995
2026-01-29T02:00:00Z,211.535995,211.632996,211.322998,211.487000
2026-01-29T03:00:00Z,211.475998,211.600998,211.425003,211.533005
2026-01-29T04:00:00Z,211.529007,211.830002,211.518997,211.699997
2026-01-29T05:00:00Z,211.699005,211.843994,211.653000,211.742996
2026-01-29T06:00:00Z,211.735992,211.839005,211.598007,211.783997
2026-01-29T07:00:00Z,211.785995,212.126007,211.744003,212.046005
2026-01-29T08:00:00Z,212.057007,212.164001,211.830994,211.897003
2026-01-29T09:00:00Z,211.895996,211.938995,211.578995,211.619003
2026-01-29T10:00:00Z,211.621994,211.720001,211.414993,211.473999
2026-01-29T11:00:00Z,211.468002,211.794998,211.447998,211.682999
2026-01-29T12:00:00Z,211.688004,211.707993,211.537003,211.649002
2026-01-29T13:00:00Z,211.651993,211.817001,211.617004,211.682999
2026-01-29T14:00:00Z,211.682999,211.912003,211.535995,211.634995
2026-01-29T15:00:00Z,211.647003,211.681000,210.033997,210.322006
2026-01-29T16:00:00Z,210.320999,210.936005,210.283997,210.865997
2026-01-29T17:00:00Z,210.873993,211.130997,210.858994,210.972000
2026-01-29T18:00:00Z,210.972000,211.276001,210.940994,211.125000
2026-01-29T19:00:00Z,211.123993,211.276993,211.087006,211.134003
2026-01-29T20:00:00Z,211.134003,211.382004,211.134003,211.365997
2026-01-29T21:00:00Z,211.367996,211.516998,211.235001,211.356995
2026-01-29T22:00:00Z,211.449997,211.449997,211.011993,211.210007
2026-01-29T23:00:00Z,211.248993,211.518997,211.113007,211.466003
2026-01-30T00:00:00Z,211.447006,211.638000,211.406998,211.490005
2026-01-30T01:00:00Z,211.475006,211.681000,211.391006,211.582993
2026-01-30T02:00:00Z,211.576004,211.800003,211.289001,211.660004
2026-01-30T03:00:00Z,211.660995,211.791000,211.520004,211.725998
2026-01-30T04:00:00Z,211.725998,211.914993,211.597000,211.686005
2026-01-30T05:00:00Z,211.684006,211.889008,211.613998,211.720993
2026-01-30T06:00:00Z,211.718002,211.751007,211.496994,211.623993
2026-01-30T07:00:00Z,211.623993,211.895004,211.580002,211.774994
2026-01-30T08:00:00Z,211.776001,211.957993,211.598007,211.886993
2026-01-30T09:00:00Z,211.888000,211.996002,211.600006,211.876007
2026-01-30T10:00:00Z,211.876999,212.044998,211.774002,211.942001
2026-01-30T11:00:00Z,211.947006,212.117996,211.835999,211.994003
2026-01-30T12:00:00Z,211.992996,212.108994,211.927994,211.985992
2026-01-30T13:00:00Z,211.975998,212.173004,211.845993,212.164001
2026-01-30T14:00:00Z,212.160995,212.459000,212.029007,212.220993
2026-01-30T15:00:00Z,212.214996,212.470993,212.182999,212.283005
2026-02-02T19:00:00Z,212.488998,212.649994,212.479996,212.567001
2026-02-02T20:00:00Z,212.567993,212.630005,212.514999,212.613998
2026-02-02T21:00:00Z,212.613998,212.681000,212.539993,212.610992
2026-02-02T22:00:00Z,212.604004,212.714005,212.421997,212.528000
2026-02-02T23:00:00Z,212.528000,212.654007,212.440994,212.565002
2026-02-03T00:00:00Z,212.563004,212.798996,212.537003,212.679993
2026-02-03T01:00:00Z,212.677002,212.862000,212.613998,212.768997
2026-02-03T02:00:00Z,212.768997,212.778000,212.539001,212.653000
2026-02-03T03:00:00Z,212.653000,212.779999,212.554993,212.757996
2026-02-03T04:00:00Z,212.757996,212.845001,212.641998,212.716003
2026-02-03T05:00:00Z,212.716995,212.826996,212.667007,212.774002
2026-02-03T06:00:00Z,212.774994,212.983002,212.716003,212.806000
2026-02-03T07:00:00Z,212.804001,212.983994,212.723007,212.858994
2026-02-03T08:00:00Z,212.845993,212.916000,212.746994,212.860001
2026-02-03T09:00:00Z,212.858002,213.136002,212.737000,213.028000
2026-02-03T10:00:00Z,213.024994,213.070007,212.912003,212.921005
2026-02-03T11:00:00Z,212.914001,213.048996,212.850006,212.871994
2026-02-03T12:00:00Z,212.878006,213.319000,212.871002,213.261002
2026-02-03T13:00:00Z,213.255997,213.324997,213.057007,213.087006
2026-02-03T14:00:00Z,213.089005,213.261993,212.981003,213.037994
2026-02-03T15:00:00Z,213.042007,213.438995,212.979996,213.371994
2026-02-03T16:00:00Z,213.367996,213.464005,213.255005,213.304993
2026-02-03T17:00:00Z,213.311005,213.328995,213.136002,213.263000
2026-02-03T18:00:00Z,213.263000,213.320999,212.880005,212.888000
2026-02-03T19:00:00Z,212.888000,213.253006,212.848999,213.218994
2026-02-03T20:00:00Z,213.220001,213.352005,213.177994,213.289001
2026-02-03T21:00:00Z,213.283997,213.432007,213.227005,213.235001
2026-02-03T22:00:00Z,213.332001,213.445999,213.167999,213.264999
2026-02-03T23:00:00Z,213.257996,213.473007,213.216995,213.384003
2026-02-04T00:00:00Z,213.397995,213.669998,213.352997,213.658997
2026-02-04T01:00:00Z,213.649002,214.065002,213.643997,214.005005
2026-02-04T02:00:00Z,213.998993,214.115005,213.992996,214.074997
2026-02-04T03:00:00Z,214.076996,214.253006,214.067001,214.216995
2026-02-04T04:00:00Z,214.212006,214.354996,214.175995,214.341995
2026-02-04T05:00:00Z,214.341995,214.449997,214.289001,214.360001
2026-02-04T06:00:00Z,214.358002,214.529999,214.326004,214.401001
2026-02-04T07:00:00Z,214.401001,214.595993,214.386002,214.539001
2026-02-04T08:00:00Z,214.539993,214.852005,214.473999,214.809006
2026-02-04T09:00:00Z,214.813004,214.822998,214.539001,214.742004
2026-02-04T10:00:00Z,214.737000,214.983002,214.649994,214.968994
2026-02-04T11:00:00Z,214.970993,214.998001,214.807007,214.977005
2026-02-04T12:00:00Z,214.977005,215.005997,214.862000,214.886993
2026-02-04T13:00:00Z,214.882004,214.953003,214.559998,214.572998
2026-02-04T14:00:00Z,214.572998,214.636002,214.110001,214.130997
2026-02-04T15:00:00Z,214.149994,214.322998,213.979996,214.046997
2026-02-04T16:00:00Z,214.044998,214.076996,213.673004,213.895004
2026-02-04T17:00:00Z,213.895004,214.042007,213.737000,213.789001
2026-02-04T18:00:00Z,213.789993,214.072006,213.722000,214.007004
2026-02-04T19:00:00Z,214.003998,214.263000,213.897003,214.259003
2026-02-04T20:00:00Z,214.259995,214.326004,214.162994,214.203995
2026-02-04T21:00:00Z,214.205002,214.292999,214.042999,214.080002
2026-02-04T22:00:00Z,214.102005,214.350998,213.891006,214.059998
2026-02-04T23:00:00Z,214.072006,214.156998,213.953995,214.061005
2026-02-05T00:00:00Z,214.106003,214.233994,213.906006,214.033005
2026-02-05T01:00:00Z,214.035995,214.214996,214.031998,214.078003
2026-02-05T02:00:00Z,214.082001,214.119003,213.675003,213.688995
2026-02-05T03:00:00Z,213.688004,213.761993,213.462006,213.623001
2026-02-05T04:00:00Z,213.625000,213.759003,213.623001,213.658997
2026-02-05T05:00:00Z,213.658997,213.804001,213.621002,213.791000
2026-02-05T06:00:00Z,213.791000,213.889999,213.516998,213.809998
2026-02-05T07:00:00Z,213.807999,214.177002,213.791000,213.968002
2026-02-05T08:00:00Z,213.966003,214.194000,213.574997,213.576996
2026-02-05T09:00:00Z,213.572998,213.623001,213.188004,213.427994
2026-02-05T10:00:00Z,213.423004,213.725998,213.339996,213.649002
2026-02-05T11:00:00Z,213.654007,213.957001,213.572998,213.903000
2026-02-05T12:00:00Z,213.886002,213.910004,212.927994,213.160004
2026-02-05T13:00:00Z,213.149994,213.205994,212.585007,212.735001
2026-02-05T14:00:00Z,212.720001,212.910995,212.326004,212.358002
2026-02-05T15:00:00Z,212.362000,212.608994,211.774994,212.158005
2026-02-05T16:00:00Z,212.158005,212.686005,212.009995,212.606003
2026-02-05T17:00:00Z,212.604996,212.709000,212.399994,212.483994
2026-02-05T18:00:00Z,212.487000,212.574005,212.334000,212.406006
2026-02-05T19:00:00Z,212.404007,212.589005,212.373993,212.578003
2026-02-05T20:00:00Z,212.576004,212.701004,212.505005,212.608994
2026-02-05T21:00:00Z,212.610001,212.664993,212.382996,212.533997
2026-02-05T22:00:00Z,212.531006,212.600998,212.272995,212.488998
2026-02-05T23:00:00Z,212.472000,212.559006,211.916000,212.005997
2026-02-06T00:00:00Z,212.003006,212.085007,211.593002,211.949997
2026-02-06T01:00:00Z,211.936005,212.154999,211.748001,212.108994
2026-02-06T02:00:00Z,212.113998,212.440994,212.098007,212.304993
2026-02-06T03:00:00Z,212.296997,212.369003,212.212006,212.317993
2026-02-06T04:00:00Z,212.313004,212.431000,212.279007,212.399994
2026-02-06T05:00:00Z,212.389999,212.716995,212.347000,212.707001
2026-02-06T06:00:00Z,212.707001,213.013000,212.694000,212.770996
2026-02-06T07:00:00Z,212.776993,212.882004,212.526001,212.815002
2026-02-06T08:00:00Z,212.822998,212.998993,212.679001,212.998993
2026-02-06T09:00:00Z,212.992004,213.287994,212.988998,213.216995
2026-02-06T10:00:00Z,213.227005,213.302994,212.992996,213.087006
2026-02-06T11:00:00Z,213.087006,213.483002,213.082001,213.332001
2026-02-06T12:00:00Z,213.326996,213.604004,213.309998,213.444000
2026-02-06T13:00:00Z,213.444000,213.541000,213.110001,213.242004
2026-02-06T14:00:00Z,213.240997,213.503998,213.162003,213.457001
2026-02-06T15:00:00Z,213.466003,213.679001,213.453003,213.520996
2026-02-06T16:00:00Z,213.518997,213.878998,213.498993,213.720993
2026-02-06T17:00:00Z,213.716003,213.912003,213.692993,213.865005
2026-02-06T18:00:00Z,213.873993,213.947998,213.817001,213.848007
2026-02-06T19:00:00Z,213.848007,213.983002,213.845001,213.904999
2026-02-06T20:00:00Z,213.912994,213.988007,213.845993,213.945007
2026-02-06T21:00:00Z,213.945007,214.035995,213.889008,213.962997
2026-02-06T22:00:00Z,213.977005,214.035004,213.977005,214.035004
2026-02-09T00:00:00Z,213.992996,214.031998,213.345001,213.531006
2026-02-09T01:00:00Z,213.531006,213.567993,212.584000,213.044998
2026-02-09T02:00:00Z,213.033005,213.505005,213.007996,213.352997
2026-02-09T03:00:00Z,213.350006,213.485992,213.279007,213.326996
2026-02-09T04:00:00Z,213.317001,213.401001,213.074997,213.154999
2026-02-09T05:00:00Z,213.154999,213.285004,213.054993,213.210999
2026-02-09T06:00:00Z,213.199997,213.212006,212.811005,213.117996
2026-02-09T07:00:00Z,213.123993,213.123993,212.535004,213.037003
2026-02-09T08:00:00Z,213.031998,213.203003,212.895004,212.983994
2026-02-09T09:00:00Z,212.983994,213.138000,212.819000,213.037003
2026-02-09T10:00:00Z,213.044006,213.317001,212.979996,213.223007
2026-02-09T11:00:00Z,213.223999,213.451996,213.054001,213.369995
2026-02-09T12:00:00Z,213.369995,213.710999,213.261993,213.617996
2026-02-09T13:00:00Z,213.613007,213.630005,212.820999,212.854996
2026-02-09T14:00:00Z,212.850998,212.871002,212.117996,212.311996
2026-02-09T15:00:00Z,212.307999,213.257004,212.287994,213.160995
2026-02-09T16:00:00Z,213.169998,213.388000,213.164001,213.298996
2026-02-09T17:00:00Z,213.298996,213.373993,213.169006,213.227997
2026-02-09T18:00:00Z,213.218994,213.460999,213.160004,213.431000
2026-02-09T19:00:00Z,213.423004,213.445007,213.190002,213.272995
2026-02-09T20:00:00Z,213.268997,213.500000,213.264999,213.464996
2026-02-09T21:00:00Z,213.462006,213.576004,213.395004,213.399994
2026-02-09T22:00:00Z,213.264008,213.664001,213.141006,213.343002
2026-02-09T23:00:00Z,213.335007,213.671997,213.276001,213.617004
2026-02-10T00:00:00Z,213.606003,213.723999,213.363998,213.386993
2026-02-10T01:00:00Z,213.391006,213.436005,213.069000,213.100006
2026-02-10T02:00:00Z,213.100998,213.261002,212.688004,212.742996
2026-02-10T03:00:00Z,212.746002,212.776993,212.399002,212.561005
2026-02-10T04:00:00Z,212.559998,212.574005,212.298996,212.412994
2026-02-10T05:00:00Z,212.404999,212.447998,212.160995,212.425003
2026-02-10T06:00:00Z,212.421005,212.522995,212.313995,212.468002
2026-02-10T07:00:00Z,212.475006,212.738998,212.324997,212.682999
2026-02-10T08:00:00Z,212.677002,212.785995,212.507004,212.641998
2026-02-10T09:00:00Z,212.643997,212.688995,212.171005,212.244003
2026-02-10T10:00:00Z,212.235001,212.264008,211.886002,211.987000
2026-02-10T11:00:00Z,211.992004,212.171997,211.936996,212.143005
2026-02-10T12:00:00Z,212.141998,212.509003,212.046005,212.363998
2026-02-10T13:00:00Z,212.363998,212.449005,211.639999,211.729996
2026-02-10T14:00:00Z,211.723007,211.770004,210.934998,211.153000
2026-02-10T15:00:00Z,211.154999,211.169006,210.612000,210.860001
2026-02-10T16:00:00Z,210.860992,210.884995,210.539001,210.804001
2026-02-10T17:00:00Z,210.806000,210.843002,210.610992,210.779007
2026-02-10T18:00:00Z,210.776001,210.856003,210.733994,210.800995
2026-02-10T19:00:00Z,210.787994,210.882004,210.675995,210.738998
2026-02-10T20:00:00Z,210.738007,210.764999,210.509995,210.561996
2026-02-10T21:00:00Z,210.561005,210.641998,210.477005,210.621994
2026-02-10T22:00:00Z,210.572998,210.789001,210.449005,210.544006
2026-02-10T23:00:00Z,210.580002,210.667007,210.488007,210.604996
2026-02-11T00:00:00Z,210.623993,210.643005,210.072006,210.097000
2026-02-11T01:00:00Z,210.095993,210.181000,209.936005,210.087006
2026-02-11T02:00:00Z,210.078003,210.106995,209.794998,209.800003
2026-02-11T03:00:00Z,209.800003,209.981003,209.781006,209.839996
2026-02-11T04:00:00Z,209.839005,209.876007,209.389999,209.419006
2026-02-11T05:00:00Z,209.412003,209.501999,209.130997,209.195999
2026-02-11T06:00:00Z,209.194000,209.365005,208.977005,209.345993
2026-02-11T07:00:00Z,209.339996,209.556000,209.259003,209.354004
2026-02-11T08:00:00Z,209.356003,209.738007,209.287003,209.684006
2026-02-11T09:00:00Z,209.688995,210.009003,209.673996,209.817001
2026-02-11T10:00:00Z,209.817993,210.179001,209.723007,210.128998
2026-02-11T11:00:00Z,210.128998,210.235001,210.067993,210.145996
2026-02-11T12:00:00Z,210.151001,210.233994,210.050995,210.117996
2026-02-11T13:00:00Z,210.115005,210.518997,208.610001,209.843994
2026-02-11T14:00:00Z,209.845001,210.119003,209.373993,209.533005
2026-02-11T15:00:00Z,209.535995,209.610001,209.182999,209.427002
2026-02-11T16:00:00Z,209.429993,209.483002,208.776993,208.781998
2026-02-11T17:00:00Z,208.789993,208.878998,208.434998,208.725998
2026-02-11T18:00:00Z,208.727005,208.742004,208.171005,208.279999
2026-02-11T19:00:00Z,208.283997,208.509003,208.263000,208.494003
2026-02-11T20:00:00Z,208.494995,208.796005,208.483994,208.697006
2026-02-11T21:00:00Z,208.699997,208.912003,208.690002,208.796997
2026-02-11T22:00:00Z,208.701004,208.848007,208.470993,208.613998
2026-02-11T23:00:00Z,208.613998,208.817993,208.522003,208.802002
2026-02-12T00:00:00Z,208.781006,209.005997,208.574997,208.707001
2026-02-12T01:00:00Z,208.701004,208.787994,208.341003,208.487000
2026-02-12T02:00:00Z,208.485001,208.529999,207.945007,207.983002
2026-02-12T03:00:00Z,207.979996,208.014008,207.626999,207.957001
2026-02-12T04:00:00Z,207.955994,208.263000,207.774994,208.263000
2026-02-12T05:00:00Z,208.251999,208.628006,208.223999,208.546005
2026-02-12T06:00:00Z,208.544006,208.951996,208.363998,208.759003
2026-02-12T07:00:00Z,208.744995,208.796005,208.380005,208.623001
2026-02-12T08:00:00Z,208.621002,208.654999,208.384995,208.526001
2026-02-12T09:00:00Z,208.531998,208.839996,208.475006,208.701996
2026-02-12T10:00:00Z,208.699997,208.828995,208.585999,208.828003
2026-02-12T11:00:00Z,208.815994,209.311005,208.766006,209.255997
2026-02-12T12:00:00Z,209.257996,209.539001,209.188004,209.429993
2026-02-12T13:00:00Z,209.423996,209.554001,209.134995,209.197998
2026-02-12T14:00:00Z,209.201996,209.276993,208.929993,209.087006
2026-02-12T15:00:00Z,209.091995,209.128006,208.337006,208.417007
2026-02-12T16:00:00Z,208.419998,208.500000,207.554993,208.091003
2026-02-12T17:00:00Z,208.089996,208.272003,207.865005,208.164001
2026-02-12T18:00:00Z,208.167007,208.298996,207.901001,208.231995
2026-02-12T19:00:00Z,208.227997,208.389999,208.173004,208.302002
2026-02-12T20:00:00Z,208.306000,208.334000,207.968994,207.973999
2026-02-12T21:00:00Z,207.968994,208.136993,207.923996,207.953995
2026-02-12T22:00:00Z,207.947006,208.158997,207.862000,207.934006
2026-02-12T23:00:00Z,207.921997,208.173996,207.908997,208.054001
2026-02-13T00:00:00Z,208.069000,208.313004,207.985992,208.082993
2026-02-13T01:00:00Z,208.080994,208.776993,208.070999,208.695999
2026-02-13T02:00:00Z,208.694000,208.759995,208.459000,208.591003
2026-02-13T03:00:00Z,208.602005,208.612000,208.158005,208.231995
2026-02-13T04:00:00Z,208.231995,208.608002,208.102997,208.593994
2026-02-13T05:00:00Z,208.593994,208.647995,208.337997,208.533005
2026-02-13T06:00:00Z,208.528000,208.651993,208.302994,208.647003
2026-02-13T07:00:00Z,208.636002,208.970001,208.567001,208.847000
2026-02-13T08:00:00Z,208.839005,209.328995,208.796997,209.220993
2026-02-13T09:00:00Z,209.218002,209.322006,209.089005,209.119003
2026-02-13T10:00:00Z,209.110992,209.235001,208.951996,208.964996
2026-02-13T11:00:00Z,208.955002,208.962997,208.481003,208.613998
2026-02-13T12:00:00Z,208.610992,208.682999,208.490997,208.522995
2026-02-13T13:00:00Z,208.520004,208.737000,208.453003,208.673004
2026-02-13T14:00:00Z,208.677002,208.785995,208.041000,208.533997
2026-02-13T15:00:00Z,208.529007,208.975998,208.255005,208.451004
2026-02-13T16:00:00Z,208.444000,208.552994,208.251007,208.432007
2026-02-13T17:00:00Z,208.434998,208.658005,208.251999,208.546997
2026-02-13T18:00:00Z,208.550995,208.688004,208.498993,208.641006
2026-02-13T19:00:00Z,208.641998,208.697998,208.395004,208.434006
2026-02-13T20:00:00Z,208.434006,208.621002,208.330002,208.600998
2026-02-13T21:00:00Z,208.613998,208.619003,208.334000,208.477997
2026-02-13T22:00:00Z,208.498993,208.498993,208.498993,208.498993
2026-02-16T00:00:00Z,208.516006,208.871002,208.479996,208.837006
2026-02-16T01:00:00Z,208.832001,208.893997,208.677002,208.764999
2026-02-16T02:00:00Z,208.764999,208.869003,208.701996,208.733994
2026-02-16T03:00:00Z,208.731003,208.828995,208.699005,208.809998
2026-02-16T04:00:00Z,208.798996,209.011993,208.703995,208.996002
2026-02-16T05:00:00Z,208.996002,209.005997,208.871002,208.938995
2026-02-16T06:00:00Z,208.942993,209.009003,208.873993,208.916000
2026-02-16T07:00:00Z,208.917007,209.294998,208.889008,209.210999
2026-02-16T08:00:00Z,209.212006,209.449997,209.126999,209.332001
2026-02-16T09:00:00Z,209.332993,209.641998,209.292999,209.544006
2026-02-16T10:00:00Z,209.535995,209.682999,209.496994,209.563995
2026-02-16T11:00:00Z,209.565994,209.598999,209.238998,209.268005
2026-02-16T12:00:00Z,209.266006,209.339996,209.181000,209.238007
2026-02-16T13:00:00Z,209.229996,209.253998,208.957001,209.035004
2026-02-16T14:00:00Z,209.035004,209.136002,208.964996,209.113007
2026-02-16T15:00:00Z,209.104996,209.216003,209.003998,209.203995
2026-02-16T16:00:00Z,209.203995,209.268997,209.104996,209.177994
2026-02-16T17:00:00Z,209.179001,209.268997,209.126007,209.134995
2026-02-16T18:00:00Z,209.134003,209.246994,209.121994,209.205994
2026-02-16T19:00:00Z,209.203995,209.261993,209.182999,209.222000
2026-02-16T20:00:00Z,209.222000,209.231995,209.167999,209.223999
2026-02-16T21:00:00Z,209.220001,209.238998,209.024994,209.024994
2026-02-16T22:00:00Z,209.076004,209.296997,209.046997,209.190994
2026-02-16T23:00:00Z,209.207993,209.488998,209.102005,209.253006
2026-02-17T00:00:00Z,209.244003,209.292999,208.617004,208.626007
2026-02-17T01:00:00Z,208.626007,208.906998,208.490997,208.529007
2026-02-17T02:00:00Z,208.522003,208.671997,208.404007,208.466995
2026-02-17T03:00:00Z,208.466003,208.518997,208.253998,208.509003
2026-02-17T04:00:00Z,208.511993,208.520996,208.229996,208.375000
2026-02-17T05:00:00Z,208.367996,208.406998,208.033005,208.126999
2026-02-17T06:00:00Z,208.117996,208.233002,208.054001,208.171005
2026-02-17T07:00:00Z,208.184998,208.195999,207.337997,207.615005
2026-02-17T08:00:00Z,207.613007,207.908005,207.477005,207.481003
2026-02-17T09:00:00Z,207.479004,207.912003,207.470993,207.809006
2026-02-17T10:00:00Z,207.798996,208.210007,207.768997,207.988998
2026-02-17T11:00:00Z,207.988998,208.035004,207.682999,207.720993
2026-02-17T12:00:00Z,207.712997,207.809006,207.369003,207.373993
2026-02-17T13:00:00Z,207.373993,207.550003,207.225998,207.296005
2026-02-17T14:00:00Z,207.294006,207.677002,207.263000,207.473007
2026-02-17T15:00:00Z,207.468994,207.875000,207.406998,207.673996
2026-02-17T16:00:00Z,207.664001,207.923004,207.658005,207.891998
2026-02-17T17:00:00Z,207.891998,207.934998,207.764008,207.889999
2026-02-17T18:00:00Z,207.889999,207.979004,207.746002,207.932007
2026-02-17T19:00:00Z,207.929993,208.009003,207.798996,207.828003
2026-02-17T20:00:00Z,207.824997,207.882004,207.763000,207.882004
2026-02-17T21:00:00Z,207.876007,208.001007,207.796005,207.942001
2026-02-17T22:00:00Z,207.856003,207.927994,207.612000,207.850006
2026-02-17T23:00:00Z,207.850006,208.000000,207.651993,207.707001
2026-02-18T00:00:00Z,207.677002,207.927994,207.613998,207.804993
2026-02-18T01:00:00Z,207.804001,208.048004,207.759003,208.035995
2026-02-18T02:00:00Z,208.037994,208.313004,208.007996,208.078003
2026-02-18T03:00:00Z,208.078003,208.197998,208.029007,208.169998
2026-02-18T04:00:00Z,208.166000,208.195007,208.085999,208.186996
2026-02-18T05:00:00Z,208.173996,208.240005,208.056000,208.067001
2026-02-18T06:00:00Z,208.061996,208.136002,207.975006,208.089996
2026-02-18T07:00:00Z,208.091003,208.447998,207.934998,208.389999
2026-02-18T08:00:00Z,208.395996,208.574005,208.281006,208.522995
2026-02-18T09:00:00Z,208.529007,208.727005,208.520004,208.669006
2026-02-18T10:00:00Z,208.671005,208.830994,208.634003,208.651001
2026-02-18T11:00:00Z,208.658997,208.677994,208.526993,208.639008
2026-02-18T12:00:00Z,208.626007,208.798004,208.483002,208.589005
2026-02-18T13:00:00Z,208.595001,208.723999,208.492996,208.623993
2026-02-18T14:00:00Z,208.623001,209.112000,208.550003,208.981995
2026-02-18T15:00:00Z,208.979004,209.212997,208.820007,208.985001
2026-02-18T16:00:00Z,208.981003,209.197998,208.947006,209.024002
2026-02-18T17:00:00Z,209.031006,209.089996,208.888000,208.945999
2026-02-18T18:00:00Z,208.949997,209.115005,208.945007,209.098999
2026-02-18T19:00:00Z,209.098999,209.119003,208.570007,208.865997
2026-02-18T20:00:00Z,208.865997,209.009003,208.856995,208.994003
2026-02-18T21:00:00Z,208.990997,209.042999,208.862000,208.927002
2026-02-18T22:00:00Z,208.923004,208.975006,208.723007,208.856003
2026-02-18T23:00:00Z,208.871994,208.917007,208.746002,208.757996
2026-02-19T00:00:00Z,208.740997,208.891006,208.628998,208.722000
2026-02-19T01:00:00Z,208.720001,209.154007,208.720001,209.128006
2026-02-19T02:00:00Z,209.121002,209.207993,208.845993,209.158005
2026-02-19T03:00:00Z,209.158005,209.449997,209.100006,209.292007
2026-02-19T04:00:00Z,209.289993,209.442001,209.136993,209.156998
2026-02-19T05:00:00Z,209.145004,209.462006,209.138000,209.453995
2026-02-19T06:00:00Z,209.453995,209.479996,209.223999,209.343002
2026-02-19T07:00:00Z,209.330994,209.537003,209.309006,209.373001
2026-02-19T08:00:00Z,209.375000,209.470993,208.962006,209.080002
2026-02-19T09:00:00Z,209.085007,209.322006,208.871994,209.054001
2026-02-19T10:00:00Z,209.052994,209.089996,208.604996,208.664001
2026-02-19T11:00:00Z,208.664993,208.699005,208.195007,208.218002
2026-02-19T12:00:00Z,208.214996,208.429001,208.076004,208.406998
2026-02-19T13:00:00Z,208.401993,208.649002,208.272995,208.617004
2026-02-19T14:00:00Z,208.613998,208.723007,208.460999,208.679993
2026-02-19T15:00:00Z,208.686005,208.891006,208.528000,208.531006
2026-02-19T16:00:00Z,208.528000,208.556000,208.268005,208.347000
2026-02-19T17:00:00Z,208.345993,208.556000,208.264999,208.528000
2026-02-19T18:00:00Z,208.526993,208.580002,208.442001,208.449997
2026-02-19T19:00:00Z,208.451004,208.636993,208.440002,208.606003
2026-02-19T20:00:00Z,208.600998,208.740005,208.572006,208.720993
2026-02-19T21:00:00Z,208.718002,208.843994,208.578995,208.714996
2026-02-19T22:00:00Z,208.720993,208.751999,208.429993,208.630005
2026-02-19T23:00:00Z,208.697006,208.944000,208.591003,208.865997
2026-02-20T00:00:00Z,208.876007,208.912003,208.542007,208.742004
2026-02-20T01:00:00Z,208.737000,208.891998,208.580994,208.613007
2026-02-20T02:00:00Z,208.608994,208.649002,208.376999,208.589005
2026-02-20T03:00:00Z,208.598007,208.673996,208.481003,208.542007
2026-02-20T04:00:00Z,208.539001,208.626999,208.500000,208.580002
2026-02-20T05:00:00Z,208.580002,208.824005,208.542007,208.787003
2026-02-20T06:00:00Z,208.787003,208.863007,208.602997,208.649002
2026-02-20T07:00:00Z,208.647995,209.093002,208.548004,209.065002
2026-02-20T08:00:00Z,209.074005,209.289001,208.843994,209.253006
2026-02-20T09:00:00Z,209.251007,209.501999,209.220001,209.264008
2026-02-20T10:00:00Z,209.266006,209.369995,209.070007,209.106995
2026-02-20T11:00:00Z,209.108002,209.182999,208.953003,209.089996
2026-02-20T12:00:00Z,209.080994,209.296997,209.042007,209.164993
2026-02-20T13:00:00Z,209.177994,209.613007,209.136993,209.595993
2026-02-20T14:00:00Z,209.602005,209.638000,209.330002,209.332993
2026-02-20T15:00:00Z,209.395004,209.688004,209.009003,209.050995
2026-02-20T16:00:00Z,209.054993,209.225006,208.966003,209.209000
2026-02-20T17:00:00Z,209.201004,209.272995,209.052002,209.070999
2026-02-20T18:00:00Z,209.072998,209.225006,208.947006,209.190994
2026-02-20T19:00:00Z,209.190994,209.266006,209.080994,209.194000
2026-02-20T20:00:00Z,209.192001,209.216995,209.042007,209.164001
2026-02-20T21:00:00Z,209.169998,209.186996,208.910004,208.975998
2026-02-20T22:00:00Z,208.979004,208.979004,208.979004,208.979004
2026-02-23T00:00:00Z,208.852997,208.869995,208.380997,208.397995
2026-02-23T01:00:00Z,208.389999,208.526993,208.203995,208.477997
2026-02-23T02:00:00Z,208.477005,208.664001,208.356003,208.544998
2026-02-23T03:00:00Z,208.544998,208.669998,208.496002,208.520004
2026-02-23T04:00:00Z,208.518997,208.768997,208.442993,208.731003
2026-02-23T05:00:00Z,208.731003,208.815002,208.686996,208.796997
2026-02-23T06:00:00Z,208.794998,208.994003,208.695999,208.985001
2026-02-23T07:00:00Z,208.977997,209.139999,208.901993,208.936996
2026-02-23T08:00:00Z,208.936005,209.149002,208.912994,209.098999
2026-02-23T09:00:00Z,209.098999,209.203003,208.990005,209.115005
2026-02-23T10:00:00Z,209.119995,209.223007,209.076004,209.080994
2026-02-23T11:00:00Z,209.080994,209.164001,208.919998,209.001999
2026-02-23T12:00:00Z,208.994995,209.048004,208.796005,208.901001
2026-02-23T13:00:00Z,208.899994,208.947998,208.673996,208.822998
2026-02-23T14:00:00Z,208.828003,209.108994,208.768997,208.949997
2026-02-23T15:00:00Z,208.951004,208.985992,208.313004,208.386002
2026-02-23T16:00:00Z,208.401001,208.542007,208.235001,208.410995
2026-02-23T17:00:00Z,208.406006,208.419998,208.130997,208.352005
2026-02-23T18:00:00Z,208.356995,208.738007,208.343994,208.524994
2026-02-23T19:00:00Z,208.522003,208.623993,208.496002,208.559998
2026-02-23T20:00:00Z,208.563995,208.735001,208.554993,208.725998
2026-02-23T21:00:00Z,208.720993,208.858002,208.557007,208.580994
2026-02-23T22:00:00Z,208.598007,208.688995,208.472000,208.524994
2026-02-23T23:00:00Z,208.529007,208.755005,208.479004,208.738998
2026-02-24T00:00:00Z,208.723007,208.987000,208.682999,208.973007
2026-02-24T01:00:00Z,208.970993,209.141998,208.908005,209.059006
2026-02-24T02:00:00Z,209.057007,209.242004,208.929993,209.095993
2026-02-24T03:00:00Z,209.104004,209.244995,209.069000,209.220993
2026-02-24T04:00:00Z,209.220001,209.367004,209.173004,209.309998
2026-02-24T05:00:00Z,209.304993,209.393005,209.246002,209.292007
2026-02-24T06:00:00Z,209.291000,209.326004,209.009995,209.014008
2026-02-24T07:00:00Z,209.014008,210.462997,208.973007,210.384003
2026-02-24T08:00:00Z,210.386002,210.733002,210.225006,210.289001
2026-02-24T09:00:00Z,210.289001,210.455994,210.151001,210.391006
2026-02-24T10:00:00Z,210.397995,210.483994,210.238007,210.343994
2026-02-24T11:00:00Z,210.348007,210.354996,209.981995,210.220993
2026-02-24T12:00:00Z,210.216003,210.373993,210.112000,210.261993
2026-02-24T13:00:00Z,210.255005,210.466995,210.141998,210.447006
2026-02-24T14:00:00Z,210.455994,210.585999,210.306000,210.524002
2026-02-24T15:00:00Z,210.520996,210.839996,210.432999,210.701996
2026-02-24T16:00:00Z,210.701004,210.766998,210.518997,210.604996
2026-02-24T17:00:00Z,210.597000,210.626999,210.408997,210.552002
2026-02-24T18:00:00Z,210.550995,210.554993,210.395996,210.408005
2026-02-24T19:00:00Z,210.404007,210.451004,210.317993,210.324005
2026-02-24T20:00:00Z,210.324997,210.414993,210.274994,210.389999
2026-02-24T21:00:00Z,210.391998,210.438995,210.154007,210.154007
2026-02-24T22:00:00Z,210.201996,210.408005,210.147995,210.203003
2026-02-24T23:00:00Z,210.222000,210.421997,210.132996,210.386993
2026-02-25T00:00:00Z,210.401001,210.505005,210.190994,210.210007
2026-02-25T01:00:00Z,210.195999,210.404007,210.162003,210.335007
2026-02-25T02:00:00Z,210.326004,210.406998,210.063995,210.167999
2026-02-25T03:00:00Z,210.158997,210.796005,209.992996,210.552994
2026-02-25T04:00:00Z,210.552002,210.837997,210.473007,210.492004
2026-02-25T05:00:00Z,210.492004,210.608994,210.358994,210.384003
2026-02-25T06:00:00Z,210.388000,210.679001,210.307007,210.595001
2026-02-25T07:00:00Z,210.619995,210.929993,210.524994,210.906998
2026-02-25T08:00:00Z,210.895004,211.266006,210.848007,211.257996
2026-02-25T09:00:00Z,211.257996,211.703995,211.244003,211.628006
2026-02-25T10:00:00Z,211.623993,211.852005,211.595001,211.807007
2026-02-25T11:00:00Z,211.807007,211.826004,211.498993,211.746002
2026-02-25T12:00:00Z,211.746002,211.923004,211.580002,211.869003
2026-02-25T13:00:00Z,211.869003,212.026001,211.630005,211.658997
2026-02-25T14:00:00Z,211.660004,211.813004,211.464996,211.753998
2026-02-25T15:00:00Z,211.748001,211.759003,211.466995,211.625000
2026-02-25T16:00:00Z,211.619003,211.867004,211.604996,211.796997
2026-02-25T17:00:00Z,211.787994,212.022995,211.783005,211.904999
2026-02-25T18:00:00Z,211.904007,212.042999,211.837006,211.951004
2026-02-25T19:00:00Z,211.947998,212.117004,211.901001,211.981995
2026-02-25T20:00:00Z,211.981003,212.050003,211.897995,212.031006
2026-02-25T21:00:00Z,212.033997,212.087006,211.936005,211.936005
2026-02-25T22:00:00Z,211.947998,212.067993,211.666000,211.860001
2026-02-25T23:00:00Z,211.839996,211.940994,211.645004,211.742996
2026-02-26T00:00:00Z,211.712006,211.781006,211.524002,211.576004
2026-02-26T01:00:00Z,211.574005,211.705994,211.447006,211.505997
2026-02-26T02:00:00Z,211.507004,211.552002,211.373993,211.501007
2026-02-26T03:00:00Z,211.505005,211.516006,211.324005,211.386002
2026-02-26T04:00:00Z,211.384995,211.563995,211.326996,211.369995
2026-02-26T05:00:00Z,211.358994,211.464996,211.158997,211.459000
2026-02-26T06:00:00Z,211.457001,211.557999,211.399994,211.438995
2026-02-26T07:00:00Z,211.434006,211.625000,211.317993,211.382996
2026-02-26T08:00:00Z,211.382996,211.391998,210.869995,210.960007
2026-02-26T09:00:00Z,210.966003,211.167999,210.826004,211.115997
2026-02-26T10:00:00Z,211.115997,211.188004,211.035995,211.091003
2026-02-26T11:00:00Z,211.087006,211.283005,211.072998,211.154999
2026-02-26T12:00:00Z,211.149994,211.505997,211.123001,211.447006
2026-02-26T13:00:00Z,211.447006,211.561996,211.278000,211.382004
2026-02-26T14:00:00Z,211.384003,211.550995,211.115005,211.207001
2026-02-26T15:00:00Z,211.205002,211.367996,210.623993,210.871994
2026-02-26T16:00:00Z,210.865997,211.091003,210.776993,210.811005
2026-02-26T17:00:00Z,210.809998,210.904007,210.294998,210.354996
2026-02-26T18:00:00Z,210.347000,210.574997,210.257996,210.565994
2026-02-26T19:00:00Z,210.569000,210.688004,210.533005,210.574997
2026-02-26T20:00:00Z,210.576996,210.641006,210.524994,210.636993
2026-02-26T21:00:00Z,210.636993,210.664993,210.399002,210.494995
2026-02-26T22:00:00Z,210.451004,210.649002,210.281998,210.388000
2026-02-26T23:00:00Z,210.393005,210.434006,210.207001,210.287994
2026-02-27T00:00:00Z,210.259003,210.382004,209.966995,210.218994
2026-02-27T01:00:00Z,210.216003,210.300003,210.050003,210.207001
2026-02-27T02:00:00Z,210.201996,210.270996,210.033005,210.059998
2026-02-27T03:00:00Z,210.050995,210.233994,210.048004,210.154999
2026-02-27T04:00:00Z,210.160004,210.250000,209.936005,209.975998
2026-02-27T05:00:00Z,209.970001,210.216003,209.932007,210.203003
2026-02-27T06:00:00Z,210.203003,210.225006,209.919006,209.955002
2026-02-27T07:00:00Z,209.955994,210.576996,209.949005,210.514008
2026-02-27T08:00:00Z,210.514008,210.802994,210.455994,210.714005
2026-02-27T09:00:00Z,210.716003,210.826996,210.440002,210.447998
2026-02-27T10:00:00Z,210.453003,210.483994,210.145004,210.179993
2026-02-27T11:00:00Z,210.177002,210.195999,209.938004,209.942993
2026-02-27T12:00:00Z,209.945007,210.151001,209.925003,209.996002
2026-02-27T13:00:00Z,209.979996,210.220993,209.794998,209.960999
2026-02-27T14:00:00Z,209.959000,210.194000,209.947006,210.061996
2026-02-27T15:00:00Z,210.050003,210.160995,209.806000,209.807999
2026-02-27T16:00:00Z,209.813995,210.104996,209.792007,209.960999
2026-02-27T17:00:00Z,209.960999,210.069000,209.919006,210.039993
2026-02-27T18:00:00Z,210.041000,210.203995,210.024002,210.182999
2026-02-27T19:00:00Z,210.182999,210.324997,210.098999,210.324997
2026-02-27T20:00:00Z,210.317993,210.487000,210.298996,210.475998
2026-02-27T21:00:00Z,210.477997,210.503006,210.251999,210.304993
2026-02-27T22:00:00Z,210.393005,210.393005,210.393005,210.393005
2026-03-02T00:00:00Z,209.959000,210.160995,209.774002,210.076004
2026-03-02T01:00:00Z,210.065994,210.462997,210.063995,210.123001
2026-03-02T02:00:00Z,210.110992,210.257996,210.035995,210.113007
2026-03-02T03:00:00Z,210.117996,210.266006,210.070999,210.205002
2026-03-02T04:00:00Z,210.203995,210.401001,210.143005,210.343994
2026-03-02T05:00:00Z,210.335007,210.533005,210.302002,210.388000
2026-03-02T06:00:00Z,210.386993,210.414993,209.830002,209.927002
2026-03-02T07:00:00Z,209.942001,210.059006,209.496994,209.751007
2026-03-02T08:00:00Z,209.757996,209.938995,209.343994,209.554993
2026-03-02T09:00:00Z,209.557999,209.968994,209.481995,209.955994
2026-03-02T10:00:00Z,209.953003,210.408005,209.891006,210.356995
2026-03-02T11:00:00Z,210.367996,210.623001,210.264999,210.516006
2026-03-02T12:00:00Z,210.516998,210.882004,210.498001,210.813004
2026-03-02T13:00:00Z,210.811996,211.057007,210.716003,210.798996
2026-03-02T14:00:00Z,210.800995,211.369003,210.654007,211.231003
2026-03-02T15:00:00Z,211.167999,211.380005,210.757996,210.908997
2026-03-02T16:00:00Z,210.910995,210.916000,210.501999,210.869003
2026-03-02T17:00:00Z,210.871994,211.151001,210.804993,211.102005
2026-03-02T18:00:00Z,211.098999,211.110001,210.901993,210.966003
2026-03-02T19:00:00Z,210.966003,211.113007,210.929993,211.026993
2026-03-02T20:00:00Z,211.024002,211.031006,210.748993,210.867004
2026-03-02T21:00:00Z,210.869003,211.056000,210.809998,210.966003
2026-03-02T22:00:00Z,210.955994,211.147003,210.725006,210.893005
2026-03-02T23:00:00Z,210.886002,210.992996,210.761993,210.848999
2026-03-03T00:00:00Z,210.852997,211.212006,210.733002,211.210007
2026-03-03T01:00:00Z,211.205002,211.356003,210.901993,210.916000
2026-03-03T02:00:00Z,210.908997,210.951004,210.686005,210.787994
2026-03-03T03:00:00Z,210.783997,210.873993,210.654007,210.740005
2026-03-03T04:00:00Z,210.742004,210.770004,210.636002,210.653000
2026-03-03T05:00:00Z,210.645004,210.751007,210.296997,210.324005
2026-03-03T06:00:00Z,210.324005,210.378998,209.998001,210.065002
2026-03-03T07:00:00Z,210.063004,210.082001,209.755997,209.904999
2026-03-03T08:00:00Z,209.904999,210.039001,209.518997,209.548004
2026-03-03T09:00:00Z,209.548004,209.753998,209.440002,209.664001
2026-03-03T10:00:00Z,209.660004,209.917999,209.630997,209.684006
2026-03-03T11:00:00Z,209.677994,209.908005,209.416000,209.593994
2026-03-03T12:00:00Z,209.604004,210.117004,209.548004,210.009003
2026-03-03T13:00:00Z,210.003998,210.089996,209.751999,209.895996
2026-03-03T14:00:00Z,209.886002,210.171997,209.498993,209.507996
2026-03-03T15:00:00Z,209.509995,210.057007,209.212997,209.953003
2026-03-03T16:00:00Z,209.949997,210.212006,209.899994,210.173004
2026-03-03T17:00:00Z,210.167999,210.386993,209.925995,210.278000
2026-03-03T18:00:00Z,210.285004,210.531998,210.246002,210.513000
2026-03-03T19:00:00Z,210.509995,210.621002,210.378998,210.574997
2026-03-03T20:00:00Z,210.569000,210.677994,210.470993,210.656998
2026-03-03T21:00:00Z,210.656998,210.738998,210.533997,210.634003
2026-03-03T22:00:00Z,210.578995,210.578995,210.182007,210.348007
2026-03-03T23:00:00Z,210.343994,210.692001,210.268997,210.667999
2026-03-04T00:00:00Z,210.630997,210.673004,209.960007,209.992004
2026-03-04T01:00:00Z,209.998001,210.195007,209.785995,209.987000
2026-03-04T02:00:00Z,209.985001,210.169006,209.925003,210.072006
2026-03-04T03:00:00Z,210.070999,210.117996,209.856003,209.962997
2026-03-04T04:00:00Z,209.953995,209.973999,209.479004,209.494995
2026-03-04T05:00:00Z,209.492996,209.912003,209.481003,209.835007
2026-03-04T06:00:00Z,209.835999,210.033005,209.723007,209.897995
2026-03-04T07:00:00Z,209.906006,210.449005,209.800003,210.354996
2026-03-04T08:00:00Z,210.352005,210.376999,209.944000,209.945007
2026-03-04T09:00:00Z,209.945007,210.328995,209.839996,210.018997
2026-03-04T10:00:00Z,210.018997,210.449997,209.992004,210.419006
2026-03-04T11:00:00Z,210.417007,210.563995,210.139008,210.322998
2026-03-04T12:00:00Z,210.324997,210.339005,209.966995,210.035995
2026-03-04T13:00:00Z,210.037994,210.306000,210.001999,210.179001
2026-03-04T14:00:00Z,210.179993,210.483002,210.070007,210.091003
2026-03-04T15:00:00Z,210.104996,210.391006,209.953003,209.981995
2026-03-04T16:00:00Z,209.970993,210.054993,209.712997,209.781006
2026-03-04T17:00:00Z,209.779999,209.815994,209.479996,209.727997
2026-03-04T18:00:00Z,209.731995,209.839005,209.675995,209.811996
2026-03-04T19:00:00Z,209.815002,209.992004,209.748001,209.977997
2026-03-04T20:00:00Z,209.973007,210.156006,209.927002,210.119995
2026-03-04T21:00:00Z,210.121994,210.149994,209.895004,210.026993
2026-03-04T22:00:00Z,210.007996,210.087997,209.860001,209.910004
2026-03-04T23:00:00Z,209.882996,210.001999,209.820999,209.854996
2026-03-05T00:00:00Z,209.858002,209.862000,209.507004,209.546005
2026-03-05T01:00:00Z,209.554001,209.701996,209.352997,209.544998
2026-03-05T02:00:00Z,209.542999,209.753006,209.453003,209.740005
2026-03-05T03:00:00Z,209.740005,209.768997,209.330002,209.436005
2026-03-05T04:00:00Z,209.434998,209.557999,209.371002,209.524002
2026-03-05T05:00:00Z,209.524002,209.610992,209.268005,209.281998
2026-03-05T06:00:00Z,209.281006,209.401993,209.173996,209.367004
2026-03-05T07:00:00Z,209.352997,209.811005,209.352997,209.804001
2026-03-05T08:00:00Z,209.804993,209.813995,209.354996,209.584000
2026-03-05T09:00:00Z,209.585007,209.917007,209.535004,209.873001
2026-03-05T10:00:00Z,209.871002,210.011993,209.703003,209.988007
2026-03-05T11:00:00Z,209.983002,210.264008,209.955002,210.195007
2026-03-05T12:00:00Z,210.197006,210.462006,210.156998,210.444000
2026-03-05T13:00:00Z,210.444000,210.561996,210.330002,210.539993
2026-03-05T14:00:00Z,210.535004,210.619995,210.164993,210.248993
2026-03-05T15:00:00Z,210.255005,210.270996,209.878006,209.994003
2026-03-05T16:00:00Z,209.983994,210.020996,209.779007,209.873993
2026-03-05T17:00:00Z,209.869003,210.304001,209.841995,210.188004
2026-03-05T18:00:00Z,210.192001,210.470993,210.112000,210.268997
2026-03-05T19:00:00Z,210.268997,210.311996,210.177994,210.201004
2026-03-05T20:00:00Z,210.201004,210.464996,210.195007,210.429993
2026-03-05T21:00:00Z,210.434006,210.479004,210.341995,210.460007
2026-03-05T22:00:00Z,210.389008,210.457001,210.069000,210.186005
2026-03-05T23:00:00Z,210.296005,210.496994,210.121994,210.429001
2026-03-06T00:00:00Z,210.427994,210.514999,210.246994,210.352997
2026-03-06T01:00:00Z,210.362000,210.565002,210.337006,210.472000
2026-03-06T02:00:00Z,210.468002,210.597000,210.460999,210.503006
2026-03-06T03:00:00Z,210.503998,210.591995,210.462997,210.585007
2026-03-06T04:00:00Z,210.582993,210.729004,210.565994,210.682999
2026-03-06T05:00:00Z,210.682999,210.897003,210.669998,210.813004
2026-03-06T06:00:00Z,210.804993,210.985992,210.733994,210.841995
2026-03-06T07:00:00Z,210.850006,210.895996,210.580994,210.608994
2026-03-06T08:00:00Z,210.612000,210.785995,210.514999,210.697006
2026-03-06T09:00:00Z,210.697998,210.710999,210.257004,210.324005
2026-03-06T10:00:00Z,210.315994,210.630005,210.296005,210.615005
2026-03-06T11:00:00Z,210.617004,210.647995,210.354996,210.365005
2026-03-06T12:00:00Z,210.363998,210.707001,210.302994,210.554001
2026-03-06T13:00:00Z,210.554993,210.882996,210.488998,210.567001
2026-03-06T14:00:00Z,210.569000,210.804001,210.274002,210.337006
2026-03-06T15:00:00Z,210.337997,210.897995,210.307999,210.516998
2026-03-06T16:00:00Z,210.514999,211.237000,210.514008,211.194000
2026-03-06T17:00:00Z,211.192001,211.350998,211.132004,211.242996
2026-03-06T18:00:00Z,211.244003,211.399002,211.112000,211.253998
2026-03-06T19:00:00Z,211.253998,211.363998,211.220993,211.332993
2026-03-06T20:00:00Z,211.337997,211.488007,211.298996,211.447998
2026-03-06T21:00:00Z,211.447998,211.647003,211.302002,211.619003
2026-03-06T22:00:00Z,211.613998,211.613998,211.613998,211.613998
2026-03-09T00:00:00Z,210.755005,211.046997,210.651001,210.998993
2026-03-09T01:00:00Z,210.998993,211.018005,210.729996,210.830994
2026-03-09T02:00:00Z,210.834000,211.199005,210.830002,211.149002
2026-03-09T03:00:00Z,211.147995,211.300995,211.076996,211.197998
2026-03-09T04:00:00Z,211.203995,211.382996,211.024994,211.054993
2026-03-09T05:00:00Z,211.057999,211.363007,210.985992,211.160004
2026-03-09T06:00:00Z,211.158997,211.348999,211.057999,211.153000
2026-03-09T07:00:00Z,211.141006,211.485001,211.076996,211.451004
2026-03-09T08:00:00Z,211.453003,211.481003,211.020004,211.270004
2026-03-09T09:00:00Z,211.274994,211.503006,211.123993,211.330002
2026-03-09T10:00:00Z,211.330002,211.479004,211.220993,211.451004
2026-03-09T11:00:00Z,211.451004,211.576004,211.389999,211.514008
2026-03-09T12:00:00Z,211.513000,211.779007,211.445999,211.723999
2026-03-09T13:00:00Z,211.727997,211.828995,211.587006,211.720993
2026-03-09T14:00:00Z,211.720001,211.936996,211.485992,211.873993
2026-03-09T15:00:00Z,211.871994,212.044998,211.606995,211.714005
2026-03-09T16:00:00Z,211.712997,211.957001,211.705002,211.751999
2026-03-09T17:00:00Z,211.755997,211.981003,211.727997,211.932999
2026-03-09T18:00:00Z,211.929993,212.074005,211.927994,212.009995
2026-03-09T19:00:00Z,212.009995,212.175995,211.835999,211.981995
2026-03-09T20:00:00Z,211.977005,212.098999,211.738007,211.738007
2026-03-09T21:00:00Z,211.740005,212.031998,211.705002,211.899994
2026-03-09T22:00:00Z,211.856995,212.065994,211.845001,211.966003
2026-03-09T23:00:00Z,211.964005,212.026993,211.876999,211.899994
2026-03-10T00:00:00Z,211.916000,212.016006,211.692993,211.720993
2026-03-10T01:00:00Z,211.718994,211.826996,211.582993,211.699997
2026-03-10T02:00:00Z,211.699997,211.813995,211.662994,211.798996
2026-03-10T03:00:00Z,211.798004,211.929001,211.757996,211.822006
2026-03-10T04:00:00Z,211.822006,211.869003,211.731003,211.804993
2026-03-10T05:00:00Z,211.807007,211.893997,211.675003,211.794998
2026-03-10T06:00:00Z,211.796005,212.009995,211.725998,211.895996
2026-03-10T07:00:00Z,211.893997,212.085999,211.813995,211.992004
2026-03-10T08:00:00Z,211.987000,212.259995,211.949005,212.242004
2026-03-10T09:00:00Z,212.246002,212.294998,212.085999,212.166000
2026-03-10T10:00:00Z,212.164993,212.285995,212.126007,212.201004
2026-03-10T11:00:00Z,212.201996,212.335999,212.128006,212.136993
2026-03-10T12:00:00Z,212.139008,212.270004,212.061005,212.110001
2026-03-10T13:00:00Z,212.110992,212.399994,212.052002,212.253998
2026-03-10T14:00:00Z,212.248993,212.382996,212.164993,212.358002
2026-03-10T15:00:00Z,212.360001,212.412994,212.082993,212.085007
2026-03-10T16:00:00Z,212.085007,212.201004,212.005005,212.125000
2026-03-10T17:00:00Z,212.126007,212.227997,212.078995,212.160995
2026-03-10T18:00:00Z,212.158997,212.233994,211.977997,211.988998
2026-03-10T19:00:00Z,211.992004,212.179001,211.970993,212.048004
2026-03-10T20:00:00Z,212.048996,212.093994,211.981995,212.033005
2026-03-10T21:00:00Z,212.035004,212.162994,211.942993,212.033997
2026-03-10T22:00:00Z,212.014999,212.177002,211.981003,212.139999
2026-03-10T23:00:00Z,212.128998,212.210999,212.078003,212.182007
2026-03-11T00:00:00Z,212.162003,212.520996,212.119003,212.455994
2026-03-11T01:00:00Z,212.459000,212.850006,212.453995,212.806000
2026-03-11T02:00:00Z,212.809998,212.882996,212.753006,212.835007
2026-03-11T03:00:00Z,212.835007,212.863998,212.733994,212.798996
2026-03-11T04:00:00Z,212.800995,212.884995,212.701996,212.705994
2026-03-11T05:00:00Z,212.710999,212.783005,212.630005,212.703003
2026-03-11T06:00:00Z,212.701004,212.710007,212.356995,212.475998
2026-03-11T07:00:00Z,212.479996,212.647995,212.386993,212.563995
2026-03-11T08:00:00Z,212.565994,212.684998,212.423004,212.671005
2026-03-11T09:00:00Z,212.675995,212.710007,212.386002,212.602005
2026-03-11T10:00:00Z,212.595993,212.878998,212.552002,212.832001
2026-03-11T11:00:00Z,212.824005,212.973999,212.714005,212.828003
2026-03-11T12:00:00Z,212.828003,212.908997,212.442001,212.514999
2026-03-11T13:00:00Z,212.514999,212.753006,212.470001,212.645996
2026-03-11T14:00:00Z,212.651993,213.072006,212.619995,213.003998
2026-03-11T15:00:00Z,213.003998,213.052994,212.738007,212.789993
2026-03-11T16:00:00Z,212.789993,213.031998,212.751999,212.988007
2026-03-11T17:00:00Z,212.988007,213.194000,212.960999,213.013000
2026-03-11T18:00:00Z,213.007996,213.216003,212.988007,213.195999
2026-03-11T19:00:00Z,213.199997,213.300003,213.156998,213.272003
2026-03-11T20:00:00Z,213.291000,213.291000,213.132996,213.160995
2026-03-11T21:00:00Z,213.141006,213.173996,212.916000,213.011993
2026-03-11T22:00:00Z,213.009003,213.190994,212.843994,212.860001
2026-03-11T23:00:00Z,212.867996,213.003998,212.807007,212.871002
2026-03-12T00:00:00Z,212.886002,213.029007,212.731995,212.748993
2026-03-12T01:00:00Z,212.742996,212.806000,212.643997,212.679993
2026-03-12T02:00:00Z,212.679993,212.776001,212.602997,212.664993
2026-03-12T03:00:00Z,212.658997,212.671005,212.554993,212.636002
2026-03-12T04:00:00Z,212.634995,212.699997,212.613007,212.626007
2026-03-12T05:00:00Z,212.626007,212.710007,212.554001,212.699005
2026-03-12T06:00:00Z,212.699005,212.742996,212.565002,212.623001
2026-03-12T07:00:00Z,212.617996,212.764999,212.546005,212.658997
2026-03-12T08:00:00Z,212.664001,212.679001,212.483002,212.559998
2026-03-12T09:00:00Z,212.559998,212.679001,212.511002,212.613007
2026-03-12T10:00:00Z,212.617996,212.632004,212.455994,212.554993
2026-03-12T11:00:00Z,212.559998,212.682007,212.524002,212.604004
2026-03-12T12:00:00Z,212.600998,212.649002,212.427994,212.561996
2026-03-12T13:00:00Z,212.559006,212.740005,212.518005,212.554993
2026-03-12T14:00:00Z,212.556000,212.695999,212.500000,212.613007
2026-03-12T15:00:00Z,212.608002,212.641998,212.399002,212.514008
2026-03-12T16:00:00Z,212.511002,212.695999,212.432007,212.507004
2026-03-12T17:00:00Z,212.507004,212.783997,212.500000,212.774002
2026-03-12T18:00:00Z,212.778000,212.867004,212.656998,212.679001
2026-03-12T19:00:00Z,212.679993,212.763000,212.626999,212.720001
2026-03-12T20:00:00Z,212.720993,212.757004,212.544006,212.563004
2026-03-12T21:00:00Z,212.539001,212.740997,212.376999,212.585007
2026-03-12T22:00:00Z,212.591995,212.737000,212.509995,212.598007
2026-03-12T23:00:00Z,212.597000,212.705994,212.539993,212.574997
2026-03-13T00:00:00Z,212.597000,212.699997,212.412994,212.597000
2026-03-13T01:00:00Z,212.591003,212.720001,212.582993,212.714005
2026-03-13T02:00:00Z,212.712997,212.815002,212.615005,212.669006
2026-03-13T03:00:00Z,212.669998,212.712997,212.589005,212.679001
2026-03-13T04:00:00Z,212.677994,212.876007,212.557999,212.630005
2026-03-13T05:00:00Z,212.641998,212.643997,212.399002,212.552002
2026-03-13T06:00:00Z,212.546005,212.559998,212.207993,212.281006
2026-03-13T07:00:00Z,212.264008,212.302002,211.639999,211.723007
2026-03-13T08:00:00Z,211.723007,211.723007,211.272995,211.279007
2026-03-13T09:00:00Z,211.281998,211.615005,211.244003,211.500000
2026-03-13T10:00:00Z,211.498001,211.613998,211.306000,211.358002
2026-03-13T11:00:00Z,211.363007,211.462006,211.121994,211.128006
2026-03-13T12:00:00Z,211.126007,211.516006,211.085999,211.447006
2026-03-13T13:00:00Z,211.447998,211.529007,211.244003,211.264999
2026-03-13T14:00:00Z,211.276001,211.438004,211.123001,211.242004
2026-03-13T15:00:00Z,211.240997,211.358002,211.136002,211.207001
2026-03-13T16:00:00Z,211.209000,211.384995,211.171997,211.376999
2026-03-13T17:00:00Z,211.376999,211.513000,211.328995,211.360001
2026-03-13T18:00:00Z,211.360001,211.475998,211.307007,211.404999
2026-03-13T19:00:00Z,211.406006,211.408997,211.166000,211.201996
2026-03-13T20:00:00Z,211.197998,211.238998,211.059998,211.149002
2026-03-13T21:00:00Z,211.201996,211.253998,211.201996,211.253998
2026-03-13T22:00:00Z,211.253998,211.253998,211.253998,211.253998
2026-03-16T00:00:00Z,211.358002,211.417007,211.164993,211.278000
2026-03-16T01:00:00Z,211.274002,211.393997,211.227005,211.367004
2026-03-16T02:00:00Z,211.369995,211.565002,211.343994,211.503006
2026-03-16T03:00:00Z,211.507004,211.574997,211.468002,211.514008
2026-03-16T04:00:00Z,211.507004,211.582001,211.419006,211.432007
2026-03-16T05:00:00Z,211.427002,211.479996,211.123993,211.126007
2026-03-16T06:00:00Z,211.128006,211.199997,210.938995,211.057999
2026-03-16T07:00:00Z,211.057007,211.072006,210.794998,210.947998
2026-03-16T08:00:00Z,210.947998,211.175003,210.897003,211.166000
2026-03-16T09:00:00Z,211.160995,211.218002,211.011993,211.052002
2026-03-16T10:00:00Z,211.056000,211.345993,211.033997,211.322998
2026-03-16T11:00:00Z,211.320007,211.360992,211.225006,211.306000
2026-03-16T12:00:00Z,211.309006,211.362000,211.197006,211.283997
2026-03-16T13:00:00Z,211.285004,211.570007,211.270004,211.501007
2026-03-16T14:00:00Z,211.494995,211.664001,211.382004,211.613007
2026-03-16T15:00:00Z,211.610001,211.929993,211.606995,211.891006
2026-03-16T16:00:00Z,211.886993,211.938995,211.710999,211.865005
2026-03-16T17:00:00Z,211.873001,211.998993,211.845001,211.854004
2026-03-16T18:00:00Z,211.858994,211.985001,211.847000,211.938004
2026-03-16T19:00:00Z,211.927994,212.117004,211.925995,212.085007
2026-03-16T20:00:00Z,212.085999,212.102997,211.768997,211.787994
2026-03-16T21:00:00Z,211.770996,211.940994,211.679001,211.809998
2026-03-16T22:00:00Z,211.822998,211.940994,211.751007,211.832001
2026-03-16T23:00:00Z,211.820007,211.929001,211.791000,211.832001
2026-03-17T00:00:00Z,211.837006,211.945999,211.791000,211.921005
2026-03-17T01:00:00Z,211.919998,212.117996,211.878006,212.076004
2026-03-17T02:00:00Z,212.070007,212.138000,212.031006,212.042999
2026-03-17T03:00:00Z,212.042007,212.119995,211.936005,211.966995
2026-03-17T04:00:00Z,211.964996,212.022003,211.895996,211.953003
2026-03-17T05:00:00Z,211.955994,212.031006,211.822006,211.847000
2026-03-17T06:00:00Z,211.839005,211.878998,211.623993,211.774994
2026-03-17T07:00:00Z,211.779007,211.996994,211.727005,211.860001
2026-03-17T08:00:00Z,211.856995,212.080994,211.645004,212.065994
2026-03-17T09:00:00Z,212.061005,212.235001,212.039001,212.201996
2026-03-17T10:00:00Z,212.195007,212.266998,211.973999,212.009003
2026-03-17T11:00:00Z,212.005005,212.106995,211.817001,211.873993
2026-03-17T12:00:00Z,211.873993,212.080002,211.832993,212.018005
2026-03-17T13:00:00Z,212.022995,212.169006,211.960999,212.037994
2026-03-17T14:00:00Z,212.033005,212.244995,212.014008,212.141006
2026-03-17T15:00:00Z,212.136002,212.266006,212.063004,212.190002
2026-03-17T16:00:00Z,212.181000,212.218002,212.014999,212.141998
2026-03-17T17:00:00Z,212.136993,212.378998,212.136993,212.360001
2026-03-17T18:00:00Z,212.360001,212.436005,212.322006,212.419998
2026-03-17T19:00:00Z,212.414993,212.485001,212.350998,212.373001
2026-03-17T20:00:00Z,212.373001,212.416000,212.253998,212.315002
2026-03-17T21:00:00Z,212.272995,212.438995,212.143005,212.348999
2026-03-17T22:00:00Z,212.347000,212.416000,212.188995,212.352005
2026-03-17T23:00:00Z,212.334000,212.384003,212.167007,212.248993
2026-03-18T00:00:00Z,212.253006,212.492004,212.117996,212.371002
2026-03-18T01:00:00Z,212.365997,212.438995,212.281998,212.324005
2026-03-18T02:00:00Z,212.326004,212.343002,212.136002,212.182007
2026-03-18T03:00:00Z,212.188004,212.324005,212.171997,212.302994
2026-03-18T04:00:00Z,212.302994,212.335999,212.160004,212.227997
2026-03-18T05:00:00Z,212.223007,212.264008,212.095993,212.207001
2026-03-18T06:00:00Z,212.203995,212.220001,212.033005,212.145996
2026-03-18T07:00:00Z,212.151993,212.279999,211.944000,212.014008
2026-03-18T08:00:00Z,212.011002,212.242996,211.994995,212.192993
2026-03-18T09:00:00Z,212.194000,212.347000,212.179001,212.302002
2026-03-18T10:00:00Z,212.300995,212.423996,212.242996,212.358994
2026-03-18T11:00:00Z,212.360992,212.490997,212.307007,212.382004
2026-03-18T12:00:00Z,212.378006,212.444000,212.177994,212.287994
2026-03-18T13:00:00Z,212.287994,212.529999,212.270996,212.529007
2026-03-18T14:00:00Z,212.509003,212.634003,212.184006,212.436996
2026-03-18T15:00:00Z,212.429993,212.565002,212.326004,212.464005
2026-03-18T16:00:00Z,212.460999,212.662003,212.436005,212.651001
2026-03-18T17:00:00Z,212.653000,212.729004,212.541000,212.649994
2026-03-18T18:00:00Z,212.641006,212.666000,212.253006,212.264008
2026-03-18T19:00:00Z,212.266006,212.328995,212.110001,212.190994
2026-03-18T20:00:00Z,212.194000,212.229996,211.835999,211.835999
2026-03-18T21:00:00Z,211.858994,212.074005,211.761993,211.988998
2026-03-18T22:00:00Z,211.988998,211.990005,211.748001,211.832001
2026-03-18T23:00:00Z,211.832001,211.981995,211.809998,211.964996
2026-03-19T00:00:00Z,211.966995,212.270004,211.953995,212.266006
2026-03-19T01:00:00Z,212.255997,212.348999,212.061996,212.078003
2026-03-19T02:00:00Z,212.078003,212.240997,211.979996,212.134003
2026-03-19T03:00:00Z,212.134003,212.212006,211.992004,212.007996
2026-03-19T04:00:00Z,212.005005,212.009003,211.819000,211.888000
2026-03-19T05:00:00Z,211.888000,211.977997,211.807007,211.830994
2026-03-19T06:00:00Z,211.832001,211.996002,211.755997,211.839005
2026-03-19T07:00:00Z,211.826004,211.865997,211.141998,211.188995
2026-03-19T08:00:00Z,211.195007,211.298004,210.835999,210.962997
2026-03-19T09:00:00Z,210.962006,211.522003,210.955002,211.425995
2026-03-19T10:00:00Z,211.429001,211.455002,211.235992,211.291000
2026-03-19T11:00:00Z,211.294998,211.447006,211.143997,211.410004
2026-03-19T12:00:00Z,211.395004,211.695999,211.268997,211.322998
2026-03-19T13:00:00Z,211.324005,211.421005,210.791000,211.222000
2026-03-19T14:00:00Z,211.218994,211.645996,211.074997,211.645996
2026-03-19T15:00:00Z,211.643005,211.901001,211.225006,211.322006
2026-03-19T16:00:00Z,211.309006,211.464005,211.167999,211.285004
2026-03-19T17:00:00Z,211.289993,211.612000,211.279007,211.518005
2026-03-19T18:00:00Z,211.516998,211.643997,211.468994,211.606003
2026-03-19T19:00:00Z,211.604996,212.156006,211.602997,211.723999
2026-03-19T20:00:00Z,211.722000,211.873001,211.660004,211.809006
2026-03-19T21:00:00Z,211.809998,212.003006,211.576996,211.819000
2026-03-19T22:00:00Z,211.809998,211.998001,211.764999,211.940994
2026-03-19T23:00:00Z,211.940994,212.070999,211.921997,211.994995
2026-03-20T00:00:00Z,211.996994,212.067993,211.794998,211.906998
2026-03-20T01:00:00Z,211.899002,212.143997,211.806000,212.110992
2026-03-20T02:00:00Z,212.098007,212.356003,212.098007,212.307007
2026-03-20T03:00:00Z,212.311996,212.337997,212.203995,212.300003
2026-03-20T04:00:00Z,212.289993,212.343002,212.255005,212.264008
2026-03-20T05:00:00Z,212.270004,212.347000,212.248993,212.283005
2026-03-20T06:00:00Z,212.283005,212.395004,212.266006,212.311996
2026-03-20T07:00:00Z,212.311996,212.684998,212.266006,212.529007
2026-03-20T08:00:00Z,212.535004,212.768005,212.528000,212.636002
2026-03-20T09:00:00Z,212.639999,212.692001,212.498993,212.546005
2026-03-20T10:00:00Z,212.544006,212.572006,212.261993,212.337997
2026-03-20T11:00:00Z,212.337006,212.475006,212.223007,212.401001
2026-03-20T12:00:00Z,212.399994,212.619995,212.283005,212.348007
2026-03-20T13:00:00Z,212.350998,212.432999,212.175995,212.300003
2026-03-20T14:00:00Z,212.304001,212.343002,211.751007,211.759995
2026-03-20T15:00:00Z,211.761002,212.233994,211.744995,211.832001
2026-03-20T16:00:00Z,211.832993,212.235992,211.819000,212.184006
2026-03-20T17:00:00Z,212.190002,212.414001,212.177002,212.345993
2026-03-20T18:00:00Z,212.345993,212.606995,212.337006,212.348007
2026-03-20T19:00:00Z,212.352997,212.509995,212.210999,212.395996
2026-03-20T20:00:00Z,212.395996,212.507004,212.287003,212.384003
2026-03-20T21:00:00Z,212.427994,212.444000,212.427994,212.444000
2026-03-20T22:00:00Z,212.444000,212.444000,212.444000,212.444000
2026-03-23T00:00:00Z,212.212997,212.451004,212.000000,212.436996
2026-03-23T01:00:00Z,212.447006,212.740005,212.404007,212.628998
2026-03-23T02:00:00Z,212.626999,212.694000,212.410995,212.466003
2026-03-23T03:00:00Z,212.475998,212.578995,212.248993,212.300003
2026-03-23T04:00:00Z,212.304993,212.410004,212.237000,212.375000
2026-03-23T05:00:00Z,212.375000,212.421005,212.212006,212.242996
2026-03-23T06:00:00Z,212.238998,212.270996,211.912003,211.927994
2026-03-23T07:00:00Z,211.929993,212.233002,211.850006,212.074997
2026-03-23T08:00:00Z,212.084000,212.600998,212.063995,212.184006
2026-03-23T09:00:00Z,212.184006,212.264999,211.653000,211.695007
2026-03-23T10:00:00Z,211.692993,211.815002,211.574005,211.695007
2026-03-23T11:00:00Z,211.695007,213.003998,211.576996,212.268005
2026-03-23T12:00:00Z,212.266006,212.880997,212.153000,212.848999
2026-03-23T13:00:00Z,212.854996,212.906998,212.417999,212.557007
2026-03-23T14:00:00Z,212.561005,213.302994,212.414001,212.973007
2026-03-23T15:00:00Z,212.970001,213.093002,212.399002,212.408005
2026-03-23T16:00:00Z,212.410995,212.781006,212.365997,212.647003
2026-03-23T17:00:00Z,212.641006,212.779007,212.546997,212.690002
2026-03-23T18:00:00Z,212.688995,212.740997,212.483994,212.669006
2026-03-23T19:00:00Z,212.667999,212.794998,212.619995,212.764999
2026-03-23T20:00:00Z,212.778000,212.834000,212.598999,212.789001
2026-03-23T21:00:00Z,212.669006,212.912003,212.496994,212.716003
2026-03-23T22:00:00Z,212.709000,212.757004,212.578003,212.662994
2026-03-23T23:00:00Z,212.666000,212.783997,212.580994,212.755997
2026-03-24T00:00:00Z,212.772995,212.807007,212.345993,212.492996
2026-03-24T01:00:00Z,212.494995,212.526993,212.278000,212.406006
2026-03-24T02:00:00Z,212.404007,212.654999,212.382004,212.623993
2026-03-24T03:00:00Z,212.623001,212.710007,212.520996,212.667999
2026-03-24T04:00:00Z,212.664001,212.695999,212.516006,212.628998
2026-03-24T05:00:00Z,212.626007,212.653000,212.459000,212.531998
2026-03-24T06:00:00Z,212.531998,212.761993,212.522003,212.707993
2026-03-24T07:00:00Z,212.707993,212.977005,212.703995,212.860001
2026-03-24T08:00:00Z,212.865005,212.865005,212.248001,212.432007
2026-03-24T09:00:00Z,212.432999,212.621994,212.373001,212.600998
2026-03-24T10:00:00Z,212.589996,212.755005,212.570007,212.733002
2026-03-24T11:00:00Z,212.723007,212.839996,212.552994,212.690994
2026-03-24T12:00:00Z,212.690994,212.802994,212.557999,212.695007
2026-03-24T13:00:00Z,212.688995,212.701996,212.384003,212.423004
2026-03-24T14:00:00Z,212.427994,212.869003,212.404007,212.667999
2026-03-24T15:00:00Z,212.667999,212.714996,212.475006,212.619995
2026-03-24T16:00:00Z,212.621002,212.725998,212.554993,212.673996
2026-03-24T17:00:00Z,212.679993,212.802994,212.479004,212.789993
2026-03-24T18:00:00Z,212.800995,212.830002,212.630997,212.748993
2026-03-24T19:00:00Z,212.755005,212.813004,212.677994,212.757004
2026-03-24T20:00:00Z,212.761993,212.921005,212.636993,212.789001
2026-03-24T21:00:00Z,212.764999,212.908005,212.513000,212.779007
2026-03-24T22:00:00Z,212.783005,212.927994,212.684006,212.906998
2026-03-24T23:00:00Z,212.908997,212.981003,212.858994,212.906006
2026-03-25T00:00:00Z,212.889008,213.188004,212.854996,213.031006
2026-03-25T01:00:00Z,213.035004,213.110001,212.884003,212.904007
2026-03-25T02:00:00Z,212.904999,212.945999,212.789993,212.832993
2026-03-25T03:00:00Z,212.834000,212.867996,212.740997,212.761002
2026-03-25T04:00:00Z,212.770996,212.929993,212.725006,212.761002
2026-03-25T05:00:00Z,212.761002,212.826996,212.626999,212.649002
2026-03-25T06:00:00Z,212.647995,212.882004,212.623993,212.746002
2026-03-25T07:00:00Z,212.718994,213.126007,212.718002,213.085999
2026-03-25T08:00:00Z,213.080002,213.209000,212.830994,212.863007
2026-03-25T09:00:00Z,212.869995,212.962997,212.759003,212.843002
2026-03-25T10:00:00Z,212.843002,213.117004,212.841003,213.065002
2026-03-25T11:00:00Z,213.067001,213.167007,213.037003,213.085999
2026-03-25T12:00:00Z,213.085999,213.207001,212.893997,212.981995
2026-03-25T13:00:00Z,212.983002,213.042007,212.750000,212.798996
2026-03-25T14:00:00Z,212.794006,212.951004,212.634995,212.878006
2026-03-25T15:00:00Z,212.882004,212.998001,212.653000,212.873993
2026-03-25T16:00:00Z,212.871002,213.074997,212.738998,213.042007
2026-03-25T17:00:00Z,213.041000,213.195007,213.000000,213.147995
2026-03-25T18:00:00Z,213.141998,213.175003,212.994995,213.072998
2026-03-25T19:00:00Z,213.072998,213.156998,213.046005,213.126999
2026-03-25T20:00:00Z,213.126999,213.154007,213.022003,213.093002
2026-03-25T21:00:00Z,213.067993,213.171005,212.899994,212.979004
2026-03-25T22:00:00Z,212.981995,213.112000,212.949997,212.992004
2026-03-25T23:00:00Z,212.983994,213.035004,212.931000,212.988998
2026-03-26T00:00:00Z,212.975006,213.078995,212.897003,213.026993
2026-03-26T01:00:00Z,213.024002,213.113007,212.985992,213.091995
2026-03-26T02:00:00Z,213.085007,213.106995,212.917999,212.983002
2026-03-26T03:00:00Z,212.972000,213.125000,212.917999,213.102005
2026-03-26T04:00:00Z,213.095993,213.115005,213.013000,213.080002
2026-03-26T05:00:00Z,213.080002,213.097000,212.947006,212.988998
2026-03-26T06:00:00Z,212.988007,213.091995,212.884995,212.903000
2026-03-26T07:00:00Z,212.908997,213.000000,212.729996,212.919006
2026-03-26T08:00:00Z,212.921997,212.932999,212.690002,212.925995
2026-03-26T09:00:00Z,212.927002,213.018997,212.809006,212.975006
2026-03-26T10:00:00Z,212.981003,213.076996,212.910004,212.962997
2026-03-26T11:00:00Z,212.968994,213.020004,212.748993,212.755005
2026-03-26T12:00:00Z,212.757004,212.863007,212.684998,212.796005
2026-03-26T13:00:00Z,212.800003,213.156006,212.792999,213.042999
2026-03-26T14:00:00Z,213.044998,213.302994,213.005005,213.181000
2026-03-26T15:00:00Z,213.171005,213.264999,212.970001,213.147995
2026-03-26T16:00:00Z,213.145004,213.186005,212.921997,212.940994
2026-03-26T17:00:00Z,212.940994,213.091995,212.768997,212.772003
2026-03-26T18:00:00Z,212.772995,212.923004,212.753998,212.903000
2026-03-26T19:00:00Z,212.904007,212.940002,212.757004,212.776993
2026-03-26T20:00:00Z,212.779999,213.074005,212.725006,212.998993
2026-03-26T21:00:00Z,212.936996,213.080994,212.738998,212.835007
2026-03-26T22:00:00Z,212.867996,213.207001,212.837006,212.932999
2026-03-26T23:00:00Z,212.903000,212.985992,212.850006,212.983002
2026-03-27T00:00:00Z,212.970001,212.990005,212.582993,212.733994
2026-03-27T01:00:00Z,212.733994,212.899994,212.673004,212.785004
2026-03-27T02:00:00Z,212.781006,212.901993,212.781006,212.828995
2026-03-27T03:00:00Z,212.830994,212.940994,212.744995,212.927994
2026-03-27T04:00:00Z,212.923996,212.988007,212.834000,212.977005
2026-03-27T05:00:00Z,212.973999,213.022995,212.893997,212.927002
2026-03-27T06:00:00Z,212.927002,213.044998,212.897003,212.994995
2026-03-27T07:00:00Z,213.009995,213.095993,212.925995,212.936005
2026-03-27T08:00:00Z,212.936005,212.975006,212.710999,212.798996
2026-03-27T09:00:00Z,212.796005,212.867996,212.613998,212.710007
2026-03-27T10:00:00Z,212.707993,212.807007,212.666000,212.714996
2026-03-27T11:00:00Z,212.714005,212.727005,212.324005,212.332001
2026-03-27T12:00:00Z,212.334000,212.367004,212.220001,212.339005
2026-03-27T13:00:00Z,212.341003,212.692001,212.292999,212.595993
2026-03-27T14:00:00Z,212.598007,212.931000,212.552002,212.839005
2026-03-27T15:00:00Z,212.839996,212.968994,212.561005,212.867004
2026-03-27T16:00:00Z,212.873001,213.005005,212.565994,212.612000
2026-03-27T17:00:00Z,212.608002,212.785995,212.585999,212.729996
2026-03-27T18:00:00Z,212.718994,212.802002,212.641006,212.651001
2026-03-27T19:00:00Z,212.649002,212.658005,212.526001,212.537994
2026-03-27T20:00:00Z,212.539001,212.707993,212.453003,212.501007
2026-03-27T21:00:00Z,212.542007,212.542007,212.542007,212.542007
2026-03-29T23:00:00Z,212.337997,212.414001,212.078995,212.108002
2026-03-30T00:00:00Z,212.097000,212.134003,211.863007,211.869995
2026-03-30T01:00:00Z,211.865005,211.987000,211.837006,211.893997
2026-03-30T02:00:00Z,211.901001,211.944000,211.746002,211.910004
2026-03-30T03:00:00Z,211.910004,212.074005,211.858994,212.057999
2026-03-30T04:00:00Z,212.057007,212.057007,211.903000,212.007004
2026-03-30T05:00:00Z,212.001999,212.080002,211.947006,211.992996
2026-03-30T06:00:00Z,212.001999,212.106995,211.917999,211.990005
2026-03-30T07:00:00Z,211.996994,211.998001,211.434998,211.628998
2026-03-30T08:00:00Z,211.628998,211.647003,211.274002,211.335007
2026-03-30T09:00:00Z,211.328003,211.376007,211.160004,211.233002
2026-03-30T10:00:00Z,211.223007,211.320999,211.067001,211.128006
2026-03-30T11:00:00Z,211.128006,211.289001,211.046005,211.046005
2026-03-30T12:00:00Z,211.050995,211.070999,210.783997,210.813995
2026-03-30T13:00:00Z,210.813004,210.882996,210.248993,210.304993
2026-03-30T14:00:00Z,210.315002,210.639999,210.235992,210.542999
2026-03-30T15:00:00Z,210.554993,210.574997,210.276993,210.341003
2026-03-30T16:00:00Z,210.341003,210.373993,210.192001,210.300995
2026-03-30T17:00:00Z,210.304993,210.455994,210.278000,210.395004
2026-03-30T18:00:00Z,210.395004,210.533005,210.319000,210.464996
2026-03-30T19:00:00Z,210.462997,210.563995,210.365005,210.556000
2026-03-30T20:00:00Z,210.548004,210.600006,210.445999,210.542999
2026-03-30T21:00:00Z,210.550003,210.649994,210.315994,210.550995
2026-03-30T22:00:00Z,210.554001,210.626999,210.496002,210.598999
2026-03-30T23:00:00Z,210.602997,210.613998,210.436996,210.535995
2026-03-31T00:00:00Z,210.535004,211.057007,210.414993,211.044998
2026-03-31T01:00:00Z,211.039993,211.214996,210.938004,211.018997
2026-03-31T02:00:00Z,211.022003,211.031998,210.783997,210.811005
2026-03-31T03:00:00Z,210.819000,210.891006,210.763000,210.822006
2026-03-31T04:00:00Z,210.828003,210.852997,210.636002,210.647003
2026-03-31T05:00:00Z,210.638000,210.830994,210.395996,210.699005
2026-03-31T06:00:00Z,210.707993,210.927994,210.621994,210.919006
2026-03-31T07:00:00Z,210.912994,210.953003,210.697998,210.804001
2026-03-31T08:00:00Z,210.802994,210.957001,210.714005,210.826996
2026-03-31T09:00:00Z,210.809006,211.020996,210.714005,210.951004
2026-03-31T10:00:00Z,210.953003,211.001007,210.819000,210.832993
2026-03-31T11:00:00Z,210.824005,211.005997,210.714996,210.981995
2026-03-31T12:00:00Z,210.972000,211.201004,210.932007,210.942993
2026-03-31T13:00:00Z,210.940002,211.033005,210.776993,210.957001
2026-03-31T14:00:00Z,210.947006,211.050995,209.598007,209.798996
2026-03-31T15:00:00Z,209.809998,210.093994,209.671005,209.727997
2026-03-31T16:00:00Z,209.733002,210.199005,209.694000,210.063004
2026-03-31T17:00:00Z,210.056000,210.419998,210.033005,210.289993
2026-03-31T18:00:00Z,210.281998,210.410004,210.123001,210.158997
2026-03-31T19:00:00Z,210.156998,210.264999,210.005997,210.059998
2026-03-31T20:00:00Z,210.057999,210.091995,209.809006,209.873001
2026-03-31T21:00:00Z,209.860992,210.098999,209.703003,209.744995
2026-03-31T22:00:00Z,209.744995,210.054001,209.740005,209.901993
2026-03-31T23:00:00Z,209.932999,210.050003,209.813995,209.945999
2026-04-01T00:00:00Z,209.947998,210.393997,209.882004,210.259995
2026-04-01T01:00:00Z,210.250000,210.386993,209.949997,209.979996
2026-04-01T02:00:00Z,209.979004,210.166000,209.953003,210.072006
2026-04-01T03:00:00Z,210.072006,210.222000,209.860001,210.147995
2026-04-01T04:00:00Z,210.156006,210.376007,210.132004,210.199005
2026-04-01T05:00:00Z,210.197998,210.541000,210.188004,210.276993
2026-04-01T06:00:00Z,210.276993,210.580994,210.203003,210.296997
2026-04-01T07:00:00Z,210.289001,210.623993,210.156998,210.548996
2026-04-01T08:00:00Z,210.554001,210.828003,210.485001,210.654999
2026-04-01T09:00:00Z,210.656006,210.996994,210.570007,210.893997
2026-04-01T10:00:00Z,210.901001,211.199997,210.757996,210.783997
2026-04-01T11:00:00Z,210.776993,211.069000,210.729004,210.863007
2026-04-01T12:00:00Z,210.865997,211.009003,210.681000,210.852997
2026-04-01T13:00:00Z,210.858002,211.214996,210.755997,211.093002
2026-04-01T14:00:00Z,211.119995,211.352997,210.899002,211.248001
2026-04-01T15:00:00Z,211.244995,211.466995,211.091995,211.367004
2026-04-01T16:00:00Z,211.362000,211.490997,211.218994,211.410995
2026-04-01T17:00:00Z,211.417007,211.492996,211.192993,211.281006
2026-04-01T18:00:00Z,211.281998,211.350998,211.037003,211.199997
2026-04-01T19:00:00Z,211.203995,211.408997,211.141998,211.253006
2026-04-01T20:00:00Z,211.248001,211.363998,211.115005,211.115005
2026-04-01T21:00:00Z,211.154999,211.350006,210.862000,211.078995
2026-04-01T22:00:00Z,211.093002,211.251999,210.962997,211.003998
2026-04-01T23:00:00Z,210.981003,211.126007,210.947998,211.078995
2026-04-02T00:00:00Z,211.074997,211.279999,210.975998,211.177002
2026-04-02T01:00:00Z,211.175995,211.276001,210.858994,211.093994
2026-04-02T02:00:00Z,211.087006,211.201004,210.951996,211.125000
2026-04-02T03:00:00Z,211.126007,211.177002,210.837006,210.882996
2026-04-02T04:00:00Z,210.886002,210.955994,210.830002,210.863007
2026-04-02T05:00:00Z,210.856003,210.925003,210.623993,210.660995
2026-04-02T06:00:00Z,210.662994,210.753998,210.334000,210.720993
2026-04-02T07:00:00Z,210.731003,211.074005,210.679993,210.862000
2026-04-02T08:00:00Z,210.865005,210.966995,210.664001,210.751007
2026-04-02T09:00:00Z,210.755997,210.826996,210.602005,210.617004
2026-04-02T10:00:00Z,210.617004,210.643005,210.464996,210.522003
2026-04-02T11:00:00Z,210.513000,210.835007,210.513000,210.791000
2026-04-02T12:00:00Z,210.791000,210.985001,210.757004,210.895004
2026-04-02T13:00:00Z,210.895004,210.947998,210.682999,210.774002
2026-04-02T14:00:00Z,210.772003,211.048996,210.574005,211.009003
2026-04-02T15:00:00Z,211.014999,211.063004,210.751007,210.904007
2026-04-02T16:00:00Z,210.904999,211.074997,210.764999,211.013000
2026-04-02T17:00:00Z,211.011002,211.203003,210.968994,211.011993
2026-04-02T18:00:00Z,211.014008,211.162003,211.011993,211.050995
2026-04-02T19:00:00Z,211.048996,211.141998,210.979996,211.078995
2026-04-02T20:00:00Z,211.082993,211.115005,210.945007,211.035995
2026-04-02T21:00:00Z,211.039001,211.143997,210.759995,210.938995
2026-04-02T22:00:00Z,210.869995,211.050995,210.869995,210.970993
2026-04-02T23:00:00Z,210.955994,211.026993,210.936996,210.977997
2026-04-03T00:00:00Z,210.977005,211.201996,210.901001,211.197998
2026-04-03T01:00:00Z,211.190002,211.218002,211.070007,211.138000
2026-04-03T02:00:00Z,211.143997,211.203995,211.085999,211.167007
2026-04-03T03:00:00Z,211.167007,211.229996,211.070999,211.089996
2026-04-03T04:00:00Z,211.087006,211.134995,210.996002,211.102997
2026-04-03T05:00:00Z,211.097000,211.281006,211.035004,211.251007
2026-04-03T06:00:00Z,211.246002,211.281006,211.169006,211.227005
2026-04-03T07:00:00Z,211.225998,211.309998,211.195007,211.240997
2026-04-03T08:00:00Z,211.240997,211.300995,211.167999,211.264999
2026-04-03T09:00:00Z,211.264999,211.283005,211.160995,211.199005
2026-04-03T10:00:00Z,211.186996,211.237000,211.121002,211.175995
2026-04-03T11:00:00Z,211.169998,211.231995,211.126007,211.160995
2026-04-03T12:00:00Z,211.160004,211.199997,210.695007,210.869003
2026-04-03T13:00:00Z,210.873001,210.973007,210.684006,210.802994
2026-04-03T14:00:00Z,210.802994,210.819000,210.675995,210.686996
2026-04-03T15:00:00Z,210.684998,210.895004,210.574997,210.716003
2026-04-03T16:00:00Z,210.722000,210.733002,210.570999,210.643005
2026-04-03T17:00:00Z,210.613998,210.720993,210.574005,210.615997
2026-04-03T18:00:00Z,210.617004,210.686005,210.487000,210.552002
2026-04-03T19:00:00Z,210.528000,210.667007,210.505005,210.529007
2026-04-03T20:00:00Z,210.550995,210.809006,210.345001,210.664001
2026-04-03T21:00:00Z,210.658005,210.658005,210.658005,210.658005
2026-04-05T23:00:00Z,210.613998,210.751007,210.537994,210.669006
2026-04-06T00:00:00Z,210.671997,210.837006,210.662003,210.815002
2026-04-06T01:00:00Z,210.807007,210.813995,210.585999,210.673996
2026-04-06T02:00:00Z,210.667999,210.886993,210.643005,210.776001
2026-04-06T03:00:00Z,210.776001,210.841995,210.686996,210.809998
2026-04-06T04:00:00Z,210.809998,210.841003,210.748001,210.824997
2026-04-06T05:00:00Z,210.826996,210.942993,210.809998,210.878998
2026-04-06T06:00:00Z,210.878998,211.061005,210.813995,210.977005
2026-04-06T07:00:00Z,210.970001,211.391998,210.899002,211.231003
2026-04-06T08:00:00Z,211.229004,211.317993,211.138000,211.164993
2026-04-06T09:00:00Z,211.166000,211.285995,211.145996,211.169998
2026-04-06T10:00:00Z,211.164993,211.292999,211.153000,211.181000
2026-04-06T11:00:00Z,211.186996,211.292007,211.123001,211.195007
2026-04-06T12:00:00Z,211.201004,211.253998,211.097000,211.134995
2026-04-06T13:00:00Z,211.139008,211.464005,211.098999,211.436005
2026-04-06T14:00:00Z,211.436005,211.537994,211.283997,211.425995
2026-04-06T15:00:00Z,211.414993,211.447998,211.233002,211.343994
2026-04-06T16:00:00Z,211.334000,211.401001,211.281998,211.317993
2026-04-06T17:00:00Z,211.317993,211.395004,211.192001,211.311005
2026-04-06T18:00:00Z,211.315994,211.403000,211.257996,211.375000
2026-04-06T19:00:00Z,211.376007,211.408005,211.302994,211.337006
2026-04-06T20:00:00Z,211.332993,211.384003,211.270996,211.291000
2026-04-06T21:00:00Z,211.278000,211.475998,211.220001,211.268005
2026-04-06T22:00:00Z,211.298996,211.376007,211.279999,211.292999
2026-04-06T23:00:00Z,211.289993,211.388000,211.253998,211.326004
2026-04-07T00:00:00Z,211.322998,211.501999,211.304001,211.468994
2026-04-07T01:00:00Z,211.460999,211.514008,211.322006,211.354996
2026-04-07T02:00:00Z,211.348999,211.378998,211.222000,211.300003
2026-04-07T03:00:00Z,211.300003,211.445999,211.291000,211.375000
2026-04-07T04:00:00Z,211.373001,211.468002,211.309998,211.367004
2026-04-07T05:00:00Z,211.363007,211.468994,211.233994,211.373993
2026-04-07T06:00:00Z,211.373993,211.688995,211.326996,211.649002
2026-04-07T07:00:00Z,211.643997,211.675003,211.404999,211.550003
2026-04-07T08:00:00Z,211.552002,211.888000,211.516998,211.850006
2026-04-07T09:00:00Z,211.843994,211.854004,211.720993,211.755997
2026-04-07T10:00:00Z,211.764008,211.789993,211.455994,211.597000
2026-04-07T11:00:00Z,211.600006,211.716003,211.554001,211.701996
2026-04-07T12:00:00Z,211.703995,211.863007,211.623993,211.705002
2026-04-07T13:00:00Z,211.714996,211.837997,211.559006,211.710999
2026-04-07T14:00:00Z,211.712997,211.990005,211.666000,211.878998
2026-04-07T15:00:00Z,211.882004,211.942001,211.684998,211.692001
2026-04-07T16:00:00Z,211.692993,211.876999,211.671005,211.871002
2026-04-07T17:00:00Z,211.871002,211.945999,211.845001,211.908997
2026-04-07T18:00:00Z,211.908997,211.936005,211.854996,211.925995
2026-04-07T19:00:00Z,211.923004,212.123993,211.889999,212.041000
2026-04-07T20:00:00Z,212.042007,212.302002,212.005997,212.005997
2026-04-07T21:00:00Z,212.020996,212.317993,211.938995,212.162994
2026-04-07T22:00:00Z,212.162994,212.582993,212.093994,212.412003
2026-04-07T23:00:00Z,212.507004,212.787994,212.367004,212.686005
2026-04-08T00:00:00Z,212.688995,212.703003,212.218002,212.442001
2026-04-08T01:00:00Z,212.436996,212.649002,212.311005,212.328995
2026-04-08T02:00:00Z,212.337006,212.449005,212.190994,212.304001
2026-04-08T03:00:00Z,212.302994,212.332993,212.128998,212.289001
2026-04-08T04:00:00Z,212.287003,212.535995,212.261993,212.434006
2026-04-08T05:00:00Z,212.444000,212.761002,212.406998,212.617004
2026-04-08T06:00:00Z,212.606003,212.660004,212.294998,212.453003
2026-04-08T07:00:00Z,212.460007,212.533005,212.307999,212.389008
2026-04-08T08:00:00Z,212.386993,212.675995,212.261002,212.647003
2026-04-08T09:00:00Z,212.647003,212.798004,212.533997,212.761993
2026-04-08T10:00:00Z,212.757996,212.979004,212.751007,212.947006
2026-04-08T11:00:00Z,212.945999,213.151993,212.921005,213.100998
2026-04-08T12:00:00Z,213.097000,213.130997,212.878998,212.886002
2026-04-08T13:00:00Z,212.880997,212.996994,212.714996,212.839996
2026-04-08T14:00:00Z,212.837997,212.985001,212.664993,212.863007
2026-04-08T15:00:00Z,212.860992,212.929993,212.692001,212.841003
2026-04-08T16:00:00Z,212.843994,212.856995,212.621994,212.671005
2026-04-08T17:00:00Z,212.667007,212.695999,212.539993,212.623001
2026-04-08T18:00:00Z,212.623993,212.675003,212.440994,212.481003
2026-04-08T19:00:00Z,212.481995,212.602997,212.423996,212.542007
2026-04-08T20:00:00Z,212.546005,212.580002,212.276993,212.360001
2026-04-08T21:00:00Z,212.330994,212.621002,212.281998,212.403000
2026-04-08T22:00:00Z,212.401001,212.481995,212.315994,212.444000
2026-04-08T23:00:00Z,212.436996,212.546005,212.421005,212.472000
2026-04-09T00:00:00Z,212.468994,212.729996,212.417007,212.714005
2026-04-09T01:00:00Z,212.714005,212.733002,212.608002,212.686996
2026-04-09T02:00:00Z,212.686005,212.764999,212.604996,212.610001
2026-04-09T03:00:00Z,212.604996,212.679993,212.559006,212.645004
2026-04-09T04:00:00Z,212.645004,212.755997,212.598999,212.688004
2026-04-09T05:00:00Z,212.681000,212.748001,212.647003,212.688004
2026-04-09T06:00:00Z,212.699997,212.751999,212.630005,212.684998
2026-04-09T07:00:00Z,212.681000,212.912994,212.660004,212.906998
2026-04-09T08:00:00Z,212.906006,213.151001,212.807007,213.110001
2026-04-09T09:00:00Z,213.110992,213.222000,213.061996,213.091003
2026-04-09T10:00:00Z,213.082993,213.227005,213.070999,213.117996
2026-04-09T11:00:00Z,213.117996,213.395004,213.087006,213.373001
2026-04-09T12:00:00Z,213.363007,213.395996,213.237000,213.313995
2026-04-09T13:00:00Z,213.309006,213.514008,213.235992,213.501007
2026-04-09T14:00:00Z,213.501999,213.610992,213.423004,213.546005
2026-04-09T15:00:00Z,213.542007,213.785995,213.475006,213.552002
2026-04-09T16:00:00Z,213.539001,213.552002,213.378006,213.440994
2026-04-09T17:00:00Z,213.445007,213.604996,213.438004,213.556000
2026-04-09T18:00:00Z,213.552002,213.608002,213.460007,213.593994
2026-04-09T19:00:00Z,213.595001,213.848999,213.574005,213.740005
2026-04-09T20:00:00Z,213.742996,213.787994,213.479996,213.479996
2026-04-09T21:00:00Z,213.481003,213.651993,213.438995,213.490997
2026-04-09T22:00:00Z,213.487000,213.647003,213.453995,213.582993
2026-04-09T23:00:00Z,213.585999,213.707993,213.563004,213.645996
2026-04-10T00:00:00Z,213.641998,213.750000,213.619995,213.692993
2026-04-10T01:00:00Z,213.692993,213.742996,213.550003,213.557999
2026-04-10T02:00:00Z,213.557007,213.677002,213.535995,213.660004
2026-04-10T03:00:00Z,213.653000,213.682007,213.615997,213.634995
2026-04-10T04:00:00Z,213.634003,213.705994,213.621994,213.645996
2026-04-10T05:00:00Z,213.645996,213.705994,213.608002,213.697998
2026-04-10T06:00:00Z,213.699005,213.781006,213.660995,213.697998
2026-04-10T07:00:00Z,213.695999,213.845001,213.677002,213.699997
2026-04-10T08:00:00Z,213.701004,213.822998,213.682007,213.815002
2026-04-10T09:00:00Z,213.809998,214.074005,213.731995,213.983994
2026-04-10T10:00:00Z,213.988007,214.076004,213.899994,213.908997
2026-04-10T11:00:00Z,213.901993,214.026993,213.891006,213.992996
2026-04-10T12:00:00Z,213.994995,214.201996,213.960007,214.186005
2026-04-10T13:00:00Z,214.190994,214.408997,214.164993,214.250000
2026-04-10T14:00:00Z,214.264999,214.457001,214.132004,214.199005
2026-04-10T15:00:00Z,214.203003,214.393997,214.097000,214.276993
2026-04-10T16:00:00Z,214.279007,214.399994,214.237000,214.309006
2026-04-10T17:00:00Z,214.306000,214.432007,214.294006,214.365997
2026-04-10T18:00:00Z,214.371994,214.544006,214.341995,214.539993
2026-04-10T19:00:00Z,214.539993,214.578003,214.496994,214.552994
2026-04-10T20:00:00Z,214.550003,214.580994,214.276001,214.376007
2026-04-10T21:00:00Z,214.406006,214.406006,214.406006,214.406006
2026-04-12T23:00:00Z,214.042999,214.074005,213.753998,213.867996
2026-04-13T00:00:00Z,213.869003,214.169006,213.802994,214.024994
2026-04-13T01:00:00Z,214.035004,214.130005,213.990005,214.024994
2026-04-13T02:00:00Z,214.024002,214.113998,213.968002,214.074005
2026-04-13T03:00:00Z,214.076004,214.104004,214.022995,214.037994
2026-04-13T04:00:00Z,214.033997,214.158005,214.014008,214.102005
2026-04-13T05:00:00Z,214.102005,214.134003,214.018005,214.059998
2026-04-13T06:00:00Z,214.059998,214.190002,213.998993,214.149994
2026-04-13T07:00:00Z,214.141998,214.427002,214.128998,214.371002
2026-04-13T08:00:00Z,214.373001,214.460999,214.304993,214.449997
2026-04-13T09:00:00Z,214.449005,214.531998,214.414001,214.503998
2026-04-13T10:00:00Z,214.500000,214.544998,214.384995,214.531006
2026-04-13T11:00:00Z,214.535995,214.695007,214.427994,214.481995
2026-04-13T12:00:00Z,214.481995,214.662003,214.438995,214.621994
2026-04-13T13:00:00Z,214.623001,214.880997,214.608994,214.617996
2026-04-13T14:00:00Z,214.621994,214.867996,214.557999,214.787994
2026-04-13T15:00:00Z,214.787003,214.983002,214.733002,214.973007
2026-04-13T16:00:00Z,214.981003,215.029999,214.897003,214.940994
2026-04-13T17:00:00Z,214.934998,215.046997,214.876007,215.020004
2026-04-13T18:00:00Z,215.014999,215.233002,214.923996,215.210999
2026-04-13T19:00:00Z,215.203995,215.263000,215.100998,215.237000
2026-04-13T20:00:00Z,215.246002,215.367996,215.240005,215.304001
2026-04-13T21:00:00Z,215.291000,215.307007,215.039001,215.115997
2026-04-13T22:00:00Z,215.121002,215.358002,215.119003,215.313995
2026-04-13T23:00:00Z,215.315994,215.326004,215.139999,215.186005
2026-04-14T00:00:00Z,215.188995,215.253006,215.044006,215.097000
2026-04-14T01:00:00Z,215.098999,215.160004,214.901001,215.018997
2026-04-14T02:00:00Z,215.020996,215.080002,214.923996,214.977997
2026-04-14T03:00:00Z,214.970993,215.041000,214.906006,215.033997
2026-04-14T04:00:00Z,215.031998,215.072998,214.942001,214.985992
2026-04-14T05:00:00Z,214.985992,215.123001,214.912003,215.089005
2026-04-14T06:00:00Z,215.082001,215.322998,215.082001,215.207993
2026-04-14T07:00:00Z,215.214996,215.285004,215.149002,215.242004
2026-04-14T08:00:00Z,215.240005,215.373993,215.190994,215.328003
2026-04-14T09:00:00Z,215.328995,215.477997,215.087997,215.285995
2026-04-14T10:00:00Z,215.281006,215.406006,215.171997,215.350998
2026-04-14T11:00:00Z,215.356003,215.544006,215.339996,215.477997
2026-04-14T12:00:00Z,215.479996,215.692993,215.451004,215.634995
2026-04-14T13:00:00Z,215.639008,215.781998,215.522995,215.766998
2026-04-14T14:00:00Z,215.770004,215.776993,215.457001,215.682999
2026-04-14T15:00:00Z,215.682999,215.712997,215.432007,215.501999
2026-04-14T16:00:00Z,215.494003,215.524002,215.429993,215.496994
2026-04-14T17:00:00Z,215.483002,215.535995,215.378006,215.404999
2026-04-14T18:00:00Z,215.401993,215.438004,215.328995,215.395996
2026-04-14T19:00:00Z,215.403000,215.529999,215.384995,215.462997
2026-04-14T20:00:00Z,215.447006,215.524994,215.330994,215.371002
2026-04-14T21:00:00Z,215.326996,215.494003,215.307007,215.354004
2026-04-14T22:00:00Z,215.384003,215.636993,215.337006,215.479996
2026-04-14T23:00:00Z,215.483994,215.632996,215.481003,215.563004
2026-04-15T00:00:00Z,215.563004,215.602997,215.464005,215.561005
2026-04-15T01:00:00Z,215.561996,215.735992,215.552994,215.617996
2026-04-15T02:00:00Z,215.617996,215.714996,215.554001,215.641006
2026-04-15T03:00:00Z,215.641006,215.712006,215.598999,215.666000
2026-04-15T04:00:00Z,215.664993,215.714996,215.634995,215.692001
2026-04-15T05:00:00Z,215.695999,215.783005,215.580002,215.632004
2026-04-15T06:00:00Z,215.626999,215.684998,215.509003,215.623993
2026-04-15T07:00:00Z,215.621994,215.694000,215.464996,215.503998
2026-04-15T08:00:00Z,215.503006,215.505997,215.182007,215.352005
2026-04-15T09:00:00Z,215.350006,215.427994,215.242004,215.406998
2026-04-15T10:00:00Z,215.406998,215.481995,215.289001,215.363998
2026-04-15T11:00:00Z,215.365005,215.574997,215.304993,215.548004
2026-04-15T12:00:00Z,215.542999,215.679001,215.526993,215.662994
2026-04-15T13:00:00Z,215.658997,215.748993,215.567001,215.585007
2026-04-15T14:00:00Z,215.589996,215.822006,215.554001,215.716995
2026-04-15T15:00:00Z,215.716995,215.800003,215.656006,215.751999
2026-04-15T16:00:00Z,215.740997,215.826996,215.472000,215.645996
2026-04-15T17:00:00Z,215.643005,215.903000,215.632996,215.893005
2026-04-15T18:00:00Z,215.888000,215.901993,215.792999,215.858002
2026-04-15T19:00:00Z,215.850998,215.875000,215.714005,215.729996
2026-04-15T20:00:00Z,215.729996,215.740005,215.494003,215.636002
2026-04-15T21:00:00Z,215.509995,215.707001,215.367004,215.468002
2026-04-15T22:00:00Z,215.492004,215.554001,215.399994,215.535004
2026-04-15T23:00:00Z,215.539001,215.587006,215.455002,215.550003
2026-04-16T00:00:00Z,215.544006,215.570007,215.401993,215.449997
2026-04-16T01:00:00Z,215.451004,215.460999,215.352005,215.397995
2026-04-16T02:00:00Z,215.395004,215.570999,215.341003,215.348007
2026-04-16T03:00:00Z,215.356995,215.501007,215.110992,215.494003
2026-04-16T04:00:00Z,215.492004,215.554993,215.442001,215.473999
2026-04-16T05:00:00Z,215.470001,215.567993,215.345993,215.557007
2026-04-16T06:00:00Z,215.557007,215.718994,215.483002,215.567001
2026-04-16T07:00:00Z,215.570007,215.630997,215.376999,215.393997
2026-04-16T08:00:00Z,215.389999,215.557999,215.378998,215.406998
2026-04-16T09:00:00Z,215.425003,215.464005,215.255005,215.313995
2026-04-16T10:00:00Z,215.296997,215.397995,215.235001,215.369003
2026-04-16T11:00:00Z,215.367996,215.414993,215.281998,215.332001
2026-04-16T12:00:00Z,215.330994,215.557999,215.251999,215.541000
2026-04-16T13:00:00Z,215.539993,215.643997,215.397003,215.602997
2026-04-16T14:00:00Z,215.604004,215.621002,215.156006,215.345993
2026-04-16T15:00:00Z,215.343002,215.453995,215.281998,215.352997
2026-04-16T16:00:00Z,215.350998,215.408997,215.298004,215.341003
2026-04-16T17:00:00Z,215.343002,215.457993,215.332001,215.384995
2026-04-16T18:00:00Z,215.384995,215.462997,215.337006,215.436996
2026-04-16T19:00:00Z,215.436005,215.455994,215.270996,215.347000
2026-04-16T20:00:00Z,215.343994,215.360992,215.210999,215.274002
2026-04-16T21:00:00Z,215.220993,215.445999,215.123993,215.199997
2026-04-16T22:00:00Z,215.201996,215.347000,215.113998,215.311996
2026-04-16T23:00:00Z,215.274994,215.358002,215.272003,215.326996
2026-04-17T00:00:00Z,215.319000,215.475998,215.244003,215.421005
2026-04-17T01:00:00Z,215.419998,215.492996,215.311005,215.393005
2026-04-17T02:00:00Z,215.395996,215.494995,215.386993,215.460007
2026-04-17T03:00:00Z,215.455994,215.589996,215.425003,215.574005
2026-04-17T04:00:00Z,215.574005,215.654999,215.526001,215.632004
2026-04-17T05:00:00Z,215.632996,215.690002,215.559006,215.591995
2026-04-17T06:00:00Z,215.595001,215.598999,215.242004,215.268997
2026-04-17T07:00:00Z,215.272995,215.500000,215.235001,215.419006
2026-04-17T08:00:00Z,215.416000,215.436005,215.227997,215.322998
2026-04-17T09:00:00Z,215.328995,215.453995,215.138000,215.197006
2026-04-17T10:00:00Z,215.199005,215.307999,215.173004,215.235992
2026-04-17T11:00:00Z,215.227997,215.457993,215.190002,215.343994
2026-04-17T12:00:00Z,215.345001,215.389008,215.141998,215.167007
2026-04-17T13:00:00Z,215.164993,215.197998,214.628998,214.712997
2026-04-17T14:00:00Z,214.712006,214.737000,213.992996,214.190994
2026-04-17T15:00:00Z,214.188995,214.434006,214.097000,214.291000
2026-04-17T16:00:00Z,214.291000,214.348007,214.095001,214.201004
2026-04-17T17:00:00Z,214.197006,214.380005,214.186996,214.330002
2026-04-17T18:00:00Z,214.332001,214.470993,214.307007,214.442001
2026-04-17T19:00:00Z,214.440002,214.488007,214.324005,214.360001
2026-04-17T20:00:00Z,214.358994,214.455994,214.317001,214.373993
2026-04-17T21:00:00Z,214.410995,214.410995,214.410995,214.410995
2026-04-19T23:00:00Z,214.447998,214.613007,214.410004,214.572998
2026-04-20T00:00:00Z,214.574997,214.722000,214.416000,214.567993
2026-04-20T01:00:00Z,214.567993,214.595001,214.404999,214.423004
2026-04-20T02:00:00Z,214.419998,214.544998,214.417999,214.511993
2026-04-20T03:00:00Z,214.514999,214.595993,214.457993,214.578003
2026-04-20T04:00:00Z,214.576996,214.651001,214.522995,214.582001
2026-04-20T05:00:00Z,214.582001,214.619995,214.419006,214.442993
2026-04-20T06:00:00Z,214.436005,214.457001,214.345993,214.376999
2026-04-20T09:00:00Z,214.563004,214.867004,214.535995,214.837006
2026-04-20T10:00:00Z,214.828995,214.856995,214.701004,214.800995
2026-04-20T11:00:00Z,214.796997,214.873993,214.718002,214.729004
2026-04-20T12:00:00Z,214.729004,214.768005,214.634995,214.735992
2026-04-20T13:00:00Z,214.735992,214.809998,214.529999,214.671005
2026-04-20T14:00:00Z,214.671005,214.751999,214.563995,214.639008
2026-04-20T15:00:00Z,214.649002,214.854996,214.587006,214.835999
2026-04-20T16:00:00Z,214.832993,214.912003,214.742996,214.781006
2026-04-20T17:00:00Z,214.779999,214.873993,214.770004,214.871994
2026-04-20T18:00:00Z,214.869003,215.054993,214.824997,215.026993
2026-04-20T19:00:00Z,215.033997,215.065002,214.927994,214.945007
2026-04-20T20:00:00Z,214.949005,215.097000,214.835999,214.835999
2026-04-20T21:00:00Z,214.865997,214.994995,214.707993,214.783005
2026-04-20T22:00:00Z,214.798996,214.960999,214.781998,214.947998
2026-04-20T23:00:00Z,214.949997,214.979004,214.910995,214.929993
2026-04-21T00:00:00Z,214.929993,215.028000,214.906006,214.962997
2026-04-21T01:00:00Z,214.960999,215.028000,214.934006,214.970001
2026-04-21T02:00:00Z,214.957001,215.022995,214.878998,214.919006
2026-04-21T03:00:00Z,214.919006,214.927994,214.848999,214.906998
2026-04-21T04:00:00Z,214.906998,214.921997,214.811005,214.826004
2026-04-21T05:00:00Z,214.826996,214.906998,214.757996,214.757996
2026-04-21T06:00:00Z,214.781006,215.001999,214.701004,214.709000
2026-04-21T07:00:00Z,214.703995,214.899994,214.690994,214.781006
2026-04-21T08:00:00Z,214.794006,214.996994,214.585999,214.929001
2026-04-21T09:00:00Z,214.929993,215.007004,214.863007,214.953995
2026-04-21T10:00:00Z,214.953995,215.089996,214.940002,215.072006
2026-04-21T11:00:00Z,215.072006,215.225006,214.987000,215.009003
2026-04-21T12:00:00Z,215.009995,215.199997,214.981003,215.121002
2026-04-21T13:00:00Z,215.121002,215.177994,215.048996,215.166000
2026-04-21T14:00:00Z,215.162003,215.408005,215.113998,215.300995
2026-04-21T15:00:00Z,215.298996,215.414001,215.201004,215.343002
2026-04-21T16:00:00Z,215.347000,215.397995,215.216995,215.235001
2026-04-21T17:00:00Z,215.238007,215.300995,215.065002,215.162003
2026-04-21T18:00:00Z,215.167007,215.220001,215.020996,215.207001
2026-04-21T19:00:00Z,215.201996,215.238998,215.056000,215.177002
2026-04-21T20:00:00Z,215.171997,215.304993,215.112000,215.179001
2026-04-21T21:00:00Z,215.162994,215.281998,215.037994,215.126999
2026-04-21T22:00:00Z,215.126007,215.270004,215.117004,215.244995
2026-04-21T23:00:00Z,215.248001,215.358002,215.209000,215.300995
2026-04-22T00:00:00Z,215.287003,215.363998,215.158997,215.190994
2026-04-22T01:00:00Z,215.186996,215.222000,215.110001,215.160995
2026-04-22T02:00:00Z,215.164993,215.244003,215.153000,215.212006
2026-04-22T03:00:00Z,215.212006,215.356003,215.194000,215.289001
2026-04-22T04:00:00Z,215.289001,215.311005,215.195999,215.220001
2026-04-22T05:00:00Z,215.220001,215.358994,215.203003,215.334000
2026-04-22T06:00:00Z,215.332993,215.345993,215.091003,215.093994
2026-04-22T07:00:00Z,215.091995,215.406998,215.076996,215.363007
2026-04-22T08:00:00Z,215.367004,215.600998,215.347000,215.580002
2026-04-22T09:00:00Z,215.584000,215.656006,215.406998,215.431000
2026-04-22T10:00:00Z,215.432999,215.432999,215.253998,215.287003
2026-04-22T11:00:00Z,215.281006,215.294006,214.979004,215.024002
2026-04-22T12:00:00Z,215.024002,215.069000,214.916000,215.039993
2026-04-22T13:00:00Z,215.035004,215.257996,214.996002,215.169006
2026-04-22T14:00:00Z,215.171997,215.255005,215.119003,215.162994
2026-04-22T15:00:00Z,215.162994,215.395996,215.100998,215.371002
2026-04-22T16:00:00Z,215.367004,215.423996,215.253998,215.399002
2026-04-22T17:00:00Z,215.401993,215.533997,215.386993,215.417999
2026-04-22T18:00:00Z,215.417007,215.449997,215.365997,215.382004
2026-04-22T19:00:00Z,215.382004,215.455994,215.341003,215.436005
2026-04-22T20:00:00Z,215.434998,215.462997,215.212997,215.294006
2026-04-22T21:00:00Z,215.223999,215.438995,215.151001,215.255005
2026-04-22T22:00:00Z,215.246994,215.343002,215.216995,215.324005
2026-04-22T23:00:00Z,215.309998,215.339996,215.248001,215.296997
2026-04-23T00:00:00Z,215.296997,215.354996,215.143005,215.225006
2026-04-23T01:00:00Z,215.222000,215.272995,215.139008,215.149994
2026-04-23T02:00:00Z,215.151001,215.287994,215.132996,215.162003
2026-04-23T03:00:00Z,215.151001,215.175003,215.059006,215.143997
2026-04-23T04:00:00Z,215.143997,215.268005,215.110992,215.227005
2026-04-23T05:00:00Z,215.229004,215.285004,215.209000,215.259995
2026-04-23T06:00:00Z,215.255005,215.464005,215.175003,215.395004
2026-04-23T07:00:00Z,215.399994,215.507004,215.225006,215.276001
2026-04-23T08:00:00Z,215.276001,215.684006,215.253998,215.653000
2026-04-23T09:00:00Z,215.654999,215.729996,215.473999,215.630997
2026-04-23T10:00:00Z,215.636993,215.692001,215.352005,215.362000
2026-04-23T11:00:00Z,215.363007,215.574997,215.343994,215.473999
2026-04-23T12:00:00Z,215.487000,215.490005,215.121002,215.121994
2026-04-23T13:00:00Z,215.126999,215.459000,215.078995,215.384003
2026-04-23T14:00:00Z,215.388000,215.537003,215.298996,215.347000
2026-04-23T15:00:00Z,215.348999,215.350998,215.106003,215.136993
2026-04-23T16:00:00Z,215.134003,215.154999,215.037003,215.130005
2026-04-23T17:00:00Z,215.128006,215.160995,214.940002,215.042999
2026-04-23T18:00:00Z,215.042007,215.085999,215.011993,215.072998
2026-04-23T19:00:00Z,215.070007,215.098999,215.031998,215.069000
2026-04-23T20:00:00Z,215.067001,215.121002,215.001007,215.037994
2026-04-23T21:00:00Z,214.959000,215.126007,214.837997,214.981003
2026-04-23T22:00:00Z,214.973999,215.104004,214.921005,215.072998
2026-04-23T23:00:00Z,215.078003,215.169006,215.042007,215.117996
2026-04-24T00:00:00Z,215.119003,215.214005,215.078003,215.201004
2026-04-24T01:00:00Z,215.201996,215.238007,215.145004,215.222000
2026-04-24T02:00:00Z,215.222000,215.253998,215.029007,215.050003
2026-04-24T03:00:00Z,215.048996,215.106995,215.024002,215.072998
2026-04-24T04:00:00Z,215.070999,215.106003,214.996994,215.104004
2026-04-24T05:00:00Z,215.100006,215.153000,215.067993,215.106003
2026-04-24T06:00:00Z,215.130997,215.197998,214.945999,214.994995
2026-04-24T07:00:00Z,215.000000,215.218002,214.936005,215.169006
2026-04-24T08:00:00Z,215.181000,215.330994,215.106995,215.238007
2026-04-24T09:00:00Z,215.242996,215.404999,215.210007,215.376007
2026-04-24T10:00:00Z,215.367996,215.479996,215.313004,215.399994
2026-04-24T11:00:00Z,215.401001,215.429001,215.093002,215.139999
2026-04-24T12:00:00Z,215.141006,215.421997,215.080002,215.406006
2026-04-24T13:00:00Z,215.412994,215.425003,215.233994,215.399002
2026-04-24T14:00:00Z,215.395004,215.449005,215.242004,215.339005
2026-04-24T15:00:00Z,215.337997,215.457993,215.257004,215.367996
2026-04-24T16:00:00Z,215.363007,215.494995,215.311005,215.460007
2026-04-24T17:00:00Z,215.459000,215.552002,215.412994,215.516998
2026-04-24T18:00:00Z,215.516998,215.679001,215.505005,215.667999
2026-04-24T19:00:00Z,215.673996,215.740005,215.641998,215.738007
2026-04-24T20:00:00Z,215.738007,215.776001,215.507996,215.654007
2026-04-24T21:00:00Z,215.669998,215.669998,215.662003,215.662003
2026-04-26T23:00:00Z,215.617004,215.694000,215.587997,215.630005
2026-04-27T00:00:00Z,215.630005,215.662994,215.526993,215.634995
2026-04-27T01:00:00Z,215.632004,215.699997,215.563004,215.626999
2026-04-27T02:00:00Z,215.632004,215.686005,215.587997,215.662003
2026-04-27T03:00:00Z,215.660004,215.738007,215.628998,215.647003
2026-04-27T04:00:00Z,215.645996,215.658997,215.563995,215.610001
2026-04-27T05:00:00Z,215.604004,215.753006,215.574005,215.731995
2026-04-27T06:00:00Z,215.725006,215.751999,215.550995,215.570007
2026-04-27T07:00:00Z,215.572006,215.701996,215.514999,215.660004
2026-04-27T08:00:00Z,215.662003,215.742996,215.582001,215.705002
2026-04-27T09:00:00Z,215.707001,215.792999,215.632004,215.748001
2026-04-27T10:00:00Z,215.748001,215.852997,215.723007,215.806000
2026-04-27T11:00:00Z,215.806000,215.841995,215.705002,215.834000
2026-04-27T12:00:00Z,215.828995,216.048004,215.722000,215.727997
2026-04-27T13:00:00Z,215.725998,215.813995,215.529999,215.707001
2026-04-27T14:00:00Z,215.705002,215.889008,215.675003,215.820007
2026-04-27T15:00:00Z,215.815002,215.871994,215.746002,215.858994
2026-04-27T16:00:00Z,215.858994,215.968002,215.820999,215.856003
2026-04-27T17:00:00Z,215.852005,215.865997,215.742996,215.776993
2026-04-27T18:00:00Z,215.776993,215.817993,215.703003,215.761993
2026-04-27T19:00:00Z,215.761993,215.785004,215.705002,215.720993
2026-04-27T20:00:00Z,215.720001,215.753998,215.660995,215.725998
2026-04-27T21:00:00Z,215.707001,215.880005,215.628998,215.686005
2026-04-27T22:00:00Z,215.709000,215.815002,215.662003,215.768997
2026-04-27T23:00:00Z,215.770996,215.828003,215.701004,215.729996
2026-04-28T00:00:00Z,215.735992,215.820999,215.669998,215.792999
2026-04-28T01:00:00Z,215.792999,215.813995,215.688004,215.759003
2026-04-28T02:00:00Z,215.757996,215.781998,215.651001,215.695999
2026-04-28T03:00:00Z,215.692001,215.746002,215.158005,215.246994
2026-04-28T04:00:00Z,215.248993,215.253006,215.119003,215.225006
2026-04-28T05:00:00Z,215.237000,215.276993,215.123993,215.190002
2026-04-28T06:00:00Z,215.195007,215.240005,214.938004,215.195999
2026-04-28T07:00:00Z,215.190002,215.574997,215.100006,215.507004
2026-04-28T08:00:00Z,215.511002,215.675003,215.358994,215.371002
2026-04-28T09:00:00Z,215.365005,215.412994,215.182999,215.261002
2026-04-28T10:00:00Z,215.264008,215.360992,215.214005,215.248001
2026-04-28T11:00:00Z,215.246994,215.373001,215.098007,215.162994
2026-04-28T12:00:00Z,215.162994,215.298004,215.016998,215.145004
2026-04-28T13:00:00Z,215.149994,215.371002,215.106003,215.264999
2026-04-28T14:00:00Z,215.263000,215.584000,215.205994,215.578003
2026-04-28T15:00:00Z,215.584000,215.625000,215.513000,215.552002
2026-04-28T16:00:00Z,215.557999,215.645004,215.481995,215.634003
2026-04-28T17:00:00Z,215.634003,215.690002,215.580994,215.658997
2026-04-28T18:00:00Z,215.662003,215.768005,215.645996,215.751007
2026-04-28T19:00:00Z,215.751999,215.815994,215.690994,215.792007
2026-04-28T20:00:00Z,215.794998,215.826004,215.660995,215.707001
2026-04-28T21:00:00Z,215.699997,215.847000,215.501007,215.606003
2026-04-28T22:00:00Z,215.623001,215.807999,215.574005,215.774002
2026-04-28T23:00:00Z,215.753998,215.804001,215.727005,215.779007
2026-04-29T00:00:00Z,215.772003,215.834000,215.723999,215.779007
2026-04-29T01:00:00Z,215.776993,215.841003,215.703995,215.731995
2026-04-29T02:00:00Z,215.733994,215.807007,215.643997,215.679001
2026-04-29T03:00:00Z,215.679001,215.729004,215.653000,215.660004
2026-04-29T04:00:00Z,215.658997,215.748993,215.654007,215.712997
2026-04-29T05:00:00Z,215.707001,215.748001,215.604004,215.675995
2026-04-29T06:00:00Z,215.669998,215.703003,215.481003,215.522003
2026-04-29T07:00:00Z,215.535004,215.645996,215.498993,215.630997
2026-04-29T08:00:00Z,215.630005,215.727005,215.526993,215.688004
2026-04-29T09:00:00Z,215.688004,215.852997,215.636993,215.828995
2026-04-29T10:00:00Z,215.828995,215.906006,215.768997,215.856003
2026-04-29T11:00:00Z,215.854004,215.964005,215.776001,215.863998
2026-04-29T12:00:00Z,215.865997,216.005005,215.839996,215.970993
2026-04-29T13:00:00Z,215.968994,216.078003,215.791000,215.893997
2026-04-29T14:00:00Z,215.889999,216.188004,215.789993,216.158005
2026-04-29T15:00:00Z,216.158997,216.276993,216.057999,216.136002
2026-04-29T16:00:00Z,216.136002,216.261993,216.085999,216.106003
2026-04-29T17:00:00Z,216.110001,216.227005,216.005005,216.039993
2026-04-29T18:00:00Z,216.059006,216.156006,215.884995,216.014999
2026-04-29T19:00:00Z,216.022003,216.182999,215.981995,216.132004
2026-04-29T20:00:00Z,216.130005,216.242004,215.979004,216.134995
2026-04-29T21:00:00Z,216.054993,216.218002,215.878998,216.084000
2026-04-29T22:00:00Z,216.059998,216.188995,215.990997,216.126007
2026-04-29T23:00:00Z,216.115997,216.132996,216.001007,216.076004
2026-04-30T00:00:00Z,216.078003,216.205994,215.968002,216.139008
2026-04-30T01:00:00Z,216.139999,216.147995,215.988998,216.009003
2026-04-30T02:00:00Z,216.007996,216.100006,215.970001,216.054993
2026-04-30T03:00:00Z,216.054001,216.184006,216.046005,216.177994
2026-04-30T04:00:00Z,216.171997,216.182999,215.998001,216.087006
2026-04-30T05:00:00Z,216.085007,216.227005,216.074997,216.216995
2026-04-30T06:00:00Z,216.227997,216.462006,216.147995,216.389999
2026-04-30T07:00:00Z,216.386002,216.593994,215.563995,215.944000
2026-04-30T08:00:00Z,215.960007,216.076996,215.007004,215.195007
2026-04-30T09:00:00Z,215.190994,215.274994,214.873001,215.143005
2026-04-30T10:00:00Z,215.145996,215.154999,212.285004,212.625000
2026-04-30T11:00:00Z,212.626999,212.843002,210.412003,211.365005
2026-04-30T12:00:00Z,211.362000,212.149994,211.203995,211.903000
2026-04-30T13:00:00Z,211.904999,212.154007,211.102997,212.091995
2026-04-30T14:00:00Z,212.091995,212.977997,211.923996,212.804993
2026-04-30T15:00:00Z,212.796997,213.080002,212.671005,212.723999
2026-04-30T16:00:00Z,212.723999,212.807007,212.528000,212.595001
2026-04-30T17:00:00Z,212.585999,212.751007,212.485992,212.518005
2026-04-30T18:00:00Z,212.516006,212.796997,212.487000,212.738998
2026-04-30T19:00:00Z,212.746002,213.029007,212.729996,212.981003
2026-04-30T20:00:00Z,212.983994,213.084000,212.949005,212.957993
2026-04-30T21:00:00Z,212.960007,213.084000,212.869003,212.953995
2026-04-30T22:00:00Z,213.005005,213.212006,212.955002,213.095001
2026-04-30T23:00:00Z,213.108002,213.608994,213.095001,213.533997
2026-05-01T00:00:00Z,213.531006,213.957001,213.509995,213.679993
2026-05-01T01:00:00Z,213.679993,213.929001,213.593994,213.884995
2026-05-01T02:00:00Z,213.889999,214.001007,213.800995,213.923996
2026-05-01T03:00:00Z,213.932999,214.042999,213.626999,213.792999
2026-05-01T04:00:00Z,213.794006,213.856995,213.669998,213.800003
2026-05-01T05:00:00Z,213.800003,213.843002,213.671005,213.720001
2026-05-01T06:00:00Z,213.716995,213.774002,211.770004,212.268997
2026-05-01T07:00:00Z,212.513000,213.171005,212.139008,213.072998
2026-05-01T08:00:00Z,213.072998,213.143997,212.682007,212.923996
2026-05-01T09:00:00Z,212.919998,213.119003,212.796997,212.830002
2026-05-01T10:00:00Z,212.830994,213.072998,212.817001,213.059998
2026-05-01T11:00:00Z,213.057999,213.266998,213.046997,213.253998
2026-05-01T12:00:00Z,213.255997,213.479996,213.190994,213.421005
2026-05-01T13:00:00Z,213.421005,213.529007,213.007996,213.393997
2026-05-01T14:00:00Z,213.391998,213.654999,213.326004,213.382004
2026-05-01T15:00:00Z,213.382004,213.626999,213.382004,213.485001
2026-05-01T16:00:00Z,213.481995,213.539001,213.356003,213.412994
2026-05-01T17:00:00Z,213.419006,213.431000,213.268005,213.315994
2026-05-01T18:00:00Z,213.313004,213.382004,213.098007,213.251999
2026-05-01T19:00:00Z,213.266006,213.304001,213.173004,213.175003
2026-05-01T20:00:00Z,213.175003,213.225998,213.022995,213.169006
2026-05-01T21:00:00Z,213.212006,213.212006,213.212006,213.212006
2026-05-04T04:00:00Z,212.860001,213.029007,212.806000,212.951004
2026-05-04T05:00:00Z,212.955002,213.115005,212.716003,213.097000
2026-05-04T06:00:00Z,213.072998,213.238007,213.001999,213.106995
2026-05-04T07:00:00Z,213.098999,213.132004,212.733002,212.837997
2026-05-04T08:00:00Z,212.835007,212.888000,212.761993,212.824005
2026-05-04T09:00:00Z,212.830994,212.938995,212.774994,212.824005
2026-05-04T10:00:00Z,212.822998,212.904007,212.544006,212.815002
2026-05-04T11:00:00Z,212.813004,212.843994,212.692993,212.819000
2026-05-04T12:00:00Z,212.828003,213.059998,212.785995,213.024994
2026-05-04T13:00:00Z,213.029007,213.033005,212.837006,212.904007
2026-05-04T14:00:00Z,212.910995,213.106995,212.852997,212.906998
2026-05-04T15:00:00Z,212.910995,212.931000,212.632004,212.729996
2026-05-04T16:00:00Z,212.727997,212.794006,212.520004,212.600006
2026-05-04T17:00:00Z,212.604004,212.837006,212.595001,212.770004
2026-05-04T18:00:00Z,212.761993,212.809006,211.893005,212.153000
2026-05-04T19:00:00Z,212.149002,212.697006,212.130005,212.656998
2026-05-04T20:00:00Z,212.658005,212.796005,212.626007,212.695007
2026-05-04T21:00:00Z,212.692993,212.789993,212.464996,212.582001
2026-05-04T22:00:00Z,212.578003,212.755997,212.554993,212.677994
2026-05-04T23:00:00Z,212.682007,212.731003,212.649002,212.716003
2026-05-05T00:00:00Z,212.720001,212.772003,212.604004,212.608994
2026-05-05T01:00:00Z,212.610001,212.690002,212.574005,212.628998
2026-05-05T02:00:00Z,212.628006,212.720001,212.608002,212.647995
2026-05-05T03:00:00Z,212.649994,212.686996,212.613998,212.639999
2026-05-05T04:00:00Z,212.632004,212.740005,212.567993,212.578995
2026-05-05T05:00:00Z,212.574997,212.658997,212.544998,212.623001
2026-05-05T06:00:00Z,212.619995,212.820007,212.544006,212.729996
2026-05-05T07:00:00Z,212.735992,212.882996,212.720001,212.847000
2026-05-05T08:00:00Z,212.845001,213.089005,212.841003,212.983994
2026-05-05T09:00:00Z,212.985001,213.716003,212.796005,213.294998
2026-05-05T10:00:00Z,213.287994,213.524994,213.255005,213.485992
2026-05-05T11:00:00Z,213.488998,213.630005,213.417999,213.595001
2026-05-05T12:00:00Z,213.597000,213.710007,213.432007,213.671005
2026-05-05T13:00:00Z,213.675995,213.884003,213.653000,213.789001
2026-05-05T14:00:00Z,213.798996,213.983002,213.718994,213.878998
2026-05-05T15:00:00Z,213.880005,214.072006,213.807999,214.022003
2026-05-05T16:00:00Z,214.029007,214.052002,213.875000,213.893005
2026-05-05T17:00:00Z,213.889008,213.955002,213.841995,213.897003
2026-05-05T18:00:00Z,213.891998,213.979996,213.865005,213.893005
2026-05-05T19:00:00Z,213.901001,213.923004,213.772003,213.804993
2026-05-05T20:00:00Z,213.804993,213.826004,213.697998,213.804993
2026-05-05T21:00:00Z,213.701004,213.975006,213.621994,213.764008
2026-05-05T22:00:00Z,213.764999,213.875000,213.673996,213.822006
2026-05-05T23:00:00Z,213.807007,214.022995,213.759003,213.931000
2026-05-06T00:00:00Z,213.925995,213.964005,213.852005,213.923004
2026-05-06T01:00:00Z,213.917007,214.065002,213.908997,214.054993
2026-05-06T02:00:00Z,214.046997,214.143997,214.018005,214.121994
2026-05-06T03:00:00Z,214.117996,214.227005,213.983994,214.014999
2026-05-06T04:00:00Z,214.007996,214.067993,210.688004,211.891998
2026-05-06T05:00:00Z,211.731995,212.470001,211.649994,212.373001
2026-05-06T06:00:00Z,212.384003,212.529007,212.332001,212.507996
2026-05-06T07:00:00Z,212.505997,212.718994,211.707001,211.876999
2026-05-06T08:00:00Z,211.875000,212.623001,211.822006,212.529007
2026-05-06T09:00:00Z,212.526993,212.649002,212.417999,212.455994
2026-05-06T10:00:00Z,212.455994,212.567001,212.246002,212.393997
2026-05-06T11:00:00Z,212.395004,212.768997,212.304993,212.626007
2026-05-06T12:00:00Z,212.634995,212.768005,212.550995,212.712997
2026-05-06T13:00:00Z,212.716995,212.746002,212.352997,212.434998
2026-05-06T14:00:00Z,212.429993,212.643005,212.376999,212.602005
2026-05-06T15:00:00Z,212.595993,212.757004,212.535004,212.673004
2026-05-06T16:00:00Z,212.673004,212.727005,212.412003,212.479004
2026-05-06T17:00:00Z,212.479004,212.720993,212.455994,212.697998
2026-05-06T18:00:00Z,212.697006,212.707993,212.557007,212.613007
2026-05-06T19:00:00Z,212.610992,212.656006,212.550003,212.619995
2026-05-06T20:00:00Z,212.617004,212.649994,212.468994,212.477997
2026-05-06T21:00:00Z,212.546997,212.625000,212.255997,212.298004
2026-05-06T22:00:00Z,212.289993,212.556000,212.276993,212.524994
2026-05-06T23:00:00Z,212.522003,212.731995,212.451004,212.725006
2026-05-07T00:00:00Z,212.723999,212.740005,212.417007,212.468002
2026-05-07T01:00:00Z,212.468994,212.539993,212.279999,212.522995
2026-05-07T02:00:00Z,212.526001,212.686996,212.472000,212.664993
2026-05-07T03:00:00Z,212.658005,212.671997,212.544006,212.610992
2026-05-07T04:00:00Z,212.610992,212.649994,212.539001,212.600998
2026-05-07T05:00:00Z,212.557007,212.651001,212.542999,212.570999
2026-05-07T06:00:00Z,212.582993,212.619995,212.419006,212.541000
2026-05-07T07:00:00Z,212.548996,212.841995,212.391998,212.832993
2026-05-07T08:00:00Z,212.837997,212.953003,212.699997,212.936005
2026-05-07T09:00:00Z,212.942001,213.050003,212.917007,212.957001
2026-05-07T10:00:00Z,212.960999,213.121994,212.934006,213.005997
2026-05-07T11:00:00Z,213.003998,213.057007,212.811996,212.979004
2026-05-07T12:00:00Z,212.983002,213.046997,212.863998,212.908997
2026-05-07T13:00:00Z,212.904007,213.085999,212.876999,212.914001
2026-05-07T14:00:00Z,212.912994,213.031998,212.852005,212.972000
2026-05-07T15:00:00Z,212.968994,213.082993,212.923004,212.938004
2026-05-07T16:00:00Z,212.932999,213.022995,212.852997,212.923996
2026-05-07T17:00:00Z,212.923004,212.968002,212.725998,212.798004
2026-05-07T18:00:00Z,212.796997,212.944000,212.709000,212.854996
2026-05-07T19:00:00Z,212.848007,212.884003,212.738007,212.748993
2026-05-07T20:00:00Z,212.750000,212.834000,212.550003,212.727997
2026-05-07T21:00:00Z,212.574997,212.768005,212.311005,212.485001
2026-05-07T22:00:00Z,212.507996,212.656998,212.453995,212.537003
2026-05-07T23:00:00Z,212.533997,212.632004,212.528000,212.598999
2026-05-08T00:00:00Z,212.606995,212.744003,212.550995,212.707001
2026-05-08T01:00:00Z,212.701004,212.757996,212.645004,212.731003
2026-05-08T02:00:00Z,212.727997,212.813995,212.660995,212.666000
2026-05-08T03:00:00Z,212.673004,212.692993,212.554001,212.580994
2026-05-08T04:00:00Z,212.582001,212.850998,212.531006,212.757004
2026-05-08T05:00:00Z,212.755997,212.917999,212.751007,212.880005
2026-05-08T06:00:00Z,212.882004,213.065002,212.843994,213.063995
2026-05-08T07:00:00Z,213.057999,213.072998,212.936005,213.001999
2026-05-08T08:00:00Z,213.000000,213.330002,212.972000,213.320007
2026-05-08T09:00:00Z,213.326004,213.386002,213.279007,213.307007
2026-05-08T10:00:00Z,213.306000,213.393005,213.214996,213.253998
2026-05-08T11:00:00Z,213.246002,213.378998,213.210999,213.376007
2026-05-08T12:00:00Z,213.376007,213.386993,213.173996,213.246994
2026-05-08T13:00:00Z,213.238007,213.287994,213.106003,213.257996
2026-05-08T14:00:00Z,213.263000,213.440002,213.181000,213.403000
2026-05-08T15:00:00Z,213.403000,213.466995,213.289993,213.399994
2026-05-08T16:00:00Z,213.401993,213.483994,213.332001,213.375000
2026-05-08T17:00:00Z,213.369003,213.436005,213.315002,213.397995
2026-05-08T18:00:00Z,213.397995,213.492004,213.378998,213.445007
2026-05-08T19:00:00Z,213.440994,213.604996,213.436996,213.585007
2026-05-08T20:00:00Z,213.585007,213.705994,213.414993,213.528000
2026-05-08T21:00:00Z,213.580994,213.580994,213.580994,213.580994
2026-05-10T23:00:00Z,213.197998,213.296005,213.166000,213.238007
2026-05-11T00:00:00Z,213.266998,213.494003,213.220993,213.412994
2026-05-11T01:00:00Z,213.414001,213.537994,213.373001,213.531006
2026-05-11T02:00:00Z,213.529007,213.649002,213.498001,213.561005
2026-05-11T03:00:00Z,213.552994,213.608002,213.528000,213.565994
2026-05-11T04:00:00Z,213.550995,213.572998,213.347000,213.386993
2026-05-11T05:00:00Z,213.386993,213.462997,213.376999,213.442993
2026-05-11T06:00:00Z,213.447006,213.550995,213.317001,213.498001
2026-05-11T07:00:00Z,213.492996,213.699005,213.492004,213.673996
2026-05-11T08:00:00Z,213.673996,213.804001,213.606003,213.753006
2026-05-11T09:00:00Z,213.753998,213.832993,213.664993,213.692993
2026-05-11T10:00:00Z,213.692993,213.714996,213.464005,213.526001
2026-05-11T11:00:00Z,213.526001,213.860992,213.514999,213.791000
2026-05-11T12:00:00Z,213.783005,213.867996,213.684006,213.841995
2026-05-11T13:00:00Z,213.847000,214.029999,213.835999,213.929001
2026-05-11T14:00:00Z,213.932999,214.134995,213.863998,214.126007
2026-05-11T15:00:00Z,214.119995,214.378006,214.113007,214.354996
2026-05-11T16:00:00Z,214.360001,214.431000,214.283997,214.371002
2026-05-11T17:00:00Z,214.371002,214.421997,214.307999,214.341003
2026-05-11T18:00:00Z,214.334000,214.354004,214.220001,214.248001
2026-05-11T19:00:00Z,214.250000,214.289993,214.113007,214.123001
2026-05-11T20:00:00Z,214.126999,214.145996,213.852005,213.917999
2026-05-11T21:00:00Z,213.910004,214.044006,213.664001,213.761993
2026-05-11T22:00:00Z,213.731003,213.927994,213.720001,213.891998
2026-05-11T23:00:00Z,213.867996,213.953003,213.856995,213.904999
2026-05-12T00:00:00Z,213.893997,214.018005,213.856995,213.981995
2026-05-12T01:00:00Z,213.983002,214.100006,213.940002,214.044006
2026-05-12T02:00:00Z,214.042007,214.197998,214.031998,214.179001
2026-05-12T03:00:00Z,214.169006,214.184006,214.050003,214.072998
2026-05-12T04:00:00Z,214.076004,214.151001,214.029007,214.069000
2026-05-12T05:00:00Z,214.061996,214.141006,212.778000,213.518005
2026-05-12T06:00:00Z,213.509003,213.634003,213.199997,213.347000
2026-05-12T07:00:00Z,213.348999,213.417007,212.843002,212.912994
2026-05-12T08:00:00Z,212.906998,213.304001,212.738007,213.244995
2026-05-12T09:00:00Z,213.253006,213.475006,213.167007,213.315994
2026-05-12T10:00:00Z,213.313004,213.490997,213.201996,213.220993
2026-05-12T11:00:00Z,213.225998,213.350006,213.098007,213.229996
2026-05-12T12:00:00Z,213.222000,213.358002,212.994003,213.272003
2026-05-12T13:00:00Z,213.278000,213.322006,212.955002,212.992004
2026-05-12T14:00:00Z,212.985992,213.341995,212.975998,213.167007
2026-05-12T15:00:00Z,213.164001,213.356995,212.932007,213.324005
2026-05-12T16:00:00Z,213.317993,213.395996,213.179993,213.242996
2026-05-12T17:00:00Z,213.233002,213.332993,213.162003,213.242996
2026-05-12T18:00:00Z,213.240005,213.298996,213.130005,213.244003
2026-05-12T19:00:00Z,213.242004,213.431000,213.235992,213.425995
2026-05-12T20:00:00Z,213.429993,213.434998,213.350006,213.367004
2026-05-12T21:00:00Z,213.343002,213.429001,213.192993,213.231995
2026-05-12T22:00:00Z,213.244995,213.414993,213.244995,213.378006
2026-05-12T23:00:00Z,213.378998,213.427994,213.335999,213.404007
2026-05-13T00:00:00Z,213.406006,213.520004,213.343002,213.477005
2026-05-13T01:00:00Z,213.477997,213.514999,213.313004,213.468994
2026-05-13T02:00:00Z,213.442993,213.520996,213.406998,213.431000
2026-05-13T03:00:00Z,213.434998,213.464996,213.330994,213.457001
2026-05-13T04:00:00Z,213.460007,213.483994,213.404007,213.453995
2026-05-13T05:00:00Z,213.444000,213.684998,213.436996,213.632004
2026-05-13T06:00:00Z,213.639008,213.699005,213.343002,213.432999
2026-05-13T07:00:00Z,213.425995,213.505997,213.298996,213.391998
2026-05-13T08:00:00Z,213.393005,213.542999,213.322998,213.417999
2026-05-13T09:00:00Z,213.408005,213.447998,213.235001,213.352005
2026-05-13T10:00:00Z,213.356995,213.382996,212.964996,213.156998
2026-05-13T11:00:00Z,213.156006,213.220993,213.001007,213.031006
2026-05-13T12:00:00Z,213.031006,213.158005,212.863007,212.925995
2026-05-13T13:00:00Z,212.927002,213.263000,212.925995,213.212006
2026-05-13T14:00:00Z,213.212997,213.376999,213.173004,213.322998
2026-05-13T15:00:00Z,213.326004,213.477005,213.287003,213.380005
2026-05-13T16:00:00Z,213.371002,213.449997,213.287994,213.337997
2026-05-13T17:00:00Z,213.328995,213.395004,213.306000,213.389008
2026-05-13T18:00:00Z,213.378998,213.447998,213.354004,213.440994
2026-05-13T19:00:00Z,213.440994,213.507004,213.423004,213.475006
2026-05-13T20:00:00Z,213.479996,213.559998,213.429001,213.432999
2026-05-13T21:00:00Z,213.408005,213.494995,213.098007,213.343994
2026-05-13T22:00:00Z,213.335999,213.529999,213.330994,213.466995
2026-05-13T23:00:00Z,213.468002,213.533997,213.419006,213.524002
2026-05-14T00:00:00Z,213.520004,213.576004,213.473007,213.559998
2026-05-14T01:00:00Z,213.563995,213.626007,213.488007,213.528000
2026-05-14T02:00:00Z,213.524002,213.615997,213.507996,213.557999
2026-05-14T03:00:00Z,213.557007,213.705994,213.550995,213.671005
2026-05-14T04:00:00Z,213.677994,213.682999,213.113007,213.561005
2026-05-14T05:00:00Z,213.554993,213.589996,213.373001,213.414001
2026-05-14T06:00:00Z,213.376007,213.591003,213.376007,213.516998
2026-05-14T07:00:00Z,213.516998,213.531006,213.261002,213.266998
2026-05-14T08:00:00Z,213.266998,213.477005,213.248001,213.475998
2026-05-14T09:00:00Z,213.477005,213.498001,213.328003,213.354004
2026-05-14T10:00:00Z,213.358002,213.468994,213.332001,213.388000
2026-05-14T11:00:00Z,213.391998,213.475006,213.177994,213.242996
2026-05-14T12:00:00Z,213.257996,213.487000,213.205994,213.378998
2026-05-14T13:00:00Z,213.380005,213.414001,212.406998,213.171005
2026-05-14T14:00:00Z,213.169006,213.354004,213.082993,213.248993
2026-05-14T15:00:00Z,213.251007,213.300003,213.035995,213.054993
2026-05-14T16:00:00Z,213.059998,213.078995,212.473007,212.617004
2026-05-14T17:00:00Z,212.613998,212.656998,212.128006,212.143005
2026-05-14T18:00:00Z,212.136002,212.143997,211.858002,212.041000
2026-05-14T19:00:00Z,212.054993,212.223007,212.035995,212.190994
2026-05-14T20:00:00Z,212.195007,212.289993,212.128998,212.216003
2026-05-14T21:00:00Z,212.169998,212.326004,212.005997,212.184006
2026-05-14T22:00:00Z,212.171997,212.263000,212.117996,212.192001
2026-05-14T23:00:00Z,212.186005,212.225006,212.039993,212.072998
2026-05-15T00:00:00Z,212.074005,212.095993,211.893005,212.029007
2026-05-15T01:00:00Z,212.037003,212.046005,211.764008,211.895996
2026-05-15T02:00:00Z,211.895996,212.044998,211.848999,212.028000
2026-05-15T03:00:00Z,212.024994,212.044998,211.942993,211.988007
2026-05-15T04:00:00Z,211.990005,211.990005,211.794006,211.828003
2026-05-15T05:00:00Z,211.822006,211.834000,211.585999,211.619003
2026-05-15T06:00:00Z,211.615997,211.893005,211.470001,211.514999
2026-05-15T07:00:00Z,211.516006,211.809006,211.494995,211.746994
2026-05-15T08:00:00Z,211.748001,211.768997,211.416000,211.608994
2026-05-15T09:00:00Z,211.606003,211.623993,211.283997,211.574997
2026-05-15T10:00:00Z,211.572998,212.065002,211.572998,211.927002
2026-05-15T11:00:00Z,211.923004,212.059006,211.815002,211.839005
2026-05-15T12:00:00Z,211.839996,211.848999,211.518997,211.742996
2026-05-15T13:00:00Z,211.738998,211.888000,211.656006,211.703003
2026-05-15T14:00:00Z,211.695007,211.947006,211.617004,211.623993
2026-05-15T15:00:00Z,211.623993,211.705002,211.319000,211.552002
2026-05-15T16:00:00Z,211.550995,211.619995,211.365997,211.557999
2026-05-15T17:00:00Z,211.550995,211.621994,211.453003,211.548996
2026-05-15T18:00:00Z,211.550995,211.584000,211.393005,211.419998
2026-05-15T19:00:00Z,211.416000,211.490997,211.391006,211.451004
2026-05-15T20:00:00Z,211.451996,211.570007,211.371002,211.496002
2026-05-15T21:00:00Z,211.529007,211.529007,211.529007,211.529007
2026-05-17T23:00:00Z,211.412994,211.544998,211.391006,211.417007
2026-05-18T00:00:00Z,211.416000,211.559998,211.367004,211.511002
2026-05-18T01:00:00Z,211.509003,211.576996,211.380005,211.563004
2026-05-18T02:00:00Z,211.548004,211.584000,211.447006,211.481995
2026-05-18T03:00:00Z,211.481003,211.742004,211.473999,211.714996
2026-05-18T04:00:00Z,211.714996,211.809998,211.479996,211.688004
2026-05-18T05:00:00Z,211.682999,211.796005,211.660995,211.761002
2026-05-18T06:00:00Z,211.763000,212.235001,211.729004,212.201004
2026-05-18T07:00:00Z,212.205994,212.244995,212.042007,212.197006
2026-05-18T08:00:00Z,212.188004,212.554001,212.139999,212.462006
2026-05-18T09:00:00Z,212.455994,212.487000,212.283005,212.363007
2026-05-18T10:00:00Z,212.367996,212.453003,212.110001,212.119003
2026-05-18T11:00:00Z,212.115997,212.464996,212.113998,212.455994
2026-05-18T12:00:00Z,212.453003,212.710999,212.440994,212.559998
2026-05-18T13:00:00Z,212.561996,212.641006,212.414001,212.570999
2026-05-18T14:00:00Z,212.576004,212.858994,212.557007,212.744003
2026-05-18T15:00:00Z,212.742004,213.231003,212.658997,213.110001
2026-05-18T16:00:00Z,213.115997,213.548996,213.074005,213.432999
2026-05-18T17:00:00Z,213.427994,213.494995,213.289001,213.294998
2026-05-18T18:00:00Z,213.292007,213.324005,213.162994,213.188004
2026-05-18T19:00:00Z,213.190002,213.416000,213.164993,213.378006
2026-05-18T20:00:00Z,213.369995,213.447006,213.264008,213.350006
2026-05-18T21:00:00Z,213.278000,213.354996,213.087997,213.205994
2026-05-18T22:00:00Z,213.136002,213.389008,213.117996,213.371994
2026-05-18T23:00:00Z,213.358994,213.406998,213.326004,213.382004
2026-05-19T00:00:00Z,213.376007,213.473999,213.324997,213.382996
2026-05-19T01:00:00Z,213.384003,213.391006,213.212006,213.302002
2026-05-19T02:00:00Z,213.300003,213.304993,213.184006,213.259003
2026-05-19T03:00:00Z,213.266006,213.279999,213.205994,213.210999
2026-05-19T04:00:00Z,213.207993,213.233994,213.121002,213.145004
2026-05-19T05:00:00Z,213.145004,213.360992,213.035995,213.343994
2026-05-19T06:00:00Z,213.326996,213.343994,213.067993,213.149002
2026-05-19T07:00:00Z,213.149994,213.227005,213.016998,213.143997
2026-05-19T08:00:00Z,213.145004,213.171997,212.988007,213.121994
2026-05-19T09:00:00Z,213.117996,213.315994,213.061005,213.300995
2026-05-19T10:00:00Z,213.302002,213.412003,213.181000,213.294998
2026-05-19T11:00:00Z,213.291000,213.356003,213.240005,213.281998
2026-05-19T12:00:00Z,213.287994,213.509003,212.837006,213.266006
2026-05-19T13:00:00Z,213.261993,213.298996,212.962997,213.151001
2026-05-19T14:00:00Z,213.154007,213.195007,212.895004,213.029007
2026-05-19T15:00:00Z,213.029999,213.253006,212.951996,213.188995
2026-05-19T16:00:00Z,213.195007,213.201996,212.628998,212.802994
2026-05-19T17:00:00Z,212.798004,213.022995,212.798004,213.001999
2026-05-19T18:00:00Z,213.001999,213.175003,213.001999,213.074997
2026-05-19T19:00:00Z,213.070007,213.173996,213.069000,213.128998
2026-05-19T20:00:00Z,213.136993,213.212997,213.007996,213.024002
2026-05-19T21:00:00Z,213.031998,213.194000,212.919006,213.117004
2026-05-19T22:00:00Z,213.100998,213.167007,213.026993,213.078003
2026-05-19T23:00:00Z,213.089005,213.128998,213.031006,213.035004
2026-05-20T00:00:00Z,213.037003,213.136002,212.852997,212.873993
2026-05-20T01:00:00Z,212.873993,212.942993,212.774002,212.889999
2026-05-20T02:00:00Z,212.893997,212.936996,212.746002,212.804001
2026-05-20T03:00:00Z,212.804993,212.938995,212.757996,212.878998
2026-05-20T04:00:00Z,212.871994,212.955002,212.822998,212.876999
2026-05-20T05:00:00Z,212.876007,212.955994,212.813004,212.871994
2026-05-20T06:00:00Z,212.863998,213.003006,212.584000,212.809006
2026-05-20T07:00:00Z,212.813004,212.985992,212.744995,212.906006
2026-05-20T08:00:00Z,212.906998,212.998993,212.776001,212.820999
2026-05-20T09:00:00Z,212.824997,212.951004,212.813995,212.871994
2026-05-20T10:00:00Z,212.860001,213.026001,212.828003,212.994003
2026-05-20T11:00:00Z,213.000000,213.169998,212.981995,213.097000
2026-05-20T12:00:00Z,213.093994,213.173004,213.018005,213.035995
2026-05-20T13:00:00Z,213.037003,213.214005,212.996994,213.078003
2026-05-20T14:00:00Z,213.080002,213.457993,212.996002,213.399994
2026-05-20T15:00:00Z,213.401001,213.578003,213.268005,213.500000
2026-05-20T16:00:00Z,213.494003,213.600006,213.453995,213.492996
2026-05-20T17:00:00Z,213.498001,213.613007,213.462006,213.466003
2026-05-20T18:00:00Z,213.514008,213.576996,213.451004,213.514008
2026-05-20T19:00:00Z,213.518997,213.585007,213.445007,213.464005
2026-05-20T20:00:00Z,213.453003,213.554001,213.434998,213.438995
2026-05-20T21:00:00Z,213.451004,213.582993,213.326996,213.412003
2026-05-20T22:00:00Z,213.412003,213.488007,213.371994,213.427994
2026-05-20T23:00:00Z,213.425995,213.479004,213.412003,213.440994
2026-05-21T00:00:00Z,213.442993,213.516006,213.378006,213.466003
2026-05-21T01:00:00Z,213.460999,213.561005,213.404007,213.445007
2026-05-21T02:00:00Z,213.442993,213.477997,213.278000,213.429001
2026-05-21T03:00:00Z,213.429001,213.483994,213.395996,213.436996
2026-05-21T04:00:00Z,213.432007,213.567993,213.417999,213.546997
2026-05-21T05:00:00Z,213.546997,213.606995,213.494995,213.595001
2026-05-21T06:00:00Z,213.593002,213.699997,213.578003,213.686005
2026-05-21T07:00:00Z,213.682007,213.764999,213.365997,213.557007
2026-05-21T08:00:00Z,213.557007,213.824005,213.492996,213.589996
2026-05-21T09:00:00Z,213.595993,213.723999,213.557007,213.686996
2026-05-21T10:00:00Z,213.690002,213.778000,213.447006,213.615997
2026-05-21T11:00:00Z,213.612000,213.766998,213.556000,213.606995
2026-05-21T12:00:00Z,213.604996,213.658005,213.434998,213.492004
2026-05-21T13:00:00Z,213.481995,213.582993,213.311996,213.419006
2026-05-21T14:00:00Z,213.419006,213.490997,213.307007,213.453003
2026-05-21T15:00:00Z,213.453003,213.500000,213.276993,213.365997
2026-05-21T16:00:00Z,213.356003,213.395996,213.296997,213.373001
2026-05-21T17:00:00Z,213.375000,213.643997,213.358994,213.582993
2026-05-21T18:00:00Z,213.582993,213.703995,213.488007,213.580002
2026-05-21T19:00:00Z,213.574005,213.634003,213.475006,213.524002
2026-05-21T20:00:00Z,213.514008,213.602005,213.404999,213.438995
2026-05-21T21:00:00Z,213.436005,213.574997,213.259995,213.375000
2026-05-21T22:00:00Z,213.373001,213.589005,213.373001,213.535004
2026-05-21T23:00:00Z,213.544006,213.613007,213.514008,213.582001
2026-05-22T00:00:00Z,213.582001,213.628006,213.498001,213.561996
2026-05-22T01:00:00Z,213.563004,213.632004,213.533005,213.570007
2026-05-22T02:00:00Z,213.570999,213.606995,213.473007,213.511993
2026-05-22T03:00:00Z,213.511993,213.541000,213.457001,213.501999
2026-05-22T04:00:00Z,213.501999,213.641998,213.483994,213.610001
2026-05-22T05:00:00Z,213.610992,213.671997,213.514008,213.561996
2026-05-22T06:00:00Z,213.559006,213.600998,213.455002,213.565002
2026-05-22T07:00:00Z,213.567001,213.641006,213.436996,213.610992
2026-05-22T08:00:00Z,213.604996,213.731003,213.528000,213.576004
2026-05-22T09:00:00Z,213.570999,213.645996,213.479004,213.604996
2026-05-22T10:00:00Z,213.612000,213.692993,213.531006,213.574997
2026-05-22T11:00:00Z,213.570007,213.632996,213.514008,213.554001
2026-05-22T12:00:00Z,213.554001,213.731995,213.483994,213.729004
2026-05-22T13:00:00Z,213.718994,214.039993,213.699997,213.751007
2026-05-22T14:00:00Z,213.766006,213.798996,213.544998,213.718002
2026-05-22T15:00:00Z,213.716003,213.983994,213.660004,213.895004
2026-05-22T16:00:00Z,213.884003,214.026993,213.860992,213.975006
2026-05-22T17:00:00Z,213.970993,214.028000,213.850006,213.992004
2026-05-22T18:00:00Z,213.994003,214.024002,213.869995,213.979996
2026-05-22T19:00:00Z,213.983994,213.983994,213.841003,213.895996
2026-05-22T20:00:00Z,213.895996,213.945999,213.675995,213.778000
2026-05-22T21:00:00Z,213.798004,213.798004,213.798004,213.798004
2026-05-24T23:00:00Z,214.220001,214.296005,214.197006,214.274994
2026-05-25T00:00:00Z,214.283005,214.291000,214.147995,214.169998
2026-05-25T01:00:00Z,214.167999,214.214005,214.091995,214.151993
2026-05-25T02:00:00Z,214.154999,214.184006,214.054001,214.067001
2026-05-25T03:00:00Z,214.069000,214.121994,214.039993,214.093002
2026-05-25T04:00:00Z,214.093002,214.223999,214.078003,214.184006
2026-05-25T05:00:00Z,214.186996,214.287003,214.182007,214.257996
2026-05-25T06:00:00Z,214.264008,214.326996,214.182007,214.292999
2026-05-25T07:00:00Z,214.292999,214.371994,214.220001,214.365005
2026-05-25T08:00:00Z,214.362000,214.436996,214.283997,214.425995
2026-05-25T09:00:00Z,214.429001,214.479004,214.403000,214.434998
2026-05-25T10:00:00Z,214.429993,214.464996,214.384003,214.425995
2026-05-25T11:00:00Z,214.425995,214.598007,214.376999,214.526993
2026-05-25T12:00:00Z,214.526001,214.604996,214.507004,214.522003
2026-05-25T13:00:00Z,214.518997,214.582993,214.432007,214.434998
2026-05-25T14:00:00Z,214.438004,214.572998,214.412003,214.546997
2026-05-25T15:00:00Z,214.550995,214.591995,214.498993,214.535004
2026-05-25T16:00:00Z,214.533997,214.587997,214.501007,214.563995
2026-05-25T17:00:00Z,214.570007,214.615005,214.552002,214.589005
2026-05-25T18:00:00Z,214.589005,214.628998,214.574997,214.626999
2026-05-25T19:00:00Z,214.619995,214.675003,214.595001,214.647995
2026-05-25T20:00:00Z,214.649994,214.679001,214.511002,214.520996
2026-05-25T21:00:00Z,214.511993,214.634995,214.371994,214.462997
2026-05-25T22:00:00Z,214.462997,214.634003,214.412003,214.598007
2026-05-25T23:00:00Z,214.591003,214.625000,214.488998,214.514999
2026-05-26T00:00:00Z,214.509003,214.539993,214.412994,214.514999
2026-05-26T01:00:00Z,214.509995,214.542999,214.328995,214.393997
2026-05-26T02:00:00Z,214.393997,214.425003,214.335999,214.369003
2026-05-26T03:00:00Z,214.360992,214.404007,214.330994,214.382004
2026-05-26T04:00:00Z,214.378006,214.389008,214.307999,214.341995
2026-05-26T05:00:00Z,214.335999,214.354004,214.255005,214.281998
2026-05-26T06:00:00Z,214.279007,214.473007,214.257004,214.417999
2026-05-26T07:00:00Z,214.421997,214.522003,214.311005,214.509995
2026-05-26T08:00:00Z,214.505997,214.641006,214.481995,214.528000
2026-05-26T09:00:00Z,214.529999,214.634995,214.470993,214.598999
2026-05-26T10:00:00Z,214.600006,214.660995,214.513000,214.598007
2026-05-26T11:00:00Z,214.591995,214.673996,214.399994,214.412994
2026-05-26T12:00:00Z,214.412003,214.542007,214.378006,214.423004
2026-05-26T13:00:00Z,214.419998,214.492996,214.356995,214.431000
2026-05-26T14:00:00Z,214.425995,214.503998,214.264008,214.276993
2026-05-26T15:00:00Z,214.283997,214.317993,214.061005,214.108994
2026-05-26T16:00:00Z,214.106995,214.222000,214.074005,214.125000
2026-05-26T17:00:00Z,214.117004,214.220001,214.100998,214.195999
2026-05-26T18:00:00Z,214.197998,214.218994,214.143005,214.212997
2026-05-26T19:00:00Z,214.214996,214.268005,214.171005,214.255005
2026-05-26T20:00:00Z,214.246994,214.317993,214.113998,214.113998
2026-05-26T21:00:00Z,214.106995,214.322998,214.016006,214.143997
2026-05-26T22:00:00Z,214.143005,214.292007,214.110992,214.218994
2026-05-26T23:00:00Z,214.205002,214.341003,214.181000,214.259995
2026-05-27T00:00:00Z,214.261002,214.399002,214.182007,214.313995
2026-05-27T01:00:00Z,214.307007,214.382996,214.154999,214.207993
2026-05-27T02:00:00Z,214.201004,214.309006,214.175995,214.190994
2026-05-27T03:00:00Z,214.188995,214.287003,214.164001,214.199997
2026-05-27T04:00:00Z,214.195999,214.311005,214.186996,214.237000
2026-05-27T05:00:00Z,214.240997,214.395004,214.225998,214.311005
2026-05-27T06:00:00Z,214.309998,214.404007,214.242004,214.365005
2026-05-27T07:00:00Z,214.358994,214.447998,214.182007,214.220001
2026-05-27T08:00:00Z,214.214005,214.425003,214.186996,214.320007
2026-05-27T09:00:00Z,214.320007,214.419998,214.227997,214.257004
2026-05-27T10:00:00Z,214.255997,214.311996,214.138000,214.216995
2026-05-27T11:00:00Z,214.218002,214.300003,214.128998,214.186996
2026-05-27T12:00:00Z,214.188004,214.391006,214.121994,214.250000
2026-05-27T13:00:00Z,214.251007,214.432007,214.235001,214.313004
2026-05-27T14:00:00Z,214.311996,214.513000,213.998001,214.037994
2026-05-27T15:00:00Z,214.037003,214.210999,214.016006,214.153000
2026-05-27T16:00:00Z,214.151001,214.279999,214.070007,214.212997
2026-05-27T17:00:00Z,214.201996,214.287003,214.067993,214.181000
2026-05-27T18:00:00Z,214.179993,214.274994,214.128006,214.207993
2026-05-27T19:00:00Z,214.201996,214.334000,214.194000,214.264008
2026-05-27T20:00:00Z,214.264008,214.324997,214.106995,214.141006
2026-05-27T21:00:00Z,214.136002,214.151001,213.858994,214.087997
2026-05-27T22:00:00Z,214.057007,214.210007,214.048004,214.175003
2026-05-27T23:00:00Z,214.171997,214.199005,214.048996,214.067993
2026-05-28T00:00:00Z,214.069000,214.115997,213.957993,214.009995
2026-05-28T01:00:00Z,214.013000,214.024002,213.802002,213.815994
2026-05-28T02:00:00Z,213.817001,213.876007,213.804001,213.826004
2026-05-28T03:00:00Z,213.826004,213.843002,213.376007,213.380005
2026-05-28T04:00:00Z,213.378998,213.492004,213.307007,213.464005
2026-05-28T05:00:00Z,213.464005,213.718994,213.408997,213.677994
2026-05-28T06:00:00Z,213.679993,213.820999,213.653000,213.778000
2026-05-28T07:00:00Z,213.770996,213.880005,213.718994,213.738998
2026-05-28T08:00:00Z,213.733002,213.772995,213.613998,213.688995
2026-05-28T09:00:00Z,213.688995,213.744003,213.524994,213.548996
2026-05-28T10:00:00Z,213.541000,213.552994,213.412994,213.507004
2026-05-28T11:00:00Z,213.505005,213.828003,213.498001,213.778000
2026-05-28T12:00:00Z,213.783005,213.889008,213.621994,213.876999
2026-05-28T13:00:00Z,213.884995,214.009995,213.800995,213.854004
2026-05-28T14:00:00Z,213.856995,214.123001,213.811005,213.878006
2026-05-28T15:00:00Z,213.878006,214.044998,213.865997,214.016006
2026-05-28T16:00:00Z,214.016006,214.121002,213.945999,214.011993
2026-05-28T17:00:00Z,214.009003,214.065002,213.972000,214.050003
2026-05-28T18:00:00Z,214.046005,214.067993,213.992004,214.044998
2026-05-28T19:00:00Z,214.041000,214.065994,213.979996,214.016006
2026-05-28T20:00:00Z,214.014008,214.091003,213.996002,214.061005
2026-05-28T21:00:00Z,214.018997,214.100998,213.878998,214.018005
2026-05-28T22:00:00Z,214.018005,214.119003,213.975998,214.072006
2026-05-28T23:00:00Z,214.063995,214.126007,214.028000,214.113998
2026-05-29T00:00:00Z,214.115005,214.177994,214.080002,214.097000
2026-05-29T01:00:00Z,214.087997,214.212006,214.072998,214.119003
2026-05-29T02:00:00Z,214.115005,214.143997,214.057007,214.084000
2026-05-29T03:00:00Z,214.085007,214.097000,214.007996,214.050995
2026-05-29T04:00:00Z,214.050995,214.108002,214.033005,214.063995
2026-05-29T05:00:00Z,214.063004,214.125000,214.033997,214.085999
2026-05-29T06:00:00Z,214.087006,214.162003,213.955002,214.005997
2026-05-29T07:00:00Z,214.005997,214.029999,213.748993,213.815002
2026-05-29T08:00:00Z,213.815002,213.824005,213.585007,213.630997
2026-05-29T09:00:00Z,213.630005,213.740005,213.587997,213.735001
2026-05-29T10:00:00Z,213.735001,213.737000,213.576996,213.722000
2026-05-29T11:00:00Z,213.725006,213.863998,213.660995,213.854004
2026-05-29T12:00:00Z,213.854004,213.955002,213.768997,213.951996
2026-05-29T13:00:00Z,213.947006,214.167007,213.895996,214.076004
2026-05-29T14:00:00Z,214.078003,214.591995,213.994003,214.542007
2026-05-29T15:00:00Z,214.544006,214.630997,214.438995,214.552994
2026-05-29T16:00:00Z,214.546005,214.563004,214.339005,214.388000
2026-05-29T17:00:00Z,214.388000,214.434998,214.289001,214.322006
2026-05-29T18:00:00Z,214.322006,214.412994,214.313004,214.369003
2026-05-29T19:00:00Z,214.369995,214.535004,214.350998,214.477997
2026-05-29T20:00:00Z,214.481995,214.490997,214.147995,214.270004
2026-05-29T21:00:00Z,214.235001,214.235001,214.235001,214.235001
2026-05-31T23:00:00Z,214.343002,214.419006,214.298996,214.352005
2026-06-01T00:00:00Z,214.350006,214.496994,214.313995,214.483002
2026-06-01T01:00:00Z,214.485001,214.569000,214.466995,214.565994
2026-06-01T02:00:00Z,214.561005,214.606003,214.526001,214.561996
2026-06-01T03:00:00Z,214.563004,214.608994,214.477005,214.488007
2026-06-01T04:00:00Z,214.490005,214.600006,214.481003,214.580994
2026-06-01T05:00:00Z,214.574997,214.738998,214.569000,214.667999
2026-06-01T06:00:00Z,214.677994,214.876007,214.632996,214.776993
2026-06-01T07:00:00Z,214.779007,214.789001,214.576004,214.641998
2026-06-01T08:00:00Z,214.641998,214.826004,214.625000,214.783997
2026-06-01T09:00:00Z,214.781998,214.854996,214.595001,214.623001
2026-06-01T10:00:00Z,214.615005,214.697998,214.569000,214.667007
2026-06-01T11:00:00Z,214.662994,214.759003,214.628006,214.755997
2026-06-01T12:00:00Z,214.753006,214.796005,214.684006,214.720993
2026-06-01T13:00:00Z,214.723999,214.733002,214.207001,214.242004
2026-06-01T14:00:00Z,214.227997,214.638000,214.160995,214.613998
2026-06-01T15:00:00Z,214.615997,214.738998,214.479004,214.723007
2026-06-01T16:00:00Z,214.722000,214.837997,214.623993,214.832001
2026-06-01T17:00:00Z,214.832001,214.975998,214.755997,214.934006
2026-06-01T18:00:00Z,214.936996,215.001007,214.897995,214.988007
2026-06-01T19:00:00Z,214.985001,214.988998,214.856995,214.921997
2026-06-01T20:00:00Z,214.923996,214.949997,214.757004,214.757004
2026-06-01T21:00:00Z,214.742996,215.005997,214.641006,214.733994
2026-06-01T22:00:00Z,214.733994,214.862000,214.733994,214.845993
2026-06-01T23:00:00Z,214.856995,214.886993,214.811996,214.878006
2026-06-02T00:00:00Z,214.871994,214.959000,214.783997,214.800995
2026-06-02T01:00:00Z,214.798004,214.910004,214.787994,214.832001
2026-06-02T02:00:00Z,214.826996,214.882996,214.809998,214.867996
2026-06-02T03:00:00Z,214.867004,214.960999,214.860001,214.945999
2026-06-02T04:00:00Z,214.945999,215.059998,214.927994,215.048004
2026-06-02T05:00:00Z,215.048004,215.098999,215.018005,215.022003
2026-06-02T06:00:00Z,215.018997,215.317001,215.018997,215.251007
2026-06-02T07:00:00Z,215.242996,215.272003,215.098007,215.136002
2026-06-02T08:00:00Z,215.132004,215.156998,215.005997,215.063004
2026-06-02T09:00:00Z,215.056000,215.173996,215.022003,215.164993
2026-06-02T10:00:00Z,215.164001,215.220001,215.104996,215.112000
2026-06-02T11:00:00Z,215.119003,215.274994,215.065994,215.229004
2026-06-02T12:00:00Z,215.229004,215.311005,215.181000,215.253998
2026-06-02T13:00:00Z,215.250000,215.356995,215.188004,215.264999
2026-06-02T14:00:00Z,215.250000,215.436005,215.138000,215.365997
2026-06-02T15:00:00Z,215.367004,215.526993,215.362000,215.494995
2026-06-02T16:00:00Z,215.494003,215.522003,215.317001,215.326004
2026-06-02T17:00:00Z,215.326004,215.354996,215.263000,215.287994
2026-06-02T18:00:00Z,215.283997,215.395996,215.214005,215.365997
2026-06-02T19:00:00Z,215.373993,215.436996,215.362000,215.393005
2026-06-02T20:00:00Z,215.395996,215.438995,215.238007,215.261993
2026-06-02T21:00:00Z,215.235001,215.403000,215.145996,215.248993
2026-06-02T22:00:00Z,215.246994,215.358002,215.195007,215.334000
2026-06-02T23:00:00Z,215.309998,215.354996,215.177002,215.212997
2026-06-03T00:00:00Z,215.207993,215.376999,215.197006,215.363998
2026-06-03T01:00:00Z,215.363998,215.373993,215.264999,215.281998
2026-06-03T02:00:00Z,215.279999,215.319000,215.195999,215.227997
2026-06-03T03:00:00Z,215.227997,215.285004,215.210999,215.248993
2026-06-03T04:00:00Z,215.248993,215.259003,215.177002,215.201996
2026-06-03T05:00:00Z,215.207993,215.246994,215.084000,215.085007
2026-06-03T06:00:00Z,215.087997,215.179001,214.910995,215.162003
2026-06-03T07:00:00Z,215.169006,215.186996,214.626007,214.871994
2026-06-03T08:00:00Z,214.884995,214.925003,214.395996,214.748993
2026-06-03T09:00:00Z,214.740005,214.988007,214.738998,214.876007
2026-06-03T10:00:00Z,214.878006,214.988007,214.850006,214.910995
2026-06-03T11:00:00Z,214.914993,215.029007,214.903000,214.975006
2026-06-03T12:00:00Z,214.975998,214.998993,214.709000,214.796005
2026-06-03T13:00:00Z,214.796997,214.860001,214.695007,214.759003
2026-06-03T14:00:00Z,214.750000,214.929993,214.643997,214.912994
2026-06-03T15:00:00Z,214.912994,215.009995,214.791000,214.914993
2026-06-03T16:00:00Z,214.912003,214.921997,214.664993,214.738998
2026-06-03T17:00:00Z,214.735001,214.792007,214.681000,214.712006
2026-06-03T18:00:00Z,214.703003,214.731995,214.647003,214.699005
2026-06-03T19:00:00Z,214.697006,214.817993,214.686996,214.809006
2026-06-03T20:00:00Z,214.815994,214.835007,214.699005,214.699005
2026-06-03T21:00:00Z,214.681000,214.858994,214.569000,214.615997
2026-06-03T22:00:00Z,214.630005,214.723007,214.591003,214.667007
2026-06-03T23:00:00Z,214.647995,214.757996,214.619003,214.746994
2026-06-04T00:00:00Z,214.750000,214.796005,214.643997,214.679993
2026-06-04T01:00:00Z,214.677002,214.695999,214.628006,214.673996
2026-06-04T02:00:00Z,214.675003,214.694000,214.608002,214.673996
2026-06-04T03:00:00Z,214.677002,214.742004,214.613998,214.725006
2026-06-04T04:00:00Z,214.725006,214.763000,214.307007,214.710999
2026-06-04T05:00:00Z,214.710999,214.735001,214.608002,214.688995
2026-06-04T06:00:00Z,214.682007,214.766006,214.643005,214.709000
2026-06-04T07:00:00Z,214.712006,214.727005,214.451996,214.615005
2026-06-04T08:00:00Z,214.606003,214.763000,214.606003,214.703995
2026-06-04T09:00:00Z,214.703995,214.878998,214.697998,214.792999
2026-06-04T10:00:00Z,214.792999,214.934998,214.772995,214.919006
2026-06-04T11:00:00Z,214.919006,215.136993,214.899994,215.026993
2026-06-04T12:00:00Z,215.024994,215.156998,215.005997,215.106995
2026-06-04T13:00:00Z,215.108002,215.134995,214.968994,215.100998
2026-06-04T14:00:00Z,215.102997,215.123001,214.916000,215.074997
2026-06-04T15:00:00Z,215.074997,215.102005,214.865005,214.987000
2026-06-04T16:00:00Z,214.981995,215.022995,214.899002,214.916000
2026-06-04T17:00:00Z,214.921005,214.955002,214.804993,214.826996
2026-06-04T18:00:00Z,214.819000,214.856995,214.785995,214.828003
2026-06-04T19:00:00Z,214.824997,214.841003,214.764999,214.796997
2026-06-04T20:00:00Z,214.789993,214.832001,214.729004,214.783005
2026-06-04T21:00:00Z,214.772003,214.972000,214.621994,214.656998
2026-06-04T22:00:00Z,214.684006,214.813995,214.643005,214.776001
2026-06-04T23:00:00Z,214.770004,214.794998,214.723007,214.751007
2026-06-05T00:00:00Z,214.748993,214.750000,214.658005,214.714005
2026-06-05T01:00:00Z,214.714005,214.742996,214.580994,214.727997
2026-06-05T02:00:00Z,214.720001,214.798996,214.712006,214.755005
2026-06-05T03:00:00Z,214.742996,214.811996,214.723999,214.763000
2026-06-05T04:00:00Z,214.761993,214.843994,214.751999,214.807999
2026-06-05T05:00:00Z,214.807999,214.822998,214.737000,214.748993
2026-06-05T06:00:00Z,214.748993,214.904999,214.723999,214.875000
2026-06-05T07:00:00Z,214.876007,215.085999,214.854004,215.052002
2026-06-05T08:00:00Z,215.052994,215.231003,215.028000,215.207993
2026-06-05T09:00:00Z,215.207993,215.397003,215.169006,215.348007
2026-06-05T10:00:00Z,215.348007,215.608002,215.335007,215.459000
2026-06-05T11:00:00Z,215.460007,215.477997,215.257004,215.272995
2026-06-05T12:00:00Z,215.274002,215.313004,214.746002,214.751999
2026-06-05T13:00:00Z,214.753006,214.834000,214.199997,214.561996
2026-06-05T14:00:00Z,214.565994,214.654999,214.362000,214.535995
2026-06-05T15:00:00Z,214.535995,214.542999,214.016006,214.076996
2026-06-05T16:00:00Z,214.078995,214.084000,213.854996,214.059998
2026-06-05T17:00:00Z,214.061005,214.085007,213.828003,213.886993
2026-06-05T18:00:00Z,213.880997,213.895996,213.518005,213.597000
2026-06-05T19:00:00Z,213.598999,213.714996,213.516998,213.641006
2026-06-05T20:00:00Z,213.639999,213.875000,213.572998,213.792999
2026-06-05T21:00:00Z,213.873993,213.873993,213.873993,213.873993
2026-06-07T23:00:00Z,213.615005,213.817993,213.578003,213.800003
2026-06-08T00:00:00Z,213.800995,214.016006,213.733994,214.007004
2026-06-08T01:00:00Z,214.007004,214.044006,213.550003,213.822998
2026-06-08T02:00:00Z,213.822998,213.977005,213.707001,213.925995
2026-06-08T03:00:00Z,213.925995,213.949005,213.852005,213.901001
2026-06-08T04:00:00Z,213.901993,213.947998,213.841995,213.886993
2026-06-08T05:00:00Z,213.882004,213.977997,213.544006,213.585007
2026-06-08T06:00:00Z,213.582993,213.725998,213.479996,213.505997
2026-06-08T07:00:00Z,213.505997,213.848007,213.475006,213.542007
2026-06-08T08:00:00Z,213.539001,213.615005,212.932999,213.173004
2026-06-08T09:00:00Z,213.169998,213.279007,212.921997,213.238998
2026-06-08T10:00:00Z,213.240005,213.483002,213.175995,213.460999
2026-06-08T11:00:00Z,213.460007,213.820999,213.431000,213.710007
2026-06-08T12:00:00Z,213.707001,213.804993,213.464005,213.544998
2026-06-08T13:00:00Z,213.548996,213.774002,213.498001,213.658997
2026-06-08T14:00:00Z,213.658997,213.785004,213.552994,213.584000
2026-06-08T15:00:00Z,213.587997,213.723007,213.537003,213.699997
2026-06-08T16:00:00Z,213.701004,213.738007,213.617996,213.697998
2026-06-08T17:00:00Z,213.697006,213.764999,213.662003,213.733994
2026-06-08T18:00:00Z,213.738007,213.845001,213.737000,213.761993
2026-06-08T19:00:00Z,213.755005,213.807007,213.703995,213.733994
2026-06-08T20:00:00Z,213.740997,213.761993,213.559006,213.589996
2026-06-08T21:00:00Z,213.557999,213.785995,213.475998,213.585007
2026-06-08T22:00:00Z,213.567993,213.684006,213.518005,213.682007
2026-06-08T23:00:00Z,213.673996,213.703003,213.563995,213.572006
2026-06-09T00:00:00Z,213.574005,213.707993,213.488007,213.695999
2026-06-09T01:00:00Z,213.690002,213.871002,213.666000,213.867996
2026-06-09T02:00:00Z,213.865005,213.897003,213.824997,213.867996
2026-06-09T03:00:00Z,213.865005,213.923996,213.824005,213.919006
2026-06-09T04:00:00Z,213.917999,214.054993,213.886993,214.011993
2026-06-09T05:00:00Z,214.013000,214.037994,213.921005,213.973999
2026-06-09T06:00:00Z,213.977997,214.115997,213.914001,214.031998
2026-06-09T07:00:00Z,214.029007,214.199005,213.972000,214.136002
2026-06-09T08:00:00Z,214.136002,214.365997,214.110001,214.307007
2026-06-09T09:00:00Z,214.307999,214.468994,214.294998,214.447998
2026-06-09T10:00:00Z,214.447998,214.576996,214.410995,214.542007
2026-06-09T11:00:00Z,214.544006,214.707001,214.535004,214.654007
2026-06-09T12:00:00Z,214.651001,214.731003,214.613007,214.712006
2026-06-09T13:00:00Z,214.710999,214.785995,214.585999,214.613998
2026-06-09T14:00:00Z,214.621994,214.757004,214.490005,214.682007
2026-06-09T15:00:00Z,214.681000,214.789993,214.352997,214.498001
2026-06-09T16:00:00Z,214.487000,214.576996,214.315002,214.470001
2026-06-09T17:00:00Z,214.475006,214.617996,214.459000,214.598007
2026-06-09T18:00:00Z,214.593994,214.742004,214.574005,214.682007
2026-06-09T19:00:00Z,214.675003,214.694000,214.576996,214.615997
2026-06-09T20:00:00Z,214.615997,214.662003,214.453003,214.453003
2026-06-09T21:00:00Z,214.412003,214.561996,214.263000,214.291000
2026-06-09T22:00:00Z,214.291000,214.531006,214.291000,214.475998
2026-06-09T23:00:00Z,214.470993,214.541000,214.410004,214.460999
2026-06-10T00:00:00Z,214.455994,214.580002,214.412994,214.563995
2026-06-10T01:00:00Z,214.567993,214.576996,214.369003,214.494995
2026-06-10T02:00:00Z,214.494995,214.589996,214.447006,214.550003
2026-06-10T03:00:00Z,214.550003,214.718002,214.544998,214.690994
2026-06-10T04:00:00Z,214.697006,214.699997,214.542999,214.600998
2026-06-10T05:00:00Z,214.606003,214.768005,214.556000,214.714996
2026-06-10T06:00:00Z,214.712997,214.834000,214.632996,214.639008
2026-06-10T07:00:00Z,214.639008,214.779999,214.587006,214.766006
2026-06-10T08:00:00Z,214.770996,214.809006,214.654007,214.735992
2026-06-10T09:00:00Z,214.738007,214.987000,214.641998,214.945999
2026-06-10T10:00:00Z,214.940994,215.011993,214.860992,214.862000
2026-06-10T11:00:00Z,214.871002,214.919006,214.686996,214.714005
2026-06-10T12:00:00Z,214.723007,215.029999,214.690994,214.806000
2026-06-10T13:00:00Z,214.809998,215.233002,214.794006,215.063004
2026-06-10T14:00:00Z,215.061996,215.169998,214.936005,215.067001
2026-06-10T15:00:00Z,215.072998,215.123001,214.639999,214.865997
2026-06-10T16:00:00Z,214.865997,214.990997,214.802994,214.869995
2026-06-10T17:00:00Z,214.878998,214.942993,214.766006,214.932007
2026-06-10T18:00:00Z,214.932999,214.983994,214.684006,214.729004
2026-06-10T19:00:00Z,214.725998,214.742996,214.628006,214.666000
2026-06-10T20:00:00Z,214.667007,214.677994,214.556000,214.585999
2026-06-10T21:00:00Z,214.565994,214.746994,214.485992,214.548996
2026-06-10T22:00:00Z,214.544006,214.569000,214.363007,214.421997
2026-06-10T23:00:00Z,214.412003,214.539993,214.304993,214.487000
2026-06-11T00:00:00Z,214.490005,214.628998,214.470001,214.610992
2026-06-11T01:00:00Z,214.612000,214.863998,214.612000,214.817993
2026-06-11T02:00:00Z,214.817001,214.839996,214.692993,214.746002
2026-06-11T03:00:00Z,214.753006,214.778000,214.703995,214.735001
2026-06-11T04:00:00Z,214.733002,214.856003,214.716995,214.809998
2026-06-11T05:00:00Z,214.804993,214.862000,214.785004,214.815002
2026-06-11T06:00:00Z,214.815994,214.862000,214.733002,214.783005
2026-06-11T07:00:00Z,214.776993,214.938004,214.748993,214.792007
2026-06-11T08:00:00Z,214.792999,214.807999,214.483002,214.524994
2026-06-11T09:00:00Z,214.520004,214.606995,214.449005,214.548996
2026-06-11T10:00:00Z,214.550003,214.561996,214.362000,214.453995
2026-06-11T11:00:00Z,214.453995,214.578003,214.442993,214.548996
2026-06-11T12:00:00Z,214.548004,214.593002,214.218994,214.483002
2026-06-11T13:00:00Z,214.488998,214.498993,214.154999,214.294006
2026-06-11T14:00:00Z,214.294006,214.319000,213.878006,213.910004
2026-06-11T15:00:00Z,213.914001,214.171005,213.863998,214.039001
2026-06-11T16:00:00Z,214.044998,214.070999,213.960007,214.026001
2026-06-11T17:00:00Z,214.026001,214.613998,213.914001,214.380997
2026-06-11T18:00:00Z,214.380997,214.479004,214.350006,214.462997
2026-06-11T19:00:00Z,214.462006,214.542007,214.259003,214.371994
2026-06-11T20:00:00Z,214.371994,214.626999,214.365005,214.479004
2026-06-11T21:00:00Z,214.481003,214.714005,214.358994,214.455002
2026-06-11T22:00:00Z,214.490997,214.807999,214.425003,214.794006
2026-06-11T23:00:00Z,214.787994,214.830994,214.694000,214.802002
2026-06-12T00:00:00Z,214.798996,214.852005,214.705994,214.753006
2026-06-12T01:00:00Z,214.759003,214.806000,214.606003,214.800995
2026-06-12T02:00:00Z,214.794998,214.925995,214.783005,214.891006
2026-06-12T03:00:00Z,214.886993,214.975998,214.860001,214.934998
2026-06-12T04:00:00Z,214.934998,215.003998,214.895004,214.921005
2026-06-12T05:00:00Z,214.917999,214.944000,214.738998,214.787994
2026-06-12T06:00:00Z,214.787003,214.964005,214.712997,214.914993
2026-06-12T07:00:00Z,214.923004,214.945999,214.623993,214.737000
2026-06-12T08:00:00Z,214.740005,214.839996,214.625000,214.731995
2026-06-12T09:00:00Z,214.731003,214.830002,214.641006,214.809006
2026-06-12T10:00:00Z,214.802002,214.839005,214.682007,214.690002
2026-06-12T11:00:00Z,214.690002,214.852997,214.688995,214.768005
2026-06-12T12:00:00Z,214.768005,214.792007,214.557999,214.634995
2026-06-12T13:00:00Z,214.628998,214.888000,214.591995,214.753006
2026-06-12T14:00:00Z,214.770004,214.981995,214.688995,214.938995
2026-06-12T15:00:00Z,214.938004,215.018005,214.815994,214.929993
2026-06-12T16:00:00Z,214.929993,214.979004,214.820999,214.953003
2026-06-12T17:00:00Z,214.951996,215.009003,214.899994,214.927994
2026-06-12T18:00:00Z,214.925995,215.005005,214.884995,214.966003
2026-06-12T19:00:00Z,214.959000,214.985992,214.824005,214.841995
2026-06-12T20:00:00Z,214.845993,214.863998,214.591003,214.770004
2026-06-12T21:00:00Z,214.837006,214.837006,214.837006,214.837006
2026-06-14T23:00:00Z,215.138000,215.167007,215.022995,215.132996
2026-06-15T00:00:00Z,215.128998,215.319000,215.112000,215.250000
2026-06-15T01:00:00Z,215.242004,215.358994,215.182999,215.276001
2026-06-15T02:00:00Z,215.276001,215.309998,215.164993,215.216003
2026-06-15T03:00:00Z,215.209000,215.225006,215.149002,215.158997
2026-06-15T04:00:00Z,215.153000,215.276001,215.151001,215.264999
2026-06-15T05:00:00Z,215.264999,215.369995,215.253006,215.341003
2026-06-15T06:00:00Z,215.341003,215.363998,215.162994,215.237000
2026-06-15T07:00:00Z,215.242004,215.279999,214.979004,215.065002
2026-06-15T08:00:00Z,215.061005,215.106003,214.880997,214.932007
2026-06-15T09:00:00Z,214.936996,215.084000,214.925995,214.985001
2026-06-15T10:00:00Z,214.985992,215.076996,214.938004,214.964996
2026-06-15T11:00:00Z,214.955994,215.059006,214.955994,215.011002
2026-06-15T12:00:00Z,215.011002,215.067001,214.903000,215.054993
2026-06-15T13:00:00Z,215.054001,215.177002,215.007996,215.037003
2026-06-15T14:00:00Z,215.035995,215.248001,214.962006,215.220993
2026-06-15T15:00:00Z,215.218994,215.229004,215.020004,215.061996
2026-06-15T16:00:00Z,215.065002,215.192001,215.048996,215.158997
2026-06-15T17:00:00Z,215.153000,215.222000,215.130997,215.207001
2026-06-15T18:00:00Z,215.207993,215.242996,215.070999,215.112000
2026-06-15T19:00:00Z,215.117996,215.128006,215.024002,215.050003
2026-06-15T20:00:00Z,215.046005,215.091003,214.936005,215.037994
2026-06-15T21:00:00Z,215.001999,215.158005,214.891006,214.959000
2026-06-15T22:00:00Z,214.940002,215.080002,214.927994,215.000000
2026-06-15T23:00:00Z,215.011002,215.035004,214.949997,214.964996
2026-06-16T00:00:00Z,214.959000,214.970001,214.804001,214.882996
2026-06-16T01:00:00Z,214.878006,214.936996,214.684998,214.705002
2026-06-16T02:00:00Z,214.707993,214.714996,214.589005,214.643997
2026-06-16T03:00:00Z,214.643997,214.794998,214.500000,214.720993
2026-06-16T04:00:00Z,214.720993,214.772003,214.643005,214.688004
2026-06-16T05:00:00Z,214.684998,214.783005,214.662003,214.671005
2026-06-16T06:00:00Z,214.666000,214.774994,214.584000,214.766006
2026-06-16T07:00:00Z,214.768005,215.044006,214.725998,214.973007
2026-06-16T08:00:00Z,214.964996,215.212006,214.936005,215.210007
2026-06-16T09:00:00Z,215.205002,215.263000,215.057999,215.098007
2026-06-16T10:00:00Z,215.097000,215.287994,215.078995,215.276993
2026-06-16T11:00:00Z,215.274002,215.279007,215.039001,215.117004
2026-06-16T12:00:00Z,215.117004,215.121994,214.962006,215.082993
2026-06-16T13:00:00Z,215.082993,215.160004,215.018997,215.093994
2026-06-16T14:00:00Z,215.091003,215.384003,215.046997,215.371994
2026-06-16T15:00:00Z,215.371002,215.557007,215.304993,215.518997
2026-06-16T16:00:00Z,215.513000,215.535004,215.386002,215.389999
2026-06-16T17:00:00Z,215.389999,215.449005,215.367996,215.442993
2026-06-16T18:00:00Z,215.442001,215.487000,215.386002,215.432007
2026-06-16T19:00:00Z,215.432007,215.466003,215.384003,215.404007
2026-06-16T20:00:00Z,215.399002,215.459000,215.315002,215.320007
2026-06-16T21:00:00Z,215.320999,215.488007,215.182007,215.384003
2026-06-16T22:00:00Z,215.345993,215.431000,215.264999,215.384995
2026-06-16T23:00:00Z,215.360001,215.429993,215.356995,215.360001
2026-06-17T00:00:00Z,215.360992,215.429993,215.320999,215.354004
2026-06-17T01:00:00Z,215.354004,215.395996,215.276993,215.298996
2026-06-17T02:00:00Z,215.287003,215.330002,215.246002,215.246994
2026-06-17T03:00:00Z,215.255005,215.313004,215.229004,215.257004
2026-06-17T04:00:00Z,215.255997,215.287003,215.225998,215.244995
2026-06-17T05:00:00Z,215.244003,215.311005,215.139999,215.278000
2026-06-17T06:00:00Z,215.272995,215.371002,214.903000,214.970001
2026-06-17T07:00:00Z,214.960999,215.065994,214.925003,214.987000
2026-06-17T08:00:00Z,214.981995,214.987000,214.766006,214.942993
2026-06-17T09:00:00Z,214.942001,214.964996,214.845993,214.917007
2026-06-17T10:00:00Z,214.923004,214.955994,214.826004,214.903000
2026-06-17T11:00:00Z,214.904999,214.945999,214.779999,214.886993
2026-06-17T12:00:00Z,214.882996,214.988998,214.867996,214.968994
2026-06-17T13:00:00Z,214.966003,215.039993,214.751999,214.753006
2026-06-17T14:00:00Z,214.753006,214.828995,214.587997,214.727005
2026-06-17T15:00:00Z,214.714996,214.731995,214.587997,214.632004
2026-06-17T16:00:00Z,214.626007,214.639999,214.505997,214.606995
2026-06-17T17:00:00Z,214.606003,214.742004,214.574997,214.645004
2026-06-17T18:00:00Z,214.649994,214.649994,213.981003,214.044998
2026-06-17T19:00:00Z,214.039001,214.059006,213.207993,213.524002
2026-06-17T20:00:00Z,213.524002,213.677002,213.416000,213.453003
2026-06-17T21:00:00Z,213.451004,213.664993,213.147003,213.339005
2026-06-17T22:00:00Z,213.341995,213.563995,213.281006,213.539993
2026-06-17T23:00:00Z,213.529999,213.613998,213.507004,213.604004
2026-06-18T00:00:00Z,213.604004,213.897003,213.587997,213.826004
2026-06-18T01:00:00Z,213.832993,213.977005,213.794006,213.800003
2026-06-18T02:00:00Z,213.800003,213.852997,213.744995,213.764008
2026-06-18T03:00:00Z,213.759003,213.858002,213.751999,213.837997
2026-06-18T04:00:00Z,213.841003,213.880997,213.787003,213.815994
2026-06-18T05:00:00Z,213.811005,213.835007,213.572006,213.613007
2026-06-18T06:00:00Z,213.595001,214.056000,213.533997,213.835007
2026-06-18T07:00:00Z,213.843002,213.884003,213.473999,213.539001
2026-06-18T08:00:00Z,213.529999,213.546997,212.830002,212.938995
2026-06-18T09:00:00Z,212.947006,212.970001,212.550003,212.882996
2026-06-18T10:00:00Z,212.884003,212.964005,212.744995,212.863998
2026-06-18T11:00:00Z,212.826996,212.944000,212.490997,212.593994
2026-06-18T12:00:00Z,212.593994,213.104004,212.578995,212.882996
2026-06-18T13:00:00Z,212.882996,213.074005,212.789001,212.981995
2026-06-18T14:00:00Z,212.979996,213.175003,212.876007,213.160995
2026-06-18T15:00:00Z,213.162994,213.434998,212.973007,213.414001
2026-06-18T16:00:00Z,213.410995,213.429001,213.147995,213.423996
2026-06-18T17:00:00Z,213.421997,213.511993,213.235001,213.238998
2026-06-18T18:00:00Z,213.238998,213.483994,213.188004,213.466995
2026-06-18T19:00:00Z,213.453995,213.567993,212.345993,213.067001
2026-06-18T20:00:00Z,213.067993,213.160004,212.987000,213.100006
2026-06-18T21:00:00Z,213.126007,213.306000,212.927002,213.048996
2026-06-18T22:00:00Z,213.052994,213.175003,212.817993,212.931000
2026-06-18T23:00:00Z,212.951996,213.035004,212.908005,212.932007
2026-06-19T00:00:00Z,212.927002,213.000000,212.675995,212.792007
2026-06-19T01:00:00Z,212.792007,212.817001,212.653000,212.695999
2026-06-19T02:00:00Z,212.695007,212.863998,212.651993,212.835007
2026-06-19T03:00:00Z,212.835007,212.862000,212.649002,212.759995
2026-06-19T04:00:00Z,212.764999,212.813004,212.487000,212.526001
2026-06-19T05:00:00Z,212.518997,212.966003,212.453995,212.753998
2026-06-19T06:00:00Z,212.744995,212.990005,212.701004,212.856003
2026-06-19T07:00:00Z,212.848007,212.996002,212.796005,212.860001
2026-06-19T08:00:00Z,212.860992,213.434006,212.845001,213.410995
2026-06-19T09:00:00Z,213.417999,213.503998,213.362000,213.410995
2026-06-19T10:00:00Z,213.419006,213.449997,213.283997,213.447998
2026-06-19T11:00:00Z,213.440002,213.524994,213.270996,213.319000
2026-06-19T12:00:00Z,213.319000,213.414001,213.264008,213.300003
2026-06-19T13:00:00Z,213.300003,213.322998,213.141006,213.238007
2026-06-19T14:00:00Z,213.233002,213.438995,213.115005,213.220993
2026-06-19T15:00:00Z,213.210007,213.332993,213.145996,213.242004
2026-06-19T16:00:00Z,213.235001,213.421997,213.207001,213.412003
2026-06-19T17:00:00Z,213.404999,213.550003,213.328003,213.367004
2026-06-19T18:00:00Z,213.371994,213.464005,213.287994,213.391998
2026-06-19T19:00:00Z,213.397995,213.462997,213.231995,213.389999
2026-06-19T20:00:00Z,213.432007,213.531006,213.195007,213.391006
2026-06-19T21:00:00Z,213.464996,213.464996,213.457993,213.457993
2026-06-21T23:00:00Z,213.229996,213.268005,213.149994,213.216003
2026-06-22T00:00:00Z,213.205002,213.539001,213.195999,213.522003
2026-06-22T01:00:00Z,213.528000,213.692993,213.475998,213.533997
2026-06-22T02:00:00Z,213.535995,213.667007,213.496002,213.623001
2026-06-22T03:00:00Z,213.623993,213.697998,213.442001,213.492996
2026-06-22T04:00:00Z,213.485001,213.546997,213.419998,213.511002
2026-06-22T05:00:00Z,213.509995,213.710999,213.509995,213.580002
2026-06-22T06:00:00Z,213.580002,213.626999,213.419998,213.578995
2026-06-22T07:00:00Z,213.576004,213.720993,213.348007,213.397003
2026-06-22T08:00:00Z,213.397003,213.688004,213.244003,213.617004
2026-06-22T09:00:00Z,213.621994,214.037994,213.613998,213.949997
2026-06-22T10:00:00Z,213.955994,214.223007,213.942001,214.070007
2026-06-22T11:00:00Z,214.070999,214.190002,213.998001,214.100006
2026-06-22T12:00:00Z,214.098999,214.671005,214.097000,214.518005
2026-06-22T13:00:00Z,214.526001,214.641006,214.304001,214.322998
2026-06-22T14:00:00Z,214.326996,214.522003,213.567001,213.953003
2026-06-22T15:00:00Z,213.949997,214.007996,213.692001,213.957993
2026-06-22T16:00:00Z,213.957001,214.087997,213.886993,213.962006
2026-06-22T17:00:00Z,213.966995,213.992996,213.876007,213.888000
2026-06-22T18:00:00Z,213.882996,213.925003,213.738998,213.766998
2026-06-22T19:00:00Z,213.766998,214.160004,213.764999,214.076004
2026-06-22T20:00:00Z,214.082993,214.173004,213.994995,214.123993
2026-06-22T21:00:00Z,214.125000,214.173004,213.919006,213.942001
2026-06-22T22:00:00Z,213.981995,214.156006,213.938995,214.050003
2026-06-22T23:00:00Z,214.050995,214.080002,213.994995,214.024994
2026-06-23T00:00:00Z,214.024994,214.093994,213.895004,214.005005
2026-06-23T01:00:00Z,214.005005,214.031006,213.886993,213.985992
2026-06-23T02:00:00Z,213.985001,214.039993,213.949005,213.953003
2026-06-23T03:00:00Z,213.953003,214.048004,213.848999,214.031006
2026-06-23T04:00:00Z,214.031006,214.052002,213.888000,213.917999
2026-06-23T05:00:00Z,213.912994,214.095001,213.882004,214.061005
2026-06-23T06:00:00Z,214.059006,214.207993,213.869995,213.921997
2026-06-23T07:00:00Z,213.921005,214.022003,213.481003,213.516998
2026-06-23T08:00:00Z,213.546997,213.595001,213.270004,213.414001
2026-06-23T09:00:00Z,213.412994,213.559006,213.237000,213.503998
2026-06-23T10:00:00Z,213.507004,213.548004,213.253998,213.429001
2026-06-23T11:00:00Z,213.427994,213.567993,213.406006,213.419998
2026-06-23T12:00:00Z,213.419998,213.565002,213.354004,213.445007
2026-06-23T13:00:00Z,213.442993,213.537003,213.259003,213.421997
2026-06-23T14:00:00Z,213.419998,213.444000,213.158997,213.248001
2026-06-23T15:00:00Z,213.244003,213.279007,212.973007,213.072998
2026-06-23T16:00:00Z,213.074005,213.209000,213.046997,213.085999
2026-06-23T17:00:00Z,213.084000,213.136002,213.022003,213.046997
2026-06-23T18:00:00Z,213.046005,213.084000,212.983002,213.078003
2026-06-23T19:00:00Z,213.082001,213.233002,213.065994,213.197006
2026-06-23T20:00:00Z,213.194000,213.335007,213.164993,213.227997
2026-06-23T21:00:00Z,213.201996,213.337006,213.024994,213.199997
2026-06-23T22:00:00Z,213.173996,213.306000,213.145004,213.255997
2026-06-23T23:00:00Z,213.268005,213.337006,213.201996,213.300995
2026-06-24T00:00:00Z,213.300003,213.358994,213.177002,213.320007
2026-06-24T01:00:00Z,213.320007,213.324997,213.126999,213.283005
2026-06-24T02:00:00Z,213.278000,213.313004,213.082993,213.085007
2026-06-24T03:00:00Z,213.084000,213.276001,213.042007,213.229004
2026-06-24T04:00:00Z,213.220001,213.229996,213.078995,213.136993
2026-06-24T05:00:00Z,213.136993,213.261002,213.125000,213.240005
2026-06-24T06:00:00Z,213.235992,213.498993,213.160995,213.233002
2026-06-24T07:00:00Z,213.238998,213.397995,213.110992,213.233994
2026-06-24T08:00:00Z,213.238998,213.440994,213.037994,213.389999
2026-06-24T09:00:00Z,213.389999,213.436005,213.095001,213.102005
2026-06-24T10:00:00Z,213.097000,213.104996,212.699005,212.710007
2026-06-24T11:00:00Z,212.703995,212.912003,212.604996,212.772995
2026-06-24T12:00:00Z,212.772995,212.854996,212.548996,212.701996
2026-06-24T13:00:00Z,212.705994,212.934998,212.572006,212.873993
2026-06-24T14:00:00Z,212.871994,212.932999,212.533005,212.701996
2026-06-24T15:00:00Z,212.699005,213.041000,212.694000,212.837997
2026-06-24T16:00:00Z,212.837997,213.097000,212.798996,213.037003
2026-06-24T17:00:00Z,213.033005,213.061005,212.817993,212.876007
2026-06-24T18:00:00Z,212.873001,213.059006,212.863998,212.901001
2026-06-24T19:00:00Z,212.903000,212.998993,212.871994,212.968994
2026-06-24T20:00:00Z,212.960999,213.199997,212.942993,212.949997
2026-06-24T21:00:00Z,212.889999,213.091003,212.688004,212.927994
2026-06-24T22:00:00Z,212.925003,213.016006,212.848007,212.949005
2026-06-24T23:00:00Z,212.949005,212.990997,212.925003,212.947998
2026-06-25T00:00:00Z,212.947998,212.960999,212.800995,212.856003
2026-06-25T01:00:00Z,212.858994,213.139008,212.852005,212.990997
2026-06-25T02:00:00Z,212.990997,213.104004,212.962006,213.093002
2026-06-25T03:00:00Z,213.097000,213.223007,213.087997,213.179001
2026-06-25T04:00:00Z,213.184006,213.244995,213.134003,213.233994
2026-06-25T05:00:00Z,213.231995,213.276993,213.119003,213.218994
2026-06-25T06:00:00Z,213.214005,213.276001,213.091003,213.246002
2026-06-25T07:00:00Z,213.248001,213.363007,213.195999,213.345993
2026-06-25T08:00:00Z,213.328003,213.513000,213.276001,213.408005
2026-06-25T09:00:00Z,213.408005,213.541000,213.324005,213.348999
2026-06-25T10:00:00Z,213.352997,213.356995,213.080002,213.166000
2026-06-25T11:00:00Z,213.166000,213.179993,212.789993,212.929001
2026-06-25T12:00:00Z,212.929993,213.341003,212.919006,213.244003
2026-06-25T13:00:00Z,213.244995,213.520004,213.192993,213.320007
2026-06-25T14:00:00Z,213.320007,213.630997,213.315002,213.427994
2026-06-25T15:00:00Z,213.432999,213.649994,213.417999,213.643997
2026-06-25T16:00:00Z,213.641998,213.723999,213.539993,213.617996
2026-06-25T17:00:00Z,213.615997,213.626999,213.537003,213.574997
2026-06-25T18:00:00Z,213.582993,213.626999,213.507996,213.528000
2026-06-25T19:00:00Z,213.524002,213.626007,213.483994,213.550995
2026-06-25T20:00:00Z,213.554001,213.578003,213.309998,213.371994
2026-06-25T21:00:00Z,213.391998,213.610001,213.332001,213.417007
2026-06-25T22:00:00Z,213.417007,213.481003,213.354996,213.421005
2026-06-25T23:00:00Z,213.423004,213.436005,213.307999,213.367996
2026-06-26T00:00:00Z,213.367996,213.522003,213.358002,213.494995
2026-06-26T01:00:00Z,213.498001,213.597000,213.375000,213.427994
2026-06-26T02:00:00Z,213.425995,213.455002,213.220001,213.266006
2026-06-26T03:00:00Z,213.272003,213.356995,213.203003,213.337997
2026-06-26T04:00:00Z,213.337997,213.393005,213.225006,213.365997
2026-06-26T05:00:00Z,213.360001,213.417999,213.296997,213.309006
2026-06-26T06:00:00Z,213.307999,213.500000,213.274002,213.410004
2026-06-26T07:00:00Z,213.412003,213.531006,213.278000,213.417007
2026-06-26T08:00:00Z,213.416000,213.647003,213.324005,213.554993
2026-06-26T09:00:00Z,213.546005,213.707001,213.404007,213.621994
2026-06-26T10:00:00Z,213.626999,213.714996,213.546997,213.682999
2026-06-26T11:00:00Z,213.684006,213.748993,213.578995,213.664001
2026-06-26T12:00:00Z,213.656006,213.716995,213.434006,213.546005
2026-06-26T13:00:00Z,213.552002,213.757996,213.475998,213.742996
2026-06-26T14:00:00Z,213.737000,213.811005,213.423004,213.434998
2026-06-26T15:00:00Z,213.434998,213.768005,213.429001,213.738998
2026-06-26T16:00:00Z,213.738007,213.746994,213.563004,213.602005
2026-06-26T17:00:00Z,213.604004,213.654999,213.487000,213.541000
2026-06-26T18:00:00Z,213.533997,213.606003,213.466995,213.483994
2026-06-26T19:00:00Z,213.485992,213.531006,213.408005,213.488998
2026-06-26T20:00:00Z,213.488998,213.572998,213.289993,213.395996
2026-06-26T21:00:00Z,213.477005,213.503998,213.477005,213.503998
2026-06-28T23:00:00Z,213.468994,213.548996,213.429993,213.509003
2026-06-29T00:00:00Z,213.501007,213.529007,213.395004,213.501007
2026-06-29T01:00:00Z,213.494995,213.604996,213.453995,213.535995
2026-06-29T02:00:00Z,213.526993,213.677994,213.509995,213.593994
2026-06-29T03:00:00Z,213.593994,213.656006,213.531998,213.533997
2026-06-29T04:00:00Z,213.535995,213.589996,213.507004,213.567993
2026-06-29T05:00:00Z,213.567993,213.750000,213.563004,213.733994
2026-06-29T06:00:00Z,213.738998,214.009003,213.707001,213.968994
2026-06-29T07:00:00Z,213.968002,214.016998,213.781998,213.811996
2026-06-29T08:00:00Z,213.813004,213.869003,213.675995,213.746994
2026-06-29T09:00:00Z,213.748993,213.985992,213.727005,213.973007
2026-06-29T10:00:00Z,213.975006,214.065994,213.826004,214.014008
2026-06-29T11:00:00Z,214.009995,214.167999,214.007004,214.126999
2026-06-29T12:00:00Z,214.130005,214.324005,214.106995,214.233994
2026-06-29T13:00:00Z,214.233002,214.494995,214.231995,214.369995
2026-06-29T14:00:00Z,214.369995,214.501007,214.179001,214.468002
2026-06-29T15:00:00Z,214.468002,214.617004,214.427994,214.610992
2026-06-29T16:00:00Z,214.606003,214.692001,214.580002,214.636993
2026-06-29T17:00:00Z,214.636002,214.686996,214.582993,214.673996
2026-06-29T18:00:00Z,214.673996,214.757004,214.666000,214.729996
2026-06-29T19:00:00Z,214.738007,214.753006,214.677994,214.738007
2026-06-29T20:00:00Z,214.737000,214.768997,214.639999,214.654007
2026-06-29T21:00:00Z,214.641006,214.682999,214.401001,214.585007
2026-06-29T22:00:00Z,214.585999,214.740005,214.554993,214.705994
2026-06-29T23:00:00Z,214.705002,214.722000,214.585999,214.593002
2026-06-30T00:00:00Z,214.591995,215.033005,214.503998,214.735001
2026-06-30T01:00:00Z,214.744995,214.826004,214.606003,214.656006
2026-06-30T02:00:00Z,214.656998,214.692993,214.565002,214.626007
2026-06-30T03:00:00Z,214.625000,214.701996,214.442993,214.608994
2026-06-30T04:00:00Z,214.602005,214.669006,214.557999,214.567001
2026-06-30T05:00:00Z,214.559006,214.695999,214.520996,214.645004
2026-06-30T06:00:00Z,214.645996,214.916000,214.587997,214.776993
2026-06-30T07:00:00Z,214.776993,214.865005,214.675995,214.733994
2026-06-30T08:00:00Z,214.729004,214.847000,214.634003,214.746002
2026-06-30T09:00:00Z,214.746002,214.871002,214.733002,214.800995
2026-06-30T10:00:00Z,214.809998,214.912003,214.755005,214.828995
2026-06-30T11:00:00Z,214.828995,214.854996,214.608994,214.811005
2026-06-30T12:00:00Z,214.813995,214.815994,214.102997,214.615005
2026-06-30T13:00:00Z,214.615005,214.822998,214.582001,214.794998
2026-06-30T14:00:00Z,214.783005,215.753006,214.666000,215.697006
2026-06-30T15:00:00Z,215.695999,215.772995,215.531006,215.570999
2026-06-30T16:00:00Z,215.574005,215.612000,215.445007,215.520004
2026-06-30T17:00:00Z,215.516006,215.567001,215.464005,215.509003
2026-06-30T18:00:00Z,215.509995,215.658005,215.496994,215.537003
2026-06-30T19:00:00Z,215.537003,215.679993,215.473999,215.645004
2026-06-30T20:00:00Z,215.649994,215.669998,215.462997,215.479996
2026-06-30T21:00:00Z,215.438995,215.647003,215.369003,215.468994
2026-06-30T22:00:00Z,215.453995,215.634995,215.434006,215.557999
2026-06-30T23:00:00Z,215.567993,215.578003,215.442001,215.475998
2026-07-01T00:00:00Z,215.479996,215.582993,215.438004,215.477005
2026-07-01T01:00:00Z,215.477005,215.501007,215.255005,215.352997
2026-07-01T02:00:00Z,215.350006,215.488998,215.304001,215.410995
2026-07-01T03:00:00Z,215.419006,215.507996,215.397003,215.464996
2026-07-01T04:00:00Z,215.457001,215.481003,215.199005,215.468994
2026-07-01T05:00:00Z,215.453003,215.541000,215.395004,215.440002
2026-07-01T06:00:00Z,215.447998,215.520004,215.317993,215.423004
2026-07-01T07:00:00Z,215.431000,215.468994,215.192001,215.438004
2026-07-01T08:00:00Z,215.438995,215.550003,215.378006,215.440002
2026-07-01T09:00:00Z,215.466003,215.645996,215.410004,215.565002
2026-07-01T10:00:00Z,215.559006,215.658005,215.500000,215.593002
2026-07-01T11:00:00Z,215.591995,215.608002,215.427002,215.440002
2026-07-01T12:00:00Z,215.438995,215.535995,215.335999,215.358002
2026-07-01T13:00:00Z,215.335999,215.570007,215.102997,215.391006
2026-07-01T14:00:00Z,215.404007,215.770004,215.313995,215.621002
2026-07-01T15:00:00Z,215.617004,215.686996,215.488998,215.645004
2026-07-01T16:00:00Z,215.639999,215.848999,215.638000,215.761002
2026-07-01T17:00:00Z,215.759995,215.860992,215.725998,215.798996
2026-07-01T18:00:00Z,215.804001,215.835999,215.731995,215.792007
2026-07-01T19:00:00Z,215.796005,215.869995,215.781998,215.856003
2026-07-01T20:00:00Z,215.854004,215.936996,215.748001,215.783005
2026-07-01T21:00:00Z,215.785995,215.942993,215.561005,215.669998
2026-07-01T22:00:00Z,215.656998,215.858994,215.656998,215.835007
2026-07-01T23:00:00Z,215.839996,215.901993,215.792007,215.837006
2026-07-02T00:00:00Z,215.828995,215.893997,215.768005,215.848999
2026-07-02T01:00:00Z,215.848999,215.985001,215.802002,215.910995
2026-07-02T02:00:00Z,215.910004,216.067993,215.899002,215.914993
2026-07-02T03:00:00Z,215.914993,215.953003,215.804993,215.848999
2026-07-02T04:00:00Z,215.847000,215.876007,215.770996,215.850998
2026-07-02T05:00:00Z,215.850998,215.858994,215.729004,215.755997
2026-07-02T06:00:00Z,215.755005,215.785995,214.539001,215.300995
2026-07-02T07:00:00Z,215.298004,215.462997,214.990005,215.283005
2026-07-02T08:00:00Z,215.292999,215.382004,214.895996,215.072006
2026-07-02T09:00:00Z,215.082001,215.317993,214.945007,215.039993
2026-07-02T10:00:00Z,215.048004,215.283997,215.037994,215.132004
2026-07-02T11:00:00Z,215.132004,215.171997,214.901001,214.925995
2026-07-02T12:00:00Z,214.925003,215.216003,214.617996,215.197006
2026-07-02T13:00:00Z,215.201996,215.365997,215.072998,215.158005
2026-07-02T14:00:00Z,215.149002,215.406998,215.113998,215.399002
2026-07-02T15:00:00Z,215.399994,215.412994,214.953003,214.998993
2026-07-02T16:00:00Z,214.996002,215.078995,214.942993,214.953003
2026-07-02T17:00:00Z,214.960999,214.996994,214.856995,214.873001
2026-07-02T18:00:00Z,214.871002,215.009995,214.856995,214.966995
2026-07-02T19:00:00Z,214.966003,215.078995,214.942993,215.022995
2026-07-02T20:00:00Z,215.020996,215.085007,214.910004,214.960007
2026-07-02T21:00:00Z,214.929993,215.089005,214.772995,214.960007
2026-07-02T22:00:00Z,214.959000,215.212006,214.949997,215.184998
2026-07-02T23:00:00Z,215.179993,215.360992,215.156998,215.347000
2026-07-03T00:00:00Z,215.347000,215.399002,215.121994,215.147003
2026-07-03T01:00:00Z,215.143005,215.367996,215.026001,215.339005
2026-07-03T02:00:00Z,215.339996,215.451004,215.266006,215.341995
2026-07-03T03:00:00Z,215.339005,215.356003,215.296005,215.337997
2026-07-03T04:00:00Z,215.341003,215.427994,215.292999,215.339996
2026-07-03T05:00:00Z,215.339996,215.449005,215.304993,215.397003
2026-07-03T06:00:00Z,215.397003,215.397995,214.641006,215.046997
2026-07-03T07:00:00Z,215.046005,215.173996,214.835007,215.009003
2026-07-03T08:00:00Z,215.009003,215.149002,214.919998,215.136002
2026-07-03T09:00:00Z,215.134995,215.195007,215.003998,215.108002
2026-07-03T10:00:00Z,215.108002,215.235992,215.102005,215.147995
2026-07-03T11:00:00Z,215.143997,215.264999,215.134003,215.218002
2026-07-03T12:00:00Z,215.216003,215.270996,215.184006,215.248993
2026-07-03T13:00:00Z,215.253006,215.317993,215.205002,215.259995
2026-07-03T14:00:00Z,215.257996,215.431000,215.218002,215.421997
2026-07-03T15:00:00Z,215.421997,215.466003,215.330002,215.445007
2026-07-03T16:00:00Z,215.440002,215.496994,215.386993,215.470993
2026-07-03T17:00:00Z,215.468002,215.511993,215.337997,215.438004
2026-07-03T18:00:00Z,215.432007,215.520004,215.382996,215.490997
2026-07-03T19:00:00Z,215.492004,215.516006,215.376007,215.455994
2026-07-03T20:00:00Z,215.462006,215.507996,215.287003,215.337997
2026-07-03T21:00:00Z,215.445999,215.445999,215.445999,215.445999
2026-07-05T23:00:00Z,215.459000,215.600998,215.453995,215.578995
2026-07-06T00:00:00Z,215.578995,215.770004,215.565994,215.682999
2026-07-06T01:00:00Z,215.675995,215.862000,215.664993,215.837006
2026-07-06T02:00:00Z,215.841003,215.906998,215.826996,215.893997
2026-07-06T03:00:00Z,215.895004,215.944000,215.839005,215.923004
2026-07-06T04:00:00Z,215.921997,216.067993,215.897995,216.065002
2026-07-06T05:00:00Z,216.067001,216.160995,215.936996,216.141006
2026-07-06T06:00:00Z,216.143005,216.386002,216.108994,216.334000
2026-07-06T07:00:00Z,216.334000,216.498001,216.251999,216.453995
2026-07-06T08:00:00Z,216.451996,216.537994,216.270996,216.388000
2026-07-06T09:00:00Z,216.388000,216.498001,216.307007,216.455002
2026-07-06T10:00:00Z,216.459000,216.626999,216.449005,216.520004
2026-07-06T11:00:00Z,216.522003,216.656998,216.445007,216.613007
2026-07-06T12:00:00Z,216.615005,216.742996,216.550995,216.666000
2026-07-06T13:00:00Z,216.656998,216.834000,216.580994,216.621002
2026-07-06T14:00:00Z,216.630997,216.884003,216.572006,216.828003
2026-07-06T15:00:00Z,216.826004,216.944000,216.731995,216.921997
2026-07-06T16:00:00Z,216.921005,217.059998,216.886002,217.024002
2026-07-06T17:00:00Z,217.024994,217.061996,216.970993,217.013000
2026-07-06T18:00:00Z,217.007996,217.153000,216.975998,217.037003
2026-07-06T19:00:00Z,217.037994,217.121002,216.970001,217.005997
2026-07-06T20:00:00Z,217.020004,217.052002,216.979996,217.029999
2026-07-06T21:00:00Z,216.992996,217.177002,216.858994,216.970001
2026-07-06T22:00:00Z,216.957993,217.125000,216.927994,217.106003
2026-07-06T23:00:00Z,217.106995,217.138000,217.061005,217.102005
2026-07-07T00:00:00Z,217.102005,217.209000,217.037003,217.057999
2026-07-07T01:00:00Z,217.052002,217.098007,216.641998,216.847000
2026-07-07T02:00:00Z,216.848999,216.878006,216.768997,216.817993
2026-07-07T03:00:00Z,216.817001,216.860001,216.714005,216.744003
2026-07-07T04:00:00Z,216.740005,216.781006,216.524002,216.626007
2026-07-07T05:00:00Z,216.621002,216.660995,216.516998,216.647995
2026-07-07T06:00:00Z,216.645996,216.837997,216.561005,216.789993
2026-07-07T07:00:00Z,216.792007,216.826004,216.365005,216.664001
2026-07-07T08:00:00Z,216.662994,216.832993,216.600998,216.798996
2026-07-07T09:00:00Z,216.796005,216.828003,216.669998,216.671005
2026-07-07T10:00:00Z,216.669006,216.764999,216.509995,216.738007
2026-07-07T11:00:00Z,216.748001,216.819000,216.677994,216.772003
2026-07-07T12:00:00Z,216.770004,216.802994,216.542999,216.617996
2026-07-07T13:00:00Z,216.619995,216.682007,216.434006,216.453995
2026-07-07T14:00:00Z,216.453995,216.725998,216.419006,216.617004
2026-07-07T15:00:00Z,216.621002,216.649994,216.472000,216.477997
2026-07-07T16:00:00Z,216.485992,216.541000,216.412994,216.518005
2026-07-07T17:00:00Z,216.518997,216.537003,216.455002,216.507004
2026-07-07T18:00:00Z,216.501007,216.531998,216.373001,216.393997
2026-07-07T19:00:00Z,216.393005,216.570999,216.373993,216.550995
2026-07-07T20:00:00Z,216.546997,216.563995,216.466003,216.511993
2026-07-07T21:00:00Z,216.388000,216.638000,216.255005,216.475998
2026-07-07T22:00:00Z,216.470993,216.572998,216.401001,216.544998
2026-07-07T23:00:00Z,216.542999,216.733002,216.537994,216.681000
2026-07-08T00:00:00Z,216.690994,216.802994,216.589996,216.772003
2026-07-08T01:00:00Z,216.768005,216.830994,216.699997,216.731003
2026-07-08T02:00:00Z,216.727997,216.865997,216.699997,216.764999
2026-07-08T03:00:00Z,216.774994,216.824005,216.744003,216.791000
2026-07-08T04:00:00Z,216.792007,216.865997,216.757996,216.807999
2026-07-08T05:00:00Z,216.804993,216.871994,216.686996,216.770004
2026-07-08T06:00:00Z,216.761993,216.860001,216.606003,216.787003
2026-07-08T07:00:00Z,216.789001,216.878998,216.705994,216.806000
2026-07-08T08:00:00Z,216.807007,216.966003,216.675995,216.746994
2026-07-08T09:00:00Z,216.748001,216.789001,216.481003,216.744995
2026-07-08T10:00:00Z,216.744003,216.938995,216.714005,216.832001
2026-07-08T11:00:00Z,216.834000,216.869995,216.647003,216.748993
2026-07-08T12:00:00Z,216.753006,216.983002,216.690002,216.820007
2026-07-08T13:00:00Z,216.817993,217.410995,216.798004,217.322998
2026-07-08T14:00:00Z,217.322006,217.447998,217.266006,217.438995
2026-07-08T15:00:00Z,217.442001,217.483994,217.255997,217.328003
2026-07-08T16:00:00Z,217.326996,217.574005,217.311005,217.541000
2026-07-08T17:00:00Z,217.544006,217.828995,217.518997,217.712997
2026-07-08T18:00:00Z,217.714996,217.815002,217.615005,217.703995
2026-07-08T19:00:00Z,217.701004,217.807007,217.701004,217.744995
2026-07-08T20:00:00Z,217.753006,217.785004,217.632996,217.643997
2026-07-08T21:00:00Z,217.643005,217.804001,217.464996,217.632004
2026-07-08T22:00:00Z,217.593002,217.737000,217.567993,217.679993
2026-07-08T23:00:00Z,217.679993,217.720993,217.628006,217.692993
2026-07-09T00:00:00Z,217.692993,217.705002,217.556000,217.628006
2026-07-09T01:00:00Z,217.628006,217.690994,217.563995,217.617004
2026-07-09T02:00:00Z,217.617004,217.707001,217.604004,217.613998
2026-07-09T03:00:00Z,217.608002,217.662994,217.565994,217.608002
2026-07-09T04:00:00Z,217.613998,217.641006,217.535004,217.639008
2026-07-09T05:00:00Z,217.638000,217.701004,217.610992,217.641006
2026-07-09T06:00:00Z,217.641006,217.932007,217.639008,217.880005
2026-07-09T07:00:00Z,217.882004,218.009995,217.731995,217.785995
2026-07-09T08:00:00Z,217.785995,217.871002,217.725006,217.811996
2026-07-09T09:00:00Z,217.804001,217.880005,217.761993,217.811005
2026-07-09T10:00:00Z,217.811005,217.822998,217.636993,217.658005
2026-07-09T11:00:00Z,217.656998,217.660995,217.481003,217.520004
2026-07-09T12:00:00Z,217.524002,217.600006,217.345993,217.417007
2026-07-09T13:00:00Z,217.419998,217.580002,217.406998,217.537994
2026-07-09T14:00:00Z,217.550003,217.667999,217.410995,217.427994
2026-07-09T15:00:00Z,217.419006,217.593994,217.401993,217.572998
2026-07-09T16:00:00Z,217.567001,217.658997,217.526001,217.645004
2026-07-09T17:00:00Z,217.645996,217.725998,217.617004,217.716995
2026-07-09T18:00:00Z,217.716995,217.809006,217.714996,217.779007
2026-07-09T19:00:00Z,217.776001,217.819000,217.671997,217.710999
2026-07-09T20:00:00Z,217.710999,217.770996,217.628006,217.686005
2026-07-09T21:00:00Z,217.684006,217.792007,217.472000,217.606003
2026-07-09T22:00:00Z,217.595993,217.768005,217.574005,217.751999
2026-07-09T23:00:00Z,217.742004,217.785995,217.716003,217.781998
2026-07-10T00:00:00Z,217.778000,217.800003,217.309998,217.509995
2026-07-10T01:00:00Z,217.503998,217.541000,217.091995,217.281998
2026-07-10T02:00:00Z,217.287003,217.300995,216.934998,217.121002
2026-07-10T03:00:00Z,217.119003,217.164993,216.932999,217.054001
2026-07-10T04:00:00Z,217.057999,217.186005,217.037003,217.078995
2026-07-10T05:00:00Z,217.070999,217.089005,216.856995,216.949997
2026-07-10T06:00:00Z,216.953003,217.016006,216.835999,216.938004
2026-07-10T07:00:00Z,216.945999,217.199005,216.927994,217.014999
2026-07-10T08:00:00Z,217.009995,217.022003,216.703995,216.809006
2026-07-10T09:00:00Z,216.809006,217.078003,216.787003,217.003998
2026-07-10T10:00:00Z,217.003998,217.330994,216.960007,217.285004
2026-07-10T11:00:00Z,217.285004,217.376007,217.169998,217.289993
2026-07-10T12:00:00Z,217.289993,217.320007,217.057007,217.141998
2026-07-10T13:00:00Z,217.141998,217.151993,216.848007,216.858002
2026-07-10T14:00:00Z,216.858002,217.044998,216.714005,216.998993
2026-07-10T15:00:00Z,217.001007,217.020996,216.453995,216.496002
2026-07-10T16:00:00Z,216.490997,216.669998,216.473999,216.591995
2026-07-10T17:00:00Z,216.593994,216.626007,216.488998,216.595001
2026-07-10T18:00:00Z,216.608002,216.667007,216.578003,216.628998
2026-07-10T19:00:00Z,216.628998,216.692993,216.600006,216.692993
2026-07-10T20:00:00Z,216.686996,216.733002,216.522003,216.574997
2026-07-10T21:00:00Z,216.688004,216.688004,216.688004,216.688004
2026-07-12T23:00:00Z,216.705994,216.772003,216.632996,216.703003
2026-07-13T00:00:00Z,216.694000,216.828003,216.658997,216.809998
2026-07-13T01:00:00Z,216.809998,216.848999,216.667007,216.778000
2026-07-13T02:00:00Z,216.770996,216.847000,216.742004,216.796005
2026-07-13T03:00:00Z,216.796005,216.843994,216.755005,216.813995
2026-07-13T04:00:00Z,216.811996,216.826004,216.750000,216.809006
2026-07-13T05:00:00Z,216.804993,217.184998,216.744003,217.100006
2026-07-13T06:00:00Z,217.100998,217.309006,216.988998,217.039001
2026-07-13T07:00:00Z,217.039001,217.179001,216.626999,217.102005
2026-07-13T08:00:00Z,217.102005,217.306000,217.080002,217.095993
2026-07-13T09:00:00Z,217.089005,217.112000,216.835007,216.919998
2026-07-13T10:00:00Z,216.923996,217.151001,216.897995,217.143997
2026-07-13T11:00:00Z,217.143997,217.190002,217.014999,217.126007
2026-07-13T12:00:00Z,217.128006,217.251007,217.029007,217.209000
2026-07-13T13:00:00Z,217.207993,217.231003,217.108994,217.132004
2026-07-13T14:00:00Z,217.132004,217.210999,216.929993,217.192001
2026-07-13T15:00:00Z,217.194000,217.218002,217.087997,217.182999
2026-07-13T16:00:00Z,217.188004,217.264999,216.979004,217.082993
2026-07-13T17:00:00Z,217.080994,217.115005,216.992996,217.016998
2026-07-13T18:00:00Z,217.016998,217.026993,216.899002,216.910004
2026-07-13T19:00:00Z,216.908005,216.940994,216.873001,216.929001
2026-07-13T20:00:00Z,216.921005,216.932007,216.714005,216.764008
2026-07-13T21:00:00Z,216.723007,217.003998,216.651001,216.755005
2026-07-13T22:00:00Z,216.757004,216.901993,216.707001,216.835999
2026-07-13T23:00:00Z,216.835007,216.841995,216.757004,216.820007
2026-07-14T00:00:00Z,216.822998,216.878006,216.660995,216.800003
2026-07-14T01:00:00Z,216.798004,216.914001,216.748993,216.865997
2026-07-14T02:00:00Z,216.863998,216.921005,216.800003,216.811996
2026-07-14T03:00:00Z,216.802994,216.871002,216.753998,216.817001
2026-07-14T04:00:00Z,216.817001,216.873001,216.787003,216.834000
2026-07-14T05:00:00Z,216.834000,216.960999,216.811996,216.852997
2026-07-14T06:00:00Z,216.856003,216.914993,216.781006,216.820999
2026-07-14T07:00:00Z,216.830002,216.944000,216.744003,216.848007
2026-07-14T08:00:00Z,216.847000,217.035004,216.684006,217.033005
2026-07-14T09:00:00Z,217.026001,217.080002,216.929993,216.983994
2026-07-14T10:00:00Z,216.983002,217.044006,216.932007,216.975006
2026-07-14T11:00:00Z,216.968002,217.128006,216.850998,217.082993
2026-07-14T12:00:00Z,217.082001,217.384995,216.897995,217.098007
2026-07-14T13:00:00Z,217.106003,217.278000,216.929001,217.227997
2026-07-14T14:00:00Z,217.229996,217.296997,217.007004,217.115005
2026-07-14T15:00:00Z,217.117996,217.154007,216.912003,216.983994
2026-07-14T16:00:00Z,216.988998,217.108002,216.927994,217.044006
2026-07-14T17:00:00Z,217.048004,217.085999,216.863007,216.964005
2026-07-14T18:00:00Z,216.957993,217.082993,216.953995,217.039993
2026-07-14T19:00:00Z,217.046005,217.179001,217.000000,217.162003
2026-07-14T20:00:00Z,217.162994,217.289993,217.139999,217.199997
2026-07-14T21:00:00Z,217.132004,217.225998,216.860992,217.078995
2026-07-14T22:00:00Z,217.106003,217.300995,217.011993,217.242004
2026-07-14T23:00:00Z,217.229004,217.281006,217.199997,217.276993
2026-07-15T00:00:00Z,217.276993,217.332001,217.214005,217.261993
2026-07-15T01:00:00Z,217.261002,217.281006,217.098007,217.231003
2026-07-15T02:00:00Z,217.233002,217.335007,217.192993,217.313004
2026-07-15T03:00:00Z,217.311005,217.354996,217.278000,217.322006
2026-07-15T04:00:00Z,217.322006,217.445999,217.287994,217.397995
2026-07-15T05:00:00Z,217.393997,217.589005,217.360001,217.509003
2026-07-15T06:00:00Z,217.509995,217.656006,217.445999,217.598007
2026-07-15T07:00:00Z,217.600006,217.692001,217.451004,217.466003
2026-07-15T08:00:00Z,217.466995,217.539993,217.345993,217.401001
2026-07-15T09:00:00Z,217.401001,217.457001,217.322006,217.397003
2026-07-15T10:00:00Z,217.404007,217.578995,217.300995,217.494995
2026-07-15T11:00:00Z,217.496994,217.776993,217.451004,217.697006
2026-07-15T12:00:00Z,217.695007,217.804001,217.617004,217.753006
2026-07-15T13:00:00Z,217.750000,218.091995,217.735992,218.016998
2026-07-15T14:00:00Z,218.016006,218.632996,217.940994,218.539001
2026-07-15T15:00:00Z,218.529999,218.824005,218.481995,218.792007
2026-07-15T16:00:00Z,218.791000,219.384995,218.787994,219.335999
2026-07-15T17:00:00Z,219.332993,219.494995,219.296997,219.444000
2026-07-15T18:00:00Z,219.444000,219.514008,219.332001,219.348007
2026-07-15T19:00:00Z,219.335999,219.584000,219.335999,219.565994
2026-07-15T20:00:00Z,219.554001,219.604004,219.505997,219.561005
2026-07-15T21:00:00Z,219.457001,219.552002,219.266006,219.444000
2026-07-15T22:00:00Z,219.447006,219.548996,219.369003,219.479996
2026-07-15T23:00:00Z,219.466995,219.498993,219.406998,219.427002
2026-07-16T00:00:00Z,219.419998,219.522003,219.233994,219.369995
2026-07-16T01:00:00Z,219.375000,219.386993,219.192993,219.279999
2026-07-16T02:00:00Z,219.272995,219.352997,219.192993,219.335999
2026-07-16T03:00:00Z,219.332001,219.423004,219.298996,219.350006
2026-07-16T04:00:00Z,219.348007,219.423996,219.324997,219.343002
2026-07-16T05:00:00Z,219.345001,219.520004,219.320007,219.363007
2026-07-16T06:00:00Z,219.389999,219.535004,219.298996,219.498993
2026-07-16T07:00:00Z,219.503998,219.524002,219.264008,219.341003
2026-07-16T08:00:00Z,219.343994,219.348999,219.175995,219.227005
2026-07-16T09:00:00Z,219.222000,219.264999,218.998001,219.050995
2026-07-16T10:00:00Z,219.044998,219.100998,218.923996,218.953995
2026-07-16T11:00:00Z,218.957993,219.026001,218.837997,219.003998
2026-07-16T12:00:00Z,219.009003,219.179993,218.927002,219.050003
2026-07-16T13:00:00Z,219.052994,219.384003,219.052002,219.259995
2026-07-16T14:00:00Z,219.259995,219.397003,219.076004,219.095001
2026-07-16T15:00:00Z,219.097000,219.145996,218.960007,218.990005
2026-07-16T16:00:00Z,218.990005,219.003998,218.772995,218.787003
2026-07-16T17:00:00Z,218.776993,218.822998,218.707993,218.750000
2026-07-16T18:00:00Z,218.759003,218.766006,218.664993,218.735001
2026-07-16T19:00:00Z,218.738007,218.830002,218.714005,218.828003
2026-07-16T20:00:00Z,218.824005,218.871002,218.774002,218.830994
2026-07-16T21:00:00Z,218.785004,218.957001,218.677002,218.725998
2026-07-16T22:00:00Z,218.729996,218.789993,218.669998,218.759995
2026-07-16T23:00:00Z,218.751007,218.852005,218.729004,218.850998
2026-07-17T00:00:00Z,218.843002,218.903000,218.712006,218.889999
2026-07-17T01:00:00Z,218.891998,218.942001,218.733002,218.776001
2026-07-17T02:00:00Z,218.766006,218.783997,218.561005,218.600998
2026-07-17T03:00:00Z,218.595001,218.701996,218.595001,218.664001
2026-07-17T04:00:00Z,218.664993,218.682999,218.548004,218.591995
2026-07-17T05:00:00Z,218.584000,218.675003,218.563004,218.638000
2026-07-17T06:00:00Z,218.630005,218.822006,218.431000,218.621994
2026-07-17T07:00:00Z,218.625000,218.690002,218.365997,218.380997
2026-07-17T08:00:00Z,218.386993,218.529999,218.253998,218.289993
2026-07-17T09:00:00Z,218.289993,218.367996,218.229996,218.246994
2026-07-17T10:00:00Z,218.257004,218.264008,218.024994,218.067993
2026-07-17T11:00:00Z,218.067993,218.257996,217.983994,218.177994
2026-07-17T12:00:00Z,218.177994,218.218994,218.020004,218.143997
2026-07-17T13:00:00Z,218.141998,218.434998,218.087997,218.365005
2026-07-17T14:00:00Z,218.373993,218.451004,218.272995,218.343994
2026-07-17T15:00:00Z,218.347000,218.457993,218.315994,218.375000
2026-07-17T16:00:00Z,218.384003,218.649002,218.317001,218.574997
2026-07-17T17:00:00Z,218.572998,218.623993,218.507996,218.541000
2026-07-17T18:00:00Z,218.531998,218.576996,218.498993,218.542999
2026-07-17T19:00:00Z,218.542007,218.630005,218.507996,218.542007
2026-07-17T20:00:00Z,218.542007,218.570999,218.339005,218.354004
2026-07-17T21:00:00Z,218.481003,218.481003,218.481003,218.481003
2026-07-19T23:00:00Z,218.477997,218.522995,218.416000,218.507004
2026-07-20T00:00:00Z,218.503006,218.542007,218.315002,218.352005
2026-07-20T01:00:00Z,218.343002,218.451004,218.317001,218.427994
2026-07-20T02:00:00Z,218.434006,218.563004,218.414001,218.529007
2026-07-20T03:00:00Z,218.520004,218.572998,218.479996,218.542999
2026-07-20T04:00:00Z,218.554001,218.645996,218.539993,218.612000
2026-07-20T05:00:00Z,218.604004,218.669006,218.552002,218.653000
2026-07-20T06:00:00Z,218.649994,218.690994,218.526001,218.565994
2026-07-20T07:00:00Z,218.578003,218.834000,218.554993,218.796997
2026-07-20T08:00:00Z,218.794998,218.813004,218.643005,218.699997
2026-07-20T09:00:00Z,218.694000,218.714005,218.529007,218.653000
2026-07-20T10:00:00Z,218.658005,218.794006,218.598999,218.723007
2026-07-20T11:00:00Z,218.718002,218.794006,218.537994,218.554001
2026-07-20T12:00:00Z,218.550003,218.621002,218.397995,218.507996
2026-07-20T13:00:00Z,218.507996,218.585007,218.356003,218.561996
2026-07-20T14:00:00Z,218.557007,218.679993,218.343994,218.408997
2026-07-20T15:00:00Z,218.408997,218.416000,218.044006,218.136993
2026-07-20T16:00:00Z,218.136002,218.177002,218.031006,218.106003
2026-07-20T17:00:00Z,218.104004,218.233002,218.050995,218.203995
2026-07-20T18:00:00Z,218.201996,218.337997,218.201004,218.337006
2026-07-20T19:00:00Z,218.332001,218.358994,218.261002,218.335999
2026-07-20T20:00:00Z,218.341003,218.360001,218.154999,218.166000
2026-07-20T21:00:00Z,218.197006,218.324005,218.035004,218.072006
2026-07-20T22:00:00Z,218.084000,218.173996,218.046997,218.169998
2026-07-20T23:00:00Z,218.154999,218.244003,218.154999,218.240997
2026-07-21T00:00:00Z,218.227005,218.332993,218.177994,218.302994
2026-07-21T01:00:00Z,218.294998,218.354996,218.216995,218.317993
2026-07-21T02:00:00Z,218.324005,218.393005,218.225998,218.242004
2026-07-21T03:00:00Z,218.240997,218.343002,218.212006,218.313004
2026-07-21T04:00:00Z,218.320999,218.397003,218.294006,218.378998
2026-07-21T05:00:00Z,218.378998,218.485001,218.376007,218.445999
2026-07-21T06:00:00Z,218.414001,218.654999,218.345001,218.552994
2026-07-21T07:00:00Z,218.554993,218.699997,218.444000,218.529999
2026-07-21T08:00:00Z,218.539993,218.725998,218.444000,218.460007
2026-07-21T09:00:00Z,218.466995,218.503998,218.365997,218.408997
2026-07-21T10:00:00Z,218.421005,218.507996,218.205994,218.242996
2026-07-21T11:00:00Z,218.231003,218.332001,218.095001,218.136993
2026-07-21T12:00:00Z,218.141998,218.156006,217.750000,217.863007
2026-07-21T13:00:00Z,217.860001,218.009003,217.511993,217.940002
2026-07-21T14:00:00Z,217.936996,218.268997,217.871002,217.972000
2026-07-21T15:00:00Z,217.970001,218.057007,217.899994,217.992996
2026-07-21T16:00:00Z,217.992996,218.162994,217.932007,218.139008
2026-07-21T17:00:00Z,218.132004,218.229004,218.095001,218.199997
2026-07-21T18:00:00Z,218.199997,218.391006,218.130997,218.352005
2026-07-21T19:00:00Z,218.354004,218.423996,218.334000,218.371002
2026-07-21T20:00:00Z,218.367004,218.399002,218.190002,218.212997
2026-07-21T21:00:00Z,218.203003,218.347000,218.056000,218.199997
2026-07-21T22:00:00Z,218.188995,218.302994,218.164993,218.272003
2026-07-21T23:00:00Z,218.261002,218.339005,218.248993,218.311996
2026-07-22T00:00:00Z,218.306000,218.380005,218.212006,218.360001
2026-07-22T01:00:00Z,218.347000,218.397995,218.322006,218.343994
2026-07-22T02:00:00Z,218.335999,218.389999,218.294998,218.335007
2026-07-22T03:00:00Z,218.326004,218.393005,218.306000,218.341003
2026-07-22T04:00:00Z,218.350006,218.393005,218.324005,218.382996
2026-07-22T05:00:00Z,218.373993,218.414001,218.169006,218.188995
2026-07-22T06:00:00Z,218.227997,218.384995,218.054001,218.207001
2026-07-22T07:00:00Z,218.197998,218.399002,217.822006,218.046997
2026-07-22T08:00:00Z,218.048004,218.201996,217.912003,217.932007
2026-07-22T09:00:00Z,217.923004,217.988998,217.826996,217.953003
2026-07-22T10:00:00Z,217.957993,218.065994,217.891998,217.940002
2026-07-22T11:00:00Z,217.925995,217.990997,217.867996,217.979996
2026-07-22T12:00:00Z,217.979996,218.041000,217.824997,217.882996
2026-07-22T13:00:00Z,217.889999,218.294998,217.884003,218.279999
2026-07-22T14:00:00Z,218.268997,218.350006,218.097000,218.147003
2026-07-22T15:00:00Z,218.147003,218.220993,218.082001,218.130005
2026-07-22T16:00:00Z,218.134995,218.138000,217.994003,218.119995
2026-07-22T17:00:00Z,218.123001,218.197006,218.093002,218.153000
2026-07-22T18:00:00Z,218.153000,218.192001,218.100998,218.151993
2026-07-22T19:00:00Z,218.160995,218.188995,218.123993,218.182007
2026-07-22T20:00:00Z,218.175003,218.240005,218.162994,218.171997
2026-07-22T21:00:00Z,218.166000,218.257004,218.035004,218.078995
2026-07-22T22:00:00Z,218.121002,218.134003,218.007004,218.082993
2026-07-22T23:00:00Z,218.067993,218.156006,218.056000,218.117004
2026-07-23T00:00:00Z,218.126007,218.218994,218.108994,218.182999
2026-07-23T01:00:00Z,218.179001,218.237000,218.134003,218.201004
2026-07-23T02:00:00Z,218.197998,218.345993,218.186996,218.332001
2026-07-23T03:00:00Z,218.330002,218.365005,218.248993,218.276001
2026-07-23T04:00:00Z,218.276993,218.373001,218.264008,218.291000
2026-07-23T05:00:00Z,218.291000,218.348007,218.251007,218.324997
2026-07-23T06:00:00Z,218.324997,218.419006,218.138000,218.190002
2026-07-23T07:00:00Z,218.182007,218.490005,218.139008,218.401001
2026-07-23T08:00:00Z,218.406006,218.514999,218.313004,218.350998
2026-07-23T09:00:00Z,218.347000,218.501007,218.335999,218.457993
2026-07-23T10:00:00Z,218.453995,218.477997,218.278000,218.382004
2026-07-23T11:00:00Z,218.382004,218.399994,218.016998,218.339005
2026-07-23T12:00:00Z,218.343002,218.404007,218.147003,218.375000
2026-07-23T13:00:00Z,218.375000,218.623001,218.281998,218.526993
2026-07-23T14:00:00Z,218.524002,218.552002,218.248001,218.332001
2026-07-23T15:00:00Z,218.332001,218.369003,217.955002,218.020996
2026-07-23T16:00:00Z,218.024002,218.227997,218.018997,218.190994
2026-07-23T17:00:00Z,218.194000,218.199005,218.102005,218.128998
2026-07-23T18:00:00Z,218.119003,218.160995,218.069000,218.117996
2026-07-23T19:00:00Z,218.123993,218.182007,218.057999,218.164001
2026-07-23T20:00:00Z,218.162994,218.210999,218.028000,218.156998
2026-07-23T21:00:00Z,218.061005,218.264008,217.882004,218.024002
2026-07-23T22:00:00Z,218.009003,218.173004,218.009003,218.154007
2026-07-23T23:00:00Z,218.169998,218.177994,218.076004,218.104996
2026-07-24T00:00:00Z,218.093994,218.296005,218.082993,218.264008
2026-07-24T01:00:00Z,218.270004,218.326004,218.136993,218.149002
2026-07-24T02:00:00Z,218.151001,218.175003,218.035995,218.042007
2026-07-24T03:00:00Z,218.054993,218.138000,218.028000,218.089005
2026-07-24T04:00:00Z,218.078995,218.119003,218.007996,218.050995
2026-07-24T05:00:00Z,218.059006,218.143997,218.003998,218.031998
2026-07-24T06:00:00Z,218.014999,218.244995,217.973007,218.220001
2026-07-24T07:00:00Z,218.225998,218.436005,218.113007,218.375000
2026-07-24T08:00:00Z,218.382004,218.404007,218.089996,218.106995
2026-07-24T09:00:00Z,218.097000,218.143005,217.973999,218.009003
2026-07-24T10:00:00Z,218.009003,218.264008,217.959000,218.194000
2026-07-24T11:00:00Z,218.194000,218.270004,218.110001,218.229996
2026-07-24T12:00:00Z,218.223007,218.287003,217.998001,218.084000
2026-07-24T13:00:00Z,218.076996,218.317993,218.042999,218.231995
2026-07-24T14:00:00Z,218.238007,218.337997,218.162003,218.223007
2026-07-24T15:00:00Z,218.227005,218.468002,218.199997,218.408997
2026-07-24T16:00:00Z,218.406998,218.473007,218.300995,218.352997
2026-07-24T17:00:00Z,218.356003,218.376007,218.235992,218.276001
2026-07-24T18:00:00Z,218.272003,218.363998,218.263000,218.317993
2026-07-24T19:00:00Z,218.322006,218.339996,218.238998,218.266006
2026-07-24T20:00:00Z,218.266006,218.320999,218.156006,218.242996
2026-07-24T21:00:00Z,218.291000,218.291000,218.291000,218.291000
2026-07-26T23:00:00Z,218.401001,218.472000,218.384003,218.442001
2026-07-27T00:00:00Z,218.434998,218.518997,218.347000,218.457001
2026-07-27T01:00:00Z,218.457993,218.507004,218.386002,218.453003
2026-07-27T02:00:00Z,218.460007,218.496994,218.388000,218.447006
2026-07-27T03:00:00Z,218.445007,218.468994,218.380997,218.408997
2026-07-27T04:00:00Z,218.410004,218.445007,218.363007,218.388000
2026-07-27T05:00:00Z,218.388000,218.487000,218.371994,218.432007
2026-07-27T06:00:00Z,218.429001,218.501007,218.276993,218.283005
2026-07-27T07:00:00Z,218.285004,218.294998,217.970001,218.044998
2026-07-27T08:00:00Z,218.052002,218.128998,217.975006,218.091995
2026-07-27T09:00:00Z,218.091995,218.153000,217.990005,217.998001
2026-07-27T10:00:00Z,217.998001,218.095001,217.843994,217.873993
2026-07-27T11:00:00Z,217.871002,217.929001,217.761002,217.867996
2026-07-27T12:00:00Z,217.867996,217.979996,217.776993,217.927002
2026-07-27T13:00:00Z,217.927994,218.039001,217.850006,217.957001
2026-07-27T14:00:00Z,217.951004,218.035995,217.744995,217.763000
2026-07-27T15:00:00Z,217.761993,217.813995,217.694000,217.761002
2026-07-27T16:00:00Z,217.759995,217.839005,217.679993,217.703003
2026-07-27T17:00:00Z,217.705002,217.718994,217.466995,217.598999
2026-07-27T18:00:00Z,217.606995,217.636002,217.554993,217.625000
2026-07-27T19:00:00Z,217.634995,217.662994,217.600998,217.626999
2026-07-27T20:00:00Z,217.626999,217.647003,217.533005,217.539001
2026-07-27T21:00:00Z,217.574005,217.774994,217.498001,217.636993
2026-07-27T22:00:00Z,217.600006,217.649994,217.464005,217.582001
2026-07-27T23:00:00Z,217.582001,217.651001,217.542999,217.641998
2026-07-28T00:00:00Z,217.641998,217.714005,217.619995,217.651993
2026-07-28T01:00:00Z,217.660995,217.733994,217.638000,217.677002
2026-07-28T02:00:00Z,217.664001,217.750000,217.651993,217.697006
2026-07-28T03:00:00Z,217.697006,217.815002,217.673996,217.768997
2026-07-28T04:00:00Z,217.768997,217.772003,217.653000,217.682999
2026-07-28T05:00:00Z,217.682999,217.714996,217.537003,217.559006
2026-07-28T06:00:00Z,217.570007,217.727997,217.513000,217.703003
2026-07-28T07:00:00Z,217.705002,217.869995,217.649994,217.692001
2026-07-28T08:00:00Z,217.688995,217.938995,217.688995,217.923004
2026-07-28T09:00:00Z,217.923996,217.934006,217.604996,217.630005
2026-07-28T10:00:00Z,217.626007,217.742004,217.535004,217.690994
2026-07-28T11:00:00Z,217.692001,217.735992,217.598007,217.684006
2026-07-28T12:00:00Z,217.684006,217.942993,217.662994,217.914001
2026-07-28T13:00:00Z,217.914993,217.990997,217.839005,217.891006
2026-07-28T14:00:00Z,217.888000,217.932999,217.701004,217.792007
2026-07-28T15:00:00Z,217.796997,217.878006,217.703003,217.802002
2026-07-28T16:00:00Z,217.798004,217.852997,217.757004,217.796997
2026-07-28T17:00:00Z,217.796005,217.862000,217.712997,217.718002
2026-07-28T18:00:00Z,217.718002,217.753998,217.632996,217.746994
2026-07-28T19:00:00Z,217.746002,217.815994,217.718002,217.727997
2026-07-28T20:00:00Z,217.723007,217.779007,217.598999,217.684998
2026-07-28T21:00:00Z,217.647003,217.848007,217.539993,217.645004
2026-07-28T22:00:00Z,217.645004,217.740997,217.585007,217.662003
2026-07-28T23:00:00Z,217.658005,217.723007,217.600998,217.710007
2026-07-29T00:00:00Z,217.709000,217.755005,217.533005,217.589005
2026-07-29T01:00:00Z,217.600006,217.636993,217.501007,217.548996
2026-07-29T02:00:00Z,217.563004,217.682007,217.531006,217.643997
2026-07-29T03:00:00Z,217.645004,217.675003,217.505997,217.535004
2026-07-29T04:00:00Z,217.531006,217.567993,217.153000,217.313004
2026-07-29T05:00:00Z,217.309006,217.427994,217.242996,217.414993
2026-07-29T06:00:00Z,217.419998,217.537003,217.345993,217.447006
2026-07-29T07:00:00Z,217.442001,217.738998,217.414001,217.725998
2026-07-29T08:00:00Z,217.716995,217.742004,217.582001,217.656006
2026-07-29T09:00:00Z,217.651993,217.669006,217.440994,217.544998
2026-07-29T10:00:00Z,217.544998,217.595001,217.468994,217.507004
2026-07-29T11:00:00Z,217.513000,217.626999,217.498993,217.520004
2026-07-29T12:00:00Z,217.524994,217.621994,217.432007,217.578995
2026-07-29T13:00:00Z,217.578995,217.701996,217.485992,217.688004
2026-07-29T14:00:00Z,217.690002,217.908005,217.613007,217.750000
2026-07-29T15:00:00Z,217.750000,217.785995,217.628998,217.707993
2026-07-29T16:00:00Z,217.707001,217.789001,217.643005,217.785995
2026-07-29T17:00:00Z,217.785995,217.970993,217.770996,217.824997
2026-07-29T18:00:00Z,217.806000,218.320999,217.660004,218.268997
2026-07-29T19:00:00Z,218.272003,218.556000,218.190994,218.225006
2026-07-29T20:00:00Z,218.223999,218.546997,218.209000,218.386002
2026-07-29T21:00:00Z,218.389008,218.511993,218.033005,218.287994
2026-07-29T22:00:00Z,218.292999,218.498001,218.291000,218.419006
2026-07-29T23:00:00Z,218.431000,218.436005,218.257996,218.279007
2026-07-30T00:00:00Z,218.278000,218.365997,218.139999,218.345001
2026-07-30T01:00:00Z,218.341003,218.362000,218.270996,218.306000
2026-07-30T02:00:00Z,218.302002,218.322006,218.216995,218.235001
2026-07-30T03:00:00Z,218.229004,218.266006,218.166000,218.188995
2026-07-30T04:00:00Z,218.192001,218.235001,218.156006,218.156006
2026-07-30T05:00:00Z,218.158005,218.367996,218.154999,218.296005
2026-07-30T06:00:00Z,218.302002,218.358994,218.130005,218.320007
2026-07-30T07:00:00Z,218.322998,218.455002,218.279007,218.388000
2026-07-30T08:00:00Z,218.388000,218.621994,218.358994,218.561005
2026-07-30T09:00:00Z,218.559998,218.679001,218.468994,218.511993
2026-07-30T10:00:00Z,218.511993,218.518997,217.350998,217.979996
2026-07-30T11:00:00Z,218.003006,218.212006,217.789993,218.076004
2026-07-30T12:00:00Z,218.070007,218.171997,217.714996,217.884995
2026-07-30T13:00:00Z,217.886993,217.903000,214.440994,214.501007
2026-07-30T14:00:00Z,214.501999,214.791000,212.246002,213.835007
2026-07-30T15:00:00Z,213.820999,214.643997,213.432999,214.630005
2026-07-30T16:00:00Z,214.623993,214.897003,214.589005,214.845993
2026-07-30T17:00:00Z,214.850006,215.136002,213.421005,214.188995
2026-07-30T18:00:00Z,214.186005,214.296997,213.990997,214.117996
2026-07-30T19:00:00Z,214.128998,214.774994,214.115997,214.628998
2026-07-30T20:00:00Z,214.632996,214.927994,214.604004,214.748993
2026-07-30T21:00:00Z,214.779999,214.919006,214.619003,214.865997
2026-07-30T22:00:00Z,214.865997,215.149994,214.662994,215.057999
2026-07-30T23:00:00Z,215.007004,215.651993,214.914001,215.608002
2026-07-31T00:00:00Z,215.608002,216.233994,215.576004,216.056000
2026-07-31T01:00:00Z,216.050003,216.216003,215.820007,216.199005
2026-07-31T02:00:00Z,216.194000,216.201996,215.811996,215.886002
2026-07-31T03:00:00Z,215.882004,216.320999,215.813004,216.035004
2026-07-31T04:00:00Z,216.035004,216.175995,215.977997,216.039001
2026-07-31T05:00:00Z,216.039001,216.089005,215.867004,215.886993
2026-07-31T06:00:00Z,215.878006,215.945007,215.225998,215.595001
2026-07-31T07:00:00Z,215.595993,216.076996,215.496994,215.503006
2026-07-31T08:00:00Z,215.503998,215.723007,213.358994,213.873993
2026-07-31T09:00:00Z,213.813995,215.285995,213.393997,215.188004
2026-07-31T10:00:00Z,215.186996,215.294998,215.005005,215.091003
2026-07-31T11:00:00Z,215.091003,215.184006,214.912003,214.970001
2026-07-31T12:00:00Z,214.970001,215.389008,214.947006,215.225006
2026-07-31T13:00:00Z,215.220993,215.302002,213.492996,213.837997
2026-07-31T14:00:00Z,213.850006,214.639008,213.065002,214.270996
2026-07-31T15:00:00Z,214.266006,214.570007,213.856003,214.360992
2026-07-31T16:00:00Z,214.350998,214.580002,214.302994,214.578995
2026-07-31T17:00:00Z,214.572998,214.858994,213.220993,213.703995
2026-07-31T18:00:00Z,213.705002,214.432999,213.507004,214.225998
2026-07-31T19:00:00Z,214.233002,214.626007,214.201996,214.501007
2026-07-31T20:00:00Z,214.507004,214.518005,211.688004,212.343002
2026-07-31T21:00:00Z,212.244003,212.244003,212.244003,212.244003
2026-08-02T23:00:00Z,212.291000,212.979996,211.959000,212.595001
2026-08-03T00:00:00Z,212.589005,212.893005,209.516006,210.561005
2026-08-03T01:00:00Z,210.563004,210.867004,209.587006,210.667999
2026-08-03T02:00:00Z,210.656998,211.009995,210.490005,210.772003
2026-08-03T03:00:00Z,210.772995,210.932999,210.479004,210.785995
2026-08-03T04:00:00Z,210.785995,210.863007,210.636993,210.776001
2026-08-03T05:00:00Z,210.776993,210.834000,210.666000,210.753006
2026-08-03T06:00:00Z,210.751999,211.141998,210.649002,211.014999
2026-08-03T07:00:00Z,211.022995,211.089996,210.733994,211.029999
2026-08-03T08:00:00Z,211.029999,211.233994,210.725998,211.210999
2026-08-03T09:00:00Z,211.209000,211.429001,211.026001,211.278000
2026-08-03T10:00:00Z,211.278000,211.322998,210.906998,211.072006
2026-08-03T11:00:00Z,211.076996,211.311005,210.817993,210.981995
2026-08-03T12:00:00Z,210.979996,211.188995,210.860001,211.136993
2026-08-03T13:00:00Z,211.138000,211.179001,210.276001,210.453995
2026-08-03T14:00:00Z,210.436005,210.716003,210.184998,210.373001
2026-08-03T15:00:00Z,210.376007,210.891006,210.337006,210.858002
2026-08-03T16:00:00Z,210.858002,210.888000,210.298004,210.621002
2026-08-03T17:00:00Z,210.628006,210.751007,210.604004,210.709000
2026-08-03T18:00:00Z,210.709000,210.761993,210.425003,210.565002
2026-08-03T19:00:00Z,210.565994,210.824005,210.529999,210.796005
2026-08-03T20:00:00Z,210.798004,211.188004,210.649002,211.082001
2026-08-03T21:00:00Z,211.065002,211.143005,210.923996,211.061005
2026-08-03T22:00:00Z,211.054001,211.406998,211.018005,211.326004
2026-08-03T23:00:00Z,211.306000,211.660995,211.203003,211.518005
2026-08-04T00:00:00Z,211.516998,211.537994,211.136993,211.425003
2026-08-04T01:00:00Z,211.421005,211.636993,211.360992,211.623001
2026-08-04T02:00:00Z,211.632996,211.845993,211.606995,211.766998
2026-08-04T03:00:00Z,211.759995,211.781006,211.468002,211.664993
2026-08-04T04:00:00Z,211.656998,211.675995,211.403000,211.516998
2026-08-04T05:00:00Z,211.507004,211.727005,211.440002,211.718002
2026-08-04T06:00:00Z,211.716995,211.841995,211.578995,211.733994
2026-08-04T07:00:00Z,211.729996,212.067001,211.718994,212.029999
2026-08-04T08:00:00Z,212.029999,212.128006,211.884003,212.108994
2026-08-04T09:00:00Z,212.115997,212.313004,212.091995,212.255005
2026-08-04T10:00:00Z,212.250000,212.332001,212.093002,212.141998
2026-08-04T11:00:00Z,212.141998,212.182999,211.591003,211.731995
2026-08-04T12:00:00Z,211.727997,211.891998,211.503006,211.753998
2026-08-04T13:00:00Z,211.757004,211.794998,211.431000,211.651993
2026-08-04T14:00:00Z,211.598007,211.966995,211.539001,211.856003
2026-08-04T15:00:00Z,211.863998,211.921005,211.682999,211.813995
2026-08-04T16:00:00Z,211.813004,211.962006,211.764008,211.871994
2026-08-04T17:00:00Z,211.871994,211.923996,211.835999,211.863007
2026-08-04T18:00:00Z,211.876999,212.082993,211.856003,212.054001
2026-08-04T19:00:00Z,212.052002,212.274994,212.052002,212.186996
2026-08-04T20:00:00Z,212.192993,212.225998,212.093994,212.164993
2026-08-04T21:00:00Z,212.076004,212.298004,212.020004,212.057999
2026-08-04T22:00:00Z,212.048004,212.216995,212.048004,212.130005
2026-08-04T23:00:00Z,212.160004,212.242996,212.059998,212.106003
2026-08-05T00:00:00Z,212.112000,212.179001,211.809998,211.916000
2026-08-05T01:00:00Z,211.916000,211.987000,211.845001,211.955994
2026-08-05T02:00:00Z,211.947998,212.050003,211.690002,211.824997
2026-08-05T03:00:00Z,211.819000,211.957001,211.778000,211.817993
2026-08-05T04:00:00Z,211.807999,212.143005,211.770004,212.106995
2026-08-05T05:00:00Z,212.106995,212.158005,212.067001,212.115997
2026-08-05T06:00:00Z,212.106995,212.320007,212.016998,212.259995
2026-08-05T07:00:00Z,212.259995,212.401993,212.054993,212.401993
2026-08-05T08:00:00Z,212.358002,212.557999,212.319000,212.362000
2026-08-05T09:00:00Z,212.362000,212.481995,212.317993,212.434998
2026-08-05T10:00:00Z,212.431000,212.531006,212.350998,212.369003
2026-08-05T11:00:00Z,212.375000,212.419998,212.257996,212.363998
2026-08-05T12:00:00Z,212.369995,212.423004,212.201996,212.309998
2026-08-05T13:00:00Z,212.309998,212.360001,211.985001,212.106995
2026-08-05T14:00:00Z,212.095001,212.371002,212.042007,212.276001
2026-08-05T15:00:00Z,212.274002,212.296005,212.126999,212.235001
2026-08-05T16:00:00Z,212.240005,212.335007,212.177994,212.315002
2026-08-05T17:00:00Z,212.315002,212.421005,212.246002,212.391998
2026-08-05T18:00:00Z,212.391998,212.412994,212.322006,212.358002
2026-08-05T19:00:00Z,212.358002,212.404007,212.315994,212.345993
2026-08-05T20:00:00Z,212.350006,212.488998,212.339996,212.404999
2026-08-05T21:00:00Z,212.389008,212.490005,212.190994,212.240005
2026-08-05T22:00:00Z,212.238007,212.395996,212.238007,212.315994
2026-08-05T23:00:00Z,212.322998,212.343002,212.216995,212.278000
2026-08-06T00:00:00Z,212.278000,212.488998,212.276001,212.399994
2026-08-06T01:00:00Z,212.397995,212.451004,212.274002,212.350998
2026-08-06T02:00:00Z,212.339996,212.389008,212.300995,212.326996
2026-08-06T03:00:00Z,212.330994,212.378006,212.253006,212.300003
2026-08-06T04:00:00Z,212.306000,212.330994,212.270004,212.315994
2026-08-06T05:00:00Z,212.311005,212.384995,212.266998,212.350006
2026-08-06T06:00:00Z,212.367004,212.462006,212.352005,212.425003
2026-08-06T07:00:00Z,212.425003,212.496002,212.268997,212.473999
2026-08-06T08:00:00Z,212.466003,212.563995,212.440994,212.507996
2026-08-06T09:00:00Z,212.509995,212.542007,212.365997,212.434006
2026-08-06T10:00:00Z,212.429001,212.531998,212.365997,212.505005
2026-08-06T11:00:00Z,212.507004,212.643005,212.494995,212.602997
2026-08-06T12:00:00Z,212.606003,212.733002,212.509003,212.677994
2026-08-06T13:00:00Z,212.682007,212.806000,212.621994,212.753006
2026-08-06T14:00:00Z,212.759995,213.171997,212.753998,213.031998
2026-08-06T15:00:00Z,213.031998,213.225006,213.020004,213.160995
2026-08-06T16:00:00Z,213.160004,213.298004,212.852997,213.283005
2026-08-06T17:00:00Z,213.279999,213.285995,213.095993,213.136993
2026-08-06T18:00:00Z,213.136993,213.179993,212.998001,213.050995
2026-08-06T19:00:00Z,213.050003,213.162994,213.029999,213.117996
2026-08-06T20:00:00Z,213.123993,213.199997,213.061005,213.136002
2026-08-06T21:00:00Z,213.052994,213.233994,212.904007,213.145996
2026-08-06T22:00:00Z,213.162994,213.205994,213.046997,213.141998
2026-08-06T23:00:00Z,213.138000,213.167999,213.061996,213.139008
2026-08-07T00:00:00Z,213.141006,213.263000,213.128998,213.203995
2026-08-07T01:00:00Z,213.203995,213.238007,212.850006,212.990005
2026-08-07T02:00:00Z,212.990005,213.059006,212.968002,213.033005
2026-08-07T03:00:00Z,213.033005,213.128006,213.020004,213.089005
2026-08-07T04:00:00Z,213.089005,213.138000,213.054993,213.063004
2026-08-07T05:00:00Z,213.063004,213.100006,212.977997,212.990997
2026-08-07T06:00:00Z,212.988007,213.061005,212.949005,213.046005
2026-08-07T07:00:00Z,213.044998,213.108002,212.940994,213.016006
2026-08-07T08:00:00Z,213.022995,213.091003,212.886993,212.886993
2026-08-07T09:00:00Z,212.884995,212.945999,212.789001,212.858002
2026-08-07T10:00:00Z,212.850998,212.888000,212.634003,212.714005
2026-08-07T11:00:00Z,212.714996,212.944000,212.714996,212.942001
2026-08-07T12:00:00Z,212.938004,213.018997,211.419998,212.468002
2026-08-07T13:00:00Z,212.462997,212.798004,212.300003,212.783005
2026-08-07T14:00:00Z,212.781998,213.056000,212.699997,213.011002
2026-08-07T15:00:00Z,213.018005,213.057999,212.503006,212.623993
2026-08-07T16:00:00Z,212.621994,212.628006,212.363007,212.498993
2026-08-07T17:00:00Z,212.498001,212.542999,212.410004,212.526001
2026-08-07T18:00:00Z,212.526993,212.707001,212.498993,212.658997
2026-08-07T19:00:00Z,212.654007,212.759995,212.548996,212.660004
2026-08-07T20:00:00Z,212.662994,212.960007,212.626007,212.834000
2026-08-07T21:00:00Z,212.884003,212.884003,212.884003,212.884003
2026-08-09T23:00:00Z,213.013000,213.041000,212.917007,212.985992
2026-08-10T00:00:00Z,212.992004,213.102005,212.953003,213.070999
2026-08-10T01:00:00Z,213.070007,213.514999,213.048996,213.479996
2026-08-10T02:00:00Z,213.479004,213.503998,213.367996,213.373993
2026-08-10T03:00:00Z,213.376999,213.395996,213.264008,213.320999
2026-08-10T04:00:00Z,213.317993,213.574997,213.315994,213.563004
2026-08-10T05:00:00Z,213.561996,213.660004,213.533997,213.649994
2026-08-10T06:00:00Z,213.653000,213.809006,213.651993,213.727997
2026-08-10T07:00:00Z,213.725006,213.932007,213.712006,213.886002
2026-08-10T08:00:00Z,213.886002,214.263000,213.824997,214.237000
2026-08-10T09:00:00Z,214.237000,214.421997,214.237000,214.367996
2026-08-10T10:00:00Z,214.362000,214.419006,214.266998,214.371002
2026-08-10T11:00:00Z,214.363998,214.445007,214.317993,214.408005
2026-08-10T12:00:00Z,214.412003,214.522995,213.841003,214.479996
2026-08-10T13:00:00Z,214.481995,214.738998,214.453995,214.737000
2026-08-10T14:00:00Z,214.731003,214.994003,214.673004,214.886993
2026-08-10T15:00:00Z,214.886993,214.977005,214.800003,214.916000
2026-08-10T16:00:00Z,214.912994,214.970993,214.858002,214.904999
2026-08-10T17:00:00Z,214.910995,215.039001,214.897995,214.927994
2026-08-10T18:00:00Z,214.931000,215.237000,214.889008,215.108994
2026-08-10T19:00:00Z,215.108994,215.238998,215.069000,215.171997
2026-08-10T20:00:00Z,215.171997,215.225006,215.067001,215.132996
2026-08-10T21:00:00Z,215.130997,215.171997,214.759003,215.026993
2026-08-10T22:00:00Z,215.059998,215.190994,215.013000,215.134003
2026-08-10T23:00:00Z,215.113998,215.149994,214.988998,215.028000
2026-08-11T00:00:00Z,215.022003,215.117996,214.785995,215.011993
2026-08-11T01:00:00Z,215.020004,215.097000,214.910995,215.039001
2026-08-11T02:00:00Z,215.039001,215.171005,215.018005,215.074005
2026-08-11T03:00:00Z,215.072006,215.119995,215.026993,215.076996
2026-08-11T04:00:00Z,215.078003,215.128998,215.046997,215.080994
2026-08-11T05:00:00Z,215.080994,215.126999,214.994003,215.117996
2026-08-11T06:00:00Z,215.121002,215.190994,214.953995,215.005005
2026-08-11T07:00:00Z,215.007996,215.171005,214.960007,215.074997
2026-08-11T08:00:00Z,215.080002,215.210007,215.022003,215.186996
2026-08-11T09:00:00Z,215.186996,215.227005,215.072006,215.091003
2026-08-11T10:00:00Z,215.085007,215.147003,214.882004,214.923996
2026-08-11T11:00:00Z,214.921005,214.929001,214.751007,214.873993
2026-08-11T12:00:00Z,214.880005,215.052002,214.867996,214.998001
2026-08-11T13:00:00Z,214.994003,215.052002,214.886993,214.964005
2026-08-11T14:00:00Z,214.968002,215.115005,214.938995,215.095993
2026-08-11T15:00:00Z,215.091995,215.222000,215.022995,215.218002
2026-08-11T16:00:00Z,215.218994,215.223999,215.020004,215.095993
2026-08-11T17:00:00Z,215.095993,215.119995,215.014008,215.098999
2026-08-11T18:00:00Z,215.098999,215.106995,215.013000,215.061005
2026-08-11T19:00:00Z,215.052994,215.182999,215.050995,215.160995
2026-08-11T20:00:00Z,215.160995,215.214005,215.091995,215.093994
2026-08-11T21:00:00Z,215.102005,215.154999,214.983994,215.132996
2026-08-11T22:00:00Z,215.132996,215.210007,215.037003,215.156998
2026-08-11T23:00:00Z,215.156998,215.201996,215.123993,215.156998
2026-08-12T00:00:00Z,215.156998,215.261993,215.078003,215.227997
2026-08-12T01:00:00Z,215.227997,215.257996,215.132004,215.192001
2026-08-12T02:00:00Z,215.192001,215.315002,215.166000,215.294006
2026-08-12T03:00:00Z,215.287994,215.378998,215.283997,215.307999
2026-08-12T04:00:00Z,215.311996,215.335999,215.251007,215.317993
2026-08-12T05:00:00Z,215.313995,215.326996,215.158997,215.289001
2026-08-12T06:00:00Z,215.287994,215.313995,215.207001,215.298004
2026-08-12T07:00:00Z,215.298996,215.356003,215.238998,215.276993
2026-08-12T08:00:00Z,215.276001,215.294006,215.190994,215.242996
2026-08-12T09:00:00Z,215.235001,215.330994,214.503006,215.061996
2026-08-12T10:00:00Z,215.054993,215.244003,215.052002,215.132996
2026-08-12T11:00:00Z,215.126999,215.223007,215.063004,215.201996
2026-08-12T12:00:00Z,215.201996,215.223999,214.701004,214.979004
2026-08-12T13:00:00Z,214.981995,215.089996,214.828995,215.067993
2026-08-12T14:00:00Z,215.063995,215.197006,214.973007,215.059998
2026-08-12T15:00:00Z,215.061996,215.158005,214.996994,215.106995
2026-08-12T16:00:00Z,215.106003,215.181000,215.067001,215.117996
2026-08-12T17:00:00Z,215.119003,215.251999,215.115997,215.190994
2026-08-12T18:00:00Z,215.194000,215.246002,215.115997,215.119995
2026-08-12T19:00:00Z,215.117004,215.197998,215.108002,215.194000
2026-08-12T20:00:00Z,215.186996,215.209000,215.076004,215.098999
2026-08-12T21:00:00Z,215.074005,215.173996,214.972000,215.033997
2026-08-12T22:00:00Z,215.102997,215.139999,215.020004,215.102005
2026-08-12T23:00:00Z,215.098007,215.110992,215.026001,215.052002
2026-08-13T00:00:00Z,215.052002,215.123001,214.962997,215.037003
2026-08-13T01:00:00Z,215.037003,215.063995,214.968002,215.000000
2026-08-13T02:00:00Z,214.988998,215.091003,214.981995,215.035995
2026-08-13T03:00:00Z,215.035995,215.113007,215.013000,215.067993
2026-08-13T04:00:00Z,215.065002,215.115997,214.766006,214.908997
2026-08-13T05:00:00Z,214.908997,215.057999,214.876999,214.912003
2026-08-13T06:00:00Z,214.914993,215.042007,214.824005,214.880997
2026-08-13T07:00:00Z,214.878998,214.932999,214.779007,214.863998
2026-08-13T08:00:00Z,214.863007,214.921997,214.800003,214.852005
2026-08-13T09:00:00Z,214.848999,214.988007,214.817993,214.960999
2026-08-13T10:00:00Z,214.966003,215.119003,214.927002,214.938004
2026-08-13T11:00:00Z,214.945999,214.996002,214.875000,214.970993
2026-08-13T12:00:00Z,214.970993,215.050995,214.813004,215.016998
2026-08-13T13:00:00Z,215.018005,215.110001,214.949005,214.979996
2026-08-13T14:00:00Z,214.981995,215.145996,214.792007,214.988007
2026-08-13T15:00:00Z,214.994995,215.113007,214.977997,215.050995
2026-08-13T16:00:00Z,215.048996,215.089996,214.970993,215.070007
2026-08-13T17:00:00Z,215.065002,215.119995,215.001999,215.054993
2026-08-13T18:00:00Z,215.059998,215.093994,215.022003,215.072998
2026-08-13T19:00:00Z,215.072998,215.147995,215.065994,215.141998
2026-08-13T20:00:00Z,215.139999,215.184998,215.052994,215.063004
2026-08-13T21:00:00Z,215.063004,215.175995,214.936996,215.052994
2026-08-13T22:00:00Z,215.089005,215.139999,214.998001,215.074005
2026-08-13T23:00:00Z,215.091995,215.119003,215.057999,215.070999
2026-08-14T00:00:00Z,215.070007,215.186005,215.031998,215.110001
2026-08-14T01:00:00Z,215.110992,215.154999,215.072998,215.082993
2026-08-14T02:00:00Z,215.074997,215.098999,215.024002,215.035004
2026-08-14T03:00:00Z,215.035995,215.097000,214.998993,215.076004
2026-08-14T04:00:00Z,215.078003,215.134003,215.052002,215.074005
2026-08-14T05:00:00Z,215.074005,215.093994,214.876007,215.009995
2026-08-14T06:00:00Z,215.003006,215.056000,214.873993,215.044998
2026-08-14T07:00:00Z,215.048996,215.164001,215.024002,215.115997
2026-08-14T08:00:00Z,215.115997,215.261002,215.078003,215.240005
2026-08-14T09:00:00Z,215.240997,215.272995,215.132996,215.233002
2026-08-14T10:00:00Z,215.237000,215.345001,215.192993,215.324997
2026-08-14T11:00:00Z,215.326004,215.460999,215.311996,215.350006
2026-08-14T12:00:00Z,215.348999,215.352997,214.882004,215.149994
2026-08-14T13:00:00Z,215.149994,215.479996,215.123001,215.373993
2026-08-14T14:00:00Z,215.375000,215.563995,215.348999,215.455994
2026-08-14T15:00:00Z,215.451004,215.802002,215.397995,215.796997
2026-08-14T16:00:00Z,215.796005,215.893997,215.748001,215.766998
2026-08-14T17:00:00Z,215.759003,215.772995,215.598999,215.645996
2026-08-14T18:00:00Z,215.645996,215.727005,215.623993,215.688995
2026-08-14T19:00:00Z,215.686005,215.744003,215.667007,215.686996
2026-08-14T20:00:00Z,215.686996,215.695999,215.490997,215.544006
2026-08-14T21:00:00Z,215.667007,215.667007,215.667007,215.667007
2026-08-16T23:00:00Z,215.522995,215.699997,215.518005,215.686005
2026-08-17T00:00:00Z,215.682999,215.742004,215.520996,215.548004
2026-08-17T01:00:00Z,215.546005,215.641998,215.514999,215.600998
2026-08-17T02:00:00Z,215.597000,215.613998,215.455002,215.485992
2026-08-17T03:00:00Z,215.494995,215.621994,215.485992,215.600006
2026-08-17T04:00:00Z,215.595993,215.664001,215.576004,215.621002
2026-08-17T05:00:00Z,215.619995,215.636002,215.473007,215.613998
2026-08-17T06:00:00Z,215.612000,215.630005,215.501007,215.520004
2026-08-17T07:00:00Z,215.520996,215.632996,215.401993,215.582993
2026-08-17T08:00:00Z,215.582993,215.757004,215.554993,215.675003
2026-08-17T09:00:00Z,215.667999,215.850998,215.647003,215.804001
2026-08-17T10:00:00Z,215.804993,215.860001,215.764999,215.796997
2026-08-17T11:00:00Z,215.792999,215.908997,215.770996,215.860992
2026-08-17T12:00:00Z,215.860992,215.947998,215.742004,215.940002
2026-08-17T13:00:00Z,215.936996,216.082993,215.917007,215.955994
2026-08-17T14:00:00Z,215.953003,216.042999,215.806000,215.873001
2026-08-17T15:00:00Z,215.875000,216.113007,215.850006,216.091995
2026-08-17T16:00:00Z,216.091995,216.154999,216.054993,216.074005
2026-08-17T17:00:00Z,216.065994,216.134995,215.996994,216.013000
2026-08-17T18:00:00Z,216.013000,216.074005,215.988007,216.050003
2026-08-17T19:00:00Z,216.048996,216.063995,215.886993,215.955002
2026-08-17T20:00:00Z,215.962997,216.016006,215.848007,215.927994
2026-08-17T21:00:00Z,215.910004,216.069000,215.716003,215.826996
2026-08-17T22:00:00Z,215.826996,215.981003,215.794006,215.897003
2026-08-17T23:00:00Z,215.899002,215.914993,215.848999,215.897003
2026-08-18T00:00:00Z,215.889999,216.108994,215.886002,216.022003
2026-08-18T01:00:00Z,216.029007,216.085007,215.979004,216.059006
2026-08-18T02:00:00Z,216.059006,216.098999,215.932999,215.996002
2026-08-18T03:00:00Z,215.996994,216.013000,215.904999,215.951996
2026-08-18T04:00:00Z,215.959000,216.216003,215.944000,216.149002
2026-08-18T05:00:00Z,216.149002,216.184998,216.054001,216.093002
2026-08-18T06:00:00Z,216.098007,216.199997,215.947998,216.042007
2026-08-18T07:00:00Z,216.044998,216.098999,215.968994,216.076996
2026-08-18T08:00:00Z,216.070007,216.098007,215.985001,216.059006
2026-08-18T09:00:00Z,216.059998,216.067001,215.925995,215.983002
2026-08-18T10:00:00Z,215.975006,216.067993,215.917007,216.003998
2026-08-18T11:00:00Z,216.013000,216.039993,215.953995,216.022003
2026-08-18T12:00:00Z,216.020004,216.076004,215.949997,216.048996
2026-08-18T13:00:00Z,216.042007,216.123001,215.977005,216.074005
2026-08-18T14:00:00Z,216.074997,216.147995,215.970001,216.078003
2026-08-18T15:00:00Z,216.074997,216.134003,215.994003,216.132996
2026-08-18T16:00:00Z,216.128998,216.173004,216.065002,216.067001
2026-08-18T17:00:00Z,216.070007,216.072998,215.985992,216.011993
2026-08-18T18:00:00Z,216.013000,216.046005,215.979996,216.000000
2026-08-18T19:00:00Z,216.003998,216.074005,215.975998,216.031006
2026-08-18T20:00:00Z,216.037994,216.046997,215.914993,215.970001
2026-08-18T21:00:00Z,215.973007,216.080002,215.800995,215.983002
2026-08-18T22:00:00Z,215.970993,216.031006,215.871994,215.983994
2026-08-18T23:00:00Z,215.983002,215.994003,215.932007,215.968002
2026-08-19T00:00:00Z,215.970001,215.970001,215.701996,215.733994
2026-08-19T01:00:00Z,215.727997,215.787994,215.694000,215.742996
2026-08-19T02:00:00Z,215.750000,215.779007,215.686996,215.768997
2026-08-19T03:00:00Z,215.763000,215.862000,215.753998,215.811005
2026-08-19T04:00:00Z,215.811005,215.819000,215.623993,215.755997
2026-08-19T05:00:00Z,215.755005,215.770996,215.602997,215.729996
2026-08-19T06:00:00Z,215.729996,215.813995,215.608994,215.783997
2026-08-19T07:00:00Z,215.785995,215.826996,215.656998,215.761002
2026-08-19T08:00:00Z,215.755997,215.804993,215.623001,215.720001
2026-08-19T09:00:00Z,215.720001,215.841995,215.649994,215.690002
2026-08-19T10:00:00Z,215.690002,215.768997,215.632004,215.669006
2026-08-19T11:00:00Z,215.669006,215.738998,215.628006,215.675995
2026-08-19T12:00:00Z,215.677002,215.714996,214.819000,215.602997
2026-08-19T13:00:00Z,215.598007,215.882004,215.507004,215.746002
2026-08-19T14:00:00Z,215.753006,215.772003,215.341995,215.483994
2026-08-19T15:00:00Z,215.485001,215.710007,215.483002,215.595993
2026-08-19T16:00:00Z,215.600998,215.658997,215.520996,215.563004
2026-08-19T17:00:00Z,215.557007,215.615997,215.475998,215.529999
2026-08-19T18:00:00Z,215.552994,215.552994,215.330994,215.419998
2026-08-19T19:00:00Z,215.419998,215.473999,215.117996,215.192001
2026-08-19T20:00:00Z,215.194000,215.220993,215.095993,215.175003
2026-08-19T21:00:00Z,215.139999,215.255997,214.917999,215.097000
2026-08-19T22:00:00Z,215.115997,215.214996,215.039993,215.205994
2026-08-19T23:00:00Z,215.184006,215.255005,215.184006,215.233994
2026-08-20T00:00:00Z,215.227997,215.442993,215.195007,215.417999
2026-08-20T01:00:00Z,215.412003,215.723007,215.406006,215.716995
2026-08-20T02:00:00Z,215.714005,215.738007,215.505997,215.559006
2026-08-20T03:00:00Z,215.550995,215.722000,215.550995,215.682999
2026-08-20T04:00:00Z,215.682999,215.871002,215.664993,215.764008
2026-08-20T05:00:00Z,215.766006,215.908997,215.757996,215.809998
2026-08-20T06:00:00Z,215.815994,215.835999,215.623001,215.634995
2026-08-20T07:00:00Z,215.634995,215.951996,215.501007,215.867996
2026-08-20T08:00:00Z,215.865005,216.182007,215.841995,216.108002
2026-08-20T09:00:00Z,216.108002,216.113007,215.843994,216.091995
2026-08-20T10:00:00Z,216.089996,216.253006,216.001007,216.220993
2026-08-20T11:00:00Z,216.220993,216.335007,216.154999,216.274994
2026-08-20T12:00:00Z,216.279999,216.453995,216.266006,216.423996
2026-08-20T13:00:00Z,216.414993,216.544006,216.339005,216.529999
2026-08-20T14:00:00Z,216.531998,216.623993,216.347000,216.367996
2026-08-20T15:00:00Z,216.367996,216.716003,216.186996,216.617004
2026-08-20T16:00:00Z,216.623001,216.802994,216.595993,216.718994
2026-08-20T17:00:00Z,216.718994,216.766006,216.641998,216.742004
2026-08-20T18:00:00Z,216.740997,216.875000,216.718002,216.865005
2026-08-20T19:00:00Z,216.867004,216.899002,216.835007,216.835007
2026-08-20T20:00:00Z,216.837006,216.873993,216.714005,216.716995
2026-08-20T21:00:00Z,216.751007,216.873993,216.595993,216.755005
2026-08-20T22:00:00Z,216.751007,216.839996,216.735001,216.753006
2026-08-20T23:00:00Z,216.750000,216.815002,216.694000,216.772003
2026-08-21T00:00:00Z,216.776993,217.037003,216.740997,216.964005
2026-08-21T01:00:00Z,216.964005,217.016998,216.858002,216.873993
2026-08-21T02:00:00Z,216.873993,217.005005,216.839996,216.966003
2026-08-21T03:00:00Z,216.962997,217.056000,216.938004,216.957001
2026-08-21T04:00:00Z,216.962006,216.987000,216.884003,216.929993
2026-08-21T05:00:00Z,216.929993,216.955994,216.772003,216.820999
2026-08-21T06:00:00Z,216.824005,216.927002,216.720993,216.871002
2026-08-21T07:00:00Z,216.873001,216.917999,216.550003,216.641998
2026-08-21T08:00:00Z,216.641006,216.658005,216.513000,216.617996
2026-08-21T09:00:00Z,216.619003,216.664993,216.449997,216.567001
2026-08-21T10:00:00Z,216.570999,216.712997,216.548004,216.600006
2026-08-21T11:00:00Z,216.597000,216.759995,216.565994,216.722000
2026-08-21T12:00:00Z,216.716003,216.792007,216.537994,216.585999
2026-08-21T13:00:00Z,216.585007,216.701004,216.507996,216.630005
2026-08-21T14:00:00Z,216.632996,216.695999,216.494995,216.552002
2026-08-21T15:00:00Z,216.561996,216.807999,216.537994,216.785995
2026-08-21T16:00:00Z,216.783005,216.862000,216.722000,216.854004
2026-08-21T17:00:00Z,216.852997,217.039993,216.852997,217.031006
2026-08-21T18:00:00Z,217.029999,217.104996,217.026993,217.078003
2026-08-21T19:00:00Z,217.080002,217.100998,216.953995,216.981995
2026-08-21T20:00:00Z,216.979004,217.001007,216.785004,216.899002
2026-08-21T21:00:00Z,216.787003,216.787003,216.787003,216.787003
2026-08-23T23:00:00Z,216.862000,216.988998,216.848007,216.917999
2026-08-24T00:00:00Z,216.921997,216.938995,216.660995,216.733994
2026-08-24T01:00:00Z,216.729004,216.848007,216.718994,216.776001
2026-08-24T02:00:00Z,216.776001,216.869995,216.748993,216.856995
2026-08-24T03:00:00Z,216.858994,216.910995,216.848999,216.865005
2026-08-24T04:00:00Z,216.860992,216.873001,216.699005,216.798996
2026-08-24T05:00:00Z,216.798004,216.858002,216.787994,216.798004
2026-08-24T06:00:00Z,216.796005,216.968994,216.735001,216.968002
2026-08-24T07:00:00Z,216.966003,217.149002,216.945999,216.972000
2026-08-24T08:00:00Z,216.975998,217.102005,216.837997,216.841995
2026-08-24T09:00:00Z,216.841995,217.059006,216.841995,217.057999
2026-08-24T10:00:00Z,217.050995,217.067001,216.873001,216.921997
2026-08-24T11:00:00Z,216.927002,217.001999,216.828995,216.938004
2026-08-24T12:00:00Z,216.936996,216.996002,216.776001,216.979004
2026-08-24T13:00:00Z,216.977005,217.169998,216.966995,217.029999
2026-08-24T14:00:00Z,217.039001,217.100998,216.979004,217.046005
2026-08-24T15:00:00Z,217.041000,217.093002,216.927994,216.945999
2026-08-24T16:00:00Z,216.944000,216.970993,216.832001,216.882996
2026-08-24T17:00:00Z,216.882996,216.929993,216.802002,216.906998
2026-08-24T18:00:00Z,216.906998,217.007996,216.888000,216.977997
2026-08-24T19:00:00Z,216.973999,216.983994,216.878998,216.899002
2026-08-24T20:00:00Z,216.904007,216.945007,216.789001,216.811005
2026-08-24T21:00:00Z,216.787003,216.975998,216.606003,216.826004
2026-08-24T22:00:00Z,216.817993,216.923004,216.778000,216.908997
2026-08-24T23:00:00Z,216.910004,217.029007,216.863998,217.011002
2026-08-25T00:00:00Z,217.014008,217.117004,216.972000,217.115005
2026-08-25T01:00:00Z,217.115997,217.166000,217.005005,217.104996
2026-08-25T02:00:00Z,217.104996,217.266006,217.087997,217.237000
2026-08-25T03:00:00Z,217.229996,217.253998,217.130997,217.141006
2026-08-25T04:00:00Z,217.136993,217.147995,216.944000,217.065994
2026-08-25T05:00:00Z,217.061005,217.128998,217.013000,217.048996
2026-08-25T06:00:00Z,217.046997,217.233002,217.000000,217.231003
2026-08-25T07:00:00Z,217.231003,217.468994,217.227997,217.440002
2026-08-25T08:00:00Z,217.449005,217.455002,217.274002,217.367004
2026-08-25T09:00:00Z,217.360001,217.423996,217.270996,217.298004
2026-08-25T10:00:00Z,217.298004,217.315994,217.121994,217.141006
2026-08-25T11:00:00Z,217.139999,217.162994,217.074997,217.082993
2026-08-25T12:00:00Z,217.082993,217.207993,217.033997,217.201004
2026-08-25T13:00:00Z,217.197998,217.309998,217.167999,217.195007
2026-08-25T14:00:00Z,217.199997,217.257996,217.067993,217.102005
2026-08-25T15:00:00Z,217.097000,217.190002,217.033997,217.156998
2026-08-25T16:00:00Z,217.158997,217.209000,217.110992,217.160995
2026-08-25T17:00:00Z,217.158005,217.257996,217.154007,217.229996
2026-08-25T18:00:00Z,217.229004,217.287003,217.225006,217.264999
2026-08-25T19:00:00Z,217.266998,217.298996,217.186005,217.261002
2026-08-25T20:00:00Z,217.261002,217.345001,217.195999,217.195999
2026-08-25T21:00:00Z,217.218994,217.356003,216.764999,217.242004
2026-08-25T22:00:00Z,217.210999,217.313004,217.190994,217.304001
2026-08-25T23:00:00Z,217.300995,217.337006,217.253006,217.259003
2026-08-26T00:00:00Z,217.257004,217.326996,217.130005,217.182007
2026-08-26T01:00:00Z,217.171997,217.197998,216.929993,217.013000
2026-08-26T02:00:00Z,217.007996,217.014999,216.802994,216.917999
2026-08-26T03:00:00Z,216.917007,216.923004,216.686996,216.768997
2026-08-26T04:00:00Z,216.764008,216.820999,216.735001,216.796997
2026-08-26T05:00:00Z,216.798996,216.826004,216.746002,216.804001
2026-08-26T06:00:00Z,216.802002,216.845993,216.731003,216.824005
2026-08-26T07:00:00Z,216.824997,216.884003,216.710007,216.753006
2026-08-26T08:00:00Z,216.753006,216.792999,216.656006,216.699997
2026-08-26T09:00:00Z,216.699997,216.727997,216.584000,216.641998
2026-08-26T10:00:00Z,216.641998,216.712006,216.554001,216.679001
2026-08-26T11:00:00Z,216.679001,216.850006,216.660004,216.807007
2026-08-26T12:00:00Z,216.804993,216.850998,216.544998,216.666000
2026-08-26T13:00:00Z,216.666000,216.815994,216.651001,216.804993
2026-08-26T14:00:00Z,216.804993,216.807007,216.535004,216.591995
2026-08-26T15:00:00Z,216.595001,216.675003,216.537994,216.632996
2026-08-26T16:00:00Z,216.628998,216.667007,216.561996,216.647003
2026-08-26T17:00:00Z,216.651001,216.694000,216.621002,216.671997
2026-08-26T18:00:00Z,216.675995,216.695999,216.606995,216.639999
2026-08-26T19:00:00Z,216.639999,216.660004,216.576996,216.610001
2026-08-26T20:00:00Z,216.606003,216.645004,216.507996,216.520004
2026-08-26T21:00:00Z,216.514008,216.565002,216.098999,216.417999
2026-08-26T22:00:00Z,216.470993,216.602005,216.367004,216.494995
2026-08-26T23:00:00Z,216.492996,216.548996,216.444000,216.496002
2026-08-27T00:00:00Z,216.498001,216.511993,216.259003,216.337006
2026-08-27T01:00:00Z,216.337006,216.473007,216.283997,216.447006
2026-08-27T02:00:00Z,216.447006,216.595993,216.445007,216.529999
2026-08-27T03:00:00Z,216.529999,216.572006,216.488998,216.490997
2026-08-27T04:00:00Z,216.496994,216.574005,216.490005,216.509995
2026-08-27T05:00:00Z,216.509995,216.557007,216.451996,216.533997
2026-08-27T06:00:00Z,216.533997,216.580994,216.492004,216.539001
2026-08-27T07:00:00Z,216.537003,216.589996,216.432999,216.503006
2026-08-27T08:00:00Z,216.503006,216.574997,216.330002,216.335007
2026-08-27T09:00:00Z,216.335999,216.544998,216.266006,216.479004
2026-08-27T10:00:00Z,216.475006,216.576996,216.412994,216.473007
2026-08-27T11:00:00Z,216.475998,216.582001,216.419006,216.466995
2026-08-27T12:00:00Z,216.468994,216.507996,216.358002,216.371002
2026-08-27T13:00:00Z,216.373001,216.766998,216.365997,216.602997
2026-08-27T14:00:00Z,216.604004,216.610992,216.289993,216.382004
2026-08-27T15:00:00Z,216.376999,216.561005,216.348999,216.550995
2026-08-27T16:00:00Z,216.552002,216.606995,216.483994,216.511993
2026-08-27T17:00:00Z,216.509003,216.595993,216.498993,216.589005
2026-08-27T18:00:00Z,216.591003,216.645996,216.533997,216.626999
2026-08-27T19:00:00Z,216.625000,216.660004,216.544006,216.600006
2026-08-27T20:00:00Z,216.600006,216.686005,216.563004,216.619003
2026-08-27T21:00:00Z,216.582001,216.742004,216.104004,216.582001
2026-08-27T22:00:00Z,216.595993,216.686005,216.513000,216.649994
2026-08-27T23:00:00Z,216.647003,216.688995,216.582001,216.595001
2026-08-28T00:00:00Z,216.595001,216.675003,216.578003,216.649002
2026-08-28T01:00:00Z,216.654007,216.688995,216.582001,216.656006
2026-08-28T02:00:00Z,216.649994,216.733994,216.600006,216.710007
2026-08-28T03:00:00Z,216.710999,216.764008,216.649994,216.666000
2026-08-28T04:00:00Z,216.664993,216.744003,216.662994,216.716003
2026-08-28T05:00:00Z,216.710999,216.800003,216.705994,216.748001
2026-08-28T06:00:00Z,216.753006,216.813995,216.666000,216.671997
2026-08-28T07:00:00Z,216.669998,216.740005,216.537003,216.697998
2026-08-28T08:00:00Z,216.697006,216.815994,216.684006,216.796005
2026-08-28T09:00:00Z,216.796005,216.891998,216.735001,216.856003
2026-08-28T10:00:00Z,216.852005,217.016006,216.832993,216.953995
2026-08-28T11:00:00Z,216.959000,216.964996,216.865997,216.865997
2026-08-28T12:00:00Z,216.867004,216.895996,216.656998,216.750000
2026-08-28T13:00:00Z,216.744003,216.826996,216.634995,216.701996
2026-08-28T14:00:00Z,216.647003,217.050995,216.332993,216.957001
2026-08-28T15:00:00Z,216.955002,217.035995,216.764999,216.798996
2026-08-28T16:00:00Z,216.802002,216.934006,216.690002,216.834000
2026-08-28T17:00:00Z,216.835007,216.839005,216.677002,216.701996
2026-08-28T18:00:00Z,216.701996,216.709000,216.643997,216.654999
2026-08-28T19:00:00Z,216.654999,216.737000,216.591995,216.699005
2026-08-28T20:00:00Z,216.697006,216.731995,216.470993,216.548004
2026-08-30T23:00:00Z,216.723007,216.845001,216.722000,216.791000
2026-08-31T00:00:00Z,216.789993,216.798004,216.587997,216.664001
2026-08-31T01:00:00Z,216.669998,216.677002,216.399002,216.457993
2026-08-31T02:00:00Z,216.445999,216.475998,216.332001,216.399994
2026-08-31T03:00:00Z,216.399994,216.477005,216.382004,216.434998
2026-08-31T04:00:00Z,216.434006,216.445007,216.363998,216.427002
2026-08-31T05:00:00Z,216.425003,216.526993,216.360001,216.509995
2026-08-31T06:00:00Z,216.501999,216.602997,216.412994,216.421997
2026-08-31T07:00:00Z,216.423004,216.431000,216.074997,216.164001
2026-08-31T08:00:00Z,216.158997,216.304001,216.059006,216.285995
2026-08-31T09:00:00Z,216.281998,216.343002,216.261002,216.307007
2026-08-31T10:00:00Z,216.307999,216.380005,216.216003,216.259995
2026-08-31T11:00:00Z,216.259995,216.268997,216.173004,216.210007
2026-08-31T12:00:00Z,216.210007,216.449997,216.175003,216.442993
2026-08-31T13:00:00Z,216.442993,216.524002,216.414993,216.445999
2026-08-31T14:00:00Z,216.445999,216.604004,216.201004,216.470001
2026-08-31T15:00:00Z,216.473999,216.580002,216.406998,216.423996
2026-08-31T16:00:00Z,216.421005,216.427002,216.320007,216.339996
2026-08-31T17:00:00Z,216.339996,216.417007,216.309998,216.373001
2026-08-31T18:00:00Z,216.373993,216.529999,216.352005,216.513000
2026-08-31T19:00:00Z,216.511002,216.514999,216.382004,216.449997
2026-08-31T20:00:00Z,216.453995,216.459000,216.352005,216.386993
2026-08-31T21:00:00Z,216.389999,216.516998,216.069000,216.427002
2026-08-31T22:00:00Z,216.429993,216.492996,216.397003,216.432999
2026-08-31T23:00:00Z,216.436005,216.475006,216.384995,216.436005
2026-09-01T00:00:00Z,216.431000,216.578995,216.412994,216.563004
2026-09-01T01:00:00Z,216.563004,216.580002,216.326996,216.386993
2026-09-01T02:00:00Z,216.389008,216.460999,216.371994,216.442993
2026-09-01T03:00:00Z,216.445007,216.449005,216.371002,216.382996
2026-09-01T04:00:00Z,216.382996,216.507996,216.375000,216.501007
2026-09-01T05:00:00Z,216.494003,216.604996,216.494003,216.578003
2026-09-01T06:00:00Z,216.576004,216.649002,216.473999,216.576004
2026-09-01T07:00:00Z,216.574997,216.628998,216.490005,216.552994
2026-09-01T08:00:00Z,216.552002,216.604004,216.447006,216.561996
2026-09-01T09:00:00Z,216.552994,216.731003,216.509995,216.697006
2026-09-01T10:00:00Z,216.699005,216.735001,216.638000,216.682007
2026-09-01T11:00:00Z,216.682007,216.766998,216.541000,216.718002
2026-09-01T12:00:00Z,216.716995,216.800995,216.556000,216.615997
2026-09-01T13:00:00Z,216.610992,216.796997,216.600006,216.733002
2026-09-01T14:00:00Z,216.722000,216.834000,216.539993,216.699005
2026-09-01T15:00:00Z,216.703995,216.733002,216.444000,216.466003
2026-09-01T16:00:00Z,216.468002,216.610992,216.421005,216.449005
2026-09-01T17:00:00Z,216.453995,216.550003,216.438004,216.542007
2026-09-01T18:00:00Z,216.537994,216.554001,216.436005,216.494003
2026-09-01T19:00:00Z,216.490997,216.526993,216.468994,216.485001
2026-09-01T20:00:00Z,216.490997,216.526001,216.419006,216.460007
2026-09-01T21:00:00Z,216.447998,216.537003,216.261993,216.365005
2026-09-01T22:00:00Z,216.391006,216.529999,216.354004,216.511993
2026-09-01T23:00:00Z,216.509995,216.542007,216.447006,216.481003
2026-09-02T00:00:00Z,216.479996,216.514008,216.386993,216.492996
2026-09-02T01:00:00Z,216.494003,216.582993,216.447006,216.570007
2026-09-02T02:00:00Z,216.570007,216.576996,216.444000,216.455994
2026-09-02T03:00:00Z,216.457001,216.464996,216.302994,216.319000
2026-09-02T04:00:00Z,216.319000,216.324997,216.000000,216.089996
2026-09-02T05:00:00Z,216.085007,216.093002,215.794998,215.794998
2026-09-02T06:00:00Z,215.796005,215.798996,215.242004,215.337006
2026-09-02T07:00:00Z,215.326996,215.764999,215.326996,215.748001
2026-09-02T08:00:00Z,215.750000,215.858994,215.677002,215.809006
2026-09-02T09:00:00Z,215.813004,215.889999,215.565002,215.585999
2026-09-02T10:00:00Z,215.585999,215.610992,215.496994,215.593994
2026-09-02T11:00:00Z,215.595001,215.634995,215.229004,215.248001
2026-09-02T12:00:00Z,215.248001,215.266998,215.041000,215.044006
2026-09-02T13:00:00Z,215.044006,215.207001,213.598999,214.259003
2026-09-02T14:00:00Z,214.261002,214.516998,214.054993,214.384003
2026-09-02T15:00:00Z,214.376007,214.445007,214.164993,214.386993
2026-09-02T16:00:00Z,214.388000,214.460999,214.328995,214.350006
2026-09-02T17:00:00Z,214.345993,214.408005,214.209000,214.279007
2026-09-02T18:00:00Z,214.279999,214.404007,214.229004,214.345993
2026-09-02T19:00:00Z,214.350006,214.419006,214.126007,214.143005
2026-09-02T20:00:00Z,214.145004,214.173004,213.932007,214.007996
2026-09-02T21:00:00Z,213.981995,214.098999,213.630005,213.904999
2026-09-02T22:00:00Z,213.899994,214.147995,213.867996,214.089005
2026-09-02T23:00:00Z,214.067993,214.281998,214.057999,214.227997
2026-09-03T00:00:00Z,214.231995,214.320007,213.863998,214.061996
2026-09-03T01:00:00Z,214.059998,214.080002,213.436005,213.684006
2026-09-03T02:00:00Z,213.690002,213.714996,213.011993,213.156998
2026-09-03T03:00:00Z,213.162994,213.167007,212.727997,212.901993
2026-09-03T04:00:00Z,212.901001,213.020004,212.632996,212.766006
2026-09-03T05:00:00Z,212.759995,212.873993,212.306000,212.309998
2026-09-03T06:00:00Z,212.311005,212.339996,211.901001,211.990997
2026-09-03T07:00:00Z,211.990997,212.311005,211.097000,212.050003
2026-09-03T08:00:00Z,212.050003,212.149002,211.367004,211.537003
2026-09-03T09:00:00Z,211.537994,211.723999,210.807999,211.130005
2026-09-03T10:00:00Z,211.113007,211.121994,210.770004,210.932999
2026-09-03T11:00:00Z,210.938995,210.973007,210.334000,210.634003
2026-09-03T12:00:00Z,210.634003,210.703995,210.018005,210.283997
2026-09-03T13:00:00Z,210.289001,210.438995,209.957001,210.020004
2026-09-03T14:00:00Z,210.031998,210.319000,209.901993,210.085999
2026-09-03T15:00:00Z,210.091003,210.824005,210.072006,210.276993
2026-09-03T16:00:00Z,210.272995,210.490997,210.229996,210.410995
2026-09-03T17:00:00Z,210.410995,210.580002,210.382996,210.479004
2026-09-03T18:00:00Z,210.483994,210.632004,210.412994,210.511993
2026-09-03T19:00:00Z,210.518997,210.748993,210.503006,210.658997
2026-09-03T20:00:00Z,210.656006,210.738998,210.632004,210.694000
2026-09-03T21:00:00Z,210.694000,210.921997,210.453995,210.740997
2026-09-03T22:00:00Z,210.740005,211.136002,210.645996,211.126999
2026-09-03T23:00:00Z,211.126007,211.188995,210.537994,210.552994
2026-09-04T00:00:00Z,210.552994,210.932999,210.104004,210.742996
2026-09-04T01:00:00Z,210.742996,211.205994,210.643997,210.947998
2026-09-04T02:00:00Z,210.942993,211.207993,210.865997,211.173996
2026-09-04T03:00:00Z,211.169998,211.621002,211.151001,211.550003
2026-09-04T04:00:00Z,211.550003,211.666000,211.436005,211.524002
2026-09-04T05:00:00Z,211.518997,211.666000,211.427994,211.572998
2026-09-04T06:00:00Z,211.597000,211.772995,211.367996,211.615005
2026-09-04T07:00:00Z,211.615005,211.811996,211.526001,211.533997
2026-09-04T08:00:00Z,211.541000,211.720993,211.464005,211.666000
2026-09-04T09:00:00Z,211.666000,211.781998,211.423004,211.598999
2026-09-04T10:00:00Z,211.598007,211.604996,211.421997,211.531998
2026-09-04T11:00:00Z,211.526001,211.602997,211.373001,211.459000
2026-09-04T12:00:00Z,211.459000,211.496994,209.703003,210.227997
2026-09-04T13:00:00Z,210.225998,210.735992,210.169006,210.472000
2026-09-04T14:00:00Z,210.473007,211.078003,210.462006,210.981995
2026-09-04T15:00:00Z,210.983002,211.082001,210.811996,211.063004
2026-09-04T16:00:00Z,211.063004,211.100998,210.871002,210.903000
2026-09-04T17:00:00Z,210.932999,211.054001,210.893997,210.996994
2026-09-04T18:00:00Z,211.000000,211.162003,210.973007,211.106003
2026-09-04T19:00:00Z,211.108002,211.242004,211.104004,211.214005
2026-09-04T20:00:00Z,211.209000,211.257004,211.016006,211.173004
2026-09-04T21:00:00Z,211.300995,211.300995,211.300995,211.300995
2026-09-06T23:00:00Z,211.136002,211.184998,211.013000,211.134995
2026-09-07T00:00:00Z,211.136002,211.199005,210.651001,210.759003
2026-09-07T01:00:00Z,210.753998,210.985992,210.692993,210.835007
2026-09-07T02:00:00Z,210.835007,211.026993,210.792007,210.966003
2026-09-07T03:00:00Z,210.960999,210.994995,210.815002,210.830994
2026-09-07T04:00:00Z,210.830994,210.983002,210.817993,210.841003
2026-09-07T05:00:00Z,210.852005,210.895004,210.591003,210.619003
2026-09-07T06:00:00Z,210.617004,210.835007,210.356003,210.828003
2026-09-07T07:00:00Z,210.834000,210.852997,210.449997,210.494003
2026-09-07T08:00:00Z,210.494003,210.526001,208.636993,209.061996
2026-09-07T09:00:00Z,209.059998,209.214005,208.794998,209.126007
2026-09-07T10:00:00Z,209.126007,209.492996,209.065002,209.365997
2026-09-07T11:00:00Z,209.365005,209.477005,209.253006,209.373993
2026-09-07T12:00:00Z,209.371002,209.445999,208.824005,209.130005
2026-09-07T13:00:00Z,209.130005,209.268005,208.981995,209.182999
2026-09-07T14:00:00Z,209.184998,209.320007,208.934998,208.983002
2026-09-07T15:00:00Z,208.983994,209.128006,208.871994,209.039001
2026-09-07T16:00:00Z,209.039993,209.093994,208.972000,209.005997
2026-09-07T17:00:00Z,209.007996,209.063995,208.972000,209.028000
2026-09-07T18:00:00Z,209.028000,209.037994,208.992004,208.992004
2026-09-07T19:00:00Z,208.994003,209.026993,208.966995,208.988007
2026-09-07T20:00:00Z,208.988007,209.042007,208.899994,208.968994
2026-09-07T21:00:00Z,208.973999,209.078003,208.556000,208.914993
2026-09-07T22:00:00Z,208.959000,209.041000,208.753998,208.778000
2026-09-07T23:00:00Z,208.764999,208.781998,208.341995,208.373993
2026-09-08T00:00:00Z,208.373993,208.451004,207.942001,208.261993
2026-09-08T01:00:00Z,208.268997,208.285995,207.751999,207.772995
2026-09-08T02:00:00Z,207.757996,207.772995,207.082993,207.537994
2026-09-08T03:00:00Z,207.539993,207.602997,207.311005,207.569000
2026-09-08T04:00:00Z,207.563995,207.904999,207.445999,207.781006
2026-09-08T05:00:00Z,207.781006,207.916000,207.552002,207.649994
2026-09-08T06:00:00Z,207.649994,208.330002,207.626007,208.154007
2026-09-08T07:00:00Z,208.160995,208.453003,208.056000,208.110001
2026-09-08T08:00:00Z,208.108002,208.677994,208.022995,208.520004
2026-09-08T09:00:00Z,208.524002,208.535995,208.082001,208.248993
2026-09-08T10:00:00Z,208.246994,208.677994,208.225998,208.654007
2026-09-08T11:00:00Z,208.649002,209.007996,208.628006,208.940994
2026-09-08T12:00:00Z,208.940994,209.026993,208.453995,208.468002
2026-09-08T13:00:00Z,208.457001,208.684998,208.324005,208.438004
2026-09-08T14:00:00Z,208.432999,208.826996,208.417999,208.707993
2026-09-08T15:00:00Z,208.707993,208.994003,208.694000,208.852005
2026-09-08T16:00:00Z,208.848007,208.940994,208.755005,208.826996
2026-09-08T17:00:00Z,208.824997,208.901001,208.774994,208.841995
2026-09-08T18:00:00Z,208.835007,209.037003,207.770996,208.057007
2026-09-08T19:00:00Z,208.067993,208.503998,208.046997,208.479996
2026-09-08T20:00:00Z,208.483002,208.533005,208.397995,208.404007
2026-09-08T21:00:00Z,208.468994,208.496002,207.966995,208.231003
2026-09-08T22:00:00Z,208.201996,208.440994,208.016998,208.181000
2026-09-08T23:00:00Z,208.156998,208.169006,207.785995,207.826996
2026-09-09T00:00:00Z,207.820999,208.244003,207.602005,208.054993
2026-09-09T01:00:00Z,208.050003,208.334000,207.979996,207.996002
2026-09-09T02:00:00Z,207.990997,208.139999,207.880005,207.949005
2026-09-09T03:00:00Z,207.942993,208.039993,207.737000,207.832001
2026-09-09T04:00:00Z,207.835999,207.955994,207.692001,207.947006
2026-09-09T05:00:00Z,207.934998,207.951996,207.664001,207.740005
2026-09-09T06:00:00Z,207.735001,207.953003,207.389008,207.921005
2026-09-09T07:00:00Z,207.919998,207.988998,207.569000,207.597000
2026-09-09T08:00:00Z,207.600998,208.154999,207.591003,208.085999
2026-09-09T09:00:00Z,208.080002,208.089005,207.755997,207.929993
2026-09-09T10:00:00Z,207.919998,208.018005,207.813004,207.850006
2026-09-09T11:00:00Z,207.848007,207.998001,207.735001,207.792999
2026-09-09T12:00:00Z,207.791000,208.020004,207.742996,207.774002
2026-09-09T13:00:00Z,207.779999,207.972000,207.690994,207.817993
2026-09-09T14:00:00Z,207.820999,207.942993,207.634995,207.776001
2026-09-09T15:00:00Z,207.778000,208.248993,207.733994,207.992004
2026-09-09T16:00:00Z,207.992004,208.169006,207.947998,208.115997
2026-09-09T17:00:00Z,208.115997,208.223999,208.052002,208.074997
2026-09-09T18:00:00Z,208.074997,208.147995,208.003006,208.052994
2026-09-09T19:00:00Z,208.050003,208.182007,208.016006,208.108002
2026-09-09T20:00:00Z,208.110001,208.141006,207.912003,207.912003
2026-09-09T21:00:00Z,207.869003,208.126007,207.505997,207.919998
2026-09-09T22:00:00Z,207.975998,208.031998,207.764999,207.792007
2026-09-09T23:00:00Z,207.804001,208.125000,207.751007,208.028000
2026-09-10T00:00:00Z,208.033005,208.233002,207.942001,208.203003
2026-09-10T01:00:00Z,208.194000,208.283005,208.001007,208.007004
2026-09-10T02:00:00Z,208.013000,208.153000,207.841995,208.018997
2026-09-10T03:00:00Z,208.020996,208.048996,207.891006,207.927002
2026-09-10T04:00:00Z,207.927994,208.005997,207.820999,207.998993
2026-09-10T05:00:00Z,208.005005,208.272995,207.944000,208.246994
2026-09-10T06:00:00Z,208.246002,208.270996,207.977997,207.992996
2026-09-10T07:00:00Z,207.992004,208.113998,207.834000,207.901993
2026-09-10T08:00:00Z,207.897995,208.276001,207.897995,208.259003
2026-09-10T09:00:00Z,208.259003,208.328003,208.121994,208.246002
2026-09-10T10:00:00Z,208.251007,208.710999,208.225006,208.600998
2026-09-10T11:00:00Z,208.600998,208.645996,208.483002,208.548004
2026-09-10T12:00:00Z,208.548004,208.878998,208.352997,208.537003
2026-09-10T13:00:00Z,208.541000,208.557007,208.149002,208.192993
2026-09-10T14:00:00Z,208.192001,208.378998,207.938004,208.216995
2026-09-10T15:00:00Z,208.216995,208.513000,208.154999,208.453003
2026-09-10T16:00:00Z,208.460999,208.783005,208.451996,208.630997
2026-09-10T17:00:00Z,208.630997,208.751999,208.556000,208.561996
2026-09-10T18:00:00Z,208.561996,208.636993,208.518997,208.529999
2026-09-10T19:00:00Z,208.533997,208.563995,208.470001,208.501999
2026-09-10T20:00:00Z,208.496994,208.742004,208.483002,208.628006
2026-09-10T21:00:00Z,208.613007,208.701996,207.938004,208.311005
2026-09-10T22:00:00Z,208.516998,208.776001,208.367004,208.600998
2026-09-10T23:00:00Z,208.587997,208.865997,208.574005,208.677002
2026-09-11T00:00:00Z,208.677002,208.904999,208.544006,208.813004
2026-09-11T01:00:00Z,208.813004,208.832993,208.395004,208.498993
2026-09-11T02:00:00Z,208.498993,208.653000,208.453995,208.475006
2026-09-11T03:00:00Z,208.468002,208.524994,208.369995,208.427002
2026-09-11T04:00:00Z,208.429993,208.501999,208.315002,208.406006
2026-09-11T05:00:00Z,208.401993,208.414993,208.074005,208.123993
2026-09-11T06:00:00Z,208.134995,208.565994,208.061996,208.511002
2026-09-11T07:00:00Z,208.511993,208.544006,208.345001,208.444000
2026-09-11T08:00:00Z,208.438004,208.565002,208.097000,208.126007
2026-09-11T09:00:00Z,208.126007,208.306000,208.031998,208.162003
2026-09-11T10:00:00Z,208.166000,208.223999,207.908005,207.934998
2026-09-11T11:00:00Z,207.934006,208.136002,207.820007,207.988007
2026-09-11T12:00:00Z,207.987000,208.322006,207.423996,207.529007
2026-09-11T13:00:00Z,207.529999,207.701996,207.283997,207.598999
2026-09-11T14:00:00Z,207.598007,207.804993,207.535995,207.641006
2026-09-11T15:00:00Z,207.643997,207.826004,207.557999,207.817001
2026-09-11T16:00:00Z,207.817001,207.873001,207.755005,207.860001
2026-09-11T17:00:00Z,207.860001,207.903000,207.755997,207.848999
2026-09-11T18:00:00Z,207.848007,207.923004,207.815002,207.893005
2026-09-11T19:00:00Z,207.893005,207.966003,207.863998,207.878006
2026-09-11T20:00:00Z,207.884003,207.940002,207.412994,207.718002
2026-09-11T21:00:00Z,207.770996,207.770996,207.770996,207.770996
2026-09-13T23:00:00Z,207.815994,207.852997,207.479996,207.500000
2026-09-14T00:00:00Z,207.501007,207.824997,207.449997,207.703003
2026-09-14T01:00:00Z,207.707001,207.938995,207.658005,207.794006
2026-09-14T02:00:00Z,207.794998,208.186005,207.794006,208.132004
2026-09-14T03:00:00Z,208.123993,208.190994,208.014999,208.050995
2026-09-14T04:00:00Z,208.050995,208.076996,207.891006,207.979004
2026-09-14T05:00:00Z,207.979004,208.098999,207.886002,208.014008
2026-09-14T06:00:00Z,208.011993,208.304001,207.876999,208.130005
2026-09-14T07:00:00Z,208.132004,208.363007,208.070007,208.302002
2026-09-14T08:00:00Z,208.300995,208.449005,208.205002,208.393005
2026-09-14T09:00:00Z,208.386993,208.477005,208.190994,208.447998
2026-09-14T10:00:00Z,208.453995,208.621994,208.399994,208.451996
2026-09-14T11:00:00Z,208.455002,208.589005,208.382004,208.533997
2026-09-14T12:00:00Z,208.533997,208.682007,208.470001,208.580994
2026-09-14T13:00:00Z,208.578995,208.766006,208.514008,208.634995
2026-09-14T14:00:00Z,208.636993,208.695999,208.393005,208.479996
2026-09-14T15:00:00Z,208.485992,208.537003,208.184006,208.354996
2026-09-14T16:00:00Z,208.352005,208.503998,208.203995,208.410004
2026-09-14T17:00:00Z,208.410995,208.567993,208.389008,208.557007
2026-09-14T18:00:00Z,208.559998,208.587997,208.018997,208.112000
2026-09-14T19:00:00Z,208.108994,208.389999,208.108994,208.373001
2026-09-14T20:00:00Z,208.371994,208.427994,208.287003,208.311996
2026-09-14T21:00:00Z,208.319000,208.425995,208.145004,208.214996
2026-09-14T22:00:00Z,208.207993,208.403000,208.190994,208.315994
2026-09-14T23:00:00Z,208.319000,208.483994,208.240005,208.468994
2026-09-15T00:00:00Z,208.466003,208.727997,208.440002,208.725998
2026-09-15T01:00:00Z,208.723999,208.751999,208.626999,208.682007
2026-09-15T02:00:00Z,208.690002,208.856003,208.662994,208.785995
2026-09-15T03:00:00Z,208.789001,208.789993,208.542007,208.552994
2026-09-15T04:00:00Z,208.554001,208.651001,208.516998,208.632996
2026-09-15T05:00:00Z,208.632996,208.865005,208.557007,208.707993
2026-09-15T06:00:00Z,208.701996,208.725006,208.481995,208.649994
2026-09-15T07:00:00Z,208.647003,208.813004,208.514008,208.768005
2026-09-15T08:00:00Z,208.768997,209.093002,208.626007,208.841995
2026-09-15T09:00:00Z,208.841995,208.875000,208.725998,208.798004
2026-09-15T10:00:00Z,208.787003,208.796997,208.556000,208.658005
2026-09-15T11:00:00Z,208.654007,208.860992,208.606003,208.852005
2026-09-15T12:00:00Z,208.847000,209.056000,208.828003,208.921005
2026-09-15T13:00:00Z,208.927002,209.181000,208.867996,209.115997
2026-09-15T14:00:00Z,209.115997,209.210007,208.988007,209.169998
2026-09-15T15:00:00Z,209.169998,209.223007,208.884003,209.039001
2026-09-15T16:00:00Z,209.039001,209.074005,208.901993,209.044006
2026-09-15T17:00:00Z,209.044006,209.128006,208.988007,209.070007
2026-09-15T18:00:00Z,209.070999,209.106003,209.044006,209.065002
2026-09-15T19:00:00Z,209.063995,209.080994,208.968002,209.011993
2026-09-15T20:00:00Z,209.013000,209.033005,208.979004,209.031998
2026-09-15T21:00:00Z,208.910004,209.082993,208.345993,208.897003
2026-09-15T22:00:00Z,208.807007,209.033005,208.785004,208.990997
2026-09-15T23:00:00Z,209.014999,209.347000,209.005005,209.167999
2026-09-16T00:00:00Z,209.167999,209.317001,208.985992,209.261993
2026-09-16T01:00:00Z,209.261993,209.395996,209.164993,209.289993
2026-09-16T02:00:00Z,209.285995,209.332993,209.201996,209.259995
2026-09-16T03:00:00Z,209.261993,209.470001,209.238007,209.434998
2026-09-16T04:00:00Z,209.431000,209.460999,209.378998,209.416000
2026-09-16T05:00:00Z,209.412994,209.462997,209.326996,209.363998
2026-09-16T06:00:00Z,209.360001,209.425003,208.891998,208.901993
2026-09-16T07:00:00Z,208.904999,209.014008,208.712006,208.770996
2026-09-16T08:00:00Z,208.776001,208.949005,208.712006,208.936005
2026-09-16T09:00:00Z,208.934998,208.973999,208.832001,208.914993
2026-09-16T10:00:00Z,208.914993,209.003006,208.884995,208.953003
2026-09-16T11:00:00Z,208.934998,208.970993,208.563004,208.613007
2026-09-16T12:00:00Z,208.608002,208.912994,208.585007,208.886993
2026-09-16T13:00:00Z,208.880005,208.988007,208.832993,208.847000
2026-09-16T14:00:00Z,208.845993,208.876007,208.636002,208.641006
2026-09-16T15:00:00Z,208.639999,208.653000,208.460007,208.509003
2026-09-16T16:00:00Z,208.511993,208.746994,208.507004,208.546005
2026-09-16T17:00:00Z,208.544998,208.582993,208.169006,208.440002
2026-09-16T18:00:00Z,208.470993,208.744003,208.104996,208.636993
2026-09-16T19:00:00Z,208.638000,209.057999,208.576996,209.054993
2026-09-16T20:00:00Z,209.052002,209.246002,208.998993,209.024002
2026-09-16T21:00:00Z,209.005005,209.192993,208.822998,208.957993
2026-09-16T22:00:00Z,208.983994,209.098999,208.957993,209.031006
2026-09-16T23:00:00Z,209.048996,209.091995,208.787003,208.809998
2026-09-17T00:00:00Z,208.809006,208.897995,208.651001,208.886993
2026-09-17T01:00:00Z,208.880997,208.957001,208.686996,208.806000
2026-09-17T02:00:00Z,208.807999,208.973999,208.774002,208.835999
2026-09-17T03:00:00Z,208.828003,208.850006,208.673004,208.783005
2026-09-17T04:00:00Z,208.783005,208.822998,208.744003,208.772003
2026-09-17T05:00:00Z,208.766998,208.779007,208.287994,208.354996
2026-09-17T06:00:00Z,208.352005,208.550995,208.227005,208.539001
2026-09-17T07:00:00Z,208.531006,208.604996,208.330994,208.429001
2026-09-17T08:00:00Z,208.429993,208.675003,208.386002,208.645004
2026-09-17T09:00:00Z,208.645004,208.682007,208.371994,208.600998
2026-09-17T10:00:00Z,208.612000,208.720993,208.496994,208.626999
2026-09-17T11:00:00Z,208.628006,208.628006,207.908005,208.401001
2026-09-17T12:00:00Z,208.399994,208.490005,207.955002,208.270004
2026-09-17T13:00:00Z,208.263000,208.373993,208.119995,208.186005
2026-09-17T14:00:00Z,208.182007,208.283005,207.867004,207.942001
2026-09-17T15:00:00Z,207.942001,208.098007,207.888000,207.985001
2026-09-17T16:00:00Z,207.992004,208.322006,207.903000,208.309006
2026-09-17T17:00:00Z,208.311005,208.404007,208.186005,208.253998
2026-09-17T18:00:00Z,208.248993,208.395004,208.248993,208.352005
2026-09-17T19:00:00Z,208.352997,208.393005,208.292007,208.352997
2026-09-17T20:00:00Z,208.362000,208.363998,208.261993,208.337006
2026-09-17T21:00:00Z,208.332001,208.395004,207.923004,208.214996
2026-09-17T22:00:00Z,208.309006,208.429001,208.154007,208.326004
2026-09-17T23:00:00Z,208.324997,208.570007,208.235001,208.559998
2026-09-18T00:00:00Z,208.559998,208.757004,208.539001,208.671005
2026-09-18T01:00:00Z,208.669006,208.800995,208.625000,208.751999
2026-09-18T02:00:00Z,208.748993,209.528000,208.574997,209.300003
2026-09-18T03:00:00Z,209.285995,210.102997,209.108994,210.005005
2026-09-18T04:00:00Z,210.003998,210.128006,209.813004,210.067993
2026-09-18T05:00:00Z,210.067001,210.253998,209.893997,210.013000
2026-09-18T06:00:00Z,210.020004,210.341003,209.272003,209.744003
2026-09-18T07:00:00Z,209.738998,210.615005,209.580002,210.524002
2026-09-18T08:00:00Z,210.518005,211.067993,210.516998,210.979004
2026-09-18T09:00:00Z,210.981003,211.278000,210.686005,211.188995
2026-09-18T10:00:00Z,211.188995,211.225998,210.671997,210.727997
2026-09-18T11:00:00Z,210.727005,210.908997,210.544998,210.656006
2026-09-18T12:00:00Z,210.658997,210.709000,210.513000,210.516006
2026-09-18T13:00:00Z,210.520996,210.699005,210.389008,210.589996
2026-09-18T14:00:00Z,210.580994,210.761993,209.677002,210.347000
2026-09-18T15:00:00Z,210.337006,210.408997,209.565002,209.748001
2026-09-18T16:00:00Z,209.748001,209.895004,209.612000,209.824005
2026-09-18T17:00:00Z,209.822998,209.914001,209.699997,209.776993
2026-09-18T18:00:00Z,209.776993,209.953995,209.753006,209.798004
2026-09-18T19:00:00Z,209.792999,209.979004,209.791000,209.919998
2026-09-18T20:00:00Z,209.921997,210.160004,209.904999,210.141998
2026-09-18T21:00:00Z,210.136002,210.136002,210.136002,210.136002
2026-09-20T23:00:00Z,210.296005,210.348007,210.078995,210.190002
2026-09-21T00:00:00Z,210.199005,210.276001,209.826004,210.001999
2026-09-21T01:00:00Z,210.001999,210.076996,209.677002,209.824997
2026-09-21T02:00:00Z,209.824005,209.983002,209.811005,209.957993
2026-09-21T03:00:00Z,209.953003,210.063995,209.953003,210.029007
2026-09-21T04:00:00Z,210.029007,210.201996,209.998001,210.057007
2026-09-21T05:00:00Z,210.057007,210.179993,209.996002,210.076004
2026-09-21T06:00:00Z,210.070999,210.179001,210.014999,210.110001
2026-09-21T07:00:00Z,210.106003,210.434006,210.035995,210.419998
2026-09-21T08:00:00Z,210.417999,210.492004,210.300003,210.436005
2026-09-21T09:00:00Z,210.434006,210.556000,210.365005,210.466003
2026-09-21T10:00:00Z,210.462997,210.485992,210.335007,210.445007
2026-09-21T11:00:00Z,210.445999,210.589996,210.442993,210.578995
2026-09-21T12:00:00Z,210.578003,210.761993,210.567001,210.681000
2026-09-21T13:00:00Z,210.681000,210.722000,210.595993,210.632996
2026-09-21T14:00:00Z,210.632996,210.705994,210.451996,210.574997
2026-09-21T15:00:00Z,210.574997,210.626999,210.501007,210.559998
2026-09-21T16:00:00Z,210.557007,210.570999,210.380997,210.460007
2026-09-21T17:00:00Z,210.460007,210.557007,210.419006,210.531006
2026-09-21T18:00:00Z,210.531998,210.606003,210.432007,210.481003
2026-09-21T19:00:00Z,210.487000,210.554001,210.408997,210.425003
2026-09-21T20:00:00Z,210.427002,210.466995,210.263000,210.281998
2026-09-21T21:00:00Z,210.281998,210.393005,209.889008,210.218994
2026-09-21T22:00:00Z,210.113007,210.472000,210.113007,210.324997
2026-09-21T23:00:00Z,210.315002,210.423004,210.292999,210.376999
2026-09-22T00:00:00Z,210.376999,210.475006,210.322006,210.442001
2026-09-22T01:00:00Z,210.447006,210.587006,210.423004,210.520004
2026-09-22T02:00:00Z,210.520996,210.647003,210.488998,210.641998
2026-09-22T03:00:00Z,210.636993,210.774002,210.604996,210.763000
2026-09-22T04:00:00Z,210.757004,210.824005,210.723007,210.785995
2026-09-22T05:00:00Z,210.785995,210.798996,210.695007,210.699997
2026-09-22T06:00:00Z,210.707001,210.813995,210.667999,210.781006
2026-09-22T07:00:00Z,210.776993,210.893005,210.636002,210.649994
2026-09-22T08:00:00Z,210.643997,210.677994,209.509003,209.934006
2026-09-22T09:00:00Z,209.927994,210.093002,209.712997,209.750000
2026-09-22T10:00:00Z,209.746002,209.983002,209.684006,209.850006
2026-09-22T11:00:00Z,209.848999,210.052002,209.848999,209.975006
2026-09-22T12:00:00Z,209.975006,210.175003,209.959000,210.070999
2026-09-22T13:00:00Z,210.072998,210.179001,210.052994,210.095001
2026-09-22T14:00:00Z,210.100006,210.182007,209.873993,209.914001
2026-09-22T15:00:00Z,209.910995,209.988998,209.824997,209.923996
2026-09-22T16:00:00Z,209.921005,210.014999,209.852997,209.901993
2026-09-22T17:00:00Z,209.904007,209.942001,209.811005,209.856995
2026-09-22T18:00:00Z,209.856995,210.039001,209.813995,210.011002
2026-09-22T19:00:00Z,210.013000,210.061005,209.876007,210.031998
2026-09-22T20:00:00Z,210.029007,210.048004,209.919006,210.039993
2026-09-22T21:00:00Z,209.938995,210.089996,209.718994,209.854004
2026-09-22T22:00:00Z,209.914001,210.147995,209.817993,210.106003
2026-09-22T23:00:00Z,210.082993,210.160004,210.054001,210.098007
2026-09-23T00:00:00Z,210.095001,210.177994,210.048996,210.175995
2026-09-23T01:00:00Z,210.175003,210.179001,209.994995,210.018005
2026-09-23T02:00:00Z,210.016998,210.074997,209.996994,210.022995
2026-09-23T03:00:00Z,210.020996,210.046997,209.891998,209.951004
2026-09-23T04:00:00Z,209.942001,209.964005,209.779007,209.850006
2026-09-23T05:00:00Z,209.848007,209.934998,209.826996,209.880997
2026-09-23T06:00:00Z,209.878006,210.065002,209.837006,210.009003
2026-09-23T07:00:00Z,210.009003,210.128006,209.843002,209.852005
2026-09-23T08:00:00Z,209.847000,210.042999,209.789993,209.990005
2026-09-23T09:00:00Z,209.992004,210.011002,209.608994,209.617004
2026-09-23T10:00:00Z,209.613007,209.787994,209.548996,209.781006
2026-09-23T11:00:00Z,209.779999,209.923004,209.654007,209.703003
2026-09-23T12:00:00Z,209.705002,209.723999,209.485001,209.600006
2026-09-23T13:00:00Z,209.598999,209.863998,209.552002,209.837006
2026-09-23T14:00:00Z,209.837997,209.936005,209.662003,209.828995
2026-09-23T15:00:00Z,209.828995,209.938995,209.755005,209.761002
2026-09-23T16:00:00Z,209.761002,209.785004,209.518997,209.563995
2026-09-23T17:00:00Z,209.565002,209.664001,209.419998,209.626999
2026-09-23T18:00:00Z,209.626007,209.654007,209.559006,209.580994
2026-09-23T19:00:00Z,209.582001,209.701996,209.569000,209.675003
2026-09-23T20:00:00Z,209.675995,209.701004,209.528000,209.552002
2026-09-23T21:00:00Z,209.554993,209.737000,209.356003,209.481995
2026-09-23T22:00:00Z,209.481995,209.639999,209.417999,209.584000
2026-09-23T23:00:00Z,209.565994,209.639999,209.501007,209.503006
2026-09-24T00:00:00Z,209.511002,209.621994,208.792999,209.097000
2026-09-24T01:00:00Z,209.102005,209.160995,208.862000,208.895996
2026-09-24T02:00:00Z,208.895996,209.089005,208.763000,209.074005
2026-09-24T03:00:00Z,209.074997,209.276001,209.041000,209.164993
2026-09-24T04:00:00Z,209.156006,209.205994,209.035995,209.067993
2026-09-24T05:00:00Z,209.069000,209.481003,209.016998,209.358994
2026-09-24T06:00:00Z,209.360001,209.863998,209.343994,209.837006
2026-09-24T07:00:00Z,209.835999,209.848999,209.416000,209.548996
2026-09-24T08:00:00Z,209.548996,209.798004,209.518005,209.796997
2026-09-24T09:00:00Z,209.789001,210.067993,209.789001,210.018005
2026-09-24T10:00:00Z,210.016998,210.050003,209.809998,209.994003
2026-09-24T11:00:00Z,209.990997,210.104996,209.873993,209.998993
2026-09-24T12:00:00Z,210.001999,210.016006,209.871002,209.964005
2026-09-24T13:00:00Z,209.964005,210.070999,209.839005,209.845001
2026-09-24T14:00:00Z,209.854996,210.044998,209.766998,210.031998
2026-09-24T15:00:00Z,210.031998,210.141006,209.934006,210.003998
2026-09-24T16:00:00Z,210.001999,210.100006,209.936996,210.067993
2026-09-24T17:00:00Z,210.076004,210.093002,209.929001,209.960999
2026-09-24T18:00:00Z,209.962006,209.996002,209.886002,209.942993
2026-09-24T19:00:00Z,209.944000,210.059006,209.936005,210.057999
2026-09-24T20:00:00Z,210.054993,210.078003,209.889008,209.957001
