time,open,high,low,close
2026-07-02T23:00:00Z,1.334490,1.334597,1.334383,1.334437
2026-07-02T23:15:00Z,1.334454,1.334775,1.334454,1.334757
2026-07-02T23:30:00Z,1.334704,1.334704,1.334116,1.334561
2026-07-02T23:45:00Z,1.334561,1.334561,1.333867,1.333867
2026-07-03T00:00:00Z,1.334027,1.334045,1.333671,1.333831
2026-07-03T00:15:00Z,1.333742,1.333956,1.333547,1.333814
2026-07-03T00:30:00Z,1.333778,1.333849,1.333653,1.333707
2026-07-03T00:45:00Z,1.333760,1.334810,1.333742,1.334810
2026-07-03T01:00:00Z,1.334828,1.335274,1.334810,1.335274
2026-07-03T01:15:00Z,1.335381,1.336398,1.335381,1.335916
2026-07-03T01:30:00Z,1.335845,1.336148,1.335702,1.336005
2026-07-03T01:45:00Z,1.335987,1.335987,1.335577,1.335684
2026-07-03T02:00:00Z,1.335613,1.336273,1.335559,1.336166
2026-07-03T02:15:00Z,1.336202,1.336648,1.336202,1.336648
2026-07-03T02:30:00Z,1.336577,1.336612,1.336273,1.336344
2026-07-03T02:45:00Z,1.336523,1.336523,1.336130,1.336130
2026-07-03T03:00:00Z,1.336184,1.336184,1.335773,1.335880
2026-07-03T03:15:00Z,1.336023,1.336023,1.335827,1.335934
2026-07-03T03:30:00Z,1.336023,1.336041,1.335809,1.335952
2026-07-03T03:45:00Z,1.335880,1.336273,1.335880,1.336220
2026-07-03T04:00:00Z,1.336148,1.336148,1.335827,1.336112
2026-07-03T04:15:00Z,1.336220,1.336416,1.336220,1.336398
2026-07-03T04:30:00Z,1.336291,1.336523,1.336291,1.336470
2026-07-03T04:45:00Z,1.336452,1.336612,1.336380,1.336541
2026-07-03T05:00:00Z,1.336595,1.337542,1.336595,1.337435
2026-07-03T05:15:00Z,1.337524,1.337739,1.337167,1.337381
2026-07-03T05:30:00Z,1.337310,1.337417,1.336952,1.337023
2026-07-03T05:45:00Z,1.337077,1.337077,1.336523,1.336523
2026-07-03T06:00:00Z,1.336630,1.336970,1.336541,1.336738
2026-07-03T06:15:00Z,1.336916,1.337524,1.336755,1.337167
2026-07-03T06:30:00Z,1.337041,1.338025,1.336970,1.337685
2026-07-03T06:45:00Z,1.337775,1.337811,1.336863,1.337023
2026-07-03T07:00:00Z,1.336791,1.336863,1.336398,1.336702
2026-07-03T07:15:00Z,1.336630,1.337327,1.336398,1.337327
2026-07-03T07:30:00Z,1.337184,1.337184,1.336398,1.336827
2026-07-03T07:45:00Z,1.336648,1.337578,1.336648,1.337184
2026-07-03T08:00:00Z,1.337345,1.337345,1.336934,1.336970
2026-07-03T08:15:00Z,1.336916,1.336934,1.336327,1.336666
2026-07-03T08:30:00Z,1.336380,1.336595,1.336112,1.336255
2026-07-03T08:45:00Z,1.336291,1.336327,1.335809,1.336130
2026-07-03T09:00:00Z,1.336041,1.336130,1.335631,1.335755
2026-07-03T09:15:00Z,1.335809,1.336148,1.335755,1.335863
2026-07-03T09:30:00Z,1.335809,1.336184,1.335809,1.336041
2026-07-03T09:45:00Z,1.335916,1.335916,1.335203,1.335203
2026-07-03T10:00:00Z,1.335113,1.335684,1.335096,1.335434
2026-07-03T10:15:00Z,1.335524,1.335631,1.335310,1.335488
2026-07-03T10:30:00Z,1.335363,1.335720,1.335363,1.335720
2026-07-03T10:45:00Z,1.335524,1.336095,1.335524,1.335755
2026-07-03T11:00:00Z,1.335613,1.336327,1.335595,1.336327
2026-07-03T11:15:00Z,1.336434,1.336434,1.335916,1.336112
2026-07-03T11:30:00Z,1.336059,1.336059,1.335613,1.335684
2026-07-03T11:45:00Z,1.335648,1.335827,1.335399,1.335827
2026-07-03T12:00:00Z,1.335827,1.335952,1.335559,1.335934
2026-07-03T12:15:00Z,1.336023,1.336023,1.335613,1.335738
2026-07-03T12:30:00Z,1.335880,1.336059,1.335666,1.335880
2026-07-03T12:45:00Z,1.335791,1.335898,1.335666,1.335666
2026-07-03T13:00:00Z,1.335541,1.335541,1.334917,1.335327
2026-07-03T13:15:00Z,1.335113,1.335524,1.334971,1.335345
2026-07-03T13:30:00Z,1.335417,1.335417,1.335042,1.335220
2026-07-03T13:45:00Z,1.335310,1.335345,1.334775,1.334775
2026-07-03T14:00:00Z,1.334953,1.335203,1.334721,1.334953
2026-07-03T14:15:00Z,1.335024,1.335613,1.335007,1.335452
2026-07-03T14:30:00Z,1.335524,1.335595,1.335327,1.335363
2026-07-03T14:45:00Z,1.335203,1.335845,1.335203,1.335720
2026-07-03T15:00:00Z,1.335684,1.335738,1.335327,1.335381
2026-07-03T15:15:00Z,1.335310,1.335631,1.335131,1.335274
2026-07-03T15:30:00Z,1.335470,1.335541,1.335345,1.335363
2026-07-03T15:45:00Z,1.335292,1.335631,1.335167,1.335631
2026-07-03T16:00:00Z,1.335541,1.335613,1.335220,1.335595
2026-07-03T16:15:00Z,1.335577,1.335613,1.335327,1.335399
2026-07-03T16:30:00Z,1.335399,1.335399,1.335167,1.335167
2026-07-03T16:45:00Z,1.335292,1.335524,1.335274,1.335524
2026-07-03T17:00:00Z,1.335559,1.335809,1.335488,1.335684
2026-07-03T17:15:00Z,1.335684,1.335773,1.335684,1.335702
2026-07-03T17:30:00Z,1.335702,1.335702,1.335524,1.335613
2026-07-03T17:45:00Z,1.335559,1.335702,1.335559,1.335702
2026-07-03T18:00:00Z,1.335648,1.335791,1.335648,1.335720
2026-07-03T18:15:00Z,1.335702,1.335791,1.335577,1.335648
2026-07-03T18:30:00Z,1.335648,1.335684,1.335613,1.335648
2026-07-03T18:45:00Z,1.335666,1.335773,1.335613,1.335773
2026-07-03T19:00:00Z,1.335631,1.335827,1.335613,1.335613
2026-07-03T19:15:00Z,1.335577,1.335577,1.335452,1.335488
2026-07-03T19:30:00Z,1.335541,1.335541,1.335470,1.335524
2026-07-03T19:45:00Z,1.335541,1.335541,1.335363,1.335381
2026-07-03T20:00:00Z,1.335345,1.335452,1.334900,1.334900
2026-07-03T20:15:00Z,1.334721,1.335238,1.334721,1.335042
2026-07-03T20:30:00Z,1.335024,1.335220,1.334971,1.335007
2026-07-03T20:45:00Z,1.334971,1.335096,1.334864,1.335007
2026-07-03T21:00:00Z,1.334989,1.334989,1.334989,1.334989
2026-07-03T21:15:00Z,1.334989,1.334989,1.334989,1.334989
2026-07-05T23:00:00Z,1.334935,1.335024,1.334704,1.334704
2026-07-05T23:15:00Z,1.334793,1.335078,1.334632,1.335024
2026-07-05T23:30:00Z,1.335024,1.335256,1.334989,1.335256
2026-07-05T23:45:00Z,1.335256,1.335363,1.335060,1.335274
2026-07-06T00:00:00Z,1.335203,1.335274,1.334828,1.334953
2026-07-06T00:15:00Z,1.335167,1.335684,1.335042,1.335167
2026-07-06T00:30:00Z,1.335613,1.335613,1.335185,1.335452
2026-07-06T00:45:00Z,1.335524,1.335524,1.335149,1.335345
2026-07-06T01:00:00Z,1.335310,1.335417,1.335024,1.335256
2026-07-06T01:15:00Z,1.335113,1.335113,1.334294,1.334401
2026-07-06T01:30:00Z,1.334223,1.334721,1.334223,1.334704
2026-07-06T01:45:00Z,1.334686,1.334686,1.333992,1.334027
2026-07-06T02:00:00Z,1.334063,1.334330,1.333992,1.334116
2026-07-06T02:15:00Z,1.334116,1.334187,1.334080,1.334134
2026-07-06T02:30:00Z,1.334134,1.334223,1.334063,1.334134
2026-07-06T02:45:00Z,1.334258,1.334757,1.334258,1.334757
2026-07-06T03:00:00Z,1.334704,1.334793,1.334543,1.334579
2026-07-06T03:15:00Z,1.334526,1.334561,1.334098,1.334116
2026-07-06T03:30:00Z,1.334098,1.334294,1.334027,1.334294
2026-07-06T03:45:00Z,1.334347,1.334347,1.334063,1.334241
2026-07-06T04:00:00Z,1.334258,1.334526,1.334223,1.334508
2026-07-06T04:15:00Z,1.334472,1.334561,1.334294,1.334347
2026-07-06T04:30:00Z,1.334401,1.334490,1.334365,1.334437
2026-07-06T04:45:00Z,1.334383,1.334383,1.334258,1.334312
2026-07-06T05:00:00Z,1.334223,1.334223,1.333867,1.333974
2026-07-06T05:15:00Z,1.333974,1.333992,1.333849,1.333992
2026-07-06T05:30:00Z,1.333992,1.334419,1.333992,1.334116
2026-07-06T05:45:00Z,1.334098,1.334294,1.333636,1.333671
2026-07-06T06:00:00Z,1.333831,1.334098,1.333760,1.333831
2026-07-06T06:15:00Z,1.333707,1.333707,1.333173,1.333387
2026-07-06T06:30:00Z,1.333511,1.333885,1.333422,1.333636
2026-07-06T06:45:00Z,1.333618,1.333742,1.333244,1.333404
2026-07-06T07:00:00Z,1.333191,1.333689,1.332996,1.333600
2026-07-06T07:15:00Z,1.334187,1.334258,1.333831,1.333831
2026-07-06T07:30:00Z,1.333867,1.334561,1.333867,1.334561
2026-07-06T07:45:00Z,1.334650,1.334917,1.334472,1.334917
2026-07-06T08:00:00Z,1.334989,1.334989,1.333867,1.333938
2026-07-06T08:15:00Z,1.334080,1.334276,1.333760,1.333956
2026-07-06T08:30:00Z,1.334098,1.334098,1.333351,1.333422
2026-07-06T08:45:00Z,1.333315,1.333814,1.333156,1.333814
2026-07-06T09:00:00Z,1.333493,1.333814,1.333156,1.333369
2026-07-06T09:15:00Z,1.333351,1.333956,1.333351,1.333956
2026-07-06T09:30:00Z,1.333867,1.334134,1.333867,1.333992
2026-07-06T09:45:00Z,1.333814,1.333849,1.333209,1.333493
2026-07-06T10:00:00Z,1.333440,1.334027,1.333298,1.334027
2026-07-06T10:15:00Z,1.334116,1.334668,1.334116,1.334205
2026-07-06T10:30:00Z,1.333974,1.334561,1.333920,1.334205
2026-07-06T10:45:00Z,1.334241,1.334241,1.333938,1.334134
2026-07-06T11:00:00Z,1.334098,1.334098,1.333671,1.334063
2026-07-06T11:15:00Z,1.334063,1.334365,1.333831,1.334294
2026-07-06T11:30:00Z,1.334437,1.334526,1.334205,1.334276
2026-07-06T11:45:00Z,1.334365,1.334543,1.334152,1.334508
2026-07-06T12:00:00Z,1.334828,1.335149,1.334704,1.334864
2026-07-06T12:15:00Z,1.334917,1.335096,1.334757,1.334900
2026-07-06T12:30:00Z,1.334953,1.335042,1.334098,1.334098
2026-07-06T12:45:00Z,1.334009,1.334383,1.333831,1.334205
2026-07-06T13:00:00Z,1.334152,1.335167,1.334152,1.334989
2026-07-06T13:15:00Z,1.335149,1.335452,1.335024,1.335417
2026-07-06T13:30:00Z,1.335613,1.335613,1.334935,1.334953
2026-07-06T13:45:00Z,1.334882,1.335113,1.334276,1.334650
2026-07-06T14:00:00Z,1.334615,1.335702,1.334472,1.335702
2026-07-06T14:15:00Z,1.335702,1.335863,1.335488,1.335702
2026-07-06T14:30:00Z,1.335577,1.335702,1.334882,1.334882
2026-07-06T14:45:00Z,1.335042,1.335613,1.334846,1.335595
2026-07-06T15:00:00Z,1.335720,1.336095,1.335541,1.335541
2026-07-06T15:15:00Z,1.335720,1.335720,1.335310,1.335399
2026-07-06T15:30:00Z,1.335684,1.336309,1.335631,1.336309
2026-07-06T15:45:00Z,1.336344,1.336791,1.336309,1.336791
2026-07-06T16:00:00Z,1.336738,1.336970,1.336595,1.336666
2026-07-06T16:15:00Z,1.336720,1.337453,1.336559,1.337453
2026-07-06T16:30:00Z,1.337381,1.337453,1.337149,1.337149
2026-07-06T16:45:00Z,1.337202,1.337685,1.337202,1.337578
2026-07-06T17:00:00Z,1.337703,1.337811,1.337506,1.337775
2026-07-06T17:15:00Z,1.337811,1.338061,1.337739,1.337936
2026-07-06T17:30:00Z,1.337846,1.338384,1.337846,1.338384
2026-07-06T17:45:00Z,1.338222,1.338384,1.338222,1.338240
2026-07-06T18:00:00Z,1.338222,1.338312,1.338151,1.338258
2026-07-06T18:15:00Z,1.338276,1.338598,1.338276,1.338598
2026-07-06T18:30:00Z,1.338598,1.339226,1.338598,1.339172
2026-07-06T18:45:00Z,1.339190,1.339692,1.339190,1.339459
2026-07-06T19:00:00Z,1.339477,1.339674,1.339280,1.339405
2026-07-06T19:15:00Z,1.339405,1.339405,1.339047,1.339082
2026-07-06T19:30:00Z,1.339172,1.339280,1.339118,1.339154
2026-07-06T19:45:00Z,1.339172,1.339280,1.339100,1.339172
2026-07-06T20:00:00Z,1.339262,1.339316,1.339100,1.339100
2026-07-06T20:15:00Z,1.338993,1.339190,1.338867,1.339190
2026-07-06T20:30:00Z,1.339154,1.339190,1.338939,1.338975
2026-07-06T20:45:00Z,1.338975,1.339029,1.338921,1.339029
2026-07-06T21:00:00Z,1.338706,1.339262,1.338706,1.339065
2026-07-06T21:15:00Z,1.338939,1.339441,1.338778,1.338849
2026-07-06T21:30:00Z,1.338957,1.339280,1.338814,1.339280
2026-07-06T21:45:00Z,1.339244,1.339244,1.338491,1.339154
2026-07-06T22:00:00Z,1.339316,1.339387,1.339047,1.339298
2026-07-06T22:15:00Z,1.339316,1.339351,1.339262,1.339280
2026-07-06T22:30:00Z,1.339226,1.339674,1.339226,1.339459
2026-07-06T22:45:00Z,1.339639,1.339639,1.339567,1.339603
2026-07-06T23:00:00Z,1.339800,1.340069,1.339800,1.339926
2026-07-06T23:15:00Z,1.339926,1.340123,1.339854,1.339854
2026-07-06T23:30:00Z,1.339890,1.339980,1.339710,1.339854
2026-07-06T23:45:00Z,1.339836,1.339908,1.339441,1.339441
2026-07-07T00:00:00Z,1.339459,1.339585,1.339369,1.339459
2026-07-07T00:15:00Z,1.339405,1.339459,1.339172,1.339172
2026-07-07T00:30:00Z,1.339208,1.339369,1.338957,1.339118
2026-07-07T00:45:00Z,1.339047,1.339262,1.338939,1.338939
2026-07-07T01:00:00Z,1.338993,1.339100,1.338939,1.338993
2026-07-07T01:15:00Z,1.339029,1.339226,1.338885,1.339118
2026-07-07T01:30:00Z,1.339567,1.339818,1.339172,1.339172
2026-07-07T01:45:00Z,1.339298,1.340141,1.339298,1.339656
2026-07-07T02:00:00Z,1.339872,1.340016,1.339674,1.339728
2026-07-07T02:15:00Z,1.339728,1.339800,1.339495,1.339495
2026-07-07T02:30:00Z,1.339298,1.339567,1.339262,1.339280
2026-07-07T02:45:00Z,1.339262,1.339334,1.339154,1.339244
2026-07-07T03:00:00Z,1.339226,1.339477,1.339226,1.339405
2026-07-07T03:15:00Z,1.339423,1.339746,1.339369,1.339441
2026-07-07T03:30:00Z,1.339298,1.339477,1.339136,1.339244
2026-07-07T03:45:00Z,1.339190,1.339262,1.338975,1.339065
2026-07-07T04:00:00Z,1.339065,1.339262,1.338975,1.339226
2026-07-07T04:15:00Z,1.339154,1.339369,1.339029,1.339029
2026-07-07T04:30:00Z,1.339011,1.339334,1.339011,1.339208
2026-07-07T04:45:00Z,1.339154,1.339334,1.338975,1.338975
2026-07-07T05:00:00Z,1.338921,1.339065,1.338509,1.338563
2026-07-07T05:15:00Z,1.338491,1.338581,1.338025,1.338151
2026-07-07T05:30:00Z,1.338258,1.338527,1.338079,1.338079
2026-07-07T05:45:00Z,1.338025,1.338473,1.338025,1.338419
2026-07-07T06:00:00Z,1.338634,1.338706,1.337614,1.337739
2026-07-07T06:15:00Z,1.338025,1.338097,1.337846,1.337972
2026-07-07T06:30:00Z,1.338025,1.338348,1.338025,1.338204
2026-07-07T06:45:00Z,1.338204,1.338366,1.337918,1.337918
2026-07-07T07:00:00Z,1.337972,1.337972,1.337560,1.337918
2026-07-07T07:15:00Z,1.337900,1.338491,1.337846,1.338061
2026-07-07T07:30:00Z,1.337990,1.338437,1.337990,1.338276
2026-07-07T07:45:00Z,1.338187,1.338294,1.337864,1.337936
2026-07-07T08:00:00Z,1.337972,1.338670,1.337936,1.338670
2026-07-07T08:15:00Z,1.338545,1.339154,1.338312,1.339011
2026-07-07T08:30:00Z,1.339118,1.339262,1.338796,1.338903
2026-07-07T08:45:00Z,1.338724,1.339387,1.338724,1.339244
2026-07-07T09:00:00Z,1.339065,1.339190,1.338975,1.338975
2026-07-07T09:15:00Z,1.339011,1.339190,1.338688,1.338885
2026-07-07T09:30:00Z,1.338832,1.338939,1.338598,1.338832
2026-07-07T09:45:00Z,1.338724,1.338796,1.338151,1.338169
2026-07-07T10:00:00Z,1.337954,1.338061,1.337113,1.338061
2026-07-07T10:15:00Z,1.337900,1.338401,1.337900,1.338222
2026-07-07T10:30:00Z,1.338204,1.338473,1.338204,1.338384
2026-07-07T10:45:00Z,1.338384,1.338670,1.338276,1.338545
2026-07-07T11:00:00Z,1.338509,1.338796,1.338384,1.338760
2026-07-07T11:15:00Z,1.338652,1.339405,1.338652,1.338903
2026-07-07T11:30:00Z,1.338939,1.338939,1.338742,1.338760
2026-07-07T11:45:00Z,1.338742,1.339011,1.338563,1.338975
2026-07-07T12:00:00Z,1.338814,1.338993,1.338330,1.338885
2026-07-07T12:15:00Z,1.338849,1.339065,1.338401,1.339065
2026-07-07T12:30:00Z,1.339298,1.339298,1.338204,1.338204
2026-07-07T12:45:00Z,1.338366,1.338616,1.338276,1.338401
2026-07-07T13:00:00Z,1.338545,1.338545,1.337882,1.338133
2026-07-07T13:15:00Z,1.338204,1.338491,1.337649,1.337882
2026-07-07T13:30:00Z,1.338115,1.338598,1.338115,1.338455
2026-07-07T13:45:00Z,1.338240,1.338330,1.337006,1.337006
2026-07-07T14:00:00Z,1.337327,1.337453,1.336202,1.336612
2026-07-07T14:15:00Z,1.336595,1.337149,1.336470,1.337077
2026-07-07T14:30:00Z,1.337292,1.337685,1.337113,1.337667
2026-07-07T14:45:00Z,1.337972,1.338527,1.337721,1.338043
2026-07-07T15:00:00Z,1.337846,1.338097,1.337435,1.337506
2026-07-07T15:15:00Z,1.337399,1.337578,1.337184,1.337578
2026-07-07T15:30:00Z,1.337721,1.337811,1.337471,1.337471
2026-07-07T15:45:00Z,1.337489,1.337524,1.337077,1.337077
2026-07-07T16:00:00Z,1.337292,1.337506,1.337167,1.337310
2026-07-07T16:15:00Z,1.337202,1.337202,1.336738,1.336738
2026-07-07T16:30:00Z,1.336684,1.336845,1.336612,1.336791
2026-07-07T16:45:00Z,1.336863,1.337167,1.336863,1.337167
2026-07-07T17:00:00Z,1.337113,1.337381,1.337023,1.337023
2026-07-07T17:15:00Z,1.337006,1.337274,1.336898,1.337113
2026-07-07T17:30:00Z,1.337220,1.337345,1.337202,1.337345
2026-07-07T17:45:00Z,1.337363,1.337560,1.337238,1.337506
2026-07-07T18:00:00Z,1.337417,1.337542,1.337184,1.337399
2026-07-07T18:15:00Z,1.337327,1.337632,1.337292,1.337453
2026-07-07T18:30:00Z,1.337327,1.337524,1.337184,1.337345
2026-07-07T18:45:00Z,1.337274,1.337399,1.336184,1.336398
2026-07-07T19:00:00Z,1.336166,1.336166,1.335327,1.335399
2026-07-07T19:15:00Z,1.335274,1.335666,1.335042,1.335666
2026-07-07T19:30:00Z,1.335666,1.336148,1.335666,1.336059
2026-07-07T19:45:00Z,1.336005,1.336255,1.335987,1.336130
2026-07-07T20:00:00Z,1.336041,1.336291,1.335970,1.335970
2026-07-07T20:15:00Z,1.335952,1.336041,1.335863,1.335987
2026-07-07T20:30:00Z,1.335916,1.335934,1.335684,1.335791
2026-07-07T20:45:00Z,1.335702,1.335987,1.335684,1.335934
2026-07-07T21:00:00Z,1.334935,1.335970,1.334935,1.335720
2026-07-07T21:15:00Z,1.335524,1.335987,1.335292,1.335880
2026-07-07T21:30:00Z,1.335863,1.336166,1.335524,1.336148
2026-07-07T21:45:00Z,1.336148,1.336148,1.335113,1.335880
2026-07-07T22:00:00Z,1.335345,1.335506,1.335078,1.335167
2026-07-07T22:15:00Z,1.335167,1.335310,1.335131,1.335185
2026-07-07T22:30:00Z,1.335060,1.335096,1.334953,1.335096
2026-07-07T22:45:00Z,1.335078,1.335399,1.335042,1.335399
2026-07-07T23:00:00Z,1.335399,1.335452,1.335096,1.335131
2026-07-07T23:15:00Z,1.335060,1.335434,1.335060,1.335434
2026-07-07T23:30:00Z,1.335310,1.335399,1.335149,1.335149
2026-07-07T23:45:00Z,1.335220,1.335220,1.334615,1.334775
2026-07-08T00:00:00Z,1.334668,1.335007,1.334258,1.334882
2026-07-08T00:15:00Z,1.335007,1.335060,1.334579,1.334953
2026-07-08T00:30:00Z,1.334971,1.335452,1.334971,1.335345
2026-07-08T00:45:00Z,1.335274,1.335524,1.335274,1.335345
2026-07-08T01:00:00Z,1.335274,1.335506,1.335149,1.335345
2026-07-08T01:15:00Z,1.335327,1.335327,1.334971,1.334971
2026-07-08T01:30:00Z,1.334935,1.334935,1.334312,1.334401
2026-07-08T01:45:00Z,1.334704,1.335149,1.334668,1.335024
2026-07-08T02:00:00Z,1.335024,1.335256,1.334882,1.335131
2026-07-08T02:15:00Z,1.335292,1.335399,1.335113,1.335399
2026-07-08T02:30:00Z,1.335363,1.335488,1.335185,1.335399
2026-07-08T02:45:00Z,1.335363,1.335434,1.335220,1.335220
2026-07-08T03:00:00Z,1.335452,1.335773,1.335452,1.335773
2026-07-08T03:15:00Z,1.335898,1.335916,1.335738,1.335738
2026-07-08T03:30:00Z,1.335720,1.335720,1.335541,1.335559
2026-07-08T03:45:00Z,1.335631,1.335684,1.335452,1.335452
2026-07-08T04:00:00Z,1.335381,1.335381,1.335238,1.335256
2026-07-08T04:15:00Z,1.335274,1.335417,1.335149,1.335256
2026-07-08T04:30:00Z,1.335310,1.335506,1.335203,1.335381
2026-07-08T04:45:00Z,1.335381,1.335470,1.335327,1.335381
2026-07-08T05:00:00Z,1.335452,1.335880,1.335452,1.335541
2026-07-08T05:15:00Z,1.335524,1.335613,1.335238,1.335327
2026-07-08T05:30:00Z,1.335470,1.335863,1.335452,1.335791
2026-07-08T05:45:00Z,1.335863,1.335916,1.335524,1.335666
2026-07-08T06:00:00Z,1.336023,1.336095,1.335559,1.335791
2026-07-08T06:15:00Z,1.335934,1.336595,1.335916,1.336470
2026-07-08T06:30:00Z,1.336452,1.336577,1.336237,1.336327
2026-07-08T06:45:00Z,1.336327,1.336470,1.336005,1.336398
2026-07-08T07:00:00Z,1.336488,1.336488,1.335666,1.335970
2026-07-08T07:15:00Z,1.335880,1.336791,1.335880,1.336541
2026-07-08T07:30:00Z,1.336755,1.336970,1.336559,1.336898
2026-07-08T07:45:00Z,1.336720,1.337006,1.336559,1.336595
2026-07-08T08:00:00Z,1.336505,1.336988,1.336505,1.336773
2026-07-08T08:15:00Z,1.336881,1.336881,1.334597,1.335238
2026-07-08T08:30:00Z,1.335131,1.335256,1.334009,1.334543
2026-07-08T08:45:00Z,1.334935,1.335078,1.333814,1.334080
2026-07-08T09:00:00Z,1.333974,1.334205,1.332445,1.332445
2026-07-08T09:15:00Z,1.332569,1.333671,1.332569,1.333493
2026-07-08T09:30:00Z,1.333600,1.334294,1.333511,1.334258
2026-07-08T09:45:00Z,1.334437,1.334882,1.334294,1.334294
2026-07-08T10:00:00Z,1.334294,1.334686,1.334241,1.334365
2026-07-08T10:15:00Z,1.334241,1.335185,1.334223,1.334971
2026-07-08T10:30:00Z,1.335024,1.335648,1.335024,1.335613
2026-07-08T10:45:00Z,1.335613,1.335720,1.334793,1.334793
2026-07-08T11:00:00Z,1.334526,1.334704,1.334098,1.334098
2026-07-08T11:15:00Z,1.334294,1.334383,1.333814,1.334027
2026-07-08T11:30:00Z,1.333920,1.334258,1.333120,1.334258
2026-07-08T11:45:00Z,1.334152,1.334330,1.333476,1.333476
2026-07-08T12:00:00Z,1.333671,1.334917,1.333600,1.334793
2026-07-08T12:15:00Z,1.334793,1.335238,1.334793,1.335220
2026-07-08T12:30:00Z,1.335399,1.335399,1.334828,1.335310
2026-07-08T12:45:00Z,1.335345,1.335684,1.334187,1.334187
2026-07-08T13:00:00Z,1.334330,1.335167,1.334330,1.335042
2026-07-08T13:15:00Z,1.334900,1.336166,1.334437,1.336148
2026-07-08T13:30:00Z,1.336344,1.337685,1.336344,1.337327
2026-07-08T13:45:00Z,1.337345,1.337739,1.336738,1.336863
2026-07-08T14:00:00Z,1.337149,1.337560,1.337006,1.337131
2026-07-08T14:15:00Z,1.336827,1.337506,1.336827,1.337059
2026-07-08T14:30:00Z,1.336809,1.337220,1.336488,1.337023
2026-07-08T14:45:00Z,1.336898,1.337220,1.336791,1.337220
2026-07-08T15:00:00Z,1.337077,1.337453,1.336220,1.336220
2026-07-08T15:15:00Z,1.335898,1.336505,1.335791,1.336398
2026-07-08T15:30:00Z,1.336077,1.336344,1.335845,1.335952
2026-07-08T15:45:00Z,1.336041,1.336380,1.335934,1.336130
2026-07-08T16:00:00Z,1.336130,1.336612,1.336130,1.336612
2026-07-08T16:15:00Z,1.336434,1.337292,1.336434,1.337238
2026-07-08T16:30:00Z,1.337202,1.338151,1.337202,1.338151
2026-07-08T16:45:00Z,1.338401,1.338563,1.338151,1.338563
2026-07-08T17:00:00Z,1.338670,1.340393,1.338670,1.340285
2026-07-08T17:15:00Z,1.340034,1.340806,1.340034,1.340662
2026-07-08T17:30:00Z,1.340644,1.340716,1.340123,1.340123
2026-07-08T17:45:00Z,1.340051,1.340213,1.339674,1.339674
2026-07-08T18:00:00Z,1.339531,1.340501,1.339531,1.340501
2026-07-08T18:15:00Z,1.340429,1.340429,1.340213,1.340321
2026-07-08T18:30:00Z,1.340303,1.340501,1.340069,1.340501
2026-07-08T18:45:00Z,1.340518,1.340536,1.340016,1.340034
2026-07-08T19:00:00Z,1.340249,1.340590,1.340249,1.340447
2026-07-08T19:15:00Z,1.340518,1.340644,1.340357,1.340536
2026-07-08T19:30:00Z,1.340644,1.340788,1.340429,1.340429
2026-07-08T19:45:00Z,1.340195,1.340357,1.339854,1.340339
2026-07-08T20:00:00Z,1.340195,1.340411,1.339944,1.339944
2026-07-08T20:15:00Z,1.339908,1.339908,1.339405,1.339441
2026-07-08T20:30:00Z,1.339208,1.339208,1.338616,1.338867
2026-07-08T20:45:00Z,1.338814,1.338957,1.338688,1.338885
2026-07-08T21:00:00Z,1.339208,1.339621,1.338849,1.339226
2026-07-08T21:15:00Z,1.338975,1.339459,1.338724,1.339118
2026-07-08T21:30:00Z,1.339477,1.339477,1.338491,1.339136
2026-07-08T21:45:00Z,1.339172,1.339674,1.338957,1.339280
2026-07-08T22:00:00Z,1.339082,1.339172,1.338903,1.339136
2026-07-08T22:15:00Z,1.339154,1.339172,1.339029,1.339029
2026-07-08T22:30:00Z,1.339082,1.339316,1.339065,1.339136
2026-07-08T22:45:00Z,1.339100,1.339154,1.339082,1.339100
2026-07-08T23:00:00Z,1.339208,1.339244,1.339065,1.339118
2026-07-08T23:15:00Z,1.339082,1.339136,1.338975,1.339082
2026-07-08T23:30:00Z,1.339082,1.339387,1.339065,1.339369
2026-07-08T23:45:00Z,1.339280,1.339495,1.339262,1.339423
2026-07-09T00:00:00Z,1.339405,1.340285,1.339405,1.340285
2026-07-09T00:15:00Z,1.340303,1.340303,1.339998,1.340105
2026-07-09T00:30:00Z,1.340177,1.340375,1.339908,1.339908
2026-07-09T00:45:00Z,1.339746,1.339854,1.339621,1.339818
2026-07-09T01:00:00Z,1.339836,1.339926,1.339262,1.339262
2026-07-09T01:15:00Z,1.339298,1.339423,1.339011,1.339011
2026-07-09T01:30:00Z,1.338939,1.339441,1.338778,1.339316
2026-07-09T01:45:00Z,1.339262,1.339656,1.339208,1.339656
2026-07-09T02:00:00Z,1.339746,1.340034,1.339674,1.339890
2026-07-09T02:15:00Z,1.339890,1.340034,1.339872,1.339998
2026-07-09T02:30:00Z,1.339980,1.339980,1.339549,1.339585
2026-07-09T02:45:00Z,1.339746,1.339782,1.339513,1.339513
2026-07-09T03:00:00Z,1.339477,1.339603,1.339441,1.339549
2026-07-09T03:15:00Z,1.339387,1.339531,1.339100,1.339531
2026-07-09T03:30:00Z,1.339674,1.340105,1.339674,1.339746
2026-07-09T03:45:00Z,1.339800,1.339926,1.339585,1.339656
2026-07-09T04:00:00Z,1.339585,1.339836,1.339477,1.339692
2026-07-09T04:15:00Z,1.339728,1.339728,1.339477,1.339728
2026-07-09T04:30:00Z,1.339746,1.339872,1.339674,1.339746
2026-07-09T04:45:00Z,1.339728,1.339998,1.339728,1.339926
2026-07-09T05:00:00Z,1.339944,1.340644,1.339944,1.340518
2026-07-09T05:15:00Z,1.340590,1.340644,1.340195,1.340626
2026-07-09T05:30:00Z,1.340644,1.340770,1.340267,1.340339
2026-07-09T05:45:00Z,1.340447,1.340698,1.340447,1.340465
2026-07-09T06:00:00Z,1.340842,1.341130,1.340824,1.340896
2026-07-09T06:15:00Z,1.340914,1.342877,1.340914,1.342534
2026-07-09T06:30:00Z,1.342372,1.342931,1.342264,1.342462
2026-07-09T06:45:00Z,1.342552,1.342732,1.342210,1.342354
2026-07-09T07:00:00Z,1.342624,1.342624,1.341832,1.342300
2026-07-09T07:15:00Z,1.342192,1.342732,1.342156,1.342570
2026-07-09T07:30:00Z,1.342588,1.342588,1.341886,1.341886
2026-07-09T07:45:00Z,1.341940,1.341940,1.341238,1.341490
2026-07-09T08:00:00Z,1.341580,1.342138,1.341400,1.341688
2026-07-09T08:15:00Z,1.341940,1.342030,1.341544,1.341904
2026-07-09T08:30:00Z,1.341850,1.342120,1.341706,1.341742
2026-07-09T08:45:00Z,1.341814,1.341814,1.341202,1.341346
2026-07-09T09:00:00Z,1.341418,1.341562,1.340986,1.341238
2026-07-09T09:15:00Z,1.341202,1.341580,1.341166,1.341544
2026-07-09T09:30:00Z,1.341508,1.341508,1.340734,1.340968
2026-07-09T09:45:00Z,1.341184,1.341526,1.340950,1.341220
2026-07-09T10:00:00Z,1.341238,1.341238,1.340752,1.340824
2026-07-09T10:15:00Z,1.340806,1.340842,1.340429,1.340429
2026-07-09T10:30:00Z,1.340321,1.340842,1.340285,1.340285
2026-07-09T10:45:00Z,1.340339,1.340536,1.339513,1.339621
2026-07-09T11:00:00Z,1.339549,1.339549,1.339118,1.339208
2026-07-09T11:15:00Z,1.339208,1.339513,1.338724,1.338724
2026-07-09T11:30:00Z,1.338652,1.339262,1.338652,1.339011
2026-07-09T11:45:00Z,1.339082,1.339208,1.338832,1.338903
2026-07-09T12:00:00Z,1.339082,1.339621,1.339029,1.339405
2026-07-09T12:15:00Z,1.339549,1.339549,1.339136,1.339334
2026-07-09T12:30:00Z,1.339495,1.339836,1.339118,1.339172
2026-07-09T12:45:00Z,1.339316,1.339441,1.338151,1.338473
2026-07-09T13:00:00Z,1.338706,1.339280,1.338616,1.339280
2026-07-09T13:15:00Z,1.339531,1.340034,1.339423,1.339926
2026-07-09T13:30:00Z,1.339944,1.339962,1.339387,1.339441
2026-07-09T13:45:00Z,1.339728,1.340249,1.339495,1.340177
2026-07-09T14:00:00Z,1.340303,1.341058,1.340231,1.340231
2026-07-09T14:15:00Z,1.340034,1.340339,1.339656,1.340231
2026-07-09T14:30:00Z,1.339872,1.340231,1.339728,1.339890
2026-07-09T14:45:00Z,1.339872,1.339872,1.338885,1.339226
2026-07-09T15:00:00Z,1.339154,1.339926,1.338814,1.339656
2026-07-09T15:15:00Z,1.339710,1.339836,1.339190,1.339782
2026-07-09T15:30:00Z,1.339854,1.340339,1.339656,1.340339
2026-07-09T15:45:00Z,1.340321,1.340788,1.340321,1.340788
2026-07-09T16:00:00Z,1.340824,1.341094,1.340788,1.341094
2026-07-09T16:15:00Z,1.341256,1.341256,1.340339,1.340518
2026-07-09T16:30:00Z,1.340375,1.341040,1.340375,1.341040
2026-07-09T16:45:00Z,1.341166,1.341202,1.341022,1.341130
2026-07-09T17:00:00Z,1.341184,1.341238,1.340896,1.341022
2026-07-09T17:15:00Z,1.340968,1.341490,1.340968,1.341490
2026-07-09T17:30:00Z,1.341508,1.341526,1.341292,1.341346
2026-07-09T17:45:00Z,1.341418,1.341652,1.341418,1.341580
2026-07-09T18:00:00Z,1.341724,1.341976,1.341688,1.341868
2026-07-09T18:15:00Z,1.341850,1.341958,1.341256,1.341256
2026-07-09T18:30:00Z,1.341238,1.341436,1.341130,1.341418
2026-07-09T18:45:00Z,1.341400,1.341652,1.341400,1.341616
2026-07-09T19:00:00Z,1.341706,1.341706,1.341310,1.341364
2026-07-09T19:15:00Z,1.341508,1.341616,1.341112,1.341112
2026-07-09T19:30:00Z,1.341022,1.341040,1.340662,1.340662
2026-07-09T19:45:00Z,1.340590,1.340842,1.340554,1.340842
2026-07-09T20:00:00Z,1.340896,1.341076,1.340878,1.341076
2026-07-09T20:15:00Z,1.341022,1.341148,1.341004,1.341004
2026-07-09T20:30:00Z,1.340932,1.341094,1.340932,1.340986
2026-07-09T20:45:00Z,1.340986,1.341022,1.340824,1.340968
2026-07-09T21:00:00Z,1.340644,1.341274,1.340644,1.341274
2026-07-09T21:15:00Z,1.341076,1.341310,1.340626,1.340932
2026-07-09T21:30:00Z,1.340968,1.341058,1.340357,1.340572
2026-07-09T21:45:00Z,1.340806,1.341130,1.340177,1.340554
2026-07-09T22:00:00Z,1.340752,1.341220,1.340752,1.341076
2026-07-09T22:15:00Z,1.340896,1.341274,1.340896,1.341184
2026-07-09T22:30:00Z,1.341166,1.341256,1.341166,1.341256
2026-07-09T22:45:00Z,1.341238,1.341328,1.341238,1.341310
2026-07-09T23:00:00Z,1.341292,1.341364,1.341256,1.341346
2026-07-09T23:15:00Z,1.341328,1.341364,1.341112,1.341184
2026-07-09T23:30:00Z,1.341166,1.341346,1.341112,1.341346
2026-07-09T23:45:00Z,1.341292,1.341346,1.341220,1.341346
2026-07-10T00:00:00Z,1.341400,1.341400,1.340986,1.340986
2026-07-10T00:15:00Z,1.341022,1.341040,1.340914,1.340968
2026-07-10T00:30:00Z,1.341022,1.341544,1.340914,1.341544
2026-07-10T00:45:00Z,1.341778,1.342480,1.341670,1.342336
2026-07-10T01:00:00Z,1.342264,1.342805,1.342102,1.342805
2026-07-10T01:15:00Z,1.343039,1.343274,1.342696,1.342805
2026-07-10T01:30:00Z,1.342750,1.343147,1.342714,1.342913
2026-07-10T01:45:00Z,1.342805,1.343815,1.342750,1.343707
2026-07-10T02:00:00Z,1.343508,1.344664,1.343508,1.344646
2026-07-10T02:15:00Z,1.344899,1.345098,1.344664,1.344682
2026-07-10T02:30:00Z,1.344646,1.344809,1.344339,1.344719
2026-07-10T02:45:00Z,1.344918,1.345153,1.344827,1.344899
2026-07-10T03:00:00Z,1.344954,1.345080,1.344646,1.344664
2026-07-10T03:15:00Z,1.344610,1.344610,1.344357,1.344556
2026-07-10T03:30:00Z,1.344719,1.344755,1.344483,1.344520
2026-07-10T03:45:00Z,1.344520,1.344520,1.343923,1.343960
2026-07-10T04:00:00Z,1.343887,1.343887,1.343653,1.343797
2026-07-10T04:15:00Z,1.343725,1.343725,1.343346,1.343418
2026-07-10T04:30:00Z,1.343490,1.343490,1.343021,1.343021
2026-07-10T04:45:00Z,1.343165,1.343165,1.342823,1.343039
2026-07-10T05:00:00Z,1.343039,1.343400,1.342985,1.343039
2026-07-10T05:15:00Z,1.343075,1.343075,1.342696,1.342696
2026-07-10T05:30:00Z,1.342696,1.342696,1.342228,1.342552
2026-07-10T05:45:00Z,1.342552,1.342931,1.342534,1.342805
2026-07-10T06:00:00Z,1.342949,1.343580,1.342877,1.343562
2026-07-10T06:15:00Z,1.343346,1.343562,1.342823,1.342823
2026-07-10T06:30:00Z,1.342859,1.343400,1.342805,1.342805
2026-07-10T06:45:00Z,1.342624,1.342823,1.342534,1.342696
2026-07-10T07:00:00Z,1.342660,1.342931,1.342480,1.342823
2026-07-10T07:15:00Z,1.342552,1.342949,1.342462,1.342588
2026-07-10T07:30:00Z,1.342696,1.343075,1.342606,1.342949
2026-07-10T07:45:00Z,1.342913,1.342913,1.342156,1.342156
2026-07-10T08:00:00Z,1.342120,1.342660,1.341904,1.341904
2026-07-10T08:15:00Z,1.341814,1.342012,1.341346,1.341544
2026-07-10T08:30:00Z,1.341706,1.341796,1.341166,1.341310
2026-07-10T08:45:00Z,1.341382,1.341382,1.341058,1.341058
2026-07-10T09:00:00Z,1.341166,1.341472,1.340950,1.341472
2026-07-10T09:15:00Z,1.341454,1.341652,1.341310,1.341562
2026-07-10T09:30:00Z,1.341508,1.341580,1.341256,1.341328
2026-07-10T09:45:00Z,1.341418,1.341436,1.341022,1.341022
2026-07-10T10:00:00Z,1.341112,1.341526,1.341112,1.341508
2026-07-10T10:15:00Z,1.341544,1.342246,1.341544,1.342246
2026-07-10T10:30:00Z,1.342336,1.342336,1.341940,1.342084
2026-07-10T10:45:00Z,1.341994,1.343490,1.341832,1.343490
2026-07-10T11:00:00Z,1.343580,1.343707,1.342913,1.343111
2026-07-10T11:15:00Z,1.342967,1.343039,1.342336,1.342534
2026-07-10T11:30:00Z,1.342246,1.342426,1.341814,1.342228
2026-07-10T11:45:00Z,1.342228,1.342787,1.342228,1.342660
2026-07-10T12:00:00Z,1.342750,1.343093,1.342102,1.343093
2026-07-10T12:15:00Z,1.342787,1.342787,1.342390,1.342390
2026-07-10T12:30:00Z,1.342300,1.342354,1.341814,1.341868
2026-07-10T12:45:00Z,1.341814,1.342066,1.341634,1.342066
2026-07-10T13:00:00Z,1.342048,1.342048,1.341202,1.341436
2026-07-10T13:15:00Z,1.341472,1.341598,1.341238,1.341310
2026-07-10T13:30:00Z,1.341364,1.341850,1.341130,1.341724
2026-07-10T13:45:00Z,1.341598,1.341598,1.340626,1.340626
2026-07-10T14:00:00Z,1.340339,1.340626,1.340195,1.340626
2026-07-10T14:15:00Z,1.340536,1.341346,1.340536,1.341274
2026-07-10T14:30:00Z,1.341184,1.341400,1.339908,1.341148
2026-07-10T14:45:00Z,1.340914,1.341076,1.340518,1.341076
2026-07-10T15:00:00Z,1.340968,1.341400,1.340914,1.341364
2026-07-10T15:15:00Z,1.341526,1.342102,1.341526,1.341832
2026-07-10T15:30:00Z,1.341994,1.342174,1.341778,1.341994
2026-07-10T15:45:00Z,1.341976,1.342228,1.341796,1.342138
2026-07-10T16:00:00Z,1.342120,1.342300,1.342030,1.342174
2026-07-10T16:15:00Z,1.342264,1.342300,1.341652,1.342066
2026-07-10T16:30:00Z,1.342066,1.342120,1.341832,1.341832
2026-07-10T16:45:00Z,1.341814,1.341886,1.341112,1.341112
2026-07-10T17:00:00Z,1.341184,1.341310,1.340608,1.340644
2026-07-10T17:15:00Z,1.340752,1.340788,1.340177,1.340375
2026-07-10T17:30:00Z,1.340357,1.340411,1.340016,1.340285
2026-07-10T17:45:00Z,1.340303,1.340501,1.339998,1.339998
2026-07-10T18:00:00Z,1.340105,1.340105,1.339908,1.339980
2026-07-10T18:15:00Z,1.339980,1.340105,1.339782,1.339782
2026-07-10T18:30:00Z,1.339746,1.339926,1.339334,1.339334
2026-07-10T18:45:00Z,1.339549,1.339818,1.339477,1.339782
2026-07-10T19:00:00Z,1.339890,1.339890,1.339531,1.339531
2026-07-10T19:15:00Z,1.339603,1.339818,1.339603,1.339800
2026-07-10T19:30:00Z,1.339818,1.339836,1.339692,1.339692
2026-07-10T19:45:00Z,1.339674,1.339998,1.339621,1.339998
2026-07-10T20:00:00Z,1.339998,1.340069,1.339800,1.339800
2026-07-10T20:15:00Z,1.339980,1.340034,1.339854,1.339854
2026-07-10T20:30:00Z,1.339728,1.339728,1.339405,1.339639
2026-07-10T20:45:00Z,1.339621,1.340177,1.339585,1.340177
2026-07-10T21:00:00Z,1.339818,1.339818,1.339818,1.339818
2026-07-10T21:15:00Z,1.339818,1.339818,1.339818,1.339818
2026-07-12T23:00:00Z,1.337542,1.337542,1.337310,1.337453
2026-07-12T23:15:00Z,1.337542,1.337739,1.337542,1.337596
2026-07-12T23:30:00Z,1.337667,1.337972,1.337578,1.337954
2026-07-12T23:45:00Z,1.337864,1.338634,1.337864,1.338634
2026-07-13T00:00:00Z,1.338688,1.338688,1.338384,1.338437
2026-07-13T00:15:00Z,1.338384,1.338616,1.338007,1.338455
2026-07-13T00:30:00Z,1.338348,1.338491,1.337811,1.337829
2026-07-13T00:45:00Z,1.337900,1.338061,1.337632,1.337632
2026-07-13T01:00:00Z,1.337560,1.337560,1.337059,1.337310
2026-07-13T01:15:00Z,1.337274,1.337489,1.336970,1.337220
2026-07-13T01:30:00Z,1.337363,1.338043,1.337363,1.338043
2026-07-13T01:45:00Z,1.337990,1.338366,1.337990,1.338294
2026-07-13T02:00:00Z,1.338437,1.338437,1.337793,1.338007
2026-07-13T02:15:00Z,1.337900,1.338169,1.337829,1.337846
2026-07-13T02:30:00Z,1.338007,1.338384,1.337882,1.338312
2026-07-13T02:45:00Z,1.338401,1.338401,1.337829,1.337882
2026-07-13T03:00:00Z,1.337739,1.337775,1.337238,1.337292
2026-07-13T03:15:00Z,1.337506,1.337703,1.337506,1.337632
2026-07-13T03:30:00Z,1.337649,1.337793,1.337649,1.337793
2026-07-13T03:45:00Z,1.337775,1.337972,1.337703,1.337829
2026-07-13T04:00:00Z,1.337882,1.337882,1.337614,1.337757
2026-07-13T04:15:00Z,1.337846,1.338025,1.337811,1.337990
2026-07-13T04:30:00Z,1.338204,1.338276,1.338043,1.338043
2026-07-13T04:45:00Z,1.338025,1.338491,1.338025,1.338473
2026-07-13T05:00:00Z,1.338437,1.338760,1.338437,1.338760
2026-07-13T05:15:00Z,1.338652,1.338652,1.338007,1.338007
2026-07-13T05:30:00Z,1.338007,1.338330,1.338007,1.338061
2026-07-13T05:45:00Z,1.337990,1.338491,1.337882,1.337954
2026-07-13T06:00:00Z,1.338043,1.338133,1.337882,1.337900
2026-07-13T06:15:00Z,1.337972,1.338814,1.337972,1.338814
2026-07-13T06:30:00Z,1.338885,1.339244,1.338652,1.338652
2026-07-13T06:45:00Z,1.338527,1.338527,1.337524,1.337793
2026-07-13T07:00:00Z,1.338007,1.338832,1.337900,1.338509
2026-07-13T07:15:00Z,1.338616,1.338706,1.338384,1.338706
2026-07-13T07:30:00Z,1.338598,1.339190,1.338025,1.338652
2026-07-13T07:45:00Z,1.338616,1.339585,1.338545,1.339351
2026-07-13T08:00:00Z,1.339369,1.340680,1.339369,1.340644
2026-07-13T08:15:00Z,1.340518,1.341202,1.339980,1.339980
2026-07-13T08:30:00Z,1.339908,1.340177,1.339836,1.339836
2026-07-13T08:45:00Z,1.340069,1.340231,1.339549,1.339549
2026-07-13T09:00:00Z,1.339495,1.339603,1.339154,1.339262
2026-07-13T09:15:00Z,1.339172,1.339369,1.338598,1.338849
2026-07-13T09:30:00Z,1.338957,1.339387,1.338778,1.339011
2026-07-13T09:45:00Z,1.339118,1.339172,1.338832,1.339065
2026-07-13T10:00:00Z,1.339136,1.339316,1.338993,1.339136
2026-07-13T10:15:00Z,1.338814,1.338814,1.338294,1.338294
2026-07-13T10:30:00Z,1.338366,1.338778,1.338330,1.338724
2026-07-13T10:45:00Z,1.338670,1.339692,1.338670,1.339692
2026-07-13T11:00:00Z,1.339998,1.340267,1.339351,1.339513
2026-07-13T11:15:00Z,1.339567,1.339567,1.338724,1.339244
2026-07-13T11:30:00Z,1.339190,1.339549,1.339100,1.339549
2026-07-13T11:45:00Z,1.339531,1.339639,1.339369,1.339423
2026-07-13T12:00:00Z,1.339459,1.339585,1.338491,1.338634
2026-07-13T12:15:00Z,1.338688,1.339172,1.338563,1.338975
2026-07-13T12:30:00Z,1.339100,1.339656,1.339029,1.339585
2026-07-13T12:45:00Z,1.339567,1.339782,1.339172,1.339782
2026-07-13T13:00:00Z,1.340016,1.340016,1.339280,1.339316
2026-07-13T13:15:00Z,1.339369,1.339800,1.339316,1.339603
2026-07-13T13:30:00Z,1.339423,1.339782,1.338670,1.338724
2026-07-13T13:45:00Z,1.338760,1.339100,1.338545,1.338652
2026-07-13T14:00:00Z,1.338563,1.338616,1.337918,1.337918
2026-07-13T14:15:00Z,1.338097,1.338097,1.336934,1.337775
2026-07-13T14:30:00Z,1.337954,1.337954,1.336881,1.337095
2026-07-13T14:45:00Z,1.337256,1.337775,1.336809,1.337506
2026-07-13T15:00:00Z,1.337918,1.337918,1.337292,1.337292
2026-07-13T15:15:00Z,1.337327,1.337864,1.337077,1.337829
2026-07-13T15:30:00Z,1.337864,1.338061,1.337649,1.337972
2026-07-13T15:45:00Z,1.337882,1.338204,1.337649,1.338169
2026-07-13T16:00:00Z,1.338097,1.338401,1.338025,1.338294
2026-07-13T16:15:00Z,1.338294,1.338294,1.337417,1.337417
2026-07-13T16:30:00Z,1.337059,1.337059,1.335898,1.336755
2026-07-13T16:45:00Z,1.336898,1.336898,1.335987,1.336220
2026-07-13T17:00:00Z,1.336291,1.336595,1.336059,1.336309
2026-07-13T17:15:00Z,1.336291,1.336380,1.336077,1.336166
2026-07-13T17:30:00Z,1.336095,1.336220,1.335880,1.336112
2026-07-13T17:45:00Z,1.336202,1.336309,1.335791,1.336005
2026-07-13T18:00:00Z,1.335898,1.336059,1.335595,1.335845
2026-07-13T18:15:00Z,1.335773,1.335880,1.335541,1.335773
2026-07-13T18:30:00Z,1.335791,1.336112,1.335773,1.336005
2026-07-13T18:45:00Z,1.336005,1.336130,1.335863,1.336005
2026-07-13T19:00:00Z,1.336059,1.336095,1.335363,1.335434
2026-07-13T19:15:00Z,1.335327,1.335559,1.335292,1.335506
2026-07-13T19:30:00Z,1.335417,1.335488,1.335256,1.335452
2026-07-13T19:45:00Z,1.335434,1.335434,1.335238,1.335363
2026-07-13T20:00:00Z,1.335345,1.335541,1.334989,1.334989
2026-07-13T20:15:00Z,1.334989,1.334989,1.334454,1.334508
2026-07-13T20:30:00Z,1.334543,1.334579,1.334383,1.334561
2026-07-13T20:45:00Z,1.334721,1.334721,1.334490,1.334721
2026-07-13T21:00:00Z,1.334294,1.335845,1.334294,1.335845
2026-07-13T21:15:00Z,1.335845,1.335845,1.334864,1.335488
2026-07-13T21:30:00Z,1.335345,1.335417,1.334757,1.335131
2026-07-13T21:45:00Z,1.335274,1.335274,1.334757,1.335024
2026-07-13T22:00:00Z,1.334739,1.335149,1.334739,1.334882
2026-07-13T22:15:00Z,1.334971,1.335220,1.334935,1.335185
2026-07-13T22:30:00Z,1.335185,1.335345,1.335024,1.335345
2026-07-13T22:45:00Z,1.335327,1.335327,1.334882,1.334882
2026-07-13T23:00:00Z,1.334864,1.335060,1.334864,1.334971
2026-07-13T23:15:00Z,1.334917,1.334917,1.334739,1.334810
2026-07-13T23:30:00Z,1.334810,1.335131,1.334793,1.335131
2026-07-13T23:45:00Z,1.335007,1.335007,1.334775,1.334989
2026-07-14T00:00:00Z,1.335078,1.335292,1.334775,1.335203
2026-07-14T00:15:00Z,1.335167,1.335167,1.334312,1.334472
2026-07-14T00:30:00Z,1.334472,1.335078,1.334472,1.335078
2026-07-14T00:45:00Z,1.335381,1.335702,1.335327,1.335434
2026-07-14T01:00:00Z,1.335203,1.335470,1.335203,1.335327
2026-07-14T01:15:00Z,1.335327,1.335755,1.335327,1.335363
2026-07-14T01:30:00Z,1.335274,1.335434,1.335220,1.335399
2026-07-14T01:45:00Z,1.335488,1.335666,1.335399,1.335541
2026-07-14T02:00:00Z,1.335559,1.335755,1.335559,1.335755
2026-07-14T02:15:00Z,1.335791,1.336005,1.335791,1.336005
2026-07-14T02:30:00Z,1.335916,1.336023,1.335791,1.335916
2026-07-14T02:45:00Z,1.335845,1.335916,1.335738,1.335773
2026-07-14T03:00:00Z,1.335720,1.335934,1.335524,1.335809
2026-07-14T03:15:00Z,1.335773,1.335880,1.335577,1.335880
2026-07-14T03:30:00Z,1.335880,1.336362,1.335880,1.336148
2026-07-14T03:45:00Z,1.336130,1.336273,1.336095,1.336095
2026-07-14T04:00:00Z,1.336095,1.336291,1.335880,1.336041
2026-07-14T04:15:00Z,1.336023,1.336255,1.336023,1.336184
2026-07-14T04:30:00Z,1.336005,1.336220,1.336005,1.336112
2026-07-14T04:45:00Z,1.336095,1.336148,1.335720,1.336005
2026-07-14T05:00:00Z,1.336041,1.336255,1.335970,1.336255
2026-07-14T05:15:00Z,1.336255,1.336630,1.336255,1.336630
2026-07-14T05:30:00Z,1.336702,1.336970,1.336702,1.336898
2026-07-14T05:45:00Z,1.336863,1.336863,1.336344,1.336344
2026-07-14T06:00:00Z,1.336309,1.336470,1.336023,1.336023
2026-07-14T06:15:00Z,1.336023,1.336023,1.335434,1.335434
2026-07-14T06:30:00Z,1.335417,1.336166,1.335417,1.335827
2026-07-14T06:45:00Z,1.335666,1.335845,1.335488,1.335720
2026-07-14T07:00:00Z,1.335595,1.336005,1.335292,1.335292
2026-07-14T07:15:00Z,1.335292,1.336041,1.335292,1.336041
2026-07-14T07:30:00Z,1.335880,1.336237,1.335613,1.336023
2026-07-14T07:45:00Z,1.336112,1.336434,1.335720,1.335738
2026-07-14T08:00:00Z,1.335755,1.336005,1.335666,1.335970
2026-07-14T08:15:00Z,1.335809,1.336184,1.335595,1.336059
2026-07-14T08:30:00Z,1.336220,1.337381,1.336220,1.337327
2026-07-14T08:45:00Z,1.337489,1.337614,1.337327,1.337489
2026-07-14T09:00:00Z,1.337506,1.338097,1.337506,1.337972
2026-07-14T09:15:00Z,1.338025,1.338025,1.337614,1.337990
2026-07-14T09:30:00Z,1.337864,1.338043,1.337596,1.337596
2026-07-14T09:45:00Z,1.337453,1.338366,1.337453,1.338025
2026-07-14T10:00:00Z,1.337972,1.338204,1.337775,1.337775
2026-07-14T10:15:00Z,1.337793,1.337918,1.337596,1.337685
2026-07-14T10:30:00Z,1.337775,1.337829,1.337542,1.337649
2026-07-14T10:45:00Z,1.337739,1.337739,1.337095,1.337238
2026-07-14T11:00:00Z,1.337310,1.337310,1.336434,1.337202
2026-07-14T11:15:00Z,1.337220,1.337721,1.337220,1.337667
2026-07-14T11:30:00Z,1.337685,1.338079,1.337345,1.337345
2026-07-14T11:45:00Z,1.337990,1.338706,1.337990,1.338437
2026-07-14T12:00:00Z,1.338473,1.338670,1.338258,1.338330
2026-07-14T12:15:00Z,1.338097,1.338993,1.338097,1.338849
2026-07-14T12:30:00Z,1.342913,1.343833,1.341436,1.343093
2026-07-14T12:45:00Z,1.343274,1.343761,1.340536,1.340536
2026-07-14T13:00:00Z,1.340860,1.341850,1.340554,1.340554
2026-07-14T13:15:00Z,1.340249,1.340968,1.340195,1.340267
2026-07-14T13:30:00Z,1.340357,1.341472,1.340285,1.341472
2026-07-14T13:45:00Z,1.341382,1.341922,1.341184,1.341796
2026-07-14T14:00:00Z,1.341544,1.342228,1.341544,1.341706
2026-07-14T14:15:00Z,1.341634,1.341634,1.340554,1.340608
2026-07-14T14:30:00Z,1.339872,1.341004,1.339872,1.340932
2026-07-14T14:45:00Z,1.341004,1.341094,1.340483,1.340698
2026-07-14T15:00:00Z,1.340572,1.340896,1.340249,1.340734
2026-07-14T15:15:00Z,1.340770,1.340770,1.339477,1.339710
2026-07-14T15:30:00Z,1.339764,1.339764,1.338634,1.338652
2026-07-14T15:45:00Z,1.338832,1.339118,1.338151,1.338169
2026-07-14T16:00:00Z,1.338294,1.338348,1.337578,1.338348
2026-07-14T16:15:00Z,1.338348,1.338473,1.337990,1.338473
2026-07-14T16:30:00Z,1.338814,1.339244,1.338814,1.338939
2026-07-14T16:45:00Z,1.338832,1.339100,1.338616,1.339011
2026-07-14T17:00:00Z,1.338957,1.339011,1.337811,1.337811
2026-07-14T17:15:00Z,1.337578,1.337811,1.336970,1.337757
2026-07-14T17:30:00Z,1.337775,1.338025,1.337667,1.338025
2026-07-14T17:45:00Z,1.338043,1.338312,1.337739,1.337739
2026-07-14T18:00:00Z,1.337757,1.338258,1.337757,1.338258
2026-07-14T18:15:00Z,1.338294,1.338384,1.338025,1.338079
2026-07-14T18:30:00Z,1.338133,1.338294,1.337310,1.337310
2026-07-14T18:45:00Z,1.337524,1.338240,1.337489,1.338240
2026-07-14T19:00:00Z,1.338348,1.338598,1.338187,1.338598
2026-07-14T19:15:00Z,1.338527,1.338760,1.338455,1.338760
2026-07-14T19:30:00Z,1.338652,1.338778,1.338419,1.338778
2026-07-14T19:45:00Z,1.338760,1.339154,1.338760,1.338975
2026-07-14T20:00:00Z,1.338814,1.338993,1.338724,1.338993
2026-07-14T20:15:00Z,1.338921,1.338975,1.338670,1.338670
2026-07-14T20:30:00Z,1.338867,1.339047,1.338796,1.338939
2026-07-14T20:45:00Z,1.338903,1.339208,1.338885,1.339208
2026-07-14T21:00:00Z,1.338742,1.338742,1.338222,1.338240
2026-07-14T21:15:00Z,1.338240,1.339047,1.337864,1.338903
2026-07-14T21:30:00Z,1.338706,1.339082,1.338473,1.338885
2026-07-14T21:45:00Z,1.338939,1.338939,1.338491,1.338706
2026-07-14T22:00:00Z,1.338957,1.339100,1.338760,1.339082
2026-07-14T22:15:00Z,1.339100,1.339459,1.338957,1.339387
2026-07-14T22:30:00Z,1.339423,1.339513,1.339298,1.339316
2026-07-14T22:45:00Z,1.339423,1.339423,1.339011,1.339011
2026-07-14T23:00:00Z,1.339136,1.339369,1.339100,1.339369
2026-07-14T23:15:00Z,1.339351,1.339405,1.339244,1.339316
2026-07-14T23:30:00Z,1.339441,1.339656,1.339351,1.339656
2026-07-14T23:45:00Z,1.339639,1.339728,1.339567,1.339621
2026-07-15T00:00:00Z,1.339621,1.339728,1.339531,1.339639
2026-07-15T00:15:00Z,1.339674,1.339980,1.339674,1.339980
2026-07-15T00:30:00Z,1.339926,1.339962,1.339567,1.339567
2026-07-15T00:45:00Z,1.339621,1.340429,1.339621,1.340429
2026-07-15T01:00:00Z,1.340501,1.340572,1.340195,1.340536
2026-07-15T01:15:00Z,1.340536,1.340536,1.340267,1.340267
2026-07-15T01:30:00Z,1.340195,1.340339,1.339980,1.339980
2026-07-15T01:45:00Z,1.340069,1.340249,1.339980,1.340249
2026-07-15T02:00:00Z,1.340267,1.340536,1.340195,1.340447
2026-07-15T02:15:00Z,1.340303,1.340303,1.340069,1.340249
2026-07-15T02:30:00Z,1.340249,1.340914,1.340231,1.340824
2026-07-15T02:45:00Z,1.340842,1.340842,1.340662,1.340734
2026-07-15T03:00:00Z,1.340662,1.340896,1.340375,1.340375
2026-07-15T03:15:00Z,1.340393,1.340393,1.339926,1.340141
2026-07-15T03:30:00Z,1.340123,1.340267,1.340087,1.340087
2026-07-15T03:45:00Z,1.340034,1.340465,1.340034,1.340447
2026-07-15T04:00:00Z,1.340465,1.340536,1.340285,1.340339
2026-07-15T04:15:00Z,1.340321,1.340518,1.340321,1.340518
2026-07-15T04:30:00Z,1.340465,1.340572,1.340339,1.340375
2026-07-15T04:45:00Z,1.340375,1.340536,1.340285,1.340285
2026-07-15T05:00:00Z,1.340267,1.340339,1.340123,1.340339
2026-07-15T05:15:00Z,1.340375,1.340590,1.340375,1.340483
2026-07-15T05:30:00Z,1.340483,1.341148,1.340465,1.341148
2026-07-15T05:45:00Z,1.341220,1.341472,1.341148,1.341148
2026-07-15T06:00:00Z,1.341184,1.341652,1.341184,1.341652
2026-07-15T06:15:00Z,1.341706,1.342084,1.341688,1.341886
2026-07-15T06:30:00Z,1.341796,1.341796,1.341238,1.341652
2026-07-15T06:45:00Z,1.341616,1.341778,1.341382,1.341742
2026-07-15T07:00:00Z,1.341508,1.341868,1.341058,1.341616
2026-07-15T07:15:00Z,1.341562,1.341598,1.340357,1.340590
2026-07-15T07:30:00Z,1.340914,1.341220,1.340554,1.340644
2026-07-15T07:45:00Z,1.340429,1.340554,1.340249,1.340267
2026-07-15T08:00:00Z,1.340267,1.340734,1.339692,1.339692
2026-07-15T08:15:00Z,1.339656,1.339980,1.339621,1.339980
2026-07-15T08:30:00Z,1.340105,1.340159,1.339513,1.339549
2026-07-15T08:45:00Z,1.339567,1.339621,1.339298,1.339621
2026-07-15T09:00:00Z,1.339728,1.339872,1.339549,1.339872
2026-07-15T09:15:00Z,1.339656,1.339692,1.339423,1.339423
2026-07-15T09:30:00Z,1.339387,1.339405,1.338957,1.339208
2026-07-15T09:45:00Z,1.339208,1.339387,1.339118,1.339172
2026-07-15T10:00:00Z,1.339136,1.339136,1.338527,1.338706
2026-07-15T10:15:00Z,1.338634,1.338921,1.338097,1.338258
2026-07-15T10:30:00Z,1.338276,1.338814,1.338276,1.338616
2026-07-15T10:45:00Z,1.338832,1.340016,1.338832,1.339674
2026-07-15T11:00:00Z,1.339998,1.340123,1.339818,1.339962
2026-07-15T11:15:00Z,1.339854,1.339962,1.339674,1.339746
2026-07-15T11:30:00Z,1.339836,1.340375,1.339728,1.340303
2026-07-15T11:45:00Z,1.340393,1.341508,1.340357,1.341508
2026-07-15T12:00:00Z,1.341112,1.341310,1.340536,1.340824
2026-07-15T12:15:00Z,1.340932,1.341310,1.340716,1.340752
2026-07-15T12:30:00Z,1.341202,1.342102,1.341184,1.342102
2026-07-15T12:45:00Z,1.342138,1.342967,1.342120,1.342967
2026-07-15T13:00:00Z,1.342877,1.343689,1.342732,1.342931
2026-07-15T13:15:00Z,1.342895,1.343256,1.342336,1.342552
2026-07-15T13:30:00Z,1.342534,1.343256,1.342534,1.343201
2026-07-15T13:45:00Z,1.343165,1.344827,1.343165,1.344610
2026-07-15T14:00:00Z,1.344249,1.344447,1.343960,1.344267
2026-07-15T14:15:00Z,1.344303,1.344773,1.344158,1.344357
2026-07-15T14:30:00Z,1.344556,1.346294,1.344556,1.346257
2026-07-15T14:45:00Z,1.346747,1.348145,1.346692,1.348109
2026-07-15T15:00:00Z,1.347945,1.348181,1.347854,1.347872
2026-07-15T15:15:00Z,1.347346,1.348690,1.347255,1.348563
2026-07-15T15:30:00Z,1.348854,1.349200,1.348563,1.349200
2026-07-15T15:45:00Z,1.349091,1.349783,1.349073,1.349637
2026-07-15T16:00:00Z,1.349601,1.350020,1.349528,1.349856
2026-07-15T16:15:00Z,1.349655,1.351078,1.349655,1.351078
2026-07-15T16:30:00Z,1.351187,1.351388,1.350858,1.351023
2026-07-15T16:45:00Z,1.350986,1.352722,1.350986,1.352704
2026-07-15T17:00:00Z,1.352612,1.354224,1.352612,1.353400
2026-07-15T17:15:00Z,1.353363,1.353620,1.353052,1.353052
2026-07-15T17:30:00Z,1.353436,1.354500,1.353436,1.354371
2026-07-15T17:45:00Z,1.354243,1.354903,1.354243,1.354885
2026-07-15T18:00:00Z,1.354867,1.355436,1.354867,1.355050
2026-07-15T18:15:00Z,1.355124,1.355840,1.355124,1.355473
2026-07-15T18:30:00Z,1.355436,1.355638,1.354610,1.354610
2026-07-15T18:45:00Z,1.354481,1.354481,1.353821,1.353821
2026-07-15T19:00:00Z,1.353675,1.354445,1.353675,1.354280
2026-07-15T19:15:00Z,1.354335,1.354335,1.353638,1.353821
2026-07-15T19:30:00Z,1.353748,1.353748,1.352887,1.353015
2026-07-15T19:45:00Z,1.353070,1.353528,1.353015,1.353528
2026-07-15T20:00:00Z,1.353546,1.353693,1.353436,1.353565
2026-07-15T20:15:00Z,1.353583,1.353950,1.353583,1.353840
2026-07-15T20:30:00Z,1.353876,1.353876,1.353620,1.353656
2026-07-15T20:45:00Z,1.353620,1.353950,1.353528,1.353950
2026-07-15T21:00:00Z,1.354059,1.354133,1.353088,1.353656
2026-07-15T21:15:00Z,1.353601,1.353876,1.353418,1.353821
2026-07-15T21:30:00Z,1.353766,1.353858,1.353418,1.353803
2026-07-15T21:45:00Z,1.353565,1.353766,1.353290,1.353565
2026-07-15T22:00:00Z,1.354023,1.354188,1.353968,1.354059
2026-07-15T22:15:00Z,1.354078,1.354169,1.354023,1.354096
2026-07-15T22:30:00Z,1.354243,1.354243,1.354059,1.354169
2026-07-15T22:45:00Z,1.354169,1.354169,1.353840,1.353840
2026-07-15T23:00:00Z,1.353913,1.353986,1.353748,1.353894
2026-07-15T23:15:00Z,1.354023,1.354206,1.354023,1.354206
2026-07-15T23:30:00Z,1.354133,1.354261,1.353968,1.354261
2026-07-15T23:45:00Z,1.354280,1.354371,1.354005,1.354005
2026-07-16T00:00:00Z,1.353950,1.354353,1.353858,1.354335
2026-07-16T00:15:00Z,1.354445,1.354445,1.353858,1.353913
2026-07-16T00:30:00Z,1.353986,1.353986,1.353162,1.353327
2026-07-16T00:45:00Z,1.353327,1.353418,1.353052,1.353418
2026-07-16T01:00:00Z,1.353473,1.353546,1.353235,1.353271
2026-07-16T01:15:00Z,1.353290,1.353363,1.352887,1.353033
2026-07-16T01:30:00Z,1.353052,1.353052,1.352722,1.352832
2026-07-16T01:45:00Z,1.352887,1.352924,1.352649,1.352649
2026-07-16T02:00:00Z,1.352704,1.352704,1.352247,1.352247
2026-07-16T02:15:00Z,1.352228,1.352558,1.352046,1.352484
2026-07-16T02:30:00Z,1.352594,1.352594,1.352228,1.352375
2026-07-16T02:45:00Z,1.352430,1.352722,1.352210,1.352722
2026-07-16T03:00:00Z,1.352741,1.353510,1.352631,1.353363
2026-07-16T03:15:00Z,1.353418,1.353601,1.353418,1.353528
2026-07-16T03:30:00Z,1.353528,1.353840,1.353528,1.353583
2026-07-16T03:45:00Z,1.353510,1.353528,1.353217,1.353217
2026-07-16T04:00:00Z,1.353253,1.353436,1.353217,1.353436
2026-07-16T04:15:00Z,1.353473,1.353473,1.353143,1.353143
2026-07-16T04:30:00Z,1.353143,1.353510,1.353143,1.353436
2026-07-16T04:45:00Z,1.353381,1.353455,1.353271,1.353308
2026-07-16T05:00:00Z,1.353381,1.353675,1.353381,1.353546
2026-07-16T05:15:00Z,1.353620,1.353858,1.353620,1.353730
2026-07-16T05:30:00Z,1.353748,1.354151,1.353491,1.353491
2026-07-16T05:45:00Z,1.353436,1.353436,1.352887,1.352887
2026-07-16T06:00:00Z,1.353162,1.353638,1.353033,1.353638
2026-07-16T06:15:00Z,1.353766,1.353766,1.353455,1.353693
2026-07-16T06:30:00Z,1.353638,1.353656,1.353327,1.353656
2026-07-16T06:45:00Z,1.353638,1.354224,1.353363,1.354005
2026-07-16T07:00:00Z,1.354041,1.354243,1.353730,1.353766
2026-07-16T07:15:00Z,1.353656,1.353876,1.353235,1.353235
2026-07-16T07:30:00Z,1.353345,1.353693,1.353345,1.353528
2026-07-16T07:45:00Z,1.353455,1.353766,1.353381,1.353418
2026-07-16T08:00:00Z,1.353235,1.353381,1.352357,1.352357
2026-07-16T08:15:00Z,1.352357,1.352448,1.352174,1.352192
2026-07-16T08:30:00Z,1.352375,1.352759,1.352228,1.352338
2026-07-16T08:45:00Z,1.352393,1.352393,1.352046,1.352155
2026-07-16T09:00:00Z,1.352155,1.352155,1.351644,1.351991
2026-07-16T09:15:00Z,1.351972,1.351972,1.351351,1.351370
2026-07-16T09:30:00Z,1.351114,1.351151,1.350640,1.350968
2026-07-16T09:45:00Z,1.351205,1.351205,1.350840,1.350895
2026-07-16T10:00:00Z,1.350804,1.350986,1.350640,1.350858
2026-07-16T10:15:00Z,1.350822,1.350931,1.350457,1.350457
2026-07-16T10:30:00Z,1.350457,1.350658,1.350366,1.350548
2026-07-16T10:45:00Z,1.350658,1.350767,1.350402,1.350402
2026-07-16T11:00:00Z,1.350366,1.350366,1.349837,1.350056
2026-07-16T11:15:00Z,1.350056,1.350074,1.349564,1.349564
2026-07-16T11:30:00Z,1.349673,1.350293,1.349673,1.350293
2026-07-16T11:45:00Z,1.350165,1.350640,1.349801,1.350640
2026-07-16T12:00:00Z,1.350713,1.351333,1.350713,1.350968
2026-07-16T12:15:00Z,1.350913,1.351114,1.350585,1.350640
2026-07-16T12:30:00Z,1.350785,1.350785,1.350129,1.350293
2026-07-16T12:45:00Z,1.350348,1.350603,1.349856,1.349892
2026-07-16T13:00:00Z,1.349856,1.350731,1.349746,1.350713
2026-07-16T13:15:00Z,1.350658,1.350968,1.350366,1.350785
2026-07-16T13:30:00Z,1.350986,1.351370,1.350749,1.351370
2026-07-16T13:45:00Z,1.351224,1.351570,1.350895,1.350895
2026-07-16T14:00:00Z,1.351004,1.351278,1.350475,1.350694
2026-07-16T14:15:00Z,1.350621,1.351078,1.350585,1.350968
2026-07-16T14:30:00Z,1.350950,1.351187,1.350111,1.350129
2026-07-16T14:45:00Z,1.350093,1.350293,1.348927,1.348927
2026-07-16T15:00:00Z,1.348818,1.348927,1.348199,1.348909
2026-07-16T15:15:00Z,1.348981,1.349091,1.348327,1.348363
2026-07-16T15:30:00Z,1.348090,1.348672,1.348090,1.348327
2026-07-16T15:45:00Z,1.348381,1.348981,1.348218,1.348381
2026-07-16T16:00:00Z,1.348381,1.348381,1.347491,1.347636
2026-07-16T16:15:00Z,1.347418,1.347546,1.346856,1.346856
2026-07-16T16:30:00Z,1.346874,1.347092,1.346692,1.346801
2026-07-16T16:45:00Z,1.346928,1.347001,1.346656,1.346656
2026-07-16T17:00:00Z,1.346674,1.346674,1.346076,1.346112
2026-07-16T17:15:00Z,1.346112,1.346765,1.346112,1.346765
2026-07-16T17:30:00Z,1.346783,1.346928,1.346602,1.346783
2026-07-16T17:45:00Z,1.346820,1.347201,1.346692,1.347019
2026-07-16T18:00:00Z,1.347001,1.347001,1.346584,1.346892
2026-07-16T18:15:00Z,1.346783,1.346983,1.346783,1.346892
2026-07-16T18:30:00Z,1.346801,1.346946,1.346711,1.346946
2026-07-16T18:45:00Z,1.346910,1.347146,1.346820,1.347146
2026-07-16T19:00:00Z,1.347092,1.347346,1.346983,1.346983
2026-07-16T19:15:00Z,1.346910,1.347001,1.346765,1.346856
2026-07-16T19:30:00Z,1.346765,1.347128,1.346765,1.347128
2026-07-16T19:45:00Z,1.347146,1.347600,1.347146,1.347527
2026-07-16T20:00:00Z,1.347473,1.347691,1.347455,1.347564
2026-07-16T20:15:00Z,1.347564,1.347600,1.347455,1.347491
2026-07-16T20:30:00Z,1.347618,1.347909,1.347618,1.347854
2026-07-16T20:45:00Z,1.347945,1.348072,1.347782,1.347782
2026-07-16T21:00:00Z,1.347872,1.348345,1.347455,1.347854
2026-07-16T21:15:00Z,1.347872,1.348181,1.347564,1.347927
2026-07-16T21:30:00Z,1.347927,1.348000,1.347691,1.347981
2026-07-16T21:45:00Z,1.347872,1.347963,1.347709,1.347745
2026-07-16T22:00:00Z,1.347782,1.347782,1.347618,1.347673
2026-07-16T22:15:00Z,1.347618,1.347673,1.347546,1.347654
2026-07-16T22:30:00Z,1.347600,1.347727,1.347509,1.347546
2026-07-16T22:45:00Z,1.347491,1.347491,1.347219,1.347473
2026-07-16T23:00:00Z,1.347473,1.347509,1.347418,1.347491
2026-07-16T23:15:00Z,1.347727,1.347727,1.347564,1.347618
2026-07-16T23:30:00Z,1.347673,1.347909,1.347636,1.347818
2026-07-16T23:45:00Z,1.347673,1.347691,1.347618,1.347654
2026-07-17T00:00:00Z,1.347854,1.347854,1.347418,1.347473
2026-07-17T00:15:00Z,1.347509,1.347673,1.347219,1.347219
2026-07-17T00:30:00Z,1.347164,1.347255,1.347037,1.347092
2026-07-17T00:45:00Z,1.347128,1.347763,1.347110,1.347763
2026-07-17T01:00:00Z,1.347727,1.347981,1.347600,1.347709
2026-07-17T01:15:00Z,1.347745,1.347872,1.347509,1.347564
2026-07-17T01:30:00Z,1.347509,1.347509,1.347092,1.347291
2026-07-17T01:45:00Z,1.347219,1.347219,1.346475,1.346566
2026-07-17T02:00:00Z,1.346602,1.346892,1.346602,1.346892
2026-07-17T02:15:00Z,1.346874,1.346928,1.346674,1.346674
2026-07-17T02:30:00Z,1.346674,1.346747,1.346366,1.346493
2026-07-17T02:45:00Z,1.346529,1.346584,1.346384,1.346384
2026-07-17T03:00:00Z,1.346421,1.346692,1.346384,1.346566
2026-07-17T03:15:00Z,1.346620,1.346928,1.346620,1.346783
2026-07-17T03:30:00Z,1.346765,1.346801,1.346348,1.346348
2026-07-17T03:45:00Z,1.346366,1.346620,1.346348,1.346620
2026-07-17T04:00:00Z,1.346602,1.346602,1.346421,1.346475
2026-07-17T04:15:00Z,1.346457,1.346457,1.346076,1.346076
2026-07-17T04:30:00Z,1.346076,1.346185,1.345949,1.345968
2026-07-17T04:45:00Z,1.345986,1.346076,1.345786,1.345949
2026-07-17T05:00:00Z,1.345949,1.346058,1.345841,1.346058
2026-07-17T05:15:00Z,1.345986,1.346167,1.345913,1.346076
2026-07-17T05:30:00Z,1.346076,1.346656,1.346076,1.346547
2026-07-17T05:45:00Z,1.346457,1.346638,1.346330,1.346330
2026-07-17T06:00:00Z,1.346348,1.346711,1.346185,1.346711
2026-07-17T06:15:00Z,1.346783,1.347473,1.346783,1.347255
2026-07-17T06:30:00Z,1.347146,1.347455,1.347146,1.347382
2026-07-17T06:45:00Z,1.347255,1.347473,1.347074,1.347418
2026-07-17T07:00:00Z,1.347382,1.347981,1.347110,1.347128
2026-07-17T07:15:00Z,1.347128,1.347201,1.346475,1.346874
2026-07-17T07:30:00Z,1.347110,1.347346,1.346439,1.346620
2026-07-17T07:45:00Z,1.346729,1.346801,1.345895,1.345895
2026-07-17T08:00:00Z,1.345804,1.346149,1.345569,1.345569
2026-07-17T08:15:00Z,1.345316,1.345460,1.344990,1.345062
2026-07-17T08:30:00Z,1.344936,1.345189,1.344556,1.344682
2026-07-17T08:45:00Z,1.344701,1.344809,1.344303,1.344411
2026-07-17T09:00:00Z,1.344339,1.344466,1.343869,1.344068
2026-07-17T09:15:00Z,1.344140,1.344267,1.343653,1.344267
2026-07-17T09:30:00Z,1.344466,1.344466,1.343815,1.344014
2026-07-17T09:45:00Z,1.344068,1.344267,1.343996,1.344194
2026-07-17T10:00:00Z,1.344321,1.344321,1.343653,1.344086
2026-07-17T10:15:00Z,1.344104,1.344104,1.343472,1.343472
2026-07-17T10:30:00Z,1.343472,1.343472,1.343183,1.343256
2026-07-17T10:45:00Z,1.343310,1.343346,1.342714,1.343111
2026-07-17T11:00:00Z,1.343274,1.343671,1.342859,1.343671
2026-07-17T11:15:00Z,1.343598,1.343978,1.343508,1.343960
2026-07-17T11:30:00Z,1.343941,1.344701,1.343905,1.344032
2026-07-17T11:45:00Z,1.344014,1.344285,1.343815,1.343815
2026-07-17T12:00:00Z,1.343923,1.344050,1.343562,1.343761
2026-07-17T12:15:00Z,1.343797,1.343797,1.343238,1.343526
2026-07-17T12:30:00Z,1.343256,1.343472,1.342877,1.343382
2026-07-17T12:45:00Z,1.343364,1.343671,1.343039,1.343183
2026-07-17T13:00:00Z,1.343238,1.343508,1.342985,1.343508
2026-07-17T13:15:00Z,1.343346,1.343616,1.343039,1.343472
2026-07-17T13:30:00Z,1.343454,1.344592,1.343454,1.344429
2026-07-17T13:45:00Z,1.344285,1.345153,1.344176,1.345044
2026-07-17T14:00:00Z,1.345153,1.345334,1.344845,1.344972
2026-07-17T14:15:00Z,1.344773,1.345297,1.344682,1.344845
2026-07-17T14:30:00Z,1.344845,1.345316,1.344845,1.345316
2026-07-17T14:45:00Z,1.345297,1.345479,1.344357,1.344357
2026-07-17T15:00:00Z,1.344646,1.344972,1.344556,1.344556
2026-07-17T15:15:00Z,1.344646,1.345261,1.344646,1.345225
2026-07-17T15:30:00Z,1.345460,1.345460,1.344773,1.344773
2026-07-17T15:45:00Z,1.344592,1.344664,1.344375,1.344520
2026-07-17T16:00:00Z,1.344574,1.344863,1.343905,1.344863
2026-07-17T16:15:00Z,1.344918,1.345370,1.344918,1.345370
2026-07-17T16:30:00Z,1.345352,1.345460,1.345171,1.345460
2026-07-17T16:45:00Z,1.345497,1.345605,1.345279,1.345605
2026-07-17T17:00:00Z,1.345696,1.345877,1.345533,1.345533
2026-07-17T17:15:00Z,1.345569,1.345587,1.345316,1.345569
2026-07-17T17:30:00Z,1.345551,1.345551,1.345225,1.345225
2026-07-17T17:45:00Z,1.345207,1.345406,1.345207,1.345406
2026-07-17T18:00:00Z,1.345352,1.345479,1.345207,1.345424
2026-07-17T18:15:00Z,1.345442,1.345587,1.345388,1.345515
2026-07-17T18:30:00Z,1.345605,1.345605,1.345370,1.345370
2026-07-17T18:45:00Z,1.345406,1.345515,1.345334,1.345479
2026-07-17T19:00:00Z,1.345460,1.345515,1.345334,1.345352
2026-07-17T19:15:00Z,1.345352,1.345479,1.345243,1.345424
2026-07-17T19:30:00Z,1.345424,1.345768,1.345261,1.345768
2026-07-17T19:45:00Z,1.345696,1.345949,1.345623,1.345949
2026-07-17T20:00:00Z,1.345913,1.346004,1.345732,1.345732
2026-07-17T20:15:00Z,1.345696,1.345714,1.345261,1.345279
2026-07-17T20:30:00Z,1.345352,1.345460,1.345225,1.345406
2026-07-17T20:45:00Z,1.345388,1.345605,1.345316,1.345406
2026-07-17T21:00:00Z,1.345243,1.345243,1.345243,1.345243
2026-07-17T21:15:00Z,1.345243,1.345243,1.345243,1.345243
2026-07-19T23:00:00Z,1.344447,1.344483,1.344393,1.344393
2026-07-19T23:15:00Z,1.344393,1.344393,1.344231,1.344357
2026-07-19T23:30:00Z,1.344339,1.344574,1.344267,1.344574
2026-07-19T23:45:00Z,1.344592,1.344592,1.344339,1.344520
2026-07-20T00:00:00Z,1.344502,1.344809,1.344466,1.344755
2026-07-20T00:15:00Z,1.344827,1.345189,1.344827,1.345044
2026-07-20T00:30:00Z,1.345062,1.345062,1.344845,1.344990
2026-07-20T00:45:00Z,1.344918,1.345116,1.344881,1.345080
2026-07-20T01:00:00Z,1.345225,1.345424,1.344972,1.345026
2026-07-20T01:15:00Z,1.345026,1.345261,1.345008,1.345225
2026-07-20T01:30:00Z,1.345334,1.345370,1.344936,1.344936
2026-07-20T01:45:00Z,1.345153,1.345424,1.345026,1.345424
2026-07-20T02:00:00Z,1.345442,1.345786,1.345442,1.345678
2026-07-20T02:15:00Z,1.345696,1.345986,1.345696,1.345986
2026-07-20T02:30:00Z,1.345949,1.346330,1.345931,1.346276
2026-07-20T02:45:00Z,1.346239,1.346239,1.346040,1.346040
2026-07-20T03:00:00Z,1.345968,1.345986,1.345823,1.345931
2026-07-20T03:15:00Z,1.345949,1.346040,1.345913,1.345968
2026-07-20T03:30:00Z,1.345986,1.346185,1.345913,1.346185
2026-07-20T03:45:00Z,1.346185,1.346221,1.346076,1.346185
2026-07-20T04:00:00Z,1.346185,1.346294,1.346149,1.346294
2026-07-20T04:15:00Z,1.346402,1.346656,1.346366,1.346638
2026-07-20T04:30:00Z,1.346584,1.346729,1.346584,1.346711
2026-07-20T04:45:00Z,1.346674,1.346801,1.346674,1.346692
2026-07-20T05:00:00Z,1.346674,1.346674,1.346457,1.346529
2026-07-20T05:15:00Z,1.346584,1.346783,1.346566,1.346692
2026-07-20T05:30:00Z,1.346692,1.346765,1.346656,1.346729
2026-07-20T05:45:00Z,1.346692,1.346783,1.346620,1.346711
2026-07-20T06:00:00Z,1.346692,1.346874,1.346167,1.346221
2026-07-20T06:15:00Z,1.346330,1.346656,1.346112,1.346221
2026-07-20T06:30:00Z,1.346203,1.346457,1.345913,1.346221
2026-07-20T06:45:00Z,1.346276,1.346475,1.345841,1.345841
2026-07-20T07:00:00Z,1.345877,1.346692,1.345877,1.346348
2026-07-20T07:15:00Z,1.346276,1.346856,1.346149,1.346856
2026-07-20T07:30:00Z,1.347436,1.348000,1.347110,1.347890
2026-07-20T07:45:00Z,1.347927,1.347927,1.347473,1.347618
2026-07-20T08:00:00Z,1.347709,1.347709,1.347382,1.347455
2026-07-20T08:15:00Z,1.347455,1.347600,1.346692,1.346692
2026-07-20T08:30:00Z,1.346747,1.347146,1.346711,1.347092
2026-07-20T08:45:00Z,1.346965,1.347182,1.346856,1.347001
2026-07-20T09:00:00Z,1.346892,1.346892,1.346094,1.346203
2026-07-20T09:15:00Z,1.346239,1.346239,1.345841,1.345877
2026-07-20T09:30:00Z,1.345859,1.346475,1.345859,1.346475
2026-07-20T09:45:00Z,1.346529,1.346602,1.346131,1.346348
2026-07-20T10:00:00Z,1.346257,1.346946,1.345986,1.346783
2026-07-20T10:15:00Z,1.346711,1.347055,1.346711,1.346874
2026-07-20T10:30:00Z,1.346765,1.347382,1.346711,1.347164
2026-07-20T10:45:00Z,1.347110,1.347255,1.346965,1.347074
2026-07-20T11:00:00Z,1.346910,1.347182,1.346692,1.346874
2026-07-20T11:15:00Z,1.346946,1.346983,1.346729,1.346965
2026-07-20T11:30:00Z,1.347473,1.347709,1.346965,1.346965
2026-07-20T11:45:00Z,1.346892,1.346892,1.346239,1.346239
2026-07-20T12:00:00Z,1.346149,1.346384,1.345678,1.345678
2026-07-20T12:15:00Z,1.345696,1.345768,1.345279,1.345279
2026-07-20T12:30:00Z,1.345189,1.345479,1.345026,1.345189
2026-07-20T12:45:00Z,1.345171,1.345678,1.345171,1.345424
2026-07-20T13:00:00Z,1.345569,1.345605,1.345370,1.345605
2026-07-20T13:15:00Z,1.345497,1.345841,1.345370,1.345841
2026-07-20T13:30:00Z,1.345696,1.345786,1.344972,1.344972
2026-07-20T13:45:00Z,1.344773,1.345479,1.344610,1.345352
2026-07-20T14:00:00Z,1.345442,1.345605,1.344773,1.345008
2026-07-20T14:15:00Z,1.345334,1.345370,1.344918,1.345297
2026-07-20T14:30:00Z,1.345189,1.345189,1.344194,1.344303
2026-07-20T14:45:00Z,1.344050,1.344194,1.343671,1.343978
2026-07-20T15:00:00Z,1.343165,1.343382,1.342084,1.342084
2026-07-20T15:15:00Z,1.341778,1.342030,1.341562,1.341832
2026-07-20T15:30:00Z,1.341994,1.341994,1.341490,1.341562
2026-07-20T15:45:00Z,1.341724,1.342048,1.341562,1.341958
2026-07-20T16:00:00Z,1.341868,1.342282,1.341598,1.342156
2026-07-20T16:15:00Z,1.342156,1.342282,1.341778,1.342030
2026-07-20T16:30:00Z,1.342102,1.342120,1.341688,1.341688
2026-07-20T16:45:00Z,1.341652,1.341976,1.341562,1.341976
2026-07-20T17:00:00Z,1.342174,1.342552,1.342084,1.342084
2026-07-20T17:15:00Z,1.342066,1.343021,1.342066,1.343003
2026-07-20T17:30:00Z,1.342967,1.343093,1.342660,1.342841
2026-07-20T17:45:00Z,1.342985,1.343292,1.342985,1.343183
2026-07-20T18:00:00Z,1.343219,1.343634,1.343219,1.343634
2026-07-20T18:15:00Z,1.343689,1.343905,1.343653,1.343779
2026-07-20T18:30:00Z,1.343707,1.343707,1.343436,1.343508
2026-07-20T18:45:00Z,1.343400,1.343472,1.343310,1.343454
2026-07-20T19:00:00Z,1.343598,1.343671,1.343292,1.343346
2026-07-20T19:15:00Z,1.343310,1.343526,1.343274,1.343454
2026-07-20T19:30:00Z,1.343851,1.343960,1.343761,1.343761
2026-07-20T19:45:00Z,1.343797,1.343869,1.343490,1.343616
2026-07-20T20:00:00Z,1.343689,1.343725,1.343183,1.343219
2026-07-20T20:15:00Z,1.343183,1.343183,1.342967,1.343129
2026-07-20T20:30:00Z,1.343129,1.343183,1.343057,1.343111
2026-07-20T20:45:00Z,1.343057,1.343165,1.343021,1.343111
2026-07-20T21:00:00Z,1.342877,1.343346,1.342877,1.343346
2026-07-20T21:15:00Z,1.343508,1.343580,1.342390,1.342462
2026-07-20T21:30:00Z,1.342552,1.342642,1.342480,1.342534
2026-07-20T21:45:00Z,1.342552,1.342642,1.342336,1.342444
2026-07-20T22:00:00Z,1.342732,1.342732,1.342354,1.342516
2026-07-20T22:15:00Z,1.342480,1.342516,1.342462,1.342480
2026-07-20T22:30:00Z,1.342480,1.342498,1.342462,1.342480
2026-07-20T22:45:00Z,1.342570,1.342696,1.342570,1.342660
2026-07-20T23:00:00Z,1.342678,1.342877,1.342642,1.342859
2026-07-20T23:15:00Z,1.342841,1.342877,1.342823,1.342841
2026-07-20T23:30:00Z,1.342823,1.342949,1.342823,1.342877
2026-07-20T23:45:00Z,1.342841,1.343183,1.342841,1.343129
2026-07-21T00:00:00Z,1.343292,1.343364,1.343075,1.343129
2026-07-21T00:15:00Z,1.343111,1.343129,1.342841,1.342877
2026-07-21T00:30:00Z,1.342877,1.343219,1.342769,1.343183
2026-07-21T00:45:00Z,1.343274,1.343526,1.343219,1.343219
2026-07-21T01:00:00Z,1.343219,1.343490,1.343129,1.343346
2026-07-21T01:15:00Z,1.343382,1.343562,1.343364,1.343526
2026-07-21T01:30:00Z,1.343598,1.343689,1.343364,1.343689
2026-07-21T01:45:00Z,1.343580,1.343689,1.343544,1.343544
2026-07-21T02:00:00Z,1.343598,1.343869,1.343598,1.343725
2026-07-21T02:15:00Z,1.343671,1.343869,1.343580,1.343580
2026-07-21T02:30:00Z,1.343508,1.343725,1.343508,1.343544
2026-07-21T02:45:00Z,1.343490,1.343490,1.343165,1.343201
2026-07-21T03:00:00Z,1.343310,1.343310,1.343075,1.343165
2026-07-21T03:15:00Z,1.343165,1.343472,1.343165,1.343454
2026-07-21T03:30:00Z,1.343490,1.343707,1.343490,1.343707
2026-07-21T03:45:00Z,1.343707,1.343978,1.343707,1.343743
2026-07-21T04:00:00Z,1.343707,1.343851,1.343689,1.343761
2026-07-21T04:15:00Z,1.343743,1.343833,1.343743,1.343797
2026-07-21T04:30:00Z,1.343707,1.344032,1.343707,1.344032
2026-07-21T04:45:00Z,1.343996,1.344122,1.343996,1.344050
2026-07-21T05:00:00Z,1.344104,1.344267,1.343996,1.343996
2026-07-21T05:15:00Z,1.343996,1.344086,1.343941,1.344086
2026-07-21T05:30:00Z,1.344140,1.344664,1.344140,1.344664
2026-07-21T05:45:00Z,1.344502,1.344592,1.344339,1.344357
2026-07-21T06:00:00Z,1.344483,1.344972,1.344483,1.344881
2026-07-21T06:15:00Z,1.344845,1.344990,1.344701,1.344791
2026-07-21T06:30:00Z,1.344755,1.345171,1.344755,1.345171
2026-07-21T06:45:00Z,1.345189,1.345297,1.344809,1.344845
2026-07-21T07:00:00Z,1.344845,1.345623,1.344845,1.344954
2026-07-21T07:15:00Z,1.344863,1.344990,1.344664,1.344682
2026-07-21T07:30:00Z,1.344411,1.344483,1.343743,1.343743
2026-07-21T07:45:00Z,1.343797,1.344158,1.343797,1.344140
2026-07-21T08:00:00Z,1.344213,1.344664,1.344086,1.344664
2026-07-21T08:15:00Z,1.344466,1.344755,1.343923,1.343923
2026-07-21T08:30:00Z,1.343454,1.343580,1.342931,1.343274
2026-07-21T08:45:00Z,1.343364,1.343364,1.343057,1.343057
2026-07-21T09:00:00Z,1.342967,1.342967,1.342660,1.342841
2026-07-21T09:15:00Z,1.342823,1.342967,1.342714,1.342787
2026-07-21T09:30:00Z,1.342552,1.343310,1.342552,1.342859
2026-07-21T09:45:00Z,1.342841,1.343165,1.342732,1.342732
2026-07-21T10:00:00Z,1.342534,1.343382,1.342534,1.343256
2026-07-21T10:15:00Z,1.343129,1.343183,1.342714,1.342750
2026-07-21T10:30:00Z,1.342841,1.343039,1.342174,1.342246
2026-07-21T10:45:00Z,1.342156,1.342156,1.341526,1.341832
2026-07-21T11:00:00Z,1.341850,1.342084,1.340842,1.341058
2026-07-21T11:15:00Z,1.340968,1.341148,1.340788,1.341022
2026-07-21T11:30:00Z,1.341040,1.341490,1.340842,1.341058
2026-07-21T11:45:00Z,1.341148,1.341292,1.340231,1.340465
2026-07-21T12:00:00Z,1.340644,1.340644,1.339836,1.339854
2026-07-21T12:15:00Z,1.339836,1.339836,1.338509,1.338598
2026-07-21T12:30:00Z,1.338760,1.339172,1.338724,1.338814
2026-07-21T12:45:00Z,1.338867,1.339208,1.338276,1.338975
2026-07-21T13:00:00Z,1.338867,1.339172,1.338473,1.339172
2026-07-21T13:15:00Z,1.339549,1.339549,1.337882,1.337882
2026-07-21T13:30:00Z,1.337936,1.337936,1.336095,1.336220
2026-07-21T13:45:00Z,1.336452,1.338509,1.336452,1.338061
2026-07-21T14:00:00Z,1.338437,1.339746,1.338133,1.339746
2026-07-21T14:15:00Z,1.339728,1.339728,1.338670,1.338670
2026-07-21T14:30:00Z,1.338849,1.338849,1.337667,1.338007
2026-07-21T14:45:00Z,1.337918,1.337918,1.336809,1.337131
2026-07-21T15:00:00Z,1.337113,1.337560,1.336916,1.337345
2026-07-21T15:15:00Z,1.337524,1.337900,1.337506,1.337900
2026-07-21T15:30:00Z,1.337596,1.338025,1.337506,1.337578
2026-07-21T15:45:00Z,1.337578,1.337632,1.337220,1.337220
2026-07-21T16:00:00Z,1.337345,1.337489,1.337059,1.337113
2026-07-21T16:15:00Z,1.337113,1.337489,1.337095,1.337327
2026-07-21T16:30:00Z,1.337310,1.338312,1.337310,1.338312
2026-07-21T16:45:00Z,1.338222,1.338419,1.338169,1.338366
2026-07-21T17:00:00Z,1.338401,1.338473,1.338115,1.338419
2026-07-21T17:15:00Z,1.338384,1.338616,1.338312,1.338616
2026-07-21T17:30:00Z,1.338688,1.338688,1.338491,1.338670
2026-07-21T17:45:00Z,1.338652,1.338778,1.338527,1.338527
2026-07-21T18:00:00Z,1.338473,1.338473,1.337739,1.337811
2026-07-21T18:15:00Z,1.337721,1.338133,1.337560,1.338043
2026-07-21T18:30:00Z,1.338079,1.338079,1.337578,1.337954
2026-07-21T18:45:00Z,1.337918,1.338151,1.337882,1.338151
2026-07-21T19:00:00Z,1.338258,1.338258,1.337990,1.338061
2026-07-21T19:15:00Z,1.338151,1.338437,1.338151,1.338366
2026-07-21T19:30:00Z,1.338384,1.338384,1.338097,1.338187
2026-07-21T19:45:00Z,1.338240,1.338509,1.338061,1.338061
2026-07-21T20:00:00Z,1.337954,1.338097,1.337918,1.337936
2026-07-21T20:15:00Z,1.337811,1.337972,1.337685,1.337972
2026-07-21T20:30:00Z,1.337990,1.337990,1.337829,1.337829
2026-07-21T20:45:00Z,1.337757,1.337864,1.337399,1.337560
2026-07-21T21:00:00Z,1.337667,1.338115,1.337113,1.337811
2026-07-21T21:15:00Z,1.337345,1.337829,1.337292,1.337739
2026-07-21T21:30:00Z,1.337667,1.338007,1.337667,1.337829
2026-07-21T21:45:00Z,1.337793,1.337900,1.337757,1.337757
2026-07-21T22:00:00Z,1.337667,1.337757,1.337649,1.337649
2026-07-21T22:15:00Z,1.337649,1.337811,1.337614,1.337703
2026-07-21T22:30:00Z,1.337775,1.337793,1.337614,1.337703
2026-07-21T22:45:00Z,1.337703,1.337703,1.337489,1.337542
2026-07-21T23:00:00Z,1.337453,1.337578,1.337381,1.337506
2026-07-21T23:15:00Z,1.337614,1.337614,1.337363,1.337524
2026-07-21T23:30:00Z,1.337524,1.337596,1.337506,1.337578
2026-07-21T23:45:00Z,1.337596,1.337900,1.337560,1.337900
2026-07-22T00:00:00Z,1.337864,1.338240,1.337864,1.338240
2026-07-22T00:15:00Z,1.338240,1.338706,1.338240,1.338706
2026-07-22T00:30:00Z,1.338706,1.338778,1.338204,1.338204
2026-07-22T00:45:00Z,1.338240,1.338598,1.338187,1.338598
2026-07-22T01:00:00Z,1.338652,1.338778,1.338598,1.338760
2026-07-22T01:15:00Z,1.338706,1.338706,1.338366,1.338419
2026-07-22T01:30:00Z,1.338366,1.338366,1.338043,1.338133
2026-07-22T01:45:00Z,1.338294,1.338473,1.338294,1.338419
2026-07-22T02:00:00Z,1.338330,1.338527,1.338169,1.338473
2026-07-22T02:15:00Z,1.338437,1.338921,1.338419,1.338921
2026-07-22T02:30:00Z,1.338796,1.338867,1.338634,1.338652
2026-07-22T02:45:00Z,1.338688,1.338742,1.338527,1.338563
2026-07-22T03:00:00Z,1.338527,1.338670,1.338240,1.338258
2026-07-22T03:15:00Z,1.338312,1.338724,1.338312,1.338724
2026-07-22T03:30:00Z,1.338742,1.338742,1.338419,1.338419
2026-07-22T03:45:00Z,1.338491,1.338491,1.338330,1.338330
2026-07-22T04:00:00Z,1.338330,1.338348,1.338151,1.338204
2026-07-22T04:15:00Z,1.338312,1.338348,1.338187,1.338312
2026-07-22T04:30:00Z,1.338312,1.338527,1.338294,1.338509
2026-07-22T04:45:00Z,1.338509,1.338545,1.338312,1.338401
2026-07-22T05:00:00Z,1.338419,1.338634,1.338419,1.338509
2026-07-22T05:15:00Z,1.338509,1.338634,1.338419,1.338437
2026-07-22T05:30:00Z,1.338401,1.338419,1.338204,1.338222
2026-07-22T05:45:00Z,1.338187,1.338419,1.338043,1.338133
2026-07-22T06:00:00Z,1.338169,1.339029,1.338169,1.338598
2026-07-22T06:15:00Z,1.338401,1.338401,1.337077,1.337077
2026-07-22T06:30:00Z,1.337006,1.337542,1.337006,1.337327
2026-07-22T06:45:00Z,1.337542,1.337954,1.337417,1.337954
2026-07-22T07:00:00Z,1.337811,1.338581,1.337739,1.338419
2026-07-22T07:15:00Z,1.338384,1.338939,1.338384,1.338760
2026-07-22T07:30:00Z,1.339298,1.339351,1.337829,1.337936
2026-07-22T07:45:00Z,1.337900,1.338401,1.337721,1.338384
2026-07-22T08:00:00Z,1.338312,1.338312,1.337506,1.337524
2026-07-22T08:15:00Z,1.337363,1.338025,1.337363,1.337739
2026-07-22T08:30:00Z,1.337882,1.338384,1.337864,1.338204
2026-07-22T08:45:00Z,1.337936,1.338061,1.337238,1.337327
2026-07-22T09:00:00Z,1.337345,1.337524,1.336952,1.336988
2026-07-22T09:15:00Z,1.336898,1.337113,1.336809,1.336916
2026-07-22T09:30:00Z,1.337131,1.337489,1.337006,1.337149
2026-07-22T09:45:00Z,1.337149,1.337184,1.336809,1.336916
2026-07-22T10:00:00Z,1.337023,1.337220,1.336738,1.337220
2026-07-22T10:15:00Z,1.337184,1.337345,1.337041,1.337041
2026-07-22T10:30:00Z,1.336898,1.337006,1.336702,1.336720
2026-07-22T10:45:00Z,1.336702,1.337220,1.336702,1.337202
2026-07-22T11:00:00Z,1.337113,1.337310,1.336916,1.336916
2026-07-22T11:15:00Z,1.337006,1.337023,1.336523,1.336702
2026-07-22T11:30:00Z,1.336684,1.336970,1.336523,1.336720
2026-07-22T11:45:00Z,1.336916,1.337077,1.336684,1.336773
2026-07-22T12:00:00Z,1.336809,1.336934,1.336684,1.336916
2026-07-22T12:15:00Z,1.336916,1.336934,1.336702,1.336934
2026-07-22T12:30:00Z,1.337041,1.337202,1.336702,1.336702
2026-07-22T12:45:00Z,1.336612,1.336612,1.335809,1.336095
2026-07-22T13:00:00Z,1.336095,1.336809,1.336095,1.336577
2026-07-22T13:15:00Z,1.336559,1.337936,1.336452,1.337900
2026-07-22T13:30:00Z,1.337846,1.338903,1.337846,1.338885
2026-07-22T13:45:00Z,1.338706,1.338706,1.338258,1.338598
2026-07-22T14:00:00Z,1.338814,1.339047,1.338366,1.339047
2026-07-22T14:15:00Z,1.338885,1.339082,1.338258,1.338258
2026-07-22T14:30:00Z,1.338061,1.338384,1.337936,1.338079
2026-07-22T14:45:00Z,1.338133,1.338133,1.337381,1.337685
2026-07-22T15:00:00Z,1.337471,1.337936,1.337471,1.337793
2026-07-22T15:15:00Z,1.337596,1.337882,1.337399,1.337882
2026-07-22T15:30:00Z,1.337739,1.337864,1.337292,1.337560
2026-07-22T15:45:00Z,1.337632,1.338043,1.337578,1.337596
2026-07-22T16:00:00Z,1.337614,1.337614,1.336845,1.336952
2026-07-22T16:15:00Z,1.336952,1.337023,1.336648,1.337023
2026-07-22T16:30:00Z,1.337202,1.337238,1.336881,1.337023
2026-07-22T16:45:00Z,1.337041,1.337417,1.336898,1.337417
2026-07-22T17:00:00Z,1.337327,1.337435,1.337202,1.337202
2026-07-22T17:15:00Z,1.337113,1.337327,1.337113,1.337327
2026-07-22T17:30:00Z,1.337274,1.337327,1.336898,1.337131
2026-07-22T17:45:00Z,1.337184,1.337363,1.337041,1.337184
2026-07-22T18:00:00Z,1.337131,1.337345,1.336988,1.337023
2026-07-22T18:15:00Z,1.337041,1.337292,1.337023,1.337274
2026-07-22T18:30:00Z,1.337202,1.337327,1.337149,1.337274
2026-07-22T18:45:00Z,1.337256,1.337596,1.337256,1.337399
2026-07-22T19:00:00Z,1.337435,1.337489,1.337184,1.337184
2026-07-22T19:15:00Z,1.337167,1.337310,1.337167,1.337274
2026-07-22T19:30:00Z,1.337238,1.337345,1.337184,1.337327
2026-07-22T19:45:00Z,1.337363,1.337399,1.337149,1.337399
2026-07-22T20:00:00Z,1.337399,1.337721,1.337399,1.337703
2026-07-22T20:15:00Z,1.337685,1.337721,1.337649,1.337667
2026-07-22T20:30:00Z,1.337578,1.337649,1.337399,1.337632
2026-07-22T20:45:00Z,1.337632,1.337846,1.337524,1.337846
2026-07-22T21:00:00Z,1.338294,1.338294,1.337703,1.337936
2026-07-22T21:15:00Z,1.337471,1.338061,1.337471,1.337560
2026-07-22T21:30:00Z,1.337614,1.337614,1.337167,1.337310
2026-07-22T21:45:00Z,1.337471,1.337900,1.337274,1.337739
2026-07-22T22:00:00Z,1.337238,1.337238,1.336970,1.337006
2026-07-22T22:15:00Z,1.336952,1.337059,1.336916,1.337023
2026-07-22T22:30:00Z,1.337023,1.337059,1.336827,1.336827
2026-07-22T22:45:00Z,1.336898,1.337131,1.336845,1.337023
2026-07-22T23:00:00Z,1.337167,1.337310,1.337113,1.337310
2026-07-22T23:15:00Z,1.337310,1.337363,1.337238,1.337327
2026-07-22T23:30:00Z,1.337327,1.337560,1.337274,1.337542
2026-07-22T23:45:00Z,1.337417,1.337596,1.337381,1.337542
2026-07-23T00:00:00Z,1.337524,1.337793,1.337435,1.337435
2026-07-23T00:15:00Z,1.337453,1.337757,1.337417,1.337560
2026-07-23T00:30:00Z,1.337560,1.337757,1.337542,1.337757
2026-07-23T00:45:00Z,1.337703,1.338133,1.337381,1.338133
2026-07-23T01:00:00Z,1.338222,1.338401,1.338187,1.338276
2026-07-23T01:15:00Z,1.338222,1.338276,1.338079,1.338079
2026-07-23T01:30:00Z,1.338276,1.338598,1.338115,1.338473
2026-07-23T01:45:00Z,1.338348,1.338348,1.338151,1.338204
2026-07-23T02:00:00Z,1.338294,1.338545,1.338294,1.338419
2026-07-23T02:15:00Z,1.338473,1.338616,1.338401,1.338401
2026-07-23T02:30:00Z,1.338581,1.338778,1.338545,1.338778
2026-07-23T02:45:00Z,1.338760,1.339065,1.338760,1.339065
2026-07-23T03:00:00Z,1.339154,1.339154,1.338527,1.338527
2026-07-23T03:15:00Z,1.338384,1.339029,1.338384,1.339029
2026-07-23T03:30:00Z,1.338975,1.339100,1.338939,1.339047
2026-07-23T03:45:00Z,1.339065,1.339065,1.338903,1.338903
2026-07-23T04:00:00Z,1.338832,1.339351,1.338832,1.339280
2026-07-23T04:15:00Z,1.339316,1.339316,1.338778,1.338939
2026-07-23T04:30:00Z,1.339065,1.339136,1.338867,1.338867
2026-07-23T04:45:00Z,1.338814,1.338939,1.338563,1.338724
2026-07-23T05:00:00Z,1.338760,1.338814,1.338670,1.338670
2026-07-23T05:15:00Z,1.338527,1.338545,1.338258,1.338545
2026-07-23T05:30:00Z,1.338563,1.338760,1.338545,1.338688
2026-07-23T05:45:00Z,1.338724,1.338760,1.338652,1.338688
2026-07-23T06:00:00Z,1.338688,1.339118,1.338688,1.338975
2026-07-23T06:15:00Z,1.338975,1.339029,1.338670,1.338742
2026-07-23T06:30:00Z,1.338670,1.338670,1.337685,1.338007
2026-07-23T06:45:00Z,1.337972,1.338204,1.337685,1.337757
2026-07-23T07:00:00Z,1.337632,1.337632,1.337274,1.337489
2026-07-23T07:15:00Z,1.337614,1.337990,1.337560,1.337721
2026-07-23T07:30:00Z,1.337703,1.337864,1.337256,1.337256
2026-07-23T07:45:00Z,1.337256,1.337345,1.336898,1.337345
2026-07-23T08:00:00Z,1.337453,1.337685,1.337131,1.337274
2026-07-23T08:15:00Z,1.337202,1.337202,1.336612,1.336720
2026-07-23T08:30:00Z,1.336595,1.336791,1.336255,1.336344
2026-07-23T08:45:00Z,1.336470,1.337041,1.336470,1.336916
2026-07-23T09:00:00Z,1.336809,1.337399,1.336809,1.336809
2026-07-23T09:15:00Z,1.336809,1.337113,1.336791,1.336791
2026-07-23T09:30:00Z,1.336881,1.337793,1.336791,1.337793
2026-07-23T09:45:00Z,1.337721,1.337721,1.337149,1.337149
2026-07-23T10:00:00Z,1.337363,1.337363,1.336827,1.337023
2026-07-23T10:15:00Z,1.337113,1.337113,1.336720,1.336988
2026-07-23T10:30:00Z,1.337077,1.337077,1.336577,1.336577
2026-07-23T10:45:00Z,1.336595,1.337149,1.336237,1.336738
2026-07-23T11:00:00Z,1.336809,1.336863,1.336434,1.336702
2026-07-23T11:15:00Z,1.336720,1.336720,1.335827,1.335827
2026-07-23T11:30:00Z,1.335916,1.335916,1.334347,1.334526
2026-07-23T11:45:00Z,1.334686,1.335666,1.334686,1.335666
2026-07-23T12:00:00Z,1.335470,1.335470,1.334971,1.335470
2026-07-23T12:15:00Z,1.335274,1.335274,1.334063,1.334615
2026-07-23T12:30:00Z,1.334294,1.334686,1.333778,1.334080
2026-07-23T12:45:00Z,1.334063,1.334383,1.333671,1.334205
2026-07-23T13:00:00Z,1.334294,1.334294,1.332889,1.332889
2026-07-23T13:15:00Z,1.332996,1.333618,1.332978,1.333618
2026-07-23T13:30:00Z,1.333725,1.334454,1.333529,1.333885
2026-07-23T13:45:00Z,1.333582,1.333920,1.333031,1.333031
2026-07-23T14:00:00Z,1.333013,1.333013,1.332285,1.332996
2026-07-23T14:15:00Z,1.332871,1.332978,1.332143,1.332481
2026-07-23T14:30:00Z,1.332765,1.332871,1.331984,1.331984
2026-07-23T14:45:00Z,1.331859,1.331984,1.331327,1.331984
2026-07-23T15:00:00Z,1.331966,1.332339,1.331647,1.331859
2026-07-23T15:15:00Z,1.331753,1.332054,1.330814,1.331062
2026-07-23T15:30:00Z,1.330530,1.331186,1.330159,1.330991
2026-07-23T15:45:00Z,1.330884,1.331133,1.330707,1.331009
2026-07-23T16:00:00Z,1.331079,1.331966,1.331079,1.331966
2026-07-23T16:15:00Z,1.331877,1.332054,1.331487,1.331984
2026-07-23T16:30:00Z,1.332019,1.332321,1.331682,1.332321
2026-07-23T16:45:00Z,1.332427,1.332605,1.332374,1.332445
2026-07-23T17:00:00Z,1.332392,1.332463,1.332072,1.332108
2026-07-23T17:15:00Z,1.332090,1.332321,1.332090,1.332090
2026-07-23T17:30:00Z,1.332001,1.332001,1.331771,1.331771
2026-07-23T17:45:00Z,1.331824,1.331948,1.331434,1.331434
2026-07-23T18:00:00Z,1.331452,1.331788,1.331398,1.331717
2026-07-23T18:15:00Z,1.331593,1.331842,1.331434,1.331842
2026-07-23T18:30:00Z,1.331771,1.331877,1.331416,1.331416
2026-07-23T18:45:00Z,1.331469,1.331611,1.331469,1.331522
2026-07-23T19:00:00Z,1.331895,1.331895,1.331398,1.331398
2026-07-23T19:15:00Z,1.331327,1.331647,1.331274,1.331611
2026-07-23T19:30:00Z,1.331806,1.331842,1.331611,1.331611
2026-07-23T19:45:00Z,1.331682,1.331824,1.331540,1.331806
2026-07-23T20:00:00Z,1.331859,1.331966,1.331753,1.331753
2026-07-23T20:15:00Z,1.331682,1.331700,1.331576,1.331682
2026-07-23T20:30:00Z,1.331735,1.331771,1.331522,1.331682
2026-07-23T20:45:00Z,1.331753,1.331753,1.331487,1.331505
2026-07-23T21:00:00Z,1.331629,1.331930,1.331026,1.331824
2026-07-23T21:15:00Z,1.331877,1.331913,1.331717,1.331877
2026-07-23T21:30:00Z,1.331664,1.331913,1.331363,1.331647
2026-07-23T21:45:00Z,1.331629,1.331859,1.331469,1.331611
2026-07-23T22:00:00Z,1.331753,1.331753,1.331469,1.331487
2026-07-23T22:15:00Z,1.331434,1.331629,1.331416,1.331416
2026-07-23T22:30:00Z,1.331363,1.331558,1.331363,1.331434
2026-07-23T22:45:00Z,1.331487,1.331682,1.331487,1.331682
2026-07-23T23:00:00Z,1.331682,1.331682,1.331469,1.331487
2026-07-23T23:15:00Z,1.331522,1.331576,1.331487,1.331558
2026-07-23T23:30:00Z,1.331593,1.331629,1.331257,1.331363
2026-07-23T23:45:00Z,1.331469,1.331593,1.331168,1.331345
2026-07-24T00:00:00Z,1.331274,1.331717,1.331274,1.331647
2026-07-24T00:15:00Z,1.331576,1.331771,1.331522,1.331735
2026-07-24T00:30:00Z,1.331682,1.331824,1.331505,1.331522
2026-07-24T00:45:00Z,1.331487,1.332250,1.331487,1.332250
2026-07-24T01:00:00Z,1.332569,1.332711,1.332339,1.332445
2026-07-24T01:15:00Z,1.332321,1.332498,1.332072,1.332072
2026-07-24T01:30:00Z,1.332054,1.332587,1.332054,1.332587
2026-07-24T01:45:00Z,1.332587,1.332605,1.332090,1.332090
2026-07-24T02:00:00Z,1.332179,1.332179,1.331859,1.332090
2026-07-24T02:15:00Z,1.332108,1.332108,1.331877,1.331930
2026-07-24T02:30:00Z,1.332072,1.332232,1.331930,1.331984
2026-07-24T02:45:00Z,1.331859,1.331913,1.331452,1.331452
2026-07-24T03:00:00Z,1.331469,1.331469,1.331115,1.331257
2026-07-24T03:15:00Z,1.331274,1.331345,1.331168,1.331257
2026-07-24T03:30:00Z,1.331345,1.331487,1.331345,1.331487
2026-07-24T03:45:00Z,1.331452,1.331505,1.331398,1.331487
2026-07-24T04:00:00Z,1.331416,1.331505,1.331398,1.331452
2026-07-24T04:15:00Z,1.331487,1.331505,1.331239,1.331292
2026-07-24T04:30:00Z,1.331292,1.331292,1.330955,1.330955
2026-07-24T04:45:00Z,1.330955,1.331026,1.330743,1.331026
2026-07-24T05:00:00Z,1.331133,1.331274,1.331026,1.331239
2026-07-24T05:15:00Z,1.331239,1.331487,1.331203,1.331469
2026-07-24T05:30:00Z,1.331576,1.331700,1.331487,1.331487
2026-07-24T05:45:00Z,1.331434,1.331522,1.331026,1.331026
2026-07-24T06:00:00Z,1.331097,1.331292,1.330955,1.331133
2026-07-24T06:15:00Z,1.331257,1.332161,1.331257,1.332037
2026-07-24T06:30:00Z,1.332126,1.332463,1.331984,1.332108
2026-07-24T06:45:00Z,1.332197,1.332463,1.332072,1.332463
2026-07-24T07:00:00Z,1.332623,1.333867,1.332356,1.333831
2026-07-24T07:15:00Z,1.333760,1.334187,1.333298,1.334187
2026-07-24T07:30:00Z,1.334223,1.334490,1.333227,1.333351
2026-07-24T07:45:00Z,1.333209,1.333796,1.333138,1.333582
2026-07-24T08:00:00Z,1.333671,1.333671,1.333173,1.333529
2026-07-24T08:15:00Z,1.333600,1.333600,1.332871,1.333120
2026-07-24T08:30:00Z,1.333244,1.333298,1.332765,1.332782
2026-07-24T08:45:00Z,1.332694,1.332694,1.332126,1.332126
2026-07-24T09:00:00Z,1.332090,1.332232,1.331753,1.331753
2026-07-24T09:15:00Z,1.331487,1.331788,1.331452,1.331771
2026-07-24T09:30:00Z,1.331771,1.332250,1.331771,1.331966
2026-07-24T09:45:00Z,1.331859,1.332001,1.331522,1.331771
2026-07-24T10:00:00Z,1.331913,1.331913,1.331434,1.331717
2026-07-24T10:15:00Z,1.331611,1.332871,1.331611,1.332729
2026-07-24T10:30:00Z,1.332711,1.332924,1.332481,1.332569
2026-07-24T10:45:00Z,1.332623,1.332676,1.332001,1.332374
2026-07-24T11:00:00Z,1.332179,1.332818,1.332179,1.332800
2026-07-24T11:15:00Z,1.332765,1.332765,1.332463,1.332587
2026-07-24T11:30:00Z,1.332516,1.332552,1.332054,1.332179
2026-07-24T11:45:00Z,1.332410,1.332410,1.331469,1.332303
2026-07-24T12:00:00Z,1.332534,1.332569,1.331930,1.332445
2026-07-24T12:15:00Z,1.332392,1.332392,1.331629,1.331824
2026-07-24T12:30:00Z,1.331664,1.331664,1.330796,1.330796
2026-07-24T12:45:00Z,1.330991,1.331221,1.330654,1.331062
2026-07-24T13:00:00Z,1.331257,1.331434,1.330690,1.331434
2026-07-24T13:15:00Z,1.331292,1.331700,1.331274,1.331700
2026-07-24T13:30:00Z,1.331877,1.332001,1.331452,1.332001
2026-07-24T13:45:00Z,1.331984,1.332676,1.331913,1.332676
2026-07-24T14:00:00Z,1.332711,1.332907,1.332143,1.332587
2026-07-24T14:15:00Z,1.332658,1.332960,1.332232,1.332853
2026-07-24T14:30:00Z,1.332569,1.332853,1.332498,1.332765
2026-07-24T14:45:00Z,1.332534,1.333369,1.332534,1.332836
2026-07-24T15:00:00Z,1.332552,1.334543,1.332552,1.334241
2026-07-24T15:15:00Z,1.334668,1.334793,1.334027,1.334347
2026-07-24T15:30:00Z,1.334027,1.334526,1.334027,1.334116
2026-07-24T15:45:00Z,1.334241,1.334365,1.334045,1.334116
2026-07-24T16:00:00Z,1.334223,1.334472,1.334027,1.334437
2026-07-24T16:15:00Z,1.334454,1.334543,1.334045,1.334045
2026-07-24T16:30:00Z,1.334045,1.334187,1.333653,1.333653
2026-07-24T16:45:00Z,1.333636,1.333636,1.333244,1.333422
2026-07-24T17:00:00Z,1.333315,1.333315,1.332410,1.332623
2026-07-24T17:15:00Z,1.332587,1.332640,1.332268,1.332623
2026-07-24T17:30:00Z,1.332711,1.332747,1.332232,1.332356
2026-07-24T17:45:00Z,1.332321,1.332640,1.332250,1.332552
2026-07-24T18:00:00Z,1.332552,1.332853,1.332498,1.332836
2026-07-24T18:15:00Z,1.332942,1.332978,1.332658,1.332658
2026-07-24T18:30:00Z,1.332623,1.332729,1.332445,1.332605
2026-07-24T18:45:00Z,1.332605,1.332853,1.332516,1.332569
2026-07-24T19:00:00Z,1.332782,1.332782,1.332587,1.332587
2026-07-24T19:15:00Z,1.332481,1.332640,1.332339,1.332339
2026-07-24T19:30:00Z,1.332552,1.332658,1.332445,1.332463
2026-07-24T19:45:00Z,1.332463,1.332463,1.332232,1.332250
2026-07-24T20:00:00Z,1.332214,1.332303,1.332072,1.332126
2026-07-24T20:15:00Z,1.332072,1.332143,1.332019,1.332037
2026-07-24T20:30:00Z,1.332054,1.332072,1.331735,1.331913
2026-07-24T20:45:00Z,1.331913,1.332392,1.331842,1.332392
2026-07-24T21:00:00Z,1.331859,1.331859,1.331859,1.331859
2026-07-24T21:15:00Z,1.331859,1.331859,1.331859,1.331859
2026-07-26T23:00:00Z,1.334437,1.334543,1.334258,1.334490
2026-07-26T23:15:00Z,1.334437,1.334526,1.334330,1.334437
2026-07-26T23:30:00Z,1.334543,1.334864,1.334526,1.334864
2026-07-26T23:45:00Z,1.334828,1.335185,1.334757,1.335185
2026-07-27T00:00:00Z,1.335363,1.335755,1.335096,1.335755
2026-07-27T00:15:00Z,1.335648,1.336077,1.335631,1.335916
2026-07-27T00:30:00Z,1.336237,1.336309,1.335755,1.335827
2026-07-27T00:45:00Z,1.335755,1.335755,1.335078,1.335078
2026-07-27T01:00:00Z,1.335327,1.335648,1.335292,1.335595
2026-07-27T01:15:00Z,1.335541,1.335648,1.335417,1.335452
2026-07-27T01:30:00Z,1.335559,1.335755,1.335292,1.335559
2026-07-27T01:45:00Z,1.335666,1.336344,1.335666,1.336344
2026-07-27T02:00:00Z,1.336380,1.336380,1.336023,1.336023
2026-07-27T02:15:00Z,1.336077,1.336077,1.335755,1.336041
2026-07-27T02:30:00Z,1.335845,1.336041,1.335720,1.335738
2026-07-27T02:45:00Z,1.335809,1.335809,1.335559,1.335631
2026-07-27T03:00:00Z,1.335684,1.335684,1.335363,1.335363
2026-07-27T03:15:00Z,1.335363,1.335488,1.335363,1.335363
2026-07-27T03:30:00Z,1.335238,1.335256,1.335113,1.335238
2026-07-27T03:45:00Z,1.335238,1.335327,1.335167,1.335185
2026-07-27T04:00:00Z,1.335310,1.335506,1.335310,1.335363
2026-07-27T04:15:00Z,1.335452,1.335541,1.335096,1.335096
2026-07-27T04:30:00Z,1.335167,1.335417,1.335113,1.335327
2026-07-27T04:45:00Z,1.335256,1.335292,1.335096,1.335292
2026-07-27T05:00:00Z,1.335060,1.335577,1.335060,1.335577
2026-07-27T05:15:00Z,1.335613,1.335613,1.335292,1.335417
2026-07-27T05:30:00Z,1.335524,1.335524,1.335310,1.335310
2026-07-27T05:45:00Z,1.335345,1.335631,1.335256,1.335381
2026-07-27T06:00:00Z,1.335417,1.335898,1.335417,1.335559
2026-07-27T06:15:00Z,1.335648,1.335845,1.335274,1.335845
2026-07-27T06:30:00Z,1.335845,1.336112,1.335541,1.335845
2026-07-27T06:45:00Z,1.335970,1.335970,1.334935,1.335060
2026-07-27T07:00:00Z,1.335078,1.335274,1.334169,1.334597
2026-07-27T07:15:00Z,1.334704,1.334828,1.334223,1.334828
2026-07-27T07:30:00Z,1.334668,1.334721,1.334169,1.334169
2026-07-27T07:45:00Z,1.334241,1.334241,1.333867,1.333867
2026-07-27T08:00:00Z,1.333742,1.333778,1.333351,1.333351
2026-07-27T08:15:00Z,1.333262,1.333493,1.333084,1.333493
2026-07-27T08:30:00Z,1.333440,1.333885,1.333262,1.333671
2026-07-27T08:45:00Z,1.333653,1.334027,1.333547,1.333974
2026-07-27T09:00:00Z,1.333760,1.334134,1.333351,1.333351
2026-07-27T09:15:00Z,1.333387,1.333440,1.333173,1.333227
2026-07-27T09:30:00Z,1.333280,1.333565,1.333067,1.333493
2026-07-27T09:45:00Z,1.333404,1.333511,1.333156,1.333280
2026-07-27T10:00:00Z,1.333067,1.333653,1.332889,1.332889
2026-07-27T10:15:00Z,1.333227,1.333351,1.332960,1.332960
2026-07-27T10:30:00Z,1.332871,1.333315,1.332836,1.333244
2026-07-27T10:45:00Z,1.333067,1.333067,1.331771,1.331771
2026-07-27T11:00:00Z,1.331859,1.332143,1.331133,1.331221
2026-07-27T11:15:00Z,1.331292,1.331842,1.331292,1.331735
2026-07-27T11:30:00Z,1.331629,1.331895,1.331434,1.331842
2026-07-27T11:45:00Z,1.331664,1.331664,1.331327,1.331398
2026-07-27T12:00:00Z,1.331522,1.331824,1.331009,1.331044
2026-07-27T12:15:00Z,1.330955,1.331540,1.330831,1.331345
2026-07-27T12:30:00Z,1.331203,1.331203,1.330513,1.330973
2026-07-27T12:45:00Z,1.330973,1.331735,1.330973,1.331735
2026-07-27T13:00:00Z,1.331345,1.331682,1.331009,1.331682
2026-07-27T13:15:00Z,1.331505,1.331505,1.331239,1.331239
2026-07-27T13:30:00Z,1.331806,1.332037,1.331629,1.331629
2026-07-27T13:45:00Z,1.331664,1.331824,1.330955,1.330973
2026-07-27T14:00:00Z,1.330637,1.331664,1.330637,1.331664
2026-07-27T14:15:00Z,1.331735,1.331735,1.330867,1.330867
2026-07-27T14:30:00Z,1.330725,1.331168,1.330707,1.330743
2026-07-27T14:45:00Z,1.330654,1.330938,1.330123,1.330247
2026-07-27T15:00:00Z,1.330336,1.330530,1.330123,1.330353
2026-07-27T15:15:00Z,1.330389,1.330707,1.330353,1.330583
2026-07-27T15:30:00Z,1.330619,1.330619,1.330230,1.330424
2026-07-27T15:45:00Z,1.330424,1.330601,1.330141,1.330371
2026-07-27T16:00:00Z,1.330336,1.330442,1.330052,1.330052
2026-07-27T16:15:00Z,1.330141,1.331363,1.330141,1.331044
2026-07-27T16:30:00Z,1.331150,1.331150,1.330743,1.330743
2026-07-27T16:45:00Z,1.330743,1.330743,1.330318,1.330424
2026-07-27T17:00:00Z,1.330318,1.330353,1.328833,1.329292
2026-07-27T17:15:00Z,1.329204,1.329204,1.328604,1.328656
2026-07-27T17:30:00Z,1.328604,1.329063,1.328498,1.328621
2026-07-27T17:45:00Z,1.328621,1.329186,1.328621,1.329186
2026-07-27T18:00:00Z,1.329116,1.329275,1.329116,1.329275
2026-07-27T18:15:00Z,1.329133,1.329151,1.328921,1.328939
2026-07-27T18:30:00Z,1.329027,1.329239,1.328868,1.329133
2026-07-27T18:45:00Z,1.329116,1.329169,1.328727,1.328727
2026-07-27T19:00:00Z,1.329186,1.329186,1.328904,1.328957
2026-07-27T19:15:00Z,1.329010,1.329292,1.329010,1.329292
2026-07-27T19:30:00Z,1.329416,1.329716,1.329363,1.329557
2026-07-27T19:45:00Z,1.329557,1.329557,1.329239,1.329239
2026-07-27T20:00:00Z,1.329222,1.329292,1.329027,1.329204
2026-07-27T20:15:00Z,1.329204,1.329239,1.329010,1.329045
2026-07-27T20:30:00Z,1.328992,1.329045,1.328656,1.328656
2026-07-27T20:45:00Z,1.328692,1.328939,1.328621,1.328939
2026-07-27T21:00:00Z,1.330212,1.330212,1.329010,1.329398
2026-07-27T21:15:00Z,1.329575,1.329593,1.329045,1.329575
2026-07-27T21:30:00Z,1.329363,1.329646,1.329133,1.329593
2026-07-27T21:45:00Z,1.329310,1.329540,1.329151,1.329151
2026-07-27T22:00:00Z,1.329151,1.329204,1.328833,1.329010
2026-07-27T22:15:00Z,1.329151,1.329204,1.328939,1.328939
2026-07-27T22:30:00Z,1.328939,1.329133,1.328851,1.328974
2026-07-27T22:45:00Z,1.328939,1.328974,1.328904,1.328904
2026-07-27T23:00:00Z,1.328886,1.329133,1.328745,1.329133
2026-07-27T23:15:00Z,1.328851,1.328992,1.328851,1.328992
2026-07-27T23:30:00Z,1.328974,1.329133,1.328957,1.329133
2026-07-27T23:45:00Z,1.329027,1.329063,1.328762,1.329027
2026-07-28T00:00:00Z,1.328957,1.328974,1.328656,1.328833
2026-07-28T00:15:00Z,1.328815,1.329363,1.328815,1.329310
2026-07-28T00:30:00Z,1.329292,1.329345,1.329151,1.329151
2026-07-28T00:45:00Z,1.329151,1.329328,1.328921,1.329328
2026-07-28T01:00:00Z,1.329345,1.329823,1.329345,1.329345
2026-07-28T01:15:00Z,1.329239,1.329522,1.329239,1.329522
2026-07-28T01:30:00Z,1.329522,1.329575,1.329292,1.329292
2026-07-28T01:45:00Z,1.329363,1.329363,1.329063,1.329239
2026-07-28T02:00:00Z,1.329275,1.329646,1.329133,1.329575
2026-07-28T02:15:00Z,1.329487,1.329610,1.329310,1.329381
2026-07-28T02:30:00Z,1.329345,1.329487,1.329275,1.329487
2026-07-28T02:45:00Z,1.329381,1.330035,1.329381,1.329929
2026-07-28T03:00:00Z,1.329929,1.329929,1.329628,1.329770
2026-07-28T03:15:00Z,1.329858,1.330141,1.329805,1.330141
2026-07-28T03:30:00Z,1.330194,1.330460,1.330035,1.330035
2026-07-28T03:45:00Z,1.330052,1.330159,1.329805,1.329858
2026-07-28T04:00:00Z,1.329752,1.329752,1.329363,1.329416
2026-07-28T04:15:00Z,1.329292,1.329593,1.329292,1.329451
2026-07-28T04:30:00Z,1.329292,1.329522,1.329292,1.329434
2026-07-28T04:45:00Z,1.329504,1.329646,1.329328,1.329469
2026-07-28T05:00:00Z,1.329557,1.329557,1.328904,1.328904
2026-07-28T05:15:00Z,1.328833,1.328939,1.328709,1.328939
2026-07-28T05:30:00Z,1.329151,1.329151,1.328674,1.328957
2026-07-28T05:45:00Z,1.328974,1.328992,1.328709,1.328904
2026-07-28T06:00:00Z,1.328939,1.329045,1.328709,1.329045
2026-07-28T06:15:00Z,1.329116,1.329540,1.329063,1.329540
2026-07-28T06:30:00Z,1.329434,1.329646,1.329310,1.329628
2026-07-28T06:45:00Z,1.329522,1.330141,1.329328,1.329982
2026-07-28T07:00:00Z,1.329646,1.330176,1.329540,1.330106
2026-07-28T07:15:00Z,1.330230,1.330495,1.330159,1.330406
2026-07-28T07:30:00Z,1.330353,1.330513,1.329787,1.329787
2026-07-28T07:45:00Z,1.329787,1.329787,1.329257,1.329310
2026-07-28T08:00:00Z,1.329398,1.330265,1.329363,1.329999
2026-07-28T08:15:00Z,1.330017,1.330495,1.329982,1.330035
2026-07-28T08:30:00Z,1.330230,1.330230,1.329770,1.330070
2026-07-28T08:45:00Z,1.330070,1.330371,1.329946,1.330247
2026-07-28T09:00:00Z,1.330336,1.330353,1.329416,1.329434
2026-07-28T09:15:00Z,1.329557,1.329610,1.329328,1.329381
2026-07-28T09:30:00Z,1.329275,1.329345,1.328974,1.328974
2026-07-28T09:45:00Z,1.328762,1.328851,1.328092,1.328145
2026-07-28T10:00:00Z,1.327915,1.327915,1.327457,1.327739
2026-07-28T10:15:00Z,1.327704,1.327933,1.327422,1.327863
2026-07-28T10:30:00Z,1.327827,1.328180,1.327739,1.327774
2026-07-28T10:45:00Z,1.327721,1.328074,1.327598,1.327951
2026-07-28T11:00:00Z,1.328127,1.328127,1.327528,1.327686
2026-07-28T11:15:00Z,1.327810,1.328321,1.327792,1.328074
2026-07-28T11:30:00Z,1.328109,1.328286,1.328057,1.328145
2026-07-28T11:45:00Z,1.328162,1.328162,1.327563,1.328109
2026-07-28T12:00:00Z,1.328092,1.328604,1.327968,1.328604
2026-07-28T12:15:00Z,1.328692,1.328780,1.328515,1.328568
2026-07-28T12:30:00Z,1.328639,1.329451,1.328409,1.329451
2026-07-28T12:45:00Z,1.329593,1.329946,1.329416,1.329946
2026-07-28T13:00:00Z,1.329840,1.330353,1.329646,1.329646
2026-07-28T13:15:00Z,1.329716,1.329929,1.329610,1.329716
2026-07-28T13:30:00Z,1.329858,1.329893,1.329557,1.329734
2026-07-28T13:45:00Z,1.329681,1.330247,1.329681,1.330052
2026-07-28T14:00:00Z,1.330159,1.330176,1.329628,1.329628
2026-07-28T14:15:00Z,1.329540,1.329593,1.329239,1.329593
2026-07-28T14:30:00Z,1.329663,1.329823,1.329310,1.329504
2026-07-28T14:45:00Z,1.329345,1.329451,1.328780,1.329204
2026-07-28T15:00:00Z,1.329363,1.330265,1.328957,1.330265
2026-07-28T15:15:00Z,1.330247,1.330725,1.330194,1.330530
2026-07-28T15:30:00Z,1.330460,1.330867,1.330353,1.330849
2026-07-28T15:45:00Z,1.330920,1.331133,1.330637,1.330867
2026-07-28T16:00:00Z,1.330920,1.331079,1.330690,1.330760
2026-07-28T16:15:00Z,1.330778,1.330884,1.330566,1.330849
2026-07-28T16:30:00Z,1.330707,1.330991,1.330566,1.330583
2026-07-28T16:45:00Z,1.330583,1.330583,1.330159,1.330159
2026-07-28T17:00:00Z,1.330176,1.330495,1.329946,1.330017
2026-07-28T17:15:00Z,1.330035,1.330389,1.329982,1.329982
2026-07-28T17:30:00Z,1.329964,1.330035,1.329646,1.329646
2026-07-28T17:45:00Z,1.329663,1.329663,1.329222,1.329222
2026-07-28T18:00:00Z,1.329239,1.329292,1.328974,1.329080
2026-07-28T18:15:00Z,1.329169,1.329239,1.328745,1.328815
2026-07-28T18:30:00Z,1.328921,1.329133,1.328921,1.329133
2026-07-28T18:45:00Z,1.329045,1.329133,1.328886,1.328939
2026-07-28T19:00:00Z,1.328921,1.329345,1.328921,1.329151
2026-07-28T19:15:00Z,1.329116,1.329540,1.329116,1.329133
2026-07-28T19:30:00Z,1.329133,1.329239,1.329133,1.329169
2026-07-28T19:45:00Z,1.329239,1.329557,1.328868,1.328868
2026-07-28T20:00:00Z,1.328815,1.329133,1.328815,1.329133
2026-07-28T20:15:00Z,1.329116,1.329151,1.328798,1.328868
2026-07-28T20:30:00Z,1.328868,1.328921,1.328745,1.328886
2026-07-28T20:45:00Z,1.328851,1.329045,1.328727,1.328904
2026-07-28T21:00:00Z,1.329911,1.330159,1.328798,1.329363
2026-07-28T21:15:00Z,1.329063,1.329699,1.329063,1.329328
2026-07-28T21:30:00Z,1.329328,1.329487,1.329204,1.329398
2026-07-28T21:45:00Z,1.329363,1.329363,1.328921,1.328921
2026-07-28T22:00:00Z,1.328939,1.329169,1.328886,1.328886
2026-07-28T22:15:00Z,1.328815,1.328868,1.328409,1.328533
2026-07-28T22:30:00Z,1.328604,1.328639,1.328427,1.328462
2026-07-28T22:45:00Z,1.328445,1.328551,1.328409,1.328551
2026-07-28T23:00:00Z,1.328374,1.328374,1.328092,1.328374
2026-07-28T23:15:00Z,1.328445,1.328533,1.328339,1.328533
2026-07-28T23:30:00Z,1.328533,1.328533,1.328445,1.328462
2026-07-28T23:45:00Z,1.328551,1.328727,1.328515,1.328621
2026-07-29T00:00:00Z,1.328568,1.328798,1.328445,1.328551
2026-07-29T00:15:00Z,1.328586,1.329186,1.328586,1.329116
2026-07-29T00:30:00Z,1.329239,1.329239,1.329080,1.329204
2026-07-29T00:45:00Z,1.329275,1.329345,1.328974,1.329345
2026-07-29T01:00:00Z,1.329292,1.329469,1.328780,1.328780
2026-07-29T01:15:00Z,1.328851,1.329257,1.328851,1.329027
2026-07-29T01:30:00Z,1.328568,1.328868,1.328268,1.328392
2026-07-29T01:45:00Z,1.328339,1.328921,1.328304,1.328921
2026-07-29T02:00:00Z,1.328974,1.329416,1.328868,1.329363
2026-07-29T02:15:00Z,1.329381,1.329805,1.329345,1.329487
2026-07-29T02:30:00Z,1.329593,1.329805,1.329540,1.329628
2026-07-29T02:45:00Z,1.329557,1.329575,1.329345,1.329487
2026-07-29T03:00:00Z,1.329434,1.329716,1.329434,1.329646
2026-07-29T03:15:00Z,1.329646,1.329840,1.329646,1.329840
2026-07-29T03:30:00Z,1.329823,1.329893,1.329716,1.329770
2026-07-29T03:45:00Z,1.329770,1.329982,1.329504,1.329504
2026-07-29T04:00:00Z,1.329575,1.329946,1.329575,1.329911
2026-07-29T04:15:00Z,1.329893,1.330017,1.329787,1.329787
2026-07-29T04:30:00Z,1.329734,1.330176,1.329734,1.330088
2026-07-29T04:45:00Z,1.330070,1.330070,1.329610,1.329858
2026-07-29T05:00:00Z,1.329876,1.330106,1.329858,1.330106
2026-07-29T05:15:00Z,1.330176,1.330176,1.329893,1.329893
2026-07-29T05:30:00Z,1.329823,1.330035,1.329752,1.329911
2026-07-29T05:45:00Z,1.330035,1.330212,1.329893,1.329964
2026-07-29T06:00:00Z,1.330088,1.330353,1.329893,1.330159
2026-07-29T06:15:00Z,1.330336,1.330353,1.329557,1.329681
2026-07-29T06:30:00Z,1.329522,1.329964,1.329522,1.329946
2026-07-29T06:45:00Z,1.329911,1.329929,1.329593,1.329752
2026-07-29T07:00:00Z,1.329734,1.330088,1.329663,1.329734
2026-07-29T07:15:00Z,1.329752,1.330300,1.329752,1.330212
2026-07-29T07:30:00Z,1.330123,1.330707,1.330123,1.330442
2026-07-29T07:45:00Z,1.330230,1.330265,1.330106,1.330265
2026-07-29T08:00:00Z,1.330265,1.330477,1.329787,1.329787
2026-07-29T08:15:00Z,1.329823,1.330460,1.329823,1.330247
2026-07-29T08:30:00Z,1.330141,1.330548,1.329964,1.330548
2026-07-29T08:45:00Z,1.330654,1.330938,1.330583,1.330583
2026-07-29T09:00:00Z,1.330460,1.330530,1.330300,1.330406
2026-07-29T09:15:00Z,1.330477,1.330566,1.330247,1.330371
2026-07-29T09:30:00Z,1.330442,1.330442,1.329628,1.330035
2026-07-29T09:45:00Z,1.330212,1.330212,1.329823,1.329823
2026-07-29T10:00:00Z,1.329610,1.329646,1.329239,1.329239
2026-07-29T10:15:00Z,1.329257,1.329381,1.328992,1.329027
2026-07-29T10:30:00Z,1.329345,1.329345,1.329116,1.329222
2026-07-29T10:45:00Z,1.329434,1.329434,1.328921,1.329116
2026-07-29T11:00:00Z,1.329151,1.329504,1.329151,1.329469
2026-07-29T11:15:00Z,1.329504,1.329681,1.329292,1.329681
2026-07-29T11:30:00Z,1.329805,1.329805,1.329222,1.329310
2026-07-29T11:45:00Z,1.329381,1.329557,1.329151,1.329186
2026-07-29T12:00:00Z,1.329381,1.329381,1.328709,1.328709
2026-07-29T12:15:00Z,1.328551,1.328568,1.328057,1.328427
2026-07-29T12:30:00Z,1.328198,1.328780,1.328198,1.328604
2026-07-29T12:45:00Z,1.328674,1.328762,1.328198,1.328356
2026-07-29T13:00:00Z,1.328551,1.328604,1.328233,1.328233
2026-07-29T13:15:00Z,1.328304,1.328868,1.328233,1.328851
2026-07-29T13:30:00Z,1.328833,1.329080,1.328339,1.328727
2026-07-29T13:45:00Z,1.328939,1.329363,1.328851,1.329310
2026-07-29T14:00:00Z,1.329540,1.329681,1.329222,1.329292
2026-07-29T14:15:00Z,1.329257,1.329840,1.328939,1.329840
2026-07-29T14:30:00Z,1.329840,1.330424,1.329770,1.329770
2026-07-29T14:45:00Z,1.329770,1.329770,1.328445,1.328798
2026-07-29T15:00:00Z,1.328851,1.329310,1.328551,1.329116
2026-07-29T15:15:00Z,1.329098,1.329275,1.328427,1.328533
2026-07-29T15:30:00Z,1.328533,1.328957,1.328533,1.328762
2026-07-29T15:45:00Z,1.328833,1.328939,1.328621,1.328762
2026-07-29T16:00:00Z,1.328692,1.328745,1.328198,1.328339
2026-07-29T16:15:00Z,1.328092,1.328586,1.328092,1.328551
2026-07-29T16:30:00Z,1.328551,1.328551,1.328145,1.328268
2026-07-29T16:45:00Z,1.328286,1.328851,1.328286,1.328851
2026-07-29T17:00:00Z,1.328957,1.329610,1.328868,1.329504
2026-07-29T17:15:00Z,1.329540,1.329964,1.329522,1.329681
2026-07-29T17:30:00Z,1.329787,1.330495,1.329770,1.330495
2026-07-29T17:45:00Z,1.330566,1.330690,1.330141,1.330230
2026-07-29T18:00:00Z,1.332481,1.334205,1.332481,1.333529
2026-07-29T18:15:00Z,1.333992,1.333992,1.332587,1.332978
2026-07-29T18:30:00Z,1.333493,1.334526,1.331753,1.334526
2026-07-29T18:45:00Z,1.334775,1.336559,1.334775,1.336416
2026-07-29T19:00:00Z,1.336702,1.336934,1.335720,1.336934
2026-07-29T19:15:00Z,1.337167,1.338581,1.336041,1.336077
2026-07-29T19:30:00Z,1.335845,1.335952,1.335149,1.335809
2026-07-29T19:45:00Z,1.335738,1.335880,1.334793,1.334793
2026-07-29T20:00:00Z,1.334579,1.334989,1.334401,1.334810
2026-07-29T20:15:00Z,1.334686,1.334989,1.334615,1.334828
2026-07-29T20:30:00Z,1.334615,1.336309,1.334615,1.336309
2026-07-29T20:45:00Z,1.336273,1.336916,1.336220,1.336827
2026-07-29T21:00:00Z,1.336773,1.337274,1.334526,1.336398
2026-07-29T21:15:00Z,1.336577,1.336666,1.336291,1.336559
2026-07-29T21:30:00Z,1.336505,1.336738,1.336380,1.336523
2026-07-29T21:45:00Z,1.336702,1.336863,1.336166,1.336309
2026-07-29T22:00:00Z,1.336523,1.336988,1.336523,1.336988
2026-07-29T22:15:00Z,1.336934,1.336934,1.336505,1.336791
2026-07-29T22:30:00Z,1.336791,1.336898,1.336791,1.336827
2026-07-29T22:45:00Z,1.336845,1.336970,1.336791,1.336970
2026-07-29T23:00:00Z,1.337095,1.337560,1.337041,1.337041
2026-07-29T23:15:00Z,1.336970,1.337023,1.336612,1.336666
2026-07-29T23:30:00Z,1.336630,1.336791,1.336541,1.336612
2026-07-29T23:45:00Z,1.336505,1.336952,1.336505,1.336738
2026-07-30T00:00:00Z,1.336773,1.336791,1.336380,1.336702
2026-07-30T00:15:00Z,1.336684,1.336702,1.335488,1.335524
2026-07-30T00:30:00Z,1.335559,1.335666,1.335399,1.335399
2026-07-30T00:45:00Z,1.335506,1.335631,1.335399,1.335541
2026-07-30T01:00:00Z,1.335541,1.335970,1.335541,1.335863
2026-07-30T01:15:00Z,1.335738,1.335738,1.335327,1.335452
2026-07-30T01:30:00Z,1.335417,1.335863,1.335417,1.335541
2026-07-30T01:45:00Z,1.335470,1.335755,1.335256,1.335292
2026-07-30T02:00:00Z,1.335434,1.335631,1.335345,1.335345
2026-07-30T02:15:00Z,1.335256,1.335256,1.334935,1.334971
2026-07-30T02:30:00Z,1.334971,1.335220,1.334971,1.335042
2026-07-30T02:45:00Z,1.335167,1.335238,1.334989,1.334989
2026-07-30T03:00:00Z,1.334989,1.335007,1.334508,1.334579
2026-07-30T03:15:00Z,1.334508,1.334579,1.334294,1.334508
2026-07-30T03:30:00Z,1.334454,1.334810,1.334454,1.334810
2026-07-30T03:45:00Z,1.334775,1.334846,1.334632,1.334632
2026-07-30T04:00:00Z,1.334472,1.334828,1.334383,1.334828
2026-07-30T04:15:00Z,1.334793,1.334900,1.334793,1.334846
2026-07-30T04:30:00Z,1.334864,1.334971,1.334668,1.334668
2026-07-30T04:45:00Z,1.334668,1.334810,1.334454,1.334472
2026-07-30T05:00:00Z,1.334490,1.334900,1.334490,1.334757
2026-07-30T05:15:00Z,1.334810,1.335613,1.334793,1.335577
2026-07-30T05:30:00Z,1.335559,1.335631,1.335256,1.335345
2026-07-30T05:45:00Z,1.335434,1.335559,1.334882,1.334900
2026-07-30T06:00:00Z,1.335185,1.335185,1.333511,1.333511
2026-07-30T06:15:00Z,1.333867,1.333867,1.333565,1.333707
2026-07-30T06:30:00Z,1.333653,1.334027,1.333404,1.333938
2026-07-30T06:45:00Z,1.333938,1.334597,1.333938,1.334205
2026-07-30T07:00:00Z,1.334526,1.335096,1.334294,1.334508
2026-07-30T07:15:00Z,1.334561,1.335007,1.333992,1.333992
2026-07-30T07:30:00Z,1.333760,1.334401,1.333760,1.334401
2026-07-30T07:45:00Z,1.334152,1.334276,1.333849,1.333938
2026-07-30T08:00:00Z,1.334169,1.335096,1.333956,1.335007
2026-07-30T08:15:00Z,1.335131,1.335738,1.335007,1.335738
2026-07-30T08:30:00Z,1.335898,1.336095,1.335256,1.335791
2026-07-30T08:45:00Z,1.336041,1.336184,1.335524,1.335541
2026-07-30T09:00:00Z,1.335666,1.337006,1.335666,1.337006
2026-07-30T09:15:00Z,1.337202,1.337632,1.337184,1.337560
2026-07-30T09:30:00Z,1.337292,1.338025,1.337292,1.338007
2026-07-30T09:45:00Z,1.337936,1.338437,1.337793,1.338043
2026-07-30T10:00:00Z,1.337990,1.338563,1.337793,1.338563
2026-07-30T10:15:00Z,1.338796,1.339154,1.337936,1.338240
2026-07-30T10:30:00Z,1.338330,1.340034,1.338330,1.339908
2026-07-30T10:45:00Z,1.340034,1.340554,1.339154,1.339154
2026-07-30T11:00:00Z,1.339710,1.339710,1.338312,1.338312
2026-07-30T11:15:00Z,1.338473,1.338473,1.337596,1.337596
2026-07-30T11:30:00Z,1.337524,1.337990,1.337435,1.337524
2026-07-30T11:45:00Z,1.337417,1.338706,1.337417,1.338706
2026-07-30T12:00:00Z,1.338921,1.339513,1.338849,1.339387
2026-07-30T12:15:00Z,1.339029,1.339226,1.338401,1.339154
2026-07-30T12:30:00Z,1.339567,1.339567,1.337721,1.338867
2026-07-30T12:45:00Z,1.338634,1.338634,1.337023,1.337345
2026-07-30T13:00:00Z,1.337256,1.337829,1.337041,1.337435
2026-07-30T13:15:00Z,1.336970,1.337667,1.336934,1.337238
2026-07-30T13:30:00Z,1.337149,1.341526,1.337149,1.341526
2026-07-30T13:45:00Z,1.341724,1.342642,1.340339,1.342642
2026-07-30T14:00:00Z,1.342823,1.344520,1.342823,1.344194
2026-07-30T14:15:00Z,1.344466,1.344592,1.342985,1.342985
2026-07-30T14:30:00Z,1.343183,1.343508,1.342642,1.342913
2026-07-30T14:45:00Z,1.343292,1.343292,1.342823,1.342823
2026-07-30T15:00:00Z,1.342444,1.343256,1.342300,1.342805
2026-07-30T15:15:00Z,1.343201,1.344267,1.343201,1.344213
2026-07-30T15:30:00Z,1.344158,1.345696,1.344158,1.345696
2026-07-30T15:45:00Z,1.345877,1.346294,1.345605,1.345949
2026-07-30T16:00:00Z,1.346330,1.346656,1.346149,1.346330
2026-07-30T16:15:00Z,1.346547,1.346983,1.346529,1.346783
2026-07-30T16:30:00Z,1.346801,1.347037,1.346185,1.346185
2026-07-30T16:45:00Z,1.346058,1.346330,1.345804,1.346330
2026-07-30T17:00:00Z,1.346566,1.346620,1.346203,1.346203
2026-07-30T17:15:00Z,1.346058,1.346221,1.345804,1.345841
2026-07-30T17:30:00Z,1.345931,1.346856,1.345732,1.346747
2026-07-30T17:45:00Z,1.346910,1.347182,1.346820,1.347146
2026-07-30T18:00:00Z,1.347436,1.347436,1.346783,1.347164
2026-07-30T18:15:00Z,1.347273,1.347273,1.346674,1.346965
2026-07-30T18:30:00Z,1.347074,1.347291,1.346874,1.347001
2026-07-30T18:45:00Z,1.347164,1.347564,1.347146,1.347564
2026-07-30T19:00:00Z,1.347636,1.347654,1.347055,1.347201
2026-07-30T19:15:00Z,1.346946,1.347546,1.346946,1.347237
2026-07-30T19:30:00Z,1.347182,1.347291,1.347128,1.347255
2026-07-30T19:45:00Z,1.347182,1.347346,1.346892,1.347164
2026-07-30T20:00:00Z,1.346946,1.347255,1.346946,1.347128
2026-07-30T20:15:00Z,1.347110,1.347110,1.346602,1.346602
2026-07-30T20:30:00Z,1.346566,1.346965,1.346566,1.346765
2026-07-30T20:45:00Z,1.346765,1.346783,1.346493,1.346602
2026-07-30T21:00:00Z,1.346312,1.346656,1.346239,1.346294
2026-07-30T21:15:00Z,1.346276,1.346421,1.346131,1.346402
2026-07-30T21:30:00Z,1.346421,1.346439,1.346131,1.346294
2026-07-30T21:45:00Z,1.346566,1.346566,1.346221,1.346239
2026-07-30T22:00:00Z,1.346493,1.346892,1.346493,1.346638
2026-07-30T22:15:00Z,1.346638,1.346765,1.346547,1.346638
2026-07-30T22:30:00Z,1.346602,1.347037,1.346602,1.346856
2026-07-30T22:45:00Z,1.346892,1.346928,1.346692,1.346692
2026-07-30T23:00:00Z,1.346910,1.346965,1.346294,1.346402
2026-07-30T23:15:00Z,1.346402,1.346547,1.346221,1.346312
2026-07-30T23:30:00Z,1.346221,1.346330,1.346040,1.346149
2026-07-30T23:45:00Z,1.346276,1.346366,1.346112,1.346112
2026-07-31T00:00:00Z,1.346112,1.346330,1.345823,1.346112
2026-07-31T00:15:00Z,1.346131,1.346529,1.346004,1.346185
2026-07-31T00:30:00Z,1.346203,1.346294,1.345424,1.345569
2026-07-31T00:45:00Z,1.345641,1.346040,1.345460,1.345895
2026-07-31T01:00:00Z,1.346040,1.346257,1.345732,1.345732
2026-07-31T01:15:00Z,1.345768,1.345877,1.345587,1.345823
2026-07-31T01:30:00Z,1.345605,1.345968,1.345225,1.345243
2026-07-31T01:45:00Z,1.345243,1.345279,1.344936,1.345135
2026-07-31T02:00:00Z,1.345153,1.345968,1.345116,1.345968
2026-07-31T02:15:00Z,1.345750,1.345841,1.345497,1.345623
2026-07-31T02:30:00Z,1.345605,1.345732,1.345279,1.345334
2026-07-31T02:45:00Z,1.345225,1.345297,1.345044,1.345062
2026-07-31T03:00:00Z,1.345062,1.345153,1.344682,1.344809
2026-07-31T03:15:00Z,1.344791,1.344845,1.344592,1.344701
2026-07-31T03:30:00Z,1.344701,1.344899,1.344682,1.344773
2026-07-31T03:45:00Z,1.344863,1.345171,1.344863,1.345171
2026-07-31T04:00:00Z,1.345171,1.345261,1.345008,1.345008
2026-07-31T04:15:00Z,1.344918,1.345116,1.344918,1.344936
2026-07-31T04:30:00Z,1.344863,1.344863,1.344520,1.344520
2026-07-31T04:45:00Z,1.344466,1.344646,1.344357,1.344610
2026-07-31T05:00:00Z,1.344574,1.344954,1.344574,1.344773
2026-07-31T05:15:00Z,1.344610,1.344737,1.344411,1.344502
2026-07-31T05:30:00Z,1.344375,1.344682,1.344339,1.344339
2026-07-31T05:45:00Z,1.344249,1.344411,1.344122,1.344411
2026-07-31T06:00:00Z,1.344411,1.345479,1.344411,1.345334
2026-07-31T06:15:00Z,1.345297,1.346058,1.345189,1.345968
2026-07-31T06:30:00Z,1.345841,1.345841,1.344737,1.344845
2026-07-31T06:45:00Z,1.345171,1.346131,1.345171,1.345297
2026-07-31T07:00:00Z,1.345207,1.345533,1.345098,1.345533
2026-07-31T07:15:00Z,1.345370,1.345370,1.344610,1.345370
2026-07-31T07:30:00Z,1.345098,1.345225,1.344664,1.345225
2026-07-31T07:45:00Z,1.345243,1.346167,1.345243,1.345279
2026-07-31T08:00:00Z,1.345243,1.345243,1.344068,1.344303
2026-07-31T08:15:00Z,1.344267,1.344628,1.343761,1.343978
2026-07-31T08:30:00Z,1.343905,1.344538,1.343616,1.344411
2026-07-31T08:45:00Z,1.344520,1.346257,1.344502,1.346257
2026-07-31T09:00:00Z,1.346239,1.346820,1.345859,1.345859
2026-07-31T09:15:00Z,1.345714,1.346221,1.345641,1.345641
2026-07-31T09:30:00Z,1.345605,1.345605,1.344990,1.344990
2026-07-31T09:45:00Z,1.344773,1.345388,1.344701,1.344954
2026-07-31T10:00:00Z,1.344918,1.345116,1.344610,1.344845
2026-07-31T10:15:00Z,1.344809,1.344918,1.344411,1.344881
2026-07-31T10:30:00Z,1.344592,1.344936,1.344592,1.344899
2026-07-31T10:45:00Z,1.344845,1.344845,1.344502,1.344574
2026-07-31T11:00:00Z,1.344285,1.344447,1.343833,1.344176
2026-07-31T11:15:00Z,1.344104,1.344104,1.343418,1.343472
2026-07-31T11:30:00Z,1.343111,1.343111,1.342408,1.342408
2026-07-31T11:45:00Z,1.342534,1.342534,1.341922,1.341958
2026-07-31T12:00:00Z,1.341706,1.342318,1.341670,1.342084
2026-07-31T12:15:00Z,1.342210,1.342210,1.341850,1.341940
2026-07-31T12:30:00Z,1.341670,1.342156,1.341670,1.342138
2026-07-31T12:45:00Z,1.342084,1.342841,1.342084,1.342228
2026-07-31T13:00:00Z,1.342192,1.342336,1.341598,1.341598
2026-07-31T13:15:00Z,1.341508,1.343201,1.341328,1.343057
2026-07-31T13:30:00Z,1.343057,1.343057,1.340321,1.340788
2026-07-31T13:45:00Z,1.340932,1.342048,1.340662,1.340878
2026-07-31T14:00:00Z,1.340788,1.341616,1.340554,1.341616
2026-07-31T14:15:00Z,1.341760,1.342318,1.341310,1.342246
2026-07-31T14:30:00Z,1.342336,1.344321,1.342336,1.344321
2026-07-31T14:45:00Z,1.344574,1.345949,1.344574,1.345750
2026-07-31T15:00:00Z,1.345968,1.346439,1.345587,1.346167
2026-07-31T15:15:00Z,1.346384,1.346747,1.345931,1.346004
2026-07-31T15:30:00Z,1.346131,1.346838,1.345931,1.346692
2026-07-31T15:45:00Z,1.346566,1.347201,1.346566,1.346874
2026-07-31T16:00:00Z,1.346838,1.346928,1.346511,1.346928
2026-07-31T16:15:00Z,1.346765,1.346874,1.346276,1.346276
2026-07-31T16:30:00Z,1.346366,1.346747,1.346366,1.346457
2026-07-31T16:45:00Z,1.346547,1.346838,1.346457,1.346638
2026-07-31T17:00:00Z,1.346584,1.347436,1.346547,1.347436
2026-07-31T17:15:00Z,1.347182,1.347709,1.346965,1.347709
2026-07-31T17:30:00Z,1.347800,1.348454,1.347800,1.348454
2026-07-31T17:45:00Z,1.348327,1.348800,1.347527,1.348509
2026-07-31T18:00:00Z,1.348381,1.348709,1.347800,1.347800
2026-07-31T18:15:00Z,1.347582,1.347981,1.347582,1.347890
2026-07-31T18:30:00Z,1.347818,1.347945,1.347673,1.347836
2026-07-31T18:45:00Z,1.347818,1.348327,1.347636,1.348236
2026-07-31T19:00:00Z,1.348527,1.348545,1.348363,1.348436
2026-07-31T19:15:00Z,1.348327,1.348418,1.348109,1.348418
2026-07-31T19:30:00Z,1.348309,1.348418,1.347890,1.348418
2026-07-31T19:45:00Z,1.348618,1.348618,1.347745,1.347745
2026-07-31T20:00:00Z,1.347618,1.347673,1.347346,1.347636
2026-07-31T20:15:00Z,1.347909,1.348818,1.347909,1.348418
2026-07-31T20:30:00Z,1.348527,1.349127,1.348527,1.349127
2026-07-31T20:45:00Z,1.349164,1.349400,1.348018,1.348345
2026-07-31T21:00:00Z,1.348672,1.348672,1.348672,1.348672
2026-07-31T21:15:00Z,1.348672,1.348672,1.348672,1.348672
2026-08-02T23:00:00Z,1.349546,1.349601,1.349127,1.349273
2026-08-02T23:15:00Z,1.349236,1.349236,1.349036,1.349218
2026-08-02T23:30:00Z,1.349346,1.349364,1.348927,1.349309
2026-08-02T23:45:00Z,1.349200,1.349291,1.349091,1.349145
2026-08-03T00:00:00Z,1.348963,1.348963,1.348418,1.348454
2026-08-03T00:15:00Z,1.348581,1.349655,1.348509,1.349655
2026-08-03T00:30:00Z,1.349673,1.350293,1.349509,1.350293
2026-08-03T00:45:00Z,1.350074,1.350074,1.348709,1.348800
2026-08-03T01:00:00Z,1.348636,1.348854,1.347709,1.347709
2026-08-03T01:15:00Z,1.347564,1.347564,1.347237,1.347364
2026-08-03T01:30:00Z,1.347328,1.347436,1.347128,1.347436
2026-08-03T01:45:00Z,1.347346,1.347436,1.347201,1.347436
2026-08-03T02:00:00Z,1.347436,1.347654,1.347146,1.347146
2026-08-03T02:15:00Z,1.347092,1.347418,1.347074,1.347219
2026-08-03T02:30:00Z,1.347219,1.347564,1.347219,1.347219
2026-08-03T02:45:00Z,1.347164,1.347291,1.346965,1.347074
2026-08-03T03:00:00Z,1.347019,1.347019,1.346765,1.346874
2026-08-03T03:15:00Z,1.346674,1.346874,1.346620,1.346838
2026-08-03T03:30:00Z,1.346783,1.346783,1.346547,1.346620
2026-08-03T03:45:00Z,1.346638,1.346838,1.346620,1.346838
2026-08-03T04:00:00Z,1.346874,1.346965,1.346747,1.346965
2026-08-03T04:15:00Z,1.347019,1.347019,1.346820,1.346946
2026-08-03T04:30:00Z,1.346965,1.347346,1.346856,1.347346
2026-08-03T04:45:00Z,1.347273,1.347328,1.347092,1.347273
2026-08-03T05:00:00Z,1.347328,1.347455,1.347037,1.347237
2026-08-03T05:15:00Z,1.347219,1.347273,1.347128,1.347273
2026-08-03T05:30:00Z,1.347364,1.347618,1.347291,1.347618
2026-08-03T05:45:00Z,1.347654,1.347727,1.347382,1.347709
2026-08-03T06:00:00Z,1.347709,1.347818,1.347400,1.347436
2026-08-03T06:15:00Z,1.347436,1.347491,1.347019,1.347219
2026-08-03T06:30:00Z,1.347037,1.347037,1.346022,1.346040
2026-08-03T06:45:00Z,1.345877,1.346239,1.345877,1.346149
2026-08-03T07:00:00Z,1.346348,1.346529,1.345823,1.346529
2026-08-03T07:15:00Z,1.346529,1.346529,1.345497,1.346457
2026-08-03T07:30:00Z,1.346566,1.347019,1.346421,1.346529
2026-08-03T07:45:00Z,1.346620,1.346620,1.345986,1.346185
2026-08-03T08:00:00Z,1.345949,1.346257,1.345732,1.346185
2026-08-03T08:15:00Z,1.346004,1.346112,1.345696,1.345750
2026-08-03T08:30:00Z,1.345786,1.345986,1.345714,1.345968
2026-08-03T08:45:00Z,1.345786,1.345841,1.345533,1.345533
2026-08-03T09:00:00Z,1.345641,1.345696,1.345044,1.345533
2026-08-03T09:15:00Z,1.345388,1.345587,1.345026,1.345460
2026-08-03T09:30:00Z,1.345515,1.345678,1.345171,1.345678
2026-08-03T09:45:00Z,1.345768,1.345859,1.345062,1.345062
2026-08-03T10:00:00Z,1.344881,1.345460,1.344881,1.345316
2026-08-03T10:15:00Z,1.345370,1.345768,1.344972,1.345714
2026-08-03T10:30:00Z,1.345569,1.346257,1.345569,1.346058
2026-08-03T10:45:00Z,1.345768,1.346276,1.345732,1.346004
2026-08-03T11:00:00Z,1.346185,1.346584,1.346167,1.346584
2026-08-03T11:15:00Z,1.346366,1.346366,1.345641,1.345913
2026-08-03T11:30:00Z,1.346004,1.346348,1.345968,1.346348
2026-08-03T11:45:00Z,1.346402,1.346820,1.346366,1.346820
2026-08-03T12:00:00Z,1.346856,1.347074,1.346638,1.346674
2026-08-03T12:15:00Z,1.346747,1.346820,1.346312,1.346330
2026-08-03T12:30:00Z,1.346475,1.347182,1.346131,1.346131
2026-08-03T12:45:00Z,1.346203,1.346457,1.345931,1.346439
2026-08-03T13:00:00Z,1.346475,1.346656,1.346094,1.346094
2026-08-03T13:15:00Z,1.346221,1.346584,1.346022,1.346584
2026-08-03T13:30:00Z,1.346384,1.346529,1.345515,1.345659
2026-08-03T13:45:00Z,1.345460,1.345460,1.344845,1.345243
2026-08-03T14:00:00Z,1.344863,1.345641,1.344574,1.344574
2026-08-03T14:15:00Z,1.344881,1.345370,1.344827,1.345135
2026-08-03T14:30:00Z,1.345062,1.345225,1.344483,1.344628
2026-08-03T14:45:00Z,1.344538,1.344755,1.343815,1.343815
2026-08-03T15:00:00Z,1.343616,1.343616,1.342552,1.342696
2026-08-03T15:15:00Z,1.342642,1.342949,1.342444,1.342444
2026-08-03T15:30:00Z,1.342805,1.342949,1.342642,1.342642
2026-08-03T15:45:00Z,1.342660,1.343472,1.342660,1.343436
2026-08-03T16:00:00Z,1.343364,1.343653,1.343165,1.343219
2026-08-03T16:15:00Z,1.343021,1.343057,1.342750,1.342750
2026-08-03T16:30:00Z,1.342769,1.343093,1.342624,1.342931
2026-08-03T16:45:00Z,1.342805,1.342859,1.342552,1.342552
2026-08-03T17:00:00Z,1.342480,1.342714,1.342480,1.342660
2026-08-03T17:15:00Z,1.342498,1.342534,1.342372,1.342444
2026-08-03T17:30:00Z,1.342570,1.342570,1.342282,1.342354
2026-08-03T17:45:00Z,1.342426,1.342570,1.341940,1.341940
2026-08-03T18:00:00Z,1.341958,1.342192,1.341868,1.342120
2026-08-03T18:15:00Z,1.342282,1.342714,1.342282,1.342660
2026-08-03T18:30:00Z,1.342678,1.342985,1.342570,1.342985
2026-08-03T18:45:00Z,1.342985,1.343274,1.342877,1.343129
2026-08-03T19:00:00Z,1.343256,1.343472,1.343238,1.343346
2026-08-03T19:15:00Z,1.343328,1.343454,1.343310,1.343310
2026-08-03T19:30:00Z,1.343292,1.343364,1.343165,1.343292
2026-08-03T19:45:00Z,1.343256,1.343364,1.343111,1.343111
2026-08-03T20:00:00Z,1.343129,1.343328,1.342967,1.342967
2026-08-03T20:15:00Z,1.342913,1.343075,1.342859,1.343039
2026-08-03T20:30:00Z,1.343021,1.343219,1.343021,1.343129
2026-08-03T20:45:00Z,1.343147,1.343400,1.343039,1.343364
2026-08-03T21:00:00Z,1.343039,1.343436,1.342714,1.343129
2026-08-03T21:15:00Z,1.343111,1.343328,1.342895,1.343003
2026-08-03T21:30:00Z,1.342949,1.343093,1.342859,1.343093
2026-08-03T21:45:00Z,1.342949,1.342985,1.342516,1.342985
2026-08-03T22:00:00Z,1.343183,1.343183,1.342841,1.342841
2026-08-03T22:15:00Z,1.342895,1.343039,1.342823,1.342877
2026-08-03T22:30:00Z,1.342913,1.343021,1.342877,1.343021
2026-08-03T22:45:00Z,1.342949,1.343111,1.342949,1.343093
2026-08-03T23:00:00Z,1.343129,1.343147,1.342949,1.343075
2026-08-03T23:15:00Z,1.343075,1.343165,1.342931,1.343057
2026-08-03T23:30:00Z,1.343021,1.343021,1.342714,1.342750
2026-08-03T23:45:00Z,1.342714,1.342769,1.342588,1.342750
2026-08-04T00:00:00Z,1.342769,1.343238,1.342769,1.342787
2026-08-04T00:15:00Z,1.342769,1.343075,1.342750,1.342949
2026-08-04T00:30:00Z,1.342823,1.343310,1.342823,1.343165
2026-08-04T00:45:00Z,1.343129,1.343129,1.342444,1.342444
2026-08-04T01:00:00Z,1.342318,1.342480,1.341994,1.342390
2026-08-04T01:15:00Z,1.342444,1.342696,1.342444,1.342516
2026-08-04T01:30:00Z,1.342823,1.343165,1.342787,1.343165
2026-08-04T01:45:00Z,1.343093,1.343147,1.342841,1.342841
2026-08-04T02:00:00Z,1.342949,1.343201,1.342642,1.343057
2026-08-04T02:15:00Z,1.343201,1.343219,1.342696,1.342841
2026-08-04T02:30:00Z,1.342841,1.343093,1.342714,1.343039
2026-08-04T02:45:00Z,1.343057,1.343310,1.342805,1.342805
2026-08-04T03:00:00Z,1.343165,1.343165,1.342750,1.342805
2026-08-04T03:15:00Z,1.342913,1.343183,1.342859,1.343165
2026-08-04T03:30:00Z,1.343219,1.343219,1.342588,1.342588
2026-08-04T03:45:00Z,1.342588,1.342823,1.342588,1.342732
2026-08-04T04:00:00Z,1.342696,1.342696,1.342480,1.342534
2026-08-04T04:15:00Z,1.342534,1.342678,1.342534,1.342570
2026-08-04T04:30:00Z,1.342624,1.342624,1.342444,1.342480
2026-08-04T04:45:00Z,1.342516,1.342714,1.342480,1.342678
2026-08-04T05:00:00Z,1.342642,1.342660,1.342246,1.342246
2026-08-04T05:15:00Z,1.342246,1.342552,1.342192,1.342552
2026-08-04T05:30:00Z,1.342642,1.342642,1.342138,1.342210
2026-08-04T05:45:00Z,1.342084,1.342588,1.342030,1.342516
2026-08-04T06:00:00Z,1.342588,1.342787,1.342354,1.342787
2026-08-04T06:15:00Z,1.342823,1.343238,1.342769,1.342823
2026-08-04T06:30:00Z,1.342750,1.343201,1.342750,1.342859
2026-08-04T06:45:00Z,1.342769,1.342985,1.342750,1.342913
2026-08-04T07:00:00Z,1.343111,1.343418,1.342985,1.343147
2026-08-04T07:15:00Z,1.343436,1.343905,1.343346,1.343472
2026-08-04T07:30:00Z,1.343472,1.343725,1.343436,1.343472
2026-08-04T07:45:00Z,1.343454,1.343815,1.343382,1.343671
2026-08-04T08:00:00Z,1.343707,1.343851,1.343364,1.343472
2026-08-04T08:15:00Z,1.343472,1.343960,1.343382,1.343960
2026-08-04T08:30:00Z,1.343905,1.344086,1.343472,1.344086
2026-08-04T08:45:00Z,1.343923,1.344267,1.343797,1.344267
2026-08-04T09:00:00Z,1.344231,1.344231,1.343743,1.344068
2026-08-04T09:15:00Z,1.344050,1.344303,1.343960,1.344267
2026-08-04T09:30:00Z,1.344249,1.344303,1.343941,1.343996
2026-08-04T09:45:00Z,1.343941,1.344249,1.343923,1.344194
2026-08-04T10:00:00Z,1.344194,1.344429,1.344158,1.344429
2026-08-04T10:15:00Z,1.344285,1.344285,1.344032,1.344032
2026-08-04T10:30:00Z,1.344176,1.344429,1.343851,1.344429
2026-08-04T10:45:00Z,1.344628,1.344899,1.344303,1.344303
2026-08-04T11:00:00Z,1.344176,1.344483,1.344158,1.344447
2026-08-04T11:15:00Z,1.344466,1.344990,1.344466,1.344990
2026-08-04T11:30:00Z,1.344936,1.345424,1.344936,1.345297
2026-08-04T11:45:00Z,1.345207,1.345207,1.344520,1.344719
2026-08-04T12:00:00Z,1.344791,1.344881,1.344520,1.344628
2026-08-04T12:15:00Z,1.344628,1.344827,1.344520,1.344556
2026-08-04T12:30:00Z,1.344682,1.345479,1.344682,1.345334
2026-08-04T12:45:00Z,1.345189,1.345189,1.344339,1.344393
2026-08-04T13:00:00Z,1.344357,1.344357,1.343941,1.344231
2026-08-04T13:15:00Z,1.344213,1.344972,1.343905,1.344339
2026-08-04T13:30:00Z,1.344466,1.345026,1.344411,1.344972
2026-08-04T13:45:00Z,1.345062,1.345153,1.344574,1.344755
2026-08-04T14:00:00Z,1.344809,1.345551,1.344809,1.345153
2026-08-04T14:15:00Z,1.345352,1.345497,1.345062,1.345225
2026-08-04T14:30:00Z,1.345062,1.345279,1.344809,1.345279
2026-08-04T14:45:00Z,1.345026,1.345135,1.344466,1.344755
2026-08-04T15:00:00Z,1.344719,1.344863,1.344429,1.344520
2026-08-04T15:15:00Z,1.344267,1.344646,1.344267,1.344646
2026-08-04T15:30:00Z,1.344646,1.345026,1.344483,1.345026
2026-08-04T15:45:00Z,1.345116,1.345569,1.344972,1.345442
2026-08-04T16:00:00Z,1.345460,1.345623,1.344899,1.345352
2026-08-04T16:15:00Z,1.345225,1.345406,1.345116,1.345189
2026-08-04T16:30:00Z,1.345116,1.345116,1.344791,1.344990
2026-08-04T16:45:00Z,1.345026,1.345062,1.344628,1.344682
2026-08-04T17:00:00Z,1.344863,1.344881,1.344520,1.344701
2026-08-04T17:15:00Z,1.344502,1.344574,1.344249,1.344249
2026-08-04T17:30:00Z,1.344267,1.344574,1.344158,1.344574
2026-08-04T17:45:00Z,1.344483,1.344574,1.344429,1.344429
2026-08-04T18:00:00Z,1.344447,1.344502,1.344158,1.344158
2026-08-04T18:15:00Z,1.344194,1.344321,1.344122,1.344194
2026-08-04T18:30:00Z,1.344158,1.344357,1.344032,1.344357
2026-08-04T18:45:00Z,1.344429,1.345297,1.344411,1.345297
2026-08-04T19:00:00Z,1.345261,1.345388,1.345098,1.345098
2026-08-04T19:15:00Z,1.345171,1.345171,1.344972,1.345171
2026-08-04T19:30:00Z,1.345171,1.345207,1.344954,1.345044
2026-08-04T19:45:00Z,1.345098,1.345135,1.344972,1.345080
2026-08-04T20:00:00Z,1.345189,1.345279,1.345153,1.345243
2026-08-04T20:15:00Z,1.345225,1.345460,1.345225,1.345316
2026-08-04T20:30:00Z,1.345225,1.345279,1.345044,1.345044
2026-08-04T20:45:00Z,1.345171,1.345460,1.345116,1.345279
2026-08-04T21:00:00Z,1.345026,1.345044,1.344610,1.344918
2026-08-04T21:15:00Z,1.344936,1.345460,1.344863,1.344918
2026-08-04T21:30:00Z,1.345116,1.345116,1.344592,1.344791
2026-08-04T21:45:00Z,1.344755,1.345279,1.344755,1.345026
2026-08-04T22:00:00Z,1.345243,1.345243,1.344881,1.345116
2026-08-04T22:15:00Z,1.345098,1.345189,1.345044,1.345135
2026-08-04T22:30:00Z,1.345189,1.345316,1.345062,1.345225
2026-08-04T22:45:00Z,1.345135,1.345171,1.345044,1.345153
2026-08-04T23:00:00Z,1.345153,1.345225,1.344899,1.345135
2026-08-04T23:15:00Z,1.345135,1.345135,1.344936,1.344936
2026-08-04T23:30:00Z,1.344972,1.345008,1.344827,1.344845
2026-08-04T23:45:00Z,1.344954,1.345135,1.344936,1.345135
2026-08-05T00:00:00Z,1.345044,1.345297,1.345044,1.345189
2026-08-05T00:15:00Z,1.345153,1.345569,1.345153,1.345551
2026-08-05T00:30:00Z,1.345533,1.345587,1.345297,1.345297
2026-08-05T00:45:00Z,1.345098,1.345370,1.344990,1.345098
2026-08-05T01:00:00Z,1.344990,1.345135,1.344827,1.344954
2026-08-05T01:15:00Z,1.344972,1.345116,1.344556,1.344682
2026-08-05T01:30:00Z,1.344755,1.344755,1.344502,1.344592
2026-08-05T01:45:00Z,1.344646,1.344682,1.344520,1.344610
2026-08-05T02:00:00Z,1.344664,1.345008,1.344664,1.344954
2026-08-05T02:15:00Z,1.344918,1.345406,1.344845,1.345189
2026-08-05T02:30:00Z,1.345261,1.345823,1.345171,1.345823
2026-08-05T02:45:00Z,1.345750,1.345750,1.345370,1.345370
2026-08-05T03:00:00Z,1.345533,1.345986,1.345533,1.345931
2026-08-05T03:15:00Z,1.345986,1.346004,1.345659,1.345714
2026-08-05T03:30:00Z,1.345605,1.345696,1.345551,1.345587
2026-08-05T03:45:00Z,1.345623,1.345732,1.345569,1.345623
2026-08-05T04:00:00Z,1.345659,1.345931,1.345659,1.345841
2026-08-05T04:15:00Z,1.345804,1.346004,1.345804,1.345949
2026-08-05T04:30:00Z,1.345931,1.345949,1.345696,1.345696
2026-08-05T04:45:00Z,1.345696,1.345804,1.345442,1.345533
2026-08-05T05:00:00Z,1.345533,1.345533,1.345207,1.345460
2026-08-05T05:15:00Z,1.345460,1.345623,1.345424,1.345497
2026-08-05T05:30:00Z,1.345587,1.345696,1.345533,1.345659
2026-08-05T05:45:00Z,1.345678,1.345859,1.345515,1.345641
2026-08-05T06:00:00Z,1.345587,1.345913,1.345587,1.345841
2026-08-05T06:15:00Z,1.345623,1.345623,1.345297,1.345352
2026-08-05T06:30:00Z,1.345171,1.346421,1.345171,1.346421
2026-08-05T06:45:00Z,1.346439,1.346783,1.346421,1.346783
2026-08-05T07:00:00Z,1.346783,1.346783,1.345823,1.345859
2026-08-05T07:15:00Z,1.345931,1.346239,1.345877,1.345877
2026-08-05T07:30:00Z,1.345986,1.346276,1.345877,1.346239
2026-08-05T07:45:00Z,1.346167,1.346801,1.346058,1.346801
2026-08-05T08:00:00Z,1.346965,1.346965,1.346257,1.346257
2026-08-05T08:15:00Z,1.346330,1.346801,1.346330,1.346747
2026-08-05T08:30:00Z,1.346983,1.346983,1.345804,1.345841
2026-08-05T08:45:00Z,1.345551,1.345804,1.345442,1.345714
2026-08-05T09:00:00Z,1.345949,1.346185,1.345623,1.346076
2026-08-05T09:15:00Z,1.346004,1.346384,1.345931,1.346366
2026-08-05T09:30:00Z,1.346312,1.346747,1.346312,1.346747
2026-08-05T09:45:00Z,1.346620,1.346747,1.346547,1.346729
2026-08-05T10:00:00Z,1.346983,1.346983,1.346475,1.346566
2026-08-05T10:15:00Z,1.346566,1.346928,1.346529,1.346566
2026-08-05T10:30:00Z,1.346584,1.346638,1.346384,1.346529
2026-08-05T10:45:00Z,1.346493,1.346801,1.346421,1.346747
2026-08-05T11:00:00Z,1.346820,1.347600,1.346820,1.347582
2026-08-05T11:15:00Z,1.347527,1.347981,1.347400,1.347600
2026-08-05T11:30:00Z,1.347673,1.348163,1.347673,1.348054
2026-08-05T11:45:00Z,1.347909,1.348109,1.347818,1.347945
2026-08-05T12:00:00Z,1.348090,1.348145,1.347546,1.347618
2026-08-05T12:15:00Z,1.347709,1.348345,1.347673,1.348218
2026-08-05T12:30:00Z,1.348054,1.348345,1.347600,1.347600
2026-08-05T12:45:00Z,1.347473,1.347491,1.346765,1.347019
2026-08-05T13:00:00Z,1.346874,1.347309,1.346874,1.347074
2026-08-05T13:15:00Z,1.347146,1.347473,1.346820,1.347455
2026-08-05T13:30:00Z,1.347346,1.347564,1.346765,1.346801
2026-08-05T13:45:00Z,1.346475,1.346801,1.346167,1.346566
2026-08-05T14:00:00Z,1.346928,1.348199,1.346892,1.347945
2026-08-05T14:15:00Z,1.348036,1.348636,1.348036,1.348054
2026-08-05T14:30:00Z,1.347927,1.347927,1.347546,1.347763
2026-08-05T14:45:00Z,1.347564,1.347909,1.347074,1.347909
2026-08-05T15:00:00Z,1.348054,1.348363,1.347055,1.347055
2026-08-05T15:15:00Z,1.346874,1.346928,1.346711,1.346747
2026-08-05T15:30:00Z,1.346674,1.346874,1.346439,1.346656
2026-08-05T15:45:00Z,1.346257,1.346457,1.345786,1.346203
2026-08-05T16:00:00Z,1.346384,1.346584,1.346076,1.346457
2026-08-05T16:15:00Z,1.346421,1.346747,1.346421,1.346493
2026-08-05T16:30:00Z,1.346457,1.346493,1.346239,1.346402
2026-08-05T16:45:00Z,1.346330,1.346348,1.345986,1.345986
2026-08-05T17:00:00Z,1.346076,1.346076,1.345659,1.345913
2026-08-05T17:15:00Z,1.345931,1.346511,1.345931,1.346511
2026-08-05T17:30:00Z,1.346475,1.346946,1.346402,1.346946
2026-08-05T17:45:00Z,1.347055,1.347128,1.346856,1.347055
2026-08-05T18:00:00Z,1.346946,1.347219,1.346928,1.346928
2026-08-05T18:15:00Z,1.346856,1.347346,1.346820,1.347346
2026-08-05T18:30:00Z,1.347273,1.347273,1.346747,1.346765
2026-08-05T18:45:00Z,1.346747,1.347037,1.346747,1.346874
2026-08-05T19:00:00Z,1.347092,1.347092,1.346711,1.346747
2026-08-05T19:15:00Z,1.346729,1.346729,1.346421,1.346421
2026-08-05T19:30:00Z,1.346493,1.346602,1.346439,1.346529
2026-08-05T19:45:00Z,1.346547,1.346584,1.346402,1.346457
2026-08-05T20:00:00Z,1.346566,1.346674,1.346402,1.346439
2026-08-05T20:15:00Z,1.346348,1.346529,1.346257,1.346529
2026-08-05T20:30:00Z,1.346547,1.346729,1.346547,1.346547
2026-08-05T20:45:00Z,1.346656,1.346892,1.346620,1.346820
2026-08-05T21:00:00Z,1.346946,1.347110,1.346384,1.346711
2026-08-05T21:15:00Z,1.346674,1.347182,1.346547,1.346856
2026-08-05T21:30:00Z,1.346856,1.346856,1.346493,1.346511
2026-08-05T21:45:00Z,1.346801,1.346856,1.346602,1.346638
2026-08-05T22:00:00Z,1.346874,1.346874,1.346511,1.346692
2026-08-05T22:15:00Z,1.346692,1.346838,1.346692,1.346765
2026-08-05T22:30:00Z,1.346783,1.346783,1.346674,1.346729
2026-08-05T22:45:00Z,1.346765,1.346856,1.346656,1.346711
2026-08-05T23:00:00Z,1.346783,1.346892,1.346711,1.346838
2026-08-05T23:15:00Z,1.346928,1.346983,1.346765,1.346765
2026-08-05T23:30:00Z,1.346856,1.346928,1.346765,1.346928
2026-08-05T23:45:00Z,1.347037,1.347128,1.346874,1.346946
2026-08-06T00:00:00Z,1.346783,1.346856,1.346638,1.346711
2026-08-06T00:15:00Z,1.346747,1.347037,1.346747,1.346747
2026-08-06T00:30:00Z,1.346747,1.347019,1.346747,1.346856
2026-08-06T00:45:00Z,1.346946,1.347128,1.346674,1.346729
2026-08-06T01:00:00Z,1.346765,1.346820,1.346402,1.346765
2026-08-06T01:15:00Z,1.346711,1.347092,1.346692,1.346892
2026-08-06T01:30:00Z,1.346874,1.347092,1.346874,1.347037
2026-08-06T01:45:00Z,1.346928,1.347019,1.346856,1.346910
2026-08-06T02:00:00Z,1.347055,1.347219,1.346965,1.346965
2026-08-06T02:15:00Z,1.346983,1.347182,1.346910,1.346983
2026-08-06T02:30:00Z,1.346892,1.347128,1.346856,1.347128
2026-08-06T02:45:00Z,1.347074,1.347074,1.346783,1.346801
2026-08-06T03:00:00Z,1.346729,1.346729,1.346511,1.346511
2026-08-06T03:15:00Z,1.346493,1.346493,1.346131,1.346203
2026-08-06T03:30:00Z,1.346348,1.346348,1.345931,1.345931
2026-08-06T03:45:00Z,1.345986,1.346058,1.345804,1.346022
2026-08-06T04:00:00Z,1.346131,1.346203,1.346112,1.346203
2026-08-06T04:15:00Z,1.346167,1.346167,1.346040,1.346058
2026-08-06T04:30:00Z,1.346149,1.346149,1.345931,1.346022
2026-08-06T04:45:00Z,1.345949,1.346076,1.345931,1.346076
2026-08-06T05:00:00Z,1.346058,1.346058,1.345623,1.345678
2026-08-06T05:15:00Z,1.345659,1.345732,1.345641,1.345696
2026-08-06T05:30:00Z,1.345641,1.346185,1.345641,1.346185
2026-08-06T05:45:00Z,1.346149,1.346366,1.346112,1.346330
2026-08-06T06:00:00Z,1.346529,1.346529,1.346131,1.346185
2026-08-06T06:15:00Z,1.346022,1.346276,1.346022,1.346076
2026-08-06T06:30:00Z,1.346094,1.346094,1.345551,1.345913
2026-08-06T06:45:00Z,1.346004,1.346076,1.345732,1.346022
2026-08-06T07:00:00Z,1.346004,1.346149,1.345641,1.346094
2026-08-06T07:15:00Z,1.346276,1.346276,1.346058,1.346094
2026-08-06T07:30:00Z,1.345931,1.346149,1.345696,1.345877
2026-08-06T07:45:00Z,1.345641,1.346131,1.345605,1.346004
2026-08-06T08:00:00Z,1.346076,1.346493,1.345859,1.346276
2026-08-06T08:15:00Z,1.346312,1.346511,1.346257,1.346257
2026-08-06T08:30:00Z,1.346276,1.346566,1.346058,1.346457
2026-08-06T08:45:00Z,1.346457,1.346457,1.346239,1.346439
2026-08-06T09:00:00Z,1.346475,1.346620,1.346239,1.346529
2026-08-06T09:15:00Z,1.346366,1.346566,1.346294,1.346330
2026-08-06T09:30:00Z,1.346312,1.346330,1.345370,1.345370
2026-08-06T09:45:00Z,1.345442,1.345732,1.345442,1.345659
2026-08-06T10:00:00Z,1.345623,1.345750,1.345551,1.345551
2026-08-06T10:15:00Z,1.345515,1.346076,1.345515,1.346076
2026-08-06T10:30:00Z,1.346022,1.346112,1.345859,1.345968
2026-08-06T10:45:00Z,1.346058,1.346239,1.345931,1.346167
2026-08-06T11:00:00Z,1.346384,1.346584,1.346257,1.346348
2026-08-06T11:15:00Z,1.346384,1.346584,1.346366,1.346511
2026-08-06T11:30:00Z,1.346529,1.346529,1.345877,1.345877
2026-08-06T11:45:00Z,1.345949,1.346874,1.345913,1.346874
2026-08-06T12:00:00Z,1.346801,1.346965,1.346366,1.346366
2026-08-06T12:15:00Z,1.346566,1.347037,1.346566,1.347019
2026-08-06T12:30:00Z,1.346946,1.347146,1.346946,1.347128
2026-08-06T12:45:00Z,1.347110,1.347110,1.346584,1.347019
2026-08-06T13:00:00Z,1.347146,1.347146,1.346602,1.346620
2026-08-06T13:15:00Z,1.346638,1.347037,1.346547,1.346965
2026-08-06T13:30:00Z,1.346946,1.347618,1.346946,1.347491
2026-08-06T13:45:00Z,1.347364,1.347981,1.347164,1.347872
2026-08-06T14:00:00Z,1.347782,1.347836,1.346674,1.346765
2026-08-06T14:15:00Z,1.346692,1.347128,1.346692,1.346928
2026-08-06T14:30:00Z,1.347146,1.347164,1.346566,1.347164
2026-08-06T14:45:00Z,1.346983,1.346983,1.346439,1.346638
2026-08-06T15:00:00Z,1.346475,1.346511,1.345786,1.345786
2026-08-06T15:15:00Z,1.345877,1.345877,1.345316,1.345424
2026-08-06T15:30:00Z,1.345424,1.345479,1.345080,1.345370
2026-08-06T15:45:00Z,1.345424,1.345659,1.345116,1.345406
2026-08-06T16:00:00Z,1.345279,1.345841,1.345279,1.345460
2026-08-06T16:15:00Z,1.345189,1.345569,1.345135,1.345569
2026-08-06T16:30:00Z,1.345551,1.345551,1.345135,1.345207
2026-08-06T16:45:00Z,1.345279,1.345696,1.345243,1.345605
2026-08-06T17:00:00Z,1.345641,1.345986,1.345605,1.345659
2026-08-06T17:15:00Z,1.345587,1.345605,1.345225,1.345605
2026-08-06T17:30:00Z,1.345533,1.345569,1.345316,1.345370
2026-08-06T17:45:00Z,1.345352,1.345659,1.345352,1.345641
2026-08-06T18:00:00Z,1.345641,1.345931,1.345641,1.345841
2026-08-06T18:15:00Z,1.345841,1.345859,1.345460,1.345569
2026-08-06T18:30:00Z,1.345533,1.345641,1.345352,1.345388
2026-08-06T18:45:00Z,1.345460,1.345750,1.345297,1.345750
2026-08-06T19:00:00Z,1.345714,1.345931,1.345623,1.345623
2026-08-06T19:15:00Z,1.345714,1.345768,1.345135,1.345171
2026-08-06T19:30:00Z,1.345243,1.345316,1.344972,1.344972
2026-08-06T19:45:00Z,1.345008,1.345714,1.344972,1.345533
2026-08-06T20:00:00Z,1.345551,1.345623,1.345261,1.345316
2026-08-06T20:15:00Z,1.345207,1.345225,1.344899,1.345026
2026-08-06T20:30:00Z,1.344918,1.345171,1.344918,1.345171
2026-08-06T20:45:00Z,1.345189,1.345442,1.345189,1.345424
2026-08-06T21:00:00Z,1.345569,1.345659,1.345026,1.345659
2026-08-06T21:15:00Z,1.345515,1.345696,1.345116,1.345316
2026-08-06T21:30:00Z,1.345479,1.345696,1.344918,1.344972
2026-08-06T21:45:00Z,1.344809,1.345497,1.344646,1.345497
2026-08-06T22:00:00Z,1.345171,1.345243,1.345098,1.345243
2026-08-06T22:15:00Z,1.345189,1.345261,1.345153,1.345243
2026-08-06T22:30:00Z,1.345225,1.345261,1.345135,1.345207
2026-08-06T22:45:00Z,1.345261,1.345261,1.345135,1.345243
2026-08-06T23:00:00Z,1.345225,1.345352,1.345207,1.345352
2026-08-06T23:15:00Z,1.345424,1.345442,1.345334,1.345370
2026-08-06T23:30:00Z,1.345442,1.345460,1.345279,1.345424
2026-08-06T23:45:00Z,1.345442,1.345551,1.345388,1.345460
2026-08-07T00:00:00Z,1.345424,1.345551,1.345171,1.345225
2026-08-07T00:15:00Z,1.345080,1.345225,1.345080,1.345153
2026-08-07T00:30:00Z,1.345153,1.345261,1.345062,1.345098
2026-08-07T00:45:00Z,1.345116,1.345225,1.344845,1.345008
2026-08-07T01:00:00Z,1.345062,1.345297,1.344936,1.345279
2026-08-07T01:15:00Z,1.345225,1.345316,1.345207,1.345261
2026-08-07T01:30:00Z,1.345189,1.345569,1.345135,1.345569
2026-08-07T01:45:00Z,1.345587,1.345587,1.345316,1.345352
2026-08-07T02:00:00Z,1.345424,1.345460,1.345297,1.345297
2026-08-07T02:15:00Z,1.345297,1.345424,1.345225,1.345388
2026-08-07T02:30:00Z,1.345297,1.345352,1.345189,1.345189
2026-08-07T02:45:00Z,1.345153,1.345442,1.345153,1.345225
2026-08-07T03:00:00Z,1.345189,1.345334,1.345116,1.345189
2026-08-07T03:15:00Z,1.345135,1.345225,1.345135,1.345153
2026-08-07T03:30:00Z,1.345153,1.345243,1.345116,1.345153
2026-08-07T03:45:00Z,1.345171,1.345370,1.345153,1.345370
2026-08-07T04:00:00Z,1.345352,1.345406,1.345261,1.345316
2026-08-07T04:15:00Z,1.345316,1.345460,1.345279,1.345442
2026-08-07T04:30:00Z,1.345479,1.345587,1.345370,1.345460
2026-08-07T04:45:00Z,1.345442,1.345533,1.345334,1.345460
2026-08-07T05:00:00Z,1.345406,1.345641,1.345406,1.345605
2026-08-07T05:15:00Z,1.345479,1.345551,1.345225,1.345225
2026-08-07T05:30:00Z,1.345207,1.345442,1.345207,1.345279
2026-08-07T05:45:00Z,1.345316,1.345460,1.345225,1.345334
2026-08-07T06:00:00Z,1.345587,1.345587,1.345243,1.345551
2026-08-07T06:15:00Z,1.345587,1.345859,1.345406,1.345678
2026-08-07T06:30:00Z,1.345605,1.345605,1.345316,1.345406
2026-08-07T06:45:00Z,1.345442,1.345678,1.345370,1.345406
2026-08-07T07:00:00Z,1.345316,1.345370,1.344918,1.345153
2026-08-07T07:15:00Z,1.345207,1.345297,1.344881,1.344881
2026-08-07T07:30:00Z,1.345080,1.345080,1.344646,1.344737
2026-08-07T07:45:00Z,1.344773,1.345062,1.344755,1.344827
2026-08-07T08:00:00Z,1.345044,1.345044,1.344538,1.344556
2026-08-07T08:15:00Z,1.344755,1.344755,1.344502,1.344556
2026-08-07T08:30:00Z,1.344429,1.344881,1.344429,1.344845
2026-08-07T08:45:00Z,1.344863,1.344936,1.344375,1.344375
2026-08-07T09:00:00Z,1.344466,1.344646,1.344176,1.344628
2026-08-07T09:15:00Z,1.344574,1.344628,1.344466,1.344502
2026-08-07T09:30:00Z,1.344375,1.344375,1.343978,1.343978
2026-08-07T09:45:00Z,1.344014,1.344339,1.344014,1.344213
2026-08-07T10:00:00Z,1.344321,1.344321,1.343761,1.343761
2026-08-07T10:15:00Z,1.343941,1.343978,1.343761,1.343797
2026-08-07T10:30:00Z,1.343815,1.343887,1.343508,1.343508
2026-08-07T10:45:00Z,1.343562,1.343851,1.343562,1.343797
2026-08-07T11:00:00Z,1.343833,1.344357,1.343833,1.344231
2026-08-07T11:15:00Z,1.344176,1.344429,1.343960,1.343978
2026-08-07T11:30:00Z,1.344122,1.344755,1.344122,1.344755
2026-08-07T11:45:00Z,1.344791,1.345008,1.344628,1.345008
2026-08-07T12:00:00Z,1.345098,1.345189,1.344773,1.344773
2026-08-07T12:15:00Z,1.344809,1.345008,1.344701,1.344701
2026-08-07T12:30:00Z,1.348418,1.350238,1.348072,1.349947
2026-08-07T12:45:00Z,1.350658,1.350676,1.349764,1.350038
2026-08-07T13:00:00Z,1.350165,1.350402,1.349382,1.350402
2026-08-07T13:15:00Z,1.350038,1.350749,1.349710,1.350421
2026-08-07T13:30:00Z,1.350494,1.350749,1.349546,1.350402
2026-08-07T13:45:00Z,1.350421,1.350421,1.348836,1.348836
2026-08-07T14:00:00Z,1.348963,1.349437,1.348600,1.349437
2026-08-07T14:15:00Z,1.349254,1.350147,1.349254,1.349509
2026-08-07T14:30:00Z,1.349236,1.349637,1.349000,1.349000
2026-08-07T14:45:00Z,1.349182,1.349182,1.348509,1.348854
2026-08-07T15:00:00Z,1.349073,1.349582,1.348436,1.349582
2026-08-07T15:15:00Z,1.349528,1.350020,1.349528,1.349582
2026-08-07T15:30:00Z,1.349291,1.350038,1.349273,1.349874
2026-08-07T15:45:00Z,1.349856,1.349892,1.349273,1.349655
2026-08-07T16:00:00Z,1.349601,1.350147,1.349564,1.350147
2026-08-07T16:15:00Z,1.350020,1.350293,1.349801,1.349983
2026-08-07T16:30:00Z,1.350020,1.350093,1.349728,1.349965
2026-08-07T16:45:00Z,1.350147,1.350439,1.349619,1.349673
2026-08-07T17:00:00Z,1.349564,1.349746,1.349528,1.349710
2026-08-07T17:15:00Z,1.349710,1.349801,1.349491,1.349655
2026-08-07T17:30:00Z,1.349728,1.349874,1.349509,1.349819
2026-08-07T17:45:00Z,1.349801,1.349856,1.349601,1.349601
2026-08-07T18:00:00Z,1.349437,1.349637,1.349236,1.349473
2026-08-07T18:15:00Z,1.349528,1.349546,1.349327,1.349528
2026-08-07T18:30:00Z,1.349637,1.349892,1.349637,1.349892
2026-08-07T18:45:00Z,1.349947,1.350074,1.349892,1.349892
2026-08-07T19:00:00Z,1.349983,1.350129,1.349892,1.349928
2026-08-07T19:15:00Z,1.349965,1.350330,1.349965,1.350257
2026-08-07T19:30:00Z,1.350257,1.350330,1.349965,1.349965
2026-08-07T19:45:00Z,1.350038,1.350093,1.349728,1.349783
2026-08-07T20:00:00Z,1.349856,1.349874,1.349382,1.349418
2026-08-07T20:15:00Z,1.349109,1.349437,1.349109,1.349164
2026-08-07T20:30:00Z,1.349036,1.349182,1.349000,1.349091
2026-08-07T20:45:00Z,1.349200,1.349364,1.349109,1.349236
2026-08-07T21:00:00Z,1.349273,1.349273,1.349273,1.349273
2026-08-07T21:15:00Z,1.349273,1.349273,1.349273,1.349273
2026-08-09T23:00:00Z,1.348963,1.349236,1.348963,1.349236
2026-08-09T23:15:00Z,1.349236,1.349291,1.349200,1.349254
2026-08-09T23:30:00Z,1.349218,1.349236,1.348891,1.349145
2026-08-09T23:45:00Z,1.349254,1.349291,1.348981,1.348981
2026-08-10T00:00:00Z,1.349164,1.349400,1.349127,1.349400
2026-08-10T00:15:00Z,1.349346,1.349346,1.348981,1.349073
2026-08-10T00:30:00Z,1.349018,1.349109,1.348909,1.348909
2026-08-10T00:45:00Z,1.348891,1.349291,1.348891,1.349073
2026-08-10T01:00:00Z,1.349127,1.349127,1.348509,1.348709
2026-08-10T01:15:00Z,1.348745,1.348927,1.348745,1.348927
2026-08-10T01:30:00Z,1.348763,1.348763,1.348563,1.348763
2026-08-10T01:45:00Z,1.348800,1.348963,1.348800,1.348854
2026-08-10T02:00:00Z,1.348945,1.348981,1.348781,1.348836
2026-08-10T02:15:00Z,1.348872,1.348909,1.348727,1.348836
2026-08-10T02:30:00Z,1.348854,1.348981,1.348709,1.348709
2026-08-10T02:45:00Z,1.348690,1.348763,1.348636,1.348636
2026-08-10T03:00:00Z,1.348727,1.348727,1.348436,1.348490
2026-08-10T03:15:00Z,1.348509,1.348672,1.348454,1.348563
2026-08-10T03:30:00Z,1.348563,1.348563,1.348418,1.348454
2026-08-10T03:45:00Z,1.348545,1.348672,1.348527,1.348581
2026-08-10T04:00:00Z,1.348600,1.348600,1.348436,1.348600
2026-08-10T04:15:00Z,1.348581,1.348672,1.348527,1.348672
2026-08-10T04:30:00Z,1.348636,1.348672,1.348545,1.348672
2026-08-10T04:45:00Z,1.348727,1.349036,1.348727,1.348945
2026-08-10T05:00:00Z,1.348909,1.349200,1.348872,1.348872
2026-08-10T05:15:00Z,1.349000,1.349000,1.348836,1.348872
2026-08-10T05:30:00Z,1.348872,1.349200,1.348800,1.348981
2026-08-10T05:45:00Z,1.349000,1.349364,1.349000,1.349364
2026-08-10T06:00:00Z,1.349546,1.349710,1.349364,1.349364
2026-08-10T06:15:00Z,1.349546,1.349692,1.349473,1.349564
2026-08-10T06:30:00Z,1.349546,1.349637,1.349327,1.349327
2026-08-10T06:45:00Z,1.349382,1.349528,1.349309,1.349473
2026-08-10T07:00:00Z,1.349455,1.349764,1.349273,1.349582
2026-08-10T07:15:00Z,1.349437,1.349601,1.349236,1.349236
2026-08-10T07:30:00Z,1.349327,1.349856,1.349236,1.349837
2026-08-10T07:45:00Z,1.350111,1.350111,1.349546,1.349601
2026-08-10T08:00:00Z,1.349619,1.350421,1.349601,1.350421
2026-08-10T08:15:00Z,1.350457,1.350548,1.350238,1.350238
2026-08-10T08:30:00Z,1.350439,1.350439,1.350184,1.350330
2026-08-10T08:45:00Z,1.350220,1.350384,1.350056,1.350384
2026-08-10T09:00:00Z,1.350348,1.350585,1.350293,1.350585
2026-08-10T09:15:00Z,1.350694,1.350694,1.350421,1.350548
2026-08-10T09:30:00Z,1.350603,1.350603,1.349601,1.349601
2026-08-10T09:45:00Z,1.349746,1.349910,1.349637,1.349637
2026-08-10T10:00:00Z,1.349418,1.349710,1.349327,1.349619
2026-08-10T10:15:00Z,1.349673,1.349965,1.349564,1.349764
2026-08-10T10:30:00Z,1.349746,1.350093,1.349564,1.349947
2026-08-10T10:45:00Z,1.350074,1.350165,1.349910,1.350074
2026-08-10T11:00:00Z,1.350129,1.350257,1.349673,1.349673
2026-08-10T11:15:00Z,1.349892,1.350056,1.349764,1.349928
2026-08-10T11:30:00Z,1.349874,1.350293,1.349837,1.350165
2026-08-10T11:45:00Z,1.350147,1.350147,1.349837,1.350093
2026-08-10T12:00:00Z,1.350056,1.350311,1.349819,1.349837
2026-08-10T12:15:00Z,1.349819,1.349874,1.349291,1.349509
2026-08-10T12:30:00Z,1.349473,1.349546,1.349127,1.349309
2026-08-10T12:45:00Z,1.349236,1.349710,1.349236,1.349564
2026-08-10T13:00:00Z,1.349710,1.350293,1.349546,1.350202
2026-08-10T13:15:00Z,1.350330,1.350694,1.350238,1.350530
2026-08-10T13:30:00Z,1.350457,1.350767,1.350238,1.350366
2026-08-10T13:45:00Z,1.350348,1.350621,1.349947,1.350475
2026-08-10T14:00:00Z,1.350530,1.351863,1.350530,1.351863
2026-08-10T14:15:00Z,1.351753,1.351863,1.351333,1.351863
2026-08-10T14:30:00Z,1.351771,1.352521,1.351644,1.352521
2026-08-10T14:45:00Z,1.352612,1.352997,1.351991,1.351991
2026-08-10T15:00:00Z,1.352027,1.352210,1.351735,1.352210
2026-08-10T15:15:00Z,1.352228,1.352667,1.351863,1.352137
2026-08-10T15:30:00Z,1.352210,1.352667,1.352174,1.352539
2026-08-10T15:45:00Z,1.352521,1.352759,1.352192,1.352594
2026-08-10T16:00:00Z,1.352631,1.352686,1.352430,1.352430
2026-08-10T16:15:00Z,1.352411,1.352411,1.352009,1.352283
2026-08-10T16:30:00Z,1.352430,1.352430,1.351808,1.351808
2026-08-10T16:45:00Z,1.351662,1.351717,1.351461,1.351497
2026-08-10T17:00:00Z,1.351424,1.351516,1.351059,1.351132
2026-08-10T17:15:00Z,1.351187,1.351187,1.350822,1.351059
2026-08-10T17:30:00Z,1.351114,1.351114,1.350968,1.351023
2026-08-10T17:45:00Z,1.350931,1.350931,1.350603,1.350603
2026-08-10T18:00:00Z,1.350767,1.350877,1.350640,1.350858
2026-08-10T18:15:00Z,1.350858,1.350913,1.350749,1.350840
2026-08-10T18:30:00Z,1.350804,1.351205,1.350804,1.351187
2026-08-10T18:45:00Z,1.351187,1.351187,1.350749,1.351041
2026-08-10T19:00:00Z,1.350840,1.350895,1.350658,1.350749
2026-08-10T19:15:00Z,1.350767,1.350950,1.350694,1.350785
2026-08-10T19:30:00Z,1.350895,1.350895,1.350640,1.350822
2026-08-10T19:45:00Z,1.350785,1.350931,1.350767,1.350804
2026-08-10T20:00:00Z,1.350931,1.351023,1.350913,1.351004
2026-08-10T20:15:00Z,1.350986,1.350986,1.350731,1.350731
2026-08-10T20:30:00Z,1.350658,1.350858,1.350658,1.350858
2026-08-10T20:45:00Z,1.350822,1.350822,1.350694,1.350804
2026-08-10T21:00:00Z,1.351169,1.351169,1.350567,1.350676
2026-08-10T21:15:00Z,1.350658,1.351041,1.350640,1.350822
2026-08-10T21:30:00Z,1.350858,1.350931,1.350621,1.350804
2026-08-10T21:45:00Z,1.350767,1.350913,1.350694,1.350913
2026-08-10T22:00:00Z,1.350877,1.350913,1.350713,1.350804
2026-08-10T22:15:00Z,1.350822,1.350877,1.350713,1.350785
2026-08-10T22:30:00Z,1.350731,1.350858,1.350731,1.350840
2026-08-10T22:45:00Z,1.350840,1.350968,1.350840,1.350913
2026-08-10T23:00:00Z,1.350986,1.350986,1.350840,1.350877
2026-08-10T23:15:00Z,1.350858,1.350931,1.350731,1.350895
2026-08-10T23:30:00Z,1.350804,1.350895,1.350731,1.350767
2026-08-10T23:45:00Z,1.350767,1.351169,1.350767,1.351169
2026-08-11T00:00:00Z,1.351169,1.351333,1.351132,1.351260
2026-08-11T00:15:00Z,1.351169,1.351388,1.351169,1.351388
2026-08-11T00:30:00Z,1.351351,1.351534,1.351260,1.351461
2026-08-11T00:45:00Z,1.351479,1.351497,1.351205,1.351205
2026-08-11T01:00:00Z,1.350986,1.351169,1.350694,1.351169
2026-08-11T01:15:00Z,1.351187,1.351406,1.351187,1.351260
2026-08-11T01:30:00Z,1.351370,1.351589,1.351169,1.351187
2026-08-11T01:45:00Z,1.351132,1.351497,1.351132,1.351151
2026-08-11T02:00:00Z,1.351096,1.351169,1.350968,1.351059
2026-08-11T02:15:00Z,1.351096,1.351096,1.350713,1.350731
2026-08-11T02:30:00Z,1.350731,1.350858,1.350731,1.350785
2026-08-11T02:45:00Z,1.350804,1.350804,1.350330,1.350475
2026-08-11T03:00:00Z,1.350567,1.350895,1.350567,1.350877
2026-08-11T03:15:00Z,1.350895,1.351224,1.350877,1.351224
2026-08-11T03:30:00Z,1.351297,1.351333,1.351132,1.351132
2026-08-11T03:45:00Z,1.351151,1.351151,1.351004,1.351023
2026-08-11T04:00:00Z,1.351132,1.351187,1.351096,1.351187
2026-08-11T04:15:00Z,1.351242,1.351315,1.351187,1.351315
2026-08-11T04:30:00Z,1.351242,1.351297,1.350931,1.350968
2026-08-11T04:45:00Z,1.351059,1.351151,1.350785,1.351132
2026-08-11T05:00:00Z,1.351114,1.351132,1.350913,1.350931
2026-08-11T05:15:00Z,1.350877,1.350950,1.350804,1.350858
2026-08-11T05:30:00Z,1.350913,1.351443,1.350895,1.351443
2026-08-11T05:45:00Z,1.351406,1.351406,1.351059,1.351260
2026-08-11T06:00:00Z,1.351424,1.351570,1.351297,1.351297
2026-08-11T06:15:00Z,1.351479,1.351479,1.350512,1.350731
2026-08-11T06:30:00Z,1.350804,1.350877,1.350330,1.350694
2026-08-11T06:45:00Z,1.350640,1.350658,1.350348,1.350457
2026-08-11T07:00:00Z,1.350713,1.350858,1.350530,1.350603
2026-08-11T07:15:00Z,1.350512,1.350530,1.349947,1.350202
2026-08-11T07:30:00Z,1.350147,1.350257,1.349546,1.349728
2026-08-11T07:45:00Z,1.349801,1.350001,1.349655,1.349655
2026-08-11T08:00:00Z,1.349746,1.350020,1.349673,1.349928
2026-08-11T08:15:00Z,1.350184,1.350238,1.350038,1.350184
2026-08-11T08:30:00Z,1.350238,1.350877,1.350238,1.350676
2026-08-11T08:45:00Z,1.350567,1.350804,1.350293,1.350402
2026-08-11T09:00:00Z,1.350457,1.350457,1.349983,1.349983
2026-08-11T09:15:00Z,1.350093,1.350220,1.349965,1.350056
2026-08-11T09:30:00Z,1.350165,1.350257,1.350056,1.350257
2026-08-11T09:45:00Z,1.350238,1.350548,1.350238,1.350439
2026-08-11T10:00:00Z,1.350421,1.350512,1.350184,1.350238
2026-08-11T10:15:00Z,1.350184,1.350348,1.349856,1.350074
2026-08-11T10:30:00Z,1.350093,1.350311,1.350093,1.350111
2026-08-11T10:45:00Z,1.350165,1.350202,1.349746,1.349819
2026-08-11T11:00:00Z,1.349764,1.350439,1.349764,1.349910
2026-08-11T11:15:00Z,1.350001,1.350165,1.349856,1.350147
2026-08-11T11:30:00Z,1.350074,1.350074,1.349819,1.349819
2026-08-11T11:45:00Z,1.349655,1.349801,1.349418,1.349455
2026-08-11T12:00:00Z,1.349491,1.350038,1.349364,1.349655
2026-08-11T12:15:00Z,1.349655,1.349874,1.349437,1.349673
2026-08-11T12:30:00Z,1.349728,1.350111,1.349728,1.349746
2026-08-11T12:45:00Z,1.349983,1.350093,1.349783,1.350038
2026-08-11T13:00:00Z,1.350220,1.350421,1.349965,1.349965
2026-08-11T13:15:00Z,1.349965,1.350238,1.349910,1.350220
2026-08-11T13:30:00Z,1.350074,1.350439,1.349783,1.350439
2026-08-11T13:45:00Z,1.350676,1.350676,1.350275,1.350275
2026-08-11T14:00:00Z,1.350038,1.350275,1.349928,1.350165
2026-08-11T14:15:00Z,1.350257,1.350603,1.350220,1.350220
2026-08-11T14:30:00Z,1.350330,1.350895,1.350330,1.350858
2026-08-11T14:45:00Z,1.350950,1.350950,1.350621,1.350895
2026-08-11T15:00:00Z,1.350968,1.350986,1.350439,1.350457
2026-08-11T15:15:00Z,1.350311,1.351023,1.350311,1.350986
2026-08-11T15:30:00Z,1.350840,1.351114,1.350439,1.350567
2026-08-11T15:45:00Z,1.350585,1.351260,1.350530,1.351260
2026-08-11T16:00:00Z,1.351333,1.351351,1.350840,1.350877
2026-08-11T16:15:00Z,1.350822,1.350858,1.350621,1.350713
2026-08-11T16:30:00Z,1.350603,1.350694,1.350475,1.350475
2026-08-11T16:45:00Z,1.350548,1.350731,1.350512,1.350640
2026-08-11T17:00:00Z,1.350640,1.350640,1.349892,1.349910
2026-08-11T17:15:00Z,1.349856,1.350111,1.349801,1.349910
2026-08-11T17:30:00Z,1.349910,1.350275,1.349819,1.350257
2026-08-11T17:45:00Z,1.350257,1.350457,1.350129,1.350257
2026-08-11T18:00:00Z,1.350184,1.350184,1.349947,1.349947
2026-08-11T18:15:00Z,1.349947,1.349983,1.349710,1.349819
2026-08-11T18:30:00Z,1.349728,1.350311,1.349728,1.350311
2026-08-11T18:45:00Z,1.350348,1.350402,1.350147,1.350330
2026-08-11T19:00:00Z,1.350439,1.350585,1.350330,1.350585
2026-08-11T19:15:00Z,1.350512,1.350640,1.350330,1.350640
2026-08-11T19:30:00Z,1.350603,1.350694,1.350548,1.350548
2026-08-11T19:45:00Z,1.350640,1.350858,1.350603,1.350858
2026-08-11T20:00:00Z,1.350858,1.350968,1.350767,1.350767
2026-08-11T20:15:00Z,1.350694,1.350731,1.350567,1.350567
2026-08-11T20:30:00Z,1.350567,1.350640,1.350475,1.350512
2026-08-11T20:45:00Z,1.350475,1.350840,1.350475,1.350840
2026-08-11T21:00:00Z,1.350785,1.350804,1.350348,1.350548
2026-08-11T21:15:00Z,1.350457,1.350621,1.350439,1.350621
2026-08-11T21:30:00Z,1.350785,1.350785,1.350475,1.350603
2026-08-11T21:45:00Z,1.350621,1.350731,1.350293,1.350731
2026-08-11T22:00:00Z,1.350785,1.351059,1.350767,1.351059
2026-08-11T22:15:00Z,1.351041,1.351132,1.351023,1.351041
2026-08-11T22:30:00Z,1.351096,1.351096,1.350931,1.350968
2026-08-11T22:45:00Z,1.350931,1.351132,1.350931,1.351132
2026-08-11T23:00:00Z,1.351004,1.351114,1.350986,1.351059
2026-08-11T23:15:00Z,1.351059,1.351114,1.350950,1.350950
2026-08-11T23:30:00Z,1.350895,1.350986,1.350804,1.350950
2026-08-11T23:45:00Z,1.350877,1.350968,1.350840,1.350968
2026-08-12T00:00:00Z,1.350858,1.351132,1.350858,1.351078
2026-08-12T00:15:00Z,1.351078,1.351169,1.351059,1.351114
2026-08-12T00:30:00Z,1.351078,1.351151,1.350986,1.350986
2026-08-12T00:45:00Z,1.351041,1.351041,1.350713,1.350785
2026-08-12T01:00:00Z,1.350785,1.350785,1.350384,1.350494
2026-08-12T01:15:00Z,1.350421,1.350548,1.350257,1.350439
2026-08-12T01:30:00Z,1.350603,1.350640,1.350457,1.350640
2026-08-12T01:45:00Z,1.350676,1.350968,1.350603,1.350640
2026-08-12T02:00:00Z,1.350658,1.350658,1.350439,1.350457
2026-08-12T02:15:00Z,1.350402,1.350494,1.350238,1.350494
2026-08-12T02:30:00Z,1.350548,1.350749,1.350548,1.350749
2026-08-12T02:45:00Z,1.350767,1.350785,1.350676,1.350694
2026-08-12T03:00:00Z,1.350767,1.350822,1.350621,1.350822
2026-08-12T03:15:00Z,1.350767,1.350804,1.350676,1.350731
2026-08-12T03:30:00Z,1.350785,1.350804,1.350621,1.350621
2026-08-12T03:45:00Z,1.350621,1.350676,1.350567,1.350603
2026-08-12T04:00:00Z,1.350567,1.350731,1.350548,1.350548
2026-08-12T04:15:00Z,1.350548,1.350567,1.350330,1.350530
2026-08-12T04:30:00Z,1.350530,1.350731,1.350512,1.350731
2026-08-12T04:45:00Z,1.350731,1.350785,1.350512,1.350749
2026-08-12T05:00:00Z,1.350713,1.350731,1.350567,1.350621
2026-08-12T05:15:00Z,1.350567,1.350640,1.350330,1.350384
2026-08-12T05:30:00Z,1.350512,1.350567,1.350421,1.350475
2026-08-12T05:45:00Z,1.350475,1.350640,1.350384,1.350640
2026-08-12T06:00:00Z,1.350713,1.350713,1.350548,1.350658
2026-08-12T06:15:00Z,1.350621,1.350731,1.350494,1.350530
2026-08-12T06:30:00Z,1.350366,1.350767,1.350366,1.350676
2026-08-12T06:45:00Z,1.350804,1.350858,1.350512,1.350858
2026-08-12T07:00:00Z,1.350986,1.351132,1.350877,1.351132
2026-08-12T07:15:00Z,1.351096,1.351187,1.351004,1.351114
2026-08-12T07:30:00Z,1.351096,1.351096,1.350877,1.350968
2026-08-12T07:45:00Z,1.350913,1.351059,1.350804,1.350804
2026-08-12T08:00:00Z,1.350877,1.350968,1.350749,1.350968
2026-08-12T08:15:00Z,1.350913,1.351132,1.350913,1.351059
2026-08-12T08:30:00Z,1.351041,1.351169,1.350968,1.351169
2026-08-12T08:45:00Z,1.351169,1.351278,1.351004,1.351059
2026-08-12T09:00:00Z,1.351224,1.351936,1.351132,1.351881
2026-08-12T09:15:00Z,1.351972,1.352850,1.351863,1.351863
2026-08-12T09:30:00Z,1.351936,1.351972,1.351570,1.351570
2026-08-12T09:45:00Z,1.351644,1.351662,1.351187,1.351351
2026-08-12T10:00:00Z,1.351370,1.352082,1.351370,1.351936
2026-08-12T10:15:00Z,1.352046,1.352174,1.351972,1.352119
2026-08-12T10:30:00Z,1.352137,1.352174,1.352027,1.352119
2026-08-12T10:45:00Z,1.352228,1.352247,1.351589,1.351680
2026-08-12T11:00:00Z,1.351406,1.351972,1.351406,1.351717
2026-08-12T11:15:00Z,1.351753,1.351936,1.351625,1.351936
2026-08-12T11:30:00Z,1.352046,1.352228,1.351918,1.352137
2026-08-12T11:45:00Z,1.352338,1.352850,1.352302,1.352741
2026-08-12T12:00:00Z,1.352722,1.352850,1.352375,1.352649
2026-08-12T12:15:00Z,1.352667,1.352667,1.352046,1.352430
2026-08-12T12:30:00Z,1.351004,1.354059,1.351004,1.354059
2026-08-12T12:45:00Z,1.353546,1.353748,1.353070,1.353436
2026-08-12T13:00:00Z,1.353894,1.354059,1.352686,1.352686
2026-08-12T13:15:00Z,1.352521,1.353162,1.352448,1.352979
2026-08-12T13:30:00Z,1.353125,1.353143,1.351936,1.351936
2026-08-12T13:45:00Z,1.351808,1.352722,1.351808,1.352631
2026-08-12T14:00:00Z,1.352686,1.352942,1.352155,1.352320
2026-08-12T14:15:00Z,1.352192,1.352558,1.351790,1.351790
2026-08-12T14:30:00Z,1.351899,1.351899,1.351333,1.351370
2026-08-12T14:45:00Z,1.351424,1.351479,1.350530,1.350950
2026-08-12T15:00:00Z,1.350804,1.350968,1.350238,1.350968
2026-08-12T15:15:00Z,1.350858,1.350931,1.350694,1.350731
2026-08-12T15:30:00Z,1.350767,1.350840,1.350548,1.350640
2026-08-12T15:45:00Z,1.350512,1.351169,1.350348,1.351004
2026-08-12T16:00:00Z,1.350968,1.351078,1.350384,1.351004
2026-08-12T16:15:00Z,1.350767,1.350767,1.350366,1.350366
2026-08-12T16:30:00Z,1.350366,1.350366,1.350001,1.350111
2026-08-12T16:45:00Z,1.350165,1.350165,1.349601,1.349764
2026-08-12T17:00:00Z,1.349819,1.350165,1.349783,1.349874
2026-08-12T17:15:00Z,1.349673,1.349728,1.349564,1.349637
2026-08-12T17:30:00Z,1.349728,1.349783,1.349382,1.349382
2026-08-12T17:45:00Z,1.349382,1.349491,1.349254,1.349364
2026-08-12T18:00:00Z,1.349273,1.349601,1.349091,1.349564
2026-08-12T18:15:00Z,1.349509,1.349764,1.349382,1.349564
2026-08-12T18:30:00Z,1.349582,1.349582,1.349164,1.349200
2026-08-12T18:45:00Z,1.349164,1.349164,1.348836,1.348836
2026-08-12T19:00:00Z,1.348872,1.349073,1.348854,1.349054
2026-08-12T19:15:00Z,1.349018,1.349400,1.349018,1.349127
2026-08-12T19:30:00Z,1.349091,1.349164,1.349000,1.349145
2026-08-12T19:45:00Z,1.349164,1.349200,1.348945,1.349200
2026-08-12T20:00:00Z,1.349200,1.349309,1.349073,1.349109
2026-08-12T20:15:00Z,1.349073,1.349182,1.349054,1.349182
2026-08-12T20:30:00Z,1.349145,1.349382,1.349145,1.349382
2026-08-12T20:45:00Z,1.349437,1.349655,1.349437,1.349637
2026-08-12T21:00:00Z,1.349455,1.350129,1.349455,1.349619
2026-08-12T21:15:00Z,1.349655,1.349710,1.349109,1.349455
2026-08-12T21:30:00Z,1.349473,1.349655,1.349218,1.349528
2026-08-12T21:45:00Z,1.349491,1.349746,1.349455,1.349601
2026-08-12T22:00:00Z,1.349309,1.349418,1.349200,1.349364
2026-08-12T22:15:00Z,1.349364,1.349418,1.349309,1.349400
2026-08-12T22:30:00Z,1.349455,1.349491,1.349400,1.349437
2026-08-12T22:45:00Z,1.349528,1.349764,1.349418,1.349619
2026-08-12T23:00:00Z,1.349655,1.349746,1.349619,1.349619
2026-08-12T23:15:00Z,1.349655,1.349856,1.349655,1.349746
2026-08-12T23:30:00Z,1.349728,1.349746,1.349619,1.349692
2026-08-12T23:45:00Z,1.349582,1.349947,1.349546,1.349783
2026-08-13T00:00:00Z,1.349764,1.349965,1.349764,1.349856
2026-08-13T00:15:00Z,1.349874,1.350020,1.349819,1.349856
2026-08-13T00:30:00Z,1.349892,1.350111,1.349892,1.350020
2026-08-13T00:45:00Z,1.349892,1.349892,1.349528,1.349764
2026-08-13T01:00:00Z,1.349819,1.349837,1.349655,1.349692
2026-08-13T01:15:00Z,1.349728,1.349928,1.349728,1.349892
2026-08-13T01:30:00Z,1.349856,1.349983,1.349601,1.349601
2026-08-13T01:45:00Z,1.349564,1.349601,1.349182,1.349273
2026-08-13T02:00:00Z,1.349291,1.349309,1.349109,1.349164
2026-08-13T02:15:00Z,1.349127,1.349127,1.348909,1.348909
2026-08-13T02:30:00Z,1.348854,1.348963,1.348727,1.348818
2026-08-13T02:45:00Z,1.348836,1.348945,1.348818,1.348891
2026-08-13T03:00:00Z,1.348891,1.349164,1.348709,1.349000
2026-08-13T03:15:00Z,1.348963,1.348963,1.348727,1.348927
2026-08-13T03:30:00Z,1.348945,1.349164,1.348909,1.349164
2026-08-13T03:45:00Z,1.349145,1.349145,1.349036,1.349073
2026-08-13T04:00:00Z,1.349054,1.349073,1.348800,1.348800
2026-08-13T04:15:00Z,1.348854,1.348909,1.348763,1.348854
2026-08-13T04:30:00Z,1.348854,1.348981,1.348854,1.348945
2026-08-13T04:45:00Z,1.349164,1.349710,1.349164,1.349710
2026-08-13T05:00:00Z,1.349601,1.349619,1.349473,1.349546
2026-08-13T05:15:00Z,1.349601,1.349764,1.349601,1.349692
2026-08-13T05:30:00Z,1.349673,1.349673,1.349346,1.349346
2026-08-13T05:45:00Z,1.349309,1.349692,1.349254,1.349546
2026-08-13T06:00:00Z,1.349637,1.349692,1.349054,1.349073
2026-08-13T06:15:00Z,1.349127,1.349346,1.348654,1.348654
2026-08-13T06:30:00Z,1.348472,1.348472,1.347564,1.347945
2026-08-13T06:45:00Z,1.348054,1.348327,1.347963,1.348290
2026-08-13T07:00:00Z,1.348218,1.348454,1.347618,1.347673
2026-08-13T07:15:00Z,1.347872,1.348436,1.347872,1.348418
2026-08-13T07:30:00Z,1.348454,1.348581,1.348127,1.348545
2026-08-13T07:45:00Z,1.348545,1.348745,1.348363,1.348363
2026-08-13T08:00:00Z,1.348309,1.348309,1.347945,1.348054
2026-08-13T08:15:00Z,1.348109,1.348127,1.347854,1.348000
2026-08-13T08:30:00Z,1.347963,1.348327,1.347963,1.348272
2026-08-13T08:45:00Z,1.348199,1.348309,1.347927,1.347927
2026-08-13T09:00:00Z,1.347818,1.348163,1.347600,1.348127
2026-08-13T09:15:00Z,1.348127,1.348763,1.348127,1.348763
2026-08-13T09:30:00Z,1.348763,1.349018,1.348763,1.348836
2026-08-13T09:45:00Z,1.348854,1.349127,1.348727,1.349127
2026-08-13T10:00:00Z,1.349218,1.349655,1.349218,1.349655
2026-08-13T10:15:00Z,1.349710,1.349856,1.349601,1.349819
2026-08-13T10:30:00Z,1.349892,1.350129,1.349837,1.349837
2026-08-13T10:45:00Z,1.349710,1.349710,1.348945,1.349091
2026-08-13T11:00:00Z,1.349054,1.349455,1.348836,1.349455
2026-08-13T11:15:00Z,1.349364,1.349491,1.349273,1.349455
2026-08-13T11:30:00Z,1.349582,1.349655,1.349418,1.349546
2026-08-13T11:45:00Z,1.349491,1.349655,1.349145,1.349236
2026-08-13T12:00:00Z,1.349236,1.349291,1.349054,1.349127
2026-08-13T12:15:00Z,1.349018,1.349236,1.348818,1.348891
2026-08-13T12:30:00Z,1.349218,1.349874,1.348509,1.349655
2026-08-13T12:45:00Z,1.349637,1.350931,1.349637,1.350931
2026-08-13T13:00:00Z,1.350858,1.351059,1.350348,1.350348
2026-08-13T13:15:00Z,1.350713,1.350822,1.350257,1.350257
2026-08-13T13:30:00Z,1.350348,1.350348,1.349819,1.350165
2026-08-13T13:45:00Z,1.350165,1.350184,1.349801,1.349965
2026-08-13T14:00:00Z,1.350147,1.350567,1.349910,1.350439
2026-08-13T14:15:00Z,1.350931,1.351224,1.350658,1.350713
2026-08-13T14:30:00Z,1.350275,1.350548,1.350165,1.350348
2026-08-13T14:45:00Z,1.350275,1.350913,1.349947,1.350767
2026-08-13T15:00:00Z,1.350749,1.350931,1.350293,1.350293
2026-08-13T15:15:00Z,1.350275,1.350275,1.349673,1.349673
2026-08-13T15:30:00Z,1.349801,1.349892,1.349619,1.349637
2026-08-13T15:45:00Z,1.349673,1.349764,1.349546,1.349564
2026-08-13T16:00:00Z,1.349637,1.349637,1.348854,1.348927
2026-08-13T16:15:00Z,1.349018,1.349018,1.348436,1.348581
2026-08-13T16:30:00Z,1.348527,1.348600,1.348345,1.348509
2026-08-13T16:45:00Z,1.348509,1.348727,1.348381,1.348581
2026-08-13T17:00:00Z,1.348690,1.348945,1.348218,1.348218
2026-08-13T17:15:00Z,1.348236,1.348418,1.348218,1.348236
2026-08-13T17:30:00Z,1.348163,1.348363,1.348018,1.348363
2026-08-13T17:45:00Z,1.348418,1.348527,1.348254,1.348272
2026-08-13T18:00:00Z,1.348272,1.348672,1.348072,1.348672
2026-08-13T18:15:00Z,1.348618,1.348636,1.348327,1.348563
2026-08-13T18:30:00Z,1.348636,1.348781,1.348399,1.348781
2026-08-13T18:45:00Z,1.348654,1.348672,1.348418,1.348436
2026-08-13T19:00:00Z,1.348509,1.348636,1.348363,1.348545
2026-08-13T19:15:00Z,1.348436,1.348800,1.348436,1.348763
2026-08-13T19:30:00Z,1.348745,1.348836,1.348527,1.348527
2026-08-13T19:45:00Z,1.348509,1.348745,1.348436,1.348727
2026-08-13T20:00:00Z,1.348745,1.348781,1.348509,1.348654
2026-08-13T20:15:00Z,1.348636,1.348709,1.348454,1.348690
2026-08-13T20:30:00Z,1.348654,1.348672,1.348545,1.348672
2026-08-13T20:45:00Z,1.348654,1.348836,1.348418,1.348690
2026-08-13T21:00:00Z,1.349182,1.349182,1.348418,1.348600
2026-08-13T21:15:00Z,1.348472,1.348763,1.348472,1.348763
2026-08-13T21:30:00Z,1.348854,1.349054,1.348800,1.349036
2026-08-13T21:45:00Z,1.349000,1.349000,1.348545,1.348600
2026-08-13T22:00:00Z,1.348690,1.348781,1.348581,1.348654
2026-08-13T22:15:00Z,1.348581,1.348872,1.348581,1.348763
2026-08-13T22:30:00Z,1.348818,1.348818,1.348727,1.348800
2026-08-13T22:45:00Z,1.348854,1.348909,1.348709,1.348872
2026-08-13T23:00:00Z,1.348927,1.349054,1.348909,1.349036
2026-08-13T23:15:00Z,1.349018,1.349018,1.348836,1.348872
2026-08-13T23:30:00Z,1.348927,1.349036,1.348854,1.349000
2026-08-13T23:45:00Z,1.349000,1.349127,1.349000,1.349073
2026-08-14T00:00:00Z,1.349036,1.349327,1.349036,1.349145
2026-08-14T00:15:00Z,1.349200,1.349509,1.349200,1.349509
2026-08-14T00:30:00Z,1.349455,1.349582,1.349418,1.349491
2026-08-14T00:45:00Z,1.349564,1.349874,1.349455,1.349874
2026-08-14T01:00:00Z,1.349801,1.349801,1.349236,1.349236
2026-08-14T01:15:00Z,1.349236,1.349364,1.349073,1.349218
2026-08-14T01:30:00Z,1.349054,1.349601,1.349054,1.349437
2026-08-14T01:45:00Z,1.349382,1.349491,1.349000,1.349000
2026-08-14T02:00:00Z,1.349127,1.349200,1.349000,1.349145
2026-08-14T02:15:00Z,1.349182,1.349364,1.349054,1.349254
2026-08-14T02:30:00Z,1.349200,1.349455,1.349200,1.349455
2026-08-14T02:45:00Z,1.349418,1.349418,1.348963,1.348981
2026-08-14T03:00:00Z,1.349000,1.349291,1.348909,1.349236
2026-08-14T03:15:00Z,1.349273,1.349746,1.349218,1.349728
2026-08-14T03:30:00Z,1.349692,1.349783,1.349546,1.349619
2026-08-14T03:45:00Z,1.349564,1.349637,1.349400,1.349564
2026-08-14T04:00:00Z,1.349509,1.349856,1.349509,1.349819
2026-08-14T04:15:00Z,1.349801,1.349801,1.349564,1.349564
2026-08-14T04:30:00Z,1.349564,1.349947,1.349564,1.349746
2026-08-14T04:45:00Z,1.349673,1.349892,1.349619,1.349801
2026-08-14T05:00:00Z,1.349764,1.349910,1.349764,1.349856
2026-08-14T05:15:00Z,1.349892,1.350056,1.349746,1.350056
2026-08-14T05:30:00Z,1.349983,1.350093,1.349928,1.350038
2026-08-14T05:45:00Z,1.349983,1.350056,1.349928,1.350001
2026-08-14T06:00:00Z,1.350238,1.350311,1.350093,1.350220
2026-08-14T06:15:00Z,1.350220,1.350257,1.349910,1.350001
2026-08-14T06:30:00Z,1.350056,1.350348,1.350038,1.350275
2026-08-14T06:45:00Z,1.350348,1.350457,1.350202,1.350439
2026-08-14T07:00:00Z,1.350439,1.350895,1.350439,1.350658
2026-08-14T07:15:00Z,1.350621,1.350749,1.350421,1.350494
2026-08-14T07:30:00Z,1.350494,1.351023,1.350311,1.350895
2026-08-14T07:45:00Z,1.351004,1.351370,1.350950,1.351315
2026-08-14T08:00:00Z,1.351589,1.352027,1.351552,1.351717
2026-08-14T08:15:00Z,1.351826,1.352265,1.351644,1.352265
2026-08-14T08:30:00Z,1.352320,1.352667,1.352100,1.352375
2026-08-14T08:45:00Z,1.352174,1.352375,1.351954,1.352375
2026-08-14T09:00:00Z,1.352338,1.352539,1.352155,1.352210
2026-08-14T09:15:00Z,1.352155,1.352338,1.352137,1.352338
2026-08-14T09:30:00Z,1.352320,1.352393,1.352046,1.352192
2026-08-14T09:45:00Z,1.352320,1.352466,1.352228,1.352466
2026-08-14T10:00:00Z,1.352411,1.352832,1.352411,1.352722
2026-08-14T10:15:00Z,1.352704,1.352795,1.352667,1.352741
2026-08-14T10:30:00Z,1.352759,1.352960,1.352722,1.352850
2026-08-14T10:45:00Z,1.352905,1.352979,1.352722,1.352814
2026-08-14T11:00:00Z,1.352905,1.353125,1.352795,1.353070
2026-08-14T11:15:00Z,1.353143,1.353656,1.353070,1.353546
2026-08-14T11:30:00Z,1.353601,1.354243,1.353565,1.354151
2026-08-14T11:45:00Z,1.353986,1.354133,1.353565,1.353583
2026-08-14T12:00:00Z,1.353528,1.354188,1.353528,1.353601
2026-08-14T12:15:00Z,1.353693,1.354353,1.353620,1.354188
2026-08-14T12:30:00Z,1.354977,1.354977,1.353821,1.353821
2026-08-14T12:45:00Z,1.353711,1.354169,1.353546,1.354059
2026-08-14T13:00:00Z,1.353803,1.353986,1.353565,1.353693
2026-08-14T13:15:00Z,1.353858,1.354463,1.353638,1.354463
2026-08-14T13:30:00Z,1.354353,1.355601,1.354353,1.355601
2026-08-14T13:45:00Z,1.355620,1.356043,1.355197,1.355362
2026-08-14T14:00:00Z,1.355730,1.355730,1.355197,1.355289
2026-08-14T14:15:00Z,1.355216,1.356153,1.355142,1.356153
2026-08-14T14:30:00Z,1.355859,1.355859,1.355087,1.355105
2026-08-14T14:45:00Z,1.355105,1.355124,1.354665,1.354830
2026-08-14T15:00:00Z,1.354903,1.355234,1.354830,1.354940
2026-08-14T15:15:00Z,1.354757,1.354903,1.354151,1.354757
2026-08-14T15:30:00Z,1.355050,1.355473,1.354922,1.355160
2026-08-14T15:45:00Z,1.355105,1.355730,1.355105,1.355454
2026-08-14T16:00:00Z,1.355565,1.355693,1.355014,1.355014
2026-08-14T16:15:00Z,1.355032,1.355454,1.354940,1.354958
2026-08-14T16:30:00Z,1.354885,1.355289,1.354757,1.354757
2026-08-14T16:45:00Z,1.354738,1.354738,1.353876,1.353931
2026-08-14T17:00:00Z,1.353968,1.353968,1.353235,1.353253
2026-08-14T17:15:00Z,1.353290,1.353345,1.352795,1.353052
2026-08-14T17:30:00Z,1.353033,1.353271,1.352979,1.353070
2026-08-14T17:45:00Z,1.353033,1.353235,1.352942,1.353235
2026-08-14T18:00:00Z,1.353235,1.353363,1.353052,1.353052
2026-08-14T18:15:00Z,1.353143,1.353510,1.353143,1.353510
2026-08-14T18:30:00Z,1.353546,1.353546,1.353345,1.353473
2026-08-14T18:45:00Z,1.353473,1.353620,1.353327,1.353327
2026-08-14T19:00:00Z,1.353363,1.353583,1.353327,1.353583
2026-08-14T19:15:00Z,1.353565,1.353766,1.353528,1.353730
2026-08-14T19:30:00Z,1.353656,1.353656,1.353418,1.353546
2026-08-14T19:45:00Z,1.353491,1.353620,1.353363,1.353363
2026-08-14T20:00:00Z,1.353418,1.353638,1.353418,1.353510
2026-08-14T20:15:00Z,1.353528,1.353675,1.353436,1.353675
2026-08-14T20:30:00Z,1.353656,1.353656,1.353381,1.353381
2026-08-14T20:45:00Z,1.353546,1.353546,1.353345,1.353546
2026-08-14T21:00:00Z,1.353583,1.353583,1.353583,1.353583
2026-08-14T21:15:00Z,1.353583,1.353583,1.353583,1.353583
2026-08-16T23:00:00Z,1.354353,1.354536,1.354353,1.354463
2026-08-16T23:15:00Z,1.354481,1.354481,1.354335,1.354445
2026-08-16T23:30:00Z,1.354481,1.354555,1.354353,1.354536
2026-08-16T23:45:00Z,1.354573,1.354775,1.354536,1.354683
2026-08-17T00:00:00Z,1.354885,1.355252,1.354885,1.355252
2026-08-17T00:15:00Z,1.355142,1.355399,1.355142,1.355344
2026-08-17T00:30:00Z,1.355454,1.355620,1.355344,1.355381
2026-08-17T00:45:00Z,1.355418,1.355638,1.355289,1.355638
2026-08-17T01:00:00Z,1.355565,1.355565,1.355271,1.355362
2026-08-17T01:15:00Z,1.355362,1.355657,1.355289,1.355454
2026-08-17T01:30:00Z,1.355362,1.355454,1.355142,1.355454
2026-08-17T01:45:00Z,1.355436,1.355657,1.355436,1.355583
2026-08-17T02:00:00Z,1.355546,1.355620,1.355289,1.355418
2026-08-17T02:15:00Z,1.355344,1.355583,1.355344,1.355583
2026-08-17T02:30:00Z,1.355528,1.355528,1.355050,1.355124
2026-08-17T02:45:00Z,1.355142,1.355252,1.355050,1.355050
2026-08-17T03:00:00Z,1.355032,1.355050,1.354867,1.354958
2026-08-17T03:15:00Z,1.355014,1.355124,1.354940,1.354977
2026-08-17T03:30:00Z,1.354977,1.355050,1.354720,1.354867
2026-08-17T03:45:00Z,1.354940,1.355234,1.354812,1.355234
2026-08-17T04:00:00Z,1.355142,1.355657,1.355142,1.355620
2026-08-17T04:15:00Z,1.355601,1.355601,1.355436,1.355509
2026-08-17T04:30:00Z,1.355528,1.355565,1.355436,1.355546
2026-08-17T04:45:00Z,1.355473,1.355528,1.355160,1.355160
2026-08-17T05:00:00Z,1.355234,1.355271,1.355032,1.355087
2026-08-17T05:15:00Z,1.355050,1.355528,1.355050,1.355491
2026-08-17T05:30:00Z,1.355528,1.355528,1.355381,1.355399
2026-08-17T05:45:00Z,1.355418,1.355877,1.355344,1.355418
2026-08-17T06:00:00Z,1.355546,1.355675,1.355124,1.355252
2026-08-17T06:15:00Z,1.355289,1.355638,1.355142,1.355638
2026-08-17T06:30:00Z,1.355528,1.355528,1.355197,1.355381
2026-08-17T06:45:00Z,1.355638,1.355987,1.355638,1.355877
2026-08-17T07:00:00Z,1.355785,1.355969,1.355620,1.355877
2026-08-17T07:15:00Z,1.355877,1.356594,1.355877,1.356594
2026-08-17T07:30:00Z,1.356613,1.357147,1.356558,1.356815
2026-08-17T07:45:00Z,1.356594,1.356594,1.356226,1.356300
2026-08-17T08:00:00Z,1.356245,1.356521,1.356098,1.356484
2026-08-17T08:15:00Z,1.356650,1.357110,1.356521,1.357110
2026-08-17T08:30:00Z,1.357110,1.357110,1.356061,1.356061
2026-08-17T08:45:00Z,1.356116,1.356116,1.355032,1.355436
2026-08-17T09:00:00Z,1.355418,1.355767,1.355252,1.355620
2026-08-17T09:15:00Z,1.355601,1.355840,1.355528,1.355840
2026-08-17T09:30:00Z,1.355859,1.356208,1.355822,1.356208
2026-08-17T09:45:00Z,1.356208,1.356208,1.355914,1.355914
2026-08-17T10:00:00Z,1.355767,1.356061,1.355601,1.356024
2026-08-17T10:15:00Z,1.356043,1.356374,1.355859,1.356374
2026-08-17T10:30:00Z,1.356263,1.356337,1.355914,1.356024
2026-08-17T10:45:00Z,1.355987,1.355987,1.355583,1.355675
2026-08-17T11:00:00Z,1.355712,1.356079,1.355638,1.355638
2026-08-17T11:15:00Z,1.355638,1.355932,1.355307,1.355932
2026-08-17T11:30:00Z,1.355840,1.355877,1.355473,1.355473
2026-08-17T11:45:00Z,1.355362,1.355712,1.355307,1.355693
2026-08-17T12:00:00Z,1.355675,1.356208,1.355675,1.356024
2026-08-17T12:15:00Z,1.355969,1.356208,1.355565,1.355601
2026-08-17T12:30:00Z,1.355620,1.355877,1.355326,1.355840
2026-08-17T12:45:00Z,1.355712,1.356135,1.355509,1.356135
2026-08-17T13:00:00Z,1.356226,1.356558,1.356116,1.356190
2026-08-17T13:15:00Z,1.356226,1.356594,1.356116,1.356226
2026-08-17T13:30:00Z,1.356318,1.356447,1.355638,1.355638
2026-08-17T13:45:00Z,1.355528,1.356043,1.355234,1.356043
2026-08-17T14:00:00Z,1.356061,1.356594,1.356061,1.356558
2026-08-17T14:15:00Z,1.356631,1.356907,1.355969,1.356135
2026-08-17T14:30:00Z,1.356116,1.356116,1.355601,1.355601
2026-08-17T14:45:00Z,1.355601,1.355657,1.355216,1.355271
2026-08-17T15:00:00Z,1.355344,1.355454,1.355124,1.355362
2026-08-17T15:15:00Z,1.355491,1.355693,1.355252,1.355675
2026-08-17T15:30:00Z,1.355822,1.355822,1.355216,1.355216
2026-08-17T15:45:00Z,1.355252,1.356245,1.355252,1.356245
2026-08-17T16:00:00Z,1.356245,1.356245,1.355840,1.355932
2026-08-17T16:15:00Z,1.355987,1.356337,1.355987,1.356153
2026-08-17T16:30:00Z,1.356153,1.356447,1.356153,1.356263
2026-08-17T16:45:00Z,1.356135,1.356226,1.355896,1.355932
2026-08-17T17:00:00Z,1.355969,1.356024,1.355822,1.355822
2026-08-17T17:15:00Z,1.355767,1.355767,1.355307,1.355509
2026-08-17T17:30:00Z,1.355546,1.355546,1.354555,1.354830
2026-08-17T17:45:00Z,1.354812,1.354812,1.354518,1.354518
2026-08-17T18:00:00Z,1.354463,1.354536,1.354280,1.354481
2026-08-17T18:15:00Z,1.354463,1.354536,1.353913,1.354041
2026-08-17T18:30:00Z,1.353931,1.353950,1.353785,1.353821
2026-08-17T18:45:00Z,1.353803,1.353894,1.353730,1.353821
2026-08-17T19:00:00Z,1.353821,1.354151,1.353730,1.354151
2026-08-17T19:15:00Z,1.354133,1.354335,1.354133,1.354316
2026-08-17T19:30:00Z,1.354298,1.354518,1.354224,1.354518
2026-08-17T19:45:00Z,1.354463,1.354463,1.354206,1.354390
2026-08-17T20:00:00Z,1.354518,1.354518,1.354188,1.354188
2026-08-17T20:15:00Z,1.354243,1.354518,1.354243,1.354463
2026-08-17T20:30:00Z,1.354426,1.354463,1.354353,1.354408
2026-08-17T20:45:00Z,1.354335,1.354408,1.354096,1.354390
2026-08-17T21:00:00Z,1.354940,1.355252,1.354188,1.354720
2026-08-17T21:15:00Z,1.354573,1.354922,1.354353,1.354481
2026-08-17T21:30:00Z,1.354646,1.354646,1.354390,1.354573
2026-08-17T21:45:00Z,1.354646,1.354683,1.354188,1.354188
2026-08-17T22:00:00Z,1.354500,1.354555,1.354371,1.354426
2026-08-17T22:15:00Z,1.354536,1.354555,1.354316,1.354555
2026-08-17T22:30:00Z,1.354518,1.354518,1.354316,1.354408
2026-08-17T22:45:00Z,1.354445,1.354500,1.354390,1.354408
2026-08-17T23:00:00Z,1.354426,1.354646,1.354426,1.354646
2026-08-17T23:15:00Z,1.354683,1.354812,1.354610,1.354812
2026-08-17T23:30:00Z,1.354830,1.355179,1.354775,1.355179
2026-08-17T23:45:00Z,1.355160,1.355216,1.354977,1.355069
2026-08-18T00:00:00Z,1.355105,1.355436,1.355087,1.355197
2026-08-18T00:15:00Z,1.355160,1.355234,1.354848,1.354848
2026-08-18T00:30:00Z,1.354738,1.355014,1.354573,1.354958
2026-08-18T00:45:00Z,1.354848,1.355087,1.354757,1.355087
2026-08-18T01:00:00Z,1.354995,1.355344,1.354922,1.355344
2026-08-18T01:15:00Z,1.355216,1.355216,1.354720,1.354903
2026-08-18T01:30:00Z,1.354903,1.355234,1.354812,1.354922
2026-08-18T01:45:00Z,1.354812,1.354885,1.354646,1.354665
2026-08-18T02:00:00Z,1.354646,1.354683,1.354390,1.354445
2026-08-18T02:15:00Z,1.354408,1.354463,1.354224,1.354280
2026-08-18T02:30:00Z,1.354041,1.354280,1.354041,1.354261
2026-08-18T02:45:00Z,1.354224,1.354665,1.354224,1.354665
2026-08-18T03:00:00Z,1.354573,1.354573,1.354243,1.354243
2026-08-18T03:15:00Z,1.354151,1.354151,1.353766,1.353858
2026-08-18T03:30:00Z,1.353821,1.353858,1.353620,1.353656
2026-08-18T03:45:00Z,1.353656,1.353656,1.353473,1.353565
2026-08-18T04:00:00Z,1.353656,1.353656,1.353217,1.353253
2026-08-18T04:15:00Z,1.353143,1.353803,1.353143,1.353693
2026-08-18T04:30:00Z,1.353656,1.353730,1.353455,1.353693
2026-08-18T04:45:00Z,1.353638,1.353858,1.353565,1.353565
2026-08-18T05:00:00Z,1.353528,1.353601,1.353400,1.353400
2026-08-18T05:15:00Z,1.353528,1.353858,1.353528,1.353821
2026-08-18T05:30:00Z,1.353876,1.353876,1.353601,1.353675
2026-08-18T05:45:00Z,1.353730,1.353931,1.353656,1.353656
2026-08-18T06:00:00Z,1.353693,1.353693,1.352320,1.352850
2026-08-18T06:15:00Z,1.352814,1.353327,1.352686,1.353327
2026-08-18T06:30:00Z,1.353125,1.353253,1.352722,1.352850
2026-08-18T06:45:00Z,1.352832,1.352832,1.352302,1.352704
2026-08-18T07:00:00Z,1.352795,1.352850,1.352100,1.352265
2026-08-18T07:15:00Z,1.352247,1.352686,1.352082,1.352576
2026-08-18T07:30:00Z,1.352686,1.353033,1.352448,1.352942
2026-08-18T07:45:00Z,1.353015,1.353052,1.352741,1.352942
2026-08-18T08:00:00Z,1.352759,1.352759,1.352558,1.352594
2026-08-18T08:15:00Z,1.352539,1.352832,1.352430,1.352832
2026-08-18T08:30:00Z,1.352869,1.353015,1.352777,1.352924
2026-08-18T08:45:00Z,1.352997,1.353418,1.352942,1.353290
2026-08-18T09:00:00Z,1.353162,1.353217,1.352924,1.352924
2026-08-18T09:15:00Z,1.352759,1.353271,1.352759,1.353235
2026-08-18T09:30:00Z,1.353327,1.353345,1.352814,1.353052
2026-08-18T09:45:00Z,1.353125,1.353381,1.353088,1.353235
2026-08-18T10:00:00Z,1.353198,1.353198,1.352667,1.352722
2026-08-18T10:15:00Z,1.352612,1.352924,1.352558,1.352924
2026-08-18T10:30:00Z,1.352924,1.352960,1.352759,1.352759
2026-08-18T10:45:00Z,1.352832,1.353070,1.352484,1.352741
2026-08-18T11:00:00Z,1.352631,1.352777,1.352302,1.352393
2026-08-18T11:15:00Z,1.352430,1.352430,1.352100,1.352100
2026-08-18T11:30:00Z,1.352247,1.352375,1.352192,1.352192
2026-08-18T11:45:00Z,1.352283,1.352777,1.352210,1.352777
2026-08-18T12:00:00Z,1.352722,1.352814,1.352539,1.352814
2026-08-18T12:15:00Z,1.352832,1.353217,1.352722,1.352722
2026-08-18T12:30:00Z,1.352795,1.352924,1.352484,1.352924
2026-08-18T12:45:00Z,1.352814,1.353400,1.352814,1.353217
2026-08-18T13:00:00Z,1.353363,1.353803,1.353363,1.353803
2026-08-18T13:15:00Z,1.353656,1.353656,1.353363,1.353418
2026-08-18T13:30:00Z,1.353235,1.354371,1.353235,1.353931
2026-08-18T13:45:00Z,1.353821,1.354133,1.353400,1.354133
2026-08-18T14:00:00Z,1.354243,1.354536,1.354133,1.354280
2026-08-18T14:15:00Z,1.354298,1.354903,1.354280,1.354335
2026-08-18T14:30:00Z,1.354335,1.354665,1.354059,1.354646
2026-08-18T14:45:00Z,1.354591,1.355087,1.354335,1.354335
2026-08-18T15:00:00Z,1.354298,1.354812,1.353766,1.353766
2026-08-18T15:15:00Z,1.353858,1.354224,1.353785,1.354005
2026-08-18T15:30:00Z,1.353821,1.354041,1.353693,1.353894
2026-08-18T15:45:00Z,1.354005,1.354335,1.354005,1.354316
2026-08-18T16:00:00Z,1.354463,1.354665,1.354206,1.354426
2026-08-18T16:15:00Z,1.354463,1.354701,1.354261,1.354261
2026-08-18T16:30:00Z,1.354353,1.354481,1.354169,1.354445
2026-08-18T16:45:00Z,1.354426,1.354500,1.354115,1.354115
2026-08-18T17:00:00Z,1.354115,1.354115,1.353473,1.353491
2026-08-18T17:15:00Z,1.353546,1.353748,1.353528,1.353620
2026-08-18T17:30:00Z,1.353363,1.353620,1.353235,1.353455
2026-08-18T17:45:00Z,1.353546,1.353565,1.353455,1.353528
2026-08-18T18:00:00Z,1.353436,1.353565,1.353327,1.353546
2026-08-18T18:15:00Z,1.353601,1.353840,1.353583,1.353766
2026-08-18T18:30:00Z,1.353711,1.353711,1.353381,1.353381
2026-08-18T18:45:00Z,1.353400,1.353455,1.353290,1.353455
2026-08-18T19:00:00Z,1.353436,1.353693,1.353308,1.353565
2026-08-18T19:15:00Z,1.353693,1.353693,1.353510,1.353583
2026-08-18T19:30:00Z,1.353638,1.353986,1.353620,1.353748
2026-08-18T19:45:00Z,1.353803,1.353803,1.353235,1.353290
2026-08-18T20:00:00Z,1.353217,1.353217,1.352997,1.353180
2026-08-18T20:15:00Z,1.353107,1.353143,1.352924,1.353015
2026-08-18T20:30:00Z,1.353052,1.353235,1.353033,1.353198
2026-08-18T20:45:00Z,1.353235,1.353290,1.353070,1.353290
2026-08-18T21:00:00Z,1.353803,1.353840,1.353070,1.353528
2026-08-18T21:15:00Z,1.353381,1.353675,1.353381,1.353583
2026-08-18T21:30:00Z,1.353418,1.353711,1.353143,1.353217
2026-08-18T21:45:00Z,1.353052,1.353565,1.353033,1.353565
2026-08-18T22:00:00Z,1.353180,1.353455,1.353180,1.353217
2026-08-18T22:15:00Z,1.353271,1.353271,1.353107,1.353107
2026-08-18T22:30:00Z,1.353162,1.353308,1.353070,1.353198
2026-08-18T22:45:00Z,1.353308,1.353473,1.353290,1.353436
2026-08-18T23:00:00Z,1.353473,1.353656,1.353473,1.353620
2026-08-18T23:15:00Z,1.353491,1.353601,1.353327,1.353327
2026-08-18T23:30:00Z,1.353400,1.353436,1.353235,1.353290
2026-08-18T23:45:00Z,1.353345,1.353638,1.353308,1.353638
2026-08-19T00:00:00Z,1.353638,1.354169,1.353638,1.354059
2026-08-19T00:15:00Z,1.354041,1.354133,1.353858,1.353858
2026-08-19T00:30:00Z,1.353858,1.353858,1.353491,1.353510
2026-08-19T00:45:00Z,1.353400,1.353528,1.352942,1.353015
2026-08-19T01:00:00Z,1.352960,1.353052,1.352686,1.352686
2026-08-19T01:15:00Z,1.352612,1.352814,1.352393,1.352814
2026-08-19T01:30:00Z,1.352960,1.352960,1.352850,1.352887
2026-08-19T01:45:00Z,1.352850,1.353107,1.352741,1.353052
2026-08-19T02:00:00Z,1.353125,1.353510,1.353088,1.353455
2026-08-19T02:15:00Z,1.353217,1.354005,1.353217,1.353693
2026-08-19T02:30:00Z,1.353803,1.354188,1.353620,1.354188
2026-08-19T02:45:00Z,1.354206,1.354316,1.353858,1.354023
2026-08-19T03:00:00Z,1.354023,1.354151,1.353821,1.353950
2026-08-19T03:15:00Z,1.353986,1.354133,1.353968,1.354078
2026-08-19T03:30:00Z,1.354133,1.354151,1.353821,1.353950
2026-08-19T03:45:00Z,1.353931,1.353986,1.353766,1.353766
2026-08-19T04:00:00Z,1.353840,1.354041,1.353730,1.354041
2026-08-19T04:15:00Z,1.354005,1.354023,1.353894,1.353913
2026-08-19T04:30:00Z,1.353968,1.354133,1.353711,1.353894
2026-08-19T04:45:00Z,1.353931,1.354243,1.353913,1.354206
2026-08-19T05:00:00Z,1.354298,1.354298,1.354005,1.354224
2026-08-19T05:15:00Z,1.354206,1.354335,1.354133,1.354224
2026-08-19T05:30:00Z,1.354224,1.354408,1.354169,1.354408
2026-08-19T05:45:00Z,1.354335,1.354518,1.354316,1.354426
2026-08-19T06:00:00Z,1.354353,1.354757,1.354353,1.354463
2026-08-19T06:15:00Z,1.354555,1.355693,1.354555,1.355418
2026-08-19T06:30:00Z,1.355436,1.355436,1.355050,1.355216
2026-08-19T06:45:00Z,1.355216,1.355381,1.355050,1.355142
2026-08-19T07:00:00Z,1.355216,1.355583,1.354922,1.354922
2026-08-19T07:15:00Z,1.354610,1.355216,1.354610,1.355032
2026-08-19T07:30:00Z,1.355050,1.355399,1.355050,1.355216
2026-08-19T07:45:00Z,1.355160,1.355657,1.355160,1.355657
2026-08-19T08:00:00Z,1.355565,1.356466,1.355565,1.356318
2026-08-19T08:15:00Z,1.356429,1.356558,1.355583,1.355657
2026-08-19T08:30:00Z,1.355601,1.356098,1.355418,1.356098
2026-08-19T08:45:00Z,1.356171,1.356282,1.355344,1.355362
2026-08-19T09:00:00Z,1.355179,1.355657,1.355069,1.355436
2026-08-19T09:15:00Z,1.355326,1.355767,1.355307,1.355546
2026-08-19T09:30:00Z,1.355565,1.355657,1.355271,1.355454
2026-08-19T09:45:00Z,1.355399,1.355932,1.355399,1.355859
2026-08-19T10:00:00Z,1.355803,1.356190,1.355657,1.356190
2026-08-19T10:15:00Z,1.356116,1.356337,1.356043,1.356337
2026-08-19T10:30:00Z,1.356410,1.356466,1.356245,1.356392
2026-08-19T10:45:00Z,1.356392,1.356484,1.355620,1.355675
2026-08-19T11:00:00Z,1.355859,1.356043,1.355271,1.355546
2026-08-19T11:15:00Z,1.355583,1.355620,1.355436,1.355436
2026-08-19T11:30:00Z,1.355528,1.355546,1.354867,1.355069
2026-08-19T11:45:00Z,1.355197,1.355473,1.355197,1.355362
2026-08-19T12:00:00Z,1.355454,1.355785,1.355344,1.355785
2026-08-19T12:15:00Z,1.355877,1.356392,1.355877,1.356116
2026-08-19T12:30:00Z,1.356116,1.358788,1.356116,1.358788
2026-08-19T12:45:00Z,1.359065,1.360211,1.358862,1.359619
2026-08-19T13:00:00Z,1.360063,1.361526,1.359989,1.361526
2026-08-19T13:15:00Z,1.361507,1.362231,1.361433,1.362231
2026-08-19T13:30:00Z,1.362194,1.362342,1.361507,1.361934
2026-08-19T13:45:00Z,1.361600,1.362194,1.361100,1.361823
2026-08-19T14:00:00Z,1.361841,1.362324,1.361415,1.362119
2026-08-19T14:15:00Z,1.362045,1.362324,1.361656,1.362324
2026-08-19T14:30:00Z,1.362305,1.362936,1.362212,1.362528
2026-08-19T14:45:00Z,1.362454,1.362454,1.360822,1.360878
2026-08-19T15:00:00Z,1.361026,1.361359,1.360711,1.361359
2026-08-19T15:15:00Z,1.361322,1.361322,1.360378,1.360748
2026-08-19T15:30:00Z,1.360952,1.361174,1.360748,1.361044
2026-08-19T15:45:00Z,1.360859,1.361044,1.360285,1.360674
2026-08-19T16:00:00Z,1.360766,1.361192,1.360544,1.361063
2026-08-19T16:15:00Z,1.361118,1.361192,1.360748,1.360859
2026-08-19T16:30:00Z,1.360822,1.361211,1.360822,1.361007
2026-08-19T16:45:00Z,1.361100,1.361526,1.360933,1.361063
2026-08-19T17:00:00Z,1.361266,1.361637,1.360285,1.360378
2026-08-19T17:15:00Z,1.360174,1.360174,1.359675,1.359860
2026-08-19T17:30:00Z,1.359841,1.359915,1.359379,1.359582
2026-08-19T17:45:00Z,1.359638,1.359730,1.359102,1.359157
2026-08-19T18:00:00Z,1.359342,1.360378,1.359342,1.360063
2026-08-19T18:15:00Z,1.359915,1.360045,1.359083,1.359231
2026-08-19T18:30:00Z,1.359287,1.360729,1.359287,1.360581
2026-08-19T18:45:00Z,1.360618,1.360952,1.360618,1.360766
2026-08-19T19:00:00Z,1.360933,1.361081,1.360415,1.360711
2026-08-19T19:15:00Z,1.360896,1.361192,1.360803,1.361137
2026-08-19T19:30:00Z,1.361026,1.361174,1.360452,1.360729
2026-08-19T19:45:00Z,1.360600,1.361044,1.360600,1.360822
2026-08-19T20:00:00Z,1.360729,1.361007,1.360452,1.360489
2026-08-19T20:15:00Z,1.360433,1.360433,1.360285,1.360285
2026-08-19T20:30:00Z,1.360341,1.360785,1.360322,1.360692
2026-08-19T20:45:00Z,1.360655,1.360822,1.360581,1.360581
2026-08-19T21:00:00Z,1.360785,1.360915,1.360489,1.360637
2026-08-19T21:15:00Z,1.360785,1.361100,1.360618,1.360859
2026-08-19T21:30:00Z,1.360989,1.361026,1.360600,1.360785
2026-08-19T21:45:00Z,1.360841,1.360970,1.360359,1.360803
2026-08-19T22:00:00Z,1.360822,1.361026,1.360618,1.360841
2026-08-19T22:15:00Z,1.360859,1.360859,1.360766,1.360785
2026-08-19T22:30:00Z,1.360859,1.360859,1.360600,1.360600
2026-08-19T22:45:00Z,1.360600,1.360692,1.360470,1.360526
2026-08-19T23:00:00Z,1.360267,1.360711,1.360267,1.360452
2026-08-19T23:15:00Z,1.360378,1.360433,1.360230,1.360267
2026-08-19T23:30:00Z,1.360285,1.360285,1.360045,1.360100
2026-08-19T23:45:00Z,1.360119,1.360137,1.359915,1.360082
2026-08-20T00:00:00Z,1.360285,1.360729,1.360026,1.360322
2026-08-20T00:15:00Z,1.360396,1.360618,1.360063,1.360156
2026-08-20T00:30:00Z,1.360304,1.360507,1.360137,1.360137
2026-08-20T00:45:00Z,1.360137,1.360137,1.359841,1.360026
2026-08-20T01:00:00Z,1.360008,1.360008,1.359490,1.359878
2026-08-20T01:15:00Z,1.359897,1.360655,1.359878,1.360637
2026-08-20T01:30:00Z,1.360692,1.360803,1.360563,1.360618
2026-08-20T01:45:00Z,1.360618,1.360822,1.360359,1.360822
2026-08-20T02:00:00Z,1.360748,1.361433,1.360748,1.360878
2026-08-20T02:15:00Z,1.360748,1.360841,1.360341,1.360544
2026-08-20T02:30:00Z,1.360581,1.360766,1.360452,1.360526
2026-08-20T02:45:00Z,1.360526,1.360600,1.360378,1.360544
2026-08-20T03:00:00Z,1.360655,1.361137,1.360600,1.361137
2026-08-20T03:15:00Z,1.360878,1.361341,1.360803,1.361118
2026-08-20T03:30:00Z,1.361285,1.361285,1.361026,1.361285
2026-08-20T03:45:00Z,1.361396,1.361470,1.361304,1.361433
2026-08-20T04:00:00Z,1.361359,1.361637,1.361304,1.361563
2026-08-20T04:15:00Z,1.361582,1.361582,1.361230,1.361304
2026-08-20T04:30:00Z,1.361230,1.361396,1.361137,1.361137
2026-08-20T04:45:00Z,1.361137,1.361211,1.360748,1.360766
2026-08-20T05:00:00Z,1.360841,1.361007,1.360803,1.360859
2026-08-20T05:15:00Z,1.360803,1.360859,1.360507,1.360507
2026-08-20T05:30:00Z,1.360674,1.360711,1.360174,1.360174
2026-08-20T05:45:00Z,1.360193,1.360692,1.360063,1.360526
2026-08-20T06:00:00Z,1.360544,1.361285,1.360378,1.361174
2026-08-20T06:15:00Z,1.361026,1.361100,1.360637,1.360766
2026-08-20T06:30:00Z,1.360785,1.360952,1.360711,1.360933
2026-08-20T06:45:00Z,1.361452,1.361786,1.361211,1.361786
2026-08-20T07:00:00Z,1.361433,1.361433,1.360952,1.361285
2026-08-20T07:15:00Z,1.361341,1.361470,1.361174,1.361266
2026-08-20T07:30:00Z,1.361563,1.363104,1.361563,1.362825
2026-08-20T07:45:00Z,1.362751,1.362751,1.362138,1.362528
2026-08-20T08:00:00Z,1.362454,1.363066,1.362454,1.363066
2026-08-20T08:15:00Z,1.363085,1.363643,1.363085,1.363382
2026-08-20T08:30:00Z,1.363011,1.363475,1.363011,1.363327
2026-08-20T08:45:00Z,1.363438,1.363754,1.363308,1.363605
2026-08-20T09:00:00Z,1.363643,1.364126,1.363289,1.364015
2026-08-20T09:15:00Z,1.364015,1.364517,1.364015,1.364424
2026-08-20T09:30:00Z,1.364387,1.364498,1.363996,1.364480
2026-08-20T09:45:00Z,1.364480,1.364815,1.364387,1.364815
2026-08-20T10:00:00Z,1.364424,1.365915,1.364424,1.365505
2026-08-20T10:15:00Z,1.365617,1.365654,1.365150,1.365654
2026-08-20T10:30:00Z,1.365561,1.365710,1.364815,1.364815
2026-08-20T10:45:00Z,1.364815,1.364815,1.364126,1.364498
2026-08-20T11:00:00Z,1.364387,1.364387,1.363308,1.363457
2026-08-20T11:15:00Z,1.363457,1.364033,1.363382,1.363568
2026-08-20T11:30:00Z,1.363680,1.364201,1.363308,1.363308
2026-08-20T11:45:00Z,1.363066,1.363438,1.363066,1.363234
2026-08-20T12:00:00Z,1.363252,1.363401,1.362305,1.363401
2026-08-20T12:15:00Z,1.363531,1.364052,1.363494,1.363605
2026-08-20T12:30:00Z,1.363587,1.363866,1.362658,1.363866
2026-08-20T12:45:00Z,1.363903,1.364536,1.363717,1.364275
2026-08-20T13:00:00Z,1.364722,1.365206,1.364387,1.364387
2026-08-20T13:15:00Z,1.364443,1.364852,1.363977,1.364238
2026-08-20T13:30:00Z,1.364275,1.364275,1.363791,1.363940
2026-08-20T13:45:00Z,1.363977,1.363977,1.363419,1.363438
2026-08-20T14:00:00Z,1.363680,1.363903,1.362899,1.362899
2026-08-20T14:15:00Z,1.362936,1.363624,1.362936,1.363512
2026-08-20T14:30:00Z,1.363531,1.363643,1.363196,1.363308
2026-08-20T14:45:00Z,1.363271,1.363661,1.363085,1.363234
2026-08-20T15:00:00Z,1.363327,1.364741,1.363327,1.363847
2026-08-20T15:15:00Z,1.363717,1.364238,1.363029,1.364238
2026-08-20T15:30:00Z,1.364331,1.364331,1.362936,1.362936
2026-08-20T15:45:00Z,1.363029,1.363810,1.363011,1.363736
2026-08-20T16:00:00Z,1.363605,1.363661,1.363178,1.363178
2026-08-20T16:15:00Z,1.363048,1.363271,1.362806,1.362806
2026-08-20T16:30:00Z,1.362713,1.362806,1.362509,1.362806
2026-08-20T16:45:00Z,1.362825,1.363382,1.362825,1.363085
2026-08-20T17:00:00Z,1.363122,1.363141,1.362583,1.362621
2026-08-20T17:15:00Z,1.362546,1.362732,1.362509,1.362732
2026-08-20T17:30:00Z,1.362528,1.362732,1.362416,1.362509
2026-08-20T17:45:00Z,1.362565,1.362806,1.362565,1.362806
2026-08-20T18:00:00Z,1.362825,1.362825,1.362268,1.362324
2026-08-20T18:15:00Z,1.362268,1.362454,1.362119,1.362379
2026-08-20T18:30:00Z,1.362435,1.362546,1.362361,1.362416
2026-08-20T18:45:00Z,1.362435,1.362825,1.362435,1.362806
2026-08-20T19:00:00Z,1.362732,1.362992,1.362658,1.362992
2026-08-20T19:15:00Z,1.363029,1.363029,1.362881,1.362881
2026-08-20T19:30:00Z,1.363011,1.363029,1.362825,1.362843
2026-08-20T19:45:00Z,1.362806,1.363104,1.362806,1.362862
2026-08-20T20:00:00Z,1.363011,1.363085,1.362918,1.362973
2026-08-20T20:15:00Z,1.362936,1.362973,1.362825,1.362955
2026-08-20T20:30:00Z,1.362973,1.363215,1.362918,1.363196
2026-08-20T20:45:00Z,1.363327,1.363327,1.363085,1.363085
2026-08-20T21:00:00Z,1.363104,1.363159,1.362676,1.362843
2026-08-20T21:15:00Z,1.362973,1.363345,1.362973,1.363048
2026-08-20T21:30:00Z,1.363196,1.363271,1.362973,1.362973
2026-08-20T21:45:00Z,1.362973,1.363364,1.362973,1.363104
2026-08-20T22:00:00Z,1.363234,1.363550,1.363234,1.363438
2026-08-20T22:15:00Z,1.363512,1.363698,1.363308,1.363550
2026-08-20T22:30:00Z,1.363531,1.363550,1.363419,1.363494
2026-08-20T22:45:00Z,1.363512,1.363736,1.363512,1.363605
2026-08-20T23:00:00Z,1.363717,1.364033,1.363717,1.363922
2026-08-20T23:15:00Z,1.363847,1.364163,1.363847,1.364126
2026-08-20T23:30:00Z,1.364163,1.364163,1.363810,1.364163
2026-08-20T23:45:00Z,1.364163,1.364387,1.364070,1.364331
2026-08-21T00:00:00Z,1.364368,1.364554,1.363940,1.364554
2026-08-21T00:15:00Z,1.364387,1.364722,1.364219,1.364219
2026-08-21T00:30:00Z,1.364201,1.364368,1.363922,1.363996
2026-08-21T00:45:00Z,1.363959,1.364145,1.363829,1.363829
2026-08-21T01:00:00Z,1.363922,1.364070,1.363736,1.364015
2026-08-21T01:15:00Z,1.364145,1.364666,1.364145,1.364666
2026-08-21T01:30:00Z,1.364703,1.365001,1.364498,1.364517
2026-08-21T01:45:00Z,1.364517,1.364648,1.364331,1.364517
2026-08-21T02:00:00Z,1.364573,1.364610,1.364145,1.364592
2026-08-21T02:15:00Z,1.364573,1.365057,1.364480,1.364871
2026-08-21T02:30:00Z,1.365095,1.365206,1.364908,1.365076
2026-08-21T02:45:00Z,1.365150,1.365542,1.364908,1.364908
2026-08-21T03:00:00Z,1.364871,1.365150,1.364815,1.365076
2026-08-21T03:15:00Z,1.365057,1.365113,1.364666,1.364666
2026-08-21T03:30:00Z,1.364629,1.364666,1.364387,1.364480
2026-08-21T03:45:00Z,1.364536,1.364648,1.364424,1.364592
2026-08-21T04:00:00Z,1.364517,1.364648,1.364424,1.364498
2026-08-21T04:15:00Z,1.364498,1.364610,1.364219,1.364219
2026-08-21T04:30:00Z,1.364275,1.364275,1.363977,1.364257
2026-08-21T04:45:00Z,1.364238,1.364405,1.364201,1.364387
2026-08-21T05:00:00Z,1.364238,1.364387,1.364201,1.364350
2026-08-21T05:15:00Z,1.364405,1.364405,1.364219,1.364257
2026-08-21T05:30:00Z,1.364219,1.364871,1.364145,1.364871
2026-08-21T05:45:00Z,1.364685,1.365300,1.364685,1.365262
2026-08-21T06:00:00Z,1.365039,1.365039,1.364424,1.364461
2026-08-21T06:15:00Z,1.364573,1.364722,1.364219,1.364517
2026-08-21T06:30:00Z,1.364517,1.365057,1.364517,1.364629
2026-08-21T06:45:00Z,1.364480,1.365001,1.364461,1.365001
2026-08-21T07:00:00Z,1.365076,1.365225,1.364461,1.364908
2026-08-21T07:15:00Z,1.364778,1.365262,1.364778,1.365001
2026-08-21T07:30:00Z,1.365057,1.365318,1.364331,1.364331
2026-08-21T07:45:00Z,1.364350,1.364350,1.363922,1.364163
2026-08-21T08:00:00Z,1.364275,1.364275,1.363587,1.364145
2026-08-21T08:15:00Z,1.364107,1.364759,1.363903,1.364666
2026-08-21T08:30:00Z,1.364852,1.365822,1.364834,1.365822
2026-08-21T08:45:00Z,1.365617,1.366550,1.365617,1.366550
2026-08-21T09:00:00Z,1.366382,1.367540,1.366382,1.367278
2026-08-21T09:15:00Z,1.367390,1.367390,1.366008,1.366176
2026-08-21T09:30:00Z,1.366046,1.366363,1.365990,1.366008
2026-08-21T09:45:00Z,1.365896,1.366083,1.365542,1.365542
2026-08-21T10:00:00Z,1.365393,1.366027,1.365393,1.365840
2026-08-21T10:15:00Z,1.366046,1.366606,1.365971,1.366438
2026-08-21T10:30:00Z,1.366363,1.366456,1.366139,1.366176
2026-08-21T10:45:00Z,1.366120,1.366120,1.364703,1.364983
2026-08-21T11:00:00Z,1.364927,1.365486,1.364796,1.365486
2026-08-21T11:15:00Z,1.365691,1.366325,1.365505,1.366325
2026-08-21T11:30:00Z,1.365990,1.366046,1.365486,1.365598
2026-08-21T11:45:00Z,1.365467,1.365766,1.365169,1.365766
2026-08-21T12:00:00Z,1.365840,1.366008,1.365411,1.365411
2026-08-21T12:15:00Z,1.365561,1.365822,1.365337,1.365374
2026-08-21T12:30:00Z,1.365057,1.365057,1.363643,1.364480
2026-08-21T12:45:00Z,1.364536,1.364536,1.363996,1.364387
2026-08-21T13:00:00Z,1.364610,1.364610,1.363717,1.363829
2026-08-21T13:15:00Z,1.363829,1.363866,1.363512,1.363698
2026-08-21T13:30:00Z,1.363680,1.364033,1.363512,1.364015
2026-08-21T13:45:00Z,1.363829,1.364629,1.363829,1.364498
2026-08-21T14:00:00Z,1.364145,1.364405,1.363791,1.364089
2026-08-21T14:15:00Z,1.364145,1.364294,1.363494,1.363512
2026-08-21T14:30:00Z,1.363178,1.363178,1.361915,1.362361
2026-08-21T14:45:00Z,1.362528,1.363141,1.362175,1.362454
2026-08-21T15:00:00Z,1.362528,1.362862,1.362361,1.362639
2026-08-21T15:15:00Z,1.362713,1.363141,1.362528,1.363048
2026-08-21T15:30:00Z,1.363159,1.363847,1.363159,1.363847
2026-08-21T15:45:00Z,1.363940,1.364238,1.363605,1.364238
2026-08-21T16:00:00Z,1.364312,1.364424,1.363717,1.364052
2026-08-21T16:15:00Z,1.364033,1.364312,1.363754,1.364182
2026-08-21T16:30:00Z,1.364275,1.364461,1.364201,1.364201
2026-08-21T16:45:00Z,1.364387,1.364387,1.364089,1.364275
2026-08-21T17:00:00Z,1.364182,1.364257,1.364033,1.364052
2026-08-21T17:15:00Z,1.364126,1.364648,1.364126,1.364648
2026-08-21T17:30:00Z,1.364424,1.364908,1.364424,1.364536
2026-08-21T17:45:00Z,1.364610,1.364945,1.364592,1.364890
2026-08-21T18:00:00Z,1.364983,1.365449,1.364983,1.365132
2026-08-21T18:15:00Z,1.365057,1.365281,1.364964,1.365206
2026-08-21T18:30:00Z,1.365095,1.365281,1.365095,1.365206
2026-08-21T18:45:00Z,1.365225,1.365225,1.364945,1.365206
2026-08-21T19:00:00Z,1.365262,1.365262,1.364852,1.364908
2026-08-21T19:15:00Z,1.364890,1.364964,1.364759,1.364852
2026-08-21T19:30:00Z,1.364834,1.364927,1.364703,1.364722
2026-08-21T19:45:00Z,1.364815,1.365076,1.364648,1.364759
2026-08-21T20:00:00Z,1.364666,1.364908,1.364648,1.364852
2026-08-21T20:15:00Z,1.364722,1.364815,1.364536,1.364536
2026-08-21T20:30:00Z,1.364573,1.364573,1.364201,1.364405
2026-08-21T20:45:00Z,1.364517,1.364629,1.364294,1.364629
2026-08-21T21:00:00Z,1.364796,1.364796,1.364796,1.364796
2026-08-21T21:15:00Z,1.364796,1.364796,1.364796,1.364796
2026-08-23T23:00:00Z,1.364350,1.364480,1.364350,1.364480
2026-08-23T23:15:00Z,1.364443,1.364648,1.364350,1.364610
2026-08-23T23:30:00Z,1.364629,1.364703,1.364592,1.364629
2026-08-23T23:45:00Z,1.364666,1.365449,1.364666,1.365449
2026-08-24T00:00:00Z,1.365467,1.365635,1.365355,1.365355
2026-08-24T00:15:00Z,1.365505,1.365523,1.365188,1.365188
2026-08-24T00:30:00Z,1.365169,1.365225,1.365039,1.365095
2026-08-24T00:45:00Z,1.365206,1.365542,1.365001,1.365542
2026-08-24T01:00:00Z,1.365579,1.365579,1.364852,1.364852
2026-08-24T01:15:00Z,1.364778,1.364908,1.364405,1.364405
2026-08-24T01:30:00Z,1.364294,1.364443,1.364257,1.364424
2026-08-24T01:45:00Z,1.364387,1.364871,1.364387,1.364871
2026-08-24T02:00:00Z,1.364834,1.365076,1.364722,1.365076
2026-08-24T02:15:00Z,1.365150,1.365225,1.365039,1.365057
2026-08-24T02:30:00Z,1.365001,1.365001,1.364666,1.364722
2026-08-24T02:45:00Z,1.364759,1.365057,1.364685,1.365001
2026-08-24T03:00:00Z,1.365057,1.365057,1.364666,1.364778
2026-08-24T03:15:00Z,1.364815,1.364964,1.364741,1.364815
2026-08-24T03:30:00Z,1.364815,1.364871,1.364629,1.364629
2026-08-24T03:45:00Z,1.364573,1.364666,1.364424,1.364592
2026-08-24T04:00:00Z,1.364573,1.364592,1.364257,1.364405
2026-08-24T04:15:00Z,1.364387,1.364741,1.364331,1.364741
2026-08-24T04:30:00Z,1.364666,1.364703,1.364536,1.364629
2026-08-24T04:45:00Z,1.364573,1.364741,1.364536,1.364741
2026-08-24T05:00:00Z,1.364741,1.364741,1.364498,1.364517
2026-08-24T05:15:00Z,1.364554,1.364703,1.364368,1.364387
2026-08-24T05:30:00Z,1.364387,1.364443,1.364015,1.364033
2026-08-24T05:45:00Z,1.364033,1.364443,1.364015,1.364443
2026-08-24T06:00:00Z,1.364517,1.364517,1.364238,1.364275
2026-08-24T06:15:00Z,1.364387,1.364405,1.364015,1.364033
2026-08-24T06:30:00Z,1.364107,1.364238,1.364015,1.364238
2026-08-24T06:45:00Z,1.364089,1.364666,1.363922,1.364405
2026-08-24T07:00:00Z,1.364759,1.364927,1.364387,1.364387
2026-08-24T07:15:00Z,1.364424,1.364666,1.364219,1.364498
2026-08-24T07:30:00Z,1.364461,1.364890,1.363661,1.363661
2026-08-24T07:45:00Z,1.363345,1.363884,1.363345,1.363494
2026-08-24T08:00:00Z,1.363364,1.363773,1.363159,1.363159
2026-08-24T08:15:00Z,1.363104,1.363308,1.362695,1.362732
2026-08-24T08:30:00Z,1.362806,1.363252,1.362788,1.363234
2026-08-24T08:45:00Z,1.363122,1.363382,1.362416,1.362416
2026-08-24T09:00:00Z,1.362379,1.362936,1.362379,1.362695
2026-08-24T09:15:00Z,1.362862,1.362973,1.362788,1.362973
2026-08-24T09:30:00Z,1.363159,1.363159,1.362713,1.362955
2026-08-24T09:45:00Z,1.363104,1.363438,1.363011,1.363364
2026-08-24T10:00:00Z,1.363457,1.363457,1.363141,1.363327
2026-08-24T10:15:00Z,1.363327,1.363587,1.363215,1.363419
2026-08-24T10:30:00Z,1.363327,1.363327,1.362751,1.362751
2026-08-24T10:45:00Z,1.362843,1.362918,1.362621,1.362621
2026-08-24T11:00:00Z,1.362695,1.362881,1.362491,1.362825
2026-08-24T11:15:00Z,1.362713,1.363141,1.362658,1.363104
2026-08-24T11:30:00Z,1.363122,1.363903,1.363085,1.363512
2026-08-24T11:45:00Z,1.363568,1.364107,1.363345,1.363884
2026-08-24T12:00:00Z,1.363847,1.363847,1.363327,1.363643
2026-08-24T12:15:00Z,1.363531,1.364480,1.363531,1.364480
2026-08-24T12:30:00Z,1.364480,1.364573,1.364033,1.364033
2026-08-24T12:45:00Z,1.363866,1.364554,1.363866,1.364257
2026-08-24T13:00:00Z,1.364480,1.364796,1.364405,1.364722
2026-08-24T13:15:00Z,1.364778,1.364983,1.364443,1.364443
2026-08-24T13:30:00Z,1.364424,1.364703,1.364238,1.364424
2026-08-24T13:45:00Z,1.364163,1.364498,1.363903,1.364052
2026-08-24T14:00:00Z,1.364033,1.364238,1.363717,1.364238
2026-08-24T14:15:00Z,1.363996,1.364312,1.363717,1.364219
2026-08-24T14:30:00Z,1.364238,1.364238,1.363847,1.364126
2026-08-24T14:45:00Z,1.364089,1.364257,1.363457,1.363531
2026-08-24T15:00:00Z,1.363475,1.364015,1.363419,1.364015
2026-08-24T15:15:00Z,1.364126,1.364405,1.363736,1.364405
2026-08-24T15:30:00Z,1.364275,1.364275,1.363512,1.363512
2026-08-24T15:45:00Z,1.363550,1.363643,1.362973,1.362992
2026-08-24T16:00:00Z,1.363011,1.363605,1.363011,1.363289
2026-08-24T16:15:00Z,1.363364,1.363643,1.363345,1.363457
2026-08-24T16:30:00Z,1.363587,1.363754,1.363419,1.363475
2026-08-24T16:45:00Z,1.363512,1.363512,1.363048,1.363494
2026-08-24T17:00:00Z,1.363531,1.363568,1.363159,1.363345
2026-08-24T17:15:00Z,1.363419,1.363419,1.362732,1.362899
2026-08-24T17:30:00Z,1.362918,1.363122,1.362788,1.362788
2026-08-24T17:45:00Z,1.362769,1.362936,1.362565,1.362918
2026-08-24T18:00:00Z,1.362843,1.362973,1.362565,1.362843
2026-08-24T18:15:00Z,1.362862,1.363512,1.362862,1.363401
2026-08-24T18:30:00Z,1.363494,1.363494,1.363011,1.363271
2026-08-24T18:45:00Z,1.363178,1.363196,1.362899,1.363196
2026-08-24T19:00:00Z,1.363085,1.363122,1.362806,1.362881
2026-08-24T19:15:00Z,1.362881,1.362881,1.362658,1.362658
2026-08-24T19:30:00Z,1.362583,1.362899,1.362583,1.362843
2026-08-24T19:45:00Z,1.362843,1.363048,1.362806,1.362806
2026-08-24T20:00:00Z,1.362825,1.363141,1.362825,1.363122
2026-08-24T20:15:00Z,1.363122,1.363159,1.363066,1.363085
2026-08-24T20:30:00Z,1.363066,1.363085,1.362992,1.362992
2026-08-24T20:45:00Z,1.363104,1.363159,1.363066,1.363141
2026-08-24T21:00:00Z,1.363940,1.363959,1.363011,1.363066
2026-08-24T21:15:00Z,1.363234,1.363661,1.363122,1.363364
2026-08-24T21:30:00Z,1.363382,1.363568,1.363122,1.363457
2026-08-24T21:45:00Z,1.363364,1.363810,1.363364,1.363438
2026-08-24T22:00:00Z,1.363327,1.363345,1.363289,1.363308
2026-08-24T22:15:00Z,1.363327,1.363382,1.363271,1.363271
2026-08-24T22:30:00Z,1.363327,1.363494,1.363308,1.363494
2026-08-24T22:45:00Z,1.363419,1.363494,1.363364,1.363419
2026-08-24T23:00:00Z,1.363568,1.363568,1.363419,1.363512
2026-08-24T23:15:00Z,1.363512,1.363605,1.363475,1.363512
2026-08-24T23:30:00Z,1.363512,1.363568,1.363382,1.363419
2026-08-24T23:45:00Z,1.363475,1.363866,1.363475,1.363791
2026-08-25T00:00:00Z,1.363903,1.364070,1.363773,1.364015
2026-08-25T00:15:00Z,1.363884,1.363922,1.363791,1.363922
2026-08-25T00:30:00Z,1.363866,1.364052,1.363866,1.363996
2026-08-25T00:45:00Z,1.363996,1.364015,1.363698,1.363977
2026-08-25T01:00:00Z,1.363829,1.363959,1.363717,1.363903
2026-08-25T01:15:00Z,1.363698,1.363847,1.363419,1.363661
2026-08-25T01:30:00Z,1.363717,1.363810,1.363587,1.363698
2026-08-25T01:45:00Z,1.363568,1.363568,1.363215,1.363271
2026-08-25T02:00:00Z,1.363215,1.363531,1.363104,1.363401
2026-08-25T02:15:00Z,1.363419,1.363587,1.363364,1.363568
2026-08-25T02:30:00Z,1.363475,1.363643,1.363252,1.363512
2026-08-25T02:45:00Z,1.363475,1.363512,1.363104,1.363122
2026-08-25T03:00:00Z,1.363234,1.363345,1.363122,1.363252
2026-08-25T03:15:00Z,1.363196,1.363308,1.363011,1.363011
2026-08-25T03:30:00Z,1.362936,1.363122,1.362918,1.363104
2026-08-25T03:45:00Z,1.363029,1.363048,1.362862,1.362936
2026-08-25T04:00:00Z,1.362918,1.362918,1.362602,1.362658
2026-08-25T04:15:00Z,1.362583,1.362639,1.362454,1.362546
2026-08-25T04:30:00Z,1.362583,1.362788,1.362546,1.362732
2026-08-25T04:45:00Z,1.362695,1.362713,1.362602,1.362713
2026-08-25T05:00:00Z,1.362621,1.362936,1.362602,1.362751
2026-08-25T05:15:00Z,1.362788,1.362788,1.362695,1.362769
2026-08-25T05:30:00Z,1.362843,1.362843,1.362491,1.362528
2026-08-25T05:45:00Z,1.362416,1.362546,1.362286,1.362324
2026-08-25T06:00:00Z,1.362379,1.362713,1.362305,1.362713
2026-08-25T06:15:00Z,1.362695,1.362751,1.362491,1.362751
2026-08-25T06:30:00Z,1.362695,1.362843,1.362435,1.362602
2026-08-25T06:45:00Z,1.362621,1.362825,1.362435,1.362825
2026-08-25T07:00:00Z,1.362936,1.364163,1.362936,1.364089
2026-08-25T07:15:00Z,1.364070,1.364461,1.363866,1.363866
2026-08-25T07:30:00Z,1.363810,1.363922,1.363717,1.363884
2026-08-25T07:45:00Z,1.364015,1.364033,1.363773,1.363884
2026-08-25T08:00:00Z,1.363866,1.363922,1.363011,1.363196
2026-08-25T08:15:00Z,1.363252,1.363959,1.363252,1.363568
2026-08-25T08:30:00Z,1.363345,1.363736,1.363345,1.363736
2026-08-25T08:45:00Z,1.363940,1.364238,1.363847,1.364163
2026-08-25T09:00:00Z,1.364350,1.364945,1.364350,1.364852
2026-08-25T09:15:00Z,1.364852,1.364852,1.364182,1.364182
2026-08-25T09:30:00Z,1.364257,1.364871,1.364182,1.364219
2026-08-25T09:45:00Z,1.364350,1.364573,1.364219,1.364405
2026-08-25T10:00:00Z,1.364312,1.364312,1.363736,1.363736
2026-08-25T10:15:00Z,1.363680,1.363940,1.363494,1.363494
2026-08-25T10:30:00Z,1.363531,1.363977,1.363475,1.363847
2026-08-25T10:45:00Z,1.363847,1.363847,1.363215,1.363419
2026-08-25T11:00:00Z,1.363364,1.363382,1.363029,1.363029
2026-08-25T11:15:00Z,1.362973,1.363178,1.362881,1.362936
2026-08-25T11:30:00Z,1.362936,1.363234,1.362881,1.362881
2026-08-25T11:45:00Z,1.362992,1.363717,1.362992,1.363252
2026-08-25T12:00:00Z,1.363308,1.363680,1.363234,1.363438
2026-08-25T12:15:00Z,1.363512,1.363605,1.363178,1.363401
2026-08-25T12:30:00Z,1.363382,1.363382,1.362732,1.363011
2026-08-25T12:45:00Z,1.363196,1.363643,1.363122,1.363643
2026-08-25T13:00:00Z,1.363605,1.365169,1.363531,1.364685
2026-08-25T13:15:00Z,1.364852,1.364852,1.364312,1.364405
2026-08-25T13:30:00Z,1.364405,1.364629,1.364126,1.364126
2026-08-25T13:45:00Z,1.364015,1.364238,1.363959,1.364238
2026-08-25T14:00:00Z,1.364201,1.364331,1.363736,1.364126
2026-08-25T14:15:00Z,1.364126,1.364126,1.363011,1.363531
2026-08-25T14:30:00Z,1.363159,1.363717,1.363159,1.363475
2026-08-25T14:45:00Z,1.363829,1.364331,1.363141,1.363438
2026-08-25T15:00:00Z,1.363438,1.363568,1.363215,1.363345
2026-08-25T15:15:00Z,1.363234,1.363643,1.363122,1.363643
2026-08-25T15:30:00Z,1.363531,1.363940,1.363215,1.363215
2026-08-25T15:45:00Z,1.363494,1.363922,1.363457,1.363922
2026-08-25T16:00:00Z,1.364070,1.364107,1.363717,1.363773
2026-08-25T16:15:00Z,1.363605,1.363624,1.363289,1.363624
2026-08-25T16:30:00Z,1.363829,1.363940,1.363680,1.363773
2026-08-25T16:45:00Z,1.363698,1.363736,1.363308,1.363419
2026-08-25T17:00:00Z,1.363438,1.363754,1.363438,1.363605
2026-08-25T17:15:00Z,1.363605,1.363959,1.363605,1.363903
2026-08-25T17:30:00Z,1.363810,1.364219,1.363810,1.364052
2026-08-25T17:45:00Z,1.364015,1.364480,1.364015,1.364424
2026-08-25T18:00:00Z,1.364461,1.364703,1.364294,1.364554
2026-08-25T18:15:00Z,1.364592,1.364648,1.364405,1.364536
2026-08-25T18:30:00Z,1.364517,1.364517,1.364368,1.364480
2026-08-25T18:45:00Z,1.364443,1.364592,1.364331,1.364536
2026-08-25T19:00:00Z,1.364648,1.364834,1.364480,1.364834
2026-08-25T19:15:00Z,1.364852,1.365225,1.364796,1.364796
2026-08-25T19:30:00Z,1.364741,1.364741,1.364443,1.364648
2026-08-25T19:45:00Z,1.364666,1.365393,1.364666,1.365318
2026-08-25T20:00:00Z,1.365337,1.365523,1.365057,1.365393
2026-08-25T20:15:00Z,1.365337,1.365393,1.365206,1.365262
2026-08-25T20:30:00Z,1.365337,1.365337,1.364964,1.364964
2026-08-25T20:45:00Z,1.364908,1.365113,1.364796,1.364796
2026-08-25T21:00:00Z,1.363940,1.365150,1.363494,1.364927
2026-08-25T21:15:00Z,1.365001,1.365225,1.364908,1.365057
2026-08-25T21:30:00Z,1.364871,1.365169,1.364648,1.364983
2026-08-25T21:45:00Z,1.364666,1.364964,1.364498,1.364685
2026-08-25T22:00:00Z,1.364629,1.364945,1.364629,1.364834
2026-08-25T22:15:00Z,1.364759,1.365001,1.364722,1.364945
2026-08-25T22:30:00Z,1.364945,1.364983,1.364852,1.364983
2026-08-25T22:45:00Z,1.365020,1.365057,1.364983,1.365001
2026-08-25T23:00:00Z,1.365020,1.365020,1.364815,1.364871
2026-08-25T23:15:00Z,1.364852,1.364964,1.364759,1.364759
2026-08-25T23:30:00Z,1.364741,1.364796,1.364573,1.364573
2026-08-25T23:45:00Z,1.364629,1.364703,1.364517,1.364703
2026-08-26T00:00:00Z,1.364648,1.364815,1.364498,1.364722
2026-08-26T00:15:00Z,1.364815,1.364908,1.364685,1.364685
2026-08-26T00:30:00Z,1.364722,1.364890,1.364517,1.364759
2026-08-26T00:45:00Z,1.364815,1.364890,1.364629,1.364629
2026-08-26T01:00:00Z,1.364666,1.364741,1.364461,1.364461
2026-08-26T01:15:00Z,1.364498,1.364685,1.364498,1.364536
2026-08-26T01:30:00Z,1.364629,1.364629,1.364461,1.364480
2026-08-26T01:45:00Z,1.364480,1.364796,1.364480,1.364498
2026-08-26T02:00:00Z,1.364480,1.364703,1.364480,1.364610
2026-08-26T02:15:00Z,1.364629,1.364629,1.364219,1.364219
2026-08-26T02:30:00Z,1.364294,1.364461,1.364219,1.364424
2026-08-26T02:45:00Z,1.364443,1.364461,1.364015,1.364107
2026-08-26T03:00:00Z,1.364015,1.364145,1.363903,1.363903
2026-08-26T03:15:00Z,1.363903,1.364107,1.363903,1.363959
2026-08-26T03:30:00Z,1.363866,1.363940,1.363717,1.363940
2026-08-26T03:45:00Z,1.363866,1.363866,1.363661,1.363736
2026-08-26T04:00:00Z,1.363773,1.363773,1.363587,1.363605
2026-08-26T04:15:00Z,1.363531,1.363717,1.363419,1.363661
2026-08-26T04:30:00Z,1.363643,1.363773,1.363457,1.363457
2026-08-26T04:45:00Z,1.363457,1.363457,1.363234,1.363364
2026-08-26T05:00:00Z,1.363345,1.363364,1.363141,1.363141
2026-08-26T05:15:00Z,1.363141,1.363457,1.363141,1.363308
2026-08-26T05:30:00Z,1.363345,1.363717,1.363345,1.363605
2026-08-26T05:45:00Z,1.363605,1.363643,1.363419,1.363550
2026-08-26T06:00:00Z,1.363531,1.363531,1.363048,1.363048
2026-08-26T06:15:00Z,1.363011,1.363178,1.363011,1.363141
2026-08-26T06:30:00Z,1.362936,1.363196,1.362676,1.362825
2026-08-26T06:45:00Z,1.362862,1.363345,1.362565,1.363345
2026-08-26T07:00:00Z,1.363345,1.363959,1.363345,1.363680
2026-08-26T07:15:00Z,1.363866,1.364089,1.363587,1.363643
2026-08-26T07:30:00Z,1.363550,1.363810,1.363475,1.363568
2026-08-26T07:45:00Z,1.363494,1.363550,1.363104,1.363178
2026-08-26T08:00:00Z,1.363085,1.363717,1.363085,1.363624
2026-08-26T08:15:00Z,1.363512,1.363661,1.363401,1.363494
2026-08-26T08:30:00Z,1.363457,1.363457,1.363066,1.363141
2026-08-26T08:45:00Z,1.363234,1.363234,1.362695,1.362825
2026-08-26T09:00:00Z,1.362936,1.362936,1.362398,1.362416
2026-08-26T09:15:00Z,1.362583,1.362695,1.362435,1.362602
2026-08-26T09:30:00Z,1.362583,1.362769,1.362583,1.362732
2026-08-26T09:45:00Z,1.362788,1.363011,1.362732,1.362806
2026-08-26T10:00:00Z,1.362676,1.362676,1.362435,1.362454
2026-08-26T10:15:00Z,1.362324,1.362342,1.361823,1.361823
2026-08-26T10:30:00Z,1.361878,1.362249,1.361878,1.362119
2026-08-26T10:45:00Z,1.362286,1.362286,1.361934,1.362045
2026-08-26T11:00:00Z,1.362119,1.362546,1.362119,1.362546
2026-08-26T11:15:00Z,1.362454,1.362565,1.362231,1.362565
2026-08-26T11:30:00Z,1.362454,1.362713,1.362454,1.362602
2026-08-26T11:45:00Z,1.362546,1.363048,1.362546,1.363011
2026-08-26T12:00:00Z,1.362992,1.363271,1.362843,1.363178
2026-08-26T12:15:00Z,1.363327,1.363512,1.362881,1.362881
2026-08-26T12:30:00Z,1.363587,1.363587,1.361322,1.361767
2026-08-26T12:45:00Z,1.361489,1.361637,1.360952,1.361044
2026-08-26T13:00:00Z,1.360692,1.360822,1.360507,1.360748
2026-08-26T13:15:00Z,1.360878,1.360878,1.360433,1.360729
2026-08-26T13:30:00Z,1.360748,1.360748,1.360267,1.360267
2026-08-26T13:45:00Z,1.360396,1.360674,1.360285,1.360322
2026-08-26T14:00:00Z,1.360267,1.360267,1.359749,1.359804
2026-08-26T14:15:00Z,1.359952,1.359952,1.358567,1.358880
2026-08-26T14:30:00Z,1.358659,1.359582,1.358659,1.359545
2026-08-26T14:45:00Z,1.359471,1.359471,1.358567,1.358973
2026-08-26T15:00:00Z,1.358825,1.359545,1.358751,1.359324
2026-08-26T15:15:00Z,1.359102,1.359157,1.358825,1.359065
2026-08-26T15:30:00Z,1.359157,1.359841,1.359065,1.359841
2026-08-26T15:45:00Z,1.359693,1.359767,1.359139,1.359434
2026-08-26T16:00:00Z,1.359453,1.359656,1.359268,1.359601
2026-08-26T16:15:00Z,1.359675,1.359675,1.359490,1.359564
2026-08-26T16:30:00Z,1.359490,1.359490,1.358973,1.359083
2026-08-26T16:45:00Z,1.359120,1.359453,1.358917,1.359176
2026-08-26T17:00:00Z,1.359120,1.359361,1.358991,1.359028
2026-08-26T17:15:00Z,1.359231,1.359471,1.359231,1.359434
2026-08-26T17:30:00Z,1.359434,1.359619,1.359361,1.359361
2026-08-26T17:45:00Z,1.359434,1.359453,1.359287,1.359416
2026-08-26T18:00:00Z,1.359453,1.359638,1.359287,1.359601
2026-08-26T18:15:00Z,1.359527,1.359619,1.359342,1.359342
2026-08-26T18:30:00Z,1.359305,1.359305,1.359083,1.359139
2026-08-26T18:45:00Z,1.359157,1.359287,1.359102,1.359213
2026-08-26T19:00:00Z,1.359231,1.359268,1.359139,1.359176
2026-08-26T19:15:00Z,1.359176,1.359398,1.359065,1.359268
2026-08-26T19:30:00Z,1.359361,1.359361,1.359250,1.359305
2026-08-26T19:45:00Z,1.359324,1.359453,1.359194,1.359342
2026-08-26T20:00:00Z,1.359453,1.359564,1.359398,1.359453
2026-08-26T20:15:00Z,1.359324,1.359453,1.359324,1.359453
2026-08-26T20:30:00Z,1.359379,1.359656,1.359379,1.359638
2026-08-26T20:45:00Z,1.359601,1.359804,1.359453,1.359804
2026-08-26T21:00:00Z,1.359619,1.359619,1.359028,1.359434
2026-08-26T21:15:00Z,1.359471,1.359564,1.359324,1.359379
2026-08-26T21:30:00Z,1.359434,1.359601,1.359268,1.359434
2026-08-26T21:45:00Z,1.359471,1.359656,1.359287,1.359527
2026-08-26T22:00:00Z,1.359416,1.359675,1.359361,1.359490
2026-08-26T22:15:00Z,1.359453,1.359619,1.359398,1.359564
2026-08-26T22:30:00Z,1.359693,1.359693,1.359416,1.359601
2026-08-26T22:45:00Z,1.359601,1.359693,1.359490,1.359527
2026-08-26T23:00:00Z,1.359508,1.359712,1.359508,1.359656
2026-08-26T23:15:00Z,1.359749,1.359804,1.359564,1.359693
2026-08-26T23:30:00Z,1.359656,1.359804,1.359619,1.359749
2026-08-26T23:45:00Z,1.359693,1.359767,1.359564,1.359619
2026-08-27T00:00:00Z,1.359656,1.359656,1.359268,1.359268
2026-08-27T00:15:00Z,1.359268,1.359508,1.359250,1.359508
2026-08-27T00:30:00Z,1.359527,1.359582,1.359231,1.359231
2026-08-27T00:45:00Z,1.359194,1.359305,1.359028,1.359213
2026-08-27T01:00:00Z,1.359268,1.359268,1.359028,1.359120
2026-08-27T01:15:00Z,1.359065,1.359453,1.359028,1.359213
2026-08-27T01:30:00Z,1.359268,1.359324,1.358973,1.358973
2026-08-27T01:45:00Z,1.359065,1.359305,1.359065,1.359268
2026-08-27T02:00:00Z,1.359324,1.359490,1.359231,1.359342
2026-08-27T02:15:00Z,1.359268,1.359342,1.358973,1.359010
2026-08-27T02:30:00Z,1.358954,1.359102,1.358917,1.359083
2026-08-27T02:45:00Z,1.359120,1.359231,1.359010,1.359139
2026-08-27T03:00:00Z,1.359139,1.359268,1.359102,1.359268
2026-08-27T03:15:00Z,1.359268,1.359268,1.359010,1.359065
2026-08-27T03:30:00Z,1.358991,1.359028,1.358843,1.358862
2026-08-27T03:45:00Z,1.358862,1.359102,1.358751,1.358751
2026-08-27T04:00:00Z,1.358770,1.359065,1.358770,1.359065
2026-08-27T04:15:00Z,1.359028,1.359102,1.358770,1.359010
2026-08-27T04:30:00Z,1.358954,1.358954,1.358733,1.358770
2026-08-27T04:45:00Z,1.358714,1.358825,1.358696,1.358751
2026-08-27T05:00:00Z,1.358770,1.358862,1.358677,1.358843
2026-08-27T05:15:00Z,1.358788,1.359047,1.358603,1.359047
2026-08-27T05:30:00Z,1.359065,1.359139,1.358862,1.358936
2026-08-27T05:45:00Z,1.358954,1.359010,1.358677,1.358843
2026-08-27T06:00:00Z,1.358899,1.358954,1.358677,1.358954
2026-08-27T06:15:00Z,1.358825,1.359157,1.358825,1.358991
2026-08-27T06:30:00Z,1.358991,1.359028,1.358659,1.358954
2026-08-27T06:45:00Z,1.358973,1.359010,1.358659,1.358936
2026-08-27T07:00:00Z,1.359083,1.359638,1.359083,1.359638
2026-08-27T07:15:00Z,1.359508,1.359508,1.358733,1.358733
2026-08-27T07:30:00Z,1.358677,1.359194,1.358677,1.358973
2026-08-27T07:45:00Z,1.359194,1.359194,1.358677,1.358751
2026-08-27T08:00:00Z,1.358751,1.359416,1.358751,1.359102
2026-08-27T08:15:00Z,1.359065,1.359176,1.358548,1.358548
2026-08-27T08:30:00Z,1.358567,1.358585,1.358068,1.358437
2026-08-27T08:45:00Z,1.358456,1.358530,1.358142,1.358142
2026-08-27T09:00:00Z,1.357995,1.357995,1.357405,1.357865
2026-08-27T09:15:00Z,1.357902,1.358068,1.357644,1.357939
2026-08-27T09:30:00Z,1.358013,1.358013,1.357239,1.357663
2026-08-27T09:45:00Z,1.357571,1.358142,1.357571,1.357626
2026-08-27T10:00:00Z,1.357534,1.357847,1.357128,1.357626
2026-08-27T10:15:00Z,1.357755,1.358160,1.357644,1.358068
2026-08-27T10:30:00Z,1.358160,1.358160,1.357460,1.357718
2026-08-27T10:45:00Z,1.357718,1.357921,1.357589,1.357663
2026-08-27T11:00:00Z,1.357515,1.357792,1.357386,1.357792
2026-08-27T11:15:00Z,1.357902,1.358234,1.357902,1.358105
2026-08-27T11:30:00Z,1.358160,1.358160,1.357405,1.357497
2026-08-27T11:45:00Z,1.357534,1.357921,1.357110,1.357865
2026-08-27T12:00:00Z,1.357829,1.358179,1.357755,1.357865
2026-08-27T12:15:00Z,1.357939,1.358290,1.357921,1.358124
2026-08-27T12:30:00Z,1.358197,1.358197,1.357644,1.357865
2026-08-27T12:45:00Z,1.357902,1.357902,1.357442,1.357442
2026-08-27T13:00:00Z,1.357386,1.358936,1.357386,1.358806
2026-08-27T13:15:00Z,1.358714,1.360174,1.358714,1.360008
2026-08-27T13:30:00Z,1.359915,1.360045,1.359324,1.359324
2026-08-27T13:45:00Z,1.359250,1.359453,1.359010,1.359342
2026-08-27T14:00:00Z,1.359342,1.359582,1.358936,1.358936
2026-08-27T14:15:00Z,1.358973,1.359176,1.358345,1.358345
2026-08-27T14:30:00Z,1.358437,1.359047,1.358437,1.358751
2026-08-27T14:45:00Z,1.358714,1.358843,1.358050,1.358179
2026-08-27T15:00:00Z,1.358253,1.358880,1.358216,1.358880
2026-08-27T15:15:00Z,1.358770,1.358825,1.358622,1.358714
2026-08-27T15:30:00Z,1.358862,1.359065,1.358733,1.359028
2026-08-27T15:45:00Z,1.358973,1.359878,1.358825,1.359823
2026-08-27T16:00:00Z,1.359823,1.359878,1.359453,1.359582
2026-08-27T16:15:00Z,1.359601,1.359952,1.359434,1.359952
2026-08-27T16:30:00Z,1.359952,1.360119,1.359767,1.359841
2026-08-27T16:45:00Z,1.359786,1.359786,1.359213,1.359287
2026-08-27T17:00:00Z,1.359398,1.359638,1.359287,1.359287
2026-08-27T17:15:00Z,1.359213,1.359268,1.359102,1.359176
2026-08-27T17:30:00Z,1.359194,1.359250,1.359065,1.359157
2026-08-27T17:45:00Z,1.359047,1.359065,1.358825,1.358880
2026-08-27T18:00:00Z,1.358880,1.358899,1.358603,1.358696
2026-08-27T18:15:00Z,1.358714,1.358806,1.358437,1.358456
2026-08-27T18:30:00Z,1.358474,1.358567,1.358327,1.358511
2026-08-27T18:45:00Z,1.358511,1.358954,1.358511,1.358917
2026-08-27T19:00:00Z,1.358917,1.358991,1.358806,1.358806
2026-08-27T19:15:00Z,1.358936,1.358936,1.358696,1.358770
2026-08-27T19:30:00Z,1.358733,1.358788,1.358659,1.358770
2026-08-27T19:45:00Z,1.358751,1.358899,1.358511,1.358899
2026-08-27T20:00:00Z,1.358806,1.359268,1.358806,1.359231
2026-08-27T20:15:00Z,1.359231,1.359250,1.359047,1.359047
2026-08-27T20:30:00Z,1.359065,1.359268,1.359047,1.359213
2026-08-27T20:45:00Z,1.359157,1.359342,1.359157,1.359287
2026-08-27T21:00:00Z,1.359250,1.359361,1.358936,1.359010
2026-08-27T21:15:00Z,1.358991,1.359675,1.358991,1.359675
2026-08-27T21:30:00Z,1.359619,1.359971,1.359379,1.359379
2026-08-27T21:45:00Z,1.359194,1.359508,1.359028,1.359305
2026-08-27T22:00:00Z,1.359379,1.359508,1.359194,1.359508
2026-08-27T22:15:00Z,1.359508,1.359601,1.359361,1.359361
2026-08-27T22:30:00Z,1.359379,1.359619,1.359379,1.359508
2026-08-27T22:45:00Z,1.359490,1.359619,1.359471,1.359619
2026-08-27T23:00:00Z,1.359619,1.359786,1.359601,1.359786
2026-08-27T23:15:00Z,1.359786,1.359786,1.359545,1.359638
2026-08-27T23:30:00Z,1.359582,1.359767,1.359545,1.359675
2026-08-27T23:45:00Z,1.359749,1.359804,1.359675,1.359675
2026-08-28T00:00:00Z,1.359656,1.359767,1.359582,1.359619
2026-08-28T00:15:00Z,1.359638,1.359638,1.359379,1.359508
2026-08-28T00:30:00Z,1.359527,1.359656,1.359416,1.359527
2026-08-28T00:45:00Z,1.359582,1.359693,1.359527,1.359619
2026-08-28T01:00:00Z,1.359619,1.359749,1.359508,1.359527
2026-08-28T01:15:00Z,1.359490,1.359564,1.359453,1.359453
2026-08-28T01:30:00Z,1.359416,1.359619,1.359342,1.359582
2026-08-28T01:45:00Z,1.359490,1.359490,1.359065,1.359083
2026-08-28T02:00:00Z,1.359028,1.359083,1.358843,1.358880
2026-08-28T02:15:00Z,1.358880,1.359287,1.358806,1.359102
2026-08-28T02:30:00Z,1.359028,1.359102,1.358991,1.358991
2026-08-28T02:45:00Z,1.358973,1.359342,1.358936,1.359342
2026-08-28T03:00:00Z,1.359398,1.359453,1.359324,1.359361
2026-08-28T03:15:00Z,1.359342,1.359379,1.359250,1.359379
2026-08-28T03:30:00Z,1.359361,1.359379,1.358991,1.359010
2026-08-28T03:45:00Z,1.359010,1.359010,1.358917,1.358936
2026-08-28T04:00:00Z,1.358973,1.358973,1.358825,1.358825
2026-08-28T04:15:00Z,1.358843,1.358973,1.358843,1.358880
2026-08-28T04:30:00Z,1.358843,1.358899,1.358770,1.358862
2026-08-28T04:45:00Z,1.358862,1.358899,1.358806,1.358843
2026-08-28T05:00:00Z,1.358862,1.358862,1.358751,1.358751
2026-08-28T05:15:00Z,1.358770,1.358880,1.358733,1.358770
2026-08-28T05:30:00Z,1.358751,1.358825,1.358733,1.358733
2026-08-28T05:45:00Z,1.358751,1.359083,1.358751,1.359010
2026-08-28T06:00:00Z,1.358862,1.359176,1.358862,1.359120
2026-08-28T06:15:00Z,1.359139,1.359379,1.358917,1.359379
2026-08-28T06:30:00Z,1.359379,1.359379,1.358973,1.359194
2026-08-28T06:45:00Z,1.359379,1.359379,1.359139,1.359342
2026-08-28T07:00:00Z,1.359287,1.359287,1.358733,1.358973
2026-08-28T07:15:00Z,1.358825,1.358825,1.358105,1.358160
2026-08-28T07:30:00Z,1.358124,1.358788,1.358124,1.358751
2026-08-28T07:45:00Z,1.358733,1.359047,1.358677,1.358899
2026-08-28T08:00:00Z,1.358677,1.359102,1.358437,1.358437
2026-08-28T08:15:00Z,1.358400,1.358659,1.358400,1.358530
2026-08-28T08:30:00Z,1.358511,1.358696,1.358456,1.358456
2026-08-28T08:45:00Z,1.358493,1.358640,1.358382,1.358640
2026-08-28T09:00:00Z,1.358751,1.358751,1.358271,1.358530
2026-08-28T09:15:00Z,1.358548,1.358640,1.358363,1.358363
2026-08-28T09:30:00Z,1.358382,1.358622,1.358290,1.358493
2026-08-28T09:45:00Z,1.358419,1.358530,1.358124,1.358179
2026-08-28T10:00:00Z,1.358105,1.358530,1.358068,1.358271
2026-08-28T10:15:00Z,1.358234,1.358770,1.358160,1.358659
2026-08-28T10:30:00Z,1.358696,1.359176,1.358696,1.358991
2026-08-28T10:45:00Z,1.359102,1.359176,1.358862,1.359139
2026-08-28T11:00:00Z,1.359157,1.359157,1.358806,1.358880
2026-08-28T11:15:00Z,1.358880,1.358880,1.358548,1.358585
2026-08-28T11:30:00Z,1.358659,1.358677,1.358548,1.358640
2026-08-28T11:45:00Z,1.358548,1.358770,1.358474,1.358493
2026-08-28T12:00:00Z,1.358548,1.358567,1.358290,1.358456
2026-08-28T12:15:00Z,1.358363,1.358400,1.358197,1.358234
2026-08-28T12:30:00Z,1.358013,1.358013,1.357405,1.357644
2026-08-28T12:45:00Z,1.357736,1.358419,1.357736,1.358419
2026-08-28T13:00:00Z,1.358456,1.358548,1.358087,1.358234
2026-08-28T13:15:00Z,1.358197,1.358253,1.357589,1.357884
2026-08-28T13:30:00Z,1.357939,1.358087,1.357681,1.357958
2026-08-28T13:45:00Z,1.357829,1.358530,1.357405,1.358530
2026-08-28T14:00:00Z,1.357349,1.358308,1.354683,1.355252
2026-08-28T14:15:00Z,1.355344,1.355344,1.353162,1.353217
2026-08-28T14:30:00Z,1.353931,1.354775,1.353931,1.354481
2026-08-28T14:45:00Z,1.354793,1.357644,1.354371,1.357405
2026-08-28T15:00:00Z,1.357239,1.357386,1.355712,1.355712
2026-08-28T15:15:00Z,1.355785,1.356061,1.355546,1.355840
2026-08-28T15:30:00Z,1.355951,1.356208,1.355381,1.355657
2026-08-28T15:45:00Z,1.355785,1.356061,1.355289,1.355289
2026-08-28T16:00:00Z,1.355271,1.355271,1.354390,1.354390
2026-08-28T16:15:00Z,1.354280,1.354280,1.353473,1.353748
2026-08-28T16:30:00Z,1.353766,1.354261,1.353565,1.353565
2026-08-28T16:45:00Z,1.353565,1.354280,1.353565,1.353711
2026-08-28T17:00:00Z,1.353601,1.353693,1.352997,1.353583
2026-08-28T17:15:00Z,1.353638,1.353638,1.353363,1.353565
2026-08-28T17:30:00Z,1.353418,1.353418,1.352795,1.352795
2026-08-28T17:45:00Z,1.352814,1.353088,1.352741,1.352979
2026-08-28T18:00:00Z,1.353015,1.353015,1.352741,1.352997
2026-08-28T18:15:00Z,1.352924,1.353107,1.352832,1.353070
2026-08-28T18:30:00Z,1.352979,1.353088,1.352795,1.352905
2026-08-28T18:45:00Z,1.352979,1.352979,1.352704,1.352979
2026-08-28T19:00:00Z,1.353070,1.353363,1.353052,1.353253
2026-08-28T19:15:00Z,1.353217,1.353766,1.353143,1.353766
2026-08-28T19:30:00Z,1.353693,1.353913,1.353601,1.353876
2026-08-28T19:45:00Z,1.353821,1.354059,1.353693,1.353858
2026-08-28T20:00:00Z,1.353766,1.353821,1.353583,1.353730
2026-08-28T20:15:00Z,1.353785,1.353894,1.353491,1.353491
2026-08-28T20:30:00Z,1.353528,1.353583,1.353052,1.353198
2026-08-28T20:45:00Z,1.353162,1.353546,1.353143,1.353418
2026-08-28T21:00:00Z,1.353748,1.353748,1.353748,1.353748
2026-08-28T21:15:00Z,1.353748,1.353748,1.353748,1.353748
2026-08-30T23:00:00Z,1.353711,1.353766,1.353656,1.353711
2026-08-30T23:15:00Z,1.353656,1.353894,1.353656,1.353803
2026-08-30T23:30:00Z,1.353766,1.354023,1.353766,1.353913
2026-08-30T23:45:00Z,1.353931,1.354115,1.353840,1.354059
2026-08-31T00:00:00Z,1.354133,1.354280,1.354115,1.354224
2026-08-31T00:15:00Z,1.354206,1.354261,1.353510,1.353510
2026-08-31T00:30:00Z,1.353565,1.354353,1.353565,1.354316
2026-08-31T00:45:00Z,1.354390,1.354757,1.354243,1.354573
2026-08-31T01:00:00Z,1.354335,1.354445,1.353858,1.353950
2026-08-31T01:15:00Z,1.353913,1.354316,1.353858,1.354316
2026-08-31T01:30:00Z,1.354408,1.354757,1.354188,1.354665
2026-08-31T01:45:00Z,1.354665,1.354720,1.354390,1.354390
2026-08-31T02:00:00Z,1.354408,1.354536,1.354298,1.354536
2026-08-31T02:15:00Z,1.354518,1.354591,1.354280,1.354536
2026-08-31T02:30:00Z,1.354536,1.354591,1.353968,1.354023
2026-08-31T02:45:00Z,1.354115,1.354481,1.354115,1.354463
2026-08-31T03:00:00Z,1.354536,1.354628,1.354500,1.354610
2026-08-31T03:15:00Z,1.354628,1.354757,1.354573,1.354573
2026-08-31T03:30:00Z,1.354555,1.354555,1.354243,1.354445
2026-08-31T03:45:00Z,1.354390,1.354463,1.354335,1.354463
2026-08-31T04:00:00Z,1.354555,1.354665,1.354536,1.354646
2026-08-31T04:15:00Z,1.354591,1.354646,1.354243,1.354298
2026-08-31T04:30:00Z,1.354316,1.354408,1.354243,1.354408
2026-08-31T04:45:00Z,1.354408,1.354518,1.354371,1.354518
2026-08-31T05:00:00Z,1.354463,1.354463,1.354224,1.354390
2026-08-31T05:15:00Z,1.354408,1.354720,1.354371,1.354720
2026-08-31T05:30:00Z,1.354646,1.354646,1.354316,1.354518
2026-08-31T05:45:00Z,1.354610,1.354738,1.354408,1.354738
2026-08-31T06:00:00Z,1.354628,1.354701,1.354426,1.354701
2026-08-31T06:15:00Z,1.354738,1.354885,1.354555,1.354555
2026-08-31T06:30:00Z,1.354555,1.354812,1.354536,1.354536
2026-08-31T06:45:00Z,1.354518,1.354610,1.353986,1.354426
2026-08-31T07:00:00Z,1.354408,1.354408,1.353803,1.353968
2026-08-31T07:15:00Z,1.353821,1.354848,1.353821,1.354610
2026-08-31T07:30:00Z,1.354500,1.354628,1.354298,1.354610
2026-08-31T07:45:00Z,1.354665,1.354775,1.354555,1.354646
2026-08-31T08:00:00Z,1.355014,1.355509,1.354536,1.354555
2026-08-31T08:15:00Z,1.354555,1.354738,1.354463,1.354646
2026-08-31T08:30:00Z,1.354683,1.354848,1.354316,1.354316
2026-08-31T08:45:00Z,1.354206,1.354445,1.353968,1.354078
2026-08-31T09:00:00Z,1.354169,1.354500,1.354169,1.354426
2026-08-31T09:15:00Z,1.354555,1.354555,1.354206,1.354390
2026-08-31T09:30:00Z,1.354481,1.354481,1.354059,1.354316
2026-08-31T09:45:00Z,1.354316,1.354445,1.354224,1.354335
2026-08-31T10:00:00Z,1.354298,1.354628,1.354298,1.354518
2026-08-31T10:15:00Z,1.354426,1.354481,1.354280,1.354426
2026-08-31T10:30:00Z,1.354408,1.354408,1.353876,1.353876
2026-08-31T10:45:00Z,1.353803,1.354243,1.353693,1.354023
2026-08-31T11:00:00Z,1.354041,1.354115,1.353785,1.354115
2026-08-31T11:15:00Z,1.354115,1.354610,1.354115,1.354610
2026-08-31T11:30:00Z,1.354536,1.354536,1.354078,1.354188
2026-08-31T11:45:00Z,1.354298,1.354298,1.353858,1.353876
2026-08-31T12:00:00Z,1.353986,1.354371,1.353950,1.354371
2026-08-31T12:15:00Z,1.354408,1.354628,1.353894,1.354481
2026-08-31T12:30:00Z,1.354224,1.354426,1.353803,1.353803
2026-08-31T12:45:00Z,1.353840,1.353913,1.353675,1.353913
2026-08-31T13:00:00Z,1.353986,1.354426,1.353968,1.354224
2026-08-31T13:15:00Z,1.354353,1.354830,1.354188,1.354793
2026-08-31T13:30:00Z,1.354720,1.354775,1.354335,1.354335
2026-08-31T13:45:00Z,1.354500,1.354500,1.354115,1.354426
2026-08-31T14:00:00Z,1.353840,1.354005,1.353675,1.354005
2026-08-31T14:15:00Z,1.353876,1.354555,1.353876,1.354243
2026-08-31T14:30:00Z,1.354701,1.354701,1.354115,1.354224
2026-08-31T14:45:00Z,1.354555,1.356447,1.354555,1.355491
2026-08-31T15:00:00Z,1.355693,1.355840,1.355050,1.355179
2026-08-31T15:15:00Z,1.355160,1.355160,1.354665,1.355087
2026-08-31T15:30:00Z,1.355307,1.355362,1.355069,1.355124
2026-08-31T15:45:00Z,1.355216,1.355528,1.354903,1.354922
2026-08-31T16:00:00Z,1.354922,1.355179,1.354903,1.355014
2026-08-31T16:15:00Z,1.354995,1.355289,1.354995,1.355087
2026-08-31T16:30:00Z,1.355087,1.355087,1.354701,1.354757
2026-08-31T16:45:00Z,1.354775,1.354995,1.354701,1.354903
2026-08-31T17:00:00Z,1.354922,1.354958,1.354683,1.354958
2026-08-31T17:15:00Z,1.354940,1.355197,1.354940,1.354977
2026-08-31T17:30:00Z,1.354977,1.355179,1.354885,1.355179
2026-08-31T17:45:00Z,1.355216,1.355362,1.355050,1.355050
2026-08-31T18:00:00Z,1.355014,1.355160,1.354977,1.355124
2026-08-31T18:15:00Z,1.355197,1.355197,1.354995,1.354995
2026-08-31T18:30:00Z,1.354793,1.354995,1.354720,1.354793
2026-08-31T18:45:00Z,1.354793,1.355179,1.354793,1.354995
2026-08-31T19:00:00Z,1.354903,1.354995,1.354830,1.354830
2026-08-31T19:15:00Z,1.354848,1.355032,1.354812,1.354922
2026-08-31T19:30:00Z,1.355014,1.355014,1.354628,1.354793
2026-08-31T19:45:00Z,1.354793,1.355197,1.354793,1.354958
2026-08-31T20:00:00Z,1.355105,1.355197,1.354775,1.354775
2026-08-31T20:15:00Z,1.354683,1.354793,1.354665,1.354793
2026-08-31T20:30:00Z,1.354665,1.354922,1.354665,1.354922
2026-08-31T20:45:00Z,1.354995,1.355050,1.354867,1.355050
2026-08-31T21:00:00Z,1.354977,1.355160,1.354793,1.354922
2026-08-31T21:15:00Z,1.355105,1.355160,1.354757,1.354922
2026-08-31T21:30:00Z,1.355252,1.355326,1.355069,1.355326
2026-08-31T21:45:00Z,1.355326,1.355362,1.355069,1.355307
2026-08-31T22:00:00Z,1.355160,1.355216,1.354977,1.355032
2026-08-31T22:15:00Z,1.355032,1.355032,1.354848,1.354885
2026-08-31T22:30:00Z,1.354922,1.354922,1.354683,1.354683
2026-08-31T22:45:00Z,1.354701,1.354720,1.354591,1.354683
2026-08-31T23:00:00Z,1.354573,1.354646,1.354445,1.354481
2026-08-31T23:15:00Z,1.354481,1.354720,1.354481,1.354555
2026-08-31T23:30:00Z,1.354665,1.354775,1.354610,1.354775
2026-08-31T23:45:00Z,1.354738,1.354958,1.354701,1.354885
2026-09-01T00:00:00Z,1.354738,1.355546,1.354738,1.355381
2026-09-01T00:15:00Z,1.355289,1.355932,1.355289,1.355932
2026-09-01T00:30:00Z,1.355822,1.355951,1.355528,1.355528
2026-09-01T00:45:00Z,1.355583,1.355620,1.355271,1.355271
2026-09-01T01:00:00Z,1.355271,1.355326,1.354775,1.354812
2026-09-01T01:15:00Z,1.354812,1.354977,1.354426,1.354445
2026-09-01T01:30:00Z,1.354463,1.354940,1.354463,1.354940
2026-09-01T01:45:00Z,1.354793,1.354848,1.354316,1.354628
2026-09-01T02:00:00Z,1.354591,1.354591,1.354188,1.354280
2026-09-01T02:15:00Z,1.354280,1.354628,1.354280,1.354610
2026-09-01T02:30:00Z,1.354591,1.354591,1.354206,1.354335
2026-09-01T02:45:00Z,1.354371,1.354665,1.354335,1.354665
2026-09-01T03:00:00Z,1.354536,1.354591,1.354298,1.354500
2026-09-01T03:15:00Z,1.354665,1.354665,1.354151,1.354280
2026-09-01T03:30:00Z,1.354316,1.354371,1.354261,1.354353
2026-09-01T03:45:00Z,1.354408,1.354463,1.354151,1.354151
2026-09-01T04:00:00Z,1.354115,1.354280,1.354096,1.354188
2026-09-01T04:15:00Z,1.354169,1.354169,1.353950,1.353950
2026-09-01T04:30:00Z,1.353931,1.354059,1.353858,1.354023
2026-09-01T04:45:00Z,1.354096,1.354353,1.354005,1.354353
2026-09-01T05:00:00Z,1.354298,1.354738,1.354298,1.354720
2026-09-01T05:15:00Z,1.354628,1.354683,1.354426,1.354683
2026-09-01T05:30:00Z,1.354738,1.354848,1.354628,1.354720
2026-09-01T05:45:00Z,1.354720,1.354940,1.354720,1.354757
2026-09-01T06:00:00Z,1.354536,1.354701,1.354426,1.354500
2026-09-01T06:15:00Z,1.354591,1.354628,1.353638,1.353638
2026-09-01T06:30:00Z,1.353638,1.354335,1.353638,1.354335
2026-09-01T06:45:00Z,1.354335,1.354335,1.354023,1.354151
2026-09-01T07:00:00Z,1.354169,1.354261,1.354041,1.354115
2026-09-01T07:15:00Z,1.354188,1.354206,1.353528,1.353546
2026-09-01T07:30:00Z,1.353436,1.353455,1.353253,1.353290
2026-09-01T07:45:00Z,1.353235,1.353766,1.353235,1.353675
2026-09-01T08:00:00Z,1.353546,1.353730,1.353015,1.353162
2026-09-01T08:15:00Z,1.353198,1.353583,1.353198,1.353546
2026-09-01T08:30:00Z,1.353162,1.354041,1.353162,1.354041
2026-09-01T08:45:00Z,1.354188,1.354206,1.353803,1.354206
2026-09-01T09:00:00Z,1.354188,1.354408,1.354023,1.354298
2026-09-01T09:15:00Z,1.354280,1.354665,1.354280,1.354481
2026-09-01T09:30:00Z,1.354426,1.354830,1.354390,1.354610
2026-09-01T09:45:00Z,1.354500,1.354701,1.354005,1.354005
2026-09-01T10:00:00Z,1.354059,1.354316,1.353913,1.354243
2026-09-01T10:15:00Z,1.354280,1.354390,1.354133,1.354188
2026-09-01T10:30:00Z,1.354169,1.354169,1.353546,1.353546
2026-09-01T10:45:00Z,1.353510,1.353748,1.353436,1.353565
2026-09-01T11:00:00Z,1.353290,1.353601,1.353088,1.353327
2026-09-01T11:15:00Z,1.353345,1.353766,1.353327,1.353766
2026-09-01T11:30:00Z,1.353950,1.353950,1.353620,1.353858
2026-09-01T11:45:00Z,1.353803,1.353803,1.353491,1.353601
2026-09-01T12:00:00Z,1.353491,1.353491,1.352979,1.353180
2026-09-01T12:15:00Z,1.353217,1.353601,1.353217,1.353363
2026-09-01T12:30:00Z,1.353436,1.353473,1.353070,1.353198
2026-09-01T12:45:00Z,1.353198,1.353491,1.353052,1.353070
2026-09-01T13:00:00Z,1.352814,1.353070,1.352649,1.352924
2026-09-01T13:15:00Z,1.353052,1.353546,1.353052,1.353546
2026-09-01T13:30:00Z,1.353766,1.354536,1.353766,1.354536
2026-09-01T13:45:00Z,1.354151,1.354555,1.353693,1.354555
2026-09-01T14:00:00Z,1.354371,1.355216,1.354371,1.355105
2026-09-01T14:15:00Z,1.354958,1.354977,1.354280,1.354280
2026-09-01T14:30:00Z,1.354206,1.354481,1.354151,1.354280
2026-09-01T14:45:00Z,1.354500,1.354500,1.353785,1.353785
2026-09-01T15:00:00Z,1.354005,1.354005,1.353198,1.353290
2026-09-01T15:15:00Z,1.353235,1.353271,1.352594,1.352942
2026-09-01T15:30:00Z,1.352832,1.352960,1.352704,1.352924
2026-09-01T15:45:00Z,1.352869,1.352869,1.352448,1.352777
2026-09-01T16:00:00Z,1.352832,1.352832,1.352612,1.352741
2026-09-01T16:15:00Z,1.352795,1.352795,1.352210,1.352393
2026-09-01T16:30:00Z,1.352338,1.352722,1.352283,1.352283
2026-09-01T16:45:00Z,1.352320,1.352320,1.351552,1.351552
2026-09-01T17:00:00Z,1.351516,1.351790,1.351516,1.351717
2026-09-01T17:15:00Z,1.351625,1.351991,1.351479,1.351991
2026-09-01T17:30:00Z,1.352100,1.352137,1.351461,1.351516
2026-09-01T17:45:00Z,1.351497,1.351497,1.351242,1.351388
2026-09-01T18:00:00Z,1.351424,1.351662,1.351297,1.351297
2026-09-01T18:15:00Z,1.351187,1.351443,1.351096,1.351096
2026-09-01T18:30:00Z,1.351023,1.351041,1.350713,1.350931
2026-09-01T18:45:00Z,1.351004,1.351443,1.350986,1.351443
2026-09-01T19:00:00Z,1.351461,1.351589,1.351315,1.351534
2026-09-01T19:15:00Z,1.351625,1.351625,1.351351,1.351388
2026-09-01T19:30:00Z,1.351479,1.351479,1.351132,1.351132
2026-09-01T19:45:00Z,1.351078,1.351388,1.351041,1.351205
2026-09-01T20:00:00Z,1.351041,1.351260,1.351041,1.351114
2026-09-01T20:15:00Z,1.351023,1.351278,1.351004,1.351278
2026-09-01T20:30:00Z,1.351205,1.351497,1.351205,1.351479
2026-09-01T20:45:00Z,1.351479,1.351753,1.351443,1.351662
2026-09-01T21:00:00Z,1.351370,1.351954,1.351096,1.351826
2026-09-01T21:15:00Z,1.351479,1.352046,1.351479,1.351662
2026-09-01T21:30:00Z,1.351625,1.351680,1.351351,1.351351
2026-09-01T21:45:00Z,1.351351,1.351899,1.351351,1.351662
2026-09-01T22:00:00Z,1.351899,1.351899,1.351552,1.351863
2026-09-01T22:15:00Z,1.351845,1.351991,1.351644,1.351644
2026-09-01T22:30:00Z,1.351644,1.351717,1.351461,1.351534
2026-09-01T22:45:00Z,1.351552,1.351625,1.351552,1.351570
2026-09-01T23:00:00Z,1.351516,1.351607,1.351461,1.351516
2026-09-01T23:15:00Z,1.351497,1.351607,1.351479,1.351516
2026-09-01T23:30:00Z,1.351534,1.351662,1.351479,1.351662
2026-09-01T23:45:00Z,1.351644,1.351698,1.351388,1.351388
2026-09-02T00:00:00Z,1.351333,1.351534,1.351023,1.351132
2026-09-02T00:15:00Z,1.351132,1.351388,1.350950,1.351023
2026-09-02T00:30:00Z,1.351023,1.351260,1.350968,1.351260
2026-09-02T00:45:00Z,1.351187,1.351224,1.350767,1.350767
2026-09-02T01:00:00Z,1.350840,1.350840,1.350475,1.350512
2026-09-02T01:15:00Z,1.350621,1.350822,1.350621,1.350822
2026-09-02T01:30:00Z,1.350567,1.350767,1.350384,1.350512
2026-09-02T01:45:00Z,1.350548,1.350548,1.350330,1.350548
2026-09-02T02:00:00Z,1.350220,1.350640,1.350165,1.350621
2026-09-02T02:15:00Z,1.350749,1.350804,1.350421,1.350621
2026-09-02T02:30:00Z,1.350603,1.350858,1.350530,1.350785
2026-09-02T02:45:00Z,1.350804,1.350822,1.350658,1.350731
2026-09-02T03:00:00Z,1.350749,1.350804,1.350621,1.350621
2026-09-02T03:15:00Z,1.350548,1.350658,1.350402,1.350402
2026-09-02T03:30:00Z,1.350457,1.350457,1.350165,1.350184
2026-09-02T03:45:00Z,1.350311,1.350311,1.350202,1.350311
2026-09-02T04:00:00Z,1.350311,1.350311,1.350020,1.350074
2026-09-02T04:15:00Z,1.350093,1.350129,1.349874,1.349910
2026-09-02T04:30:00Z,1.349892,1.349965,1.349837,1.349874
2026-09-02T04:45:00Z,1.349892,1.349910,1.349710,1.349710
2026-09-02T05:00:00Z,1.349710,1.349947,1.349528,1.349947
2026-09-02T05:15:00Z,1.350020,1.350275,1.350001,1.350275
2026-09-02T05:30:00Z,1.350402,1.350439,1.350074,1.350220
2026-09-02T05:45:00Z,1.350275,1.350512,1.350129,1.350311
2026-09-02T06:00:00Z,1.350129,1.350640,1.350129,1.350457
2026-09-02T06:15:00Z,1.350330,1.350840,1.350129,1.350457
2026-09-02T06:30:00Z,1.350457,1.350621,1.350293,1.350530
2026-09-02T06:45:00Z,1.350475,1.350475,1.349382,1.349382
2026-09-02T07:00:00Z,1.349619,1.349983,1.349218,1.349983
2026-09-02T07:15:00Z,1.349947,1.350713,1.349947,1.350439
2026-09-02T07:30:00Z,1.350457,1.351242,1.350457,1.350895
2026-09-02T07:45:00Z,1.351041,1.351151,1.350931,1.351151
2026-09-02T08:00:00Z,1.351169,1.351443,1.351132,1.351205
2026-09-02T08:15:00Z,1.351096,1.351351,1.351078,1.351096
2026-09-02T08:30:00Z,1.351004,1.351333,1.350913,1.351333
2026-09-02T08:45:00Z,1.351333,1.351333,1.350202,1.350202
2026-09-02T09:00:00Z,1.350111,1.350676,1.350093,1.350147
2026-09-02T09:15:00Z,1.350147,1.350257,1.349947,1.350111
2026-09-02T09:30:00Z,1.349837,1.349910,1.349473,1.349473
2026-09-02T09:45:00Z,1.349455,1.349455,1.348690,1.348709
2026-09-02T10:00:00Z,1.348836,1.348836,1.348309,1.348418
2026-09-02T10:15:00Z,1.348290,1.348418,1.348127,1.348272
2026-09-02T10:30:00Z,1.348309,1.348454,1.347927,1.348000
2026-09-02T10:45:00Z,1.347836,1.348436,1.347836,1.348436
2026-09-02T11:00:00Z,1.348436,1.348872,1.348363,1.348872
2026-09-02T11:15:00Z,1.348709,1.348836,1.348345,1.348399
2026-09-02T11:30:00Z,1.348181,1.348818,1.348181,1.348672
2026-09-02T11:45:00Z,1.348745,1.349145,1.348399,1.348509
2026-09-02T12:00:00Z,1.348509,1.348872,1.348145,1.348345
2026-09-02T12:15:00Z,1.348290,1.348672,1.347963,1.348163
2026-09-02T12:30:00Z,1.348000,1.348109,1.347709,1.347782
2026-09-02T12:45:00Z,1.347836,1.348327,1.347564,1.347564
2026-09-02T13:00:00Z,1.347654,1.348127,1.347600,1.348127
2026-09-02T13:15:00Z,1.348199,1.350530,1.348199,1.349928
2026-09-02T13:30:00Z,1.350147,1.350713,1.349418,1.350713
2026-09-02T13:45:00Z,1.350330,1.351260,1.350147,1.351260
2026-09-02T14:00:00Z,1.351260,1.351260,1.350238,1.350384
2026-09-02T14:15:00Z,1.350512,1.350512,1.349983,1.350384
2026-09-02T14:30:00Z,1.350257,1.350421,1.350074,1.350220
2026-09-02T14:45:00Z,1.350056,1.350713,1.349819,1.350530
2026-09-02T15:00:00Z,1.350457,1.351059,1.350402,1.350402
2026-09-02T15:15:00Z,1.350311,1.350530,1.350001,1.350530
2026-09-02T15:30:00Z,1.350676,1.350676,1.349601,1.349601
2026-09-02T15:45:00Z,1.349582,1.350111,1.349546,1.350111
2026-09-02T16:00:00Z,1.350348,1.350348,1.350001,1.350348
2026-09-02T16:15:00Z,1.350384,1.350384,1.349673,1.349673
2026-09-02T16:30:00Z,1.349728,1.349910,1.349728,1.349819
2026-09-02T16:45:00Z,1.349783,1.349928,1.349509,1.349509
2026-09-02T17:00:00Z,1.349509,1.349637,1.349091,1.349164
2026-09-02T17:15:00Z,1.349073,1.349073,1.348581,1.349036
2026-09-02T17:30:00Z,1.349000,1.349000,1.348600,1.348818
2026-09-02T17:45:00Z,1.349236,1.349236,1.348618,1.348854
2026-09-02T18:00:00Z,1.348727,1.348945,1.348727,1.348727
2026-09-02T18:15:00Z,1.348618,1.349036,1.348600,1.348690
2026-09-02T18:30:00Z,1.348727,1.348927,1.348690,1.348690
2026-09-02T18:45:00Z,1.348727,1.348872,1.348600,1.348618
2026-09-02T19:00:00Z,1.348654,1.348654,1.348472,1.348472
2026-09-02T19:15:00Z,1.348563,1.348818,1.348545,1.348600
2026-09-02T19:30:00Z,1.348581,1.348636,1.348472,1.348636
2026-09-02T19:45:00Z,1.348618,1.348872,1.348309,1.348872
2026-09-02T20:00:00Z,1.348927,1.349127,1.348927,1.349036
2026-09-02T20:15:00Z,1.348872,1.349073,1.348836,1.348891
2026-09-02T20:30:00Z,1.348818,1.348963,1.348745,1.348891
2026-09-02T20:45:00Z,1.348854,1.349018,1.348509,1.348763
2026-09-02T21:00:00Z,1.349164,1.349182,1.348600,1.348945
2026-09-02T21:15:00Z,1.349127,1.349200,1.348927,1.349054
2026-09-02T21:30:00Z,1.348745,1.348854,1.348454,1.348563
2026-09-02T21:45:00Z,1.348600,1.348963,1.348418,1.348454
2026-09-02T22:00:00Z,1.348509,1.348509,1.348181,1.348309
2026-09-02T22:15:00Z,1.348309,1.348327,1.348181,1.348327
2026-09-02T22:30:00Z,1.348309,1.348509,1.348309,1.348399
2026-09-02T22:45:00Z,1.348381,1.348509,1.348327,1.348399
2026-09-02T23:00:00Z,1.348418,1.348418,1.348181,1.348181
2026-09-02T23:15:00Z,1.348218,1.348309,1.348181,1.348181
2026-09-02T23:30:00Z,1.348181,1.348199,1.348090,1.348199
2026-09-02T23:45:00Z,1.348163,1.348327,1.348145,1.348327
2026-09-03T00:00:00Z,1.348127,1.348381,1.348127,1.348272
2026-09-03T00:15:00Z,1.348327,1.348654,1.348290,1.348636
2026-09-03T00:30:00Z,1.348581,1.348636,1.348472,1.348490
2026-09-03T00:45:00Z,1.348418,1.349036,1.348418,1.348836
2026-09-03T01:00:00Z,1.348836,1.348963,1.348781,1.348927
2026-09-03T01:15:00Z,1.348818,1.348981,1.348563,1.348981
2026-09-03T01:30:00Z,1.348981,1.349127,1.348709,1.348709
2026-09-03T01:45:00Z,1.348709,1.348709,1.348127,1.348218
2026-09-03T02:00:00Z,1.348236,1.348436,1.348163,1.348290
2026-09-03T02:15:00Z,1.348327,1.348745,1.348199,1.348709
2026-09-03T02:30:00Z,1.348672,1.349254,1.348672,1.348836
2026-09-03T02:45:00Z,1.348854,1.349036,1.348672,1.348945
2026-09-03T03:00:00Z,1.349000,1.349619,1.348945,1.349473
2026-09-03T03:15:00Z,1.349418,1.349582,1.349309,1.349509
2026-09-03T03:30:00Z,1.349546,1.349582,1.349327,1.349582
2026-09-03T03:45:00Z,1.349473,1.349601,1.349418,1.349509
2026-09-03T04:00:00Z,1.349546,1.349564,1.349400,1.349564
2026-09-03T04:15:00Z,1.349509,1.349637,1.349437,1.349637
2026-09-03T04:30:00Z,1.349619,1.349837,1.349619,1.349801
2026-09-03T04:45:00Z,1.349801,1.349801,1.349327,1.349418
2026-09-03T05:00:00Z,1.349455,1.349455,1.349109,1.349236
2026-09-03T05:15:00Z,1.349218,1.349710,1.349218,1.349582
2026-09-03T05:30:00Z,1.349528,1.349655,1.349291,1.349291
2026-09-03T05:45:00Z,1.349346,1.349437,1.349073,1.349200
2026-09-03T06:00:00Z,1.349109,1.349218,1.348545,1.348745
2026-09-03T06:15:00Z,1.348672,1.348800,1.348399,1.348618
2026-09-03T06:30:00Z,1.348836,1.349437,1.348836,1.349437
2026-09-03T06:45:00Z,1.349364,1.349874,1.349273,1.349273
2026-09-03T07:00:00Z,1.349437,1.350238,1.349437,1.349910
2026-09-03T07:15:00Z,1.349509,1.349965,1.349346,1.349418
2026-09-03T07:30:00Z,1.349546,1.349928,1.349236,1.349928
2026-09-03T07:45:00Z,1.350184,1.350457,1.350111,1.350330
2026-09-03T08:00:00Z,1.350184,1.350731,1.349910,1.349910
2026-09-03T08:15:00Z,1.350001,1.350275,1.349819,1.350129
2026-09-03T08:30:00Z,1.349910,1.350257,1.349710,1.350111
2026-09-03T08:45:00Z,1.350220,1.350439,1.349910,1.350038
2026-09-03T09:00:00Z,1.350293,1.350293,1.349728,1.350038
2026-09-03T09:15:00Z,1.350056,1.350056,1.349437,1.349509
2026-09-03T09:30:00Z,1.349473,1.349473,1.349054,1.349455
2026-09-03T09:45:00Z,1.349637,1.349837,1.349491,1.349819
2026-09-03T10:00:00Z,1.349819,1.349892,1.349145,1.349145
2026-09-03T10:15:00Z,1.349273,1.349455,1.349018,1.349273
2026-09-03T10:30:00Z,1.349200,1.349200,1.348509,1.348690
2026-09-03T10:45:00Z,1.348745,1.349491,1.348727,1.349491
2026-09-03T11:00:00Z,1.349273,1.349783,1.349200,1.349728
2026-09-03T11:15:00Z,1.349764,1.349928,1.349127,1.349273
2026-09-03T11:30:00Z,1.349218,1.349346,1.349000,1.349036
2026-09-03T11:45:00Z,1.349036,1.349601,1.349036,1.349528
2026-09-03T12:00:00Z,1.349327,1.349819,1.349327,1.349673
2026-09-03T12:15:00Z,1.349619,1.349655,1.349018,1.349218
2026-09-03T12:30:00Z,1.350147,1.351242,1.350001,1.350931
2026-09-03T12:45:00Z,1.350731,1.352155,1.350731,1.351899
2026-09-03T13:00:00Z,1.351771,1.351936,1.351224,1.351516
2026-09-03T13:15:00Z,1.351461,1.351461,1.350950,1.351096
2026-09-03T13:30:00Z,1.350822,1.351059,1.350439,1.351059
2026-09-03T13:45:00Z,1.351132,1.351845,1.350402,1.351845
2026-09-03T14:00:00Z,1.351187,1.351644,1.350986,1.351552
2026-09-03T14:15:00Z,1.351497,1.351497,1.350731,1.351151
2026-09-03T14:30:00Z,1.351205,1.351205,1.350129,1.350348
2026-09-03T14:45:00Z,1.350275,1.352082,1.350275,1.351808
2026-09-03T15:00:00Z,1.351991,1.353931,1.351991,1.353620
2026-09-03T15:15:00Z,1.353436,1.354005,1.353308,1.353711
2026-09-03T15:30:00Z,1.353913,1.354078,1.353125,1.353345
2026-09-03T15:45:00Z,1.353162,1.353327,1.352795,1.353327
2026-09-03T16:00:00Z,1.353345,1.354023,1.353217,1.354023
2026-09-03T16:15:00Z,1.354059,1.354555,1.354059,1.354555
2026-09-03T16:30:00Z,1.354812,1.354812,1.354316,1.354518
2026-09-03T16:45:00Z,1.354518,1.354830,1.354518,1.354536
2026-09-03T17:00:00Z,1.354536,1.354536,1.354133,1.354371
2026-09-03T17:15:00Z,1.354408,1.354646,1.354335,1.354610
2026-09-03T17:30:00Z,1.354628,1.354628,1.354371,1.354371
2026-09-03T17:45:00Z,1.354390,1.354463,1.353986,1.354005
2026-09-03T18:00:00Z,1.354078,1.354371,1.353931,1.354316
2026-09-03T18:15:00Z,1.354353,1.354408,1.354096,1.354151
2026-09-03T18:30:00Z,1.354059,1.354059,1.353858,1.353913
2026-09-03T18:45:00Z,1.353950,1.354005,1.353858,1.353913
2026-09-03T19:00:00Z,1.353913,1.354005,1.353400,1.353400
2026-09-03T19:15:00Z,1.353033,1.353052,1.352375,1.352375
2026-09-03T19:30:00Z,1.352466,1.352649,1.352375,1.352612
2026-09-03T19:45:00Z,1.352704,1.352869,1.352631,1.352631
2026-09-03T20:00:00Z,1.352576,1.352979,1.352576,1.352741
2026-09-03T20:15:00Z,1.352667,1.352722,1.352521,1.352686
2026-09-03T20:30:00Z,1.352704,1.352722,1.352594,1.352649
2026-09-03T20:45:00Z,1.352704,1.352741,1.352430,1.352503
2026-09-03T21:00:00Z,1.353308,1.353308,1.352649,1.352997
2026-09-03T21:15:00Z,1.352942,1.353143,1.352777,1.352777
2026-09-03T21:30:00Z,1.352759,1.353052,1.352704,1.352979
2026-09-03T21:45:00Z,1.352850,1.352979,1.352558,1.352558
2026-09-03T22:00:00Z,1.352649,1.352649,1.352393,1.352466
2026-09-03T22:15:00Z,1.352503,1.352558,1.352357,1.352411
2026-09-03T22:30:00Z,1.352430,1.352503,1.352411,1.352448
2026-09-03T22:45:00Z,1.352466,1.352466,1.352393,1.352430
2026-09-03T23:00:00Z,1.352466,1.352667,1.352430,1.352576
2026-09-03T23:15:00Z,1.352558,1.352759,1.352539,1.352704
2026-09-03T23:30:00Z,1.352814,1.352887,1.352649,1.352704
2026-09-03T23:45:00Z,1.352667,1.352924,1.352667,1.352905
2026-09-04T00:00:00Z,1.352924,1.353070,1.352795,1.352905
2026-09-04T00:15:00Z,1.352832,1.352832,1.352594,1.352612
2026-09-04T00:30:00Z,1.352631,1.352850,1.352594,1.352832
2026-09-04T00:45:00Z,1.352869,1.353381,1.352869,1.353052
2026-09-04T01:00:00Z,1.353088,1.353253,1.352924,1.352924
2026-09-04T01:15:00Z,1.353015,1.353455,1.352979,1.353253
2026-09-04T01:30:00Z,1.353308,1.353363,1.353235,1.353327
2026-09-04T01:45:00Z,1.353290,1.353528,1.353180,1.353528
2026-09-04T02:00:00Z,1.353491,1.353766,1.353436,1.353546
2026-09-04T02:15:00Z,1.353528,1.353528,1.353052,1.353125
2026-09-04T02:30:00Z,1.353143,1.353345,1.353107,1.353235
2026-09-04T02:45:00Z,1.353235,1.353418,1.353180,1.353198
2026-09-04T03:00:00Z,1.353198,1.353400,1.353198,1.353400
2026-09-04T03:15:00Z,1.353455,1.353528,1.353107,1.353107
2026-09-04T03:30:00Z,1.352942,1.353107,1.352704,1.352704
2026-09-04T03:45:00Z,1.352795,1.353052,1.352759,1.352997
2026-09-04T04:00:00Z,1.353015,1.353290,1.353015,1.353180
2026-09-04T04:15:00Z,1.353070,1.353125,1.353052,1.353125
2026-09-04T04:30:00Z,1.353198,1.353308,1.353088,1.353235
2026-09-04T04:45:00Z,1.353217,1.353271,1.353125,1.353217
2026-09-04T05:00:00Z,1.353198,1.353290,1.353070,1.353290
2026-09-04T05:15:00Z,1.353327,1.353345,1.353198,1.353290
2026-09-04T05:30:00Z,1.353345,1.353565,1.353345,1.353436
2026-09-04T05:45:00Z,1.353363,1.353601,1.353290,1.353565
2026-09-04T06:00:00Z,1.353620,1.354426,1.353620,1.354426
2026-09-04T06:15:00Z,1.354280,1.354408,1.354115,1.354408
2026-09-04T06:30:00Z,1.354224,1.354536,1.354096,1.354353
2026-09-04T06:45:00Z,1.354353,1.354500,1.354169,1.354169
2026-09-04T07:00:00Z,1.354408,1.354701,1.354261,1.354261
2026-09-04T07:15:00Z,1.354224,1.354701,1.354224,1.354701
2026-09-04T07:30:00Z,1.354793,1.354793,1.354206,1.354775
2026-09-04T07:45:00Z,1.354720,1.354720,1.353400,1.353455
2026-09-04T08:00:00Z,1.353565,1.353821,1.353400,1.353528
2026-09-04T08:15:00Z,1.353491,1.354353,1.353418,1.354353
2026-09-04T08:30:00Z,1.353968,1.353968,1.353107,1.353308
2026-09-04T08:45:00Z,1.353345,1.353583,1.353253,1.353345
2026-09-04T09:00:00Z,1.353143,1.353253,1.352832,1.352869
2026-09-04T09:15:00Z,1.352942,1.353015,1.352612,1.352704
2026-09-04T09:30:00Z,1.352649,1.352759,1.352338,1.352393
2026-09-04T09:45:00Z,1.352521,1.352722,1.352320,1.352357
2026-09-04T10:00:00Z,1.352375,1.352576,1.352320,1.352521
2026-09-04T10:15:00Z,1.352539,1.352814,1.352503,1.352649
2026-09-04T10:30:00Z,1.352612,1.353162,1.352612,1.353162
2026-09-04T10:45:00Z,1.353271,1.353528,1.353235,1.353235
2026-09-04T11:00:00Z,1.353271,1.353620,1.353235,1.353620
2026-09-04T11:15:00Z,1.353528,1.353913,1.353528,1.353693
2026-09-04T11:30:00Z,1.353583,1.353693,1.353308,1.353400
2026-09-04T11:45:00Z,1.353638,1.353711,1.353308,1.353308
2026-09-04T12:00:00Z,1.353491,1.353620,1.352832,1.352979
2026-09-04T12:15:00Z,1.353180,1.353381,1.352942,1.353381
2026-09-04T12:30:00Z,1.349437,1.350093,1.349109,1.349928
2026-09-04T12:45:00Z,1.349728,1.350457,1.348963,1.350457
2026-09-04T13:00:00Z,1.349965,1.350348,1.349582,1.349892
2026-09-04T13:15:00Z,1.350129,1.351534,1.350129,1.351461
2026-09-04T13:30:00Z,1.351625,1.351680,1.350877,1.351151
2026-09-04T13:45:00Z,1.351497,1.352430,1.350475,1.350694
2026-09-04T14:00:00Z,1.350658,1.351315,1.350658,1.351078
2026-09-04T14:15:00Z,1.350895,1.351406,1.350895,1.351242
2026-09-04T14:30:00Z,1.351169,1.352137,1.351169,1.352137
2026-09-04T14:45:00Z,1.352320,1.352320,1.351406,1.351497
2026-09-04T15:00:00Z,1.351424,1.351954,1.351132,1.351954
2026-09-04T15:15:00Z,1.351899,1.352393,1.351899,1.352119
2026-09-04T15:30:00Z,1.352338,1.352484,1.352046,1.352247
2026-09-04T15:45:00Z,1.352192,1.352521,1.352046,1.352100
2026-09-04T16:00:00Z,1.352228,1.352393,1.352046,1.352393
2026-09-04T16:15:00Z,1.352411,1.352430,1.351881,1.351881
2026-09-04T16:30:00Z,1.351991,1.352265,1.351845,1.352009
2026-09-04T16:45:00Z,1.352100,1.352155,1.351918,1.351918
2026-09-04T17:00:00Z,1.351771,1.351771,1.351333,1.351534
2026-09-04T17:15:00Z,1.351680,1.351753,1.351479,1.351479
2026-09-04T17:30:00Z,1.351625,1.351644,1.351370,1.351370
2026-09-04T17:45:00Z,1.351388,1.351534,1.351224,1.351370
2026-09-04T18:00:00Z,1.351461,1.351461,1.351315,1.351388
2026-09-04T18:15:00Z,1.351297,1.351406,1.351187,1.351315
2026-09-04T18:30:00Z,1.351351,1.351351,1.351187,1.351297
2026-09-04T18:45:00Z,1.351169,1.351424,1.351169,1.351424
2026-09-04T19:00:00Z,1.351406,1.351625,1.351406,1.351607
2026-09-04T19:15:00Z,1.351680,1.351918,1.351680,1.351918
2026-09-04T19:30:00Z,1.351918,1.352210,1.351881,1.352210
2026-09-04T19:45:00Z,1.352119,1.352137,1.351899,1.351954
2026-09-04T20:00:00Z,1.351845,1.351991,1.351534,1.351662
2026-09-04T20:15:00Z,1.351625,1.351771,1.351607,1.351771
2026-09-04T20:30:00Z,1.351717,1.351717,1.351516,1.351552
2026-09-04T20:45:00Z,1.351534,1.351771,1.351497,1.351698
2026-09-04T21:00:00Z,1.351698,1.351698,1.351698,1.351698
2026-09-04T21:15:00Z,1.351698,1.351698,1.351698,1.351698
2026-09-06T23:00:00Z,1.351717,1.351936,1.351717,1.351936
2026-09-06T23:15:00Z,1.351918,1.351918,1.351826,1.351899
2026-09-06T23:30:00Z,1.351826,1.352027,1.351826,1.352009
2026-09-06T23:45:00Z,1.352009,1.352009,1.351717,1.351771
2026-09-07T00:00:00Z,1.351808,1.351936,1.351625,1.351845
2026-09-07T00:15:00Z,1.351936,1.352137,1.351735,1.352064
2026-09-07T00:30:00Z,1.352046,1.352228,1.352009,1.352228
2026-09-07T00:45:00Z,1.352137,1.352247,1.351918,1.352064
2026-09-07T01:00:00Z,1.352009,1.352009,1.351607,1.351717
2026-09-07T01:15:00Z,1.351570,1.351735,1.351370,1.351735
2026-09-07T01:30:00Z,1.351717,1.351717,1.351333,1.351388
2026-09-07T01:45:00Z,1.351333,1.351607,1.351224,1.351224
2026-09-07T02:00:00Z,1.351278,1.351278,1.350822,1.350840
2026-09-07T02:15:00Z,1.350785,1.350913,1.350731,1.350895
2026-09-07T02:30:00Z,1.351004,1.351023,1.350731,1.350731
2026-09-07T02:45:00Z,1.350713,1.350785,1.350658,1.350749
2026-09-07T03:00:00Z,1.350749,1.350968,1.350731,1.350895
2026-09-07T03:15:00Z,1.350913,1.351297,1.350913,1.351297
2026-09-07T03:30:00Z,1.351224,1.351224,1.350822,1.350895
2026-09-07T03:45:00Z,1.350913,1.351114,1.350822,1.351114
2026-09-07T04:00:00Z,1.351151,1.351151,1.351041,1.351114
2026-09-07T04:15:00Z,1.351132,1.351132,1.350968,1.351041
2026-09-07T04:30:00Z,1.351023,1.351041,1.350895,1.351004
2026-09-07T04:45:00Z,1.351041,1.351242,1.351023,1.351242
2026-09-07T05:00:00Z,1.351205,1.351315,1.351132,1.351132
2026-09-07T05:15:00Z,1.351132,1.351260,1.351023,1.351260
2026-09-07T05:30:00Z,1.351315,1.351461,1.351205,1.351443
2026-09-07T05:45:00Z,1.351424,1.351936,1.351424,1.351918
2026-09-07T06:00:00Z,1.351845,1.351845,1.351516,1.351808
2026-09-07T06:15:00Z,1.351680,1.352649,1.351680,1.352594
2026-09-07T06:30:00Z,1.352649,1.353125,1.352649,1.352924
2026-09-07T06:45:00Z,1.352924,1.352979,1.352686,1.352686
2026-09-07T07:00:00Z,1.352686,1.352814,1.352283,1.352375
2026-09-07T07:15:00Z,1.352393,1.352649,1.352393,1.352521
2026-09-07T07:30:00Z,1.352612,1.352741,1.352320,1.352612
2026-09-07T07:45:00Z,1.352631,1.353308,1.352631,1.353308
2026-09-07T08:00:00Z,1.353253,1.353968,1.353125,1.353840
2026-09-07T08:15:00Z,1.353748,1.354500,1.353748,1.354115
2026-09-07T08:30:00Z,1.354316,1.354390,1.353620,1.353730
2026-09-07T08:45:00Z,1.353620,1.353638,1.353271,1.353583
2026-09-07T09:00:00Z,1.353528,1.353638,1.353327,1.353620
2026-09-07T09:15:00Z,1.353656,1.354041,1.353656,1.354041
2026-09-07T09:30:00Z,1.353931,1.354335,1.353748,1.353748
2026-09-07T09:45:00Z,1.353821,1.353913,1.353491,1.353656
2026-09-07T10:00:00Z,1.353656,1.353656,1.353473,1.353473
2026-09-07T10:15:00Z,1.353418,1.353913,1.353418,1.353601
2026-09-07T10:30:00Z,1.353620,1.354005,1.353528,1.354005
2026-09-07T10:45:00Z,1.353950,1.354115,1.353693,1.353931
2026-09-07T11:00:00Z,1.353950,1.354023,1.353638,1.353638
2026-09-07T11:15:00Z,1.353638,1.353730,1.353601,1.353675
2026-09-07T11:30:00Z,1.353620,1.353748,1.353473,1.353638
2026-09-07T11:45:00Z,1.353565,1.353766,1.353327,1.353327
2026-09-07T12:00:00Z,1.353327,1.353327,1.353052,1.353052
2026-09-07T12:15:00Z,1.353088,1.353565,1.352960,1.353565
2026-09-07T12:30:00Z,1.353583,1.353858,1.353583,1.353766
2026-09-07T12:45:00Z,1.353840,1.353913,1.353436,1.353785
2026-09-07T13:00:00Z,1.353858,1.353986,1.353638,1.353913
2026-09-07T13:15:00Z,1.353913,1.353931,1.353675,1.353711
2026-09-07T13:30:00Z,1.353638,1.353858,1.353601,1.353858
2026-09-07T13:45:00Z,1.353950,1.354023,1.353785,1.353876
2026-09-07T14:00:00Z,1.353858,1.354151,1.353711,1.354151
2026-09-07T14:15:00Z,1.354041,1.354316,1.354005,1.354005
2026-09-07T14:30:00Z,1.353950,1.354169,1.353876,1.354023
2026-09-07T14:45:00Z,1.353986,1.354628,1.353913,1.354628
2026-09-07T15:00:00Z,1.354628,1.354757,1.354206,1.354298
2026-09-07T15:15:00Z,1.354261,1.354390,1.354206,1.354390
2026-09-07T15:30:00Z,1.354390,1.354463,1.354206,1.354243
2026-09-07T15:45:00Z,1.354224,1.354243,1.354005,1.354023
2026-09-07T16:00:00Z,1.354041,1.354224,1.353894,1.354224
2026-09-07T16:15:00Z,1.354206,1.354408,1.354078,1.354335
2026-09-07T16:30:00Z,1.354408,1.354646,1.354390,1.354646
2026-09-07T16:45:00Z,1.354738,1.354812,1.354646,1.354738
2026-09-07T17:00:00Z,1.354610,1.354628,1.354408,1.354463
2026-09-07T17:15:00Z,1.354481,1.354481,1.354280,1.354335
2026-09-07T17:30:00Z,1.354335,1.354390,1.354316,1.354316
2026-09-07T17:45:00Z,1.354316,1.354316,1.354224,1.354298
2026-09-07T18:00:00Z,1.354316,1.354335,1.354188,1.354224
2026-09-07T18:15:00Z,1.354224,1.354243,1.354096,1.354115
2026-09-07T18:30:00Z,1.354133,1.354261,1.354115,1.354261
2026-09-07T18:45:00Z,1.354243,1.354243,1.354133,1.354188
2026-09-07T19:00:00Z,1.354224,1.354224,1.354096,1.354133
2026-09-07T19:15:00Z,1.354133,1.354133,1.354041,1.354078
2026-09-07T19:30:00Z,1.354023,1.354023,1.353950,1.353986
2026-09-07T19:45:00Z,1.353986,1.354078,1.353986,1.354041
2026-09-07T20:00:00Z,1.354023,1.354059,1.354023,1.354041
2026-09-07T20:15:00Z,1.354078,1.354151,1.354059,1.354151
2026-09-07T20:30:00Z,1.354096,1.354151,1.354096,1.354151
2026-09-07T20:45:00Z,1.354151,1.354169,1.354096,1.354133
2026-09-07T21:00:00Z,1.354628,1.354628,1.354078,1.354133
2026-09-07T21:15:00Z,1.354133,1.354335,1.353931,1.354078
2026-09-07T21:30:00Z,1.354261,1.354390,1.354059,1.354280
2026-09-07T21:45:00Z,1.354151,1.354408,1.354151,1.354335
2026-09-07T22:00:00Z,1.354298,1.354298,1.354206,1.354280
2026-09-07T22:15:00Z,1.354316,1.354426,1.354224,1.354426
2026-09-07T22:30:00Z,1.354335,1.354335,1.354188,1.354188
2026-09-07T22:45:00Z,1.354224,1.354316,1.354169,1.354316
2026-09-07T23:00:00Z,1.354353,1.354555,1.354353,1.354555
2026-09-07T23:15:00Z,1.354555,1.354793,1.354518,1.354610
2026-09-07T23:30:00Z,1.354830,1.354830,1.354628,1.354793
2026-09-07T23:45:00Z,1.354903,1.354940,1.354610,1.354738
2026-09-08T00:00:00Z,1.354665,1.354922,1.354206,1.354206
2026-09-08T00:15:00Z,1.354206,1.354518,1.354206,1.354518
2026-09-08T00:30:00Z,1.354536,1.354555,1.354353,1.354353
2026-09-08T00:45:00Z,1.354371,1.354536,1.354280,1.354335
2026-09-08T01:00:00Z,1.354353,1.354518,1.354188,1.354426
2026-09-08T01:15:00Z,1.354463,1.355014,1.354463,1.354757
2026-09-08T01:30:00Z,1.354738,1.354738,1.354426,1.354591
2026-09-08T01:45:00Z,1.354646,1.354812,1.354481,1.354812
2026-09-08T02:00:00Z,1.354867,1.354922,1.354280,1.354280
2026-09-08T02:15:00Z,1.354371,1.354573,1.354096,1.354096
2026-09-08T02:30:00Z,1.354096,1.354096,1.353583,1.353766
2026-09-08T02:45:00Z,1.353785,1.353785,1.353510,1.353528
2026-09-08T03:00:00Z,1.353418,1.353675,1.353418,1.353601
2026-09-08T03:15:00Z,1.353601,1.353894,1.353601,1.353840
2026-09-08T03:30:00Z,1.353858,1.353950,1.353675,1.353950
2026-09-08T03:45:00Z,1.353913,1.354023,1.353711,1.353840
2026-09-08T04:00:00Z,1.353894,1.353894,1.353730,1.353766
2026-09-08T04:15:00Z,1.353711,1.353858,1.353675,1.353730
2026-09-08T04:30:00Z,1.353766,1.353821,1.353638,1.353803
2026-09-08T04:45:00Z,1.353913,1.354041,1.353785,1.354023
2026-09-08T05:00:00Z,1.354005,1.354115,1.354005,1.354041
2026-09-08T05:15:00Z,1.354096,1.354206,1.353840,1.353840
2026-09-08T05:30:00Z,1.353766,1.354115,1.353766,1.354115
2026-09-08T05:45:00Z,1.354023,1.354408,1.353950,1.354408
2026-09-08T06:00:00Z,1.354463,1.355326,1.354463,1.354518
2026-09-08T06:15:00Z,1.354481,1.354518,1.353601,1.353840
2026-09-08T06:30:00Z,1.353986,1.354243,1.353565,1.354243
2026-09-08T06:45:00Z,1.354005,1.354078,1.353730,1.353785
2026-09-08T07:00:00Z,1.353601,1.354115,1.353601,1.354041
2026-09-08T07:15:00Z,1.353876,1.354041,1.353400,1.353620
2026-09-08T07:30:00Z,1.353638,1.353785,1.352795,1.352887
2026-09-08T07:45:00Z,1.352924,1.353253,1.352924,1.353143
2026-09-08T08:00:00Z,1.353198,1.353510,1.352649,1.352649
2026-09-08T08:15:00Z,1.352539,1.353052,1.352393,1.353033
2026-09-08T08:30:00Z,1.353052,1.353235,1.352905,1.352905
2026-09-08T08:45:00Z,1.352686,1.352887,1.352503,1.352521
2026-09-08T09:00:00Z,1.352466,1.352924,1.352411,1.352503
2026-09-08T09:15:00Z,1.352430,1.352631,1.352430,1.352503
2026-09-08T09:30:00Z,1.352631,1.353327,1.352631,1.352869
2026-09-08T09:45:00Z,1.352942,1.353143,1.352686,1.353143
2026-09-08T10:00:00Z,1.352887,1.353070,1.352594,1.353070
2026-09-08T10:15:00Z,1.352960,1.353601,1.352850,1.352905
2026-09-08T10:30:00Z,1.352887,1.352887,1.352265,1.352338
2026-09-08T10:45:00Z,1.352466,1.352924,1.352375,1.352905
2026-09-08T11:00:00Z,1.352832,1.352869,1.352320,1.352430
2026-09-08T11:15:00Z,1.352430,1.353638,1.352430,1.353528
2026-09-08T11:30:00Z,1.353583,1.354298,1.353583,1.353785
2026-09-08T11:45:00Z,1.353638,1.354536,1.353473,1.354536
2026-09-08T12:00:00Z,1.354335,1.354738,1.354335,1.354536
2026-09-08T12:15:00Z,1.354408,1.355179,1.354335,1.355179
2026-09-08T12:30:00Z,1.355124,1.355289,1.354867,1.354995
2026-09-08T12:45:00Z,1.355069,1.355601,1.355050,1.355399
2026-09-08T13:00:00Z,1.355381,1.355987,1.355307,1.355693
2026-09-08T13:15:00Z,1.355546,1.356153,1.355418,1.355418
2026-09-08T13:30:00Z,1.355509,1.355583,1.355069,1.355252
2026-09-08T13:45:00Z,1.355179,1.355326,1.354867,1.355105
2026-09-08T14:00:00Z,1.355307,1.355326,1.354298,1.354298
2026-09-08T14:15:00Z,1.354408,1.355436,1.354408,1.355307
2026-09-08T14:30:00Z,1.355399,1.355620,1.355326,1.355601
2026-09-08T14:45:00Z,1.355638,1.355657,1.354922,1.355234
2026-09-08T15:00:00Z,1.355197,1.355418,1.355032,1.355105
2026-09-08T15:15:00Z,1.355142,1.355142,1.354683,1.354830
2026-09-08T15:30:00Z,1.354701,1.354848,1.354188,1.354298
2026-09-08T15:45:00Z,1.354115,1.354243,1.354059,1.354224
2026-09-08T16:00:00Z,1.354115,1.354169,1.353436,1.353473
2026-09-08T16:15:00Z,1.353601,1.353620,1.353381,1.353510
2026-09-08T16:30:00Z,1.353601,1.353620,1.353217,1.353217
2026-09-08T16:45:00Z,1.353235,1.353656,1.353125,1.353565
2026-09-08T17:00:00Z,1.353821,1.353913,1.353803,1.353840
2026-09-08T17:15:00Z,1.353821,1.353950,1.353693,1.353821
2026-09-08T17:30:00Z,1.353803,1.353894,1.353693,1.353730
2026-09-08T17:45:00Z,1.353840,1.354206,1.353821,1.354206
2026-09-08T18:00:00Z,1.354206,1.354316,1.354096,1.354206
2026-09-08T18:15:00Z,1.354206,1.354481,1.354005,1.354408
2026-09-08T18:30:00Z,1.354500,1.354995,1.354500,1.354995
2026-09-08T18:45:00Z,1.355014,1.355087,1.354096,1.354481
2026-09-08T19:00:00Z,1.354701,1.354775,1.354390,1.354426
2026-09-08T19:15:00Z,1.354500,1.354500,1.354206,1.354243
2026-09-08T19:30:00Z,1.354261,1.354371,1.354169,1.354335
2026-09-08T19:45:00Z,1.354298,1.354298,1.353858,1.354041
2026-09-08T20:00:00Z,1.354005,1.354151,1.353675,1.353894
2026-09-08T20:15:00Z,1.353876,1.354188,1.353876,1.354005
2026-09-08T20:30:00Z,1.353803,1.354206,1.353803,1.354133
2026-09-08T20:45:00Z,1.354096,1.354151,1.354005,1.354059
2026-09-08T21:00:00Z,1.353528,1.353950,1.353528,1.353913
2026-09-08T21:15:00Z,1.353473,1.353858,1.353473,1.353583
2026-09-08T21:30:00Z,1.353675,1.353803,1.353583,1.353620
2026-09-08T21:45:00Z,1.353638,1.353821,1.353620,1.353711
2026-09-08T22:00:00Z,1.353950,1.354133,1.353950,1.354096
2026-09-08T22:15:00Z,1.354115,1.354206,1.354096,1.354206
2026-09-08T22:30:00Z,1.354224,1.354224,1.354059,1.354078
2026-09-08T22:45:00Z,1.354059,1.354188,1.354059,1.354133
2026-09-08T23:00:00Z,1.354096,1.354243,1.354078,1.354206
2026-09-08T23:15:00Z,1.354224,1.354261,1.354151,1.354224
2026-09-08T23:30:00Z,1.354206,1.354408,1.354096,1.354298
2026-09-08T23:45:00Z,1.354316,1.354426,1.354224,1.354371
2026-09-09T00:00:00Z,1.354500,1.354738,1.354500,1.354720
2026-09-09T00:15:00Z,1.354610,1.354793,1.354555,1.354683
2026-09-09T00:30:00Z,1.354665,1.354757,1.354408,1.354555
2026-09-09T00:45:00Z,1.354481,1.354830,1.354481,1.354830
2026-09-09T01:00:00Z,1.354757,1.354757,1.354371,1.354738
2026-09-09T01:15:00Z,1.354720,1.354793,1.354353,1.354371
2026-09-09T01:30:00Z,1.354316,1.354408,1.354243,1.354316
2026-09-09T01:45:00Z,1.354426,1.354738,1.354298,1.354738
2026-09-09T02:00:00Z,1.354646,1.354646,1.354280,1.354390
2026-09-09T02:15:00Z,1.354353,1.354426,1.354169,1.354224
2026-09-09T02:30:00Z,1.354188,1.354426,1.354188,1.354426
2026-09-09T02:45:00Z,1.354445,1.354757,1.354445,1.354757
2026-09-09T03:00:00Z,1.354683,1.354720,1.354536,1.354628
2026-09-09T03:15:00Z,1.354610,1.354665,1.354500,1.354610
2026-09-09T03:30:00Z,1.354500,1.354812,1.354500,1.354812
2026-09-09T03:45:00Z,1.354812,1.354903,1.354518,1.354518
2026-09-09T04:00:00Z,1.354536,1.354738,1.354518,1.354683
2026-09-09T04:15:00Z,1.354683,1.354940,1.354628,1.354903
2026-09-09T04:30:00Z,1.354867,1.354922,1.354720,1.354812
2026-09-09T04:45:00Z,1.354812,1.355087,1.354775,1.355050
2026-09-09T05:00:00Z,1.355105,1.355307,1.355014,1.355289
2026-09-09T05:15:00Z,1.355197,1.355528,1.355069,1.355528
2026-09-09T05:30:00Z,1.355381,1.355381,1.355160,1.355179
2026-09-09T05:45:00Z,1.355050,1.355344,1.354903,1.355289
2026-09-09T06:00:00Z,1.355326,1.355767,1.355326,1.355767
2026-09-09T06:15:00Z,1.355877,1.356355,1.355877,1.355914
2026-09-09T06:30:00Z,1.355914,1.356208,1.355675,1.355675
2026-09-09T06:45:00Z,1.355693,1.356006,1.355693,1.355969
2026-09-09T07:00:00Z,1.356061,1.356686,1.356006,1.356686
2026-09-09T07:15:00Z,1.356613,1.356797,1.356098,1.356190
2026-09-09T07:30:00Z,1.356226,1.356337,1.355877,1.356318
2026-09-09T07:45:00Z,1.356392,1.356484,1.355767,1.355877
2026-09-09T08:00:00Z,1.355914,1.355914,1.354683,1.354977
2026-09-09T08:15:00Z,1.355087,1.355087,1.354573,1.354665
2026-09-09T08:30:00Z,1.354646,1.354830,1.354390,1.354390
2026-09-09T08:45:00Z,1.354573,1.354628,1.354298,1.354335
2026-09-09T09:00:00Z,1.354316,1.354426,1.354151,1.354206
2026-09-09T09:15:00Z,1.354390,1.354867,1.354390,1.354775
2026-09-09T09:30:00Z,1.354738,1.354738,1.354206,1.354426
2026-09-09T09:45:00Z,1.354390,1.354390,1.353327,1.353327
2026-09-09T10:00:00Z,1.353418,1.353730,1.353125,1.353235
2026-09-09T10:15:00Z,1.353308,1.353711,1.353217,1.353711
2026-09-09T10:30:00Z,1.353528,1.354243,1.353455,1.353931
2026-09-09T10:45:00Z,1.353913,1.354206,1.353510,1.353675
2026-09-09T11:00:00Z,1.353711,1.354041,1.353675,1.353950
2026-09-09T11:15:00Z,1.353968,1.356190,1.353968,1.356190
2026-09-09T11:30:00Z,1.356098,1.356392,1.355638,1.355638
2026-09-09T11:45:00Z,1.355969,1.356374,1.355859,1.356098
2026-09-09T12:00:00Z,1.356337,1.356558,1.356098,1.356282
2026-09-09T12:15:00Z,1.356098,1.356171,1.355620,1.355675
2026-09-09T12:30:00Z,1.355620,1.355657,1.355252,1.355271
2026-09-09T12:45:00Z,1.355528,1.355528,1.354867,1.355014
2026-09-09T13:00:00Z,1.355160,1.355730,1.355160,1.355712
2026-09-09T13:15:00Z,1.355565,1.355693,1.354958,1.355326
2026-09-09T13:30:00Z,1.355399,1.355896,1.355307,1.355896
2026-09-09T13:45:00Z,1.356024,1.356135,1.355657,1.355822
2026-09-09T14:00:00Z,1.355785,1.356318,1.355785,1.356318
2026-09-09T14:15:00Z,1.356300,1.356300,1.355951,1.356300
2026-09-09T14:30:00Z,1.356226,1.356318,1.355914,1.356024
2026-09-09T14:45:00Z,1.355969,1.356300,1.355969,1.356300
2026-09-09T15:00:00Z,1.356282,1.356282,1.354115,1.354115
2026-09-09T15:15:00Z,1.354133,1.354500,1.353620,1.354500
2026-09-09T15:30:00Z,1.354426,1.355197,1.354353,1.355179
2026-09-09T15:45:00Z,1.354995,1.355087,1.354665,1.354701
2026-09-09T16:00:00Z,1.354775,1.355509,1.354775,1.354922
2026-09-09T16:15:00Z,1.354812,1.354958,1.354610,1.354665
2026-09-09T16:30:00Z,1.354793,1.355105,1.354793,1.355087
2026-09-09T16:45:00Z,1.355105,1.355601,1.355105,1.355197
2026-09-09T17:00:00Z,1.355271,1.355803,1.355234,1.355767
2026-09-09T17:15:00Z,1.355675,1.356061,1.355675,1.356024
2026-09-09T17:30:00Z,1.355987,1.356043,1.355693,1.356043
2026-09-09T17:45:00Z,1.356024,1.356024,1.355748,1.355951
2026-09-09T18:00:00Z,1.356006,1.356006,1.355785,1.355785
2026-09-09T18:15:00Z,1.355840,1.355840,1.355436,1.355528
2026-09-09T18:30:00Z,1.355491,1.355491,1.355069,1.355069
2026-09-09T18:45:00Z,1.355069,1.355069,1.354555,1.354646
2026-09-09T19:00:00Z,1.354628,1.354628,1.354243,1.354316
2026-09-09T19:15:00Z,1.354316,1.354573,1.354316,1.354371
2026-09-09T19:30:00Z,1.354316,1.354555,1.354298,1.354555
2026-09-09T19:45:00Z,1.354646,1.354775,1.354500,1.354610
2026-09-09T20:00:00Z,1.354573,1.354573,1.354316,1.354426
2026-09-09T20:15:00Z,1.354408,1.354591,1.354151,1.354518
2026-09-09T20:30:00Z,1.354628,1.354720,1.354573,1.354683
2026-09-09T20:45:00Z,1.354738,1.354848,1.354665,1.354848
2026-09-09T21:00:00Z,1.355730,1.355987,1.354628,1.354885
2026-09-09T21:15:00Z,1.355050,1.355473,1.354701,1.355050
2026-09-09T21:30:00Z,1.354848,1.355142,1.354628,1.354628
2026-09-09T21:45:00Z,1.354830,1.355014,1.354610,1.354812
2026-09-09T22:00:00Z,1.354995,1.355050,1.354610,1.355014
2026-09-09T22:15:00Z,1.355050,1.355271,1.354977,1.355179
2026-09-09T22:30:00Z,1.355197,1.355216,1.355050,1.355179
2026-09-09T22:45:00Z,1.355197,1.355252,1.355124,1.355252
2026-09-09T23:00:00Z,1.355271,1.355326,1.355160,1.355326
2026-09-09T23:15:00Z,1.355307,1.355362,1.355197,1.355271
2026-09-09T23:30:00Z,1.355289,1.355326,1.355105,1.355197
2026-09-09T23:45:00Z,1.355142,1.355197,1.354940,1.354940
2026-09-10T00:00:00Z,1.354940,1.354940,1.354665,1.354903
2026-09-10T00:15:00Z,1.354867,1.354940,1.354573,1.354573
2026-09-10T00:30:00Z,1.354591,1.354830,1.354536,1.354830
2026-09-10T00:45:00Z,1.354757,1.354977,1.354646,1.354646
2026-09-10T01:00:00Z,1.354701,1.355014,1.354610,1.355014
2026-09-10T01:15:00Z,1.355014,1.355142,1.354812,1.354848
2026-09-10T01:30:00Z,1.354757,1.354940,1.354757,1.354940
2026-09-10T01:45:00Z,1.354977,1.355822,1.354977,1.355822
2026-09-10T02:00:00Z,1.355822,1.356006,1.355675,1.355730
2026-09-10T02:15:00Z,1.355730,1.355730,1.355473,1.355528
2026-09-10T02:30:00Z,1.355418,1.355693,1.355289,1.355583
2026-09-10T02:45:00Z,1.355601,1.355932,1.355528,1.355932
2026-09-10T03:00:00Z,1.356024,1.356024,1.355528,1.355583
2026-09-10T03:15:00Z,1.355583,1.355620,1.355509,1.355583
2026-09-10T03:30:00Z,1.355565,1.355675,1.355473,1.355509
2026-09-10T03:45:00Z,1.355509,1.355748,1.355473,1.355748
2026-09-10T04:00:00Z,1.355693,1.355730,1.355509,1.355675
2026-09-10T04:15:00Z,1.355712,1.355748,1.355565,1.355565
2026-09-10T04:30:00Z,1.355620,1.355693,1.355528,1.355528
2026-09-10T04:45:00Z,1.355473,1.355509,1.355307,1.355399
2026-09-10T05:00:00Z,1.355528,1.355528,1.355307,1.355399
2026-09-10T05:15:00Z,1.355473,1.355546,1.355418,1.355491
2026-09-10T05:30:00Z,1.355528,1.355675,1.355326,1.355326
2026-09-10T05:45:00Z,1.355418,1.355859,1.355381,1.355859
2026-09-10T06:00:00Z,1.355803,1.355914,1.355601,1.355601
2026-09-10T06:15:00Z,1.355620,1.355730,1.355601,1.355693
2026-09-10T06:30:00Z,1.355693,1.355822,1.355491,1.355638
2026-09-10T06:45:00Z,1.355730,1.355785,1.355583,1.355767
2026-09-10T07:00:00Z,1.355693,1.355693,1.355160,1.355362
2026-09-10T07:15:00Z,1.355399,1.355601,1.355307,1.355307
2026-09-10T07:30:00Z,1.355509,1.355675,1.355362,1.355601
2026-09-10T07:45:00Z,1.355601,1.355601,1.355307,1.355399
2026-09-10T08:00:00Z,1.355399,1.355399,1.354867,1.354867
2026-09-10T08:15:00Z,1.354885,1.355105,1.354720,1.354903
2026-09-10T08:30:00Z,1.354977,1.355197,1.354738,1.355105
2026-09-10T08:45:00Z,1.355197,1.355712,1.355032,1.355712
2026-09-10T09:00:00Z,1.355693,1.355693,1.355418,1.355693
2026-09-10T09:15:00Z,1.355657,1.355767,1.355087,1.355087
2026-09-10T09:30:00Z,1.354958,1.354958,1.354298,1.354481
2026-09-10T09:45:00Z,1.354591,1.354995,1.354463,1.354903
2026-09-10T10:00:00Z,1.354922,1.355344,1.354922,1.355050
2026-09-10T10:15:00Z,1.355032,1.355105,1.354298,1.354335
2026-09-10T10:30:00Z,1.354224,1.354224,1.353748,1.353931
2026-09-10T10:45:00Z,1.353876,1.354151,1.353766,1.353968
2026-09-10T11:00:00Z,1.353894,1.353968,1.353088,1.353217
2026-09-10T11:15:00Z,1.353436,1.353546,1.353180,1.353217
2026-09-10T11:30:00Z,1.353198,1.353620,1.353198,1.353217
2026-09-10T11:45:00Z,1.353363,1.353400,1.352777,1.352979
2026-09-10T12:00:00Z,1.353015,1.353015,1.352082,1.352155
2026-09-10T12:15:00Z,1.352046,1.352338,1.351607,1.352338
2026-09-10T12:30:00Z,1.352082,1.352082,1.349346,1.349947
2026-09-10T12:45:00Z,1.350202,1.351169,1.350165,1.350840
2026-09-10T13:00:00Z,1.351059,1.351169,1.349928,1.350129
2026-09-10T13:15:00Z,1.350147,1.350585,1.349874,1.350257
2026-09-10T13:30:00Z,1.350384,1.351644,1.350020,1.351644
2026-09-10T13:45:00Z,1.351735,1.352009,1.351552,1.351753
2026-09-10T14:00:00Z,1.351771,1.352082,1.351479,1.351644
2026-09-10T14:15:00Z,1.351607,1.352320,1.351443,1.351918
2026-09-10T14:30:00Z,1.351790,1.352484,1.351790,1.352228
2026-09-10T14:45:00Z,1.352521,1.352924,1.352375,1.352924
2026-09-10T15:00:00Z,1.352924,1.353363,1.352722,1.353162
2026-09-10T15:15:00Z,1.352832,1.353327,1.352795,1.352795
2026-09-10T15:30:00Z,1.352814,1.353290,1.352741,1.353180
2026-09-10T15:45:00Z,1.353253,1.353327,1.352777,1.353143
2026-09-10T16:00:00Z,1.353198,1.353198,1.352594,1.352777
2026-09-10T16:15:00Z,1.352704,1.353217,1.352649,1.353015
2026-09-10T16:30:00Z,1.353107,1.353107,1.352393,1.352393
2026-09-10T16:45:00Z,1.352430,1.352576,1.352283,1.352448
2026-09-10T17:00:00Z,1.352357,1.352887,1.352082,1.352887
2026-09-10T17:15:00Z,1.352814,1.353033,1.352704,1.352979
2026-09-10T17:30:00Z,1.352979,1.353015,1.352576,1.352576
2026-09-10T17:45:00Z,1.352521,1.352521,1.352082,1.352082
2026-09-10T18:00:00Z,1.352082,1.352119,1.351297,1.351297
2026-09-10T18:15:00Z,1.351224,1.351753,1.351224,1.351589
2026-09-10T18:30:00Z,1.351370,1.351443,1.351224,1.351388
2026-09-10T18:45:00Z,1.351333,1.351625,1.351114,1.351333
2026-09-10T19:00:00Z,1.351315,1.351315,1.350822,1.350822
2026-09-10T19:15:00Z,1.350931,1.351205,1.350913,1.351132
2026-09-10T19:30:00Z,1.351224,1.351224,1.350986,1.351078
2026-09-10T19:45:00Z,1.351078,1.351114,1.350931,1.351004
2026-09-10T20:00:00Z,1.350968,1.350986,1.350858,1.350913
2026-09-10T20:15:00Z,1.350804,1.350877,1.350494,1.350567
2026-09-10T20:30:00Z,1.350694,1.351059,1.350694,1.350858
2026-09-10T20:45:00Z,1.350822,1.351242,1.350822,1.351242
2026-09-10T21:00:00Z,1.351954,1.351972,1.350785,1.350804
2026-09-10T21:15:00Z,1.350913,1.351078,1.350494,1.351023
2026-09-10T21:30:00Z,1.351114,1.351570,1.350275,1.351424
2026-09-10T21:45:00Z,1.351406,1.351443,1.350749,1.351242
2026-09-10T22:00:00Z,1.351078,1.351333,1.351078,1.351151
2026-09-10T22:15:00Z,1.351114,1.351278,1.351114,1.351132
2026-09-10T22:30:00Z,1.351187,1.351260,1.351096,1.351187
2026-09-10T22:45:00Z,1.351132,1.351315,1.351041,1.351260
2026-09-10T23:00:00Z,1.351169,1.351315,1.351004,1.351023
2026-09-10T23:15:00Z,1.351059,1.351151,1.350913,1.350913
2026-09-10T23:30:00Z,1.350950,1.351059,1.350950,1.351023
2026-09-10T23:45:00Z,1.351078,1.351078,1.350950,1.351041
2026-09-11T00:00:00Z,1.351096,1.351534,1.351096,1.351297
2026-09-11T00:15:00Z,1.351297,1.351479,1.351224,1.351388
2026-09-11T00:30:00Z,1.351370,1.351534,1.351370,1.351479
2026-09-11T00:45:00Z,1.351552,1.351589,1.351370,1.351589
2026-09-11T01:00:00Z,1.351589,1.351644,1.351461,1.351534
2026-09-11T01:15:00Z,1.351570,1.351607,1.351315,1.351370
2026-09-11T01:30:00Z,1.351278,1.351443,1.351224,1.351260
2026-09-11T01:45:00Z,1.351260,1.351260,1.350785,1.350877
2026-09-11T02:00:00Z,1.350895,1.350895,1.350530,1.350749
2026-09-11T02:15:00Z,1.350694,1.350749,1.350311,1.350311
2026-09-11T02:30:00Z,1.350257,1.350457,1.350111,1.350366
2026-09-11T02:45:00Z,1.350384,1.350567,1.350384,1.350475
2026-09-11T03:00:00Z,1.350475,1.350494,1.350147,1.350293
2026-09-11T03:15:00Z,1.350366,1.350366,1.349801,1.349856
2026-09-11T03:30:00Z,1.349874,1.349910,1.349582,1.349910
2026-09-11T03:45:00Z,1.349819,1.350111,1.349710,1.350020
2026-09-11T04:00:00Z,1.349965,1.350658,1.349947,1.350548
2026-09-11T04:15:00Z,1.350548,1.350694,1.350494,1.350603
2026-09-11T04:30:00Z,1.350603,1.350658,1.350384,1.350475
2026-09-11T04:45:00Z,1.350475,1.350585,1.350348,1.350366
2026-09-11T05:00:00Z,1.350275,1.350676,1.350257,1.350640
2026-09-11T05:15:00Z,1.350822,1.350968,1.350713,1.350785
2026-09-11T05:30:00Z,1.350913,1.351461,1.350913,1.351461
2026-09-11T05:45:00Z,1.351278,1.351424,1.351132,1.351132
2026-09-11T06:00:00Z,1.351644,1.352174,1.351461,1.352174
2026-09-11T06:15:00Z,1.352649,1.352649,1.352210,1.352466
2026-09-11T06:30:00Z,1.352430,1.352576,1.351972,1.352357
2026-09-11T06:45:00Z,1.352320,1.352631,1.352320,1.352503
2026-09-11T07:00:00Z,1.352612,1.352612,1.351881,1.352137
2026-09-11T07:15:00Z,1.352100,1.352411,1.351863,1.352192
2026-09-11T07:30:00Z,1.351972,1.352119,1.351808,1.351808
2026-09-11T07:45:00Z,1.351698,1.351790,1.351461,1.351625
2026-09-11T08:00:00Z,1.351644,1.351644,1.351132,1.351552
2026-09-11T08:15:00Z,1.351388,1.351735,1.350986,1.351023
2026-09-11T08:30:00Z,1.351059,1.351151,1.350840,1.351078
2026-09-11T08:45:00Z,1.351041,1.351132,1.350567,1.350640
2026-09-11T09:00:00Z,1.350676,1.350950,1.349947,1.350330
2026-09-11T09:15:00Z,1.350348,1.351260,1.350348,1.350950
2026-09-11T09:30:00Z,1.350913,1.350913,1.350640,1.350840
2026-09-11T09:45:00Z,1.350749,1.350968,1.350384,1.350840
2026-09-11T10:00:00Z,1.350986,1.351260,1.350713,1.350986
2026-09-11T10:15:00Z,1.350840,1.350840,1.350530,1.350548
2026-09-11T10:30:00Z,1.350621,1.350621,1.350257,1.350293
2026-09-11T10:45:00Z,1.350275,1.350621,1.350275,1.350530
2026-09-11T11:00:00Z,1.350676,1.351096,1.350530,1.350950
2026-09-11T11:15:00Z,1.350840,1.351041,1.350694,1.350694
2026-09-11T11:30:00Z,1.350767,1.350822,1.350494,1.350640
2026-09-11T11:45:00Z,1.350621,1.350713,1.350293,1.350293
2026-09-11T12:00:00Z,1.350585,1.351224,1.350585,1.351224
2026-09-11T12:15:00Z,1.351169,1.351625,1.351096,1.351625
2026-09-11T12:30:00Z,1.349601,1.351023,1.348381,1.350640
2026-09-11T12:45:00Z,1.351187,1.352228,1.351187,1.352228
2026-09-11T13:00:00Z,1.352539,1.352850,1.351771,1.352265
2026-09-11T13:15:00Z,1.352174,1.352320,1.351570,1.352320
2026-09-11T13:30:00Z,1.352210,1.352320,1.351753,1.351753
2026-09-11T13:45:00Z,1.352119,1.353381,1.352119,1.353381
2026-09-11T14:00:00Z,1.352814,1.353345,1.352539,1.352832
2026-09-11T14:15:00Z,1.352795,1.353033,1.352558,1.352558
2026-09-11T14:30:00Z,1.352302,1.352722,1.352247,1.352558
2026-09-11T14:45:00Z,1.352612,1.353052,1.352558,1.352997
2026-09-11T15:00:00Z,1.352942,1.353162,1.352503,1.352612
2026-09-11T15:15:00Z,1.352612,1.352814,1.352375,1.352448
2026-09-11T15:30:00Z,1.352283,1.352302,1.351954,1.352174
2026-09-11T15:45:00Z,1.351972,1.352137,1.351881,1.352082
2026-09-11T16:00:00Z,1.352228,1.352375,1.352174,1.352210
2026-09-11T16:15:00Z,1.352228,1.352612,1.352174,1.352357
2026-09-11T16:30:00Z,1.352357,1.352466,1.352100,1.352192
2026-09-11T16:45:00Z,1.352210,1.352484,1.352100,1.352393
2026-09-11T17:00:00Z,1.352302,1.352302,1.351790,1.351972
2026-09-11T17:15:00Z,1.352027,1.352484,1.352027,1.352228
2026-09-11T17:30:00Z,1.352393,1.352539,1.352338,1.352484
2026-09-11T17:45:00Z,1.352466,1.352686,1.352375,1.352375
2026-09-11T18:00:00Z,1.352357,1.352814,1.352357,1.352612
2026-09-11T18:15:00Z,1.352612,1.352704,1.352320,1.352612
2026-09-11T18:30:00Z,1.352521,1.352521,1.351972,1.352192
2026-09-11T18:45:00Z,1.352046,1.352503,1.352009,1.352503
2026-09-11T19:00:00Z,1.352393,1.352704,1.352393,1.352704
2026-09-11T19:15:00Z,1.352814,1.352832,1.352649,1.352667
2026-09-11T19:30:00Z,1.352686,1.352686,1.352466,1.352612
2026-09-11T19:45:00Z,1.352576,1.352795,1.352503,1.352704
2026-09-11T20:00:00Z,1.352795,1.352905,1.352667,1.352667
2026-09-11T20:15:00Z,1.352667,1.352722,1.352594,1.352722
2026-09-11T20:30:00Z,1.352649,1.352686,1.352357,1.352539
2026-09-11T20:45:00Z,1.352558,1.352869,1.352393,1.352869
2026-09-11T21:00:00Z,1.352887,1.352887,1.352887,1.352887
2026-09-11T21:15:00Z,1.352887,1.352887,1.352887,1.352887
2026-09-13T23:00:00Z,1.352320,1.352503,1.352302,1.352320
2026-09-13T23:15:00Z,1.352320,1.352320,1.352100,1.352210
2026-09-13T23:30:00Z,1.352247,1.352283,1.352064,1.352228
2026-09-13T23:45:00Z,1.352338,1.352649,1.352210,1.352594
2026-09-14T00:00:00Z,1.352430,1.352795,1.352430,1.352558
2026-09-14T00:15:00Z,1.352539,1.352539,1.351826,1.351826
2026-09-14T00:30:00Z,1.351771,1.351972,1.351625,1.351735
2026-09-14T00:45:00Z,1.351771,1.351972,1.351662,1.351881
2026-09-14T01:00:00Z,1.351863,1.351918,1.351370,1.351370
2026-09-14T01:15:00Z,1.351388,1.351680,1.351370,1.351680
2026-09-14T01:30:00Z,1.351644,1.351881,1.351351,1.351881
2026-09-14T01:45:00Z,1.351881,1.351918,1.351644,1.351753
2026-09-14T02:00:00Z,1.351717,1.351972,1.351662,1.351899
2026-09-14T02:15:00Z,1.351863,1.351899,1.351680,1.351680
2026-09-14T02:30:00Z,1.351753,1.351753,1.351278,1.351406
2026-09-14T02:45:00Z,1.351351,1.351497,1.351297,1.351297
2026-09-14T03:00:00Z,1.351169,1.351169,1.350822,1.350822
2026-09-14T03:15:00Z,1.350822,1.350895,1.350676,1.350895
2026-09-14T03:30:00Z,1.350676,1.350676,1.350384,1.350439
2026-09-14T03:45:00Z,1.350475,1.350603,1.350402,1.350603
2026-09-14T04:00:00Z,1.350585,1.350713,1.350494,1.350676
2026-09-14T04:15:00Z,1.350658,1.350658,1.350384,1.350384
2026-09-14T04:30:00Z,1.350348,1.350603,1.350257,1.350257
2026-09-14T04:45:00Z,1.350275,1.350475,1.350257,1.350421
2026-09-14T05:00:00Z,1.350402,1.350421,1.350147,1.350220
2026-09-14T05:15:00Z,1.350257,1.350530,1.350238,1.350402
2026-09-14T05:30:00Z,1.350439,1.350640,1.350421,1.350530
2026-09-14T05:45:00Z,1.350512,1.350621,1.350366,1.350621
2026-09-14T06:00:00Z,1.350548,1.350548,1.349528,1.349582
2026-09-14T06:15:00Z,1.349546,1.349546,1.348763,1.349309
2026-09-14T06:30:00Z,1.349273,1.350093,1.349273,1.350093
2026-09-14T06:45:00Z,1.350056,1.350056,1.348981,1.349145
2026-09-14T07:00:00Z,1.349036,1.349710,1.348891,1.349710
2026-09-14T07:15:00Z,1.349673,1.349910,1.349327,1.349327
2026-09-14T07:30:00Z,1.349145,1.349564,1.349073,1.349200
2026-09-14T07:45:00Z,1.349182,1.349346,1.348909,1.349236
2026-09-14T08:00:00Z,1.349127,1.349127,1.348381,1.348399
2026-09-14T08:15:00Z,1.348272,1.348399,1.348163,1.348181
2026-09-14T08:30:00Z,1.348018,1.348309,1.348018,1.348163
2026-09-14T08:45:00Z,1.348072,1.348454,1.348072,1.348418
2026-09-14T09:00:00Z,1.348527,1.348690,1.347763,1.347763
2026-09-14T09:15:00Z,1.347673,1.348418,1.347473,1.348418
2026-09-14T09:30:00Z,1.348399,1.348818,1.348000,1.348781
2026-09-14T09:45:00Z,1.348836,1.349127,1.348527,1.348818
2026-09-14T10:00:00Z,1.348545,1.348545,1.348181,1.348345
2026-09-14T10:15:00Z,1.348309,1.348418,1.347909,1.348399
2026-09-14T10:30:00Z,1.348418,1.348763,1.348381,1.348381
2026-09-14T10:45:00Z,1.348509,1.348872,1.348363,1.348618
2026-09-14T11:00:00Z,1.348672,1.349291,1.348672,1.348981
2026-09-14T11:15:00Z,1.349054,1.349254,1.348945,1.349254
2026-09-14T11:30:00Z,1.349109,1.349655,1.349109,1.349364
2026-09-14T11:45:00Z,1.349309,1.349309,1.348745,1.349091
2026-09-14T12:00:00Z,1.349200,1.349546,1.349000,1.349291
2026-09-14T12:15:00Z,1.349182,1.349327,1.348709,1.348818
2026-09-14T12:30:00Z,1.348818,1.348836,1.347709,1.348127
2026-09-14T12:45:00Z,1.348036,1.348036,1.346838,1.346856
2026-09-14T13:00:00Z,1.346910,1.347346,1.346529,1.347346
2026-09-14T13:15:00Z,1.347237,1.347709,1.347237,1.347654
2026-09-14T13:30:00Z,1.347491,1.347763,1.347291,1.347527
2026-09-14T13:45:00Z,1.347382,1.347491,1.346801,1.346838
2026-09-14T14:00:00Z,1.346965,1.347800,1.346584,1.347800
2026-09-14T14:15:00Z,1.348109,1.348181,1.347001,1.347291
2026-09-14T14:30:00Z,1.347418,1.347654,1.347291,1.347618
2026-09-14T14:45:00Z,1.347745,1.347872,1.347273,1.347455
2026-09-14T15:00:00Z,1.347654,1.348672,1.347418,1.348236
2026-09-14T15:15:00Z,1.348309,1.348399,1.348109,1.348127
2026-09-14T15:30:00Z,1.348254,1.348927,1.348054,1.348927
2026-09-14T15:45:00Z,1.348927,1.349364,1.348800,1.349291
2026-09-14T16:00:00Z,1.349382,1.349437,1.349145,1.349182
2026-09-14T16:15:00Z,1.349437,1.349655,1.349327,1.349455
2026-09-14T16:30:00Z,1.349509,1.350311,1.349382,1.350311
2026-09-14T16:45:00Z,1.350238,1.350913,1.350238,1.350603
2026-09-14T17:00:00Z,1.350713,1.350895,1.350494,1.350694
2026-09-14T17:15:00Z,1.350694,1.350858,1.350585,1.350767
2026-09-14T17:30:00Z,1.350858,1.350858,1.350567,1.350621
2026-09-14T17:45:00Z,1.350548,1.350986,1.350548,1.350840
2026-09-14T18:00:00Z,1.350804,1.351114,1.350694,1.351114
2026-09-14T18:15:00Z,1.351169,1.351205,1.350968,1.350968
2026-09-14T18:30:00Z,1.351041,1.351406,1.351041,1.351169
2026-09-14T18:45:00Z,1.351169,1.351187,1.351059,1.351114
2026-09-14T19:00:00Z,1.351187,1.351224,1.350968,1.350968
2026-09-14T19:15:00Z,1.351004,1.351023,1.350676,1.350713
2026-09-14T19:30:00Z,1.350640,1.350658,1.350402,1.350402
2026-09-14T19:45:00Z,1.350402,1.350402,1.350056,1.350056
2026-09-14T20:00:00Z,1.349910,1.349910,1.349673,1.349856
2026-09-14T20:15:00Z,1.349819,1.349928,1.349819,1.349837
2026-09-14T20:30:00Z,1.349874,1.350020,1.349746,1.350020
2026-09-14T20:45:00Z,1.350020,1.350220,1.349965,1.350111
2026-09-14T21:00:00Z,1.350457,1.351041,1.350129,1.350439
2026-09-14T21:15:00Z,1.350165,1.350567,1.349819,1.349819
2026-09-14T21:30:00Z,1.350202,1.350275,1.349728,1.350220
2026-09-14T21:45:00Z,1.349856,1.350548,1.349856,1.349928
2026-09-14T22:00:00Z,1.350056,1.350257,1.349837,1.349965
2026-09-14T22:15:00Z,1.350202,1.350220,1.350020,1.350093
2026-09-14T22:30:00Z,1.350293,1.350330,1.350220,1.350293
2026-09-14T22:45:00Z,1.350330,1.350530,1.350275,1.350530
2026-09-14T23:00:00Z,1.350402,1.350494,1.350402,1.350439
2026-09-14T23:15:00Z,1.350421,1.350421,1.350165,1.350257
2026-09-14T23:30:00Z,1.350220,1.350220,1.350020,1.350093
2026-09-14T23:45:00Z,1.350220,1.350220,1.349910,1.350165
2026-09-15T00:00:00Z,1.350038,1.350056,1.349983,1.350020
2026-09-15T00:15:00Z,1.349965,1.350038,1.349692,1.349692
2026-09-15T00:30:00Z,1.349783,1.349783,1.349637,1.349692
2026-09-15T00:45:00Z,1.349819,1.349819,1.349546,1.349619
2026-09-15T01:00:00Z,1.349455,1.349655,1.349382,1.349455
2026-09-15T01:15:00Z,1.349455,1.349546,1.348872,1.348909
2026-09-15T01:30:00Z,1.348909,1.348963,1.348654,1.348654
2026-09-15T01:45:00Z,1.348709,1.348891,1.348636,1.348672
2026-09-15T02:00:00Z,1.348781,1.348909,1.348581,1.348581
2026-09-15T02:15:00Z,1.348600,1.348727,1.348563,1.348618
2026-09-15T02:30:00Z,1.348581,1.348600,1.348418,1.348509
2026-09-15T02:45:00Z,1.348527,1.348981,1.348527,1.348927
2026-09-15T03:00:00Z,1.349000,1.349036,1.348818,1.348818
2026-09-15T03:15:00Z,1.348836,1.348891,1.348654,1.348800
2026-09-15T03:30:00Z,1.348800,1.348891,1.348618,1.348618
2026-09-15T03:45:00Z,1.348690,1.348800,1.348636,1.348636
2026-09-15T04:00:00Z,1.348618,1.348654,1.348436,1.348545
2026-09-15T04:15:00Z,1.348563,1.348563,1.348363,1.348418
2026-09-15T04:30:00Z,1.348418,1.348727,1.348399,1.348654
2026-09-15T04:45:00Z,1.348581,1.348636,1.348436,1.348436
2026-09-15T05:00:00Z,1.348527,1.348654,1.348309,1.348527
2026-09-15T05:15:00Z,1.348327,1.348490,1.348290,1.348490
2026-09-15T05:30:00Z,1.348399,1.348563,1.348199,1.348545
2026-09-15T05:45:00Z,1.348600,1.348618,1.348218,1.348254
2026-09-15T06:00:00Z,1.348127,1.348145,1.347600,1.348145
2026-09-15T06:15:00Z,1.347927,1.347981,1.347273,1.347273
2026-09-15T06:30:00Z,1.347146,1.347182,1.346747,1.346747
2026-09-15T06:45:00Z,1.346692,1.346983,1.346493,1.346983
2026-09-15T07:00:00Z,1.347074,1.347745,1.346692,1.347455
2026-09-15T07:15:00Z,1.347346,1.347600,1.347291,1.347600
2026-09-15T07:30:00Z,1.347455,1.347673,1.347055,1.347582
2026-09-15T07:45:00Z,1.347691,1.347981,1.347346,1.347981
2026-09-15T08:00:00Z,1.348000,1.348000,1.347001,1.347346
2026-09-15T08:15:00Z,1.347382,1.347945,1.347273,1.347800
2026-09-15T08:30:00Z,1.347745,1.347945,1.347455,1.347546
2026-09-15T08:45:00Z,1.347618,1.347727,1.347455,1.347455
2026-09-15T09:00:00Z,1.347564,1.347564,1.347255,1.347491
2026-09-15T09:15:00Z,1.347382,1.347491,1.346874,1.347491
2026-09-15T09:30:00Z,1.347382,1.347582,1.347219,1.347400
2026-09-15T09:45:00Z,1.347673,1.348163,1.347673,1.347945
2026-09-15T10:00:00Z,1.347963,1.347963,1.347727,1.347727
2026-09-15T10:15:00Z,1.347654,1.347890,1.347564,1.347654
2026-09-15T10:30:00Z,1.347818,1.347909,1.347673,1.347673
2026-09-15T10:45:00Z,1.347763,1.347818,1.347509,1.347564
2026-09-15T11:00:00Z,1.347527,1.348072,1.347527,1.348054
2026-09-15T11:15:00Z,1.348254,1.348872,1.348254,1.348872
2026-09-15T11:30:00Z,1.348854,1.348963,1.348600,1.348600
2026-09-15T11:45:00Z,1.348709,1.348709,1.348254,1.348490
2026-09-15T12:00:00Z,1.348363,1.348654,1.348236,1.348618
2026-09-15T12:15:00Z,1.348545,1.348545,1.348127,1.348236
2026-09-15T12:30:00Z,1.348254,1.348636,1.348254,1.348454
2026-09-15T12:45:00Z,1.348436,1.348854,1.348272,1.348327
2026-09-15T13:00:00Z,1.348345,1.348709,1.348345,1.348490
2026-09-15T13:15:00Z,1.348399,1.348563,1.348145,1.348399
2026-09-15T13:30:00Z,1.348236,1.348854,1.348036,1.348854
2026-09-15T13:45:00Z,1.348854,1.349655,1.348854,1.349382
2026-09-15T14:00:00Z,1.349273,1.349437,1.348945,1.349164
2026-09-15T14:15:00Z,1.349164,1.349364,1.348781,1.349182
2026-09-15T14:30:00Z,1.349291,1.349546,1.348963,1.349182
2026-09-15T14:45:00Z,1.349218,1.349400,1.348836,1.348836
2026-09-15T15:00:00Z,1.348872,1.349073,1.348454,1.348454
2026-09-15T15:15:00Z,1.348363,1.348690,1.348345,1.348581
2026-09-15T15:30:00Z,1.348472,1.348472,1.347491,1.347582
2026-09-15T15:45:00Z,1.347564,1.348000,1.347473,1.347890
2026-09-15T16:00:00Z,1.347782,1.347909,1.347473,1.347509
2026-09-15T16:15:00Z,1.347509,1.347527,1.347074,1.347309
2026-09-15T16:30:00Z,1.347309,1.347745,1.347309,1.347745
2026-09-15T16:45:00Z,1.347709,1.348163,1.347709,1.348163
2026-09-15T17:00:00Z,1.348272,1.348272,1.347763,1.347890
2026-09-15T17:15:00Z,1.347691,1.347727,1.347509,1.347654
2026-09-15T17:30:00Z,1.347691,1.347945,1.347691,1.347890
2026-09-15T17:45:00Z,1.347890,1.347890,1.347473,1.347509
2026-09-15T18:00:00Z,1.347546,1.347709,1.347309,1.347691
2026-09-15T18:15:00Z,1.347709,1.348181,1.347691,1.348181
2026-09-15T18:30:00Z,1.348000,1.348000,1.347618,1.347782
2026-09-15T18:45:00Z,1.347763,1.348127,1.347709,1.348090
2026-09-15T19:00:00Z,1.348090,1.348090,1.347727,1.347800
2026-09-15T19:15:00Z,1.347818,1.347890,1.347673,1.347691
2026-09-15T19:30:00Z,1.347745,1.347909,1.347654,1.347782
2026-09-15T19:45:00Z,1.347654,1.347727,1.347418,1.347418
2026-09-15T20:00:00Z,1.347418,1.347509,1.347255,1.347328
2026-09-15T20:15:00Z,1.347255,1.347309,1.347182,1.347291
2026-09-15T20:30:00Z,1.347328,1.347418,1.347291,1.347328
2026-09-15T20:45:00Z,1.347309,1.347818,1.347309,1.347818
2026-09-15T21:00:00Z,1.348381,1.348381,1.346529,1.347037
2026-09-15T21:15:00Z,1.348199,1.348199,1.347001,1.347019
2026-09-15T21:30:00Z,1.347291,1.347600,1.347219,1.347491
2026-09-15T21:45:00Z,1.347255,1.347473,1.347110,1.347382
2026-09-15T22:00:00Z,1.347890,1.348000,1.347436,1.347673
2026-09-15T22:15:00Z,1.347654,1.347836,1.347654,1.347782
2026-09-15T22:30:00Z,1.347836,1.347927,1.347745,1.347763
2026-09-15T22:45:00Z,1.347745,1.347745,1.347618,1.347654
2026-09-15T23:00:00Z,1.347600,1.347600,1.347273,1.347273
2026-09-15T23:15:00Z,1.347509,1.347564,1.347237,1.347309
2026-09-15T23:30:00Z,1.347309,1.347328,1.347001,1.347146
2026-09-15T23:45:00Z,1.347219,1.347364,1.347110,1.347110
2026-09-16T00:00:00Z,1.347110,1.347128,1.346747,1.346892
2026-09-16T00:15:00Z,1.347001,1.347364,1.347001,1.347128
2026-09-16T00:30:00Z,1.347164,1.347201,1.346820,1.346838
2026-09-16T00:45:00Z,1.346801,1.347019,1.346747,1.347019
2026-09-16T01:00:00Z,1.346928,1.347110,1.346729,1.346965
2026-09-16T01:15:00Z,1.346965,1.347074,1.346910,1.346910
2026-09-16T01:30:00Z,1.346910,1.346965,1.346692,1.346965
2026-09-16T01:45:00Z,1.347019,1.347019,1.346584,1.346584
2026-09-16T02:00:00Z,1.346729,1.347237,1.346692,1.347237
2026-09-16T02:15:00Z,1.347328,1.347527,1.347291,1.347418
2026-09-16T02:30:00Z,1.347600,1.347909,1.347600,1.347691
2026-09-16T02:45:00Z,1.347636,1.347981,1.347636,1.347963
2026-09-16T03:00:00Z,1.348072,1.348199,1.347945,1.348000
2026-09-16T03:15:00Z,1.348090,1.348254,1.348000,1.348036
2026-09-16T03:30:00Z,1.348054,1.348072,1.347818,1.347890
2026-09-16T03:45:00Z,1.347890,1.348072,1.347836,1.348036
2026-09-16T04:00:00Z,1.348072,1.348181,1.348054,1.348181
2026-09-16T04:15:00Z,1.348218,1.348345,1.348054,1.348309
2026-09-16T04:30:00Z,1.348399,1.348618,1.348363,1.348418
2026-09-16T04:45:00Z,1.348399,1.348490,1.348363,1.348490
2026-09-16T05:00:00Z,1.348509,1.348672,1.348399,1.348672
2026-09-16T05:15:00Z,1.348527,1.348909,1.348527,1.348800
2026-09-16T05:30:00Z,1.348781,1.348909,1.348690,1.348781
2026-09-16T05:45:00Z,1.348818,1.349528,1.348800,1.349236
2026-09-16T06:00:00Z,1.349109,1.349109,1.347927,1.348636
2026-09-16T06:15:00Z,1.348418,1.348636,1.347963,1.347981
2026-09-16T06:30:00Z,1.348000,1.348000,1.347763,1.347909
2026-09-16T06:45:00Z,1.347800,1.348090,1.347673,1.348090
2026-09-16T07:00:00Z,1.347981,1.348254,1.347854,1.348254
2026-09-16T07:15:00Z,1.348109,1.348163,1.347745,1.348054
2026-09-16T07:30:00Z,1.348454,1.348454,1.347836,1.347836
2026-09-16T07:45:00Z,1.347782,1.347890,1.347182,1.347219
2026-09-16T08:00:00Z,1.347146,1.347146,1.346747,1.346838
2026-09-16T08:15:00Z,1.346783,1.347400,1.346783,1.347255
2026-09-16T08:30:00Z,1.347037,1.347201,1.347037,1.347037
2026-09-16T08:45:00Z,1.347037,1.347182,1.347019,1.347164
2026-09-16T09:00:00Z,1.347055,1.347182,1.346838,1.347182
2026-09-16T09:15:00Z,1.347201,1.347201,1.346820,1.347019
2026-09-16T09:30:00Z,1.347074,1.347382,1.346965,1.347164
2026-09-16T09:45:00Z,1.347182,1.347182,1.346801,1.346801
2026-09-16T10:00:00Z,1.346874,1.346946,1.346656,1.346783
2026-09-16T10:15:00Z,1.346765,1.347074,1.346729,1.346820
2026-09-16T10:30:00Z,1.346747,1.347146,1.346729,1.347146
2026-09-16T10:45:00Z,1.347092,1.347092,1.346729,1.347019
2026-09-16T11:00:00Z,1.347219,1.347219,1.346094,1.346257
2026-09-16T11:15:00Z,1.346366,1.346620,1.346112,1.346566
2026-09-16T11:30:00Z,1.346348,1.346547,1.345931,1.346112
2026-09-16T11:45:00Z,1.346040,1.346094,1.345569,1.345641
2026-09-16T12:00:00Z,1.345641,1.345750,1.345424,1.345515
2026-09-16T12:15:00Z,1.345497,1.345497,1.344863,1.344863
2026-09-16T12:30:00Z,1.345497,1.345605,1.345225,1.345515
2026-09-16T12:45:00Z,1.345587,1.346040,1.345406,1.345696
2026-09-16T13:00:00Z,1.345804,1.346112,1.345515,1.346112
2026-09-16T13:15:00Z,1.345986,1.346004,1.345569,1.345678
2026-09-16T13:30:00Z,1.345605,1.346076,1.345605,1.345678
2026-09-16T13:45:00Z,1.345714,1.345714,1.345026,1.345026
2026-09-16T14:00:00Z,1.345044,1.345587,1.344682,1.345587
2026-09-16T14:15:00Z,1.345424,1.345479,1.345135,1.345460
2026-09-16T14:30:00Z,1.345533,1.346239,1.345533,1.346167
2026-09-16T14:45:00Z,1.346149,1.346185,1.345297,1.345442
2026-09-16T15:00:00Z,1.345424,1.345841,1.345116,1.345623
2026-09-16T15:15:00Z,1.345497,1.345533,1.344881,1.344881
2026-09-16T15:30:00Z,1.344755,1.345044,1.344646,1.344682
2026-09-16T15:45:00Z,1.344646,1.345008,1.344556,1.344574
2026-09-16T16:00:00Z,1.344447,1.344538,1.344339,1.344447
2026-09-16T16:15:00Z,1.344610,1.345098,1.344610,1.344899
2026-09-16T16:30:00Z,1.344863,1.345008,1.344791,1.344845
2026-09-16T16:45:00Z,1.344827,1.344881,1.344628,1.344628
2026-09-16T17:00:00Z,1.344556,1.344556,1.344032,1.344032
2026-09-16T17:15:00Z,1.344032,1.344267,1.344032,1.344213
2026-09-16T17:30:00Z,1.344231,1.344466,1.344231,1.344375
2026-09-16T17:45:00Z,1.344393,1.345080,1.344321,1.345080
2026-09-16T18:00:00Z,1.343996,1.343996,1.341184,1.341184
2026-09-16T18:15:00Z,1.341004,1.341778,1.340842,1.341130
2026-09-16T18:30:00Z,1.340788,1.340788,1.338724,1.340069
2026-09-16T18:45:00Z,1.340303,1.340303,1.338222,1.338222
2026-09-16T19:00:00Z,1.338652,1.339154,1.338115,1.338366
2026-09-16T19:15:00Z,1.338294,1.338294,1.337453,1.337846
2026-09-16T19:30:00Z,1.338115,1.338993,1.338043,1.338616
2026-09-16T19:45:00Z,1.338760,1.338760,1.338348,1.338706
2026-09-16T20:00:00Z,1.338706,1.338903,1.338097,1.338151
2026-09-16T20:15:00Z,1.338097,1.338312,1.337560,1.337721
2026-09-16T20:30:00Z,1.337703,1.338294,1.337703,1.338061
2026-09-16T20:45:00Z,1.338115,1.338294,1.338043,1.338043
2026-09-16T21:00:00Z,1.338097,1.338455,1.337811,1.338025
2026-09-16T21:15:00Z,1.338258,1.338258,1.337829,1.338115
2026-09-16T21:30:00Z,1.338043,1.338366,1.337990,1.338151
2026-09-16T21:45:00Z,1.338115,1.338473,1.337829,1.337918
2026-09-16T22:00:00Z,1.337846,1.337900,1.337524,1.337757
2026-09-16T22:15:00Z,1.337775,1.338169,1.337775,1.338043
2026-09-16T22:30:00Z,1.338025,1.338115,1.337990,1.338043
2026-09-16T22:45:00Z,1.338204,1.338491,1.338007,1.338097
2026-09-16T23:00:00Z,1.337918,1.338312,1.337918,1.338222
2026-09-16T23:15:00Z,1.338276,1.338401,1.338276,1.338276
2026-09-16T23:30:00Z,1.338294,1.338616,1.338294,1.338437
2026-09-16T23:45:00Z,1.338419,1.338581,1.338222,1.338222
2026-09-17T00:00:00Z,1.338330,1.338742,1.338330,1.338473
2026-09-17T00:15:00Z,1.338366,1.338366,1.338097,1.338151
2026-09-17T00:30:00Z,1.338133,1.338258,1.337882,1.337990
2026-09-17T00:45:00Z,1.337990,1.337990,1.337256,1.337274
2026-09-17T01:00:00Z,1.337256,1.337649,1.337149,1.337471
2026-09-17T01:15:00Z,1.337685,1.337900,1.337614,1.337632
2026-09-17T01:30:00Z,1.337667,1.337864,1.337113,1.337113
2026-09-17T01:45:00Z,1.337149,1.337310,1.337077,1.337131
2026-09-17T02:00:00Z,1.337399,1.337703,1.337345,1.337703
2026-09-17T02:15:00Z,1.337667,1.337667,1.337381,1.337381
2026-09-17T02:30:00Z,1.337435,1.337524,1.337256,1.337453
2026-09-17T02:45:00Z,1.337345,1.337345,1.336988,1.337131
2026-09-17T03:00:00Z,1.337167,1.337489,1.337041,1.337489
2026-09-17T03:15:00Z,1.337310,1.337453,1.337131,1.337131
2026-09-17T03:30:00Z,1.337167,1.337471,1.337167,1.337345
2026-09-17T03:45:00Z,1.337256,1.337506,1.337149,1.337399
2026-09-17T04:00:00Z,1.337363,1.337685,1.337363,1.337471
2026-09-17T04:15:00Z,1.337363,1.337846,1.337363,1.337739
2026-09-17T04:30:00Z,1.337721,1.338151,1.337721,1.337829
2026-09-17T04:45:00Z,1.337936,1.338169,1.337936,1.338169
2026-09-17T05:00:00Z,1.338169,1.338366,1.337954,1.338079
2026-09-17T05:15:00Z,1.337954,1.338169,1.337882,1.338169
2026-09-17T05:30:00Z,1.338240,1.338312,1.338151,1.338258
2026-09-17T05:45:00Z,1.338276,1.338348,1.338187,1.338187
2026-09-17T06:00:00Z,1.338151,1.338473,1.338133,1.338473
2026-09-17T06:15:00Z,1.338634,1.339334,1.338455,1.339298
2026-09-17T06:30:00Z,1.339351,1.339441,1.339065,1.339441
2026-09-17T06:45:00Z,1.339351,1.340195,1.339351,1.339908
2026-09-17T07:00:00Z,1.339818,1.339818,1.339100,1.339154
2026-09-17T07:15:00Z,1.339244,1.339603,1.339118,1.339405
2026-09-17T07:30:00Z,1.339405,1.339405,1.339029,1.339190
2026-09-17T07:45:00Z,1.338867,1.339082,1.338688,1.338921
2026-09-17T08:00:00Z,1.338885,1.338885,1.338025,1.338061
2026-09-17T08:15:00Z,1.338097,1.338240,1.338007,1.338222
2026-09-17T08:30:00Z,1.338330,1.338688,1.338294,1.338634
2026-09-17T08:45:00Z,1.338724,1.339585,1.338634,1.339495
2026-09-17T09:00:00Z,1.339603,1.339926,1.339423,1.339818
2026-09-17T09:15:00Z,1.339926,1.339926,1.339369,1.339567
2026-09-17T09:30:00Z,1.339459,1.339800,1.339459,1.339495
2026-09-17T09:45:00Z,1.339387,1.339674,1.339351,1.339423
2026-09-17T10:00:00Z,1.339495,1.340285,1.339495,1.340285
2026-09-17T10:15:00Z,1.340105,1.340465,1.340105,1.340447
2026-09-17T10:30:00Z,1.340429,1.340501,1.340087,1.340213
2026-09-17T10:45:00Z,1.340195,1.340608,1.340195,1.340518
2026-09-17T11:00:00Z,1.339172,1.339172,1.336202,1.336505
2026-09-17T11:15:00Z,1.336416,1.336612,1.335078,1.336612
2026-09-17T11:30:00Z,1.336523,1.337220,1.336380,1.337095
2026-09-17T11:45:00Z,1.337113,1.337113,1.336523,1.337023
2026-09-17T12:00:00Z,1.337059,1.338491,1.337059,1.338491
2026-09-17T12:15:00Z,1.338312,1.339549,1.338204,1.339477
2026-09-17T12:30:00Z,1.339369,1.339369,1.338276,1.338401
2026-09-17T12:45:00Z,1.338401,1.338706,1.338115,1.338706
2026-09-17T13:00:00Z,1.338832,1.338832,1.337363,1.337417
2026-09-17T13:15:00Z,1.337614,1.337793,1.337489,1.337721
2026-09-17T13:30:00Z,1.337685,1.338025,1.337292,1.337417
2026-09-17T13:45:00Z,1.337202,1.337721,1.337202,1.337417
2026-09-17T14:00:00Z,1.337417,1.338043,1.337220,1.337757
2026-09-17T14:15:00Z,1.337757,1.337757,1.336398,1.336398
2026-09-17T14:30:00Z,1.336595,1.336595,1.335452,1.335470
2026-09-17T14:45:00Z,1.335506,1.335880,1.335256,1.335345
2026-09-17T15:00:00Z,1.335470,1.335791,1.335167,1.335524
2026-09-17T15:15:00Z,1.335613,1.336005,1.335096,1.335149
2026-09-17T15:30:00Z,1.335078,1.335078,1.334098,1.334098
2026-09-17T15:45:00Z,1.334098,1.334704,1.333760,1.334579
2026-09-17T16:00:00Z,1.334508,1.334579,1.333974,1.334437
2026-09-17T16:15:00Z,1.334615,1.334828,1.334347,1.334828
2026-09-17T16:30:00Z,1.334882,1.335149,1.334615,1.335149
2026-09-17T16:45:00Z,1.335060,1.335060,1.334704,1.334935
2026-09-17T17:00:00Z,1.334846,1.335238,1.334650,1.335042
2026-09-17T17:15:00Z,1.335078,1.335310,1.335078,1.335113
2026-09-17T17:30:00Z,1.335203,1.335274,1.334935,1.334935
2026-09-17T17:45:00Z,1.335007,1.335007,1.334668,1.334882
2026-09-17T18:00:00Z,1.335024,1.335452,1.334935,1.335452
2026-09-17T18:15:00Z,1.335506,1.335524,1.335310,1.335310
2026-09-17T18:30:00Z,1.335292,1.335434,1.335256,1.335434
2026-09-17T18:45:00Z,1.335381,1.335613,1.335131,1.335310
2026-09-17T19:00:00Z,1.335399,1.335666,1.335399,1.335524
2026-09-17T19:15:00Z,1.335524,1.335738,1.335381,1.335720
2026-09-17T19:30:00Z,1.335755,1.335880,1.335755,1.335809
2026-09-17T19:45:00Z,1.335845,1.335970,1.335827,1.335827
2026-09-17T20:00:00Z,1.335898,1.335898,1.335363,1.335434
2026-09-17T20:15:00Z,1.335417,1.335595,1.335399,1.335595
2026-09-17T20:30:00Z,1.335631,1.335666,1.335577,1.335577
2026-09-17T20:45:00Z,1.335631,1.335898,1.335631,1.335845
2026-09-17T21:00:00Z,1.335203,1.336112,1.335167,1.335417
2026-09-17T21:15:00Z,1.335720,1.335791,1.335185,1.335720
2026-09-17T21:30:00Z,1.335417,1.336309,1.335417,1.335934
2026-09-17T21:45:00Z,1.335934,1.336255,1.335434,1.335684
2026-09-17T22:00:00Z,1.335631,1.336059,1.335631,1.335987
2026-09-17T22:15:00Z,1.335952,1.335970,1.335809,1.335934
2026-09-17T22:30:00Z,1.335970,1.336077,1.335970,1.336041
2026-09-17T22:45:00Z,1.336005,1.336023,1.335916,1.335987
2026-09-17T23:00:00Z,1.335970,1.336023,1.335934,1.335987
2026-09-17T23:15:00Z,1.336005,1.336023,1.335898,1.335934
2026-09-17T23:30:00Z,1.335952,1.336023,1.335827,1.335827
2026-09-17T23:45:00Z,1.335898,1.335934,1.335631,1.335631
2026-09-18T00:00:00Z,1.335666,1.336148,1.335666,1.336112
2026-09-18T00:15:00Z,1.336112,1.336202,1.335952,1.335952
2026-09-18T00:30:00Z,1.335934,1.336005,1.335773,1.335898
2026-09-18T00:45:00Z,1.335916,1.336220,1.335845,1.336112
2026-09-18T01:00:00Z,1.336237,1.336309,1.335827,1.335863
2026-09-18T01:15:00Z,1.335880,1.336077,1.335827,1.335880
2026-09-18T01:30:00Z,1.335916,1.335987,1.335702,1.335880
2026-09-18T01:45:00Z,1.335916,1.336309,1.335827,1.336309
2026-09-18T02:00:00Z,1.336220,1.336220,1.335934,1.335970
2026-09-18T02:15:00Z,1.335898,1.336059,1.335791,1.335934
2026-09-18T02:30:00Z,1.336023,1.336059,1.335863,1.335934
2026-09-18T02:45:00Z,1.335809,1.336059,1.335809,1.335970
2026-09-18T03:00:00Z,1.336112,1.336738,1.336023,1.336738
2026-09-18T03:15:00Z,1.336630,1.336666,1.336398,1.336648
2026-09-18T03:30:00Z,1.336630,1.337006,1.336630,1.337006
2026-09-18T03:45:00Z,1.336988,1.337327,1.336988,1.337256
2026-09-18T04:00:00Z,1.337453,1.337596,1.337417,1.337453
2026-09-18T04:15:00Z,1.337453,1.337453,1.337202,1.337202
2026-09-18T04:30:00Z,1.337274,1.337292,1.337113,1.337202
2026-09-18T04:45:00Z,1.337113,1.337202,1.336970,1.336970
2026-09-18T05:00:00Z,1.337095,1.337095,1.336809,1.336809
2026-09-18T05:15:00Z,1.336791,1.336845,1.336505,1.336505
2026-09-18T05:30:00Z,1.336380,1.336380,1.336202,1.336327
2026-09-18T05:45:00Z,1.336220,1.336362,1.336148,1.336220
2026-09-18T06:00:00Z,1.336505,1.336809,1.336434,1.336791
2026-09-18T06:15:00Z,1.336595,1.337274,1.336595,1.337238
2026-09-18T06:30:00Z,1.337327,1.337471,1.336898,1.337471
2026-09-18T06:45:00Z,1.337256,1.337399,1.337095,1.337095
2026-09-18T07:00:00Z,1.337095,1.337292,1.336845,1.336863
2026-09-18T07:15:00Z,1.336755,1.336952,1.336416,1.336702
2026-09-18T07:30:00Z,1.336702,1.336952,1.336202,1.336916
2026-09-18T07:45:00Z,1.336952,1.337113,1.336773,1.336773
2026-09-18T08:00:00Z,1.336773,1.337310,1.336773,1.337220
2026-09-18T08:15:00Z,1.337167,1.337292,1.336988,1.337131
2026-09-18T08:30:00Z,1.337256,1.337256,1.336755,1.336791
2026-09-18T08:45:00Z,1.336612,1.337131,1.336612,1.337113
2026-09-18T09:00:00Z,1.337113,1.337149,1.336791,1.336863
2026-09-18T09:15:00Z,1.336863,1.336881,1.336612,1.336648
2026-09-18T09:30:00Z,1.336684,1.336845,1.336595,1.336755
2026-09-18T09:45:00Z,1.336684,1.337292,1.336577,1.337131
2026-09-18T10:00:00Z,1.337023,1.337202,1.336845,1.336970
2026-09-18T10:15:00Z,1.336952,1.336970,1.336791,1.336791
2026-09-18T10:30:00Z,1.336684,1.336684,1.335648,1.335648
2026-09-18T10:45:00Z,1.335488,1.335648,1.335096,1.335417
2026-09-18T11:00:00Z,1.335809,1.336416,1.335755,1.336255
2026-09-18T11:15:00Z,1.336112,1.336112,1.335292,1.335292
2026-09-18T11:30:00Z,1.335292,1.335417,1.334579,1.334579
2026-09-18T11:45:00Z,1.334810,1.334935,1.334347,1.334739
2026-09-18T12:00:00Z,1.334739,1.334739,1.334027,1.334365
2026-09-18T12:15:00Z,1.334437,1.334437,1.333653,1.333725
2026-09-18T12:30:00Z,1.333707,1.334419,1.333707,1.334312
2026-09-18T12:45:00Z,1.334330,1.335131,1.334330,1.334935
2026-09-18T13:00:00Z,1.334810,1.334810,1.334347,1.334347
2026-09-18T13:15:00Z,1.334347,1.334953,1.334347,1.334953
2026-09-18T13:30:00Z,1.335024,1.335024,1.334241,1.334757
2026-09-18T13:45:00Z,1.334917,1.335007,1.334098,1.334223
2026-09-18T14:00:00Z,1.334009,1.334846,1.334009,1.334846
2026-09-18T14:15:00Z,1.335007,1.335007,1.334330,1.335007
2026-09-18T14:30:00Z,1.334917,1.335613,1.334917,1.335613
2026-09-18T14:45:00Z,1.335631,1.336452,1.335631,1.336095
2026-09-18T15:00:00Z,1.335898,1.336577,1.335738,1.336577
2026-09-18T15:15:00Z,1.336505,1.337506,1.336488,1.337506
2026-09-18T15:30:00Z,1.337632,1.337667,1.336916,1.337023
2026-09-18T15:45:00Z,1.336898,1.337274,1.336881,1.337095
2026-09-18T16:00:00Z,1.337131,1.337614,1.336988,1.337614
2026-09-18T16:15:00Z,1.337649,1.337990,1.337614,1.337954
2026-09-18T16:30:00Z,1.337864,1.338455,1.337864,1.338384
2026-09-18T16:45:00Z,1.338437,1.338598,1.338294,1.338294
2026-09-18T17:00:00Z,1.338419,1.339351,1.338366,1.339351
2026-09-18T17:15:00Z,1.339316,1.339441,1.339226,1.339262
2026-09-18T17:30:00Z,1.339226,1.339459,1.339029,1.339351
2026-09-18T17:45:00Z,1.339280,1.339280,1.338921,1.338921
2026-09-18T18:00:00Z,1.339011,1.339226,1.338885,1.339100
2026-09-18T18:15:00Z,1.339100,1.339118,1.338903,1.339029
2026-09-18T18:30:00Z,1.339047,1.339136,1.338796,1.338814
2026-09-18T18:45:00Z,1.338849,1.339298,1.338849,1.339047
2026-09-18T19:00:00Z,1.339244,1.339549,1.339065,1.339549
2026-09-18T19:15:00Z,1.339603,1.339764,1.339459,1.339567
2026-09-18T19:30:00Z,1.339531,1.339639,1.339495,1.339513
2026-09-18T19:45:00Z,1.339513,1.339621,1.339423,1.339477
2026-09-18T20:00:00Z,1.339513,1.339656,1.339477,1.339621
2026-09-18T20:15:00Z,1.339621,1.339854,1.339621,1.339764
2026-09-18T20:30:00Z,1.339800,1.339800,1.339477,1.339585
2026-09-18T20:45:00Z,1.339621,1.339621,1.339369,1.339459
2026-09-18T21:00:00Z,1.339351,1.339351,1.339351,1.339351
2026-09-18T21:15:00Z,1.339351,1.339351,1.339351,1.339351
2026-09-20T23:00:00Z,1.338975,1.338975,1.338832,1.338903
2026-09-20T23:15:00Z,1.339029,1.339136,1.338921,1.339136
2026-09-20T23:30:00Z,1.339136,1.339154,1.339029,1.339029
2026-09-20T23:45:00Z,1.338975,1.339047,1.338885,1.338903
2026-09-21T00:00:00Z,1.339029,1.339029,1.338849,1.338975
2026-09-21T00:15:00Z,1.339047,1.339136,1.338832,1.339136
2026-09-21T00:30:00Z,1.339118,1.339244,1.339029,1.339118
2026-09-21T00:45:00Z,1.339154,1.339190,1.338849,1.338939
2026-09-21T01:00:00Z,1.338885,1.339226,1.338885,1.339226
2026-09-21T01:15:00Z,1.339100,1.339262,1.339082,1.339190
2026-09-21T01:30:00Z,1.339136,1.339280,1.339047,1.339280
2026-09-21T01:45:00Z,1.339280,1.339334,1.338975,1.338975
2026-09-21T02:00:00Z,1.338975,1.339011,1.338742,1.338814
2026-09-21T02:15:00Z,1.338742,1.338832,1.338670,1.338688
2026-09-21T02:30:00Z,1.338670,1.338688,1.338616,1.338634
2026-09-21T02:45:00Z,1.338616,1.338616,1.338276,1.338330
2026-09-21T03:00:00Z,1.338330,1.338401,1.338187,1.338401
2026-09-21T03:15:00Z,1.338545,1.338742,1.338204,1.338384
2026-09-21T03:30:00Z,1.338240,1.338455,1.338240,1.338294
2026-09-21T03:45:00Z,1.338348,1.338491,1.338222,1.338240
2026-09-21T04:00:00Z,1.338294,1.338330,1.338133,1.338330
2026-09-21T04:15:00Z,1.338348,1.338401,1.337829,1.337829
2026-09-21T04:30:00Z,1.337685,1.338007,1.337435,1.337990
2026-09-21T04:45:00Z,1.337900,1.337972,1.337846,1.337846
2026-09-21T05:00:00Z,1.337811,1.337918,1.337793,1.337882
2026-09-21T05:15:00Z,1.337918,1.337918,1.337721,1.337721
2026-09-21T05:30:00Z,1.337685,1.337811,1.337614,1.337632
2026-09-21T05:45:00Z,1.337649,1.337721,1.337596,1.337614
2026-09-21T06:00:00Z,1.337649,1.337649,1.337363,1.337506
2026-09-21T06:15:00Z,1.337489,1.337918,1.337417,1.337918
2026-09-21T06:30:00Z,1.337918,1.338025,1.337811,1.337954
2026-09-21T06:45:00Z,1.338025,1.338348,1.337739,1.337775
2026-09-21T07:00:00Z,1.337721,1.337721,1.336952,1.337113
2026-09-21T07:15:00Z,1.337238,1.337936,1.337238,1.337918
2026-09-21T07:30:00Z,1.337918,1.338025,1.337649,1.337829
2026-09-21T07:45:00Z,1.337918,1.338240,1.337918,1.338061
2026-09-21T08:00:00Z,1.338115,1.338652,1.338061,1.338616
2026-09-21T08:15:00Z,1.338473,1.338581,1.338437,1.338545
2026-09-21T08:30:00Z,1.338527,1.338832,1.338473,1.338706
2026-09-21T08:45:00Z,1.338652,1.338885,1.338258,1.338312
2026-09-21T09:00:00Z,1.338348,1.338616,1.338276,1.338527
2026-09-21T09:15:00Z,1.338742,1.338742,1.338384,1.338401
2026-09-21T09:30:00Z,1.338366,1.338616,1.338258,1.338545
2026-09-21T09:45:00Z,1.338384,1.338437,1.338097,1.338330
2026-09-21T10:00:00Z,1.338419,1.338563,1.338330,1.338563
2026-09-21T10:15:00Z,1.338437,1.338509,1.338384,1.338491
2026-09-21T10:30:00Z,1.338348,1.338509,1.338079,1.338455
2026-09-21T10:45:00Z,1.338473,1.338473,1.338061,1.338061
2026-09-21T11:00:00Z,1.338204,1.338527,1.338204,1.338401
2026-09-21T11:15:00Z,1.338563,1.338975,1.338563,1.338939
2026-09-21T11:30:00Z,1.338975,1.339531,1.338867,1.339531
2026-09-21T11:45:00Z,1.339567,1.339764,1.339405,1.339423
2026-09-21T12:00:00Z,1.339513,1.340016,1.339405,1.339405
2026-09-21T12:15:00Z,1.339459,1.339764,1.339298,1.339298
2026-09-21T12:30:00Z,1.339387,1.339423,1.338957,1.338957
2026-09-21T12:45:00Z,1.339262,1.339316,1.339065,1.339172
2026-09-21T13:00:00Z,1.339226,1.339262,1.339100,1.339154
2026-09-21T13:15:00Z,1.339244,1.339459,1.339172,1.339405
2026-09-21T13:30:00Z,1.339262,1.339262,1.338688,1.338724
2026-09-21T13:45:00Z,1.338545,1.338545,1.338061,1.338079
2026-09-21T14:00:00Z,1.338025,1.338025,1.337023,1.337345
2026-09-21T14:15:00Z,1.337417,1.337667,1.337149,1.337667
2026-09-21T14:30:00Z,1.337829,1.337829,1.337614,1.337632
2026-09-21T14:45:00Z,1.337524,1.337649,1.337220,1.337399
2026-09-21T15:00:00Z,1.337399,1.337524,1.337220,1.337417
2026-09-21T15:15:00Z,1.337399,1.337399,1.337149,1.337274
2026-09-21T15:30:00Z,1.337256,1.337256,1.336791,1.336970
2026-09-21T15:45:00Z,1.336988,1.337131,1.336881,1.336988
2026-09-21T16:00:00Z,1.337095,1.337327,1.336881,1.337095
2026-09-21T16:15:00Z,1.337256,1.337524,1.337220,1.337292
2026-09-21T16:30:00Z,1.337202,1.337506,1.337113,1.337220
2026-09-21T16:45:00Z,1.337202,1.337292,1.336970,1.336970
2026-09-21T17:00:00Z,1.336827,1.337274,1.336827,1.337184
2026-09-21T17:15:00Z,1.337131,1.337327,1.336970,1.337310
2026-09-21T17:30:00Z,1.337345,1.337345,1.336863,1.336988
2026-09-21T17:45:00Z,1.336988,1.337131,1.336827,1.337059
2026-09-21T18:00:00Z,1.337006,1.337238,1.336988,1.337238
2026-09-21T18:15:00Z,1.337167,1.337345,1.337149,1.337167
2026-09-21T18:30:00Z,1.337113,1.337113,1.336541,1.336720
2026-09-21T18:45:00Z,1.336702,1.336898,1.336595,1.336809
2026-09-21T19:00:00Z,1.336881,1.337202,1.336845,1.337202
2026-09-21T19:15:00Z,1.337202,1.337381,1.337202,1.337381
2026-09-21T19:30:00Z,1.337345,1.337489,1.337274,1.337292
2026-09-21T19:45:00Z,1.337274,1.337274,1.336881,1.336881
2026-09-21T20:00:00Z,1.336791,1.336791,1.336702,1.336773
2026-09-21T20:15:00Z,1.336791,1.336898,1.336773,1.336898
2026-09-21T20:30:00Z,1.337059,1.337167,1.336845,1.336881
2026-09-21T20:45:00Z,1.336845,1.336988,1.336755,1.336934
2026-09-21T21:00:00Z,1.336488,1.337435,1.336470,1.336630
2026-09-21T21:15:00Z,1.336488,1.337077,1.336488,1.336827
2026-09-21T21:30:00Z,1.336881,1.337077,1.336577,1.337006
2026-09-21T21:45:00Z,1.337131,1.337435,1.337023,1.337023
2026-09-21T22:00:00Z,1.336845,1.337006,1.336791,1.336952
2026-09-21T22:15:00Z,1.336952,1.337023,1.336934,1.337006
2026-09-21T22:30:00Z,1.336988,1.337023,1.336952,1.336970
2026-09-21T22:45:00Z,1.336988,1.337113,1.336970,1.337095
2026-09-21T23:00:00Z,1.337077,1.337131,1.337023,1.337041
2026-09-21T23:15:00Z,1.336934,1.337095,1.336898,1.336898
2026-09-21T23:30:00Z,1.336970,1.336988,1.336773,1.336988
2026-09-21T23:45:00Z,1.337077,1.337095,1.336845,1.336845
2026-09-22T00:00:00Z,1.336898,1.337417,1.336898,1.337417
2026-09-22T00:15:00Z,1.337292,1.337399,1.337220,1.337310
2026-09-22T00:30:00Z,1.337310,1.337489,1.337220,1.337453
2026-09-22T00:45:00Z,1.337489,1.337614,1.337381,1.337417
2026-09-22T01:00:00Z,1.337542,1.337542,1.336970,1.337006
2026-09-22T01:15:00Z,1.336970,1.337077,1.336845,1.337077
2026-09-22T01:30:00Z,1.336988,1.337077,1.336738,1.336738
2026-09-22T01:45:00Z,1.336309,1.336541,1.336309,1.336541
2026-09-22T02:00:00Z,1.336470,1.336863,1.336470,1.336863
2026-09-22T02:15:00Z,1.336863,1.337435,1.336755,1.337435
2026-09-22T02:30:00Z,1.337363,1.337578,1.337274,1.337560
2026-09-22T02:45:00Z,1.337578,1.337578,1.337381,1.337489
2026-09-22T03:00:00Z,1.337506,1.337614,1.337399,1.337614
2026-09-22T03:15:00Z,1.337649,1.338061,1.337596,1.338061
2026-09-22T03:30:00Z,1.337972,1.338366,1.337972,1.338222
2026-09-22T03:45:00Z,1.338240,1.338437,1.338151,1.338384
2026-09-22T04:00:00Z,1.338294,1.338509,1.338187,1.338384
2026-09-22T04:15:00Z,1.338348,1.338401,1.338169,1.338348
2026-09-22T04:30:00Z,1.338419,1.338581,1.338366,1.338455
2026-09-22T04:45:00Z,1.338509,1.338742,1.338491,1.338742
2026-09-22T05:00:00Z,1.338724,1.338760,1.338527,1.338527
2026-09-22T05:15:00Z,1.338527,1.338652,1.338455,1.338616
2026-09-22T05:30:00Z,1.338581,1.338581,1.338222,1.338276
2026-09-22T05:45:00Z,1.338258,1.338366,1.338061,1.338187
2026-09-22T06:00:00Z,1.338079,1.338079,1.337238,1.337399
2026-09-22T06:15:00Z,1.337399,1.337489,1.336952,1.337184
2026-09-22T06:30:00Z,1.337184,1.337292,1.336988,1.337023
2026-09-22T06:45:00Z,1.336898,1.337345,1.336809,1.337345
2026-09-22T07:00:00Z,1.337327,1.337327,1.336630,1.336791
2026-09-22T07:15:00Z,1.336952,1.337399,1.336702,1.337149
2026-09-22T07:30:00Z,1.337006,1.337006,1.335773,1.336380
2026-09-22T07:45:00Z,1.336470,1.336612,1.335773,1.335773
2026-09-22T08:00:00Z,1.335470,1.335559,1.335131,1.335310
2026-09-22T08:15:00Z,1.335042,1.335042,1.333742,1.333742
2026-09-22T08:30:00Z,1.333867,1.335809,1.332924,1.335577
2026-09-22T08:45:00Z,1.335506,1.336380,1.335096,1.335684
2026-09-22T09:00:00Z,1.335666,1.335702,1.334917,1.335595
2026-09-22T09:15:00Z,1.335506,1.336112,1.335506,1.335666
2026-09-22T09:30:00Z,1.335720,1.335987,1.335702,1.335880
2026-09-22T09:45:00Z,1.336077,1.337113,1.336059,1.337113
2026-09-22T10:00:00Z,1.336988,1.337327,1.336577,1.336702
2026-09-22T10:15:00Z,1.336863,1.336898,1.336559,1.336648
2026-09-22T10:30:00Z,1.336630,1.336970,1.336630,1.336881
2026-09-22T10:45:00Z,1.336898,1.336970,1.336398,1.336505
2026-09-22T11:00:00Z,1.336612,1.336612,1.336059,1.336059
2026-09-22T11:15:00Z,1.336291,1.336416,1.335595,1.335595
2026-09-22T11:30:00Z,1.335791,1.335863,1.335524,1.335755
2026-09-22T11:45:00Z,1.335845,1.336291,1.335845,1.336112
2026-09-22T12:00:00Z,1.336202,1.336898,1.336202,1.336505
2026-09-22T12:15:00Z,1.336559,1.337077,1.336559,1.336898
2026-09-22T12:30:00Z,1.336934,1.337041,1.335898,1.335898
2026-09-22T12:45:00Z,1.335845,1.335970,1.335488,1.335595
2026-09-22T13:00:00Z,1.335595,1.336291,1.335595,1.335970
2026-09-22T13:15:00Z,1.336166,1.336166,1.335488,1.335488
2026-09-22T13:30:00Z,1.335595,1.336595,1.335595,1.336595
2026-09-22T13:45:00Z,1.336327,1.336434,1.336041,1.336041
2026-09-22T14:00:00Z,1.335916,1.336309,1.335452,1.335452
2026-09-22T14:15:00Z,1.335363,1.335702,1.335007,1.335613
2026-09-22T14:30:00Z,1.335755,1.335773,1.334810,1.334810
2026-09-22T14:45:00Z,1.334739,1.334793,1.334454,1.334650
2026-09-22T15:00:00Z,1.334704,1.334704,1.333796,1.334045
2026-09-22T15:15:00Z,1.333992,1.334704,1.333992,1.334205
2026-09-22T15:30:00Z,1.334223,1.334223,1.332907,1.332924
2026-09-22T15:45:00Z,1.332853,1.332853,1.332410,1.332410
2026-09-22T16:00:00Z,1.332427,1.332676,1.332303,1.332463
2026-09-22T16:15:00Z,1.332623,1.332640,1.332339,1.332445
2026-09-22T16:30:00Z,1.332374,1.332729,1.332232,1.332729
2026-09-22T16:45:00Z,1.332569,1.333191,1.332339,1.333191
2026-09-22T17:00:00Z,1.332960,1.333031,1.332534,1.332818
2026-09-22T17:15:00Z,1.332729,1.332747,1.332392,1.332729
2026-09-22T17:30:00Z,1.332694,1.332996,1.332623,1.332711
2026-09-22T17:45:00Z,1.332818,1.333476,1.332640,1.333315
2026-09-22T18:00:00Z,1.333191,1.333760,1.333031,1.333760
2026-09-22T18:15:00Z,1.333707,1.333796,1.333387,1.333600
2026-09-22T18:30:00Z,1.333653,1.333725,1.333458,1.333529
2026-09-22T18:45:00Z,1.333689,1.333814,1.333298,1.333458
2026-09-22T19:00:00Z,1.333493,1.333831,1.333493,1.333814
2026-09-22T19:15:00Z,1.333938,1.334241,1.333867,1.334241
2026-09-22T19:30:00Z,1.334258,1.334953,1.334258,1.334757
2026-09-22T19:45:00Z,1.334757,1.334757,1.334330,1.334330
2026-09-22T20:00:00Z,1.334383,1.334668,1.334383,1.334383
2026-09-22T20:15:00Z,1.334347,1.334419,1.334205,1.334419
2026-09-22T20:30:00Z,1.334419,1.334490,1.334330,1.334383
2026-09-22T20:45:00Z,1.334169,1.334543,1.334169,1.334330
2026-09-22T21:00:00Z,1.334775,1.334882,1.334294,1.334383
2026-09-22T21:15:00Z,1.334419,1.334419,1.334098,1.334134
2026-09-22T21:30:00Z,1.334258,1.334935,1.334169,1.334775
2026-09-22T21:45:00Z,1.335113,1.335113,1.334437,1.334508
2026-09-22T22:00:00Z,1.334419,1.334437,1.334116,1.334383
2026-09-22T22:15:00Z,1.334383,1.334597,1.334383,1.334597
2026-09-22T22:30:00Z,1.334561,1.334561,1.334419,1.334419
2026-09-22T22:45:00Z,1.334454,1.334454,1.334294,1.334330
2026-09-22T23:00:00Z,1.334312,1.334383,1.334205,1.334258
2026-09-22T23:15:00Z,1.334223,1.334472,1.334223,1.334401
2026-09-22T23:30:00Z,1.334419,1.334472,1.334347,1.334472
2026-09-22T23:45:00Z,1.334401,1.334632,1.334276,1.334294
2026-09-23T00:00:00Z,1.334294,1.334437,1.333974,1.334134
2026-09-23T00:15:00Z,1.334134,1.334187,1.333974,1.334134
2026-09-23T00:30:00Z,1.334116,1.334116,1.333796,1.333902
2026-09-23T00:45:00Z,1.333992,1.334009,1.333814,1.333849
2026-09-23T01:00:00Z,1.333814,1.333814,1.333298,1.333298
2026-09-23T01:15:00Z,1.333404,1.333404,1.332729,1.332729
2026-09-23T01:30:00Z,1.332676,1.333209,1.332676,1.333031
2026-09-23T01:45:00Z,1.332996,1.333067,1.332747,1.332747
2026-09-23T02:00:00Z,1.332853,1.332853,1.332356,1.332410
2026-09-23T02:15:00Z,1.332445,1.332765,1.332427,1.332747
2026-09-23T02:30:00Z,1.332729,1.332747,1.332498,1.332711
2026-09-23T02:45:00Z,1.332711,1.332711,1.332339,1.332463
2026-09-23T03:00:00Z,1.332427,1.332445,1.332268,1.332321
2026-09-23T03:15:00Z,1.332268,1.332268,1.331824,1.332214
2026-09-23T03:30:00Z,1.332108,1.332250,1.331859,1.331877
2026-09-23T03:45:00Z,1.331895,1.331966,1.331629,1.331629
2026-09-23T04:00:00Z,1.331647,1.331753,1.331540,1.331735
2026-09-23T04:15:00Z,1.331735,1.332037,1.331735,1.331930
2026-09-23T04:30:00Z,1.331859,1.331948,1.331788,1.331788
2026-09-23T04:45:00Z,1.331806,1.331806,1.331558,1.331664
2026-09-23T05:00:00Z,1.331647,1.331753,1.331576,1.331682
2026-09-23T05:15:00Z,1.331700,1.331806,1.331647,1.331717
2026-09-23T05:30:00Z,1.331664,1.331700,1.331345,1.331345
2026-09-23T05:45:00Z,1.331310,1.331398,1.331168,1.331327
2026-09-23T06:00:00Z,1.331327,1.331505,1.331009,1.331115
2026-09-23T06:15:00Z,1.330920,1.331416,1.330920,1.331310
2026-09-23T06:30:00Z,1.331257,1.331806,1.331257,1.331806
2026-09-23T06:45:00Z,1.331806,1.332232,1.331735,1.331735
2026-09-23T07:00:00Z,1.331859,1.331859,1.331026,1.331310
2026-09-23T07:15:00Z,1.331363,1.331629,1.331150,1.331292
2026-09-23T07:30:00Z,1.331434,1.331434,1.330831,1.331026
2026-09-23T07:45:00Z,1.330973,1.330991,1.330159,1.330247
2026-09-23T08:00:00Z,1.330265,1.330318,1.329716,1.329716
2026-09-23T08:15:00Z,1.329663,1.330566,1.329416,1.330566
2026-09-23T08:30:00Z,1.330619,1.330902,1.330495,1.330654
2026-09-23T08:45:00Z,1.330495,1.330796,1.330318,1.330318
2026-09-23T09:00:00Z,1.330159,1.330176,1.329522,1.329522
2026-09-23T09:15:00Z,1.329504,1.329504,1.329045,1.329045
2026-09-23T09:30:00Z,1.329133,1.329310,1.328533,1.328604
2026-09-23T09:45:00Z,1.328533,1.328533,1.328092,1.328215
2026-09-23T10:00:00Z,1.328057,1.328851,1.328021,1.328639
2026-09-23T10:15:00Z,1.328533,1.328533,1.328109,1.328198
2026-09-23T10:30:00Z,1.328180,1.328180,1.327915,1.327915
2026-09-23T10:45:00Z,1.327845,1.329080,1.327845,1.328992
2026-09-23T11:00:00Z,1.329186,1.329628,1.329098,1.329628
2026-09-23T11:15:00Z,1.329628,1.329628,1.328533,1.328568
2026-09-23T11:30:00Z,1.328621,1.328621,1.327492,1.327686
2026-09-23T11:45:00Z,1.327810,1.328374,1.327792,1.328021
2026-09-23T12:00:00Z,1.328074,1.328074,1.327316,1.327316
2026-09-23T12:15:00Z,1.327351,1.327739,1.327351,1.327351
2026-09-23T12:30:00Z,1.327193,1.327193,1.326489,1.326489
2026-09-23T12:45:00Z,1.326489,1.327492,1.326453,1.327492
2026-09-23T13:00:00Z,1.327633,1.327669,1.326753,1.326753
2026-09-23T13:15:00Z,1.326612,1.328621,1.326612,1.328621
2026-09-23T13:30:00Z,1.328886,1.328886,1.327774,1.327792
2026-09-23T13:45:00Z,1.327299,1.327299,1.325311,1.326190
2026-09-23T14:00:00Z,1.326313,1.326577,1.326119,1.326260
2026-09-23T14:15:00Z,1.325979,1.326084,1.324960,1.324960
2026-09-23T14:30:00Z,1.325205,1.326207,1.325205,1.325943
2026-09-23T14:45:00Z,1.325785,1.326788,1.325030,1.326418
2026-09-23T15:00:00Z,1.326541,1.326594,1.325891,1.326295
2026-09-23T15:15:00Z,1.326225,1.326348,1.325750,1.325785
2026-09-23T15:30:00Z,1.325715,1.325715,1.325276,1.325364
2026-09-23T15:45:00Z,1.325364,1.325486,1.324889,1.325223
2026-09-23T16:00:00Z,1.325170,1.325170,1.324802,1.324995
2026-09-23T16:15:00Z,1.324924,1.325381,1.324924,1.324995
2026-09-23T16:30:00Z,1.324995,1.325065,1.324451,1.324942
2026-09-23T16:45:00Z,1.324661,1.324661,1.323189,1.323382
2026-09-23T17:00:00Z,1.323346,1.323346,1.322524,1.322541
2026-09-23T17:15:00Z,1.322576,1.323767,1.322471,1.323609
2026-09-23T17:30:00Z,1.323784,1.324749,1.323276,1.324679
2026-09-23T17:45:00Z,1.324889,1.325504,1.324889,1.325293
2026-09-23T18:00:00Z,1.325311,1.325399,1.324679,1.324784
2026-09-23T18:15:00Z,1.324644,1.324802,1.323960,1.323960
2026-09-23T18:30:00Z,1.323977,1.324398,1.323960,1.324223
2026-09-23T18:45:00Z,1.324100,1.324416,1.324047,1.324258
2026-09-23T19:00:00Z,1.324345,1.324556,1.324188,1.324381
2026-09-23T19:15:00Z,1.324223,1.324275,1.323960,1.324275
2026-09-23T19:30:00Z,1.324275,1.324416,1.324170,1.324310
2026-09-23T19:45:00Z,1.324328,1.324503,1.324188,1.324223
2026-09-23T20:00:00Z,1.324188,1.324679,1.324188,1.324275
2026-09-23T20:15:00Z,1.324293,1.324345,1.324118,1.324205
2026-09-23T20:30:00Z,1.324240,1.324293,1.323995,1.324100
2026-09-23T20:45:00Z,1.323837,1.324118,1.323820,1.324082
2026-09-23T21:00:00Z,1.323960,1.324644,1.323960,1.324047
2026-09-23T21:15:00Z,1.324170,1.324574,1.324135,1.324398
2026-09-23T21:30:00Z,1.324574,1.324942,1.324398,1.324889
2026-09-23T21:45:00Z,1.324661,1.324960,1.324205,1.324293
2026-09-23T22:00:00Z,1.324065,1.324363,1.324065,1.324223
2026-09-23T22:15:00Z,1.324240,1.324345,1.324240,1.324310
2026-09-23T22:30:00Z,1.324328,1.324328,1.324188,1.324328
2026-09-23T22:45:00Z,1.324310,1.324381,1.324205,1.324240
2026-09-23T23:00:00Z,1.324205,1.324328,1.324170,1.324240
2026-09-23T23:15:00Z,1.324310,1.324310,1.323802,1.323820
2026-09-23T23:30:00Z,1.323854,1.324135,1.323767,1.323925
2026-09-23T23:45:00Z,1.323784,1.324030,1.323784,1.323907
2026-09-24T00:00:00Z,1.323890,1.324065,1.323732,1.323732
2026-09-24T00:15:00Z,1.323697,1.323697,1.323066,1.323346
2026-09-24T00:30:00Z,1.323329,1.323364,1.322961,1.322961
2026-09-24T00:45:00Z,1.322839,1.322839,1.322419,1.322786
2026-09-24T01:00:00Z,1.322926,1.323662,1.322926,1.323557
2026-09-24T01:15:00Z,1.323627,1.323627,1.323066,1.323171
2026-09-24T01:30:00Z,1.323241,1.323416,1.323189,1.323329
2026-09-24T01:45:00Z,1.323469,1.323732,1.323101,1.323189
2026-09-24T02:00:00Z,1.323259,1.323259,1.322559,1.322576
2026-09-24T02:15:00Z,1.322629,1.323154,1.322629,1.323154
2026-09-24T02:30:00Z,1.323259,1.324100,1.323259,1.324012
2026-09-24T02:45:00Z,1.324100,1.324328,1.323977,1.324275
2026-09-24T03:00:00Z,1.324310,1.324503,1.324118,1.324135
2026-09-24T03:15:00Z,1.324188,1.324205,1.323854,1.323854
2026-09-24T03:30:00Z,1.323820,1.323872,1.323557,1.323557
2026-09-24T03:45:00Z,1.323609,1.323679,1.323557,1.323574
2026-09-24T04:00:00Z,1.323522,1.323697,1.323382,1.323679
2026-09-24T04:15:00Z,1.323714,1.323960,1.323697,1.323960
2026-09-24T04:30:00Z,1.323925,1.324345,1.323907,1.324293
2026-09-24T04:45:00Z,1.324293,1.324521,1.324188,1.324293
2026-09-24T05:00:00Z,1.324205,1.324468,1.324065,1.324065
2026-09-24T05:15:00Z,1.324030,1.324205,1.323995,1.324135
2026-09-24T05:30:00Z,1.324188,1.324381,1.324065,1.324065
2026-09-24T05:45:00Z,1.323942,1.324082,1.323364,1.323364
2026-09-24T06:00:00Z,1.323294,1.324960,1.323294,1.324960
2026-09-24T06:15:00Z,1.324854,1.324907,1.324574,1.324749
2026-09-24T06:30:00Z,1.324731,1.324731,1.324030,1.324433
2026-09-24T06:45:00Z,1.324310,1.324574,1.324118,1.324275
2026-09-24T07:00:00Z,1.324503,1.324626,1.324118,1.324118
2026-09-24T07:15:00Z,1.324047,1.324714,1.324047,1.324714
2026-09-24T07:30:00Z,1.324837,1.324837,1.324240,1.324837
2026-09-24T07:45:00Z,1.324854,1.325627,1.324819,1.324837
2026-09-24T08:00:00Z,1.324784,1.325539,1.324714,1.324714
2026-09-24T08:15:00Z,1.324872,1.324872,1.324065,1.324065
2026-09-24T08:30:00Z,1.323872,1.324609,1.323662,1.323662
2026-09-24T08:45:00Z,1.323609,1.323820,1.323136,1.323784
2026-09-24T09:00:00Z,1.323732,1.324118,1.323171,1.323276
2026-09-24T09:15:00Z,1.323189,1.323592,1.322961,1.323119
2026-09-24T09:30:00Z,1.323241,1.323294,1.322664,1.322664
2026-09-24T09:45:00Z,1.322646,1.322979,1.322646,1.322874
2026-09-24T10:00:00Z,1.322909,1.323014,1.322506,1.322506
2026-09-24T10:15:00Z,1.322471,1.322471,1.321528,1.321895
2026-09-24T10:30:00Z,1.321755,1.322874,1.321755,1.322367
2026-09-24T10:45:00Z,1.322314,1.322926,1.322297,1.322926
2026-09-24T11:00:00Z,1.322926,1.322944,1.322401,1.322576
2026-09-24T11:15:00Z,1.322471,1.323189,1.322471,1.323136
2026-09-24T11:30:00Z,1.323084,1.323084,1.322332,1.322332
2026-09-24T11:45:00Z,1.322576,1.322576,1.322174,1.322192
2026-09-24T12:00:00Z,1.322279,1.322279,1.321755,1.322139
2026-09-24T12:15:00Z,1.322087,1.322524,1.322017,1.322279
2026-09-24T12:30:00Z,1.322174,1.322524,1.321580,1.322314
2026-09-24T12:45:00Z,1.322297,1.323311,1.322297,1.323311
2026-09-24T13:00:00Z,1.323241,1.323364,1.322436,1.322541
2026-09-24T13:15:00Z,1.322786,1.323049,1.321895,1.321895
2026-09-24T13:30:00Z,1.321790,1.322384,1.321790,1.322069
2026-09-24T13:45:00Z,1.322139,1.322367,1.321929,1.322244
2026-09-24T14:00:00Z,1.322034,1.322664,1.321860,1.322419
2026-09-24T14:15:00Z,1.322279,1.322314,1.321598,1.321633
2026-09-24T14:30:00Z,1.321440,1.321737,1.321196,1.321196
2026-09-24T14:45:00Z,1.321213,1.321929,1.321213,1.321825
2026-09-24T15:00:00Z,1.321860,1.322017,1.321109,1.321109
2026-09-24T15:15:00Z,1.321196,1.321702,1.321196,1.321702
2026-09-24T15:30:00Z,1.321790,1.321790,1.321056,1.321248
2026-09-24T15:45:00Z,1.321388,1.321667,1.321283,1.321475
2026-09-24T16:00:00Z,1.321685,1.321807,1.321336,1.321440
2026-09-24T16:15:00Z,1.321860,1.323977,1.321860,1.323609
2026-09-24T16:30:00Z,1.323592,1.323802,1.323224,1.323539
2026-09-24T16:45:00Z,1.323311,1.323399,1.322944,1.323014
2026-09-24T17:00:00Z,1.322874,1.323434,1.322751,1.323136
2026-09-24T17:15:00Z,1.323031,1.323031,1.322087,1.322122
2026-09-24T17:30:00Z,1.322122,1.322279,1.321598,1.321598
2026-09-24T17:45:00Z,1.321545,1.321545,1.321196,1.321336
2026-09-24T18:00:00Z,1.321301,1.321825,1.320585,1.321825
2026-09-24T18:15:00Z,1.321702,1.322104,1.321458,1.322052
2026-09-24T18:30:00Z,1.322069,1.322139,1.321528,1.321598
2026-09-24T18:45:00Z,1.321667,1.321965,1.321633,1.321895
2026-09-24T19:00:00Z,1.321790,1.321912,1.321266,1.321266
2026-09-24T19:15:00Z,1.321283,1.321720,1.321283,1.321615
2026-09-24T19:30:00Z,1.321528,1.321737,1.321528,1.321720
2026-09-24T19:45:00Z,1.321737,1.322069,1.321615,1.322069
2026-09-24T20:00:00Z,1.322087,1.322104,1.321825,1.321825
2026-09-24T20:15:00Z,1.321720,1.321720,1.321283,1.321388
2026-09-24T20:30:00Z,1.321318,1.321842,1.321248,1.321842
2026-09-24T20:45:00Z,1.321807,1.321982,1.321755,1.321912
2026-09-24T21:00:00Z,1.321336,1.322052,1.321336,1.321650
2026-09-24T21:15:00Z,1.321667,1.321895,1.321667,1.321720
2026-09-24T21:30:00Z,1.321667,1.321842,1.321388,1.321440
2026-09-24T21:45:00Z,1.321633,1.322122,1.321440,1.321440
2026-09-24T22:00:00Z,1.321667,1.321947,1.321493,1.321493
2026-09-24T22:15:00Z,1.321720,1.321737,1.321650,1.321667
2026-09-24T22:30:00Z,1.321633,1.321667,1.321563,1.321650
2026-09-24T22:45:00Z,1.321650,1.321702,1.321633,1.321702
2026-09-24T23:00:00Z,1.321633,1.321685,1.321580,1.321598
2026-09-24T23:15:00Z,1.321580,1.321598,1.321475,1.321580
2026-09-24T23:30:00Z,1.321580,1.321755,1.321493,1.321493
2026-09-24T23:45:00Z,1.321493,1.321493,1.321039,1.321039
2026-09-25T00:00:00Z,1.321074,1.321336,1.321074,1.321213
2026-09-25T00:15:00Z,1.321091,1.321283,1.321021,1.321266
2026-09-25T00:30:00Z,1.321231,1.321266,1.321091,1.321196
2026-09-25T00:45:00Z,1.321231,1.321598,1.321056,1.321598
2026-09-25T01:00:00Z,1.321475,1.322297,1.321475,1.322297
2026-09-25T01:15:00Z,1.322349,1.322349,1.321877,1.321877
2026-09-25T01:30:00Z,1.321842,1.321895,1.321563,1.321755
2026-09-25T01:45:00Z,1.321563,1.321563,1.321371,1.321493
2026-09-25T02:00:00Z,1.321563,1.321929,1.321545,1.321772
2026-09-25T02:15:00Z,1.321790,1.321895,1.321633,1.321807
2026-09-25T02:30:00Z,1.321790,1.321807,1.321528,1.321807
2026-09-25T02:45:00Z,1.321807,1.321807,1.321371,1.321388
2026-09-25T03:00:00Z,1.321371,1.321388,1.321178,1.321178
2026-09-25T03:15:00Z,1.321178,1.321336,1.321178,1.321196
2026-09-25T03:30:00Z,1.321178,1.321266,1.321144,1.321213
2026-09-25T03:45:00Z,1.321178,1.321266,1.321074,1.321248
2026-09-25T04:00:00Z,1.321196,1.321371,1.321126,1.321161
2026-09-25T04:15:00Z,1.321196,1.321266,1.321144,1.321248
2026-09-25T04:30:00Z,1.321248,1.321371,1.321213,1.321318
2026-09-25T04:45:00Z,1.321301,1.321423,1.321196,1.321336
2026-09-25T05:00:00Z,1.321336,1.321598,1.321301,1.321545
2026-09-25T05:15:00Z,1.321650,1.321702,1.321493,1.321563
2026-09-25T05:30:00Z,1.321475,1.322017,1.321475,1.321825
2026-09-25T05:45:00Z,1.321877,1.321877,1.321563,1.321790
2026-09-25T06:00:00Z,1.321877,1.322506,1.321772,1.322506
