time,open,high,low,close
2025-09-24T06:00:00Z,1.350931,1.351114,1.349400,1.349892
2025-09-24T07:00:00Z,1.349910,1.349983,1.348327,1.348563
2025-09-24T08:00:00Z,1.348000,1.348490,1.347473,1.348472
2025-09-24T09:00:00Z,1.348490,1.348745,1.347219,1.347818
2025-09-24T10:00:00Z,1.347745,1.347909,1.346584,1.346584
2025-09-24T11:00:00Z,1.346276,1.346946,1.345696,1.345823
2025-09-24T12:00:00Z,1.345804,1.346983,1.343869,1.344610
2025-09-24T13:00:00Z,1.344701,1.344791,1.342823,1.343851
2025-09-24T14:00:00Z,1.343165,1.345786,1.342877,1.345171
2025-09-24T15:00:00Z,1.345442,1.345696,1.344466,1.344701
2025-09-24T16:00:00Z,1.344682,1.344972,1.343978,1.344357
2025-09-24T17:00:00Z,1.344411,1.345605,1.344411,1.345388
2025-09-24T18:00:00Z,1.345406,1.345497,1.344483,1.344990
2025-09-24T19:00:00Z,1.344881,1.345116,1.344393,1.344719
2025-09-24T20:00:00Z,1.344809,1.344918,1.344429,1.344773
2025-09-24T21:00:00Z,1.345316,1.345370,1.344610,1.344755
2025-09-24T22:00:00Z,1.344863,1.345243,1.344791,1.345135
2025-09-24T23:00:00Z,1.345153,1.345370,1.344972,1.344972
2025-09-25T00:00:00Z,1.345080,1.345750,1.345008,1.345750
2025-09-25T01:00:00Z,1.345786,1.345913,1.344990,1.345442
2025-09-25T02:00:00Z,1.345497,1.346257,1.345424,1.345859
2025-09-25T03:00:00Z,1.345823,1.346239,1.345623,1.346239
2025-09-25T04:00:00Z,1.346276,1.346475,1.346058,1.346330
2025-09-25T05:00:00Z,1.346257,1.346312,1.345406,1.345515
2025-09-25T06:00:00Z,1.345316,1.346729,1.345098,1.346584
2025-09-25T07:00:00Z,1.346312,1.346348,1.343815,1.343815
2025-09-25T08:00:00Z,1.343887,1.345334,1.343598,1.345334
2025-09-25T09:00:00Z,1.345352,1.346004,1.344755,1.345044
2025-09-25T10:00:00Z,1.344990,1.345696,1.344701,1.344791
2025-09-25T11:00:00Z,1.344538,1.344682,1.341904,1.342246
2025-09-25T12:00:00Z,1.342192,1.342192,1.337506,1.338455
2025-09-25T13:00:00Z,1.338061,1.339351,1.336595,1.337167
2025-09-25T14:00:00Z,1.336916,1.338455,1.334810,1.334810
2025-09-25T15:00:00Z,1.334739,1.335113,1.334276,1.334882
2025-09-25T16:00:00Z,1.334989,1.335738,1.333689,1.333956
2025-09-25T17:00:00Z,1.333956,1.334347,1.332800,1.333600
2025-09-25T18:00:00Z,1.333707,1.333831,1.332534,1.333422
2025-09-25T19:00:00Z,1.333547,1.334116,1.333458,1.333742
2025-09-25T20:00:00Z,1.333725,1.334721,1.333707,1.334365
2025-09-25T21:00:00Z,1.334419,1.334632,1.333742,1.333849
2025-09-25T22:00:00Z,1.334045,1.334650,1.334045,1.334365
2025-09-25T23:00:00Z,1.334347,1.334347,1.333315,1.333600
2025-09-26T00:00:00Z,1.333440,1.334561,1.333173,1.334561
2025-09-26T01:00:00Z,1.334632,1.334846,1.334027,1.334152
2025-09-26T02:00:00Z,1.334223,1.335595,1.334223,1.335060
2025-09-26T03:00:00Z,1.335042,1.335488,1.334917,1.335488
2025-09-26T04:00:00Z,1.335238,1.335577,1.335078,1.335470
2025-09-26T05:00:00Z,1.335434,1.335773,1.335345,1.335381
2025-09-26T06:00:00Z,1.335434,1.336434,1.335256,1.336434
2025-09-26T07:00:00Z,1.336237,1.336952,1.334615,1.335310
2025-09-26T08:00:00Z,1.335292,1.337023,1.335203,1.336505
2025-09-26T09:00:00Z,1.336559,1.336559,1.335203,1.335203
2025-09-26T10:00:00Z,1.335149,1.335595,1.334241,1.334757
2025-09-26T11:00:00Z,1.334757,1.335613,1.334454,1.335078
2025-09-26T12:00:00Z,1.335149,1.337560,1.335149,1.337542
2025-09-26T13:00:00Z,1.337972,1.338706,1.337614,1.338527
2025-09-26T14:00:00Z,1.338796,1.340554,1.338634,1.340231
2025-09-26T15:00:00Z,1.340069,1.341238,1.339513,1.340159
2025-09-26T16:00:00Z,1.340213,1.341022,1.339836,1.339854
2025-09-26T17:00:00Z,1.340016,1.340770,1.339962,1.340518
2025-09-26T18:00:00Z,1.340572,1.341112,1.340321,1.340986
2025-09-26T19:00:00Z,1.340932,1.341076,1.340483,1.340860
2025-09-26T20:00:00Z,1.340878,1.341022,1.339908,1.340123
2025-09-26T21:00:00Z,1.340195,1.340411,1.340195,1.340195
2025-09-28T23:00:00Z,1.340483,1.341166,1.340483,1.340788
2025-09-29T00:00:00Z,1.340968,1.342516,1.340968,1.342426
2025-09-29T01:00:00Z,1.342318,1.342805,1.341706,1.342696
2025-09-29T02:00:00Z,1.342678,1.343400,1.342678,1.343039
2025-09-29T03:00:00Z,1.343093,1.343436,1.342985,1.343238
2025-09-29T04:00:00Z,1.343093,1.344194,1.342877,1.343851
2025-09-29T05:00:00Z,1.343725,1.344213,1.343562,1.344213
2025-09-29T06:00:00Z,1.344068,1.344194,1.343526,1.343923
2025-09-29T07:00:00Z,1.343851,1.344954,1.343851,1.344682
2025-09-29T08:00:00Z,1.344520,1.344972,1.343256,1.343671
2025-09-29T09:00:00Z,1.343707,1.344213,1.343093,1.343219
2025-09-29T10:00:00Z,1.343147,1.343328,1.342624,1.342823
2025-09-29T11:00:00Z,1.342877,1.344809,1.342624,1.344809
2025-09-29T12:00:00Z,1.344737,1.345659,1.343508,1.345225
2025-09-29T13:00:00Z,1.345207,1.345207,1.343941,1.343960
2025-09-29T14:00:00Z,1.343887,1.343887,1.341850,1.341850
2025-09-29T15:00:00Z,1.341868,1.343616,1.341868,1.343219
2025-09-29T16:00:00Z,1.343219,1.343562,1.342696,1.343129
2025-09-29T17:00:00Z,1.343256,1.343382,1.342498,1.342552
2025-09-29T18:00:00Z,1.342552,1.343905,1.342498,1.343851
2025-09-29T19:00:00Z,1.343815,1.343851,1.343508,1.343616
2025-09-29T20:00:00Z,1.343544,1.343544,1.343003,1.343057
2025-09-29T21:00:00Z,1.342354,1.343238,1.342354,1.343003
2025-09-29T22:00:00Z,1.343274,1.343436,1.343111,1.343418
2025-09-29T23:00:00Z,1.343436,1.343815,1.343400,1.343526
2025-09-30T00:00:00Z,1.343111,1.343653,1.342102,1.342534
2025-09-30T01:00:00Z,1.342823,1.343418,1.342390,1.342426
2025-09-30T02:00:00Z,1.342138,1.343219,1.342120,1.343129
2025-09-30T03:00:00Z,1.343021,1.343833,1.342895,1.343598
2025-09-30T04:00:00Z,1.343616,1.343869,1.342913,1.343869
2025-09-30T05:00:00Z,1.344140,1.344610,1.343400,1.343400
2025-09-30T06:00:00Z,1.343508,1.345135,1.342967,1.344122
2025-09-30T07:00:00Z,1.343923,1.345135,1.343310,1.344791
2025-09-30T08:00:00Z,1.344719,1.345225,1.344140,1.344592
2025-09-30T09:00:00Z,1.344502,1.344990,1.344050,1.344502
2025-09-30T10:00:00Z,1.344610,1.345026,1.343743,1.343797
2025-09-30T11:00:00Z,1.343905,1.344447,1.342570,1.343707
2025-09-30T12:00:00Z,1.343815,1.345044,1.343725,1.344267
2025-09-30T13:00:00Z,1.344411,1.344936,1.341616,1.344466
2025-09-30T14:00:00Z,1.344231,1.346711,1.343779,1.346221
2025-09-30T15:00:00Z,1.346239,1.346239,1.343725,1.344321
2025-09-30T16:00:00Z,1.344520,1.346239,1.344104,1.345949
2025-09-30T17:00:00Z,1.346022,1.346312,1.345044,1.345135
2025-09-30T18:00:00Z,1.345225,1.345352,1.344231,1.345008
2025-09-30T19:00:00Z,1.344556,1.345171,1.344556,1.344899
2025-09-30T20:00:00Z,1.344719,1.344719,1.344032,1.344628
2025-09-30T21:00:00Z,1.345841,1.345841,1.344158,1.344899
2025-09-30T22:00:00Z,1.344357,1.345044,1.344321,1.344375
2025-09-30T23:00:00Z,1.344357,1.345026,1.344285,1.344339
2025-10-01T00:00:00Z,1.344122,1.344411,1.343671,1.344122
2025-10-01T01:00:00Z,1.344249,1.344249,1.343562,1.344213
2025-10-01T02:00:00Z,1.344231,1.344339,1.343598,1.344176
2025-10-01T03:00:00Z,1.344249,1.344267,1.343707,1.344140
2025-10-01T04:00:00Z,1.344231,1.346348,1.344213,1.346348
2025-10-01T05:00:00Z,1.347055,1.347146,1.345605,1.345605
2025-10-01T06:00:00Z,1.345968,1.347727,1.345732,1.346783
2025-10-01T07:00:00Z,1.346928,1.347745,1.345497,1.346783
2025-10-01T08:00:00Z,1.346892,1.348018,1.346783,1.346783
2025-10-01T09:00:00Z,1.346820,1.347527,1.346366,1.346493
2025-10-01T10:00:00Z,1.346366,1.347546,1.345968,1.347128
2025-10-01T11:00:00Z,1.347237,1.348800,1.347201,1.348145
2025-10-01T12:00:00Z,1.348072,1.352210,1.347110,1.351260
2025-10-01T13:00:00Z,1.351424,1.352722,1.350822,1.351771
2025-10-01T14:00:00Z,1.351771,1.352046,1.349418,1.350676
2025-10-01T15:00:00Z,1.350731,1.350731,1.347219,1.347219
2025-10-01T16:00:00Z,1.346638,1.347654,1.346638,1.347436
2025-10-01T17:00:00Z,1.347509,1.347872,1.347273,1.347309
2025-10-01T18:00:00Z,1.347219,1.348945,1.347001,1.348672
2025-10-01T19:00:00Z,1.348818,1.348872,1.347963,1.348000
2025-10-01T20:00:00Z,1.347945,1.347945,1.347273,1.347782
2025-10-01T21:00:00Z,1.349054,1.349145,1.347636,1.348199
2025-10-01T22:00:00Z,1.347872,1.348163,1.347782,1.347963
2025-10-01T23:00:00Z,1.348054,1.348381,1.347927,1.347927
2025-10-02T00:00:00Z,1.347691,1.347800,1.347001,1.347001
2025-10-02T01:00:00Z,1.346965,1.348472,1.346820,1.348472
2025-10-02T02:00:00Z,1.348781,1.348781,1.348054,1.348145
2025-10-02T03:00:00Z,1.348109,1.348145,1.347654,1.347854
2025-10-02T04:00:00Z,1.347854,1.347945,1.347455,1.347600
2025-10-02T05:00:00Z,1.347854,1.347854,1.346983,1.347636
2025-10-02T06:00:00Z,1.347945,1.348963,1.347436,1.348963
2025-10-02T07:00:00Z,1.349036,1.350056,1.348981,1.349455
2025-10-02T08:00:00Z,1.349437,1.351041,1.349218,1.350567
2025-10-02T09:00:00Z,1.350421,1.350822,1.349728,1.349910
2025-10-02T10:00:00Z,1.349801,1.349801,1.347981,1.347981
2025-10-02T11:00:00Z,1.348254,1.348254,1.347128,1.347691
2025-10-02T12:00:00Z,1.347854,1.348236,1.346511,1.346511
2025-10-02T13:00:00Z,1.346729,1.346856,1.342967,1.343129
2025-10-02T14:00:00Z,1.343057,1.343075,1.341616,1.342120
2025-10-02T15:00:00Z,1.342120,1.342678,1.340213,1.342138
2025-10-02T16:00:00Z,1.342156,1.343960,1.342156,1.343960
2025-10-02T17:00:00Z,1.344050,1.344556,1.343653,1.343833
2025-10-02T18:00:00Z,1.343851,1.344845,1.343851,1.344755
2025-10-02T19:00:00Z,1.344845,1.345171,1.344375,1.344393
2025-10-02T20:00:00Z,1.344285,1.345008,1.343923,1.344086
2025-10-02T21:00:00Z,1.342877,1.344628,1.342769,1.343797
2025-10-02T22:00:00Z,1.344176,1.345098,1.344068,1.344122
2025-10-02T23:00:00Z,1.344194,1.344701,1.344158,1.344682
2025-10-03T00:00:00Z,1.344664,1.344664,1.343996,1.344556
2025-10-03T01:00:00Z,1.344646,1.344972,1.343400,1.344592
2025-10-03T02:00:00Z,1.344574,1.344574,1.343653,1.344014
2025-10-03T03:00:00Z,1.343960,1.344574,1.343634,1.344574
2025-10-03T04:00:00Z,1.344538,1.344664,1.343598,1.343598
2025-10-03T05:00:00Z,1.343562,1.343743,1.343238,1.343274
2025-10-03T06:00:00Z,1.343238,1.344357,1.343075,1.343454
2025-10-03T07:00:00Z,1.343689,1.346058,1.343689,1.345986
2025-10-03T08:00:00Z,1.346439,1.346638,1.345406,1.345841
2025-10-03T09:00:00Z,1.345877,1.345877,1.344429,1.345424
2025-10-03T10:00:00Z,1.345460,1.345659,1.344918,1.345334
2025-10-03T11:00:00Z,1.345261,1.345659,1.344574,1.344918
2025-10-03T12:00:00Z,1.345135,1.345931,1.343887,1.345931
2025-10-03T13:00:00Z,1.345768,1.346874,1.345243,1.346584
2025-10-03T14:00:00Z,1.346856,1.347800,1.345895,1.347237
2025-10-03T15:00:00Z,1.347110,1.348490,1.346620,1.348018
2025-10-03T16:00:00Z,1.348127,1.348436,1.347400,1.347800
2025-10-03T17:00:00Z,1.347546,1.348254,1.346838,1.347146
2025-10-03T18:00:00Z,1.347037,1.348090,1.346421,1.348054
2025-10-03T19:00:00Z,1.348145,1.348436,1.347854,1.348327
2025-10-03T20:00:00Z,1.348454,1.348636,1.347763,1.348181
2025-10-03T21:00:00Z,1.348090,1.348090,1.348090,1.348090
2025-10-05T23:00:00Z,1.343544,1.343761,1.342805,1.343328
2025-10-06T00:00:00Z,1.343310,1.344050,1.342895,1.344050
2025-10-06T01:00:00Z,1.344140,1.345062,1.343616,1.345062
2025-10-06T02:00:00Z,1.345026,1.345732,1.345026,1.345533
2025-10-06T03:00:00Z,1.345479,1.345877,1.345189,1.345189
2025-10-06T04:00:00Z,1.345334,1.345497,1.344664,1.344755
2025-10-06T05:00:00Z,1.344827,1.345225,1.344104,1.344357
2025-10-06T06:00:00Z,1.344701,1.344809,1.343310,1.344213
2025-10-06T07:00:00Z,1.344050,1.346421,1.343887,1.344556
2025-10-06T08:00:00Z,1.344483,1.344483,1.341994,1.343743
2025-10-06T09:00:00Z,1.343436,1.343833,1.342516,1.343743
2025-10-06T10:00:00Z,1.343634,1.343761,1.342408,1.342642
2025-10-06T11:00:00Z,1.342318,1.343129,1.341724,1.342444
2025-10-06T12:00:00Z,1.342372,1.343996,1.342372,1.343707
2025-10-06T13:00:00Z,1.343833,1.346457,1.343779,1.346294
2025-10-06T14:00:00Z,1.346167,1.348399,1.346058,1.348054
2025-10-06T15:00:00Z,1.348090,1.348345,1.347019,1.347436
2025-10-06T16:00:00Z,1.347673,1.347691,1.346692,1.347546
2025-10-06T17:00:00Z,1.347636,1.348399,1.347636,1.348399
2025-10-06T18:00:00Z,1.348381,1.348727,1.348018,1.348309
2025-10-06T19:00:00Z,1.348309,1.349036,1.348236,1.348236
2025-10-06T20:00:00Z,1.348181,1.348727,1.348109,1.348527
2025-10-06T21:00:00Z,1.348563,1.348745,1.347763,1.348090
2025-10-06T22:00:00Z,1.348672,1.348672,1.348199,1.348254
2025-10-06T23:00:00Z,1.348254,1.348745,1.348090,1.348472
2025-10-07T00:00:00Z,1.348418,1.348436,1.347854,1.348236
2025-10-07T01:00:00Z,1.348254,1.348254,1.347364,1.347455
2025-10-07T02:00:00Z,1.347400,1.348054,1.347400,1.347636
2025-10-07T03:00:00Z,1.347654,1.348181,1.347546,1.347673
2025-10-07T04:00:00Z,1.347527,1.348090,1.346928,1.347074
2025-10-07T05:00:00Z,1.346983,1.347164,1.345641,1.345968
2025-10-07T06:00:00Z,1.346167,1.346167,1.344556,1.345261
2025-10-07T07:00:00Z,1.345388,1.345388,1.343346,1.343526
2025-10-07T08:00:00Z,1.343725,1.344502,1.343382,1.343671
2025-10-07T09:00:00Z,1.343869,1.344267,1.343346,1.344249
2025-10-07T10:00:00Z,1.344502,1.344502,1.342750,1.342750
2025-10-07T11:00:00Z,1.342750,1.342805,1.339351,1.340321
2025-10-07T12:00:00Z,1.340465,1.341580,1.339513,1.341580
2025-10-07T13:00:00Z,1.341454,1.342787,1.341310,1.341940
2025-10-07T14:00:00Z,1.341670,1.343328,1.341634,1.343238
2025-10-07T15:00:00Z,1.343165,1.345352,1.343165,1.344213
2025-10-07T16:00:00Z,1.344140,1.344918,1.344068,1.344411
2025-10-07T17:00:00Z,1.344466,1.345189,1.344194,1.344194
2025-10-07T18:00:00Z,1.344104,1.344104,1.343039,1.343057
2025-10-07T19:00:00Z,1.343057,1.343057,1.341706,1.342138
2025-10-07T20:00:00Z,1.342102,1.342678,1.341940,1.342480
2025-10-07T21:00:00Z,1.342949,1.343310,1.342282,1.342787
2025-10-07T22:00:00Z,1.342696,1.342859,1.342570,1.342570
2025-10-07T23:00:00Z,1.342624,1.342660,1.342066,1.342066
2025-10-08T00:00:00Z,1.342102,1.342102,1.341256,1.341652
2025-10-08T01:00:00Z,1.340986,1.341544,1.339674,1.339782
2025-10-08T02:00:00Z,1.339890,1.340285,1.339298,1.339710
2025-10-08T03:00:00Z,1.339764,1.339980,1.339154,1.339980
2025-10-08T04:00:00Z,1.340016,1.340087,1.339082,1.339351
2025-10-08T05:00:00Z,1.339369,1.339369,1.338563,1.339065
2025-10-08T06:00:00Z,1.339280,1.339710,1.338509,1.339710
2025-10-08T07:00:00Z,1.339818,1.341724,1.339567,1.341652
2025-10-08T08:00:00Z,1.341724,1.342606,1.340644,1.340788
2025-10-08T09:00:00Z,1.340806,1.341310,1.340195,1.340267
2025-10-08T10:00:00Z,1.340321,1.342714,1.340321,1.341274
2025-10-08T11:00:00Z,1.341346,1.341562,1.340249,1.340572
2025-10-08T12:00:00Z,1.340806,1.342102,1.340806,1.341886
2025-10-08T13:00:00Z,1.342084,1.342985,1.341796,1.342913
2025-10-08T14:00:00Z,1.342246,1.343815,1.342102,1.342282
2025-10-08T15:00:00Z,1.342174,1.342264,1.338832,1.339172
2025-10-08T16:00:00Z,1.338903,1.338993,1.337238,1.338724
2025-10-08T17:00:00Z,1.338706,1.338724,1.338007,1.338115
2025-10-08T18:00:00Z,1.338043,1.339047,1.337220,1.339047
2025-10-08T19:00:00Z,1.339172,1.340087,1.339172,1.340087
2025-10-08T20:00:00Z,1.340016,1.340590,1.339818,1.340285
2025-10-08T21:00:00Z,1.340321,1.340518,1.339208,1.340285
2025-10-08T22:00:00Z,1.340285,1.340806,1.340213,1.340680
2025-10-08T23:00:00Z,1.340572,1.340572,1.339980,1.340141
2025-10-09T00:00:00Z,1.340051,1.341382,1.340051,1.341076
2025-10-09T01:00:00Z,1.341148,1.341922,1.340860,1.340860
2025-10-09T02:00:00Z,1.341022,1.341922,1.340734,1.341598
2025-10-09T03:00:00Z,1.341670,1.341886,1.340914,1.341526
2025-10-09T04:00:00Z,1.341580,1.341598,1.340986,1.341328
2025-10-09T05:00:00Z,1.341328,1.341706,1.340644,1.340644
2025-10-09T06:00:00Z,1.340608,1.340608,1.336077,1.336523
2025-10-09T07:00:00Z,1.336434,1.337202,1.335167,1.335292
2025-10-09T08:00:00Z,1.335452,1.336309,1.334419,1.336202
2025-10-09T09:00:00Z,1.336255,1.338832,1.336148,1.338634
2025-10-09T10:00:00Z,1.338796,1.339011,1.337310,1.337310
2025-10-09T11:00:00Z,1.336881,1.338151,1.336237,1.337614
2025-10-09T12:00:00Z,1.337739,1.338796,1.336952,1.338437
2025-10-09T13:00:00Z,1.338527,1.339262,1.335648,1.336809
2025-10-09T14:00:00Z,1.336523,1.336523,1.332711,1.333173
2025-10-09T15:00:00Z,1.333369,1.333369,1.329275,1.330902
2025-10-09T16:00:00Z,1.331097,1.331487,1.329292,1.329398
2025-10-09T17:00:00Z,1.329469,1.330212,1.329010,1.329787
2025-10-09T18:00:00Z,1.329858,1.329858,1.328092,1.328180
2025-10-09T19:00:00Z,1.328233,1.329805,1.328233,1.329699
2025-10-09T20:00:00Z,1.329805,1.330619,1.329805,1.330442
2025-10-09T21:00:00Z,1.330955,1.331009,1.329363,1.330831
2025-10-09T22:00:00Z,1.330672,1.330707,1.329911,1.330106
2025-10-09T23:00:00Z,1.329999,1.330460,1.329398,1.330353
2025-10-10T00:00:00Z,1.330371,1.330530,1.329699,1.330530
2025-10-10T01:00:00Z,1.330601,1.330778,1.329999,1.330247
2025-10-10T02:00:00Z,1.330141,1.331097,1.330141,1.330902
2025-10-10T03:00:00Z,1.330849,1.331416,1.330778,1.331239
2025-10-10T04:00:00Z,1.331274,1.331345,1.330601,1.330831
2025-10-10T05:00:00Z,1.330938,1.331469,1.330743,1.330743
2025-10-10T06:00:00Z,1.330601,1.331044,1.328939,1.329840
2025-10-10T07:00:00Z,1.329628,1.330442,1.328092,1.330265
2025-10-10T08:00:00Z,1.330247,1.331257,1.329876,1.330902
2025-10-10T09:00:00Z,1.330920,1.330920,1.328815,1.329133
2025-10-10T10:00:00Z,1.329133,1.329876,1.326682,1.326682
2025-10-10T11:00:00Z,1.326735,1.327774,1.326735,1.327334
2025-10-10T12:00:00Z,1.327651,1.328833,1.327246,1.328127
2025-10-10T13:00:00Z,1.327933,1.328162,1.327017,1.327774
2025-10-10T14:00:00Z,1.327475,1.330513,1.327475,1.330283
2025-10-10T15:00:00Z,1.330477,1.335987,1.330477,1.333885
2025-10-10T16:00:00Z,1.334650,1.335702,1.334080,1.334401
2025-10-10T17:00:00Z,1.334543,1.334686,1.333209,1.334615
2025-10-10T18:00:00Z,1.334579,1.335363,1.334401,1.334846
2025-10-10T19:00:00Z,1.334561,1.335470,1.334330,1.335185
2025-10-10T20:00:00Z,1.334971,1.335863,1.333778,1.335863
2025-10-10T21:00:00Z,1.335399,1.335399,1.335399,1.335399
2025-10-12T23:00:00Z,1.334258,1.334757,1.333618,1.333653
2025-10-13T00:00:00Z,1.333725,1.335042,1.333671,1.335024
2025-10-13T01:00:00Z,1.335434,1.335702,1.334615,1.335452
2025-10-13T02:00:00Z,1.335470,1.336327,1.335131,1.335149
2025-10-13T03:00:00Z,1.335238,1.335577,1.334953,1.335417
2025-10-13T04:00:00Z,1.335452,1.335970,1.335345,1.335648
2025-10-13T05:00:00Z,1.335720,1.336166,1.334775,1.334810
2025-10-13T06:00:00Z,1.335024,1.336595,1.334793,1.334917
2025-10-13T07:00:00Z,1.334935,1.334935,1.333067,1.333689
2025-10-13T08:00:00Z,1.333493,1.333725,1.331611,1.332711
2025-10-13T09:00:00Z,1.332640,1.334330,1.332587,1.333814
2025-10-13T10:00:00Z,1.333814,1.334223,1.332942,1.333689
2025-10-13T11:00:00Z,1.333778,1.335149,1.332853,1.333067
2025-10-13T12:00:00Z,1.333156,1.334045,1.332676,1.333262
2025-10-13T13:00:00Z,1.333404,1.333867,1.332853,1.333422
2025-10-13T14:00:00Z,1.333315,1.333315,1.332108,1.332711
2025-10-13T15:00:00Z,1.332747,1.333511,1.332463,1.332942
2025-10-13T16:00:00Z,1.333049,1.333725,1.332605,1.332978
2025-10-13T17:00:00Z,1.333084,1.333476,1.332729,1.333298
2025-10-13T18:00:00Z,1.333262,1.334045,1.333173,1.333369
2025-10-13T19:00:00Z,1.333547,1.333938,1.333067,1.333067
2025-10-13T20:00:00Z,1.333138,1.333476,1.333013,1.333404
2025-10-13T21:00:00Z,1.333885,1.333902,1.333120,1.333582
2025-10-13T22:00:00Z,1.333333,1.333742,1.333173,1.333173
2025-10-13T23:00:00Z,1.333191,1.333493,1.332694,1.333244
2025-10-14T00:00:00Z,1.333315,1.333849,1.332729,1.333760
2025-10-14T01:00:00Z,1.333742,1.334775,1.333742,1.334383
2025-10-14T02:00:00Z,1.334472,1.334526,1.334045,1.334419
2025-10-14T03:00:00Z,1.334347,1.334989,1.334009,1.334632
2025-10-14T04:00:00Z,1.334437,1.335274,1.334419,1.335256
2025-10-14T05:00:00Z,1.335007,1.335060,1.334080,1.334080
2025-10-14T06:00:00Z,1.333547,1.333547,1.327704,1.328057
2025-10-14T07:00:00Z,1.328162,1.328233,1.325504,1.325785
2025-10-14T08:00:00Z,1.325539,1.328374,1.325539,1.328374
2025-10-14T09:00:00Z,1.327863,1.328427,1.326506,1.326876
2025-10-14T10:00:00Z,1.326647,1.327158,1.325979,1.326471
2025-10-14T11:00:00Z,1.326260,1.327545,1.326260,1.326911
2025-10-14T12:00:00Z,1.326911,1.327228,1.324960,1.326348
2025-10-14T13:00:00Z,1.326383,1.329328,1.326260,1.328374
2025-10-14T14:00:00Z,1.328515,1.330212,1.328180,1.329699
2025-10-14T15:00:00Z,1.329699,1.331913,1.328921,1.331913
2025-10-14T16:00:00Z,1.332108,1.332836,1.330814,1.331806
2025-10-14T17:00:00Z,1.331806,1.332996,1.331327,1.332818
2025-10-14T18:00:00Z,1.332782,1.333156,1.332143,1.332782
2025-10-14T19:00:00Z,1.333013,1.333244,1.332356,1.332694
2025-10-14T20:00:00Z,1.332729,1.332729,1.331452,1.331966
2025-10-14T21:00:00Z,1.332356,1.332356,1.331735,1.332037
2025-10-14T22:00:00Z,1.332019,1.332392,1.331913,1.332037
2025-10-14T23:00:00Z,1.331877,1.332516,1.331824,1.332250
2025-10-15T00:00:00Z,1.332108,1.333067,1.332108,1.332924
2025-10-15T01:00:00Z,1.332996,1.334009,1.332676,1.333956
2025-10-15T02:00:00Z,1.334045,1.335131,1.334045,1.335024
2025-10-15T03:00:00Z,1.335024,1.335381,1.334882,1.335238
2025-10-15T04:00:00Z,1.335238,1.335470,1.334597,1.334864
2025-10-15T05:00:00Z,1.335024,1.335934,1.334632,1.335417
2025-10-15T06:00:00Z,1.335203,1.337310,1.335203,1.336220
2025-10-15T07:00:00Z,1.336220,1.336220,1.334508,1.335256
2025-10-15T08:00:00Z,1.335096,1.335541,1.334330,1.334454
2025-10-15T09:00:00Z,1.334312,1.335631,1.333742,1.335185
2025-10-15T10:00:00Z,1.334882,1.336559,1.334739,1.336559
2025-10-15T11:00:00Z,1.336452,1.336630,1.335007,1.335238
2025-10-15T12:00:00Z,1.335256,1.335541,1.334294,1.334632
2025-10-15T13:00:00Z,1.334597,1.335220,1.333636,1.335007
2025-10-15T14:00:00Z,1.335113,1.336559,1.334864,1.336523
2025-10-15T15:00:00Z,1.336523,1.340141,1.336416,1.339423
2025-10-15T16:00:00Z,1.339172,1.339405,1.338491,1.339154
2025-10-15T17:00:00Z,1.338885,1.338885,1.337292,1.337721
2025-10-15T18:00:00Z,1.337757,1.338598,1.337256,1.338276
2025-10-15T19:00:00Z,1.338527,1.339459,1.338401,1.339459
2025-10-15T20:00:00Z,1.339441,1.340626,1.339441,1.340159
2025-10-15T21:00:00Z,1.339369,1.340339,1.339244,1.339387
2025-10-15T22:00:00Z,1.340141,1.340770,1.339980,1.340429
2025-10-15T23:00:00Z,1.340411,1.340465,1.339926,1.340357
2025-10-16T00:00:00Z,1.340177,1.342877,1.340123,1.342336
2025-10-16T01:00:00Z,1.342444,1.344213,1.342426,1.343508
2025-10-16T02:00:00Z,1.343634,1.343978,1.342877,1.343219
2025-10-16T03:00:00Z,1.343057,1.343238,1.342246,1.342246
2025-10-16T04:00:00Z,1.342012,1.342354,1.341328,1.341454
2025-10-16T05:00:00Z,1.341562,1.342102,1.341310,1.341688
2025-10-16T06:00:00Z,1.342174,1.342282,1.340644,1.341184
2025-10-16T07:00:00Z,1.341202,1.342696,1.340950,1.342624
2025-10-16T08:00:00Z,1.342426,1.344267,1.342426,1.343797
2025-10-16T09:00:00Z,1.343761,1.344158,1.343346,1.343616
2025-10-16T10:00:00Z,1.343526,1.344755,1.343093,1.343472
2025-10-16T11:00:00Z,1.343238,1.344502,1.342318,1.344032
2025-10-16T12:00:00Z,1.343743,1.344791,1.342498,1.344791
2025-10-16T13:00:00Z,1.344664,1.345424,1.342084,1.342084
2025-10-16T14:00:00Z,1.342102,1.343544,1.341490,1.343436
2025-10-16T15:00:00Z,1.343418,1.343526,1.341940,1.342282
2025-10-16T16:00:00Z,1.342750,1.343346,1.341670,1.342750
2025-10-16T17:00:00Z,1.342750,1.344809,1.342750,1.343779
2025-10-16T18:00:00Z,1.343869,1.343869,1.342156,1.343653
2025-10-16T19:00:00Z,1.343346,1.343869,1.343057,1.343508
2025-10-16T20:00:00Z,1.343364,1.343725,1.343129,1.343364
2025-10-16T21:00:00Z,1.344086,1.344755,1.343039,1.343779
2025-10-16T22:00:00Z,1.343905,1.344429,1.343797,1.343851
2025-10-16T23:00:00Z,1.343779,1.344574,1.343743,1.344466
2025-10-17T00:00:00Z,1.344466,1.345225,1.344032,1.344845
2025-10-17T01:00:00Z,1.344827,1.345080,1.343887,1.343887
2025-10-17T02:00:00Z,1.343905,1.344845,1.343183,1.344429
2025-10-17T03:00:00Z,1.344429,1.345135,1.344429,1.344863
2025-10-17T04:00:00Z,1.345008,1.345388,1.344701,1.345225
2025-10-17T05:00:00Z,1.345352,1.347092,1.345352,1.346820
2025-10-17T06:00:00Z,1.346892,1.347146,1.345044,1.345623
2025-10-17T07:00:00Z,1.345334,1.345768,1.342552,1.343274
2025-10-17T08:00:00Z,1.343707,1.343707,1.341364,1.342534
2025-10-17T09:00:00Z,1.342426,1.343941,1.342426,1.343653
2025-10-17T10:00:00Z,1.343436,1.344140,1.342877,1.343508
2025-10-17T11:00:00Z,1.343093,1.344375,1.343093,1.343508
2025-10-17T12:00:00Z,1.343400,1.343508,1.340950,1.341346
2025-10-17T13:00:00Z,1.341130,1.342084,1.340159,1.340267
2025-10-17T14:00:00Z,1.340590,1.340824,1.339226,1.339298
2025-10-17T15:00:00Z,1.339477,1.342138,1.339208,1.342102
2025-10-17T16:00:00Z,1.342030,1.343093,1.341400,1.341634
2025-10-17T17:00:00Z,1.341778,1.342480,1.341148,1.341814
2025-10-17T18:00:00Z,1.341508,1.343905,1.341508,1.343436
2025-10-17T19:00:00Z,1.343580,1.343725,1.342877,1.343725
2025-10-17T20:00:00Z,1.343815,1.343815,1.342300,1.342552
2025-10-17T21:00:00Z,1.342570,1.342570,1.342570,1.342570
2025-10-19T23:00:00Z,1.342624,1.343075,1.342516,1.342552
2025-10-20T00:00:00Z,1.342660,1.343472,1.342246,1.343472
2025-10-20T01:00:00Z,1.343454,1.343671,1.342805,1.343310
2025-10-20T02:00:00Z,1.343418,1.344321,1.343310,1.343616
2025-10-20T03:00:00Z,1.343562,1.344086,1.343490,1.344014
2025-10-20T04:00:00Z,1.344050,1.344321,1.343671,1.343671
2025-10-20T05:00:00Z,1.343436,1.344122,1.343436,1.344068
2025-10-20T06:00:00Z,1.343743,1.343797,1.341742,1.341760
2025-10-20T07:00:00Z,1.341580,1.342714,1.340644,1.341724
2025-10-20T08:00:00Z,1.341580,1.342877,1.341364,1.342787
2025-10-20T09:00:00Z,1.342696,1.343887,1.342624,1.342895
2025-10-20T10:00:00Z,1.343057,1.343057,1.340986,1.340986
2025-10-20T11:00:00Z,1.340806,1.341364,1.340123,1.341202
2025-10-20T12:00:00Z,1.341454,1.342985,1.341022,1.342714
2025-10-20T13:00:00Z,1.342552,1.342678,1.340339,1.340518
2025-10-20T14:00:00Z,1.340267,1.342390,1.340267,1.341688
2025-10-20T15:00:00Z,1.341580,1.342624,1.341238,1.342066
2025-10-20T16:00:00Z,1.342102,1.342354,1.341256,1.341634
2025-10-20T17:00:00Z,1.341562,1.341652,1.340267,1.340267
2025-10-20T18:00:00Z,1.340213,1.341184,1.340087,1.340968
2025-10-20T19:00:00Z,1.341220,1.341328,1.340572,1.340698
2025-10-20T20:00:00Z,1.340662,1.341004,1.340465,1.340572
2025-10-20T21:00:00Z,1.342624,1.342624,1.340590,1.340842
2025-10-20T22:00:00Z,1.340842,1.340968,1.340429,1.340447
2025-10-20T23:00:00Z,1.340447,1.340608,1.340357,1.340518
2025-10-21T00:00:00Z,1.340447,1.341616,1.340447,1.341490
2025-10-21T01:00:00Z,1.341382,1.341418,1.340051,1.340087
2025-10-21T02:00:00Z,1.339998,1.339998,1.339136,1.339316
2025-10-21T03:00:00Z,1.339351,1.339387,1.339029,1.339334
2025-10-21T04:00:00Z,1.339298,1.339387,1.338885,1.339262
2025-10-21T05:00:00Z,1.339280,1.339280,1.337489,1.337560
2025-10-21T06:00:00Z,1.337739,1.339280,1.337327,1.339136
2025-10-21T07:00:00Z,1.339351,1.339746,1.338204,1.339369
2025-10-21T08:00:00Z,1.339011,1.339011,1.337596,1.338079
2025-10-21T09:00:00Z,1.338169,1.339172,1.337596,1.338563
2025-10-21T10:00:00Z,1.338455,1.338760,1.336916,1.338366
2025-10-21T11:00:00Z,1.338366,1.339405,1.337327,1.338509
2025-10-21T12:00:00Z,1.338670,1.338760,1.337006,1.338706
2025-10-21T13:00:00Z,1.338670,1.338706,1.336327,1.337649
2025-10-21T14:00:00Z,1.337793,1.338598,1.336684,1.337310
2025-10-21T15:00:00Z,1.337453,1.339405,1.337453,1.338921
2025-10-21T16:00:00Z,1.339208,1.339603,1.337435,1.337435
2025-10-21T17:00:00Z,1.337292,1.337310,1.336559,1.337292
2025-10-21T18:00:00Z,1.337542,1.337703,1.337184,1.337310
2025-10-21T19:00:00Z,1.337417,1.337596,1.336988,1.337202
2025-10-21T20:00:00Z,1.337041,1.337059,1.336630,1.336952
2025-10-21T21:00:00Z,1.337453,1.337649,1.336702,1.337023
2025-10-21T22:00:00Z,1.337059,1.337113,1.336738,1.336863
2025-10-21T23:00:00Z,1.336845,1.336988,1.336470,1.336559
2025-10-22T00:00:00Z,1.336755,1.337417,1.336470,1.337184
2025-10-22T01:00:00Z,1.337274,1.337775,1.336898,1.337131
2025-10-22T02:00:00Z,1.337167,1.338007,1.337167,1.337757
2025-10-22T03:00:00Z,1.337649,1.337721,1.337167,1.337471
2025-10-22T04:00:00Z,1.337542,1.338025,1.337524,1.337972
2025-10-22T05:00:00Z,1.338079,1.338760,1.337954,1.338348
2025-10-22T06:00:00Z,1.334597,1.335203,1.333049,1.333529
2025-10-22T07:00:00Z,1.332907,1.333671,1.332090,1.332321
2025-10-22T08:00:00Z,1.332019,1.332516,1.331434,1.332126
2025-10-22T09:00:00Z,1.332143,1.332694,1.331700,1.331966
2025-10-22T10:00:00Z,1.331859,1.332232,1.330707,1.331345
2025-10-22T11:00:00Z,1.331327,1.333262,1.331221,1.332853
2025-10-22T12:00:00Z,1.332889,1.333867,1.331168,1.332481
2025-10-22T13:00:00Z,1.332516,1.334312,1.331806,1.334223
2025-10-22T14:00:00Z,1.334721,1.335613,1.334615,1.335541
2025-10-22T15:00:00Z,1.335631,1.337417,1.335631,1.337113
2025-10-22T16:00:00Z,1.337238,1.337578,1.336595,1.337220
2025-10-22T17:00:00Z,1.337095,1.337238,1.335863,1.336023
2025-10-22T18:00:00Z,1.336148,1.336148,1.335452,1.335595
2025-10-22T19:00:00Z,1.335631,1.336148,1.335417,1.335738
2025-10-22T20:00:00Z,1.335631,1.336202,1.335631,1.335648
2025-10-22T21:00:00Z,1.336202,1.336273,1.335203,1.335648
2025-10-22T22:00:00Z,1.335827,1.336059,1.335684,1.335684
2025-10-22T23:00:00Z,1.335577,1.335648,1.335042,1.335113
2025-10-23T00:00:00Z,1.335042,1.335096,1.334116,1.334597
2025-10-23T01:00:00Z,1.334721,1.334757,1.333992,1.333992
2025-10-23T02:00:00Z,1.333938,1.334063,1.333582,1.333742
2025-10-23T03:00:00Z,1.333778,1.334027,1.333315,1.333369
2025-10-23T04:00:00Z,1.333351,1.333956,1.333013,1.333956
2025-10-23T05:00:00Z,1.333938,1.334971,1.333920,1.334757
2025-10-23T06:00:00Z,1.334668,1.335720,1.334561,1.335024
2025-10-23T07:00:00Z,1.335007,1.335613,1.334615,1.335149
2025-10-23T08:00:00Z,1.335185,1.335595,1.334508,1.334989
2025-10-23T09:00:00Z,1.335042,1.335470,1.334900,1.334953
2025-10-23T10:00:00Z,1.334864,1.335220,1.333618,1.333760
2025-10-23T11:00:00Z,1.333760,1.334241,1.333476,1.333618
2025-10-23T12:00:00Z,1.333707,1.335024,1.332747,1.334437
2025-10-23T13:00:00Z,1.334561,1.334757,1.332569,1.332711
2025-10-23T14:00:00Z,1.333013,1.333689,1.332090,1.332197
2025-10-23T15:00:00Z,1.332410,1.332445,1.331186,1.332143
2025-10-23T16:00:00Z,1.332463,1.332587,1.331310,1.331310
2025-10-23T17:00:00Z,1.331398,1.332143,1.330867,1.331771
2025-10-23T18:00:00Z,1.331771,1.332463,1.331664,1.332392
2025-10-23T19:00:00Z,1.332694,1.332694,1.332356,1.332481
2025-10-23T20:00:00Z,1.332356,1.332871,1.332143,1.332694
2025-10-23T21:00:00Z,1.332552,1.333084,1.332392,1.332569
2025-10-23T22:00:00Z,1.332889,1.333013,1.332711,1.332711
2025-10-23T23:00:00Z,1.332747,1.332853,1.332463,1.332747
2025-10-24T00:00:00Z,1.332623,1.333244,1.332623,1.333067
2025-10-24T01:00:00Z,1.333031,1.333138,1.332179,1.332179
2025-10-24T02:00:00Z,1.332214,1.332605,1.331895,1.331895
2025-10-24T03:00:00Z,1.332001,1.332800,1.331948,1.332587
2025-10-24T04:00:00Z,1.332534,1.332534,1.331966,1.332143
2025-10-24T05:00:00Z,1.332108,1.332143,1.331292,1.331877
2025-10-24T06:00:00Z,1.332729,1.333369,1.331310,1.333191
2025-10-24T07:00:00Z,1.333067,1.333244,1.331558,1.331611
2025-10-24T08:00:00Z,1.331576,1.332694,1.330141,1.332179
2025-10-24T09:00:00Z,1.331913,1.332534,1.331452,1.332232
2025-10-24T10:00:00Z,1.332321,1.332516,1.331452,1.331824
2025-10-24T11:00:00Z,1.331576,1.331984,1.330176,1.330619
2025-10-24T12:00:00Z,1.330955,1.335559,1.330583,1.334543
2025-10-24T13:00:00Z,1.334419,1.335952,1.333298,1.333849
2025-10-24T14:00:00Z,1.333902,1.333902,1.329557,1.330106
2025-10-24T15:00:00Z,1.330052,1.330778,1.329257,1.329681
2025-10-24T16:00:00Z,1.329716,1.329893,1.328904,1.329593
2025-10-24T17:00:00Z,1.329716,1.330725,1.329716,1.330336
2025-10-24T18:00:00Z,1.330283,1.330707,1.330052,1.330460
2025-10-24T19:00:00Z,1.330619,1.331221,1.330336,1.331221
2025-10-24T20:00:00Z,1.331381,1.331788,1.330760,1.331310
2025-10-24T21:00:00Z,1.331363,1.331363,1.331363,1.331363
2025-10-27T00:00:00Z,1.332374,1.332818,1.331895,1.332463
2025-10-27T01:00:00Z,1.332285,1.333582,1.332285,1.332942
2025-10-27T02:00:00Z,1.332747,1.332818,1.332143,1.332392
2025-10-27T03:00:00Z,1.332321,1.332694,1.332072,1.332179
2025-10-27T04:00:00Z,1.332250,1.332250,1.331327,1.331647
2025-10-27T05:00:00Z,1.331700,1.332250,1.331363,1.332072
2025-10-27T06:00:00Z,1.332214,1.333387,1.332214,1.332410
2025-10-27T07:00:00Z,1.332569,1.332569,1.331150,1.331664
2025-10-27T08:00:00Z,1.331398,1.333404,1.331150,1.332800
2025-10-27T09:00:00Z,1.332676,1.334704,1.332392,1.334579
2025-10-27T10:00:00Z,1.334472,1.335113,1.334258,1.334508
2025-10-27T11:00:00Z,1.334383,1.335292,1.333814,1.335060
2025-10-27T12:00:00Z,1.334650,1.335238,1.334294,1.334739
2025-10-27T13:00:00Z,1.335007,1.335167,1.332747,1.333422
2025-10-27T14:00:00Z,1.333636,1.333636,1.332729,1.333102
2025-10-27T15:00:00Z,1.332924,1.333298,1.331966,1.332942
2025-10-27T16:00:00Z,1.332978,1.333511,1.332481,1.333511
2025-10-27T17:00:00Z,1.333582,1.333902,1.333369,1.333404
2025-10-27T18:00:00Z,1.333404,1.333902,1.332498,1.333902
2025-10-27T19:00:00Z,1.333618,1.333725,1.332960,1.333547
2025-10-27T20:00:00Z,1.333653,1.333938,1.333333,1.333742
2025-10-27T21:00:00Z,1.333689,1.333992,1.333653,1.333778
2025-10-27T22:00:00Z,1.333956,1.334045,1.333600,1.333974
2025-10-27T23:00:00Z,1.334045,1.334472,1.333902,1.334116
2025-10-28T00:00:00Z,1.333992,1.335327,1.333814,1.335078
2025-10-28T01:00:00Z,1.335007,1.335827,1.334846,1.335185
2025-10-28T02:00:00Z,1.335363,1.335880,1.334935,1.334935
2025-10-28T03:00:00Z,1.335060,1.335755,1.334989,1.335648
2025-10-28T04:00:00Z,1.335648,1.336702,1.335559,1.336630
2025-10-28T05:00:00Z,1.336684,1.337006,1.336130,1.336291
2025-10-28T06:00:00Z,1.336291,1.336720,1.335292,1.335292
2025-10-28T07:00:00Z,1.335113,1.335238,1.333244,1.333565
2025-10-28T08:00:00Z,1.333600,1.333653,1.330247,1.330796
2025-10-28T09:00:00Z,1.330778,1.332126,1.330176,1.331735
2025-10-28T10:00:00Z,1.331788,1.332889,1.331274,1.332552
2025-10-28T11:00:00Z,1.332356,1.332481,1.330513,1.330831
2025-10-28T12:00:00Z,1.330920,1.331292,1.328127,1.328515
2025-10-28T13:00:00Z,1.328356,1.328498,1.324872,1.325996
2025-10-28T14:00:00Z,1.325486,1.327880,1.325486,1.327739
2025-10-28T15:00:00Z,1.327810,1.328374,1.326946,1.327704
2025-10-28T16:00:00Z,1.327721,1.329080,1.327510,1.328974
2025-10-28T17:00:00Z,1.328762,1.328780,1.327669,1.327739
2025-10-28T18:00:00Z,1.327792,1.328215,1.327087,1.328004
2025-10-28T19:00:00Z,1.328145,1.328392,1.327334,1.327334
2025-10-28T20:00:00Z,1.327299,1.327933,1.327105,1.327193
2025-10-28T21:00:00Z,1.327105,1.327686,1.327105,1.327475
2025-10-28T22:00:00Z,1.327351,1.327492,1.327070,1.327193
2025-10-28T23:00:00Z,1.327193,1.327686,1.326999,1.327686
2025-10-29T00:00:00Z,1.327792,1.328074,1.327228,1.327228
2025-10-29T01:00:00Z,1.327316,1.327387,1.326471,1.326471
2025-10-29T02:00:00Z,1.326665,1.326788,1.325803,1.326401
2025-10-29T03:00:00Z,1.326401,1.326401,1.325153,1.325258
2025-10-29T04:00:00Z,1.325346,1.325522,1.325047,1.325135
2025-10-29T05:00:00Z,1.325065,1.325170,1.323522,1.323539
2025-10-29T06:00:00Z,1.323592,1.324030,1.322611,1.322664
2025-10-29T07:00:00Z,1.322419,1.323399,1.322332,1.322874
2025-10-29T08:00:00Z,1.322874,1.322874,1.320987,1.321091
2025-10-29T09:00:00Z,1.320795,1.322734,1.319940,1.322192
2025-10-29T10:00:00Z,1.322087,1.322314,1.321545,1.321912
2025-10-29T11:00:00Z,1.321912,1.322506,1.321615,1.321895
2025-10-29T12:00:00Z,1.321912,1.322069,1.319888,1.320324
2025-10-29T13:00:00Z,1.320655,1.322332,1.319644,1.320673
2025-10-29T14:00:00Z,1.320777,1.322699,1.320376,1.322664
2025-10-29T15:00:00Z,1.323311,1.324451,1.322804,1.324240
2025-10-29T16:00:00Z,1.324135,1.324328,1.322786,1.322786
2025-10-29T17:00:00Z,1.322874,1.323189,1.321720,1.322611
2025-10-29T18:00:00Z,1.321144,1.322419,1.314786,1.316188
2025-10-29T19:00:00Z,1.316985,1.319453,1.315063,1.319453
2025-10-29T20:00:00Z,1.319418,1.320080,1.318166,1.319575
2025-10-29T21:00:00Z,1.319575,1.319940,1.318809,1.319592
2025-10-29T22:00:00Z,1.319557,1.319836,1.319348,1.319400
2025-10-29T23:00:00Z,1.319470,1.319853,1.319296,1.319522
2025-10-30T00:00:00Z,1.319453,1.320742,1.318826,1.320498
2025-10-30T01:00:00Z,1.320568,1.320795,1.319766,1.320690
2025-10-30T02:00:00Z,1.320690,1.320987,1.320376,1.320428
2025-10-30T03:00:00Z,1.320638,1.320952,1.319836,1.320271
2025-10-30T04:00:00Z,1.320271,1.321790,1.320149,1.321720
2025-10-30T05:00:00Z,1.321842,1.321842,1.320934,1.321039
2025-10-30T06:00:00Z,1.321021,1.321440,1.319801,1.320341
2025-10-30T07:00:00Z,1.320080,1.321248,1.319314,1.319749
2025-10-30T08:00:00Z,1.319853,1.321074,1.318878,1.320830
2025-10-30T09:00:00Z,1.320952,1.320969,1.318548,1.318931
2025-10-30T10:00:00Z,1.318878,1.318965,1.317610,1.317697
2025-10-30T11:00:00Z,1.317523,1.319070,1.317523,1.317922
2025-10-30T12:00:00Z,1.317853,1.318461,1.313681,1.313681
2025-10-30T13:00:00Z,1.313543,1.316448,1.312009,1.315668
2025-10-30T14:00:00Z,1.315668,1.317818,1.315443,1.315651
2025-10-30T15:00:00Z,1.315841,1.316794,1.314613,1.314700
2025-10-30T16:00:00Z,1.314838,1.316032,1.313836,1.315616
2025-10-30T17:00:00Z,1.315426,1.315893,1.314682,1.315409
2025-10-30T18:00:00Z,1.315253,1.315720,1.314648,1.314665
2025-10-30T19:00:00Z,1.314994,1.315045,1.314009,1.314579
2025-10-30T20:00:00Z,1.314458,1.315582,1.314458,1.314994
2025-10-30T21:00:00Z,1.314769,1.315426,1.314319,1.315409
2025-10-30T22:00:00Z,1.315426,1.315478,1.315097,1.315374
2025-10-30T23:00:00Z,1.315357,1.316032,1.315097,1.315911
2025-10-31T00:00:00Z,1.315980,1.316153,1.315599,1.316067
2025-10-31T01:00:00Z,1.315963,1.316465,1.315391,1.315391
2025-10-31T02:00:00Z,1.315391,1.315789,1.315132,1.315374
2025-10-31T03:00:00Z,1.315340,1.315565,1.315097,1.315201
2025-10-31T04:00:00Z,1.315166,1.315772,1.315166,1.315703
2025-10-31T05:00:00Z,1.315720,1.315720,1.314838,1.315080
2025-10-31T06:00:00Z,1.315045,1.315738,1.313871,1.314060
2025-10-31T07:00:00Z,1.314164,1.314907,1.312594,1.314648
2025-10-31T08:00:00Z,1.314319,1.314631,1.313871,1.314181
2025-10-31T09:00:00Z,1.314026,1.314838,1.313456,1.314423
2025-10-31T10:00:00Z,1.314544,1.314803,1.312991,1.313077
2025-10-31T11:00:00Z,1.313163,1.314026,1.311733,1.312939
2025-10-31T12:00:00Z,1.312801,1.312836,1.310599,1.310599
2025-10-31T13:00:00Z,1.310444,1.311613,1.309826,1.311613
2025-10-31T14:00:00Z,1.311441,1.312698,1.310513,1.312543
2025-10-31T15:00:00Z,1.312508,1.313853,1.311906,1.313819
2025-10-31T16:00:00Z,1.314026,1.314233,1.312801,1.312801
2025-10-31T17:00:00Z,1.312870,1.313698,1.312353,1.313318
2025-10-31T18:00:00Z,1.313146,1.314268,1.313094,1.313905
2025-10-31T19:00:00Z,1.313922,1.314475,1.313629,1.313629
2025-10-31T20:00:00Z,1.313871,1.315253,1.313853,1.315253
2025-10-31T21:00:00Z,1.315409,1.315409,1.315409,1.315409
2025-11-03T00:00:00Z,1.313629,1.313750,1.313060,1.313577
2025-11-03T01:00:00Z,1.313405,1.313733,1.313318,1.313543
2025-11-03T02:00:00Z,1.313456,1.314233,1.313405,1.313888
2025-11-03T03:00:00Z,1.313888,1.314164,1.313819,1.313991
2025-11-03T04:00:00Z,1.314043,1.314527,1.314009,1.314181
2025-11-03T05:00:00Z,1.314233,1.314561,1.314043,1.314268
2025-11-03T06:00:00Z,1.314337,1.314942,1.314250,1.314700
2025-11-03T07:00:00Z,1.314631,1.314907,1.313508,1.313836
2025-11-03T08:00:00Z,1.313629,1.313629,1.311871,1.312405
2025-11-03T09:00:00Z,1.312302,1.313439,1.311888,1.312560
2025-11-03T10:00:00Z,1.312439,1.313922,1.312215,1.313077
2025-11-03T11:00:00Z,1.313042,1.313940,1.312525,1.312836
2025-11-03T12:00:00Z,1.312801,1.314648,1.312680,1.314112
2025-11-03T13:00:00Z,1.313871,1.313871,1.312181,1.312629
2025-11-03T14:00:00Z,1.312698,1.312698,1.311097,1.311458
2025-11-03T15:00:00Z,1.312095,1.314665,1.311888,1.314665
2025-11-03T16:00:00Z,1.314700,1.314976,1.314233,1.314821
2025-11-03T17:00:00Z,1.314700,1.316240,1.314319,1.314544
2025-11-03T18:00:00Z,1.314561,1.314838,1.313646,1.313905
2025-11-03T19:00:00Z,1.313905,1.314164,1.313698,1.313802
2025-11-03T20:00:00Z,1.313922,1.314216,1.313750,1.313957
2025-11-03T21:00:00Z,1.313784,1.314216,1.313629,1.314078
2025-11-03T22:00:00Z,1.314112,1.314423,1.313733,1.313802
2025-11-03T23:00:00Z,1.313802,1.313922,1.313508,1.313508
2025-11-04T00:00:00Z,1.313146,1.313180,1.312009,1.312525
2025-11-04T01:00:00Z,1.312319,1.312732,1.311923,1.312508
2025-11-04T02:00:00Z,1.312388,1.312629,1.311871,1.312353
2025-11-04T03:00:00Z,1.312543,1.313353,1.312525,1.312818
2025-11-04T04:00:00Z,1.312818,1.313267,1.312405,1.312405
2025-11-04T05:00:00Z,1.312353,1.312560,1.311974,1.312181
2025-11-04T06:00:00Z,1.312129,1.312680,1.311768,1.312422
2025-11-04T07:00:00Z,1.312164,1.313888,1.311871,1.312147
2025-11-04T08:00:00Z,1.312043,1.312043,1.308849,1.309243
2025-11-04T09:00:00Z,1.309363,1.309535,1.306029,1.306319
2025-11-04T10:00:00Z,1.306302,1.307856,1.306302,1.307326
2025-11-04T11:00:00Z,1.307514,1.307514,1.305790,1.305875
2025-11-04T12:00:00Z,1.306029,1.306848,1.305483,1.306711
2025-11-04T13:00:00Z,1.306524,1.306848,1.305756,1.305756
2025-11-04T14:00:00Z,1.305739,1.306438,1.303458,1.304649
2025-11-04T15:00:00Z,1.304853,1.305722,1.304308,1.304614
2025-11-04T16:00:00Z,1.304819,1.305210,1.304087,1.304342
2025-11-04T17:00:00Z,1.304393,1.304529,1.302745,1.302932
2025-11-04T18:00:00Z,1.302847,1.302847,1.301897,1.302355
2025-11-04T19:00:00Z,1.302355,1.302643,1.301439,1.301524
2025-11-04T20:00:00Z,1.301372,1.302490,1.301118,1.301931
2025-11-04T21:00:00Z,1.301931,1.302355,1.301626,1.302083
2025-11-04T22:00:00Z,1.302932,1.303135,1.301863,1.302745
2025-11-04T23:00:00Z,1.302372,1.302423,1.302016,1.302151
2025-11-05T00:00:00Z,1.302134,1.302321,1.301541,1.301948
2025-11-05T01:00:00Z,1.301846,1.302423,1.301118,1.301626
2025-11-05T02:00:00Z,1.302117,1.302270,1.301490,1.301609
2025-11-05T03:00:00Z,1.301795,1.302050,1.301609,1.302050
2025-11-05T04:00:00Z,1.302185,1.302711,1.302066,1.302609
2025-11-05T05:00:00Z,1.302541,1.303050,1.302270,1.302270
2025-11-05T06:00:00Z,1.302287,1.303067,1.302287,1.302915
2025-11-05T07:00:00Z,1.302626,1.303101,1.302032,1.302779
2025-11-05T08:00:00Z,1.302830,1.304938,1.302830,1.304597
2025-11-05T09:00:00Z,1.304682,1.305159,1.303475,1.304019
2025-11-05T10:00:00Z,1.303730,1.303730,1.302524,1.302524
2025-11-05T11:00:00Z,1.302643,1.303628,1.301253,1.303543
2025-11-05T12:00:00Z,1.303832,1.304649,1.303475,1.304240
2025-11-05T13:00:00Z,1.304206,1.304649,1.302626,1.302626
2025-11-05T14:00:00Z,1.302558,1.303458,1.302117,1.303271
2025-11-05T15:00:00Z,1.301473,1.304631,1.301473,1.304189
2025-11-05T16:00:00Z,1.304172,1.304938,1.303237,1.304887
2025-11-05T17:00:00Z,1.304785,1.304938,1.303628,1.303900
2025-11-05T18:00:00Z,1.303849,1.304563,1.303849,1.304563
2025-11-05T19:00:00Z,1.304495,1.304768,1.304325,1.304563
2025-11-05T20:00:00Z,1.304768,1.305227,1.304734,1.305108
2025-11-05T21:00:00Z,1.304768,1.305483,1.304768,1.304887
2025-11-05T22:00:00Z,1.304649,1.305347,1.304649,1.304955
2025-11-05T23:00:00Z,1.305023,1.305347,1.304682,1.305227
2025-11-06T00:00:00Z,1.305176,1.305995,1.305125,1.305995
2025-11-06T01:00:00Z,1.306097,1.306506,1.305960,1.306353
2025-11-06T02:00:00Z,1.306319,1.306438,1.305824,1.306012
2025-11-06T03:00:00Z,1.306012,1.306489,1.305807,1.306387
2025-11-06T04:00:00Z,1.306404,1.306540,1.305773,1.306267
2025-11-06T05:00:00Z,1.306250,1.306489,1.305807,1.306131
2025-11-06T06:00:00Z,1.306080,1.306780,1.305381,1.305500
2025-11-06T07:00:00Z,1.305483,1.307172,1.305466,1.306336
2025-11-06T08:00:00Z,1.306302,1.308746,1.306012,1.308592
2025-11-06T09:00:00Z,1.308301,1.308935,1.307839,1.308079
2025-11-06T10:00:00Z,1.307805,1.308712,1.307805,1.307908
2025-11-06T11:00:00Z,1.308164,1.309552,1.307873,1.309226
2025-11-06T12:00:00Z,1.307002,1.310358,1.306233,1.310066
2025-11-06T13:00:00Z,1.309861,1.312439,1.309518,1.310908
2025-11-06T14:00:00Z,1.310633,1.310925,1.308370,1.308489
2025-11-06T15:00:00Z,1.308764,1.310479,1.308318,1.310255
2025-11-06T16:00:00Z,1.310221,1.311063,1.309792,1.310513
2025-11-06T17:00:00Z,1.310960,1.312474,1.310444,1.312215
2025-11-06T18:00:00Z,1.312181,1.314268,1.312078,1.313991
2025-11-06T19:00:00Z,1.313871,1.314199,1.313025,1.313267
2025-11-06T20:00:00Z,1.313456,1.313991,1.313267,1.313646
2025-11-06T21:00:00Z,1.313646,1.314009,1.313439,1.313784
2025-11-06T22:00:00Z,1.313215,1.313543,1.312939,1.313249
2025-11-06T23:00:00Z,1.313715,1.314199,1.313560,1.314043
2025-11-07T00:00:00Z,1.313974,1.314164,1.313025,1.313025
2025-11-07T01:00:00Z,1.312870,1.312973,1.312456,1.312594
2025-11-07T02:00:00Z,1.312749,1.313094,1.312043,1.312284
2025-11-07T03:00:00Z,1.312405,1.312405,1.311579,1.311923
2025-11-07T04:00:00Z,1.311871,1.311923,1.311596,1.311751
2025-11-07T05:00:00Z,1.311751,1.312284,1.311596,1.311957
2025-11-07T06:00:00Z,1.311992,1.312095,1.311424,1.311424
2025-11-07T07:00:00Z,1.311579,1.312543,1.311389,1.312543
2025-11-07T08:00:00Z,1.312474,1.312663,1.310255,1.310324
2025-11-07T09:00:00Z,1.310221,1.310565,1.309603,1.309843
2025-11-07T10:00:00Z,1.309809,1.311046,1.309758,1.311046
2025-11-07T11:00:00Z,1.310685,1.312370,1.310685,1.312164
2025-11-07T12:00:00Z,1.311992,1.312887,1.311028,1.311561
2025-11-07T13:00:00Z,1.311682,1.313767,1.311630,1.313163
2025-11-07T14:00:00Z,1.312991,1.315045,1.312991,1.314976
2025-11-07T15:00:00Z,1.315530,1.317367,1.314596,1.315201
2025-11-07T16:00:00Z,1.315322,1.317107,1.315322,1.316274
2025-11-07T17:00:00Z,1.316240,1.317176,1.315772,1.317159
2025-11-07T18:00:00Z,1.317141,1.317506,1.316742,1.316864
2025-11-07T19:00:00Z,1.316742,1.317263,1.315720,1.315824
2025-11-07T20:00:00Z,1.315807,1.316552,1.315807,1.316396
2025-11-07T21:00:00Z,1.316378,1.316794,1.315443,1.316465
2025-11-07T22:00:00Z,1.316361,1.316361,1.316361,1.316361
2025-11-10T00:00:00Z,1.314181,1.314924,1.313819,1.314579
2025-11-10T01:00:00Z,1.314371,1.315512,1.314147,1.315132
2025-11-10T02:00:00Z,1.315166,1.315253,1.314648,1.314924
2025-11-10T03:00:00Z,1.314907,1.314976,1.314337,1.314700
2025-11-10T04:00:00Z,1.314734,1.315478,1.314613,1.315426
2025-11-10T05:00:00Z,1.315270,1.316049,1.315132,1.315495
2025-11-10T06:00:00Z,1.315547,1.315841,1.314060,1.314164
2025-11-10T07:00:00Z,1.314440,1.316673,1.314440,1.315945
2025-11-10T08:00:00Z,1.315772,1.318357,1.315703,1.317488
2025-11-10T09:00:00Z,1.317523,1.317940,1.316794,1.317488
2025-11-10T10:00:00Z,1.317349,1.317523,1.315824,1.316049
2025-11-10T11:00:00Z,1.316049,1.317731,1.315270,1.317731
2025-11-10T12:00:00Z,1.317731,1.318826,1.317610,1.318392
2025-11-10T13:00:00Z,1.318113,1.319122,1.317141,1.317436
2025-11-10T14:00:00Z,1.317506,1.317506,1.315305,1.316760
2025-11-10T15:00:00Z,1.316534,1.316951,1.314838,1.314838
2025-11-10T16:00:00Z,1.314855,1.316309,1.314855,1.315547
2025-11-10T17:00:00Z,1.315686,1.318044,1.315651,1.317957
2025-11-10T18:00:00Z,1.317870,1.318513,1.317801,1.317905
2025-11-10T19:00:00Z,1.317992,1.318479,1.317992,1.318148
2025-11-10T20:00:00Z,1.318027,1.318479,1.318027,1.318200
2025-11-10T21:00:00Z,1.318131,1.318235,1.317384,1.317575
2025-11-10T22:00:00Z,1.317662,1.317905,1.317297,1.317523
2025-11-10T23:00:00Z,1.317506,1.317853,1.317263,1.317297
2025-11-11T00:00:00Z,1.317280,1.317523,1.316586,1.316586
2025-11-11T01:00:00Z,1.316534,1.316552,1.315859,1.316413
2025-11-11T02:00:00Z,1.316604,1.316864,1.316153,1.316378
2025-11-11T03:00:00Z,1.316361,1.317089,1.316361,1.316951
2025-11-11T04:00:00Z,1.316881,1.317228,1.316396,1.316586
2025-11-11T05:00:00Z,1.316638,1.317211,1.316396,1.316621
2025-11-11T06:00:00Z,1.316690,1.317141,1.315391,1.315391
2025-11-11T07:00:00Z,1.312680,1.313922,1.312215,1.312508
2025-11-11T08:00:00Z,1.312767,1.313525,1.312164,1.312456
2025-11-11T09:00:00Z,1.312181,1.313387,1.311785,1.312818
2025-11-11T10:00:00Z,1.312905,1.314130,1.312250,1.314009
2025-11-11T11:00:00Z,1.313940,1.315218,1.313422,1.314959
2025-11-11T12:00:00Z,1.314873,1.315443,1.313974,1.314371
2025-11-11T13:00:00Z,1.314268,1.317836,1.314268,1.317349
2025-11-11T14:00:00Z,1.317245,1.318444,1.316257,1.318096
2025-11-11T15:00:00Z,1.318079,1.318079,1.316067,1.317644
2025-11-11T16:00:00Z,1.317367,1.317922,1.316846,1.317228
2025-11-11T17:00:00Z,1.317228,1.317922,1.316985,1.317610
2025-11-11T18:00:00Z,1.317384,1.317853,1.317193,1.317540
2025-11-11T19:00:00Z,1.317540,1.317540,1.316586,1.316690
2025-11-11T20:00:00Z,1.316725,1.317072,1.316205,1.316240
2025-11-11T21:00:00Z,1.316292,1.316292,1.314890,1.315045
2025-11-11T22:00:00Z,1.315063,1.316916,1.315063,1.315184
2025-11-11T23:00:00Z,1.315236,1.315409,1.314821,1.315322
2025-11-12T00:00:00Z,1.315288,1.315305,1.314319,1.314319
2025-11-12T01:00:00Z,1.314164,1.314440,1.313784,1.313940
2025-11-12T02:00:00Z,1.313940,1.314406,1.313836,1.313940
2025-11-12T03:00:00Z,1.313819,1.314250,1.313594,1.314130
2025-11-12T04:00:00Z,1.314060,1.314060,1.312922,1.313094
2025-11-12T05:00:00Z,1.313077,1.313940,1.312922,1.313525
2025-11-12T06:00:00Z,1.313336,1.314181,1.313111,1.314181
2025-11-12T07:00:00Z,1.314233,1.314907,1.314009,1.314475
2025-11-12T08:00:00Z,1.314734,1.315530,1.311802,1.311837
2025-11-12T09:00:00Z,1.311733,1.313008,1.311630,1.311630
2025-11-12T10:00:00Z,1.311665,1.312784,1.311149,1.312474
2025-11-12T11:00:00Z,1.312577,1.313646,1.311630,1.313646
2025-11-12T12:00:00Z,1.313819,1.313819,1.310925,1.311751
2025-11-12T13:00:00Z,1.311854,1.312164,1.309826,1.310461
2025-11-12T14:00:00Z,1.310513,1.310719,1.308575,1.309775
2025-11-12T15:00:00Z,1.309792,1.313146,1.309792,1.313146
2025-11-12T16:00:00Z,1.313249,1.313629,1.312887,1.313025
2025-11-12T17:00:00Z,1.313042,1.313974,1.313042,1.313853
2025-11-12T18:00:00Z,1.313957,1.314440,1.313819,1.314060
2025-11-12T19:00:00Z,1.313974,1.314112,1.312870,1.312870
2025-11-12T20:00:00Z,1.312905,1.313336,1.312836,1.313215
2025-11-12T21:00:00Z,1.313146,1.313370,1.312474,1.313370
2025-11-12T22:00:00Z,1.312543,1.313456,1.312543,1.313163
2025-11-12T23:00:00Z,1.313301,1.313301,1.312698,1.312818
2025-11-13T00:00:00Z,1.312853,1.312853,1.311682,1.311751
2025-11-13T01:00:00Z,1.311768,1.312456,1.311149,1.312456
2025-11-13T02:00:00Z,1.312405,1.312732,1.311888,1.312525
2025-11-13T03:00:00Z,1.312612,1.312853,1.312267,1.312629
2025-11-13T04:00:00Z,1.312646,1.312749,1.312129,1.312388
2025-11-13T05:00:00Z,1.312353,1.312577,1.311613,1.311819
2025-11-13T06:00:00Z,1.311854,1.312302,1.311561,1.312233
2025-11-13T07:00:00Z,1.310994,1.314319,1.310341,1.314233
2025-11-13T08:00:00Z,1.314354,1.316812,1.313215,1.316812
2025-11-13T09:00:00Z,1.316430,1.316985,1.314319,1.315599
2025-11-13T10:00:00Z,1.315634,1.316344,1.315270,1.315616
2025-11-13T11:00:00Z,1.315409,1.316049,1.314423,1.314700
2025-11-13T12:00:00Z,1.314855,1.318305,1.314821,1.318305
2025-11-13T13:00:00Z,1.318461,1.318461,1.315980,1.316829
2025-11-13T14:00:00Z,1.317003,1.317853,1.316621,1.317818
2025-11-13T15:00:00Z,1.318061,1.319888,1.317419,1.319888
2025-11-13T16:00:00Z,1.319853,1.320952,1.319157,1.320952
2025-11-13T17:00:00Z,1.321144,1.321475,1.320620,1.321301
2025-11-13T18:00:00Z,1.321213,1.321371,1.319279,1.319679
2025-11-13T19:00:00Z,1.319679,1.319731,1.319157,1.319157
2025-11-13T20:00:00Z,1.319000,1.319487,1.318513,1.318513
2025-11-13T21:00:00Z,1.318531,1.319400,1.318513,1.319261
2025-11-13T22:00:00Z,1.319940,1.320045,1.316586,1.316586
2025-11-13T23:00:00Z,1.317697,1.317697,1.313750,1.315184
2025-11-14T00:00:00Z,1.315340,1.316188,1.313629,1.314734
2025-11-14T01:00:00Z,1.314786,1.315011,1.314268,1.314838
2025-11-14T02:00:00Z,1.314786,1.315149,1.314302,1.315011
2025-11-14T03:00:00Z,1.314803,1.315980,1.314544,1.314544
2025-11-14T04:00:00Z,1.314579,1.315028,1.314026,1.314440
2025-11-14T05:00:00Z,1.314527,1.315080,1.314216,1.314803
2025-11-14T06:00:00Z,1.314734,1.315824,1.314164,1.314354
2025-11-14T07:00:00Z,1.314613,1.315841,1.312749,1.314959
2025-11-14T08:00:00Z,1.314458,1.319035,1.310994,1.316898
2025-11-14T09:00:00Z,1.316569,1.317940,1.314959,1.315530
2025-11-14T10:00:00Z,1.315530,1.316015,1.314250,1.314458
2025-11-14T11:00:00Z,1.314285,1.314389,1.312491,1.313974
2025-11-14T12:00:00Z,1.313957,1.317940,1.313284,1.317731
2025-11-14T13:00:00Z,1.317975,1.317975,1.316084,1.316812
2025-11-14T14:00:00Z,1.316586,1.317662,1.314959,1.316067
2025-11-14T15:00:00Z,1.315789,1.315789,1.312612,1.313698
2025-11-14T16:00:00Z,1.314078,1.316292,1.314060,1.315755
2025-11-14T17:00:00Z,1.315530,1.316309,1.315270,1.316084
2025-11-14T18:00:00Z,1.316188,1.316344,1.315409,1.316136
2025-11-14T19:00:00Z,1.316274,1.316725,1.315755,1.316673
2025-11-14T20:00:00Z,1.316604,1.317055,1.316326,1.316881
2025-11-14T21:00:00Z,1.316881,1.317488,1.316604,1.317471
2025-11-14T22:00:00Z,1.317211,1.317211,1.317193,1.317193
2025-11-17T00:00:00Z,1.315928,1.315928,1.315149,1.315634
2025-11-17T01:00:00Z,1.315547,1.316517,1.315478,1.315651
2025-11-17T02:00:00Z,1.315443,1.315599,1.315201,1.315253
2025-11-17T03:00:00Z,1.315218,1.315218,1.314268,1.314544
2025-11-17T04:00:00Z,1.314561,1.315201,1.314561,1.315201
2025-11-17T05:00:00Z,1.315357,1.315512,1.314337,1.314354
2025-11-17T06:00:00Z,1.314354,1.315166,1.313750,1.315028
2025-11-17T07:00:00Z,1.315045,1.317593,1.315045,1.317523
2025-11-17T08:00:00Z,1.317540,1.318096,1.316170,1.316656
2025-11-17T09:00:00Z,1.316326,1.317540,1.316015,1.316517
2025-11-17T10:00:00Z,1.316604,1.317124,1.315340,1.315512
2025-11-17T11:00:00Z,1.315270,1.317957,1.315236,1.317940
2025-11-17T12:00:00Z,1.317783,1.319296,1.317783,1.318061
2025-11-17T13:00:00Z,1.318183,1.318757,1.317332,1.317349
2025-11-17T14:00:00Z,1.317245,1.317714,1.316361,1.316534
2025-11-17T15:00:00Z,1.316517,1.317818,1.316240,1.317818
2025-11-17T16:00:00Z,1.317766,1.317870,1.316708,1.317818
2025-11-17T17:00:00Z,1.317783,1.317992,1.316794,1.317037
2025-11-17T18:00:00Z,1.316985,1.317055,1.315997,1.316032
2025-11-17T19:00:00Z,1.316084,1.316500,1.314613,1.314613
2025-11-17T20:00:00Z,1.314579,1.315789,1.314579,1.315495
2025-11-17T21:00:00Z,1.315599,1.315963,1.315305,1.315305
2025-11-17T22:00:00Z,1.315841,1.316569,1.315495,1.315686
2025-11-17T23:00:00Z,1.315461,1.315738,1.315305,1.315495
2025-11-18T00:00:00Z,1.315478,1.315478,1.314544,1.314873
2025-11-18T01:00:00Z,1.314873,1.315495,1.314665,1.315236
2025-11-18T02:00:00Z,1.315080,1.315478,1.314976,1.315374
2025-11-18T03:00:00Z,1.315374,1.315565,1.314873,1.314873
2025-11-18T04:00:00Z,1.314924,1.316344,1.314596,1.316344
2025-11-18T05:00:00Z,1.316361,1.316465,1.316119,1.316170
2025-11-18T06:00:00Z,1.316032,1.316257,1.314907,1.314959
2025-11-18T07:00:00Z,1.315149,1.316240,1.315063,1.315201
2025-11-18T08:00:00Z,1.315063,1.317627,1.315063,1.315634
2025-11-18T09:00:00Z,1.315530,1.316049,1.315080,1.315305
2025-11-18T10:00:00Z,1.315288,1.315565,1.314389,1.314873
2025-11-18T11:00:00Z,1.314855,1.314873,1.313853,1.314043
2025-11-18T12:00:00Z,1.313819,1.315374,1.313819,1.315374
2025-11-18T13:00:00Z,1.315461,1.316101,1.313560,1.315461
2025-11-18T14:00:00Z,1.315565,1.316049,1.315097,1.315807
2025-11-18T15:00:00Z,1.315893,1.317159,1.314440,1.314475
2025-11-18T16:00:00Z,1.314510,1.314959,1.313698,1.314959
2025-11-18T17:00:00Z,1.315063,1.315063,1.313871,1.314147
2025-11-18T18:00:00Z,1.314164,1.315651,1.314164,1.315236
2025-11-18T19:00:00Z,1.315063,1.315720,1.315028,1.315530
2025-11-18T20:00:00Z,1.315565,1.315703,1.314631,1.314717
2025-11-18T21:00:00Z,1.314648,1.314959,1.314440,1.314440
2025-11-18T22:00:00Z,1.314354,1.315270,1.314354,1.314596
2025-11-18T23:00:00Z,1.314579,1.314924,1.314423,1.314769
2025-11-19T00:00:00Z,1.314752,1.314924,1.314043,1.314164
2025-11-19T01:00:00Z,1.314250,1.314250,1.313249,1.313353
2025-11-19T02:00:00Z,1.313387,1.314043,1.312973,1.313871
2025-11-19T03:00:00Z,1.313836,1.314440,1.313715,1.313957
2025-11-19T04:00:00Z,1.314026,1.314060,1.313353,1.314060
2025-11-19T05:00:00Z,1.314112,1.314665,1.313922,1.314596
2025-11-19T06:00:00Z,1.314752,1.315391,1.314475,1.315391
2025-11-19T07:00:00Z,1.314492,1.315063,1.313439,1.314285
2025-11-19T08:00:00Z,1.314631,1.314752,1.312456,1.312508
2025-11-19T09:00:00Z,1.312336,1.313715,1.311854,1.312767
2025-11-19T10:00:00Z,1.312767,1.312767,1.309775,1.310358
2025-11-19T11:00:00Z,1.310633,1.312646,1.310513,1.312594
2025-11-19T12:00:00Z,1.312991,1.312991,1.311682,1.311854
2025-11-19T13:00:00Z,1.311802,1.312939,1.311458,1.312078
2025-11-19T14:00:00Z,1.312164,1.312164,1.310616,1.310908
2025-11-19T15:00:00Z,1.310822,1.311458,1.307258,1.307976
2025-11-19T16:00:00Z,1.308010,1.308541,1.306967,1.307531
2025-11-19T17:00:00Z,1.307976,1.307976,1.305756,1.306848
2025-11-19T18:00:00Z,1.306882,1.307617,1.306370,1.306728
2025-11-19T19:00:00Z,1.306506,1.306506,1.304512,1.304512
2025-11-19T20:00:00Z,1.304700,1.305568,1.304580,1.305023
2025-11-19T21:00:00Z,1.304972,1.306131,1.304529,1.305995
2025-11-19T22:00:00Z,1.305670,1.306182,1.305670,1.305892
2025-11-19T23:00:00Z,1.305995,1.306302,1.305330,1.306046
2025-11-20T00:00:00Z,1.305960,1.305960,1.305023,1.305534
2025-11-20T01:00:00Z,1.305568,1.305568,1.304631,1.304631
2025-11-20T02:00:00Z,1.304614,1.305313,1.303951,1.305313
2025-11-20T03:00:00Z,1.305534,1.305534,1.304155,1.304682
2025-11-20T04:00:00Z,1.304665,1.306063,1.304546,1.305977
2025-11-20T05:00:00Z,1.305790,1.305892,1.305347,1.305347
2025-11-20T06:00:00Z,1.305159,1.306421,1.305159,1.306336
2025-11-20T07:00:00Z,1.305995,1.306967,1.305790,1.306950
2025-11-20T08:00:00Z,1.307053,1.307668,1.306114,1.306643
2025-11-20T09:00:00Z,1.306575,1.307925,1.306353,1.307925
2025-11-20T10:00:00Z,1.307976,1.308489,1.307326,1.307326
2025-11-20T11:00:00Z,1.307224,1.307651,1.306319,1.306643
2025-11-20T12:00:00Z,1.306540,1.306540,1.305722,1.305756
2025-11-20T13:00:00Z,1.305909,1.309775,1.305909,1.309775
2025-11-20T14:00:00Z,1.309500,1.312336,1.308335,1.311183
2025-11-20T15:00:00Z,1.311080,1.311166,1.308250,1.309415
2025-11-20T16:00:00Z,1.309449,1.310307,1.307651,1.307685
2025-11-20T17:00:00Z,1.307942,1.308198,1.306660,1.306933
2025-11-20T18:00:00Z,1.306745,1.308130,1.306745,1.307566
2025-11-20T19:00:00Z,1.307634,1.308781,1.307224,1.308764
2025-11-20T20:00:00Z,1.308644,1.308678,1.307053,1.307053
2025-11-20T21:00:00Z,1.307002,1.307395,1.306848,1.307292
2025-11-20T22:00:00Z,1.307036,1.307668,1.307036,1.307258
2025-11-20T23:00:00Z,1.307583,1.308575,1.307019,1.308387
2025-11-21T00:00:00Z,1.308318,1.308746,1.307651,1.308507
2025-11-21T01:00:00Z,1.308575,1.308729,1.307959,1.308318
2025-11-21T02:00:00Z,1.308284,1.308661,1.307566,1.308027
2025-11-21T03:00:00Z,1.308198,1.308849,1.307805,1.308746
2025-11-21T04:00:00Z,1.308729,1.309295,1.308609,1.309072
2025-11-21T05:00:00Z,1.309158,1.309655,1.308883,1.308935
2025-11-21T06:00:00Z,1.309175,1.309723,1.308918,1.309089
2025-11-21T07:00:00Z,1.307292,1.309175,1.307292,1.308250
2025-11-21T08:00:00Z,1.307873,1.310273,1.307377,1.309723
2025-11-21T09:00:00Z,1.309792,1.309792,1.306148,1.306148
2025-11-21T10:00:00Z,1.305653,1.306558,1.305227,1.306558
2025-11-21T11:00:00Z,1.306455,1.306933,1.304376,1.304614
2025-11-21T12:00:00Z,1.304734,1.308935,1.304002,1.308935
2025-11-21T13:00:00Z,1.309003,1.309449,1.308130,1.308438
2025-11-21T14:00:00Z,1.308404,1.309089,1.307019,1.309089
2025-11-21T15:00:00Z,1.309106,1.309638,1.307856,1.308507
2025-11-21T16:00:00Z,1.308455,1.309929,1.307514,1.309809
2025-11-21T17:00:00Z,1.310101,1.310633,1.308986,1.309998
2025-11-21T18:00:00Z,1.310066,1.310101,1.309243,1.309706
2025-11-21T19:00:00Z,1.309895,1.310977,1.309826,1.310290
2025-11-21T20:00:00Z,1.310307,1.310547,1.309964,1.310547
2025-11-21T21:00:00Z,1.310616,1.310839,1.309912,1.309912
2025-11-21T22:00:00Z,1.309775,1.309775,1.309775,1.309775
2025-11-24T00:00:00Z,1.309638,1.309638,1.308609,1.308935
2025-11-24T01:00:00Z,1.309020,1.309312,1.308832,1.308900
2025-11-24T02:00:00Z,1.308969,1.309964,1.308969,1.309603
2025-11-24T03:00:00Z,1.309655,1.310255,1.309500,1.309843
2025-11-24T04:00:00Z,1.309826,1.310324,1.309758,1.310204
2025-11-24T05:00:00Z,1.310152,1.310736,1.310118,1.310290
2025-11-24T06:00:00Z,1.310238,1.311080,1.309981,1.309981
2025-11-24T07:00:00Z,1.309706,1.309981,1.309055,1.309106
2025-11-24T08:00:00Z,1.309260,1.311011,1.309260,1.309655
2025-11-24T09:00:00Z,1.309346,1.309758,1.308935,1.309038
2025-11-24T10:00:00Z,1.309123,1.309792,1.309123,1.309295
2025-11-24T11:00:00Z,1.309295,1.309586,1.309038,1.309209
2025-11-24T12:00:00Z,1.309106,1.311596,1.308883,1.311303
2025-11-24T13:00:00Z,1.311321,1.311751,1.310616,1.310616
2025-11-24T14:00:00Z,1.310324,1.310530,1.308627,1.309329
2025-11-24T15:00:00Z,1.309278,1.309895,1.308147,1.309758
2025-11-24T16:00:00Z,1.309826,1.310668,1.309620,1.309620
2025-11-24T17:00:00Z,1.309655,1.310444,1.308678,1.310101
2025-11-24T18:00:00Z,1.310101,1.311630,1.310101,1.311630
2025-11-24T19:00:00Z,1.311527,1.311630,1.310633,1.310925
2025-11-24T20:00:00Z,1.310822,1.311200,1.310736,1.310925
2025-11-24T21:00:00Z,1.311011,1.311046,1.310393,1.310393
2025-11-24T22:00:00Z,1.310668,1.311183,1.310324,1.310994
2025-11-24T23:00:00Z,1.310805,1.310942,1.310513,1.310513
2025-11-25T00:00:00Z,1.310513,1.310839,1.310290,1.310839
2025-11-25T01:00:00Z,1.310908,1.311630,1.310788,1.310839
2025-11-25T02:00:00Z,1.310891,1.311321,1.310599,1.311321
2025-11-25T03:00:00Z,1.311475,1.311527,1.310015,1.310066
2025-11-25T04:00:00Z,1.310015,1.310015,1.309723,1.309843
2025-11-25T05:00:00Z,1.309912,1.310290,1.309603,1.310187
2025-11-25T06:00:00Z,1.310170,1.310685,1.309912,1.310496
2025-11-25T07:00:00Z,1.310839,1.312887,1.310839,1.312026
2025-11-25T08:00:00Z,1.312026,1.312784,1.311114,1.311114
2025-11-25T09:00:00Z,1.311235,1.313853,1.311200,1.313508
2025-11-25T10:00:00Z,1.313318,1.314078,1.312491,1.313094
2025-11-25T11:00:00Z,1.312680,1.312680,1.311097,1.311131
2025-11-25T12:00:00Z,1.310994,1.313594,1.310977,1.313577
2025-11-25T13:00:00Z,1.313387,1.315530,1.313387,1.315443
2025-11-25T14:00:00Z,1.315461,1.318218,1.315461,1.317940
2025-11-25T15:00:00Z,1.317801,1.319400,1.317436,1.317627
2025-11-25T16:00:00Z,1.317662,1.318531,1.317211,1.317211
2025-11-25T17:00:00Z,1.318531,1.320306,1.317697,1.320254
2025-11-25T18:00:00Z,1.320237,1.321318,1.320115,1.320603
2025-11-25T19:00:00Z,1.320673,1.321301,1.320097,1.321161
2025-11-25T20:00:00Z,1.321336,1.321423,1.315495,1.316170
2025-11-25T21:00:00Z,1.316257,1.317193,1.316222,1.316448
2025-11-25T22:00:00Z,1.316760,1.318270,1.316569,1.316673
2025-11-25T23:00:00Z,1.317089,1.317159,1.315876,1.315876
2025-11-26T00:00:00Z,1.316032,1.317315,1.316032,1.316812
2025-11-26T01:00:00Z,1.317089,1.318652,1.316656,1.317836
2025-11-26T02:00:00Z,1.317801,1.319331,1.317801,1.318739
2025-11-26T03:00:00Z,1.318739,1.319749,1.318739,1.319679
2025-11-26T04:00:00Z,1.319714,1.319731,1.318791,1.318878
2025-11-26T05:00:00Z,1.318774,1.319157,1.318774,1.319105
2025-11-26T06:00:00Z,1.319070,1.319749,1.318444,1.318913
2025-11-26T07:00:00Z,1.319244,1.319435,1.316621,1.317836
2025-11-26T08:00:00Z,1.318027,1.318774,1.316916,1.317228
2025-11-26T09:00:00Z,1.317332,1.318113,1.317141,1.317436
2025-11-26T10:00:00Z,1.317575,1.317679,1.315963,1.316257
2025-11-26T11:00:00Z,1.316067,1.319697,1.315166,1.317436
2025-11-26T12:00:00Z,1.316170,1.318809,1.313215,1.318374
2025-11-26T13:00:00Z,1.318392,1.321842,1.318027,1.319122
2025-11-26T14:00:00Z,1.318913,1.320533,1.318652,1.319993
2025-11-26T15:00:00Z,1.319697,1.323241,1.319697,1.322629
2025-11-26T16:00:00Z,1.322874,1.323697,1.322139,1.322611
2025-11-26T17:00:00Z,1.322594,1.323066,1.322017,1.322541
2025-11-26T18:00:00Z,1.322769,1.323434,1.322506,1.323434
2025-11-26T19:00:00Z,1.323434,1.323749,1.323119,1.323522
2025-11-26T20:00:00Z,1.323329,1.324100,1.323329,1.323627
2025-11-26T21:00:00Z,1.323714,1.324468,1.323504,1.324310
2025-11-26T22:00:00Z,1.324135,1.324416,1.323557,1.323925
2025-11-26T23:00:00Z,1.324258,1.324644,1.324100,1.324538
2025-11-27T00:00:00Z,1.324538,1.325047,1.324416,1.324942
2025-11-27T01:00:00Z,1.324924,1.325926,1.324924,1.325715
2025-11-27T02:00:00Z,1.326014,1.326242,1.325065,1.325135
2025-11-27T03:00:00Z,1.325188,1.325785,1.324854,1.325609
2025-11-27T04:00:00Z,1.325609,1.326841,1.325522,1.325680
2025-11-27T05:00:00Z,1.325768,1.326682,1.325768,1.326014
2025-11-27T06:00:00Z,1.326066,1.326348,1.324100,1.324293
2025-11-27T07:00:00Z,1.324275,1.324556,1.323031,1.323907
2025-11-27T08:00:00Z,1.323767,1.324205,1.321842,1.322332
2025-11-27T09:00:00Z,1.322332,1.322332,1.321091,1.321388
2025-11-27T10:00:00Z,1.321283,1.322751,1.321283,1.322664
2025-11-27T11:00:00Z,1.322541,1.323224,1.322157,1.323206
2025-11-27T12:00:00Z,1.322926,1.323504,1.322629,1.323346
2025-11-27T13:00:00Z,1.323574,1.324872,1.323399,1.324205
2025-11-27T14:00:00Z,1.324135,1.324591,1.322979,1.323452
2025-11-27T15:00:00Z,1.323487,1.325135,1.323311,1.325135
2025-11-27T16:00:00Z,1.325047,1.325522,1.324065,1.324416
2025-11-27T17:00:00Z,1.324433,1.324714,1.323101,1.323820
2025-11-27T18:00:00Z,1.323907,1.323907,1.323452,1.323469
2025-11-27T19:00:00Z,1.323557,1.323872,1.323522,1.323837
2025-11-27T20:00:00Z,1.323679,1.323872,1.323609,1.323767
2025-11-27T21:00:00Z,1.323907,1.324170,1.323714,1.324170
2025-11-27T22:00:00Z,1.324223,1.324223,1.323241,1.323732
2025-11-27T23:00:00Z,1.323679,1.324170,1.323679,1.324118
2025-11-28T00:00:00Z,1.324118,1.324521,1.323399,1.323627
2025-11-28T01:00:00Z,1.323890,1.324258,1.322944,1.323206
2025-11-28T02:00:00Z,1.323469,1.323784,1.323066,1.323609
2025-11-28T03:00:00Z,1.323504,1.324416,1.323294,1.324012
2025-11-28T04:00:00Z,1.323854,1.324328,1.323644,1.323802
2025-11-28T05:00:00Z,1.323907,1.324065,1.322821,1.323294
2025-11-28T06:00:00Z,1.323171,1.323434,1.321633,1.321667
2025-11-28T07:00:00Z,1.321685,1.321965,1.321248,1.321248
2025-11-28T08:00:00Z,1.321301,1.321301,1.320376,1.320393
2025-11-28T09:00:00Z,1.320289,1.322594,1.320202,1.321039
2025-11-28T10:00:00Z,1.320638,1.321371,1.320446,1.321021
2025-11-28T11:00:00Z,1.320847,1.321336,1.320254,1.320254
2025-11-28T12:00:00Z,1.320341,1.322069,1.320167,1.321702
2025-11-28T13:00:00Z,1.321790,1.322699,1.321318,1.322629
2025-11-28T14:00:00Z,1.322734,1.323049,1.321720,1.323049
2025-11-28T15:00:00Z,1.322979,1.325504,1.320795,1.325030
2025-11-28T16:00:00Z,1.324784,1.324995,1.323592,1.323662
2025-11-28T17:00:00Z,1.323662,1.323977,1.322769,1.323662
2025-11-28T18:00:00Z,1.323469,1.323784,1.323119,1.323784
2025-11-28T19:00:00Z,1.323872,1.324591,1.323802,1.324591
2025-11-28T20:00:00Z,1.324644,1.324696,1.324293,1.324293
2025-11-28T21:00:00Z,1.324310,1.324609,1.323276,1.323276
2025-11-28T22:00:00Z,1.323259,1.323259,1.323259,1.323259
2025-12-01T00:00:00Z,1.324047,1.324345,1.323749,1.323749
2025-12-01T01:00:00Z,1.323644,1.324696,1.323346,1.323837
2025-12-01T02:00:00Z,1.323749,1.323995,1.322541,1.322874
2025-12-01T03:00:00Z,1.322769,1.323119,1.322332,1.323066
2025-12-01T04:00:00Z,1.323119,1.323399,1.322734,1.322804
2025-12-01T05:00:00Z,1.322734,1.323136,1.322436,1.322436
2025-12-01T06:00:00Z,1.322157,1.322227,1.321126,1.321615
2025-12-01T07:00:00Z,1.322122,1.323522,1.321440,1.322279
2025-12-01T08:00:00Z,1.321685,1.322909,1.320742,1.321231
2025-12-01T09:00:00Z,1.321405,1.323504,1.321405,1.323294
2025-12-01T10:00:00Z,1.323329,1.323329,1.321947,1.322751
2025-12-01T11:00:00Z,1.322716,1.323609,1.321999,1.323329
2025-12-01T12:00:00Z,1.323416,1.327017,1.323416,1.326753
2025-12-01T13:00:00Z,1.326805,1.327422,1.326066,1.326823
2025-12-01T14:00:00Z,1.326612,1.326612,1.324503,1.325118
2025-12-01T15:00:00Z,1.325592,1.325768,1.323154,1.325381
2025-12-01T16:00:00Z,1.325258,1.325258,1.322436,1.322804
2025-12-01T17:00:00Z,1.322786,1.323189,1.322244,1.322436
2025-12-01T18:00:00Z,1.322541,1.322856,1.321388,1.321615
2025-12-01T19:00:00Z,1.321563,1.321563,1.320952,1.321126
2025-12-01T20:00:00Z,1.321336,1.321493,1.321039,1.321283
2025-12-01T21:00:00Z,1.321301,1.321510,1.321091,1.321423
2025-12-01T22:00:00Z,1.321650,1.322367,1.321144,1.321178
2025-12-01T23:00:00Z,1.321144,1.321301,1.320864,1.320952
2025-12-02T00:00:00Z,1.320952,1.321231,1.320585,1.320742
2025-12-02T01:00:00Z,1.320690,1.321423,1.320446,1.321266
2025-12-02T02:00:00Z,1.321196,1.321755,1.321126,1.321650
2025-12-02T03:00:00Z,1.321650,1.321790,1.321405,1.321772
2025-12-02T04:00:00Z,1.321877,1.322227,1.321633,1.321650
2025-12-02T05:00:00Z,1.321650,1.321737,1.321213,1.321545
2025-12-02T06:00:00Z,1.321475,1.321633,1.320847,1.321318
2025-12-02T07:00:00Z,1.321283,1.322034,1.320917,1.321615
2025-12-02T08:00:00Z,1.321650,1.321947,1.320917,1.321126
2025-12-02T09:00:00Z,1.321231,1.322069,1.320376,1.321371
2025-12-02T10:00:00Z,1.321126,1.321126,1.318166,1.319575
2025-12-02T11:00:00Z,1.319627,1.320132,1.319261,1.319853
2025-12-02T12:00:00Z,1.319818,1.321021,1.319714,1.321021
2025-12-02T13:00:00Z,1.320707,1.320934,1.319818,1.320638
2025-12-02T14:00:00Z,1.320742,1.321301,1.320184,1.321283
2025-12-02T15:00:00Z,1.321126,1.321248,1.318774,1.320341
2025-12-02T16:00:00Z,1.320219,1.320254,1.318287,1.318287
2025-12-02T17:00:00Z,1.318426,1.319575,1.318009,1.319400
2025-12-02T18:00:00Z,1.319453,1.320184,1.319139,1.319766
2025-12-02T19:00:00Z,1.319906,1.321248,1.319906,1.321231
2025-12-02T20:00:00Z,1.321039,1.321440,1.320707,1.321213
2025-12-02T21:00:00Z,1.321161,1.321615,1.320742,1.321405
2025-12-02T22:00:00Z,1.321965,1.321965,1.320411,1.320830
2025-12-02T23:00:00Z,1.321301,1.322139,1.321301,1.321912
2025-12-03T00:00:00Z,1.322069,1.322297,1.321842,1.322227
2025-12-03T01:00:00Z,1.322244,1.322769,1.322244,1.322716
2025-12-03T02:00:00Z,1.322699,1.323084,1.322489,1.322944
2025-12-03T03:00:00Z,1.323014,1.323259,1.322891,1.322961
2025-12-03T04:00:00Z,1.322961,1.323364,1.322751,1.323189
2025-12-03T05:00:00Z,1.323241,1.323854,1.323241,1.323697
2025-12-03T06:00:00Z,1.323749,1.324275,1.323644,1.324152
2025-12-03T07:00:00Z,1.324503,1.325276,1.323872,1.324328
2025-12-03T08:00:00Z,1.324416,1.326242,1.323820,1.326242
2025-12-03T09:00:00Z,1.326031,1.328409,1.325715,1.328109
2025-12-03T10:00:00Z,1.327880,1.328921,1.327739,1.328339
2025-12-03T11:00:00Z,1.328427,1.329663,1.328039,1.329663
2025-12-03T12:00:00Z,1.329716,1.330406,1.329451,1.330070
2025-12-03T13:00:00Z,1.329876,1.331381,1.329823,1.329999
2025-12-03T14:00:00Z,1.330017,1.331735,1.329292,1.331416
2025-12-03T15:00:00Z,1.331381,1.333138,1.330583,1.332960
2025-12-03T16:00:00Z,1.333138,1.334704,1.333031,1.333067
2025-12-03T17:00:00Z,1.333351,1.334704,1.332996,1.334472
2025-12-03T18:00:00Z,1.334347,1.335327,1.333974,1.334704
2025-12-03T19:00:00Z,1.334882,1.335327,1.334757,1.335238
2025-12-03T20:00:00Z,1.335042,1.335274,1.334828,1.334846
2025-12-03T21:00:00Z,1.334793,1.335434,1.334793,1.335381
2025-12-03T22:00:00Z,1.335238,1.335506,1.335096,1.335113
2025-12-03T23:00:00Z,1.335007,1.335220,1.334615,1.334810
2025-12-04T00:00:00Z,1.334632,1.334632,1.333920,1.333938
2025-12-04T01:00:00Z,1.334045,1.334401,1.333636,1.334134
2025-12-04T02:00:00Z,1.333956,1.334063,1.333511,1.333725
2025-12-04T03:00:00Z,1.333547,1.333600,1.332818,1.333244
2025-12-04T04:00:00Z,1.333244,1.333422,1.333067,1.333227
2025-12-04T05:00:00Z,1.333262,1.334027,1.333262,1.333653
2025-12-04T06:00:00Z,1.333885,1.333885,1.333013,1.333831
2025-12-04T07:00:00Z,1.333902,1.334080,1.333156,1.333689
2025-12-04T08:00:00Z,1.333707,1.335934,1.333511,1.334419
2025-12-04T09:00:00Z,1.334330,1.334846,1.333867,1.334615
2025-12-04T10:00:00Z,1.334615,1.335113,1.333831,1.334472
2025-12-04T11:00:00Z,1.334437,1.336344,1.334276,1.336095
2025-12-04T12:00:00Z,1.336059,1.336095,1.334187,1.335024
2025-12-04T13:00:00Z,1.335131,1.335131,1.332463,1.334258
2025-12-04T14:00:00Z,1.334365,1.337059,1.334365,1.337041
2025-12-04T15:00:00Z,1.336738,1.338401,1.335470,1.337345
2025-12-04T16:00:00Z,1.337274,1.337274,1.334864,1.335417
2025-12-04T17:00:00Z,1.335292,1.335292,1.334116,1.334205
2025-12-04T18:00:00Z,1.334365,1.335060,1.333742,1.334347
2025-12-04T19:00:00Z,1.334365,1.334561,1.333849,1.334080
2025-12-04T20:00:00Z,1.333760,1.333938,1.332747,1.332924
2025-12-04T21:00:00Z,1.332942,1.333280,1.332552,1.332623
2025-12-04T22:00:00Z,1.332587,1.332889,1.332285,1.332534
2025-12-04T23:00:00Z,1.332569,1.332747,1.332143,1.332268
2025-12-05T00:00:00Z,1.332463,1.332996,1.332303,1.332996
2025-12-05T01:00:00Z,1.333067,1.333387,1.332871,1.333369
2025-12-05T02:00:00Z,1.333369,1.333529,1.333049,1.333280
2025-12-05T03:00:00Z,1.333173,1.333191,1.332552,1.332765
2025-12-05T04:00:00Z,1.332765,1.333742,1.332765,1.333671
2025-12-05T05:00:00Z,1.333689,1.334597,1.333671,1.334597
2025-12-05T06:00:00Z,1.334472,1.335238,1.334312,1.334953
2025-12-05T07:00:00Z,1.335149,1.336202,1.335007,1.335381
2025-12-05T08:00:00Z,1.334828,1.335970,1.334632,1.335274
2025-12-05T09:00:00Z,1.334989,1.335381,1.334258,1.334650
2025-12-05T10:00:00Z,1.334775,1.334775,1.333458,1.333867
2025-12-05T11:00:00Z,1.333725,1.334063,1.332942,1.334063
2025-12-05T12:00:00Z,1.334223,1.334775,1.333938,1.334739
2025-12-05T13:00:00Z,1.334900,1.335577,1.334116,1.335131
2025-12-05T14:00:00Z,1.335185,1.336166,1.334579,1.334668
2025-12-05T15:00:00Z,1.335042,1.335827,1.334009,1.334330
2025-12-05T16:00:00Z,1.334347,1.334347,1.331877,1.332516
2025-12-05T17:00:00Z,1.332232,1.333138,1.331966,1.333138
2025-12-05T18:00:00Z,1.333084,1.334063,1.333084,1.333404
2025-12-05T19:00:00Z,1.333351,1.333653,1.333031,1.333440
2025-12-05T20:00:00Z,1.333244,1.333387,1.332676,1.333280
2025-12-05T21:00:00Z,1.333315,1.333725,1.332871,1.333156
2025-12-05T22:00:00Z,1.333031,1.333031,1.333031,1.333031
2025-12-08T00:00:00Z,1.332640,1.333369,1.332374,1.333369
2025-12-08T01:00:00Z,1.333529,1.333831,1.333209,1.333565
2025-12-08T02:00:00Z,1.333653,1.334116,1.333565,1.334116
2025-12-08T03:00:00Z,1.334223,1.334241,1.333725,1.333742
2025-12-08T04:00:00Z,1.333760,1.334241,1.333725,1.334080
2025-12-08T05:00:00Z,1.334116,1.334152,1.333689,1.333760
2025-12-08T06:00:00Z,1.333760,1.334632,1.332836,1.333120
2025-12-08T07:00:00Z,1.333404,1.333476,1.332268,1.332623
2025-12-08T08:00:00Z,1.332534,1.333333,1.331576,1.332711
2025-12-08T09:00:00Z,1.332765,1.332765,1.331505,1.332427
2025-12-08T10:00:00Z,1.332001,1.332924,1.331168,1.331842
2025-12-08T11:00:00Z,1.331913,1.332605,1.331221,1.332161
2025-12-08T12:00:00Z,1.331806,1.332356,1.331062,1.332019
2025-12-08T13:00:00Z,1.332143,1.332942,1.331239,1.331984
2025-12-08T14:00:00Z,1.332126,1.333831,1.331647,1.332640
2025-12-08T15:00:00Z,1.332658,1.332658,1.330707,1.331257
2025-12-08T16:00:00Z,1.331239,1.332534,1.331009,1.331984
2025-12-08T17:00:00Z,1.331895,1.332463,1.331026,1.332463
2025-12-08T18:00:00Z,1.332374,1.333120,1.331717,1.332498
2025-12-08T19:00:00Z,1.332374,1.332924,1.332232,1.332729
2025-12-08T20:00:00Z,1.332729,1.332978,1.332392,1.332605
2025-12-08T21:00:00Z,1.332552,1.332623,1.331735,1.332214
2025-12-08T22:00:00Z,1.332161,1.333262,1.331930,1.332037
2025-12-08T23:00:00Z,1.332054,1.332676,1.332054,1.332676
2025-12-09T00:00:00Z,1.332782,1.332907,1.332072,1.332214
2025-12-09T01:00:00Z,1.332179,1.333244,1.331913,1.333156
2025-12-09T02:00:00Z,1.333315,1.333707,1.332250,1.332924
2025-12-09T03:00:00Z,1.332907,1.333351,1.332694,1.332907
2025-12-09T04:00:00Z,1.332924,1.333084,1.332711,1.333049
2025-12-09T05:00:00Z,1.332996,1.333707,1.332818,1.333476
2025-12-09T06:00:00Z,1.333351,1.333493,1.332871,1.333156
2025-12-09T07:00:00Z,1.333138,1.333262,1.332197,1.333031
2025-12-09T08:00:00Z,1.332924,1.334935,1.332800,1.334615
2025-12-09T09:00:00Z,1.334312,1.335506,1.334258,1.334846
2025-12-09T10:00:00Z,1.334686,1.334828,1.332658,1.333653
2025-12-09T11:00:00Z,1.333742,1.333760,1.332498,1.332889
2025-12-09T12:00:00Z,1.332907,1.333102,1.331682,1.332054
2025-12-09T13:00:00Z,1.332126,1.332711,1.331186,1.331717
2025-12-09T14:00:00Z,1.331381,1.332019,1.330265,1.331593
2025-12-09T15:00:00Z,1.330159,1.331452,1.328939,1.329663
2025-12-09T16:00:00Z,1.329787,1.331824,1.329787,1.331735
2025-12-09T17:00:00Z,1.331859,1.331859,1.329787,1.329840
2025-12-09T18:00:00Z,1.329805,1.330318,1.329257,1.330141
2025-12-09T19:00:00Z,1.330159,1.330513,1.329628,1.330265
2025-12-09T20:00:00Z,1.330123,1.330760,1.329840,1.329999
2025-12-09T21:00:00Z,1.330035,1.330495,1.329858,1.329858
2025-12-09T22:00:00Z,1.329434,1.330300,1.329434,1.330176
2025-12-09T23:00:00Z,1.330194,1.330460,1.329911,1.330300
2025-12-10T00:00:00Z,1.330336,1.330530,1.330017,1.330389
2025-12-10T01:00:00Z,1.330460,1.330460,1.329752,1.330017
2025-12-10T02:00:00Z,1.329840,1.330530,1.329840,1.329929
2025-12-10T03:00:00Z,1.329982,1.330424,1.329946,1.330300
2025-12-10T04:00:00Z,1.330353,1.330831,1.330318,1.330619
2025-12-10T05:00:00Z,1.330548,1.331009,1.330495,1.330743
2025-12-10T06:00:00Z,1.330778,1.331416,1.330654,1.331416
2025-12-10T07:00:00Z,1.331416,1.332605,1.331416,1.332552
2025-12-10T08:00:00Z,1.332356,1.332711,1.331717,1.331859
2025-12-10T09:00:00Z,1.331753,1.331895,1.330902,1.331416
2025-12-10T10:00:00Z,1.331257,1.331593,1.330743,1.331274
2025-12-10T11:00:00Z,1.331505,1.331505,1.330247,1.331079
2025-12-10T12:00:00Z,1.331115,1.331682,1.330849,1.331487
2025-12-10T13:00:00Z,1.331487,1.333067,1.330619,1.333067
2025-12-10T14:00:00Z,1.333084,1.333422,1.332498,1.333138
2025-12-10T15:00:00Z,1.333120,1.333671,1.331647,1.332037
2025-12-10T16:00:00Z,1.332108,1.333920,1.331753,1.333885
2025-12-10T17:00:00Z,1.333831,1.334632,1.333387,1.334632
2025-12-10T18:00:00Z,1.334561,1.334668,1.333244,1.333244
2025-12-10T19:00:00Z,1.333102,1.336791,1.332889,1.336523
2025-12-10T20:00:00Z,1.336452,1.338849,1.336255,1.338670
2025-12-10T21:00:00Z,1.338598,1.338742,1.338079,1.338204
2025-12-10T22:00:00Z,1.338348,1.338437,1.337757,1.338187
2025-12-10T23:00:00Z,1.338079,1.339172,1.338079,1.338867
2025-12-11T00:00:00Z,1.338939,1.339280,1.337757,1.337775
2025-12-11T01:00:00Z,1.337864,1.338742,1.337864,1.338079
2025-12-11T02:00:00Z,1.338401,1.338706,1.337077,1.337077
2025-12-11T03:00:00Z,1.337220,1.337363,1.336595,1.336863
2025-12-11T04:00:00Z,1.336738,1.336970,1.336291,1.336934
2025-12-11T05:00:00Z,1.336916,1.337077,1.336237,1.336273
2025-12-11T06:00:00Z,1.336220,1.337023,1.336005,1.337023
2025-12-11T07:00:00Z,1.337077,1.337918,1.336666,1.337077
2025-12-11T08:00:00Z,1.337023,1.337918,1.336702,1.336702
2025-12-11T09:00:00Z,1.336773,1.337238,1.335613,1.337149
2025-12-11T10:00:00Z,1.337274,1.338115,1.336952,1.337972
2025-12-11T11:00:00Z,1.337864,1.338760,1.337614,1.338760
2025-12-11T12:00:00Z,1.338581,1.339369,1.337954,1.339047
2025-12-11T13:00:00Z,1.339029,1.341526,1.338688,1.340752
2025-12-11T14:00:00Z,1.340842,1.342588,1.340824,1.342030
2025-12-11T15:00:00Z,1.341580,1.343526,1.341364,1.343526
2025-12-11T16:00:00Z,1.343616,1.343779,1.341706,1.342534
2025-12-11T17:00:00Z,1.342588,1.342841,1.341742,1.342030
2025-12-11T18:00:00Z,1.342210,1.342480,1.341364,1.341436
2025-12-11T19:00:00Z,1.341292,1.341292,1.339011,1.339011
2025-12-11T20:00:00Z,1.338832,1.339495,1.338384,1.339351
2025-12-11T21:00:00Z,1.339405,1.339621,1.338760,1.338760
2025-12-11T22:00:00Z,1.338921,1.339405,1.338849,1.339244
2025-12-11T23:00:00Z,1.339244,1.339316,1.338993,1.339154
2025-12-12T00:00:00Z,1.339369,1.339621,1.339298,1.339369
2025-12-12T01:00:00Z,1.339423,1.339980,1.339029,1.339262
2025-12-12T02:00:00Z,1.339298,1.339441,1.339100,1.339208
2025-12-12T03:00:00Z,1.339136,1.339369,1.338975,1.339136
2025-12-12T04:00:00Z,1.339136,1.339459,1.338975,1.339065
2025-12-12T05:00:00Z,1.339029,1.339728,1.339011,1.339656
2025-12-12T06:00:00Z,1.339710,1.339944,1.339154,1.339513
2025-12-12T07:00:00Z,1.338240,1.339065,1.337775,1.338652
2025-12-12T08:00:00Z,1.338187,1.338885,1.337793,1.338187
2025-12-12T09:00:00Z,1.337775,1.338563,1.337471,1.338330
2025-12-12T10:00:00Z,1.338222,1.338348,1.337113,1.337489
2025-12-12T11:00:00Z,1.337596,1.337829,1.336881,1.337578
2025-12-12T12:00:00Z,1.337202,1.337739,1.336523,1.337327
2025-12-12T13:00:00Z,1.337435,1.338276,1.336898,1.336952
2025-12-12T14:00:00Z,1.336934,1.337775,1.336380,1.337310
2025-12-12T15:00:00Z,1.337256,1.337793,1.335310,1.335417
2025-12-12T16:00:00Z,1.335648,1.335987,1.334365,1.334828
2025-12-12T17:00:00Z,1.334935,1.337381,1.334935,1.337327
2025-12-12T18:00:00Z,1.337327,1.337685,1.336220,1.336220
2025-12-12T19:00:00Z,1.336130,1.336666,1.335738,1.336666
2025-12-12T20:00:00Z,1.336773,1.337506,1.336505,1.336720
2025-12-12T21:00:00Z,1.336595,1.337220,1.336505,1.337095
2025-12-12T22:00:00Z,1.337077,1.337238,1.337077,1.337238
2025-12-15T00:00:00Z,1.336809,1.336809,1.335738,1.336612
2025-12-15T01:00:00Z,1.336505,1.337363,1.335863,1.337363
2025-12-15T02:00:00Z,1.337363,1.337417,1.336559,1.336916
2025-12-15T03:00:00Z,1.336863,1.336970,1.335648,1.335773
2025-12-15T04:00:00Z,1.335666,1.336041,1.335631,1.335845
2025-12-15T05:00:00Z,1.335845,1.336577,1.335595,1.336577
2025-12-15T06:00:00Z,1.336452,1.336738,1.335845,1.336738
2025-12-15T07:00:00Z,1.336809,1.337041,1.335987,1.336434
2025-12-15T08:00:00Z,1.336505,1.337345,1.336202,1.336827
2025-12-15T09:00:00Z,1.336773,1.338885,1.336773,1.338885
2025-12-15T10:00:00Z,1.338832,1.338832,1.337524,1.338061
2025-12-15T11:00:00Z,1.337972,1.338993,1.337972,1.338545
2025-12-15T12:00:00Z,1.338384,1.339423,1.338384,1.338975
2025-12-15T13:00:00Z,1.339118,1.339656,1.338634,1.338921
2025-12-15T14:00:00Z,1.338473,1.340141,1.338437,1.339764
2025-12-15T15:00:00Z,1.339728,1.339746,1.338419,1.339262
2025-12-15T16:00:00Z,1.339513,1.339513,1.337578,1.338025
2025-12-15T17:00:00Z,1.337936,1.338025,1.336612,1.336773
2025-12-15T18:00:00Z,1.336845,1.337417,1.336059,1.336612
2025-12-15T19:00:00Z,1.336666,1.337184,1.336291,1.337184
2025-12-15T20:00:00Z,1.337256,1.337632,1.337077,1.337435
2025-12-15T21:00:00Z,1.337381,1.337829,1.337238,1.337829
2025-12-15T22:00:00Z,1.337578,1.337667,1.336845,1.337524
2025-12-15T23:00:00Z,1.337489,1.338133,1.337489,1.337990
2025-12-16T00:00:00Z,1.338025,1.338384,1.336881,1.336881
2025-12-16T01:00:00Z,1.337006,1.337274,1.336237,1.336648
2025-12-16T02:00:00Z,1.336845,1.337131,1.336612,1.336952
2025-12-16T03:00:00Z,1.336952,1.337435,1.336362,1.336648
2025-12-16T04:00:00Z,1.336630,1.337059,1.336541,1.336791
2025-12-16T05:00:00Z,1.336809,1.337023,1.336166,1.336166
2025-12-16T06:00:00Z,1.336255,1.336702,1.335666,1.336684
2025-12-16T07:00:00Z,1.337435,1.337846,1.336452,1.337435
2025-12-16T08:00:00Z,1.337578,1.339513,1.337578,1.339513
2025-12-16T09:00:00Z,1.339334,1.341598,1.339334,1.341058
2025-12-16T10:00:00Z,1.341400,1.342642,1.340698,1.342534
2025-12-16T11:00:00Z,1.342354,1.343111,1.341292,1.343093
2025-12-16T12:00:00Z,1.343129,1.343707,1.342787,1.343707
2025-12-16T13:00:00Z,1.343815,1.345261,1.341310,1.342570
2025-12-16T14:00:00Z,1.342624,1.344339,1.341814,1.344339
2025-12-16T15:00:00Z,1.344339,1.344592,1.340662,1.341328
2025-12-16T16:00:00Z,1.341598,1.342931,1.341292,1.342408
2025-12-16T17:00:00Z,1.342805,1.344032,1.342210,1.342372
2025-12-16T18:00:00Z,1.342444,1.342660,1.341058,1.342534
2025-12-16T19:00:00Z,1.342264,1.343147,1.340878,1.342696
2025-12-16T20:00:00Z,1.342624,1.343634,1.342354,1.342678
2025-12-16T21:00:00Z,1.342606,1.342606,1.342102,1.342138
2025-12-16T22:00:00Z,1.342336,1.342606,1.342102,1.342354
2025-12-16T23:00:00Z,1.342210,1.342732,1.342210,1.342480
2025-12-17T00:00:00Z,1.342606,1.342624,1.342048,1.342066
2025-12-17T01:00:00Z,1.342138,1.342606,1.342120,1.342480
2025-12-17T02:00:00Z,1.342408,1.342426,1.340752,1.340896
2025-12-17T03:00:00Z,1.340932,1.341202,1.340680,1.341022
2025-12-17T04:00:00Z,1.340968,1.340968,1.339387,1.339603
2025-12-17T05:00:00Z,1.339513,1.339603,1.338222,1.338401
2025-12-17T06:00:00Z,1.338366,1.339011,1.337274,1.337274
2025-12-17T07:00:00Z,1.335648,1.335648,1.331682,1.332161
2025-12-17T08:00:00Z,1.332392,1.333156,1.331292,1.332676
2025-12-17T09:00:00Z,1.332658,1.333476,1.332410,1.332729
2025-12-17T10:00:00Z,1.332587,1.333565,1.332126,1.333351
2025-12-17T11:00:00Z,1.333547,1.333725,1.332250,1.332942
2025-12-17T12:00:00Z,1.332782,1.334579,1.332782,1.334526
2025-12-17T13:00:00Z,1.334543,1.335934,1.334098,1.335934
2025-12-17T14:00:00Z,1.335809,1.336505,1.335024,1.336452
2025-12-17T15:00:00Z,1.336327,1.339962,1.335684,1.339962
2025-12-17T16:00:00Z,1.339980,1.340572,1.338563,1.338921
2025-12-17T17:00:00Z,1.338885,1.339567,1.338366,1.338706
2025-12-17T18:00:00Z,1.338778,1.339423,1.337417,1.337596
2025-12-17T19:00:00Z,1.337614,1.338079,1.337417,1.337703
2025-12-17T20:00:00Z,1.337793,1.338473,1.337524,1.337864
2025-12-17T21:00:00Z,1.337757,1.338061,1.337542,1.337542
2025-12-17T22:00:00Z,1.337775,1.338007,1.337095,1.337757
2025-12-17T23:00:00Z,1.337721,1.337739,1.337327,1.337435
2025-12-18T00:00:00Z,1.337453,1.337685,1.337023,1.337685
2025-12-18T01:00:00Z,1.337649,1.337936,1.336148,1.336612
2025-12-18T02:00:00Z,1.336505,1.337113,1.336505,1.336934
2025-12-18T03:00:00Z,1.336934,1.337167,1.336273,1.336505
2025-12-18T04:00:00Z,1.336505,1.336934,1.336434,1.336827
2025-12-18T05:00:00Z,1.336970,1.337417,1.336738,1.337041
2025-12-18T06:00:00Z,1.337023,1.337077,1.336380,1.336791
2025-12-18T07:00:00Z,1.336720,1.337506,1.336612,1.336720
2025-12-18T08:00:00Z,1.336648,1.337274,1.335613,1.335880
2025-12-18T09:00:00Z,1.335987,1.335987,1.334187,1.334846
2025-12-18T10:00:00Z,1.334864,1.335327,1.334437,1.335292
2025-12-18T11:00:00Z,1.335381,1.335827,1.335024,1.335684
2025-12-18T12:00:00Z,1.335042,1.339621,1.335042,1.339567
2025-12-18T13:00:00Z,1.339531,1.344104,1.339208,1.342895
2025-12-18T14:00:00Z,1.343201,1.344592,1.341130,1.341814
2025-12-18T15:00:00Z,1.341616,1.341616,1.338849,1.339423
2025-12-18T16:00:00Z,1.339441,1.340483,1.338222,1.338688
2025-12-18T17:00:00Z,1.338598,1.338598,1.337167,1.338187
2025-12-18T18:00:00Z,1.338169,1.338491,1.337578,1.338294
2025-12-18T19:00:00Z,1.338097,1.339029,1.338097,1.338670
2025-12-18T20:00:00Z,1.338688,1.339011,1.337811,1.337864
2025-12-18T21:00:00Z,1.337864,1.338312,1.337864,1.338276
2025-12-18T22:00:00Z,1.338097,1.338724,1.337864,1.338133
2025-12-18T23:00:00Z,1.338061,1.338598,1.337990,1.338491
2025-12-19T00:00:00Z,1.338384,1.338598,1.337918,1.338598
2025-12-19T01:00:00Z,1.338563,1.338670,1.337936,1.338330
2025-12-19T02:00:00Z,1.338294,1.338634,1.337829,1.337936
2025-12-19T03:00:00Z,1.337829,1.338169,1.337614,1.337793
2025-12-19T04:00:00Z,1.337846,1.337990,1.337077,1.337256
2025-12-19T05:00:00Z,1.337310,1.337739,1.337310,1.337667
2025-12-19T06:00:00Z,1.337614,1.338509,1.337113,1.338366
2025-12-19T07:00:00Z,1.338097,1.338187,1.336505,1.336577
2025-12-19T08:00:00Z,1.336666,1.338007,1.336666,1.337489
2025-12-19T09:00:00Z,1.337453,1.338814,1.337363,1.338240
2025-12-19T10:00:00Z,1.338169,1.338688,1.337578,1.337972
2025-12-19T11:00:00Z,1.338151,1.338204,1.337041,1.337381
2025-12-19T12:00:00Z,1.337184,1.337864,1.336916,1.337345
2025-12-19T13:00:00Z,1.337292,1.337292,1.335863,1.337256
2025-12-19T14:00:00Z,1.337274,1.338670,1.336773,1.337220
2025-12-19T15:00:00Z,1.337095,1.337256,1.335809,1.336237
2025-12-19T16:00:00Z,1.336220,1.337793,1.336130,1.337578
2025-12-19T17:00:00Z,1.337793,1.338222,1.337131,1.337649
2025-12-19T18:00:00Z,1.337775,1.338993,1.337667,1.338616
2025-12-19T19:00:00Z,1.338634,1.339172,1.338330,1.339118
2025-12-19T20:00:00Z,1.339208,1.339513,1.337453,1.337524
2025-12-19T21:00:00Z,1.337435,1.337864,1.337310,1.337542
2025-12-19T22:00:00Z,1.338025,1.338025,1.338025,1.338025
2025-12-22T00:00:00Z,1.337972,1.338975,1.337972,1.338921
2025-12-22T01:00:00Z,1.339262,1.339764,1.339100,1.339621
2025-12-22T02:00:00Z,1.339836,1.340034,1.339208,1.339316
2025-12-22T03:00:00Z,1.339226,1.339746,1.339226,1.339423
2025-12-22T04:00:00Z,1.339369,1.340177,1.339351,1.339944
2025-12-22T05:00:00Z,1.339926,1.340159,1.339710,1.339782
2025-12-22T06:00:00Z,1.339728,1.340016,1.339334,1.339441
2025-12-22T07:00:00Z,1.340034,1.341904,1.339656,1.341436
2025-12-22T08:00:00Z,1.341382,1.342354,1.341076,1.342048
2025-12-22T09:00:00Z,1.342084,1.342516,1.341202,1.342390
2025-12-22T10:00:00Z,1.342624,1.344032,1.342624,1.343562
2025-12-22T11:00:00Z,1.343490,1.344249,1.343328,1.343653
2025-12-22T12:00:00Z,1.343887,1.344231,1.342714,1.343382
2025-12-22T13:00:00Z,1.343436,1.344339,1.343310,1.343851
2025-12-22T14:00:00Z,1.343869,1.345678,1.343238,1.345080
2025-12-22T15:00:00Z,1.345080,1.345913,1.344646,1.345424
2025-12-22T16:00:00Z,1.345406,1.345804,1.344809,1.345605
2025-12-22T17:00:00Z,1.346312,1.347782,1.346094,1.347146
2025-12-22T18:00:00Z,1.346892,1.346892,1.345714,1.346312
2025-12-22T19:00:00Z,1.346257,1.346348,1.345497,1.345931
2025-12-22T20:00:00Z,1.345696,1.346330,1.345515,1.345786
2025-12-22T21:00:00Z,1.345732,1.346330,1.345678,1.346330
2025-12-22T22:00:00Z,1.346475,1.346620,1.346004,1.346384
2025-12-22T23:00:00Z,1.346475,1.346965,1.346330,1.346946
2025-12-23T00:00:00Z,1.346892,1.347673,1.346892,1.347255
2025-12-23T01:00:00Z,1.347164,1.348345,1.347001,1.347763
2025-12-23T02:00:00Z,1.347854,1.348636,1.347836,1.348381
2025-12-23T03:00:00Z,1.348472,1.348909,1.348109,1.348909
2025-12-23T04:00:00Z,1.348927,1.349254,1.348581,1.348800
2025-12-23T05:00:00Z,1.348745,1.349346,1.348745,1.348927
2025-12-23T06:00:00Z,1.349018,1.349036,1.348090,1.348127
2025-12-23T07:00:00Z,1.348309,1.350165,1.348309,1.350165
2025-12-23T08:00:00Z,1.350202,1.351096,1.349837,1.350877
2025-12-23T09:00:00Z,1.351078,1.351899,1.349892,1.350585
2025-12-23T10:00:00Z,1.350658,1.351717,1.349983,1.351570
2025-12-23T11:00:00Z,1.351443,1.351918,1.350494,1.350530
2025-12-23T12:00:00Z,1.350366,1.351041,1.350257,1.350257
2025-12-23T13:00:00Z,1.350475,1.351260,1.349601,1.349601
2025-12-23T14:00:00Z,1.349291,1.350056,1.348399,1.348399
2025-12-23T15:00:00Z,1.348272,1.349582,1.347418,1.348527
2025-12-23T16:00:00Z,1.348381,1.348818,1.347963,1.348545
2025-12-23T17:00:00Z,1.348272,1.348618,1.347237,1.347273
2025-12-23T18:00:00Z,1.347255,1.348945,1.347255,1.348945
2025-12-23T19:00:00Z,1.348909,1.349764,1.348909,1.349746
2025-12-23T20:00:00Z,1.349783,1.350093,1.349528,1.350001
2025-12-23T21:00:00Z,1.350020,1.352393,1.350020,1.351771
2025-12-23T22:00:00Z,1.350858,1.352357,1.349455,1.351443
2025-12-23T23:00:00Z,1.351424,1.351771,1.351078,1.351351
2025-12-24T00:00:00Z,1.351552,1.351845,1.350804,1.351497
2025-12-24T01:00:00Z,1.351443,1.353235,1.351260,1.352960
2025-12-24T02:00:00Z,1.352979,1.353491,1.352759,1.352759
2025-12-24T03:00:00Z,1.352649,1.352649,1.351625,1.351644
2025-12-24T04:00:00Z,1.351644,1.351698,1.351023,1.351443
2025-12-24T05:00:00Z,1.351388,1.352265,1.351278,1.351972
2025-12-24T06:00:00Z,1.351954,1.352430,1.351717,1.352155
2025-12-24T07:00:00Z,1.352265,1.352265,1.351023,1.351224
2025-12-24T08:00:00Z,1.351424,1.352228,1.350366,1.352228
2025-12-24T09:00:00Z,1.352174,1.352814,1.352119,1.352338
2025-12-24T10:00:00Z,1.352137,1.352338,1.351297,1.351698
2025-12-24T11:00:00Z,1.351607,1.351936,1.351132,1.351461
2025-12-24T12:00:00Z,1.351406,1.351424,1.350220,1.350293
2025-12-24T13:00:00Z,1.350548,1.350931,1.350311,1.350585
2025-12-24T14:00:00Z,1.350457,1.351114,1.349837,1.349837
2025-12-24T15:00:00Z,1.349673,1.350986,1.349400,1.350804
2025-12-24T16:00:00Z,1.350530,1.351096,1.349983,1.350257
2025-12-24T17:00:00Z,1.350330,1.350640,1.349528,1.349528
2025-12-24T18:00:00Z,1.349564,1.350220,1.349564,1.350220
2025-12-24T19:00:00Z,1.350165,1.350220,1.350020,1.350184
2025-12-24T20:00:00Z,1.350348,1.350475,1.350001,1.350020
2025-12-24T21:00:00Z,1.350238,1.350713,1.349983,1.350713
2025-12-24T22:00:00Z,1.350311,1.350913,1.350311,1.350457
2025-12-24T23:00:00Z,1.350475,1.350804,1.348891,1.349509
2025-12-25T00:00:00Z,1.350238,1.351333,1.350165,1.350567
2025-12-25T01:00:00Z,1.349127,1.351351,1.349127,1.350658
2025-12-25T02:00:00Z,1.351351,1.351735,1.350330,1.351625
2025-12-25T03:00:00Z,1.351625,1.352009,1.350713,1.351333
2025-12-25T04:00:00Z,1.351242,1.351625,1.350877,1.351114
2025-12-25T05:00:00Z,1.351004,1.351753,1.351004,1.351333
2025-12-25T06:00:00Z,1.351260,1.352265,1.351260,1.352265
2025-12-25T07:00:00Z,1.352100,1.352722,1.350804,1.352484
2025-12-25T08:00:00Z,1.352119,1.352393,1.352119,1.352338
2025-12-25T22:00:00Z,1.353180,1.353180,1.351497,1.351771
2025-12-25T23:00:00Z,1.351278,1.351278,1.350257,1.350931
2025-12-26T00:00:00Z,1.350676,1.351899,1.350621,1.351078
2025-12-26T01:00:00Z,1.351004,1.352265,1.350931,1.351351
2025-12-26T02:00:00Z,1.351278,1.351936,1.351169,1.351826
2025-12-26T03:00:00Z,1.351771,1.351771,1.350585,1.350640
2025-12-26T04:00:00Z,1.350567,1.350804,1.350056,1.350056
2025-12-26T05:00:00Z,1.349965,1.349965,1.348800,1.349473
2025-12-26T06:00:00Z,1.349619,1.350038,1.348891,1.349018
2025-12-26T07:00:00Z,1.348927,1.348927,1.348090,1.348345
2025-12-26T08:00:00Z,1.348218,1.349601,1.347836,1.349601
2025-12-26T09:00:00Z,1.349673,1.349783,1.348327,1.348618
2025-12-26T10:00:00Z,1.348654,1.349382,1.348436,1.349000
2025-12-26T11:00:00Z,1.348963,1.349856,1.348963,1.349473
2025-12-26T12:00:00Z,1.349509,1.349728,1.348963,1.349673
2025-12-26T13:00:00Z,1.349710,1.352722,1.349509,1.351717
2025-12-26T14:00:00Z,1.351936,1.352174,1.350950,1.351589
2025-12-26T15:00:00Z,1.351589,1.352558,1.350621,1.350713
2025-12-26T16:00:00Z,1.350731,1.350731,1.348418,1.348909
2025-12-26T17:00:00Z,1.348690,1.349692,1.348236,1.349509
2025-12-26T18:00:00Z,1.349655,1.350038,1.349346,1.349637
2025-12-26T19:00:00Z,1.349601,1.349910,1.349145,1.349910
2025-12-26T20:00:00Z,1.350093,1.350621,1.349965,1.350184
2025-12-26T21:00:00Z,1.350475,1.350585,1.349455,1.349947
2025-12-26T22:00:00Z,1.349856,1.349856,1.349856,1.349856
2025-12-29T00:00:00Z,1.350001,1.350840,1.350001,1.350840
2025-12-29T01:00:00Z,1.350822,1.351205,1.350621,1.350968
2025-12-29T02:00:00Z,1.350858,1.351041,1.350257,1.350749
2025-12-29T03:00:00Z,1.350621,1.351023,1.350475,1.350731
2025-12-29T04:00:00Z,1.350640,1.350640,1.349491,1.349491
2025-12-29T05:00:00Z,1.349309,1.349491,1.348436,1.349145
2025-12-29T06:00:00Z,1.349364,1.349728,1.348836,1.349728
2025-12-29T07:00:00Z,1.349546,1.349637,1.348254,1.348636
2025-12-29T08:00:00Z,1.348545,1.349819,1.348000,1.348672
2025-12-29T09:00:00Z,1.348672,1.350621,1.347509,1.349109
2025-12-29T10:00:00Z,1.349073,1.350858,1.349073,1.350111
2025-12-29T11:00:00Z,1.349819,1.351078,1.348981,1.348981
2025-12-29T12:00:00Z,1.348636,1.348854,1.347110,1.348327
2025-12-29T13:00:00Z,1.348436,1.349619,1.348181,1.349619
2025-12-29T14:00:00Z,1.349382,1.350694,1.348690,1.350165
2025-12-29T15:00:00Z,1.350348,1.351132,1.348781,1.349983
2025-12-29T16:00:00Z,1.349801,1.350001,1.348727,1.349455
2025-12-29T17:00:00Z,1.349400,1.349509,1.348399,1.348600
2025-12-29T18:00:00Z,1.348490,1.349601,1.348490,1.349127
2025-12-29T19:00:00Z,1.349054,1.350822,1.349000,1.350731
2025-12-29T20:00:00Z,1.350895,1.351004,1.350257,1.350475
2025-12-29T21:00:00Z,1.350457,1.351552,1.350457,1.351333
2025-12-29T22:00:00Z,1.350840,1.351151,1.350074,1.350220
2025-12-29T23:00:00Z,1.350895,1.351004,1.350548,1.350931
2025-12-30T00:00:00Z,1.350968,1.351059,1.350129,1.350439
2025-12-30T01:00:00Z,1.350074,1.350895,1.349892,1.350895
2025-12-30T02:00:00Z,1.350986,1.351205,1.350129,1.350311
2025-12-30T03:00:00Z,1.350293,1.350767,1.350038,1.350585
2025-12-30T04:00:00Z,1.350567,1.351132,1.350457,1.351078
2025-12-30T05:00:00Z,1.351169,1.351753,1.351169,1.351552
2025-12-30T06:00:00Z,1.351625,1.352137,1.351297,1.351662
2025-12-30T07:00:00Z,1.351406,1.351424,1.350129,1.350621
2025-12-30T08:00:00Z,1.350895,1.351826,1.350658,1.350950
2025-12-30T09:00:00Z,1.351078,1.351936,1.350986,1.351570
2025-12-30T10:00:00Z,1.351552,1.353088,1.351552,1.352174
2025-12-30T11:00:00Z,1.352174,1.352484,1.350475,1.350475
2025-12-30T12:00:00Z,1.350348,1.350804,1.349509,1.349728
2025-12-30T13:00:00Z,1.349710,1.349928,1.348800,1.348872
2025-12-30T14:00:00Z,1.348563,1.348818,1.347182,1.347709
2025-12-30T15:00:00Z,1.347800,1.347800,1.345116,1.347400
2025-12-30T16:00:00Z,1.347473,1.348309,1.346384,1.347709
2025-12-30T17:00:00Z,1.347763,1.347782,1.346638,1.347019
2025-12-30T18:00:00Z,1.346965,1.347473,1.346602,1.346856
2025-12-30T19:00:00Z,1.346692,1.347309,1.346276,1.346620
2025-12-30T20:00:00Z,1.346711,1.346801,1.346221,1.346239
2025-12-30T21:00:00Z,1.346421,1.347001,1.346421,1.347001
2025-12-30T22:00:00Z,1.347055,1.347055,1.346475,1.346602
2025-12-30T23:00:00Z,1.346566,1.346783,1.346384,1.346674
2025-12-31T00:00:00Z,1.346820,1.346820,1.345913,1.346402
2025-12-31T01:00:00Z,1.346475,1.346656,1.346149,1.346167
2025-12-31T02:00:00Z,1.346112,1.346439,1.346058,1.346167
2025-12-31T03:00:00Z,1.346185,1.346566,1.346112,1.346547
2025-12-31T04:00:00Z,1.346348,1.346457,1.345786,1.345877
2025-12-31T05:00:00Z,1.345895,1.346330,1.345895,1.346094
2025-12-31T06:00:00Z,1.345968,1.346131,1.345370,1.345841
2025-12-31T07:00:00Z,1.345823,1.346058,1.345279,1.345823
2025-12-31T08:00:00Z,1.345696,1.346529,1.342805,1.343057
2025-12-31T09:00:00Z,1.342949,1.344429,1.342642,1.343779
2025-12-31T10:00:00Z,1.343887,1.343887,1.343382,1.343887
2025-12-31T11:00:00Z,1.344194,1.345696,1.343797,1.345533
2025-12-31T12:00:00Z,1.345877,1.346838,1.344827,1.346783
2025-12-31T13:00:00Z,1.346820,1.347636,1.344918,1.345479
2025-12-31T14:00:00Z,1.345334,1.345334,1.343418,1.343418
2025-12-31T15:00:00Z,1.342895,1.345279,1.340285,1.345225
2025-12-31T16:00:00Z,1.344990,1.346040,1.343960,1.344628
2025-12-31T17:00:00Z,1.344538,1.345623,1.344032,1.345225
2025-12-31T18:00:00Z,1.345243,1.345750,1.344845,1.345334
2025-12-31T19:00:00Z,1.345659,1.346040,1.345370,1.346040
2025-12-31T20:00:00Z,1.346348,1.348145,1.346167,1.348072
2025-12-31T21:00:00Z,1.348309,1.348381,1.347418,1.347436
2025-12-31T22:00:00Z,1.347309,1.348000,1.347309,1.347418
2025-12-31T23:00:00Z,1.347418,1.347418,1.347418,1.347418
2026-01-01T00:00:00Z,1.347418,1.347418,1.347418,1.347418
2026-01-01T01:00:00Z,1.347418,1.347418,1.347418,1.347418
2026-01-01T04:00:00Z,1.347418,1.347418,1.347418,1.347418
2026-01-01T05:00:00Z,1.347418,1.347418,1.347418,1.347418
2026-01-01T10:00:00Z,1.347418,1.347418,1.347418,1.347418
2026-01-01T18:00:00Z,1.345641,1.345786,1.345641,1.345786
2026-01-01T22:00:00Z,1.348072,1.348072,1.346185,1.347055
2026-01-01T23:00:00Z,1.347673,1.347673,1.347128,1.347328
2026-01-02T00:00:00Z,1.347455,1.348272,1.347237,1.348181
2026-01-02T01:00:00Z,1.348236,1.348781,1.348072,1.348781
2026-01-02T02:00:00Z,1.348981,1.349145,1.348727,1.348854
2026-01-02T03:00:00Z,1.348963,1.349036,1.348527,1.348636
2026-01-02T04:00:00Z,1.348745,1.348800,1.347909,1.347927
2026-01-02T05:00:00Z,1.347836,1.348109,1.347074,1.347201
2026-01-02T06:00:00Z,1.347055,1.347055,1.346402,1.346856
2026-01-02T07:00:00Z,1.346820,1.347019,1.345859,1.346638
2026-01-02T08:00:00Z,1.346493,1.346566,1.345044,1.345497
2026-01-02T09:00:00Z,1.345659,1.346421,1.345261,1.345533
2026-01-02T10:00:00Z,1.345479,1.345768,1.344502,1.345153
2026-01-02T11:00:00Z,1.345044,1.345225,1.343472,1.344140
2026-01-02T12:00:00Z,1.344158,1.344972,1.343887,1.344592
2026-01-02T13:00:00Z,1.344592,1.345895,1.344303,1.345895
2026-01-02T14:00:00Z,1.345804,1.346656,1.345406,1.346566
2026-01-02T15:00:00Z,1.346765,1.350147,1.346692,1.349746
2026-01-02T16:00:00Z,1.349819,1.349856,1.347418,1.347745
2026-01-02T17:00:00Z,1.347836,1.347836,1.346221,1.346384
2026-01-02T18:00:00Z,1.346294,1.346330,1.344719,1.345207
2026-01-02T19:00:00Z,1.345116,1.345732,1.344809,1.345515
2026-01-02T20:00:00Z,1.345424,1.345750,1.345044,1.345750
2026-01-02T21:00:00Z,1.345913,1.346729,1.345732,1.346167
2026-01-02T22:00:00Z,1.346294,1.346294,1.346294,1.346294
2026-01-05T00:00:00Z,1.344321,1.344791,1.344014,1.344357
2026-01-05T01:00:00Z,1.344213,1.344899,1.343960,1.344014
2026-01-05T02:00:00Z,1.344158,1.344194,1.342624,1.343147
2026-01-05T03:00:00Z,1.343346,1.343598,1.341526,1.341670
2026-01-05T04:00:00Z,1.341544,1.342841,1.341544,1.342642
2026-01-05T05:00:00Z,1.342552,1.343219,1.342372,1.342931
2026-01-05T06:00:00Z,1.342931,1.343743,1.342246,1.343634
2026-01-05T07:00:00Z,1.343562,1.343616,1.342210,1.342354
2026-01-05T08:00:00Z,1.342426,1.343887,1.342012,1.342552
2026-01-05T09:00:00Z,1.342732,1.344357,1.342354,1.344357
2026-01-05T10:00:00Z,1.344267,1.346439,1.344122,1.346312
2026-01-05T11:00:00Z,1.346239,1.347074,1.345877,1.345986
2026-01-05T12:00:00Z,1.345859,1.347436,1.345406,1.345641
2026-01-05T13:00:00Z,1.345569,1.345569,1.342606,1.345297
2026-01-05T14:00:00Z,1.345352,1.347527,1.345261,1.347328
2026-01-05T15:00:00Z,1.347564,1.350402,1.347418,1.350311
2026-01-05T16:00:00Z,1.350512,1.352484,1.350421,1.352466
2026-01-05T17:00:00Z,1.352649,1.353821,1.352631,1.353327
2026-01-05T18:00:00Z,1.353107,1.353950,1.353015,1.353950
2026-01-05T19:00:00Z,1.354115,1.354555,1.353601,1.354353
2026-01-05T20:00:00Z,1.354371,1.354701,1.354280,1.354426
2026-01-05T21:00:00Z,1.354353,1.354848,1.354023,1.354243
2026-01-05T22:00:00Z,1.354059,1.354371,1.354005,1.354169
2026-01-05T23:00:00Z,1.354115,1.354133,1.353290,1.353290
2026-01-06T00:00:00Z,1.353546,1.353620,1.352905,1.353620
2026-01-06T01:00:00Z,1.353748,1.354683,1.353235,1.354683
2026-01-06T02:00:00Z,1.354646,1.355712,1.354280,1.355712
2026-01-06T03:00:00Z,1.355601,1.356226,1.355179,1.355951
2026-01-06T04:00:00Z,1.356098,1.356245,1.355454,1.355620
2026-01-06T05:00:00Z,1.355528,1.355767,1.354720,1.354977
2026-01-06T06:00:00Z,1.354922,1.355822,1.354922,1.355657
2026-01-06T07:00:00Z,1.356208,1.356779,1.354793,1.355032
2026-01-06T08:00:00Z,1.355014,1.356650,1.355014,1.355565
2026-01-06T09:00:00Z,1.355418,1.355418,1.353748,1.353748
2026-01-06T10:00:00Z,1.353675,1.353931,1.353107,1.353345
2026-01-06T11:00:00Z,1.353033,1.353400,1.351863,1.352100
2026-01-06T12:00:00Z,1.352411,1.352942,1.350968,1.351260
2026-01-06T13:00:00Z,1.351059,1.352430,1.350749,1.352430
2026-01-06T14:00:00Z,1.352503,1.353418,1.351644,1.352686
2026-01-06T15:00:00Z,1.352576,1.352576,1.349528,1.350804
2026-01-06T16:00:00Z,1.350931,1.350931,1.349346,1.349692
2026-01-06T17:00:00Z,1.349655,1.351059,1.349418,1.351059
2026-01-06T18:00:00Z,1.351205,1.351205,1.349892,1.349910
2026-01-06T19:00:00Z,1.349910,1.350074,1.349291,1.350074
2026-01-06T20:00:00Z,1.350275,1.350585,1.350093,1.350093
2026-01-06T21:00:00Z,1.349856,1.350293,1.349819,1.350165
2026-01-06T22:00:00Z,1.350621,1.350658,1.349637,1.350093
2026-01-06T23:00:00Z,1.350202,1.350384,1.349965,1.350056
2026-01-07T00:00:00Z,1.350311,1.350530,1.349892,1.350238
2026-01-07T01:00:00Z,1.350421,1.351023,1.350111,1.350640
2026-01-07T02:00:00Z,1.350767,1.351388,1.350767,1.351059
2026-01-07T03:00:00Z,1.351205,1.351717,1.351132,1.351516
2026-01-07T04:00:00Z,1.351443,1.351662,1.350475,1.350567
2026-01-07T05:00:00Z,1.350585,1.350986,1.350402,1.350840
2026-01-07T06:00:00Z,1.350931,1.351717,1.350439,1.351388
2026-01-07T07:00:00Z,1.351443,1.351662,1.349236,1.349309
2026-01-07T08:00:00Z,1.349073,1.349801,1.348618,1.349710
2026-01-07T09:00:00Z,1.349692,1.349819,1.348690,1.349473
2026-01-07T10:00:00Z,1.349491,1.350439,1.349491,1.349819
2026-01-07T11:00:00Z,1.349856,1.350585,1.349364,1.350111
2026-01-07T12:00:00Z,1.350184,1.350257,1.348690,1.349236
2026-01-07T13:00:00Z,1.349000,1.350001,1.348418,1.349509
2026-01-07T14:00:00Z,1.349637,1.350093,1.348436,1.350093
2026-01-07T15:00:00Z,1.348963,1.349710,1.347400,1.348072
2026-01-07T16:00:00Z,1.348418,1.348563,1.347001,1.347164
2026-01-07T17:00:00Z,1.347455,1.347890,1.347019,1.347418
2026-01-07T18:00:00Z,1.347019,1.347364,1.346910,1.347019
2026-01-07T19:00:00Z,1.347037,1.347074,1.346294,1.346602
2026-01-07T20:00:00Z,1.346511,1.346820,1.346276,1.346384
2026-01-07T21:00:00Z,1.346276,1.346312,1.345786,1.345841
2026-01-07T22:00:00Z,1.346185,1.346384,1.345949,1.346076
2026-01-07T23:00:00Z,1.345859,1.345968,1.345605,1.345895
2026-01-08T00:00:00Z,1.345877,1.346094,1.345696,1.345895
2026-01-08T01:00:00Z,1.345804,1.346112,1.345370,1.345623
2026-01-08T02:00:00Z,1.345714,1.345931,1.345153,1.345804
2026-01-08T03:00:00Z,1.345732,1.346602,1.345732,1.346384
2026-01-08T04:00:00Z,1.346312,1.346384,1.345913,1.346076
2026-01-08T05:00:00Z,1.346076,1.346076,1.345316,1.345913
2026-01-08T06:00:00Z,1.345859,1.346185,1.345279,1.346022
2026-01-08T07:00:00Z,1.346022,1.346022,1.344719,1.344719
2026-01-08T08:00:00Z,1.344393,1.344610,1.343634,1.343905
2026-01-08T09:00:00Z,1.343815,1.344574,1.343400,1.343851
2026-01-08T10:00:00Z,1.343996,1.344755,1.343616,1.344755
2026-01-08T11:00:00Z,1.344755,1.345080,1.344483,1.344538
2026-01-08T12:00:00Z,1.344538,1.344773,1.343815,1.343815
2026-01-08T13:00:00Z,1.344050,1.344755,1.341670,1.342426
2026-01-08T14:00:00Z,1.342246,1.343580,1.341940,1.343580
2026-01-08T15:00:00Z,1.343292,1.344628,1.342769,1.344176
2026-01-08T16:00:00Z,1.344104,1.344357,1.342967,1.343147
2026-01-08T17:00:00Z,1.343093,1.343634,1.342678,1.343616
2026-01-08T18:00:00Z,1.343725,1.343725,1.342300,1.342354
2026-01-08T19:00:00Z,1.342210,1.343147,1.342048,1.343147
2026-01-08T20:00:00Z,1.343147,1.343815,1.343147,1.343707
2026-01-08T21:00:00Z,1.343743,1.344538,1.343653,1.343923
2026-01-08T22:00:00Z,1.343761,1.344176,1.342913,1.343689
2026-01-08T23:00:00Z,1.343743,1.344140,1.343472,1.343616
2026-01-09T00:00:00Z,1.343689,1.343725,1.343219,1.343310
2026-01-09T01:00:00Z,1.343346,1.343598,1.342696,1.342877
2026-01-09T02:00:00Z,1.342967,1.343328,1.342498,1.343292
2026-01-09T03:00:00Z,1.343346,1.343779,1.343129,1.343725
2026-01-09T04:00:00Z,1.343689,1.343725,1.343219,1.343616
2026-01-09T05:00:00Z,1.343653,1.343815,1.342823,1.343093
2026-01-09T06:00:00Z,1.342967,1.343274,1.342570,1.342823
2026-01-09T07:00:00Z,1.342642,1.342949,1.341562,1.342949
2026-01-09T08:00:00Z,1.343039,1.343328,1.341274,1.341544
2026-01-09T09:00:00Z,1.341616,1.342030,1.340572,1.341076
2026-01-09T10:00:00Z,1.341148,1.341310,1.340483,1.340914
2026-01-09T11:00:00Z,1.340878,1.341328,1.340572,1.341292
2026-01-09T12:00:00Z,1.341220,1.341976,1.341022,1.341976
2026-01-09T13:00:00Z,1.342084,1.345116,1.341508,1.343382
2026-01-09T14:00:00Z,1.343905,1.344140,1.340716,1.341256
2026-01-09T15:00:00Z,1.341400,1.341904,1.339351,1.341904
2026-01-09T16:00:00Z,1.341850,1.342210,1.340554,1.341130
2026-01-09T17:00:00Z,1.341022,1.341040,1.340069,1.340375
2026-01-09T18:00:00Z,1.340321,1.341490,1.340034,1.340590
2026-01-09T19:00:00Z,1.340554,1.341202,1.340411,1.340752
2026-01-09T20:00:00Z,1.340842,1.340986,1.340608,1.340716
2026-01-09T21:00:00Z,1.340716,1.340950,1.339710,1.340393
2026-01-09T22:00:00Z,1.340447,1.340447,1.340447,1.340447
2026-01-12T00:00:00Z,1.339459,1.343562,1.339226,1.343562
2026-01-12T01:00:00Z,1.343653,1.344068,1.342787,1.342913
2026-01-12T02:00:00Z,1.342823,1.343418,1.342426,1.342426
2026-01-12T03:00:00Z,1.342372,1.342823,1.342138,1.342138
2026-01-12T04:00:00Z,1.342048,1.342408,1.341724,1.342174
2026-01-12T05:00:00Z,1.342318,1.343653,1.342282,1.343400
2026-01-12T06:00:00Z,1.343418,1.344140,1.343021,1.343923
2026-01-12T07:00:00Z,1.343689,1.344701,1.343490,1.344483
2026-01-12T08:00:00Z,1.344466,1.346076,1.344466,1.345714
2026-01-12T09:00:00Z,1.345678,1.346928,1.345098,1.345388
2026-01-12T10:00:00Z,1.345515,1.347128,1.344899,1.347110
2026-01-12T11:00:00Z,1.347092,1.347546,1.345569,1.345931
2026-01-12T12:00:00Z,1.345913,1.347328,1.345913,1.346547
2026-01-12T13:00:00Z,1.346584,1.348618,1.346312,1.347981
2026-01-12T14:00:00Z,1.348181,1.348327,1.346457,1.347309
2026-01-12T15:00:00Z,1.347400,1.348000,1.346910,1.347600
2026-01-12T16:00:00Z,1.347636,1.347673,1.346584,1.346584
2026-01-12T17:00:00Z,1.346421,1.347164,1.345587,1.346475
2026-01-12T18:00:00Z,1.346457,1.346457,1.345804,1.345895
2026-01-12T19:00:00Z,1.345949,1.346674,1.345786,1.346674
2026-01-12T20:00:00Z,1.346620,1.346946,1.346294,1.346330
2026-01-12T21:00:00Z,1.346421,1.347055,1.346257,1.346711
2026-01-12T22:00:00Z,1.346656,1.346783,1.346257,1.346475
2026-01-12T23:00:00Z,1.346421,1.346801,1.346366,1.346547
2026-01-13T00:00:00Z,1.346656,1.347400,1.346312,1.347400
2026-01-13T01:00:00Z,1.347600,1.347727,1.346820,1.347074
2026-01-13T02:00:00Z,1.347019,1.347636,1.347019,1.347328
2026-01-13T03:00:00Z,1.347346,1.347890,1.347019,1.347110
2026-01-13T04:00:00Z,1.347055,1.347745,1.347055,1.347346
2026-01-13T05:00:00Z,1.347418,1.347709,1.347164,1.347164
2026-01-13T06:00:00Z,1.347237,1.347273,1.346511,1.347273
2026-01-13T07:00:00Z,1.347346,1.347346,1.346330,1.346892
2026-01-13T08:00:00Z,1.346620,1.347727,1.346439,1.347636
2026-01-13T09:00:00Z,1.347654,1.348563,1.347473,1.348072
2026-01-13T10:00:00Z,1.348236,1.348327,1.347019,1.347328
2026-01-13T11:00:00Z,1.347182,1.347400,1.346765,1.347146
2026-01-13T12:00:00Z,1.347291,1.347328,1.345931,1.346348
2026-01-13T13:00:00Z,1.346004,1.349455,1.345551,1.347600
2026-01-13T14:00:00Z,1.347546,1.347709,1.345388,1.346004
2026-01-13T15:00:00Z,1.345913,1.345913,1.343598,1.343598
2026-01-13T16:00:00Z,1.344231,1.344375,1.342606,1.343346
2026-01-13T17:00:00Z,1.343508,1.343725,1.342823,1.343310
2026-01-13T18:00:00Z,1.343328,1.344158,1.342534,1.344014
2026-01-13T19:00:00Z,1.344050,1.344050,1.342859,1.343634
2026-01-13T20:00:00Z,1.343526,1.343634,1.342985,1.343256
2026-01-13T21:00:00Z,1.343093,1.343147,1.342282,1.342282
2026-01-13T22:00:00Z,1.341760,1.342913,1.341760,1.342552
2026-01-13T23:00:00Z,1.342534,1.342859,1.342426,1.342624
2026-01-14T00:00:00Z,1.342624,1.342714,1.342192,1.342606
2026-01-14T01:00:00Z,1.342732,1.342732,1.342012,1.342336
2026-01-14T02:00:00Z,1.342336,1.343671,1.342192,1.343616
2026-01-14T03:00:00Z,1.343689,1.344773,1.343689,1.344592
2026-01-14T04:00:00Z,1.344538,1.344646,1.344014,1.344014
2026-01-14T05:00:00Z,1.344032,1.344176,1.343598,1.343634
2026-01-14T06:00:00Z,1.343598,1.344827,1.343526,1.344827
2026-01-14T07:00:00Z,1.344755,1.344936,1.343815,1.343941
2026-01-14T08:00:00Z,1.343960,1.344918,1.343815,1.344863
2026-01-14T09:00:00Z,1.345044,1.345841,1.344845,1.345804
2026-01-14T10:00:00Z,1.345569,1.345823,1.345171,1.345442
2026-01-14T11:00:00Z,1.345352,1.345352,1.344646,1.344899
2026-01-14T12:00:00Z,1.344954,1.345551,1.344303,1.345135
2026-01-14T13:00:00Z,1.345243,1.345261,1.344032,1.344556
2026-01-14T14:00:00Z,1.344556,1.346366,1.344466,1.345659
2026-01-14T15:00:00Z,1.345370,1.345877,1.344556,1.345641
2026-01-14T16:00:00Z,1.345641,1.345859,1.344140,1.344339
2026-01-14T17:00:00Z,1.344357,1.344411,1.343093,1.343238
2026-01-14T18:00:00Z,1.343238,1.343256,1.342841,1.342913
2026-01-14T19:00:00Z,1.342678,1.343328,1.342588,1.343111
2026-01-14T20:00:00Z,1.343111,1.344104,1.343093,1.343201
2026-01-14T21:00:00Z,1.343310,1.344827,1.343310,1.344827
2026-01-14T22:00:00Z,1.344014,1.344574,1.343815,1.343869
2026-01-14T23:00:00Z,1.343761,1.344375,1.343761,1.344104
2026-01-15T00:00:00Z,1.344050,1.344050,1.343165,1.343634
2026-01-15T01:00:00Z,1.343743,1.343851,1.342895,1.343616
2026-01-15T02:00:00Z,1.343508,1.343526,1.343057,1.343418
2026-01-15T03:00:00Z,1.343364,1.343364,1.342660,1.342750
2026-01-15T04:00:00Z,1.342859,1.342859,1.342408,1.342516
2026-01-15T05:00:00Z,1.342426,1.343219,1.342408,1.342678
2026-01-15T06:00:00Z,1.342805,1.343328,1.342480,1.342823
2026-01-15T07:00:00Z,1.343364,1.343941,1.342660,1.343400
2026-01-15T08:00:00Z,1.343400,1.344339,1.342805,1.344014
2026-01-15T09:00:00Z,1.343941,1.344556,1.343707,1.343707
2026-01-15T10:00:00Z,1.343779,1.343905,1.341724,1.342228
2026-01-15T11:00:00Z,1.342174,1.342750,1.341796,1.341850
2026-01-15T12:00:00Z,1.341850,1.342102,1.340249,1.340375
2026-01-15T13:00:00Z,1.340429,1.340429,1.337023,1.337023
2026-01-15T14:00:00Z,1.337327,1.338545,1.336452,1.337077
2026-01-15T15:00:00Z,1.337238,1.338814,1.337077,1.338509
2026-01-15T16:00:00Z,1.338652,1.339334,1.338025,1.338634
2026-01-15T17:00:00Z,1.338545,1.339316,1.338276,1.338581
2026-01-15T18:00:00Z,1.338796,1.339441,1.338796,1.338975
2026-01-15T19:00:00Z,1.339154,1.339208,1.338473,1.338545
2026-01-15T20:00:00Z,1.338598,1.338598,1.337506,1.337649
2026-01-15T21:00:00Z,1.337614,1.338384,1.337596,1.338169
2026-01-15T22:00:00Z,1.338025,1.338294,1.337614,1.337954
2026-01-15T23:00:00Z,1.338115,1.338222,1.337936,1.338151
2026-01-16T00:00:00Z,1.338151,1.338312,1.337220,1.337649
2026-01-16T01:00:00Z,1.337632,1.338384,1.337614,1.337990
2026-01-16T02:00:00Z,1.338043,1.338814,1.337936,1.338419
2026-01-16T03:00:00Z,1.338491,1.339047,1.338330,1.339011
2026-01-16T04:00:00Z,1.339118,1.339154,1.338867,1.338993
2026-01-16T05:00:00Z,1.338939,1.338993,1.338222,1.338366
2026-01-16T06:00:00Z,1.338330,1.338401,1.337793,1.338079
2026-01-16T07:00:00Z,1.338079,1.339262,1.337972,1.338921
2026-01-16T08:00:00Z,1.339154,1.339818,1.339029,1.339351
2026-01-16T09:00:00Z,1.339334,1.340554,1.339208,1.339836
2026-01-16T10:00:00Z,1.339764,1.341256,1.339764,1.340716
2026-01-16T11:00:00Z,1.340662,1.341256,1.340626,1.340824
2026-01-16T12:00:00Z,1.340824,1.340914,1.339513,1.340159
2026-01-16T13:00:00Z,1.340069,1.340770,1.338957,1.340465
2026-01-16T14:00:00Z,1.340321,1.340518,1.339585,1.339962
2026-01-16T15:00:00Z,1.339854,1.340393,1.336863,1.337775
2026-01-16T16:00:00Z,1.337882,1.338975,1.337846,1.338007
2026-01-16T17:00:00Z,1.338204,1.338634,1.337811,1.337936
2026-01-16T18:00:00Z,1.337882,1.338724,1.337453,1.338187
2026-01-16T19:00:00Z,1.338097,1.338545,1.337649,1.338187
2026-01-16T20:00:00Z,1.338222,1.338670,1.338025,1.338115
2026-01-16T21:00:00Z,1.338043,1.338330,1.337542,1.337739
2026-01-16T22:00:00Z,1.337775,1.337775,1.337775,1.337775
2026-01-19T00:00:00Z,1.340411,1.340914,1.338598,1.340213
2026-01-19T01:00:00Z,1.340177,1.340213,1.339226,1.339226
2026-01-19T02:00:00Z,1.339118,1.339244,1.338187,1.338652
2026-01-19T03:00:00Z,1.338742,1.339226,1.338652,1.338903
2026-01-19T04:00:00Z,1.338993,1.339656,1.338921,1.339549
2026-01-19T05:00:00Z,1.339674,1.340590,1.339423,1.339513
2026-01-19T06:00:00Z,1.339531,1.340141,1.339531,1.339908
2026-01-19T07:00:00Z,1.339728,1.341040,1.338491,1.338957
2026-01-19T08:00:00Z,1.339118,1.340896,1.338903,1.340896
2026-01-19T09:00:00Z,1.340968,1.341508,1.339190,1.340608
2026-01-19T10:00:00Z,1.340716,1.341364,1.340608,1.341058
2026-01-19T11:00:00Z,1.341094,1.341094,1.340285,1.340896
2026-01-19T12:00:00Z,1.340662,1.341436,1.340608,1.340788
2026-01-19T13:00:00Z,1.340698,1.341688,1.340698,1.341364
2026-01-19T14:00:00Z,1.341346,1.342372,1.341130,1.342048
2026-01-19T15:00:00Z,1.342138,1.342985,1.341940,1.342246
2026-01-19T16:00:00Z,1.342210,1.343364,1.342102,1.342787
2026-01-19T17:00:00Z,1.342895,1.343436,1.342678,1.343201
2026-01-19T18:00:00Z,1.343201,1.343382,1.342696,1.342696
2026-01-19T19:00:00Z,1.342714,1.343003,1.342570,1.342660
2026-01-19T20:00:00Z,1.342642,1.342877,1.342552,1.342841
2026-01-19T21:00:00Z,1.342787,1.342967,1.342408,1.342606
2026-01-19T22:00:00Z,1.341778,1.343075,1.341778,1.342624
2026-01-19T23:00:00Z,1.342570,1.342570,1.341724,1.341832
2026-01-20T00:00:00Z,1.341940,1.342048,1.341112,1.342048
2026-01-20T01:00:00Z,1.342084,1.342426,1.341688,1.342426
2026-01-20T02:00:00Z,1.342534,1.342895,1.342012,1.342516
2026-01-20T03:00:00Z,1.342444,1.344014,1.342372,1.343526
2026-01-20T04:00:00Z,1.343562,1.344303,1.343562,1.344213
2026-01-20T05:00:00Z,1.344122,1.344990,1.344122,1.344249
2026-01-20T06:00:00Z,1.344104,1.344393,1.343219,1.343526
2026-01-20T07:00:00Z,1.343256,1.348309,1.342678,1.347582
2026-01-20T08:00:00Z,1.347890,1.349182,1.347582,1.348000
2026-01-20T09:00:00Z,1.348199,1.348818,1.347201,1.347418
2026-01-20T10:00:00Z,1.347727,1.348472,1.346801,1.348054
2026-01-20T11:00:00Z,1.348036,1.348309,1.346040,1.346312
2026-01-20T12:00:00Z,1.346348,1.346584,1.344122,1.344737
2026-01-20T13:00:00Z,1.344845,1.347782,1.344176,1.345261
2026-01-20T14:00:00Z,1.345297,1.346312,1.344122,1.345659
2026-01-20T15:00:00Z,1.345479,1.347400,1.345479,1.347055
2026-01-20T16:00:00Z,1.345804,1.347092,1.345515,1.347092
2026-01-20T17:00:00Z,1.346910,1.347527,1.345750,1.345786
2026-01-20T18:00:00Z,1.345696,1.345732,1.344393,1.344466
2026-01-20T19:00:00Z,1.344592,1.344592,1.342787,1.342805
2026-01-20T20:00:00Z,1.342714,1.343598,1.342606,1.343292
2026-01-20T21:00:00Z,1.343328,1.344321,1.343328,1.344231
2026-01-20T22:00:00Z,1.344574,1.345116,1.343833,1.344574
2026-01-20T23:00:00Z,1.344303,1.344321,1.343996,1.344086
2026-01-21T00:00:00Z,1.343869,1.344176,1.343382,1.344176
2026-01-21T01:00:00Z,1.344285,1.345696,1.343960,1.345098
2026-01-21T02:00:00Z,1.345207,1.345497,1.344429,1.344429
2026-01-21T03:00:00Z,1.344628,1.344628,1.343472,1.344050
2026-01-21T04:00:00Z,1.344032,1.344032,1.343400,1.343851
2026-01-21T05:00:00Z,1.343779,1.344014,1.343634,1.343761
2026-01-21T06:00:00Z,1.343761,1.344285,1.343598,1.343851
2026-01-21T07:00:00Z,1.343111,1.344936,1.343111,1.344285
2026-01-21T08:00:00Z,1.344303,1.344701,1.343400,1.344032
2026-01-21T09:00:00Z,1.343761,1.343869,1.341022,1.341112
2026-01-21T10:00:00Z,1.341130,1.341490,1.340411,1.340788
2026-01-21T11:00:00Z,1.340608,1.342012,1.340267,1.341040
2026-01-21T12:00:00Z,1.340734,1.342624,1.340536,1.342534
2026-01-21T13:00:00Z,1.342480,1.344357,1.341364,1.344086
2026-01-21T14:00:00Z,1.344267,1.345569,1.342336,1.345207
2026-01-21T15:00:00Z,1.345297,1.345823,1.342769,1.342769
2026-01-21T16:00:00Z,1.342732,1.344122,1.342696,1.342787
2026-01-21T17:00:00Z,1.342859,1.343797,1.341814,1.342895
2026-01-21T18:00:00Z,1.342714,1.342732,1.342012,1.342192
2026-01-21T19:00:00Z,1.342192,1.343039,1.341058,1.342624
2026-01-21T20:00:00Z,1.342318,1.342660,1.341400,1.342660
2026-01-21T21:00:00Z,1.342606,1.343256,1.342390,1.342967
2026-01-21T22:00:00Z,1.342967,1.343256,1.342372,1.343147
2026-01-21T23:00:00Z,1.342895,1.343111,1.341886,1.341886
2026-01-22T00:00:00Z,1.341850,1.343111,1.341850,1.342985
2026-01-22T01:00:00Z,1.342859,1.343219,1.342534,1.343093
2026-01-22T02:00:00Z,1.343075,1.343508,1.342336,1.342588
2026-01-22T03:00:00Z,1.342678,1.343328,1.342642,1.343256
2026-01-22T04:00:00Z,1.343292,1.343978,1.343075,1.343219
2026-01-22T05:00:00Z,1.343075,1.343075,1.342318,1.342913
2026-01-22T06:00:00Z,1.342931,1.342931,1.342120,1.342624
2026-01-22T07:00:00Z,1.342805,1.343815,1.342408,1.343490
2026-01-22T08:00:00Z,1.343183,1.343183,1.341094,1.341994
2026-01-22T09:00:00Z,1.341778,1.344592,1.341778,1.344429
2026-01-22T10:00:00Z,1.344628,1.345080,1.343707,1.344773
2026-01-22T11:00:00Z,1.344791,1.345297,1.340375,1.342552
2026-01-22T12:00:00Z,1.341976,1.343526,1.341886,1.342642
2026-01-22T13:00:00Z,1.342678,1.343671,1.341382,1.342120
2026-01-22T14:00:00Z,1.342318,1.345189,1.342318,1.344737
2026-01-22T15:00:00Z,1.344899,1.348309,1.344773,1.347763
2026-01-22T16:00:00Z,1.347836,1.349892,1.347836,1.349000
2026-01-22T17:00:00Z,1.348927,1.349582,1.348254,1.349327
2026-01-22T18:00:00Z,1.349200,1.350238,1.349182,1.349947
2026-01-22T19:00:00Z,1.350001,1.350001,1.348690,1.349164
2026-01-22T20:00:00Z,1.349054,1.350348,1.348945,1.349819
2026-01-22T21:00:00Z,1.349728,1.350749,1.349692,1.350311
2026-01-22T22:00:00Z,1.349655,1.350439,1.349364,1.350330
2026-01-22T23:00:00Z,1.350494,1.350713,1.349947,1.350001
2026-01-23T00:00:00Z,1.349983,1.350020,1.349528,1.349619
2026-01-23T01:00:00Z,1.349710,1.350439,1.349655,1.349819
2026-01-23T02:00:00Z,1.349819,1.349819,1.349309,1.349382
2026-01-23T03:00:00Z,1.349346,1.349546,1.348945,1.349127
2026-01-23T04:00:00Z,1.349218,1.349819,1.349018,1.349710
2026-01-23T05:00:00Z,1.349928,1.350093,1.349637,1.349856
2026-01-23T06:00:00Z,1.349746,1.349947,1.348381,1.348381
2026-01-23T07:00:00Z,1.349327,1.350749,1.348781,1.349327
2026-01-23T08:00:00Z,1.349509,1.350238,1.348418,1.350202
2026-01-23T09:00:00Z,1.350074,1.353436,1.350001,1.352942
2026-01-23T10:00:00Z,1.352960,1.353601,1.352320,1.352612
2026-01-23T11:00:00Z,1.352686,1.353217,1.351552,1.351954
2026-01-23T12:00:00Z,1.351954,1.353162,1.351954,1.352777
2026-01-23T13:00:00Z,1.353015,1.353510,1.352576,1.352612
2026-01-23T14:00:00Z,1.352539,1.353785,1.352174,1.353785
2026-01-23T15:00:00Z,1.353693,1.356742,1.353656,1.356558
2026-01-23T16:00:00Z,1.356447,1.359730,1.356153,1.358899
2026-01-23T17:00:00Z,1.358788,1.362157,1.358788,1.360896
2026-01-23T18:00:00Z,1.360526,1.360915,1.359453,1.360563
2026-01-23T19:00:00Z,1.360674,1.362806,1.360674,1.362546
2026-01-23T20:00:00Z,1.362416,1.363810,1.362268,1.363810
2026-01-23T21:00:00Z,1.363791,1.364498,1.363494,1.364498
2026-01-23T22:00:00Z,1.364554,1.364554,1.364554,1.364554
2026-01-26T00:00:00Z,1.365691,1.366774,1.364536,1.366774
2026-01-26T01:00:00Z,1.367091,1.367334,1.366102,1.366158
2026-01-26T02:00:00Z,1.365990,1.367952,1.365990,1.366904
2026-01-26T03:00:00Z,1.366774,1.366867,1.365598,1.366083
2026-01-26T04:00:00Z,1.365952,1.366680,1.365449,1.366046
2026-01-26T05:00:00Z,1.366139,1.366923,1.365952,1.366736
2026-01-26T06:00:00Z,1.366662,1.366811,1.365654,1.365654
2026-01-26T07:00:00Z,1.365822,1.367577,1.364703,1.364703
2026-01-26T08:00:00Z,1.365150,1.366606,1.364461,1.366195
2026-01-26T09:00:00Z,1.366550,1.367671,1.365915,1.367260
2026-01-26T10:00:00Z,1.367166,1.367559,1.366904,1.367222
2026-01-26T11:00:00Z,1.366998,1.367390,1.366587,1.366680
2026-01-26T12:00:00Z,1.366662,1.367316,1.364927,1.365318
2026-01-26T13:00:00Z,1.365169,1.366195,1.364480,1.366195
2026-01-26T14:00:00Z,1.366158,1.369169,1.365915,1.369169
2026-01-26T15:00:00Z,1.369207,1.371253,1.369000,1.370821
2026-01-26T16:00:00Z,1.370802,1.371103,1.369563,1.369769
2026-01-26T17:00:00Z,1.369769,1.370314,1.368682,1.368907
2026-01-26T18:00:00Z,1.368738,1.370126,1.368551,1.368944
2026-01-26T19:00:00Z,1.368907,1.368907,1.367634,1.368195
2026-01-26T20:00:00Z,1.368495,1.368644,1.367952,1.368064
2026-01-26T21:00:00Z,1.368120,1.368701,1.367540,1.367989
2026-01-26T22:00:00Z,1.368382,1.368382,1.367129,1.367708
2026-01-26T23:00:00Z,1.367877,1.368026,1.367577,1.367690
2026-01-27T00:00:00Z,1.367484,1.368176,1.367316,1.367353
2026-01-27T01:00:00Z,1.367447,1.368289,1.367129,1.368008
2026-01-27T02:00:00Z,1.367970,1.370107,1.367802,1.369657
2026-01-27T03:00:00Z,1.369544,1.369544,1.368326,1.368382
2026-01-27T04:00:00Z,1.368401,1.368682,1.367297,1.367559
2026-01-27T05:00:00Z,1.367521,1.368195,1.367297,1.367970
2026-01-27T06:00:00Z,1.367933,1.369057,1.367933,1.368251
2026-01-27T07:00:00Z,1.368176,1.369038,1.367260,1.367409
2026-01-27T08:00:00Z,1.367540,1.367708,1.366494,1.367447
2026-01-27T09:00:00Z,1.367316,1.370013,1.366923,1.370013
2026-01-27T10:00:00Z,1.369825,1.370370,1.368495,1.370370
2026-01-27T11:00:00Z,1.370464,1.371178,1.370145,1.371121
2026-01-27T12:00:00Z,1.371065,1.374061,1.370971,1.374061
2026-01-27T13:00:00Z,1.374344,1.374759,1.372684,1.373570
2026-01-27T14:00:00Z,1.373702,1.377581,1.373419,1.377126
2026-01-27T15:00:00Z,1.377771,1.379044,1.375005,1.375213
2026-01-27T16:00:00Z,1.375402,1.379044,1.375402,1.378075
2026-01-27T17:00:00Z,1.377980,1.378873,1.376254,1.378873
2026-01-27T18:00:00Z,1.378759,1.379139,1.377714,1.377923
2026-01-27T19:00:00Z,1.377771,1.378436,1.377562,1.378398
2026-01-27T20:00:00Z,1.378208,1.386866,1.378208,1.383777
2026-01-27T21:00:00Z,1.383566,1.385521,1.383107,1.385003
2026-01-27T22:00:00Z,1.383394,1.385080,1.383394,1.384600
2026-01-27T23:00:00Z,1.384792,1.384792,1.382361,1.382629
2026-01-28T00:00:00Z,1.382552,1.383088,1.381502,1.381769
2026-01-28T01:00:00Z,1.381540,1.381731,1.380072,1.380110
2026-01-28T02:00:00Z,1.380377,1.380720,1.379272,1.380453
2026-01-28T03:00:00Z,1.380434,1.381082,1.379786,1.380034
2026-01-28T04:00:00Z,1.379938,1.380262,1.379501,1.380262
2026-01-28T05:00:00Z,1.380300,1.380605,1.379044,1.380605
2026-01-28T06:00:00Z,1.380662,1.381483,1.380491,1.380643
2026-01-28T07:00:00Z,1.380777,1.383145,1.379482,1.380072
2026-01-28T08:00:00Z,1.379653,1.380987,1.377619,1.378607
2026-01-28T09:00:00Z,1.378968,1.379253,1.377790,1.378892
2026-01-28T10:00:00Z,1.378835,1.379862,1.377904,1.379329
2026-01-28T11:00:00Z,1.378968,1.378968,1.376917,1.377088
2026-01-28T12:00:00Z,1.377050,1.379463,1.376936,1.379463
2026-01-28T13:00:00Z,1.379329,1.379329,1.376804,1.376917
2026-01-28T14:00:00Z,1.377069,1.380034,1.376860,1.378626
2026-01-28T15:00:00Z,1.378816,1.379938,1.375194,1.379044
2026-01-28T16:00:00Z,1.379120,1.379291,1.376538,1.378398
2026-01-28T17:00:00Z,1.378607,1.379025,1.377448,1.378930
2026-01-28T18:00:00Z,1.379025,1.379310,1.376576,1.377619
2026-01-28T19:00:00Z,1.378702,1.379691,1.375932,1.379424
2026-01-28T20:00:00Z,1.379596,1.380224,1.378683,1.379938
2026-01-28T21:00:00Z,1.379862,1.381196,1.379862,1.380662
2026-01-28T22:00:00Z,1.380224,1.380872,1.379958,1.380148
2026-01-28T23:00:00Z,1.380472,1.383049,1.380148,1.382380
2026-01-29T00:00:00Z,1.382457,1.383336,1.381483,1.382094
2026-01-29T01:00:00Z,1.381884,1.381903,1.380186,1.380377
2026-01-29T02:00:00Z,1.380224,1.381578,1.379558,1.381311
2026-01-29T03:00:00Z,1.381177,1.383355,1.381177,1.383355
2026-01-29T04:00:00Z,1.383566,1.384045,1.382705,1.383987
2026-01-29T05:00:00Z,1.384045,1.384447,1.383700,1.383834
2026-01-29T06:00:00Z,1.383815,1.384045,1.382973,1.383872
2026-01-29T07:00:00Z,1.383987,1.384581,1.382590,1.383260
2026-01-29T08:00:00Z,1.383681,1.384581,1.381464,1.381979
2026-01-29T09:00:00Z,1.381960,1.382342,1.380281,1.380377
2026-01-29T10:00:00Z,1.380491,1.380682,1.378284,1.378284
2026-01-29T11:00:00Z,1.378341,1.379824,1.378227,1.379539
2026-01-29T12:00:00Z,1.379215,1.381444,1.378987,1.381444
2026-01-29T13:00:00Z,1.381387,1.381769,1.380129,1.380643
2026-01-29T14:00:00Z,1.380758,1.383375,1.380586,1.382571
2026-01-29T15:00:00Z,1.382266,1.382266,1.374325,1.376425
2026-01-29T16:00:00Z,1.376273,1.379843,1.376273,1.379367
2026-01-29T17:00:00Z,1.379653,1.380662,1.379444,1.379805
2026-01-29T18:00:00Z,1.379729,1.380510,1.378949,1.379996
2026-01-29T19:00:00Z,1.379539,1.380072,1.379329,1.379463
2026-01-29T20:00:00Z,1.379386,1.380720,1.378987,1.380472
2026-01-29T21:00:00Z,1.380643,1.381387,1.380053,1.381082
2026-01-29T22:00:00Z,1.380205,1.381158,1.379310,1.380987
2026-01-29T23:00:00Z,1.380967,1.381425,1.380624,1.380682
2026-01-30T00:00:00Z,1.380872,1.381464,1.377752,1.377752
2026-01-30T01:00:00Z,1.377486,1.377923,1.376103,1.376103
2026-01-30T02:00:00Z,1.375610,1.376254,1.373249,1.376159
2026-01-30T03:00:00Z,1.376103,1.376576,1.374930,1.375459
2026-01-30T04:00:00Z,1.375497,1.376785,1.374967,1.375383
2026-01-30T05:00:00Z,1.375383,1.376330,1.374646,1.375573
2026-01-30T06:00:00Z,1.375743,1.376406,1.374212,1.375081
2026-01-30T07:00:00Z,1.375289,1.378189,1.374986,1.376936
2026-01-30T08:00:00Z,1.377183,1.378037,1.376122,1.376406
2026-01-30T09:00:00Z,1.376084,1.376481,1.372627,1.373475
2026-01-30T10:00:00Z,1.373608,1.375005,1.373438,1.374911
2026-01-30T11:00:00Z,1.374854,1.377942,1.374684,1.377942
2026-01-30T12:00:00Z,1.378360,1.378778,1.375857,1.376216
2026-01-30T13:00:00Z,1.376254,1.376728,1.373758,1.374514
2026-01-30T14:00:00Z,1.374778,1.375724,1.373758,1.374023
2026-01-30T15:00:00Z,1.373721,1.374212,1.371817,1.371987
2026-02-02T19:00:00Z,1.364871,1.366214,1.364424,1.366195
2026-02-02T20:00:00Z,1.365859,1.366755,1.365561,1.366662
2026-02-02T21:00:00Z,1.366736,1.366904,1.366512,1.366904
2026-02-02T22:00:00Z,1.366998,1.366998,1.365747,1.366736
2026-02-02T23:00:00Z,1.366344,1.367316,1.366083,1.367316
2026-02-03T00:00:00Z,1.367297,1.368064,1.367222,1.368064
2026-02-03T01:00:00Z,1.368083,1.368607,1.367615,1.368588
2026-02-03T02:00:00Z,1.368644,1.368644,1.367222,1.367334
2026-02-03T03:00:00Z,1.367316,1.368850,1.367260,1.368738
2026-02-03T04:00:00Z,1.368569,1.369432,1.368569,1.368850
2026-02-03T05:00:00Z,1.368794,1.369207,1.368420,1.369075
2026-02-03T06:00:00Z,1.369038,1.370070,1.368963,1.369225
2026-02-03T07:00:00Z,1.369169,1.370652,1.368495,1.369844
2026-02-03T08:00:00Z,1.369825,1.369825,1.367821,1.368832
2026-02-03T09:00:00Z,1.368869,1.369019,1.366848,1.366848
2026-02-03T10:00:00Z,1.366811,1.367297,1.365766,1.365766
2026-02-03T11:00:00Z,1.365598,1.366176,1.365206,1.365206
2026-02-03T12:00:00Z,1.365411,1.368214,1.365337,1.368214
2026-02-03T13:00:00Z,1.368214,1.368963,1.367185,1.367185
2026-02-03T14:00:00Z,1.367017,1.368438,1.365896,1.366998
2026-02-03T15:00:00Z,1.367035,1.370370,1.366587,1.370370
2026-02-03T16:00:00Z,1.370351,1.370689,1.369375,1.370088
2026-02-03T17:00:00Z,1.369994,1.370652,1.369507,1.369619
2026-02-03T18:00:00Z,1.369582,1.370145,1.367914,1.367989
2026-02-03T19:00:00Z,1.367634,1.369057,1.367447,1.368888
2026-02-03T20:00:00Z,1.368757,1.369976,1.368438,1.369638
2026-02-03T21:00:00Z,1.369582,1.370220,1.369582,1.369750
2026-02-03T22:00:00Z,1.369132,1.370314,1.368682,1.369919
2026-02-03T23:00:00Z,1.369657,1.370201,1.369244,1.369657
2026-02-04T00:00:00Z,1.369732,1.369788,1.369263,1.369469
2026-02-04T01:00:00Z,1.369450,1.371027,1.369244,1.370802
2026-02-04T02:00:00Z,1.370727,1.371178,1.369807,1.369994
2026-02-04T03:00:00Z,1.370238,1.370539,1.369769,1.370501
2026-02-04T04:00:00Z,1.370464,1.371704,1.370445,1.371704
2026-02-04T05:00:00Z,1.371667,1.372006,1.371328,1.371648
2026-02-04T06:00:00Z,1.371629,1.372156,1.371347,1.371385
2026-02-04T07:00:00Z,1.371516,1.371799,1.370708,1.371761
2026-02-04T08:00:00Z,1.371686,1.373287,1.371460,1.373136
2026-02-04T09:00:00Z,1.373023,1.373268,1.370182,1.370933
2026-02-04T10:00:00Z,1.370933,1.371648,1.369675,1.371592
2026-02-04T11:00:00Z,1.371516,1.371573,1.370314,1.370990
2026-02-04T12:00:00Z,1.371009,1.372458,1.370858,1.372119
2026-02-04T13:00:00Z,1.372006,1.372646,1.370389,1.371441
2026-02-04T14:00:00Z,1.371441,1.371704,1.368832,1.369075
2026-02-04T15:00:00Z,1.369038,1.369375,1.366307,1.366456
2026-02-04T16:00:00Z,1.366456,1.366456,1.364480,1.365766
2026-02-04T17:00:00Z,1.365710,1.367260,1.364741,1.364741
2026-02-04T18:00:00Z,1.364517,1.365505,1.364312,1.365169
2026-02-04T19:00:00Z,1.365262,1.366214,1.364554,1.366214
2026-02-04T20:00:00Z,1.366344,1.366400,1.364927,1.365001
2026-02-04T21:00:00Z,1.365113,1.365691,1.364983,1.365318
2026-02-04T22:00:00Z,1.365188,1.366008,1.365001,1.365374
2026-02-04T23:00:00Z,1.365225,1.365262,1.364443,1.364443
2026-02-05T00:00:00Z,1.364685,1.365262,1.364554,1.365206
2026-02-05T01:00:00Z,1.365244,1.365411,1.364592,1.364927
2026-02-05T02:00:00Z,1.364871,1.364871,1.362342,1.362342
2026-02-05T03:00:00Z,1.362157,1.363048,1.362119,1.362528
2026-02-05T04:00:00Z,1.362509,1.362899,1.362305,1.362732
2026-02-05T05:00:00Z,1.362583,1.362639,1.361767,1.361953
2026-02-05T06:00:00Z,1.362082,1.362082,1.360822,1.361767
2026-02-05T07:00:00Z,1.361823,1.362936,1.361748,1.362027
2026-02-05T08:00:00Z,1.362064,1.363252,1.360248,1.360322
2026-02-05T09:00:00Z,1.360248,1.360285,1.355712,1.356760
2026-02-05T10:00:00Z,1.356594,1.359656,1.356374,1.358843
2026-02-05T11:00:00Z,1.358622,1.361452,1.358290,1.361304
2026-02-05T12:00:00Z,1.356907,1.358363,1.354518,1.357995
2026-02-05T13:00:00Z,1.358363,1.359416,1.356815,1.358733
2026-02-05T14:00:00Z,1.358160,1.358696,1.353693,1.353693
2026-02-05T15:00:00Z,1.355344,1.355583,1.352612,1.352777
2026-02-05T16:00:00Z,1.352960,1.355620,1.352064,1.355050
2026-02-05T17:00:00Z,1.354922,1.355675,1.354115,1.354995
2026-02-05T18:00:00Z,1.355307,1.355767,1.353913,1.354059
2026-02-05T19:00:00Z,1.354426,1.355216,1.354335,1.354903
2026-02-05T20:00:00Z,1.354720,1.355289,1.353858,1.353876
2026-02-05T21:00:00Z,1.353840,1.353950,1.352649,1.353290
2026-02-05T22:00:00Z,1.353033,1.354188,1.352704,1.353913
2026-02-05T23:00:00Z,1.353693,1.353693,1.352155,1.352155
2026-02-06T00:00:00Z,1.352155,1.353033,1.351004,1.353015
2026-02-06T01:00:00Z,1.352905,1.354280,1.352667,1.353858
2026-02-06T02:00:00Z,1.354151,1.355014,1.354151,1.354665
2026-02-06T03:00:00Z,1.354646,1.354903,1.354463,1.354720
2026-02-06T04:00:00Z,1.354701,1.356024,1.354701,1.355748
2026-02-06T05:00:00Z,1.355951,1.356871,1.355951,1.356852
2026-02-06T06:00:00Z,1.356963,1.357755,1.356852,1.357294
2026-02-06T07:00:00Z,1.357165,1.357681,1.356447,1.356815
2026-02-06T08:00:00Z,1.356521,1.357257,1.355951,1.356926
2026-02-06T09:00:00Z,1.356981,1.358216,1.356723,1.357847
2026-02-06T10:00:00Z,1.357755,1.358363,1.357257,1.357958
2026-02-06T11:00:00Z,1.357700,1.359231,1.357700,1.358493
2026-02-06T12:00:00Z,1.358585,1.359508,1.358437,1.359083
2026-02-06T13:00:00Z,1.358825,1.359601,1.358216,1.358751
2026-02-06T14:00:00Z,1.358973,1.360878,1.358973,1.360563
2026-02-06T15:00:00Z,1.360989,1.361526,1.359527,1.361526
2026-02-06T16:00:00Z,1.361470,1.361600,1.360230,1.360359
2026-02-06T17:00:00Z,1.360193,1.362268,1.360193,1.362212
2026-02-06T18:00:00Z,1.361934,1.362286,1.361433,1.361489
2026-02-06T19:00:00Z,1.361470,1.362064,1.361285,1.361693
2026-02-06T20:00:00Z,1.361711,1.361989,1.361359,1.361934
2026-02-06T21:00:00Z,1.361841,1.362249,1.360692,1.360989
2026-02-06T22:00:00Z,1.361081,1.361081,1.361081,1.361081
2026-02-09T00:00:00Z,1.361100,1.361989,1.360674,1.361248
2026-02-09T01:00:00Z,1.361174,1.361248,1.360008,1.360100
2026-02-09T02:00:00Z,1.360137,1.360933,1.359213,1.360507
2026-02-09T03:00:00Z,1.360452,1.360822,1.359934,1.359934
2026-02-09T04:00:00Z,1.359952,1.360563,1.359952,1.360433
2026-02-09T05:00:00Z,1.360489,1.361748,1.360378,1.361433
2026-02-09T06:00:00Z,1.361433,1.362806,1.360563,1.361878
2026-02-09T07:00:00Z,1.361637,1.361637,1.359047,1.360507
2026-02-09T08:00:00Z,1.360452,1.360970,1.358751,1.359952
2026-02-09T09:00:00Z,1.360193,1.361137,1.359823,1.360063
2026-02-09T10:00:00Z,1.360119,1.361507,1.359564,1.361174
2026-02-09T11:00:00Z,1.360859,1.364294,1.360304,1.364052
2026-02-09T12:00:00Z,1.363959,1.366139,1.363940,1.366064
2026-02-09T13:00:00Z,1.366176,1.366923,1.364387,1.364890
2026-02-09T14:00:00Z,1.365150,1.365188,1.362565,1.364163
2026-02-09T15:00:00Z,1.364517,1.368663,1.364517,1.368026
2026-02-09T16:00:00Z,1.367914,1.369057,1.366325,1.366755
2026-02-09T17:00:00Z,1.366699,1.367559,1.366438,1.367334
2026-02-09T18:00:00Z,1.367166,1.369150,1.366662,1.368963
2026-02-09T19:00:00Z,1.369113,1.370032,1.368532,1.369600
2026-02-09T20:00:00Z,1.369675,1.369938,1.369300,1.369619
2026-02-09T21:00:00Z,1.369544,1.369994,1.369188,1.369788
2026-02-09T22:00:00Z,1.369357,1.369769,1.368907,1.369488
2026-02-09T23:00:00Z,1.369544,1.369750,1.368289,1.368289
2026-02-10T00:00:00Z,1.368307,1.368457,1.367334,1.368008
2026-02-10T01:00:00Z,1.368176,1.368925,1.367521,1.368420
2026-02-10T02:00:00Z,1.368532,1.369357,1.368513,1.369357
2026-02-10T03:00:00Z,1.369357,1.369657,1.368532,1.368532
2026-02-10T04:00:00Z,1.368588,1.368682,1.368101,1.368270
2026-02-10T05:00:00Z,1.368345,1.368401,1.367540,1.367858
2026-02-10T06:00:00Z,1.367802,1.368139,1.366886,1.367073
2026-02-10T07:00:00Z,1.367390,1.367952,1.366848,1.366979
2026-02-10T08:00:00Z,1.367278,1.367933,1.366456,1.367073
2026-02-10T09:00:00Z,1.367091,1.368363,1.366662,1.366904
2026-02-10T10:00:00Z,1.366886,1.367316,1.365803,1.366699
2026-02-10T11:00:00Z,1.366550,1.366550,1.366008,1.366344
2026-02-10T12:00:00Z,1.366419,1.369169,1.366288,1.369132
2026-02-10T13:00:00Z,1.368569,1.369000,1.366718,1.368176
2026-02-10T14:00:00Z,1.368401,1.369507,1.367185,1.367989
2026-02-10T15:00:00Z,1.367746,1.367970,1.365449,1.367634
2026-02-10T16:00:00Z,1.367465,1.367465,1.366083,1.366251
2026-02-10T17:00:00Z,1.366512,1.366531,1.364517,1.365523
2026-02-10T18:00:00Z,1.365449,1.365449,1.364350,1.364498
2026-02-10T19:00:00Z,1.364498,1.365654,1.364238,1.365654
2026-02-10T20:00:00Z,1.365617,1.365747,1.364461,1.364461
2026-02-10T21:00:00Z,1.364331,1.364443,1.363940,1.364275
2026-02-10T22:00:00Z,1.364070,1.365990,1.363829,1.364107
2026-02-10T23:00:00Z,1.363866,1.363866,1.363196,1.363438
2026-02-11T00:00:00Z,1.363327,1.364294,1.363122,1.363903
2026-02-11T01:00:00Z,1.364033,1.364908,1.364015,1.364480
2026-02-11T02:00:00Z,1.364517,1.366176,1.364517,1.365784
2026-02-11T03:00:00Z,1.365840,1.366755,1.365561,1.366456
2026-02-11T04:00:00Z,1.366550,1.366961,1.365971,1.366064
2026-02-11T05:00:00Z,1.366008,1.367035,1.365896,1.366979
2026-02-11T06:00:00Z,1.367073,1.367802,1.366830,1.367129
2026-02-11T07:00:00Z,1.366961,1.367372,1.366587,1.367334
2026-02-11T08:00:00Z,1.367465,1.369338,1.366979,1.369150
2026-02-11T09:00:00Z,1.369394,1.369938,1.368513,1.369619
2026-02-11T10:00:00Z,1.369619,1.371272,1.368682,1.370764
2026-02-11T11:00:00Z,1.370652,1.370652,1.369207,1.369207
2026-02-11T12:00:00Z,1.369188,1.369188,1.367746,1.368064
2026-02-11T13:00:00Z,1.368064,1.369094,1.361433,1.364815
2026-02-11T14:00:00Z,1.364126,1.366961,1.364126,1.365337
2026-02-11T15:00:00Z,1.365747,1.366718,1.362918,1.363215
2026-02-11T16:00:00Z,1.363327,1.365542,1.362973,1.365169
2026-02-11T17:00:00Z,1.365300,1.366736,1.364592,1.365840
2026-02-11T18:00:00Z,1.365822,1.365859,1.364238,1.364238
2026-02-11T19:00:00Z,1.363940,1.363977,1.363327,1.363327
2026-02-11T20:00:00Z,1.363364,1.363475,1.362194,1.362194
2026-02-11T21:00:00Z,1.362157,1.362918,1.361915,1.362918
2026-02-11T22:00:00Z,1.362806,1.363605,1.362491,1.362621
2026-02-11T23:00:00Z,1.362435,1.362862,1.362101,1.362305
2026-02-12T00:00:00Z,1.362342,1.363141,1.361637,1.363141
2026-02-12T01:00:00Z,1.363104,1.363940,1.362751,1.363866
2026-02-12T02:00:00Z,1.364145,1.364145,1.363122,1.363401
2026-02-12T03:00:00Z,1.363550,1.363754,1.362843,1.363196
2026-02-12T04:00:00Z,1.363234,1.363550,1.362138,1.362491
2026-02-12T05:00:00Z,1.362602,1.362602,1.361823,1.362138
2026-02-12T06:00:00Z,1.362231,1.362472,1.360563,1.361730
2026-02-12T07:00:00Z,1.361396,1.363475,1.361396,1.363196
2026-02-12T08:00:00Z,1.363494,1.364666,1.362806,1.363866
2026-02-12T09:00:00Z,1.363773,1.365393,1.363773,1.364778
2026-02-12T10:00:00Z,1.365001,1.365020,1.363773,1.363922
2026-02-12T11:00:00Z,1.363903,1.365057,1.363643,1.365057
2026-02-12T12:00:00Z,1.365001,1.365001,1.362361,1.362899
2026-02-12T13:00:00Z,1.363066,1.365132,1.363029,1.364871
2026-02-12T14:00:00Z,1.365057,1.366755,1.364443,1.366214
2026-02-12T15:00:00Z,1.366531,1.367147,1.365076,1.365561
2026-02-12T16:00:00Z,1.365430,1.365672,1.361730,1.362881
2026-02-12T17:00:00Z,1.363085,1.363085,1.361971,1.362008
2026-02-12T18:00:00Z,1.361971,1.362175,1.360618,1.361823
2026-02-12T19:00:00Z,1.361711,1.362676,1.361637,1.362435
2026-02-12T20:00:00Z,1.362454,1.362528,1.361600,1.362175
2026-02-12T21:00:00Z,1.362157,1.362454,1.361823,1.362324
2026-02-12T22:00:00Z,1.361192,1.362695,1.361192,1.362305
2026-02-12T23:00:00Z,1.362249,1.362305,1.361748,1.361804
2026-02-13T00:00:00Z,1.361915,1.362157,1.361563,1.362101
2026-02-13T01:00:00Z,1.362138,1.362231,1.361359,1.361433
2026-02-13T02:00:00Z,1.361748,1.362435,1.361359,1.362045
2026-02-13T03:00:00Z,1.362175,1.362324,1.361563,1.361563
2026-02-13T04:00:00Z,1.361563,1.361767,1.360970,1.361155
2026-02-13T05:00:00Z,1.361230,1.361415,1.360026,1.360378
2026-02-13T06:00:00Z,1.360396,1.360674,1.359601,1.360248
2026-02-13T07:00:00Z,1.360100,1.361748,1.359250,1.361433
2026-02-13T08:00:00Z,1.361489,1.362862,1.361266,1.362509
2026-02-13T09:00:00Z,1.362379,1.362881,1.362175,1.362361
2026-02-13T10:00:00Z,1.362305,1.362658,1.361582,1.361841
2026-02-13T11:00:00Z,1.361878,1.361971,1.360248,1.360248
2026-02-13T12:00:00Z,1.360341,1.360952,1.360063,1.360655
2026-02-13T13:00:00Z,1.360841,1.363866,1.360544,1.363531
2026-02-13T14:00:00Z,1.363550,1.363959,1.361767,1.362788
2026-02-13T15:00:00Z,1.362732,1.364703,1.361230,1.361470
2026-02-13T16:00:00Z,1.361359,1.364350,1.360970,1.364350
2026-02-13T17:00:00Z,1.364331,1.365766,1.363903,1.365057
2026-02-13T18:00:00Z,1.364908,1.365449,1.364685,1.365169
2026-02-13T19:00:00Z,1.365318,1.365505,1.364350,1.364350
2026-02-13T20:00:00Z,1.364461,1.365542,1.364275,1.365505
2026-02-13T21:00:00Z,1.365672,1.365859,1.364927,1.365542
2026-02-13T22:00:00Z,1.365654,1.365654,1.365654,1.365654
2026-02-16T00:00:00Z,1.364741,1.364834,1.364126,1.364126
2026-02-16T01:00:00Z,1.364107,1.364443,1.363866,1.364443
2026-02-16T02:00:00Z,1.364461,1.364573,1.363940,1.364275
2026-02-16T03:00:00Z,1.364275,1.364536,1.363847,1.364219
2026-02-16T04:00:00Z,1.364238,1.364368,1.363661,1.363977
2026-02-16T05:00:00Z,1.363977,1.364070,1.363624,1.363996
2026-02-16T06:00:00Z,1.363884,1.364871,1.363884,1.364275
2026-02-16T07:00:00Z,1.364312,1.364852,1.363773,1.364405
2026-02-16T08:00:00Z,1.364461,1.365971,1.364182,1.365281
2026-02-16T09:00:00Z,1.365169,1.366139,1.364350,1.364629
2026-02-16T10:00:00Z,1.364461,1.365113,1.364387,1.365113
2026-02-16T11:00:00Z,1.365057,1.365057,1.364350,1.364480
2026-02-16T12:00:00Z,1.364685,1.365150,1.364015,1.364238
2026-02-16T13:00:00Z,1.364443,1.364741,1.362955,1.363364
2026-02-16T14:00:00Z,1.363419,1.364089,1.363085,1.363587
2026-02-16T15:00:00Z,1.363754,1.363791,1.362955,1.363345
2026-02-16T16:00:00Z,1.363364,1.363494,1.362621,1.362862
2026-02-16T17:00:00Z,1.362992,1.363104,1.362658,1.362769
2026-02-16T18:00:00Z,1.362788,1.363178,1.362732,1.362918
2026-02-16T19:00:00Z,1.362918,1.363345,1.362918,1.363289
2026-02-16T20:00:00Z,1.363252,1.363289,1.363066,1.363141
2026-02-16T21:00:00Z,1.363066,1.363085,1.362621,1.363029
2026-02-16T22:00:00Z,1.363791,1.363791,1.362862,1.363364
2026-02-16T23:00:00Z,1.362881,1.362881,1.362027,1.362695
2026-02-17T00:00:00Z,1.362788,1.362918,1.361953,1.362027
2026-02-17T01:00:00Z,1.362175,1.362175,1.361544,1.361674
2026-02-17T02:00:00Z,1.361823,1.362082,1.361248,1.361452
2026-02-17T03:00:00Z,1.361452,1.361452,1.360674,1.361266
2026-02-17T04:00:00Z,1.361322,1.361359,1.360711,1.361211
2026-02-17T05:00:00Z,1.361248,1.361248,1.360452,1.360766
2026-02-17T06:00:00Z,1.360933,1.361544,1.360933,1.361266
2026-02-17T07:00:00Z,1.358973,1.358973,1.355344,1.356153
2026-02-17T08:00:00Z,1.356153,1.359065,1.356153,1.358714
2026-02-17T09:00:00Z,1.358825,1.359693,1.358585,1.359157
2026-02-17T10:00:00Z,1.359047,1.360507,1.359047,1.359416
2026-02-17T11:00:00Z,1.359601,1.359878,1.356245,1.356558
2026-02-17T12:00:00Z,1.356447,1.357073,1.354812,1.354867
2026-02-17T13:00:00Z,1.354922,1.354940,1.352576,1.352576
2026-02-17T14:00:00Z,1.352174,1.352979,1.351954,1.352027
2026-02-17T15:00:00Z,1.351881,1.352375,1.349819,1.350402
2026-02-17T16:00:00Z,1.350366,1.354041,1.350366,1.353840
2026-02-17T17:00:00Z,1.353565,1.354958,1.353565,1.354867
2026-02-17T18:00:00Z,1.354738,1.356153,1.354445,1.356043
2026-02-17T19:00:00Z,1.356006,1.356226,1.355638,1.356153
2026-02-17T20:00:00Z,1.356135,1.356429,1.355767,1.356263
2026-02-17T21:00:00Z,1.356337,1.356926,1.356061,1.356907
2026-02-17T22:00:00Z,1.355987,1.356926,1.355840,1.356392
2026-02-17T23:00:00Z,1.356760,1.357220,1.356318,1.356374
2026-02-18T00:00:00Z,1.356521,1.356668,1.356226,1.356355
2026-02-18T01:00:00Z,1.355987,1.356226,1.355491,1.355951
2026-02-18T02:00:00Z,1.355565,1.355840,1.355326,1.355528
2026-02-18T03:00:00Z,1.355528,1.355822,1.355362,1.355362
2026-02-18T04:00:00Z,1.355362,1.355601,1.355032,1.355418
2026-02-18T05:00:00Z,1.355509,1.355969,1.355491,1.355969
2026-02-18T06:00:00Z,1.356006,1.356686,1.355509,1.356686
2026-02-18T07:00:00Z,1.357478,1.357478,1.355528,1.356135
2026-02-18T08:00:00Z,1.356355,1.356797,1.355822,1.356686
2026-02-18T09:00:00Z,1.356815,1.357847,1.356668,1.357497
2026-02-18T10:00:00Z,1.357607,1.358234,1.356631,1.356742
2026-02-18T11:00:00Z,1.356686,1.357460,1.356558,1.357423
2026-02-18T12:00:00Z,1.357663,1.358031,1.357036,1.357478
2026-02-18T13:00:00Z,1.357442,1.358142,1.355271,1.355271
2026-02-18T14:00:00Z,1.355289,1.355859,1.353491,1.353711
2026-02-18T15:00:00Z,1.353693,1.355326,1.353693,1.354665
2026-02-18T16:00:00Z,1.354536,1.355730,1.353565,1.353565
2026-02-18T17:00:00Z,1.353528,1.353675,1.351370,1.352027
2026-02-18T18:00:00Z,1.352265,1.352411,1.350713,1.351278
2026-02-18T19:00:00Z,1.350731,1.351315,1.349801,1.350074
2026-02-18T20:00:00Z,1.350111,1.350439,1.349692,1.349947
2026-02-18T21:00:00Z,1.350038,1.350220,1.349309,1.349455
2026-02-18T22:00:00Z,1.349327,1.350238,1.349000,1.349892
2026-02-18T23:00:00Z,1.349819,1.349910,1.349473,1.349582
2026-02-19T00:00:00Z,1.349601,1.349728,1.348945,1.348945
2026-02-19T01:00:00Z,1.349145,1.349837,1.349145,1.349728
2026-02-19T02:00:00Z,1.349619,1.349783,1.349291,1.349509
2026-02-19T03:00:00Z,1.349528,1.349783,1.348927,1.349127
2026-02-19T04:00:00Z,1.349309,1.349309,1.348254,1.348454
2026-02-19T05:00:00Z,1.348363,1.348800,1.348145,1.348763
2026-02-19T06:00:00Z,1.348763,1.350257,1.348618,1.350074
2026-02-19T07:00:00Z,1.349819,1.351224,1.349601,1.351114
2026-02-19T08:00:00Z,1.351078,1.351607,1.350311,1.350567
2026-02-19T09:00:00Z,1.350767,1.351625,1.349637,1.350384
2026-02-19T10:00:00Z,1.350494,1.350676,1.348581,1.348727
2026-02-19T11:00:00Z,1.348709,1.349182,1.346656,1.346711
2026-02-19T12:00:00Z,1.346493,1.347273,1.345968,1.346366
2026-02-19T13:00:00Z,1.346366,1.346983,1.345080,1.346656
2026-02-19T14:00:00Z,1.346511,1.346511,1.343526,1.344231
2026-02-19T15:00:00Z,1.344483,1.347382,1.344483,1.345497
2026-02-19T16:00:00Z,1.345406,1.345605,1.344014,1.344574
2026-02-19T17:00:00Z,1.344429,1.345569,1.343960,1.345316
2026-02-19T18:00:00Z,1.345352,1.346584,1.345225,1.346022
2026-02-19T19:00:00Z,1.346239,1.346584,1.344936,1.345135
2026-02-19T20:00:00Z,1.345297,1.345986,1.345297,1.345823
2026-02-19T21:00:00Z,1.345931,1.347346,1.345931,1.346475
2026-02-19T22:00:00Z,1.346656,1.347001,1.346094,1.346674
2026-02-19T23:00:00Z,1.346711,1.346983,1.346058,1.346167
2026-02-20T00:00:00Z,1.346058,1.346457,1.345641,1.346112
2026-02-20T01:00:00Z,1.346076,1.346330,1.344303,1.344719
2026-02-20T02:00:00Z,1.344737,1.344737,1.343580,1.344267
2026-02-20T03:00:00Z,1.344213,1.344628,1.343941,1.344357
2026-02-20T04:00:00Z,1.344339,1.344773,1.343905,1.344032
2026-02-20T05:00:00Z,1.344032,1.344737,1.343833,1.344628
2026-02-20T06:00:00Z,1.344538,1.344881,1.344213,1.344809
2026-02-20T07:00:00Z,1.345569,1.346638,1.344574,1.344719
2026-02-20T08:00:00Z,1.344791,1.345605,1.343797,1.345153
2026-02-20T09:00:00Z,1.345334,1.347818,1.345225,1.346928
2026-02-20T10:00:00Z,1.346765,1.348236,1.346294,1.347636
2026-02-20T11:00:00Z,1.347564,1.347727,1.346692,1.347164
2026-02-20T12:00:00Z,1.347146,1.348145,1.346965,1.347618
2026-02-20T13:00:00Z,1.347527,1.349145,1.346910,1.348436
2026-02-20T14:00:00Z,1.348763,1.348763,1.347019,1.347763
2026-02-20T15:00:00Z,1.347909,1.351388,1.346366,1.350001
2026-02-20T16:00:00Z,1.350147,1.351370,1.348836,1.349892
2026-02-20T17:00:00Z,1.349819,1.349928,1.347727,1.349091
2026-02-20T18:00:00Z,1.349091,1.350585,1.348781,1.349546
2026-02-20T19:00:00Z,1.349528,1.349783,1.348509,1.348563
2026-02-20T20:00:00Z,1.348436,1.349018,1.348254,1.348891
2026-02-20T21:00:00Z,1.348927,1.349764,1.347618,1.348090
2026-02-20T22:00:00Z,1.348127,1.348127,1.348127,1.348127
2026-02-23T00:00:00Z,1.353180,1.353180,1.352155,1.352631
2026-02-23T01:00:00Z,1.352795,1.352795,1.351680,1.351899
2026-02-23T02:00:00Z,1.351972,1.352869,1.351753,1.352247
2026-02-23T03:00:00Z,1.352357,1.352357,1.351114,1.351808
2026-02-23T04:00:00Z,1.351826,1.352100,1.351333,1.352064
2026-02-23T05:00:00Z,1.352027,1.352119,1.351297,1.352119
2026-02-23T06:00:00Z,1.352009,1.353528,1.351899,1.353015
2026-02-23T07:00:00Z,1.352942,1.353308,1.352228,1.352649
2026-02-23T08:00:00Z,1.352649,1.352850,1.351114,1.351826
2026-02-23T09:00:00Z,1.351570,1.351808,1.350658,1.350931
2026-02-23T10:00:00Z,1.350822,1.351315,1.350257,1.351023
2026-02-23T11:00:00Z,1.350713,1.351041,1.348709,1.349127
2026-02-23T12:00:00Z,1.349073,1.349073,1.347727,1.348690
2026-02-23T13:00:00Z,1.348709,1.350749,1.348600,1.350548
2026-02-23T14:00:00Z,1.350749,1.352320,1.350311,1.352064
2026-02-23T15:00:00Z,1.352210,1.352430,1.349582,1.349655
2026-02-23T16:00:00Z,1.349528,1.351406,1.348945,1.350621
2026-02-23T17:00:00Z,1.350713,1.350749,1.348636,1.349564
2026-02-23T18:00:00Z,1.349582,1.350111,1.349582,1.349746
2026-02-23T19:00:00Z,1.349801,1.349910,1.348618,1.348909
2026-02-23T20:00:00Z,1.349036,1.349437,1.348891,1.349200
2026-02-23T21:00:00Z,1.349218,1.350038,1.348981,1.349200
2026-02-23T22:00:00Z,1.349364,1.349528,1.348199,1.349291
2026-02-23T23:00:00Z,1.349327,1.349947,1.349291,1.349655
2026-02-24T00:00:00Z,1.349601,1.349928,1.349364,1.349528
2026-02-24T01:00:00Z,1.349364,1.349364,1.347890,1.348836
2026-02-24T02:00:00Z,1.349291,1.349856,1.348818,1.349856
2026-02-24T03:00:00Z,1.349910,1.350111,1.348836,1.348836
2026-02-24T04:00:00Z,1.348854,1.349018,1.347981,1.348381
2026-02-24T05:00:00Z,1.348309,1.348872,1.348072,1.348872
2026-02-24T06:00:00Z,1.348945,1.349200,1.348545,1.348891
2026-02-24T07:00:00Z,1.348781,1.348781,1.347436,1.347836
2026-02-24T08:00:00Z,1.347909,1.349036,1.347128,1.348800
2026-02-24T09:00:00Z,1.348600,1.350257,1.348563,1.350202
2026-02-24T10:00:00Z,1.350038,1.350530,1.349254,1.349491
2026-02-24T11:00:00Z,1.349400,1.349400,1.348527,1.348709
2026-02-24T12:00:00Z,1.348654,1.348963,1.347981,1.348909
2026-02-24T13:00:00Z,1.348745,1.349200,1.347872,1.348727
2026-02-24T14:00:00Z,1.348581,1.349346,1.348054,1.349291
2026-02-24T15:00:00Z,1.349837,1.352393,1.349309,1.351479
2026-02-24T16:00:00Z,1.351424,1.353656,1.351424,1.352997
2026-02-24T17:00:00Z,1.353052,1.353052,1.351552,1.351826
2026-02-24T18:00:00Z,1.351845,1.351936,1.350731,1.350785
2026-02-24T19:00:00Z,1.350785,1.351242,1.350184,1.350238
2026-02-24T20:00:00Z,1.350220,1.350931,1.349801,1.349892
2026-02-24T21:00:00Z,1.349801,1.349928,1.348945,1.348945
2026-02-24T22:00:00Z,1.349491,1.350020,1.349218,1.349509
2026-02-24T23:00:00Z,1.349364,1.349874,1.349309,1.349710
2026-02-25T00:00:00Z,1.349637,1.350475,1.349200,1.350475
2026-02-25T01:00:00Z,1.350457,1.350640,1.350147,1.350330
2026-02-25T02:00:00Z,1.350311,1.352155,1.350311,1.351845
2026-02-25T03:00:00Z,1.351991,1.352137,1.350931,1.351406
2026-02-25T04:00:00Z,1.351297,1.351899,1.351023,1.351771
2026-02-25T05:00:00Z,1.351662,1.352521,1.351662,1.352228
2026-02-25T06:00:00Z,1.352228,1.352722,1.351954,1.352594
2026-02-25T07:00:00Z,1.352722,1.352924,1.351607,1.352924
2026-02-25T08:00:00Z,1.352777,1.353308,1.351096,1.351753
2026-02-25T09:00:00Z,1.351552,1.352192,1.351187,1.352046
2026-02-25T10:00:00Z,1.351808,1.352137,1.350731,1.351370
2026-02-25T11:00:00Z,1.351041,1.351224,1.349182,1.350384
2026-02-25T12:00:00Z,1.350530,1.352338,1.350457,1.352320
2026-02-25T13:00:00Z,1.352357,1.353510,1.350877,1.350877
2026-02-25T14:00:00Z,1.350840,1.352466,1.350731,1.352430
2026-02-25T15:00:00Z,1.352174,1.353436,1.351881,1.353327
2026-02-25T16:00:00Z,1.353528,1.355179,1.353290,1.354995
2026-02-25T17:00:00Z,1.355032,1.356502,1.354958,1.355620
2026-02-25T18:00:00Z,1.355583,1.356098,1.355124,1.355234
2026-02-25T19:00:00Z,1.355289,1.355546,1.354885,1.355289
2026-02-25T20:00:00Z,1.355105,1.355675,1.355032,1.355326
2026-02-25T21:00:00Z,1.355418,1.356079,1.355216,1.356024
2026-02-25T22:00:00Z,1.355785,1.355951,1.355271,1.355620
2026-02-25T23:00:00Z,1.355675,1.356024,1.355601,1.355803
2026-02-26T00:00:00Z,1.355877,1.356337,1.355399,1.356337
2026-02-26T01:00:00Z,1.356300,1.357349,1.356282,1.357294
2026-02-26T02:00:00Z,1.357386,1.357442,1.355712,1.356502
2026-02-26T03:00:00Z,1.356429,1.356594,1.355657,1.355712
2026-02-26T04:00:00Z,1.355620,1.355896,1.355105,1.355896
2026-02-26T05:00:00Z,1.355840,1.356300,1.355454,1.355896
2026-02-26T06:00:00Z,1.356079,1.356226,1.355326,1.355601
2026-02-26T07:00:00Z,1.355620,1.355620,1.354665,1.354903
2026-02-26T08:00:00Z,1.354757,1.354757,1.352100,1.352649
2026-02-26T09:00:00Z,1.352393,1.353381,1.351991,1.352869
2026-02-26T10:00:00Z,1.352832,1.353601,1.352484,1.353583
2026-02-26T11:00:00Z,1.353601,1.354445,1.353033,1.353088
2026-02-26T12:00:00Z,1.352997,1.355069,1.352869,1.354885
2026-02-26T13:00:00Z,1.354885,1.355638,1.353638,1.353638
2026-02-26T14:00:00Z,1.353620,1.355234,1.353455,1.354591
2026-02-26T15:00:00Z,1.354646,1.354720,1.349856,1.351224
2026-02-26T16:00:00Z,1.351479,1.351552,1.349783,1.350038
2026-02-26T17:00:00Z,1.350311,1.350384,1.345044,1.345044
2026-02-26T18:00:00Z,1.345153,1.346820,1.344701,1.346475
2026-02-26T19:00:00Z,1.346602,1.348872,1.346602,1.348872
2026-02-26T20:00:00Z,1.348781,1.349346,1.348690,1.349200
2026-02-26T21:00:00Z,1.349182,1.349327,1.348127,1.348399
2026-02-26T22:00:00Z,1.347963,1.349164,1.347709,1.348236
2026-02-26T23:00:00Z,1.348218,1.349127,1.348072,1.349109
2026-02-27T00:00:00Z,1.349182,1.349382,1.348399,1.348781
2026-02-27T01:00:00Z,1.348672,1.349273,1.347854,1.347854
2026-02-27T02:00:00Z,1.347800,1.348800,1.347800,1.348763
2026-02-27T03:00:00Z,1.348818,1.349582,1.348818,1.349254
2026-02-27T04:00:00Z,1.349182,1.350093,1.349182,1.349582
2026-02-27T05:00:00Z,1.349619,1.349619,1.348872,1.349109
2026-02-27T06:00:00Z,1.348927,1.349182,1.346801,1.347055
2026-02-27T07:00:00Z,1.346856,1.349509,1.346312,1.348891
2026-02-27T08:00:00Z,1.348818,1.350731,1.348818,1.349564
2026-02-27T09:00:00Z,1.349473,1.349728,1.348327,1.348327
2026-02-27T10:00:00Z,1.348472,1.348563,1.347346,1.347491
2026-02-27T11:00:00Z,1.347636,1.348145,1.346620,1.346620
2026-02-27T12:00:00Z,1.346692,1.347836,1.346692,1.347092
2026-02-27T13:00:00Z,1.347110,1.347309,1.344213,1.344610
2026-02-27T14:00:00Z,1.344556,1.347491,1.344303,1.345008
2026-02-27T15:00:00Z,1.345080,1.347219,1.344556,1.344556
2026-02-27T16:00:00Z,1.344429,1.346747,1.344411,1.345605
2026-02-27T17:00:00Z,1.345569,1.346820,1.344809,1.346203
2026-02-27T18:00:00Z,1.346094,1.347273,1.346094,1.347255
2026-02-27T19:00:00Z,1.347328,1.348345,1.347201,1.348054
2026-02-27T20:00:00Z,1.348145,1.349091,1.347854,1.347854
2026-02-27T21:00:00Z,1.347782,1.348381,1.347164,1.348381
2026-02-27T22:00:00Z,1.348327,1.348327,1.348327,1.348327
2026-03-02T00:00:00Z,1.340572,1.343057,1.340321,1.343057
2026-03-02T01:00:00Z,1.343256,1.345279,1.343003,1.345026
2026-03-02T02:00:00Z,1.345026,1.345026,1.343941,1.344592
2026-03-02T03:00:00Z,1.344538,1.345587,1.344520,1.344809
2026-03-02T04:00:00Z,1.344918,1.345135,1.343634,1.343833
2026-03-02T05:00:00Z,1.343779,1.343779,1.341598,1.341598
2026-03-02T06:00:00Z,1.341526,1.341526,1.337721,1.338187
2026-03-02T07:00:00Z,1.338007,1.338419,1.334793,1.336095
2026-03-02T08:00:00Z,1.336362,1.336916,1.331788,1.335078
2026-03-02T09:00:00Z,1.334935,1.337918,1.334793,1.337184
2026-03-02T10:00:00Z,1.337524,1.340806,1.337524,1.340465
2026-03-02T11:00:00Z,1.340411,1.342480,1.339926,1.341220
2026-03-02T12:00:00Z,1.341022,1.341796,1.339280,1.339782
2026-03-02T13:00:00Z,1.339674,1.340393,1.337990,1.338222
2026-03-02T14:00:00Z,1.338079,1.342264,1.337614,1.341382
2026-03-02T15:00:00Z,1.340680,1.341040,1.336720,1.337220
2026-03-02T16:00:00Z,1.337149,1.339298,1.336023,1.339298
2026-03-02T17:00:00Z,1.339047,1.341832,1.338957,1.341832
2026-03-02T18:00:00Z,1.341508,1.341508,1.339549,1.340626
2026-03-02T19:00:00Z,1.340590,1.343147,1.340590,1.342895
2026-03-02T20:00:00Z,1.342931,1.343003,1.338796,1.340321
2026-03-02T21:00:00Z,1.340231,1.341040,1.340231,1.340572
2026-03-02T22:00:00Z,1.340662,1.340662,1.339962,1.340321
2026-03-02T23:00:00Z,1.340393,1.341202,1.340393,1.341004
2026-03-03T00:00:00Z,1.340806,1.341166,1.339890,1.341166
2026-03-03T01:00:00Z,1.341220,1.342516,1.340734,1.341004
2026-03-03T02:00:00Z,1.340824,1.341202,1.339441,1.340518
2026-03-03T03:00:00Z,1.340680,1.341040,1.339621,1.340034
2026-03-03T04:00:00Z,1.339998,1.340285,1.338312,1.338312
2026-03-03T05:00:00Z,1.338401,1.338867,1.336202,1.336452
2026-03-03T06:00:00Z,1.336434,1.336559,1.335434,1.336344
2026-03-03T07:00:00Z,1.336112,1.336112,1.333618,1.333636
2026-03-03T08:00:00Z,1.333458,1.333458,1.330088,1.330159
2026-03-03T09:00:00Z,1.330477,1.331540,1.328321,1.329964
2026-03-03T10:00:00Z,1.329911,1.330973,1.328551,1.328586
2026-03-03T11:00:00Z,1.328586,1.329893,1.326453,1.329381
2026-03-03T12:00:00Z,1.329204,1.332747,1.328904,1.332569
2026-03-03T13:00:00Z,1.332250,1.332516,1.329858,1.330159
2026-03-03T14:00:00Z,1.330300,1.331133,1.328586,1.328674
2026-03-03T15:00:00Z,1.328815,1.330460,1.325399,1.330088
2026-03-03T16:00:00Z,1.330265,1.333102,1.329946,1.333102
2026-03-03T17:00:00Z,1.332498,1.333653,1.331044,1.332569
2026-03-03T18:00:00Z,1.332427,1.336130,1.332427,1.335327
2026-03-03T19:00:00Z,1.335417,1.336666,1.333582,1.335845
2026-03-03T20:00:00Z,1.335702,1.336988,1.335702,1.336220
2026-03-03T21:00:00Z,1.336220,1.336612,1.335684,1.335738
2026-03-03T22:00:00Z,1.335506,1.336309,1.334900,1.335310
2026-03-03T23:00:00Z,1.335167,1.336380,1.334900,1.335292
2026-03-04T00:00:00Z,1.335149,1.335149,1.332853,1.333049
2026-03-04T01:00:00Z,1.333013,1.333547,1.330406,1.332605
2026-03-04T02:00:00Z,1.332623,1.334009,1.332392,1.333138
2026-03-04T03:00:00Z,1.332996,1.333974,1.332427,1.333920
2026-03-04T04:00:00Z,1.334027,1.334152,1.331452,1.331522
2026-03-04T05:00:00Z,1.331221,1.332427,1.331203,1.331824
2026-03-04T06:00:00Z,1.331664,1.334116,1.330707,1.333387
2026-03-04T07:00:00Z,1.333529,1.337327,1.333458,1.336166
2026-03-04T08:00:00Z,1.336220,1.336220,1.333565,1.333974
2026-03-04T09:00:00Z,1.333974,1.336988,1.333671,1.336005
2026-03-04T10:00:00Z,1.336237,1.339782,1.336237,1.337829
2026-03-04T11:00:00Z,1.337811,1.340285,1.337453,1.337757
2026-03-04T12:00:00Z,1.337829,1.338832,1.335149,1.335167
2026-03-04T13:00:00Z,1.335470,1.338330,1.335470,1.336488
2026-03-04T14:00:00Z,1.336184,1.338401,1.336005,1.336273
2026-03-04T15:00:00Z,1.336184,1.338133,1.335559,1.336541
2026-03-04T16:00:00Z,1.336773,1.337596,1.335648,1.336791
2026-03-04T17:00:00Z,1.336755,1.337077,1.334882,1.335987
2026-03-04T18:00:00Z,1.336095,1.336095,1.334739,1.334810
2026-03-04T19:00:00Z,1.335220,1.337649,1.335220,1.337649
2026-03-04T20:00:00Z,1.337578,1.338079,1.337238,1.337936
2026-03-04T21:00:00Z,1.337506,1.337936,1.337113,1.337113
2026-03-04T22:00:00Z,1.337006,1.337685,1.336738,1.337256
2026-03-04T23:00:00Z,1.337363,1.337453,1.336684,1.336988
2026-03-05T00:00:00Z,1.336934,1.338491,1.336595,1.338437
2026-03-05T01:00:00Z,1.338366,1.338616,1.336630,1.336863
2026-03-05T02:00:00Z,1.336612,1.337149,1.336005,1.336416
2026-03-05T03:00:00Z,1.336380,1.336612,1.333902,1.334009
2026-03-05T04:00:00Z,1.334134,1.334365,1.332960,1.333529
2026-03-05T05:00:00Z,1.333529,1.333902,1.331611,1.331611
2026-03-05T06:00:00Z,1.331593,1.333138,1.330654,1.333102
2026-03-05T07:00:00Z,1.333565,1.335684,1.333262,1.334134
2026-03-05T08:00:00Z,1.334009,1.334009,1.331664,1.332782
2026-03-05T09:00:00Z,1.332605,1.337238,1.332427,1.335417
2026-03-05T10:00:00Z,1.335488,1.335970,1.333387,1.334900
2026-03-05T11:00:00Z,1.335167,1.336505,1.334632,1.336005
2026-03-05T12:00:00Z,1.335809,1.337292,1.335238,1.336863
2026-03-05T13:00:00Z,1.336809,1.337006,1.334116,1.334597
2026-03-05T14:00:00Z,1.334739,1.336005,1.333529,1.334543
2026-03-05T15:00:00Z,1.334757,1.335238,1.331168,1.332339
2026-03-05T16:00:00Z,1.332303,1.332303,1.330017,1.331895
2026-03-05T17:00:00Z,1.331842,1.333315,1.331505,1.333156
2026-03-05T18:00:00Z,1.333120,1.334009,1.331895,1.333227
2026-03-05T19:00:00Z,1.333102,1.333298,1.331930,1.331930
2026-03-05T20:00:00Z,1.332037,1.336184,1.331984,1.335613
2026-03-05T21:00:00Z,1.335702,1.336470,1.335452,1.336023
2026-03-05T22:00:00Z,1.335131,1.335934,1.334330,1.334810
2026-03-05T23:00:00Z,1.335274,1.335934,1.334704,1.335809
2026-03-06T00:00:00Z,1.335631,1.336434,1.335631,1.336041
2026-03-06T01:00:00Z,1.336095,1.337167,1.335577,1.336684
2026-03-06T02:00:00Z,1.336541,1.337095,1.336452,1.336595
2026-03-06T03:00:00Z,1.336630,1.337310,1.336559,1.337167
2026-03-06T04:00:00Z,1.337202,1.337238,1.336327,1.336380
2026-03-06T05:00:00Z,1.336237,1.336702,1.335648,1.335648
2026-03-06T06:00:00Z,1.335809,1.336988,1.335274,1.336666
2026-03-06T07:00:00Z,1.336898,1.337149,1.336184,1.336916
2026-03-06T08:00:00Z,1.337006,1.337882,1.336273,1.336612
2026-03-06T09:00:00Z,1.336344,1.336434,1.331913,1.332516
2026-03-06T10:00:00Z,1.332534,1.334258,1.332250,1.334258
2026-03-06T11:00:00Z,1.334205,1.334330,1.331913,1.331913
2026-03-06T12:00:00Z,1.332054,1.334276,1.331292,1.332747
2026-03-06T13:00:00Z,1.332818,1.338007,1.332818,1.334294
2026-03-06T14:00:00Z,1.334187,1.334775,1.332836,1.333974
2026-03-06T15:00:00Z,1.334739,1.337649,1.334739,1.335934
2026-03-06T16:00:00Z,1.336130,1.340896,1.336130,1.339872
2026-03-06T17:00:00Z,1.339854,1.340447,1.338688,1.338849
2026-03-06T18:00:00Z,1.338796,1.340572,1.338097,1.339029
2026-03-06T19:00:00Z,1.338670,1.339567,1.338312,1.338921
2026-03-06T20:00:00Z,1.338975,1.339369,1.337954,1.339226
2026-03-06T21:00:00Z,1.339118,1.341256,1.339118,1.341256
2026-03-06T22:00:00Z,1.341364,1.341364,1.341364,1.341364
2026-03-09T00:00:00Z,1.330406,1.331700,1.329893,1.330035
2026-03-09T01:00:00Z,1.329451,1.329893,1.328462,1.328621
2026-03-09T02:00:00Z,1.328957,1.330743,1.328674,1.330548
2026-03-09T03:00:00Z,1.330902,1.330973,1.329133,1.329557
2026-03-09T04:00:00Z,1.329858,1.330778,1.329487,1.329805
2026-03-09T05:00:00Z,1.329805,1.333760,1.329805,1.333422
2026-03-09T06:00:00Z,1.332960,1.334116,1.331274,1.331274
2026-03-09T07:00:00Z,1.331788,1.334721,1.330884,1.334383
2026-03-09T08:00:00Z,1.334650,1.334900,1.330389,1.331930
2026-03-09T09:00:00Z,1.331930,1.335970,1.331647,1.333992
2026-03-09T10:00:00Z,1.334027,1.334971,1.332871,1.334615
2026-03-09T11:00:00Z,1.334632,1.335648,1.334098,1.334704
2026-03-09T12:00:00Z,1.334810,1.335934,1.334810,1.335292
2026-03-09T13:00:00Z,1.335470,1.338258,1.335238,1.337274
2026-03-09T14:00:00Z,1.337023,1.338025,1.334864,1.337829
2026-03-09T15:00:00Z,1.338419,1.339872,1.338419,1.339226
2026-03-09T16:00:00Z,1.339423,1.340896,1.338796,1.339136
2026-03-09T17:00:00Z,1.339154,1.339190,1.338348,1.338545
2026-03-09T18:00:00Z,1.338581,1.339621,1.338509,1.338509
2026-03-09T19:00:00Z,1.338437,1.344393,1.338437,1.343003
2026-03-09T20:00:00Z,1.343075,1.344719,1.342516,1.343960
2026-03-09T21:00:00Z,1.343003,1.344592,1.343003,1.344592
2026-03-09T22:00:00Z,1.344791,1.344827,1.342769,1.343256
2026-03-09T23:00:00Z,1.343201,1.343779,1.342228,1.342390
2026-03-10T00:00:00Z,1.342444,1.344411,1.341940,1.343616
2026-03-10T01:00:00Z,1.343598,1.343779,1.342336,1.343147
2026-03-10T02:00:00Z,1.343400,1.343815,1.342048,1.342156
2026-03-10T03:00:00Z,1.342156,1.342570,1.341454,1.341688
2026-03-10T04:00:00Z,1.341544,1.342877,1.341544,1.342516
2026-03-10T05:00:00Z,1.342642,1.343562,1.342642,1.343562
2026-03-10T06:00:00Z,1.343905,1.345750,1.343707,1.345098
2026-03-10T07:00:00Z,1.344918,1.347963,1.344863,1.347800
2026-03-10T08:00:00Z,1.347673,1.348127,1.345316,1.346022
2026-03-10T09:00:00Z,1.345714,1.346820,1.345696,1.345823
2026-03-10T10:00:00Z,1.345515,1.345786,1.343960,1.345135
2026-03-10T11:00:00Z,1.345116,1.346801,1.344375,1.344429
2026-03-10T12:00:00Z,1.344845,1.344845,1.343147,1.344213
2026-03-10T13:00:00Z,1.344556,1.346566,1.344556,1.344863
2026-03-10T14:00:00Z,1.344411,1.346820,1.344032,1.346820
2026-03-10T15:00:00Z,1.347019,1.347291,1.345533,1.345841
2026-03-10T16:00:00Z,1.345696,1.346692,1.344809,1.346330
2026-03-10T17:00:00Z,1.346475,1.348000,1.345714,1.346167
2026-03-10T18:00:00Z,1.345968,1.346040,1.342877,1.342895
2026-03-10T19:00:00Z,1.342841,1.343544,1.341418,1.341868
2026-03-10T20:00:00Z,1.341940,1.342318,1.341382,1.341814
2026-03-10T21:00:00Z,1.341706,1.342318,1.341040,1.342228
2026-03-10T22:00:00Z,1.341976,1.342102,1.341058,1.341328
2026-03-10T23:00:00Z,1.341526,1.342102,1.341346,1.341922
2026-03-11T00:00:00Z,1.342264,1.343779,1.341652,1.343075
2026-03-11T01:00:00Z,1.343165,1.344628,1.342660,1.344610
2026-03-11T02:00:00Z,1.344701,1.344954,1.343779,1.344664
2026-03-11T03:00:00Z,1.344809,1.345297,1.344339,1.345279
2026-03-11T04:00:00Z,1.345207,1.345750,1.344918,1.345479
2026-03-11T05:00:00Z,1.345460,1.345732,1.344701,1.344918
2026-03-11T06:00:00Z,1.344737,1.345551,1.344411,1.344954
2026-03-11T07:00:00Z,1.344899,1.345171,1.343093,1.343580
2026-03-11T08:00:00Z,1.343328,1.343598,1.341094,1.342732
2026-03-11T09:00:00Z,1.341706,1.342769,1.340501,1.341706
2026-03-11T10:00:00Z,1.341418,1.344719,1.341418,1.344610
2026-03-11T11:00:00Z,1.344737,1.344737,1.342552,1.342895
2026-03-11T12:00:00Z,1.342841,1.343256,1.339674,1.339998
2026-03-11T13:00:00Z,1.340536,1.342192,1.340213,1.341868
2026-03-11T14:00:00Z,1.342696,1.344194,1.342102,1.342300
2026-03-11T15:00:00Z,1.342516,1.342516,1.339513,1.339800
2026-03-11T16:00:00Z,1.339710,1.341202,1.339513,1.341076
2026-03-11T17:00:00Z,1.341094,1.341706,1.340159,1.341094
2026-03-11T18:00:00Z,1.341112,1.341814,1.340231,1.341544
2026-03-11T19:00:00Z,1.341418,1.342246,1.341202,1.341868
2026-03-11T20:00:00Z,1.341652,1.341904,1.341058,1.341346
2026-03-11T21:00:00Z,1.341148,1.341706,1.341076,1.341436
2026-03-11T22:00:00Z,1.341382,1.341382,1.338939,1.338993
2026-03-11T23:00:00Z,1.339262,1.339280,1.337757,1.338204
2026-03-12T00:00:00Z,1.338187,1.339351,1.337113,1.338366
2026-03-12T01:00:00Z,1.338563,1.339674,1.338258,1.338849
2026-03-12T02:00:00Z,1.339100,1.339351,1.336702,1.337167
2026-03-12T03:00:00Z,1.337095,1.337381,1.336666,1.337167
2026-03-12T04:00:00Z,1.337202,1.337292,1.336166,1.336309
2026-03-12T05:00:00Z,1.336362,1.337632,1.336344,1.336898
2026-03-12T06:00:00Z,1.337041,1.338204,1.336595,1.338169
2026-03-12T07:00:00Z,1.338222,1.339298,1.337811,1.339298
2026-03-12T08:00:00Z,1.339603,1.339603,1.337310,1.337829
2026-03-12T09:00:00Z,1.337775,1.339531,1.337399,1.339405
2026-03-12T10:00:00Z,1.339459,1.339621,1.338419,1.339369
2026-03-12T11:00:00Z,1.339351,1.340986,1.339082,1.339836
2026-03-12T12:00:00Z,1.339621,1.339656,1.336952,1.337846
2026-03-12T13:00:00Z,1.338133,1.339154,1.336595,1.336934
2026-03-12T14:00:00Z,1.337310,1.337453,1.335149,1.335809
2026-03-12T15:00:00Z,1.335149,1.335916,1.334009,1.334917
2026-03-12T16:00:00Z,1.334971,1.336255,1.334027,1.334846
2026-03-12T17:00:00Z,1.335007,1.336077,1.335007,1.335613
2026-03-12T18:00:00Z,1.335702,1.335738,1.334241,1.334241
2026-03-12T19:00:00Z,1.334116,1.334971,1.334098,1.334900
2026-03-12T20:00:00Z,1.334615,1.335203,1.334241,1.334419
2026-03-12T21:00:00Z,1.333867,1.335113,1.333867,1.334632
2026-03-12T22:00:00Z,1.334579,1.335167,1.334294,1.335024
2026-03-12T23:00:00Z,1.335007,1.335524,1.334686,1.335220
2026-03-13T00:00:00Z,1.335559,1.336505,1.335363,1.336398
2026-03-13T01:00:00Z,1.336612,1.337006,1.335506,1.335666
2026-03-13T02:00:00Z,1.335720,1.336255,1.334793,1.335220
2026-03-13T03:00:00Z,1.335167,1.335167,1.334027,1.334704
2026-03-13T04:00:00Z,1.334632,1.334650,1.333102,1.333227
2026-03-13T05:00:00Z,1.333298,1.333742,1.332924,1.333280
2026-03-13T06:00:00Z,1.333440,1.333440,1.331647,1.331700
2026-03-13T07:00:00Z,1.330654,1.330725,1.327404,1.328004
2026-03-13T08:00:00Z,1.327686,1.327686,1.325732,1.326119
2026-03-13T09:00:00Z,1.326436,1.328039,1.325926,1.326277
2026-03-13T10:00:00Z,1.326489,1.327422,1.325381,1.326084
2026-03-13T11:00:00Z,1.326049,1.326594,1.324696,1.325346
2026-03-13T12:00:00Z,1.325539,1.328215,1.325118,1.327122
2026-03-13T13:00:00Z,1.327404,1.328974,1.326471,1.328021
2026-03-13T14:00:00Z,1.327669,1.328445,1.325539,1.325627
2026-03-13T15:00:00Z,1.325258,1.326137,1.323189,1.323907
2026-03-13T16:00:00Z,1.323732,1.324714,1.323259,1.324468
2026-03-13T17:00:00Z,1.324310,1.325276,1.323925,1.324626
2026-03-13T18:00:00Z,1.324626,1.324907,1.323574,1.324310
2026-03-13T19:00:00Z,1.324381,1.324416,1.322559,1.322751
2026-03-13T20:00:00Z,1.322699,1.322909,1.322052,1.322454
2026-03-13T21:00:00Z,1.322349,1.322349,1.322349,1.322349
2026-03-16T00:00:00Z,1.324953,1.326383,1.324953,1.326374
2026-03-16T01:00:00Z,1.326418,1.326496,1.324765,1.325873
2026-03-16T02:00:00Z,1.325905,1.325914,1.325358,1.325453
2026-03-16T03:00:00Z,1.325423,1.326508,1.325263,1.326163
2026-03-16T04:00:00Z,1.326162,1.326211,1.325119,1.325119
2026-03-16T05:00:00Z,1.325344,1.325536,1.324939,1.325144
2026-03-16T06:00:00Z,1.325028,1.325643,1.324147,1.324982
2026-03-16T07:00:00Z,1.324975,1.325341,1.323135,1.324377
2026-03-16T08:00:00Z,1.324530,1.325374,1.323455,1.325140
2026-03-16T09:00:00Z,1.324932,1.325486,1.324209,1.324703
2026-03-16T10:00:00Z,1.324844,1.327291,1.324844,1.327218
2026-03-16T11:00:00Z,1.327036,1.328330,1.326751,1.327931
2026-03-16T12:00:00Z,1.327886,1.328874,1.327725,1.327755
2026-03-16T13:00:00Z,1.327991,1.330865,1.327982,1.330821
2026-03-16T14:00:00Z,1.330642,1.331102,1.329414,1.329791
2026-03-16T15:00:00Z,1.329899,1.331723,1.329688,1.330208
2026-03-16T16:00:00Z,1.330143,1.330963,1.328990,1.330309
2026-03-16T17:00:00Z,1.330876,1.331714,1.330047,1.330242
2026-03-16T18:00:00Z,1.330435,1.333637,1.330435,1.333147
2026-03-16T19:00:00Z,1.333412,1.333830,1.332449,1.332520
2026-03-16T20:00:00Z,1.332635,1.332775,1.331671,1.331671
2026-03-16T21:00:00Z,1.331914,1.332193,1.331698,1.331973
2026-03-16T22:00:00Z,1.331831,1.331914,1.331214,1.331303
2026-03-16T23:00:00Z,1.331390,1.331492,1.330798,1.331354
2026-03-17T00:00:00Z,1.331157,1.331164,1.329975,1.330261
2026-03-17T01:00:00Z,1.330187,1.330775,1.329579,1.330649
2026-03-17T02:00:00Z,1.330649,1.331007,1.330509,1.330656
2026-03-17T03:00:00Z,1.330562,1.331288,1.330168,1.330210
2026-03-17T04:00:00Z,1.330210,1.331505,1.330014,1.331184
2026-03-17T05:00:00Z,1.331030,1.331416,1.328711,1.328713
2026-03-17T06:00:00Z,1.328602,1.329038,1.327394,1.329038
2026-03-17T07:00:00Z,1.329027,1.331450,1.328835,1.330523
2026-03-17T08:00:00Z,1.330688,1.332978,1.329931,1.332843
2026-03-17T09:00:00Z,1.333060,1.333785,1.332527,1.333463
2026-03-17T10:00:00Z,1.333337,1.333629,1.332317,1.332413
2026-03-17T11:00:00Z,1.332330,1.333929,1.331599,1.331739
2026-03-17T12:00:00Z,1.331645,1.333554,1.331402,1.333152
2026-03-17T13:00:00Z,1.333501,1.335936,1.333501,1.334631
2026-03-17T14:00:00Z,1.334205,1.335727,1.334112,1.334803
2026-03-17T15:00:00Z,1.335219,1.335497,1.333653,1.334353
2026-03-17T16:00:00Z,1.333956,1.334860,1.333552,1.334762
2026-03-17T17:00:00Z,1.334700,1.335896,1.334552,1.335857
2026-03-17T18:00:00Z,1.336075,1.336455,1.335668,1.335668
2026-03-17T19:00:00Z,1.335536,1.336339,1.335210,1.335213
2026-03-17T20:00:00Z,1.335349,1.335845,1.335235,1.335615
2026-03-17T21:00:00Z,1.335634,1.336200,1.335110,1.335879
2026-03-17T22:00:00Z,1.335677,1.336154,1.335677,1.336050
2026-03-17T23:00:00Z,1.336021,1.336021,1.335632,1.335761
2026-03-18T00:00:00Z,1.335736,1.336252,1.335163,1.335163
2026-03-18T01:00:00Z,1.335286,1.336141,1.335185,1.335352
2026-03-18T02:00:00Z,1.335424,1.335697,1.335067,1.335288
2026-03-18T03:00:00Z,1.335276,1.335830,1.335110,1.335806
2026-03-18T04:00:00Z,1.336087,1.336486,1.335873,1.336357
2026-03-18T05:00:00Z,1.336425,1.337243,1.336400,1.337181
2026-03-18T06:00:00Z,1.337120,1.337453,1.336316,1.336527
2026-03-18T07:00:00Z,1.336318,1.336870,1.334958,1.335495
2026-03-18T08:00:00Z,1.335276,1.336096,1.334223,1.335076
2026-03-18T09:00:00Z,1.334901,1.336032,1.334356,1.335939
2026-03-18T10:00:00Z,1.335830,1.336236,1.334859,1.335536
2026-03-18T11:00:00Z,1.335595,1.337081,1.334925,1.336064
2026-03-18T12:00:00Z,1.335888,1.336295,1.331288,1.331563
2026-03-18T13:00:00Z,1.331464,1.332663,1.330576,1.332663
2026-03-18T14:00:00Z,1.332543,1.333541,1.330422,1.332536
2026-03-18T15:00:00Z,1.333022,1.333472,1.332005,1.332186
2026-03-18T16:00:00Z,1.332181,1.333625,1.332046,1.333548
2026-03-18T17:00:00Z,1.333609,1.334335,1.332356,1.334207
2026-03-18T18:00:00Z,1.334935,1.334935,1.329146,1.329146
2026-03-18T19:00:00Z,1.328999,1.329324,1.327473,1.327781
2026-03-18T20:00:00Z,1.327517,1.327774,1.325406,1.325775
2026-03-18T21:00:00Z,1.326023,1.327200,1.325639,1.326897
2026-03-18T22:00:00Z,1.326781,1.326781,1.325198,1.325898
2026-03-18T23:00:00Z,1.325782,1.326751,1.325782,1.326439
2026-03-19T00:00:00Z,1.326482,1.328450,1.326482,1.328450
2026-03-19T01:00:00Z,1.328609,1.329241,1.328365,1.328461
2026-03-19T02:00:00Z,1.328138,1.329688,1.327836,1.328678
2026-03-19T03:00:00Z,1.328837,1.329209,1.328213,1.328213
2026-03-19T04:00:00Z,1.328050,1.328101,1.326878,1.327269
2026-03-19T05:00:00Z,1.327329,1.327369,1.326337,1.326385
2026-03-19T06:00:00Z,1.326334,1.327686,1.326165,1.326633
2026-03-19T07:00:00Z,1.326710,1.327258,1.325269,1.326352
2026-03-19T08:00:00Z,1.326235,1.326684,1.324577,1.325371
2026-03-19T09:00:00Z,1.325662,1.328890,1.325662,1.328577
2026-03-19T10:00:00Z,1.328351,1.328715,1.327277,1.328004
2026-03-19T11:00:00Z,1.327975,1.329285,1.327200,1.329285
2026-03-19T12:00:00Z,1.330617,1.330720,1.328402,1.330003
2026-03-19T13:00:00Z,1.330123,1.335069,1.328457,1.334880
2026-03-19T14:00:00Z,1.335636,1.336879,1.333908,1.336550
2026-03-19T15:00:00Z,1.336255,1.338774,1.334522,1.335971
2026-03-19T16:00:00Z,1.335814,1.337490,1.335463,1.336966
2026-03-19T17:00:00Z,1.337140,1.340772,1.337022,1.340371
2026-03-19T18:00:00Z,1.340199,1.341868,1.339504,1.341783
2026-03-19T19:00:00Z,1.342444,1.346449,1.342444,1.343250
2026-03-19T20:00:00Z,1.343127,1.343548,1.342666,1.343126
2026-03-19T21:00:00Z,1.343086,1.343960,1.341571,1.342866
2026-03-19T22:00:00Z,1.343160,1.344238,1.342590,1.342660
2026-03-19T23:00:00Z,1.343023,1.343023,1.342145,1.342478
2026-03-20T00:00:00Z,1.342502,1.342736,1.341891,1.342421
2026-03-20T01:00:00Z,1.342547,1.342844,1.341357,1.341599
2026-03-20T02:00:00Z,1.341612,1.341846,1.341097,1.341169
2026-03-20T03:00:00Z,1.341135,1.341135,1.340335,1.340335
2026-03-20T04:00:00Z,1.340402,1.340678,1.340285,1.340285
2026-03-20T05:00:00Z,1.340256,1.340887,1.339967,1.340019
2026-03-20T06:00:00Z,1.340166,1.341153,1.340086,1.340314
2026-03-20T07:00:00Z,1.340132,1.343061,1.339820,1.342731
2026-03-20T08:00:00Z,1.343091,1.343589,1.341925,1.341925
2026-03-20T09:00:00Z,1.341608,1.341659,1.338285,1.338285
2026-03-20T10:00:00Z,1.337780,1.338185,1.336466,1.337922
2026-03-20T11:00:00Z,1.337760,1.339868,1.337666,1.339588
2026-03-20T12:00:00Z,1.339764,1.340835,1.337744,1.338143
2026-03-20T13:00:00Z,1.338076,1.338076,1.335119,1.335119
2026-03-20T14:00:00Z,1.334784,1.334887,1.330589,1.331019
2026-03-20T15:00:00Z,1.331186,1.334595,1.330038,1.330355
2026-03-20T16:00:00Z,1.330194,1.333161,1.330194,1.332195
2026-03-20T17:00:00Z,1.332436,1.334219,1.331984,1.333612
2026-03-20T18:00:00Z,1.334075,1.335126,1.332557,1.332631
2026-03-20T19:00:00Z,1.332813,1.334100,1.332083,1.333298
2026-03-20T20:00:00Z,1.333554,1.334417,1.333470,1.334059
2026-03-20T21:00:00Z,1.334203,1.334492,1.334203,1.334492
2026-03-23T00:00:00Z,1.333477,1.333926,1.331058,1.331985
2026-03-23T01:00:00Z,1.331978,1.334200,1.331978,1.333257
2026-03-23T02:00:00Z,1.333420,1.333979,1.331439,1.331973
2026-03-23T03:00:00Z,1.331984,1.332259,1.331409,1.331409
2026-03-23T04:00:00Z,1.331822,1.332401,1.331719,1.332372
2026-03-23T05:00:00Z,1.332324,1.332660,1.330189,1.330189
2026-03-23T06:00:00Z,1.330042,1.330042,1.328231,1.328987
2026-03-23T07:00:00Z,1.329395,1.330683,1.328429,1.328955
2026-03-23T08:00:00Z,1.329264,1.333044,1.329264,1.330966
2026-03-23T09:00:00Z,1.330892,1.330892,1.326473,1.326992
2026-03-23T10:00:00Z,1.326578,1.327406,1.325824,1.326276
2026-03-23T11:00:00Z,1.326494,1.343100,1.326494,1.335320
2026-03-23T12:00:00Z,1.335199,1.342821,1.334889,1.342821
2026-03-23T13:00:00Z,1.342783,1.342783,1.339011,1.341392
2026-03-23T14:00:00Z,1.341155,1.347900,1.341155,1.344401
2026-03-23T15:00:00Z,1.344335,1.345940,1.338496,1.338496
2026-03-23T16:00:00Z,1.338450,1.341482,1.337916,1.340008
2026-03-23T17:00:00Z,1.340580,1.342888,1.339540,1.342415
2026-03-23T18:00:00Z,1.342525,1.345699,1.341454,1.345439
2026-03-23T19:00:00Z,1.344937,1.345433,1.343216,1.343216
2026-03-23T20:00:00Z,1.343057,1.343353,1.342444,1.342709
2026-03-23T21:00:00Z,1.343490,1.343889,1.342249,1.343225
2026-03-23T22:00:00Z,1.343048,1.343622,1.342821,1.343288
2026-03-23T23:00:00Z,1.343308,1.343400,1.342377,1.342469
2026-03-24T00:00:00Z,1.342592,1.342592,1.339780,1.340211
2026-03-24T01:00:00Z,1.339972,1.340335,1.338830,1.339477
2026-03-24T02:00:00Z,1.339378,1.340878,1.339066,1.340123
2026-03-24T03:00:00Z,1.340048,1.340680,1.339691,1.339777
2026-03-24T04:00:00Z,1.339850,1.339850,1.338711,1.339438
2026-03-24T05:00:00Z,1.339414,1.340109,1.338668,1.339929
2026-03-24T06:00:00Z,1.339897,1.341419,1.339710,1.341320
2026-03-24T07:00:00Z,1.341382,1.344032,1.341351,1.343099
2026-03-24T08:00:00Z,1.342974,1.342974,1.338772,1.339029
2026-03-24T09:00:00Z,1.338889,1.340427,1.338265,1.340382
2026-03-24T10:00:00Z,1.340389,1.340750,1.339351,1.340617
2026-03-24T11:00:00Z,1.340616,1.341486,1.339074,1.339741
2026-03-24T12:00:00Z,1.339791,1.340283,1.339034,1.339237
2026-03-24T13:00:00Z,1.338814,1.339303,1.336839,1.337635
2026-03-24T14:00:00Z,1.338088,1.341754,1.337809,1.339752
2026-03-24T15:00:00Z,1.340177,1.340416,1.337947,1.338129
2026-03-24T16:00:00Z,1.337855,1.339228,1.337649,1.338333
2026-03-24T17:00:00Z,1.338330,1.338355,1.335379,1.337719
2026-03-24T18:00:00Z,1.337932,1.339375,1.336523,1.338376
2026-03-24T19:00:00Z,1.338684,1.339077,1.338081,1.338249
2026-03-24T20:00:00Z,1.338237,1.343201,1.337977,1.341033
2026-03-24T21:00:00Z,1.341277,1.342068,1.340289,1.341576
2026-03-24T22:00:00Z,1.341365,1.341925,1.340720,1.341905
2026-03-24T23:00:00Z,1.341882,1.342237,1.341328,1.341713
2026-03-25T00:00:00Z,1.341504,1.343485,1.341504,1.342924
2026-03-25T01:00:00Z,1.342504,1.343192,1.341437,1.341437
2026-03-25T02:00:00Z,1.341369,1.341419,1.339902,1.340314
2026-03-25T03:00:00Z,1.340328,1.340643,1.339827,1.339827
2026-03-25T04:00:00Z,1.339728,1.339972,1.339167,1.339213
2026-03-25T05:00:00Z,1.338980,1.339100,1.337370,1.337503
2026-03-25T06:00:00Z,1.337666,1.338805,1.337437,1.338353
2026-03-25T07:00:00Z,1.338973,1.339499,1.337136,1.338991
2026-03-25T08:00:00Z,1.338799,1.342262,1.338799,1.340767
2026-03-25T09:00:00Z,1.340657,1.341047,1.339131,1.339703
2026-03-25T10:00:00Z,1.340098,1.341081,1.339827,1.341047
2026-03-25T11:00:00Z,1.341243,1.342109,1.340671,1.341569
2026-03-25T12:00:00Z,1.341808,1.342621,1.339025,1.339350
2026-03-25T13:00:00Z,1.339809,1.339989,1.337190,1.337190
2026-03-25T14:00:00Z,1.336543,1.338858,1.336005,1.338453
2026-03-25T15:00:00Z,1.338828,1.339088,1.336361,1.337168
2026-03-25T16:00:00Z,1.337086,1.338339,1.336246,1.337911
2026-03-25T17:00:00Z,1.337965,1.339077,1.337424,1.338491
2026-03-25T18:00:00Z,1.338367,1.338541,1.336004,1.336577
2026-03-25T19:00:00Z,1.336412,1.336668,1.335987,1.336507
2026-03-25T20:00:00Z,1.336550,1.336600,1.335852,1.336600
2026-03-25T21:00:00Z,1.336514,1.336957,1.336459,1.336668
2026-03-25T22:00:00Z,1.336314,1.336548,1.335975,1.336150
2026-03-25T23:00:00Z,1.336293,1.336373,1.336066,1.336300
2026-03-26T00:00:00Z,1.336212,1.336632,1.335492,1.335996
2026-03-26T01:00:00Z,1.336302,1.336577,1.335632,1.336212
2026-03-26T02:00:00Z,1.336184,1.336270,1.334998,1.335163
2026-03-26T03:00:00Z,1.335047,1.336570,1.335047,1.336525
2026-03-26T04:00:00Z,1.336477,1.336739,1.336341,1.336607
2026-03-26T05:00:00Z,1.336482,1.336614,1.335495,1.335495
2026-03-26T06:00:00Z,1.335652,1.336668,1.335374,1.336507
2026-03-26T07:00:00Z,1.336393,1.336393,1.334951,1.334985
2026-03-26T08:00:00Z,1.334759,1.335294,1.333808,1.335283
2026-03-26T09:00:00Z,1.335194,1.335896,1.334554,1.335404
2026-03-26T10:00:00Z,1.335302,1.336118,1.335117,1.335363
2026-03-26T11:00:00Z,1.335425,1.335656,1.332644,1.332644
2026-03-26T12:00:00Z,1.332569,1.333659,1.332356,1.333095
2026-03-26T13:00:00Z,1.333212,1.336375,1.333212,1.335531
2026-03-26T14:00:00Z,1.335443,1.337344,1.335053,1.336132
2026-03-26T15:00:00Z,1.336293,1.336477,1.333822,1.335106
2026-03-26T16:00:00Z,1.335124,1.335169,1.333511,1.333705
2026-03-26T17:00:00Z,1.333792,1.334358,1.331923,1.331923
2026-03-26T18:00:00Z,1.331888,1.332836,1.331888,1.332836
2026-03-26T19:00:00Z,1.332820,1.332866,1.331331,1.331331
2026-03-26T20:00:00Z,1.331187,1.335588,1.331021,1.333276
2026-03-26T21:00:00Z,1.333314,1.333723,1.332852,1.333234
2026-03-26T22:00:00Z,1.333204,1.334064,1.333204,1.333764
2026-03-26T23:00:00Z,1.333750,1.334015,1.333428,1.333550
2026-03-27T00:00:00Z,1.333509,1.334027,1.332273,1.333356
2026-03-27T01:00:00Z,1.333388,1.334410,1.333191,1.334308
2026-03-27T02:00:00Z,1.334581,1.334581,1.333863,1.334168
2026-03-27T03:00:00Z,1.334337,1.334410,1.333540,1.334095
2026-03-27T04:00:00Z,1.334047,1.334415,1.333974,1.334365
2026-03-27T05:00:00Z,1.334237,1.334696,1.333691,1.333993
2026-03-27T06:00:00Z,1.334102,1.334543,1.333397,1.333504
2026-03-27T07:00:00Z,1.333399,1.333467,1.331223,1.331239
2026-03-27T08:00:00Z,1.331186,1.331943,1.331048,1.331499
2026-03-27T09:00:00Z,1.331549,1.331691,1.330357,1.330617
2026-03-27T10:00:00Z,1.330672,1.331728,1.330139,1.330198
2026-03-27T11:00:00Z,1.330008,1.330391,1.328323,1.328323
2026-03-27T12:00:00Z,1.328185,1.328501,1.327284,1.328247
2026-03-27T13:00:00Z,1.328085,1.330472,1.327651,1.329540
2026-03-27T14:00:00Z,1.330005,1.331753,1.330005,1.331154
2026-03-27T15:00:00Z,1.331402,1.333196,1.329087,1.329223
2026-03-27T16:00:00Z,1.328778,1.329632,1.327427,1.327614
2026-03-27T17:00:00Z,1.327577,1.327808,1.326075,1.326784
2026-03-27T18:00:00Z,1.326814,1.327336,1.326381,1.327022
2026-03-27T19:00:00Z,1.326985,1.327226,1.326487,1.327151
2026-03-27T20:00:00Z,1.327022,1.327494,1.326110,1.326110
2026-03-27T21:00:00Z,1.326045,1.326045,1.326045,1.326045
2026-03-29T23:00:00Z,1.323730,1.324505,1.323488,1.323706
2026-03-30T00:00:00Z,1.323942,1.325901,1.323401,1.325191
2026-03-30T01:00:00Z,1.325351,1.325652,1.324828,1.324935
2026-03-30T02:00:00Z,1.324940,1.326186,1.324591,1.325768
2026-03-30T03:00:00Z,1.325824,1.327212,1.325824,1.327212
2026-03-30T04:00:00Z,1.327168,1.327707,1.326915,1.326915
2026-03-30T05:00:00Z,1.326821,1.327656,1.326800,1.327406
2026-03-30T06:00:00Z,1.327242,1.328090,1.326654,1.326654
2026-03-30T07:00:00Z,1.326687,1.326687,1.324202,1.324530
2026-03-30T08:00:00Z,1.324337,1.324619,1.323304,1.323529
2026-03-30T09:00:00Z,1.323441,1.323974,1.322711,1.323944
2026-03-30T10:00:00Z,1.323516,1.324351,1.322869,1.322949
2026-03-30T11:00:00Z,1.323007,1.324614,1.322975,1.323175
2026-03-30T12:00:00Z,1.323184,1.323700,1.322162,1.322835
2026-03-30T13:00:00Z,1.323042,1.323304,1.318176,1.318376
2026-03-30T14:00:00Z,1.318624,1.320359,1.317587,1.319700
2026-03-30T15:00:00Z,1.319858,1.319858,1.317514,1.319223
2026-03-30T16:00:00Z,1.318986,1.319192,1.318299,1.318755
2026-03-30T17:00:00Z,1.319063,1.319458,1.318287,1.318428
2026-03-30T18:00:00Z,1.318515,1.319428,1.318465,1.318465
2026-03-30T19:00:00Z,1.318404,1.318628,1.317688,1.318359
2026-03-30T20:00:00Z,1.318541,1.318632,1.317884,1.318376
2026-03-30T21:00:00Z,1.319798,1.319798,1.317971,1.318511
2026-03-30T22:00:00Z,1.318439,1.318595,1.317978,1.318027
2026-03-30T23:00:00Z,1.317780,1.317780,1.316980,1.317105
2026-03-31T00:00:00Z,1.317181,1.320128,1.316113,1.320127
2026-03-31T01:00:00Z,1.320066,1.322211,1.319759,1.320903
2026-03-31T02:00:00Z,1.320915,1.321261,1.320549,1.320964
2026-03-31T03:00:00Z,1.320922,1.321269,1.319906,1.319930
2026-03-31T04:00:00Z,1.320059,1.320371,1.319771,1.319789
2026-03-31T05:00:00Z,1.319716,1.321056,1.319326,1.320125
2026-03-31T06:00:00Z,1.319982,1.320765,1.319427,1.320561
2026-03-31T07:00:00Z,1.320498,1.320927,1.319336,1.320927
2026-03-31T08:00:00Z,1.320550,1.321854,1.319961,1.321226
2026-03-31T09:00:00Z,1.321240,1.321924,1.320592,1.321449
2026-03-31T10:00:00Z,1.321374,1.321587,1.319831,1.319831
2026-03-31T11:00:00Z,1.319972,1.323453,1.319378,1.323075
2026-03-31T12:00:00Z,1.323471,1.324705,1.323010,1.323820
2026-03-31T13:00:00Z,1.323769,1.326176,1.323119,1.325942
2026-03-31T14:00:00Z,1.326244,1.326244,1.317797,1.318993
2026-03-31T15:00:00Z,1.318689,1.321681,1.317945,1.318390
2026-03-31T16:00:00Z,1.318195,1.323269,1.317733,1.321589
2026-03-31T17:00:00Z,1.322041,1.324587,1.322041,1.323124
2026-03-31T18:00:00Z,1.323096,1.324638,1.322886,1.322953
2026-03-31T19:00:00Z,1.322790,1.323870,1.322351,1.323602
2026-03-31T20:00:00Z,1.323574,1.324033,1.322471,1.322762
2026-03-31T21:00:00Z,1.322652,1.323289,1.322368,1.322660
2026-03-31T22:00:00Z,1.322295,1.323206,1.322295,1.323206
2026-03-31T23:00:00Z,1.323119,1.324379,1.323002,1.324379
2026-04-01T00:00:00Z,1.324224,1.325388,1.324000,1.324667
2026-04-01T01:00:00Z,1.324447,1.324447,1.322304,1.323184
2026-04-01T02:00:00Z,1.323192,1.324335,1.323105,1.324098
2026-04-01T03:00:00Z,1.323918,1.323933,1.323182,1.323364
2026-04-01T04:00:00Z,1.323331,1.324349,1.323282,1.324305
2026-04-01T05:00:00Z,1.324312,1.326503,1.324207,1.325822
2026-04-01T06:00:00Z,1.325959,1.329101,1.325585,1.328817
2026-04-01T07:00:00Z,1.329105,1.329105,1.326628,1.326640
2026-04-01T08:00:00Z,1.326478,1.329966,1.326295,1.329082
2026-04-01T09:00:00Z,1.328967,1.329418,1.327968,1.329398
2026-04-01T10:00:00Z,1.329375,1.331693,1.329375,1.330208
2026-04-01T11:00:00Z,1.330300,1.332339,1.330010,1.332198
2026-04-01T12:00:00Z,1.332260,1.332413,1.329846,1.330360
2026-04-01T13:00:00Z,1.330447,1.332397,1.329511,1.331457
2026-04-01T14:00:00Z,1.331698,1.333508,1.330557,1.333508
2026-04-01T15:00:00Z,1.333449,1.333506,1.331828,1.333031
2026-04-01T16:00:00Z,1.332981,1.333901,1.331480,1.333901
2026-04-01T17:00:00Z,1.333854,1.334378,1.331570,1.331570
2026-04-01T18:00:00Z,1.331716,1.331716,1.329623,1.330330
2026-04-01T19:00:00Z,1.329833,1.330553,1.329338,1.330136
2026-04-01T20:00:00Z,1.330099,1.330649,1.330029,1.330541
2026-04-01T21:00:00Z,1.330621,1.331297,1.329789,1.330537
2026-04-01T22:00:00Z,1.330817,1.331072,1.330467,1.330467
2026-04-01T23:00:00Z,1.330743,1.331042,1.330143,1.330238
2026-04-02T00:00:00Z,1.330169,1.331462,1.329851,1.331407
2026-04-02T01:00:00Z,1.331297,1.331936,1.325014,1.325502
2026-04-02T02:00:00Z,1.325486,1.326230,1.324345,1.324763
2026-04-02T03:00:00Z,1.324423,1.324756,1.323187,1.323382
2026-04-02T04:00:00Z,1.323544,1.323867,1.322956,1.323551
2026-04-02T05:00:00Z,1.323697,1.323776,1.321596,1.321596
2026-04-02T06:00:00Z,1.321648,1.322389,1.320233,1.322389
2026-04-02T07:00:00Z,1.322414,1.322414,1.320280,1.321692
2026-04-02T08:00:00Z,1.321743,1.321743,1.319632,1.320080
2026-04-02T09:00:00Z,1.320151,1.320840,1.319554,1.320026
2026-04-02T10:00:00Z,1.320134,1.320134,1.318604,1.318604
2026-04-02T11:00:00Z,1.318564,1.320298,1.318310,1.320298
2026-04-02T12:00:00Z,1.320256,1.321840,1.320256,1.321550
2026-04-02T13:00:00Z,1.321240,1.321875,1.320367,1.321875
2026-04-02T14:00:00Z,1.321896,1.324384,1.321091,1.324384
2026-04-02T15:00:00Z,1.324509,1.325125,1.322893,1.323839
2026-04-02T16:00:00Z,1.323935,1.324152,1.322774,1.323508
2026-04-02T17:00:00Z,1.323238,1.324088,1.322377,1.322480
2026-04-02T18:00:00Z,1.322547,1.322874,1.322225,1.322562
2026-04-02T19:00:00Z,1.322550,1.322883,1.322293,1.322344
2026-04-02T20:00:00Z,1.322230,1.322862,1.322230,1.322681
2026-04-02T21:00:00Z,1.322732,1.323035,1.321765,1.322463
2026-04-02T22:00:00Z,1.322506,1.322692,1.322398,1.322580
2026-04-02T23:00:00Z,1.322627,1.323128,1.322601,1.323023
2026-04-03T00:00:00Z,1.323014,1.323820,1.322965,1.323427
2026-04-03T01:00:00Z,1.323446,1.323446,1.322667,1.322669
2026-04-03T02:00:00Z,1.322802,1.323192,1.322213,1.322687
2026-04-03T03:00:00Z,1.322739,1.322996,1.322620,1.322982
2026-04-03T04:00:00Z,1.322973,1.322981,1.322657,1.322753
2026-04-03T05:00:00Z,1.322669,1.323375,1.322241,1.323375
2026-04-03T06:00:00Z,1.323310,1.323646,1.322993,1.323424
2026-04-03T07:00:00Z,1.323529,1.324282,1.323446,1.323911
2026-04-03T08:00:00Z,1.323851,1.323991,1.323315,1.323883
2026-04-03T09:00:00Z,1.323851,1.323912,1.323357,1.323548
2026-04-03T10:00:00Z,1.323455,1.323700,1.323021,1.323481
2026-04-03T11:00:00Z,1.323392,1.323844,1.323350,1.323593
2026-04-03T12:00:00Z,1.323679,1.323776,1.321030,1.321236
2026-04-03T13:00:00Z,1.321208,1.322043,1.320962,1.321729
2026-04-03T14:00:00Z,1.321749,1.321749,1.320472,1.320477
2026-04-03T15:00:00Z,1.320366,1.321269,1.319698,1.319757
2026-04-03T16:00:00Z,1.320125,1.320174,1.319566,1.320061
2026-04-03T17:00:00Z,1.319768,1.320102,1.319698,1.319784
2026-04-03T18:00:00Z,1.319780,1.319893,1.319007,1.319188
2026-04-03T19:00:00Z,1.319186,1.319357,1.319064,1.319249
2026-04-03T20:00:00Z,1.319207,1.321116,1.319174,1.319468
2026-04-03T21:00:00Z,1.319385,1.319385,1.319385,1.319385
2026-04-05T23:00:00Z,1.319214,1.319293,1.318604,1.318604
2026-04-06T00:00:00Z,1.318788,1.319815,1.318788,1.319723
2026-04-06T01:00:00Z,1.319698,1.319980,1.319124,1.319239
2026-04-06T02:00:00Z,1.319609,1.321690,1.319538,1.321133
2026-04-06T03:00:00Z,1.321205,1.321350,1.320566,1.320706
2026-04-06T04:00:00Z,1.320801,1.321404,1.320791,1.321290
2026-04-06T05:00:00Z,1.321255,1.322082,1.321255,1.321601
2026-04-06T06:00:00Z,1.321582,1.322470,1.321220,1.321877
2026-04-06T07:00:00Z,1.321893,1.325833,1.321046,1.325281
2026-04-06T08:00:00Z,1.325699,1.325775,1.324700,1.324946
2026-04-06T09:00:00Z,1.325021,1.325539,1.324410,1.324540
2026-04-06T10:00:00Z,1.324721,1.325263,1.324214,1.324472
2026-04-06T11:00:00Z,1.324373,1.324570,1.323357,1.323709
2026-04-06T12:00:00Z,1.323662,1.324889,1.323495,1.324551
2026-04-06T13:00:00Z,1.324677,1.325968,1.324452,1.325764
2026-04-06T14:00:00Z,1.326081,1.326814,1.323854,1.323854
2026-04-06T15:00:00Z,1.323572,1.323572,1.322505,1.323373
2026-04-06T16:00:00Z,1.323520,1.323921,1.323203,1.323502
2026-04-06T17:00:00Z,1.323234,1.323264,1.321886,1.322678
2026-04-06T18:00:00Z,1.322641,1.324337,1.322596,1.323762
2026-04-06T19:00:00Z,1.323672,1.323961,1.323403,1.323411
2026-04-06T20:00:00Z,1.323460,1.323753,1.323346,1.323632
2026-04-06T21:00:00Z,1.323450,1.324174,1.323422,1.323422
2026-04-06T22:00:00Z,1.323611,1.323679,1.323390,1.323394
2026-04-06T23:00:00Z,1.323362,1.323471,1.323065,1.323382
2026-04-07T00:00:00Z,1.323313,1.323786,1.323044,1.323115
2026-04-07T01:00:00Z,1.322989,1.323480,1.321657,1.321865
2026-04-07T02:00:00Z,1.321919,1.322041,1.321164,1.321744
2026-04-07T03:00:00Z,1.321776,1.322582,1.321713,1.322527
2026-04-07T04:00:00Z,1.322568,1.323392,1.322440,1.323283
2026-04-07T05:00:00Z,1.323336,1.323371,1.321991,1.323035
2026-04-07T06:00:00Z,1.322993,1.324807,1.322711,1.324477
2026-04-07T07:00:00Z,1.324489,1.324596,1.322741,1.323290
2026-04-07T08:00:00Z,1.323403,1.328452,1.323403,1.328452
2026-04-07T09:00:00Z,1.328281,1.328344,1.326661,1.326661
2026-04-07T10:00:00Z,1.326540,1.326719,1.323802,1.324375
2026-04-07T11:00:00Z,1.324375,1.324791,1.323692,1.324575
2026-04-07T12:00:00Z,1.324633,1.325796,1.324077,1.325123
2026-04-07T13:00:00Z,1.324951,1.325578,1.323881,1.324168
2026-04-07T14:00:00Z,1.324147,1.326350,1.323791,1.324621
2026-04-07T15:00:00Z,1.324579,1.325151,1.323923,1.324068
2026-04-07T16:00:00Z,1.324012,1.325576,1.324012,1.324975
2026-04-07T17:00:00Z,1.325058,1.326568,1.324807,1.326119
2026-04-07T18:00:00Z,1.326374,1.326918,1.325616,1.325866
2026-04-07T19:00:00Z,1.325884,1.329338,1.325622,1.328792
2026-04-07T20:00:00Z,1.328662,1.329954,1.328662,1.329303
2026-04-07T21:00:00Z,1.329271,1.330136,1.328298,1.329814
2026-04-07T22:00:00Z,1.330219,1.337063,1.330219,1.337054
2026-04-07T23:00:00Z,1.337294,1.340571,1.337052,1.340084
2026-04-08T00:00:00Z,1.340134,1.340858,1.338018,1.338849
2026-04-08T01:00:00Z,1.338702,1.341462,1.338702,1.340402
2026-04-08T02:00:00Z,1.340562,1.341148,1.339479,1.340014
2026-04-08T03:00:00Z,1.340161,1.340448,1.339267,1.339980
2026-04-08T04:00:00Z,1.339963,1.341691,1.339963,1.341589
2026-04-08T05:00:00Z,1.341657,1.344390,1.341445,1.343288
2026-04-08T06:00:00Z,1.343337,1.344227,1.342044,1.343046
2026-04-08T07:00:00Z,1.342985,1.343308,1.341279,1.342500
2026-04-08T08:00:00Z,1.342415,1.343185,1.341018,1.342705
2026-04-08T09:00:00Z,1.342886,1.343952,1.342253,1.342410
2026-04-08T10:00:00Z,1.342484,1.344498,1.342484,1.344209
2026-04-08T11:00:00Z,1.344111,1.346859,1.343707,1.346678
2026-04-08T12:00:00Z,1.346720,1.348327,1.345893,1.347649
2026-04-08T13:00:00Z,1.347121,1.348156,1.344073,1.344673
2026-04-08T14:00:00Z,1.345042,1.345846,1.343725,1.344928
2026-04-08T15:00:00Z,1.344740,1.344767,1.342969,1.343904
2026-04-08T16:00:00Z,1.343806,1.343806,1.341994,1.342446
2026-04-08T17:00:00Z,1.342431,1.342794,1.341110,1.341758
2026-04-08T18:00:00Z,1.341707,1.342513,1.338701,1.338728
2026-04-08T19:00:00Z,1.338319,1.340847,1.338319,1.340847
2026-04-08T20:00:00Z,1.340768,1.340831,1.339502,1.339506
2026-04-08T21:00:00Z,1.339468,1.340700,1.339468,1.340305
2026-04-08T22:00:00Z,1.339945,1.340224,1.339472,1.339865
2026-04-08T23:00:00Z,1.339741,1.339883,1.339246,1.339246
2026-04-09T00:00:00Z,1.339319,1.339509,1.338597,1.339140
2026-04-09T01:00:00Z,1.339278,1.339278,1.338203,1.339179
2026-04-09T02:00:00Z,1.339334,1.340096,1.338815,1.339552
2026-04-09T03:00:00Z,1.339637,1.339823,1.339116,1.339472
2026-04-09T04:00:00Z,1.339656,1.340614,1.339586,1.340059
2026-04-09T05:00:00Z,1.340026,1.340093,1.338961,1.339108
2026-04-09T06:00:00Z,1.339124,1.339504,1.338324,1.339445
2026-04-09T07:00:00Z,1.339736,1.340057,1.338235,1.339413
2026-04-09T08:00:00Z,1.339192,1.340749,1.338482,1.340504
2026-04-09T09:00:00Z,1.340276,1.341214,1.340007,1.340448
2026-04-09T10:00:00Z,1.340296,1.340957,1.339965,1.340008
2026-04-09T11:00:00Z,1.339599,1.343028,1.339599,1.342920
2026-04-09T12:00:00Z,1.342785,1.342936,1.340914,1.341641
2026-04-09T13:00:00Z,1.341644,1.342952,1.341455,1.341987
2026-04-09T14:00:00Z,1.341987,1.342792,1.340603,1.341531
2026-04-09T15:00:00Z,1.341486,1.344401,1.340429,1.344189
2026-04-09T16:00:00Z,1.344245,1.345591,1.344099,1.344401
2026-04-09T17:00:00Z,1.344540,1.345788,1.344540,1.345104
2026-04-09T18:00:00Z,1.345142,1.345178,1.343039,1.343418
2026-04-09T19:00:00Z,1.343288,1.344462,1.343120,1.343539
2026-04-09T20:00:00Z,1.343477,1.343725,1.343115,1.343721
2026-04-09T21:00:00Z,1.343705,1.344540,1.342985,1.343492
2026-04-09T22:00:00Z,1.343613,1.343680,1.342448,1.342624
2026-04-09T23:00:00Z,1.342642,1.343436,1.342642,1.342895
2026-04-10T00:00:00Z,1.342783,1.342783,1.342157,1.342424
2026-04-10T01:00:00Z,1.342300,1.343183,1.342103,1.342886
2026-04-10T02:00:00Z,1.342943,1.342943,1.342048,1.342486
2026-04-10T03:00:00Z,1.342494,1.342659,1.342255,1.342476
2026-04-10T04:00:00Z,1.342525,1.342651,1.342159,1.342174
2026-04-10T05:00:00Z,1.342168,1.342244,1.341513,1.341918
2026-04-10T06:00:00Z,1.342019,1.342349,1.341446,1.341797
2026-04-10T07:00:00Z,1.341806,1.342808,1.341106,1.341106
2026-04-10T08:00:00Z,1.341265,1.342559,1.341265,1.342071
2026-04-10T09:00:00Z,1.342199,1.344003,1.341819,1.343793
2026-04-10T10:00:00Z,1.343851,1.344413,1.343571,1.343820
2026-04-10T11:00:00Z,1.343667,1.344514,1.343593,1.344502
2026-04-10T12:00:00Z,1.344420,1.346361,1.344420,1.345775
2026-04-10T13:00:00Z,1.345689,1.347649,1.345689,1.345913
2026-04-10T14:00:00Z,1.346181,1.347816,1.345574,1.346256
2026-04-10T15:00:00Z,1.346190,1.347654,1.345833,1.345833
2026-04-10T16:00:00Z,1.345786,1.346118,1.344912,1.345627
2026-04-10T17:00:00Z,1.345600,1.346324,1.345433,1.345736
2026-04-10T18:00:00Z,1.345859,1.347148,1.345386,1.346897
2026-04-10T19:00:00Z,1.347117,1.347135,1.346703,1.346925
2026-04-10T20:00:00Z,1.346823,1.346939,1.345839,1.346212
2026-04-10T21:00:00Z,1.346069,1.346069,1.346069,1.346069
2026-04-12T23:00:00Z,1.339472,1.339576,1.338117,1.339290
2026-04-13T00:00:00Z,1.339515,1.340012,1.338652,1.339960
2026-04-13T01:00:00Z,1.340450,1.340891,1.339879,1.340393
2026-04-13T02:00:00Z,1.340342,1.340625,1.340066,1.340510
2026-04-13T03:00:00Z,1.340511,1.340511,1.340016,1.340434
2026-04-13T04:00:00Z,1.340479,1.340722,1.340321,1.340474
2026-04-13T05:00:00Z,1.340607,1.340700,1.340280,1.340599
2026-04-13T06:00:00Z,1.340686,1.341410,1.340296,1.341092
2026-04-13T07:00:00Z,1.341249,1.343234,1.341249,1.343234
2026-04-13T08:00:00Z,1.343111,1.343404,1.342399,1.342792
2026-04-13T09:00:00Z,1.342877,1.343331,1.342298,1.342920
2026-04-13T10:00:00Z,1.342945,1.343523,1.342296,1.343391
2026-04-13T11:00:00Z,1.343703,1.344209,1.341954,1.341954
2026-04-13T12:00:00Z,1.341671,1.343784,1.341671,1.343687
2026-04-13T13:00:00Z,1.343642,1.346549,1.343470,1.345001
2026-04-13T14:00:00Z,1.345368,1.346401,1.344630,1.346116
2026-04-13T15:00:00Z,1.346092,1.346092,1.344905,1.345689
2026-04-13T16:00:00Z,1.345891,1.347920,1.345312,1.347449
2026-04-13T17:00:00Z,1.347413,1.349089,1.347413,1.348863
2026-04-13T18:00:00Z,1.348918,1.350484,1.348663,1.350484
2026-04-13T19:00:00Z,1.350820,1.350820,1.350065,1.350579
2026-04-13T20:00:00Z,1.350590,1.350886,1.350468,1.350716
2026-04-13T21:00:00Z,1.350610,1.350610,1.349823,1.350116
2026-04-13T22:00:00Z,1.350530,1.351242,1.350530,1.351010
2026-04-13T23:00:00Z,1.351110,1.351616,1.351023,1.351589
2026-04-14T00:00:00Z,1.351543,1.351613,1.350926,1.351324
2026-04-14T01:00:00Z,1.351477,1.351516,1.350545,1.350579
2026-04-14T02:00:00Z,1.350574,1.350873,1.350368,1.350849
2026-04-14T03:00:00Z,1.350879,1.351717,1.350612,1.351665
2026-04-14T04:00:00Z,1.351687,1.352090,1.351503,1.352015
2026-04-14T05:00:00Z,1.351866,1.352113,1.351087,1.351667
2026-04-14T06:00:00Z,1.351706,1.352737,1.351149,1.352179
2026-04-14T07:00:00Z,1.352232,1.353806,1.352232,1.353224
2026-04-14T08:00:00Z,1.353114,1.353860,1.352783,1.353682
2026-04-14T09:00:00Z,1.353808,1.354769,1.353506,1.354193
2026-04-14T10:00:00Z,1.354257,1.356258,1.354102,1.355862
2026-04-14T11:00:00Z,1.355936,1.357703,1.355936,1.357703
2026-04-14T12:00:00Z,1.357047,1.358762,1.356799,1.358574
2026-04-14T13:00:00Z,1.358613,1.358721,1.356952,1.358175
2026-04-14T14:00:00Z,1.358258,1.358821,1.357480,1.358806
2026-04-14T15:00:00Z,1.358705,1.358705,1.356305,1.356305
2026-04-14T16:00:00Z,1.356158,1.356777,1.355870,1.356762
2026-04-14T17:00:00Z,1.356749,1.357278,1.356478,1.357053
2026-04-14T18:00:00Z,1.357093,1.357180,1.356105,1.356274
2026-04-14T19:00:00Z,1.356293,1.356631,1.356241,1.356353
2026-04-14T20:00:00Z,1.356265,1.356902,1.356265,1.356712
2026-04-14T21:00:00Z,1.356629,1.357161,1.356219,1.356534
2026-04-14T22:00:00Z,1.356743,1.357123,1.356449,1.356847
2026-04-14T23:00:00Z,1.356786,1.357805,1.356738,1.357521
2026-04-15T00:00:00Z,1.357401,1.357438,1.356604,1.357307
2026-04-15T01:00:00Z,1.357366,1.357738,1.356769,1.356815
2026-04-15T02:00:00Z,1.356905,1.356966,1.355759,1.355925
2026-04-15T03:00:00Z,1.355949,1.356701,1.355640,1.356613
2026-04-15T04:00:00Z,1.356565,1.356769,1.356388,1.356769
2026-04-15T05:00:00Z,1.356738,1.357762,1.356458,1.356616
2026-04-15T06:00:00Z,1.356795,1.357383,1.355748,1.356221
2026-04-15T07:00:00Z,1.355936,1.356887,1.355662,1.355688
2026-04-15T08:00:00Z,1.355954,1.356732,1.355748,1.356427
2026-04-15T09:00:00Z,1.356427,1.356931,1.355021,1.355776
2026-04-15T10:00:00Z,1.355691,1.356078,1.354382,1.355151
2026-04-15T11:00:00Z,1.354786,1.355546,1.354430,1.355430
2026-04-15T12:00:00Z,1.355344,1.355594,1.354628,1.355475
2026-04-15T13:00:00Z,1.355565,1.356631,1.355432,1.355730
2026-04-15T14:00:00Z,1.355826,1.357703,1.355476,1.356867
2026-04-15T15:00:00Z,1.356852,1.357843,1.356701,1.356880
2026-04-15T16:00:00Z,1.356745,1.357427,1.356745,1.357298
2026-04-15T17:00:00Z,1.357300,1.357408,1.356519,1.356972
2026-04-15T18:00:00Z,1.356941,1.357567,1.356863,1.357440
2026-04-15T19:00:00Z,1.357436,1.357624,1.356909,1.357165
2026-04-15T20:00:00Z,1.357060,1.357060,1.355973,1.356122
2026-04-15T21:00:00Z,1.356329,1.356826,1.355919,1.356138
2026-04-15T22:00:00Z,1.356285,1.356812,1.356260,1.356740
2026-04-15T23:00:00Z,1.356764,1.357375,1.356764,1.357296
2026-04-16T00:00:00Z,1.357377,1.357423,1.356891,1.357397
2026-04-16T01:00:00Z,1.357340,1.357580,1.356192,1.356874
2026-04-16T02:00:00Z,1.356933,1.358567,1.356893,1.358567
2026-04-16T03:00:00Z,1.358605,1.359446,1.358026,1.358221
2026-04-16T04:00:00Z,1.358124,1.358220,1.357574,1.357711
2026-04-16T05:00:00Z,1.357674,1.357698,1.356740,1.357025
2026-04-16T06:00:00Z,1.357298,1.357888,1.356456,1.357556
2026-04-16T07:00:00Z,1.357764,1.358017,1.355859,1.356026
2026-04-16T08:00:00Z,1.355846,1.356055,1.354859,1.355091
2026-04-16T09:00:00Z,1.354958,1.355250,1.353673,1.353867
2026-04-16T10:00:00Z,1.353905,1.354465,1.353235,1.354313
2026-04-16T11:00:00Z,1.354474,1.355274,1.354474,1.354692
2026-04-16T12:00:00Z,1.354705,1.354936,1.353816,1.354749
2026-04-16T13:00:00Z,1.354687,1.355394,1.353662,1.353775
2026-04-16T14:00:00Z,1.354169,1.354784,1.351693,1.352267
2026-04-16T15:00:00Z,1.352144,1.353673,1.351887,1.353673
2026-04-16T16:00:00Z,1.353836,1.354369,1.352258,1.352766
2026-04-16T17:00:00Z,1.352931,1.352951,1.352186,1.352327
2026-04-16T18:00:00Z,1.352483,1.353365,1.352483,1.353171
2026-04-16T19:00:00Z,1.353158,1.353462,1.352752,1.352947
2026-04-16T20:00:00Z,1.352971,1.353090,1.352486,1.352686
2026-04-16T21:00:00Z,1.352666,1.353456,1.352453,1.352574
2026-04-16T22:00:00Z,1.352640,1.353532,1.352640,1.353178
2026-04-16T23:00:00Z,1.353156,1.353273,1.352552,1.352600
2026-04-17T00:00:00Z,1.352490,1.352627,1.351949,1.352073
2026-04-17T01:00:00Z,1.352090,1.352166,1.351532,1.351718
2026-04-17T02:00:00Z,1.351687,1.351995,1.351242,1.351995
2026-04-17T03:00:00Z,1.351972,1.352662,1.351598,1.352591
2026-04-17T04:00:00Z,1.352534,1.352602,1.352159,1.352294
2026-04-17T05:00:00Z,1.352208,1.352208,1.351704,1.352031
2026-04-17T06:00:00Z,1.351665,1.351866,1.350565,1.350628
2026-04-17T07:00:00Z,1.350701,1.352479,1.350701,1.352431
2026-04-17T08:00:00Z,1.352470,1.353271,1.351783,1.353156
2026-04-17T09:00:00Z,1.353136,1.353924,1.352752,1.353176
2026-04-17T10:00:00Z,1.353076,1.353572,1.352150,1.352274
2026-04-17T11:00:00Z,1.352322,1.353486,1.351965,1.352984
2026-04-17T12:00:00Z,1.353030,1.358365,1.352942,1.358205
2026-04-17T13:00:00Z,1.358280,1.359884,1.356287,1.357556
2026-04-17T14:00:00Z,1.357412,1.358825,1.356997,1.357156
2026-04-17T15:00:00Z,1.356944,1.356944,1.355060,1.355394
2026-04-17T16:00:00Z,1.355430,1.355894,1.354668,1.355333
2026-04-17T17:00:00Z,1.355337,1.355337,1.354237,1.355089
2026-04-17T18:00:00Z,1.355243,1.355289,1.353325,1.353563
2026-04-17T19:00:00Z,1.353533,1.353913,1.351720,1.351720
2026-04-17T20:00:00Z,1.351870,1.352236,1.351384,1.351941
2026-04-17T21:00:00Z,1.351665,1.351665,1.351587,1.351587
2026-04-19T23:00:00Z,1.348780,1.349098,1.347900,1.348176
2026-04-20T00:00:00Z,1.347914,1.349553,1.347914,1.349524
2026-04-20T01:00:00Z,1.349571,1.349998,1.348932,1.349857
2026-04-20T02:00:00Z,1.349770,1.350503,1.349748,1.350231
2026-04-20T03:00:00Z,1.350304,1.350860,1.350071,1.350641
2026-04-20T04:00:00Z,1.350568,1.350789,1.350136,1.350567
2026-04-20T05:00:00Z,1.350512,1.350526,1.348661,1.349165
2026-04-20T06:00:00Z,1.349273,1.349315,1.348692,1.348692
2026-04-20T09:00:00Z,1.350138,1.351866,1.349956,1.351866
2026-04-20T10:00:00Z,1.351322,1.351983,1.351138,1.351793
2026-04-20T11:00:00Z,1.351861,1.352646,1.351581,1.351909
2026-04-20T12:00:00Z,1.351830,1.351830,1.350640,1.351616
2026-04-20T13:00:00Z,1.351432,1.353577,1.351297,1.353314
2026-04-20T14:00:00Z,1.352925,1.353041,1.351731,1.352360
2026-04-20T15:00:00Z,1.352572,1.354391,1.351828,1.353984
2026-04-20T16:00:00Z,1.354246,1.354369,1.353614,1.353730
2026-04-20T17:00:00Z,1.353957,1.354067,1.353187,1.353479
2026-04-20T18:00:00Z,1.353599,1.354177,1.353251,1.353312
2026-04-20T19:00:00Z,1.353425,1.354151,1.353253,1.353253
2026-04-20T20:00:00Z,1.353182,1.353850,1.353079,1.353444
2026-04-20T21:00:00Z,1.352918,1.353838,1.352759,1.353491
2026-04-20T22:00:00Z,1.353488,1.353821,1.353271,1.353821
2026-04-20T23:00:00Z,1.353880,1.353880,1.353055,1.353088
2026-04-21T00:00:00Z,1.353121,1.353121,1.352276,1.352446
2026-04-21T01:00:00Z,1.352331,1.352927,1.352331,1.352424
2026-04-21T02:00:00Z,1.352421,1.352688,1.352053,1.352194
2026-04-21T03:00:00Z,1.352172,1.352185,1.351556,1.351764
2026-04-21T04:00:00Z,1.351815,1.351859,1.351490,1.351505
2026-04-21T05:00:00Z,1.351508,1.352556,1.351508,1.351837
2026-04-21T06:00:00Z,1.352133,1.352861,1.351779,1.352011
2026-04-21T07:00:00Z,1.352093,1.352177,1.350738,1.350738
2026-04-21T08:00:00Z,1.350747,1.350871,1.348334,1.350306
2026-04-21T09:00:00Z,1.350355,1.350776,1.349591,1.350299
2026-04-21T10:00:00Z,1.350253,1.351169,1.350253,1.351169
2026-04-21T11:00:00Z,1.351065,1.352366,1.350738,1.351870
2026-04-21T12:00:00Z,1.351910,1.352254,1.350941,1.351392
2026-04-21T13:00:00Z,1.351625,1.352768,1.351625,1.352481
2026-04-21T14:00:00Z,1.352452,1.353951,1.350893,1.350937
2026-04-21T15:00:00Z,1.350773,1.352022,1.349936,1.351085
2026-04-21T16:00:00Z,1.351231,1.351401,1.349792,1.349792
2026-04-21T17:00:00Z,1.349786,1.351991,1.347645,1.350610
2026-04-21T18:00:00Z,1.350756,1.350806,1.348485,1.350373
2026-04-21T19:00:00Z,1.350386,1.351309,1.347691,1.348196
2026-04-21T20:00:00Z,1.348103,1.351388,1.347767,1.350904
2026-04-21T21:00:00Z,1.351397,1.351397,1.349728,1.350180
2026-04-21T22:00:00Z,1.350446,1.350536,1.350207,1.350282
2026-04-21T23:00:00Z,1.350299,1.351037,1.350209,1.350961
2026-04-22T00:00:00Z,1.351191,1.352037,1.350964,1.350964
2026-04-22T01:00:00Z,1.351410,1.351505,1.350464,1.351039
2026-04-22T02:00:00Z,1.351149,1.351434,1.350594,1.350594
2026-04-22T03:00:00Z,1.350532,1.351205,1.350373,1.350716
2026-04-22T04:00:00Z,1.350785,1.351123,1.350656,1.350795
2026-04-22T05:00:00Z,1.350869,1.353352,1.350800,1.352455
2026-04-22T06:00:00Z,1.352461,1.352492,1.351543,1.351689
2026-04-22T07:00:00Z,1.351972,1.352746,1.351174,1.352746
2026-04-22T08:00:00Z,1.352777,1.353182,1.352192,1.352893
2026-04-22T09:00:00Z,1.353032,1.353515,1.352031,1.352078
2026-04-22T10:00:00Z,1.351960,1.352366,1.351532,1.352163
2026-04-22T11:00:00Z,1.351958,1.352047,1.349989,1.350178
2026-04-22T12:00:00Z,1.350388,1.350756,1.349271,1.349524
2026-04-22T13:00:00Z,1.349408,1.352283,1.349355,1.351770
2026-04-22T14:00:00Z,1.351808,1.352417,1.349978,1.349978
2026-04-22T15:00:00Z,1.349861,1.350880,1.349661,1.350353
2026-04-22T16:00:00Z,1.350452,1.350641,1.349641,1.350475
2026-04-22T17:00:00Z,1.350357,1.351589,1.350357,1.351092
2026-04-22T18:00:00Z,1.350973,1.351238,1.350457,1.350565
2026-04-22T19:00:00Z,1.350397,1.350968,1.350173,1.350384
2026-04-22T20:00:00Z,1.350302,1.350477,1.349952,1.350286
2026-04-22T21:00:00Z,1.350495,1.350851,1.350226,1.350413
2026-04-22T22:00:00Z,1.350408,1.350408,1.350085,1.350218
2026-04-22T23:00:00Z,1.350173,1.350253,1.349981,1.349981
2026-04-23T00:00:00Z,1.349967,1.350972,1.347998,1.350762
2026-04-23T01:00:00Z,1.350917,1.350917,1.349923,1.349923
2026-04-23T02:00:00Z,1.350063,1.350063,1.348596,1.348596
2026-04-23T03:00:00Z,1.348558,1.348992,1.348276,1.348470
2026-04-23T04:00:00Z,1.348580,1.349089,1.348369,1.349089
2026-04-23T05:00:00Z,1.348976,1.349309,1.348829,1.349309
2026-04-23T06:00:00Z,1.348967,1.349708,1.348816,1.349238
2026-04-23T07:00:00Z,1.349005,1.349788,1.348247,1.348942
2026-04-23T08:00:00Z,1.348998,1.350687,1.348660,1.350581
2026-04-23T09:00:00Z,1.350386,1.350769,1.349269,1.350054
2026-04-23T10:00:00Z,1.350207,1.350317,1.348441,1.348541
2026-04-23T11:00:00Z,1.348547,1.351061,1.348450,1.350661
2026-04-23T12:00:00Z,1.350494,1.350983,1.348616,1.348749
2026-04-23T13:00:00Z,1.348756,1.350038,1.348069,1.349965
2026-04-23T14:00:00Z,1.349533,1.351830,1.349273,1.351056
2026-04-23T15:00:00Z,1.351068,1.351200,1.349054,1.349366
2026-04-23T16:00:00Z,1.349258,1.349373,1.348749,1.349253
2026-04-23T17:00:00Z,1.349282,1.349282,1.344910,1.347758
2026-04-23T18:00:00Z,1.347798,1.348461,1.347306,1.347306
2026-04-23T19:00:00Z,1.347397,1.347397,1.346285,1.346863
2026-04-23T20:00:00Z,1.346720,1.346760,1.346198,1.346584
2026-04-23T21:00:00Z,1.346092,1.347331,1.346092,1.346927
2026-04-23T22:00:00Z,1.346872,1.346872,1.346553,1.346769
2026-04-23T23:00:00Z,1.346818,1.346818,1.346362,1.346602
2026-04-24T00:00:00Z,1.346602,1.347121,1.346538,1.346881
2026-04-24T01:00:00Z,1.346803,1.347246,1.346502,1.347211
2026-04-24T02:00:00Z,1.347117,1.347168,1.345969,1.346063
2026-04-24T03:00:00Z,1.346151,1.346151,1.345361,1.345989
2026-04-24T04:00:00Z,1.345946,1.346377,1.345795,1.346256
2026-04-24T05:00:00Z,1.346364,1.346696,1.346047,1.346607
2026-04-24T06:00:00Z,1.346776,1.346908,1.346083,1.346303
2026-04-24T07:00:00Z,1.346239,1.347961,1.346035,1.347876
2026-04-24T08:00:00Z,1.347640,1.348352,1.347130,1.347631
2026-04-24T09:00:00Z,1.347736,1.348443,1.347493,1.348234
2026-04-24T10:00:00Z,1.348196,1.349218,1.347900,1.349193
2026-04-24T11:00:00Z,1.349291,1.350326,1.348872,1.349408
2026-04-24T12:00:00Z,1.349708,1.350116,1.348656,1.350116
2026-04-24T13:00:00Z,1.350109,1.350180,1.348690,1.349761
2026-04-24T14:00:00Z,1.349681,1.351339,1.349621,1.350032
2026-04-24T15:00:00Z,1.350063,1.351854,1.349360,1.351543
2026-04-24T16:00:00Z,1.351658,1.352186,1.350928,1.352130
2026-04-24T17:00:00Z,1.352068,1.352263,1.351824,1.351983
2026-04-24T18:00:00Z,1.351801,1.352925,1.351801,1.352810
2026-04-24T19:00:00Z,1.352882,1.353297,1.352733,1.353292
2026-04-24T20:00:00Z,1.353387,1.353667,1.352971,1.353270
2026-04-24T21:00:00Z,1.353193,1.353193,1.353193,1.353193
2026-04-26T23:00:00Z,1.351534,1.351826,1.351370,1.351424
2026-04-27T00:00:00Z,1.351479,1.352155,1.351278,1.352155
2026-04-27T01:00:00Z,1.352393,1.353675,1.352393,1.353436
2026-04-27T02:00:00Z,1.353601,1.354059,1.353052,1.353986
2026-04-27T03:00:00Z,1.353894,1.354848,1.353894,1.354573
2026-04-27T04:00:00Z,1.354426,1.354683,1.354005,1.354151
2026-04-27T05:00:00Z,1.354078,1.354151,1.353400,1.353400
2026-04-27T06:00:00Z,1.353381,1.353913,1.352631,1.353583
2026-04-27T07:00:00Z,1.353620,1.354665,1.353510,1.354646
2026-04-27T08:00:00Z,1.354573,1.355803,1.354243,1.355454
2026-04-27T09:00:00Z,1.355436,1.355657,1.354830,1.355124
2026-04-27T10:00:00Z,1.354977,1.356355,1.354977,1.356043
2026-04-27T11:00:00Z,1.356153,1.356171,1.355491,1.355896
2026-04-27T12:00:00Z,1.356043,1.357589,1.355160,1.355160
2026-04-27T13:00:00Z,1.354775,1.355914,1.354078,1.354280
2026-04-27T14:00:00Z,1.354316,1.356318,1.354316,1.355454
2026-04-27T15:00:00Z,1.355509,1.355601,1.354775,1.355124
2026-04-27T16:00:00Z,1.355160,1.355565,1.354298,1.354555
2026-04-27T17:00:00Z,1.354408,1.354500,1.353235,1.353986
2026-04-27T18:00:00Z,1.353876,1.354041,1.353180,1.353271
2026-04-27T19:00:00Z,1.353290,1.353821,1.353217,1.353253
2026-04-27T20:00:00Z,1.353235,1.353473,1.353198,1.353381
2026-04-27T21:00:00Z,1.353968,1.354059,1.353400,1.353785
2026-04-27T22:00:00Z,1.353546,1.353766,1.353400,1.353693
2026-04-27T23:00:00Z,1.353656,1.353821,1.353565,1.353821
2026-04-28T00:00:00Z,1.353876,1.354151,1.353308,1.353400
2026-04-28T01:00:00Z,1.353125,1.353162,1.352393,1.352393
2026-04-28T02:00:00Z,1.352375,1.352521,1.352155,1.352247
2026-04-28T03:00:00Z,1.352210,1.353601,1.352174,1.353290
2026-04-28T04:00:00Z,1.353143,1.353473,1.352942,1.353070
2026-04-28T05:00:00Z,1.353033,1.353180,1.351863,1.351863
2026-04-28T06:00:00Z,1.351479,1.352064,1.350384,1.350676
2026-04-28T07:00:00Z,1.350366,1.351461,1.350330,1.351096
2026-04-28T08:00:00Z,1.350895,1.351479,1.350366,1.350548
2026-04-28T09:00:00Z,1.350366,1.350402,1.348781,1.349000
2026-04-28T10:00:00Z,1.349091,1.349564,1.348345,1.348399
2026-04-28T11:00:00Z,1.348527,1.349127,1.346402,1.346892
2026-04-28T12:00:00Z,1.346928,1.349582,1.346421,1.349346
2026-04-28T13:00:00Z,1.349091,1.350001,1.348254,1.349582
2026-04-28T14:00:00Z,1.349491,1.350512,1.348854,1.349528
2026-04-28T15:00:00Z,1.349874,1.351224,1.349783,1.351169
2026-04-28T16:00:00Z,1.351041,1.351644,1.350785,1.351552
2026-04-28T17:00:00Z,1.351516,1.352100,1.350895,1.351771
2026-04-28T18:00:00Z,1.351863,1.352100,1.351534,1.351753
2026-04-28T19:00:00Z,1.351771,1.352046,1.351370,1.351662
2026-04-28T20:00:00Z,1.351735,1.352228,1.351735,1.351899
2026-04-28T21:00:00Z,1.351534,1.352046,1.351224,1.351698
2026-04-28T22:00:00Z,1.351991,1.352338,1.351936,1.352174
2026-04-28T23:00:00Z,1.352082,1.352393,1.352082,1.352375
2026-04-29T00:00:00Z,1.352503,1.352759,1.352192,1.352576
2026-04-29T01:00:00Z,1.352375,1.352503,1.351315,1.351735
2026-04-29T02:00:00Z,1.351936,1.352338,1.351151,1.351205
2026-04-29T03:00:00Z,1.351315,1.351607,1.351059,1.351132
2026-04-29T04:00:00Z,1.351078,1.351534,1.351078,1.351260
2026-04-29T05:00:00Z,1.351297,1.351351,1.350348,1.350494
2026-04-29T06:00:00Z,1.350567,1.350731,1.349509,1.350001
2026-04-29T07:00:00Z,1.350001,1.350785,1.349965,1.350475
2026-04-29T08:00:00Z,1.350457,1.350457,1.349509,1.350074
2026-04-29T09:00:00Z,1.349874,1.350548,1.349692,1.350421
2026-04-29T10:00:00Z,1.350165,1.351169,1.350165,1.351114
2026-04-29T11:00:00Z,1.350877,1.351169,1.350384,1.350494
2026-04-29T12:00:00Z,1.350494,1.351333,1.350038,1.350074
2026-04-29T13:00:00Z,1.350111,1.350658,1.347527,1.347800
2026-04-29T14:00:00Z,1.347854,1.350147,1.347328,1.350147
2026-04-29T15:00:00Z,1.350056,1.350093,1.348345,1.348945
2026-04-29T16:00:00Z,1.348836,1.349837,1.347963,1.347963
2026-04-29T17:00:00Z,1.348000,1.349091,1.347527,1.349000
2026-04-29T18:00:00Z,1.347763,1.348690,1.345968,1.347182
2026-04-29T19:00:00Z,1.347491,1.348236,1.346765,1.347654
2026-04-29T20:00:00Z,1.347636,1.347854,1.347092,1.347636
2026-04-29T21:00:00Z,1.347981,1.348236,1.347055,1.347909
2026-04-29T22:00:00Z,1.347400,1.348309,1.347237,1.348072
2026-04-29T23:00:00Z,1.348181,1.348945,1.347872,1.348891
2026-04-30T00:00:00Z,1.349254,1.349564,1.348509,1.348509
2026-04-30T01:00:00Z,1.348363,1.348618,1.347945,1.348236
2026-04-30T02:00:00Z,1.348290,1.348472,1.346874,1.347527
2026-04-30T03:00:00Z,1.347582,1.347927,1.347400,1.347618
2026-04-30T04:00:00Z,1.347636,1.347636,1.345659,1.346112
2026-04-30T05:00:00Z,1.346294,1.346820,1.346040,1.346094
2026-04-30T06:00:00Z,1.345931,1.347854,1.345479,1.347309
2026-04-30T07:00:00Z,1.347473,1.349145,1.347473,1.348563
2026-04-30T08:00:00Z,1.348891,1.350001,1.348272,1.348472
2026-04-30T09:00:00Z,1.348581,1.350567,1.348127,1.350402
2026-04-30T10:00:00Z,1.350257,1.352722,1.349382,1.352722
2026-04-30T11:00:00Z,1.353107,1.353418,1.351479,1.351717
2026-04-30T12:00:00Z,1.351735,1.351845,1.350001,1.351497
2026-04-30T13:00:00Z,1.351388,1.352082,1.350676,1.351826
2026-04-30T14:00:00Z,1.351461,1.359120,1.351461,1.358714
2026-04-30T15:00:00Z,1.358696,1.359065,1.357220,1.358031
2026-04-30T16:00:00Z,1.357810,1.358825,1.357460,1.357829
2026-04-30T17:00:00Z,1.357976,1.358548,1.357718,1.358160
2026-04-30T18:00:00Z,1.358345,1.360692,1.358345,1.360230
2026-04-30T19:00:00Z,1.360470,1.361155,1.360230,1.360729
2026-04-30T20:00:00Z,1.360637,1.360933,1.360063,1.360267
2026-04-30T21:00:00Z,1.360433,1.360766,1.359952,1.360766
2026-04-30T22:00:00Z,1.360785,1.360841,1.360267,1.360341
2026-04-30T23:00:00Z,1.360489,1.360748,1.360193,1.360267
2026-05-01T00:00:00Z,1.360137,1.360526,1.359934,1.360489
2026-05-01T01:00:00Z,1.360304,1.360711,1.360008,1.360563
2026-05-01T02:00:00Z,1.360655,1.360896,1.360100,1.360674
2026-05-01T03:00:00Z,1.360637,1.361137,1.360193,1.360230
2026-05-01T04:00:00Z,1.360230,1.360378,1.359453,1.359730
2026-05-01T05:00:00Z,1.359638,1.359767,1.358917,1.358917
2026-05-01T06:00:00Z,1.358991,1.361897,1.358714,1.361230
2026-05-01T07:00:00Z,1.361044,1.361359,1.360063,1.360378
2026-05-01T08:00:00Z,1.360581,1.361174,1.360100,1.360785
2026-05-01T09:00:00Z,1.360785,1.360859,1.359213,1.359361
2026-05-01T10:00:00Z,1.359305,1.360989,1.359250,1.360452
2026-05-01T11:00:00Z,1.360674,1.362064,1.360674,1.361953
2026-05-01T12:00:00Z,1.361989,1.364294,1.361656,1.363141
2026-05-01T13:00:00Z,1.363029,1.363773,1.361693,1.363773
2026-05-01T14:00:00Z,1.363791,1.365691,1.362027,1.362286
2026-05-01T15:00:00Z,1.362361,1.362918,1.361767,1.361915
2026-05-01T16:00:00Z,1.361878,1.362231,1.360100,1.360174
2026-05-01T17:00:00Z,1.359860,1.360045,1.358899,1.359231
2026-05-01T18:00:00Z,1.359379,1.359379,1.357571,1.358234
2026-05-01T19:00:00Z,1.358197,1.358271,1.357331,1.357405
2026-05-01T20:00:00Z,1.357294,1.357497,1.356852,1.357442
2026-05-01T21:00:00Z,1.357478,1.357478,1.357478,1.357478
2026-05-04T04:00:00Z,1.358751,1.358843,1.358659,1.358714
2026-05-04T05:00:00Z,1.358751,1.359361,1.358640,1.359305
2026-05-04T06:00:00Z,1.359305,1.359860,1.357829,1.358253
2026-05-04T07:00:00Z,1.357958,1.358068,1.356355,1.356999
2026-05-04T08:00:00Z,1.356558,1.356686,1.356043,1.356135
2026-05-04T09:00:00Z,1.356135,1.356613,1.355822,1.355951
2026-05-04T10:00:00Z,1.355951,1.355951,1.352484,1.354555
2026-05-04T11:00:00Z,1.354683,1.354977,1.353638,1.354151
2026-05-04T12:00:00Z,1.354059,1.356337,1.354041,1.356061
2026-05-04T13:00:00Z,1.355399,1.356576,1.355087,1.356061
2026-05-04T14:00:00Z,1.355896,1.356926,1.355197,1.355601
2026-05-04T15:00:00Z,1.355124,1.355859,1.352576,1.353455
2026-05-04T16:00:00Z,1.353253,1.353455,1.351406,1.352192
2026-05-04T17:00:00Z,1.351972,1.354041,1.351972,1.353436
2026-05-04T18:00:00Z,1.353363,1.353675,1.352759,1.353198
2026-05-04T19:00:00Z,1.353583,1.354243,1.353327,1.353766
2026-05-04T20:00:00Z,1.353601,1.353675,1.352814,1.353217
2026-05-04T21:00:00Z,1.352704,1.353748,1.352667,1.353235
2026-05-04T22:00:00Z,1.353345,1.353345,1.352741,1.352924
2026-05-04T23:00:00Z,1.352960,1.353345,1.352942,1.353125
2026-05-05T00:00:00Z,1.353180,1.353473,1.352393,1.352612
2026-05-05T01:00:00Z,1.352448,1.352741,1.351899,1.352558
2026-05-05T02:00:00Z,1.352612,1.353162,1.352612,1.352649
2026-05-05T03:00:00Z,1.352631,1.352777,1.352228,1.352247
2026-05-05T04:00:00Z,1.352174,1.352722,1.351552,1.351552
2026-05-05T05:00:00Z,1.351461,1.352484,1.351461,1.351936
2026-05-05T06:00:00Z,1.351972,1.353583,1.351698,1.353327
2026-05-05T07:00:00Z,1.353271,1.354555,1.353271,1.353931
2026-05-05T08:00:00Z,1.353913,1.355105,1.353913,1.354390
2026-05-05T09:00:00Z,1.353730,1.354683,1.353473,1.354371
2026-05-05T10:00:00Z,1.354243,1.355032,1.353986,1.354555
2026-05-05T11:00:00Z,1.354646,1.354646,1.353290,1.354059
2026-05-05T12:00:00Z,1.354041,1.354977,1.353308,1.354316
2026-05-05T13:00:00Z,1.354463,1.355859,1.354463,1.355362
2026-05-05T14:00:00Z,1.355491,1.356613,1.355142,1.356447
2026-05-05T15:00:00Z,1.356539,1.357773,1.356300,1.357589
2026-05-05T16:00:00Z,1.357386,1.357571,1.355583,1.355583
2026-05-05T17:00:00Z,1.355620,1.355969,1.354812,1.355105
2026-05-05T18:00:00Z,1.355050,1.355252,1.354757,1.354903
2026-05-05T19:00:00Z,1.355105,1.355105,1.354169,1.354353
2026-05-05T20:00:00Z,1.354316,1.354500,1.353785,1.353931
2026-05-05T21:00:00Z,1.353931,1.355803,1.353931,1.354243
2026-05-05T22:00:00Z,1.354335,1.356079,1.353931,1.355601
2026-05-05T23:00:00Z,1.355730,1.357939,1.355730,1.356815
2026-05-06T00:00:00Z,1.356705,1.357792,1.356631,1.357460
2026-05-06T01:00:00Z,1.357663,1.358050,1.357331,1.357442
2026-05-06T02:00:00Z,1.357515,1.357829,1.356723,1.356907
2026-05-06T03:00:00Z,1.356871,1.357220,1.356466,1.356466
2026-05-06T04:00:00Z,1.356502,1.359490,1.356429,1.359268
2026-05-06T05:00:00Z,1.358954,1.359139,1.358345,1.358567
2026-05-06T06:00:00Z,1.358751,1.359010,1.358197,1.358880
2026-05-06T07:00:00Z,1.359065,1.359693,1.358474,1.359693
2026-05-06T08:00:00Z,1.360156,1.363419,1.359287,1.362676
2026-05-06T09:00:00Z,1.362751,1.362918,1.361600,1.362491
2026-05-06T10:00:00Z,1.362751,1.364294,1.361470,1.363717
2026-05-06T11:00:00Z,1.363773,1.364201,1.362119,1.362212
2026-05-06T12:00:00Z,1.362342,1.362342,1.360822,1.361192
2026-05-06T13:00:00Z,1.361118,1.361544,1.360304,1.360878
2026-05-06T14:00:00Z,1.360803,1.361897,1.360100,1.360544
2026-05-06T15:00:00Z,1.360452,1.360452,1.359508,1.359712
2026-05-06T16:00:00Z,1.359545,1.359582,1.358327,1.358363
2026-05-06T17:00:00Z,1.358345,1.359971,1.358253,1.359231
2026-05-06T18:00:00Z,1.359379,1.359693,1.359065,1.359508
2026-05-06T19:00:00Z,1.359564,1.359971,1.359268,1.359453
2026-05-06T20:00:00Z,1.359268,1.359582,1.359047,1.359398
2026-05-06T21:00:00Z,1.359342,1.360063,1.359231,1.359250
2026-05-06T22:00:00Z,1.359398,1.359545,1.359287,1.359490
2026-05-06T23:00:00Z,1.359453,1.359693,1.359157,1.359194
2026-05-07T00:00:00Z,1.359324,1.359952,1.359120,1.359268
2026-05-07T01:00:00Z,1.359176,1.360803,1.359120,1.360563
2026-05-07T02:00:00Z,1.360618,1.360785,1.360211,1.360433
2026-05-07T03:00:00Z,1.360341,1.360341,1.359398,1.359398
2026-05-07T04:00:00Z,1.359231,1.360156,1.359231,1.359860
2026-05-07T05:00:00Z,1.359786,1.360045,1.359490,1.359582
2026-05-07T06:00:00Z,1.359582,1.360729,1.359250,1.360193
2026-05-07T07:00:00Z,1.360193,1.362472,1.360193,1.362064
2026-05-07T08:00:00Z,1.362194,1.362379,1.361656,1.362157
2026-05-07T09:00:00Z,1.362175,1.362416,1.361823,1.361860
2026-05-07T10:00:00Z,1.361860,1.362992,1.361804,1.362268
2026-05-07T11:00:00Z,1.362119,1.362491,1.361063,1.361786
2026-05-07T12:00:00Z,1.361915,1.362881,1.361823,1.362454
2026-05-07T13:00:00Z,1.362194,1.362936,1.361619,1.361934
2026-05-07T14:00:00Z,1.362212,1.363085,1.361600,1.363085
2026-05-07T15:00:00Z,1.363066,1.363178,1.360859,1.360859
2026-05-07T16:00:00Z,1.360748,1.360896,1.359213,1.359453
2026-05-07T17:00:00Z,1.359324,1.359527,1.357018,1.358290
2026-05-07T18:00:00Z,1.358308,1.358493,1.357128,1.357865
2026-05-07T19:00:00Z,1.358142,1.358437,1.356466,1.356466
2026-05-07T20:00:00Z,1.356171,1.357478,1.355032,1.355142
2026-05-07T21:00:00Z,1.355087,1.355767,1.355087,1.355307
2026-05-07T22:00:00Z,1.355105,1.355381,1.354793,1.354848
2026-05-07T23:00:00Z,1.354775,1.355675,1.354701,1.355657
2026-05-08T00:00:00Z,1.355730,1.356098,1.354958,1.355179
2026-05-08T01:00:00Z,1.355491,1.355987,1.355142,1.355932
2026-05-08T02:00:00Z,1.355859,1.356116,1.355234,1.355785
2026-05-08T03:00:00Z,1.355657,1.356043,1.355362,1.355528
2026-05-08T04:00:00Z,1.355657,1.356926,1.355105,1.356576
2026-05-08T05:00:00Z,1.356668,1.357552,1.356668,1.357534
2026-05-08T06:00:00Z,1.357552,1.359028,1.357442,1.358567
2026-05-08T07:00:00Z,1.358603,1.358862,1.357847,1.358363
2026-05-08T08:00:00Z,1.358050,1.361359,1.358050,1.361285
2026-05-08T09:00:00Z,1.361378,1.362268,1.361341,1.361600
2026-05-08T10:00:00Z,1.361544,1.361915,1.360322,1.360322
2026-05-08T11:00:00Z,1.360415,1.361322,1.360174,1.361248
2026-05-08T12:00:00Z,1.361137,1.362361,1.360803,1.361489
2026-05-08T13:00:00Z,1.361415,1.362881,1.360766,1.362435
2026-05-08T14:00:00Z,1.362472,1.362658,1.361118,1.362565
2026-05-08T15:00:00Z,1.362472,1.362918,1.361804,1.362528
2026-05-08T16:00:00Z,1.362454,1.363048,1.361674,1.361915
2026-05-08T17:00:00Z,1.361804,1.362342,1.361674,1.362138
2026-05-08T18:00:00Z,1.361897,1.363122,1.361897,1.362268
2026-05-08T19:00:00Z,1.362286,1.362899,1.362286,1.362862
2026-05-08T20:00:00Z,1.362899,1.363643,1.362881,1.363382
2026-05-08T21:00:00Z,1.363234,1.363234,1.363234,1.363234
2026-05-10T23:00:00Z,1.359028,1.359730,1.359028,1.359361
2026-05-11T00:00:00Z,1.359527,1.360156,1.359342,1.359915
2026-05-11T01:00:00Z,1.360045,1.360045,1.359139,1.359342
2026-05-11T02:00:00Z,1.359582,1.359860,1.359268,1.359268
2026-05-11T03:00:00Z,1.359065,1.359379,1.359010,1.359028
2026-05-11T04:00:00Z,1.359028,1.359065,1.358013,1.358197
2026-05-11T05:00:00Z,1.358308,1.358899,1.358160,1.358456
2026-05-11T06:00:00Z,1.358567,1.359860,1.358105,1.359860
2026-05-11T07:00:00Z,1.360230,1.360304,1.359749,1.359915
2026-05-11T08:00:00Z,1.359952,1.361470,1.359952,1.360878
2026-05-11T09:00:00Z,1.360822,1.361266,1.360082,1.360082
2026-05-11T10:00:00Z,1.359786,1.360415,1.358806,1.358806
2026-05-11T11:00:00Z,1.358954,1.361507,1.358954,1.360674
2026-05-11T12:00:00Z,1.360711,1.361637,1.360100,1.360933
2026-05-11T13:00:00Z,1.361192,1.362918,1.361192,1.362454
2026-05-11T14:00:00Z,1.362621,1.363829,1.361786,1.363829
2026-05-11T15:00:00Z,1.363959,1.365262,1.363903,1.365095
2026-05-11T16:00:00Z,1.364983,1.364983,1.363884,1.364219
2026-05-11T17:00:00Z,1.364126,1.364517,1.363829,1.364312
2026-05-11T18:00:00Z,1.364387,1.364387,1.362788,1.363029
2026-05-11T19:00:00Z,1.362955,1.363048,1.361786,1.361786
2026-05-11T20:00:00Z,1.361878,1.361971,1.360933,1.361081
2026-05-11T21:00:00Z,1.361804,1.361804,1.360563,1.360711
2026-05-11T22:00:00Z,1.360674,1.361007,1.360674,1.360785
2026-05-11T23:00:00Z,1.360766,1.361100,1.360378,1.360470
2026-05-12T00:00:00Z,1.360100,1.360489,1.359398,1.359398
2026-05-12T01:00:00Z,1.359379,1.359582,1.358142,1.358733
2026-05-12T02:00:00Z,1.358770,1.359305,1.358622,1.359139
2026-05-12T03:00:00Z,1.359139,1.359231,1.358271,1.358327
2026-05-12T04:00:00Z,1.358419,1.358677,1.358105,1.358548
2026-05-12T05:00:00Z,1.358419,1.358585,1.356944,1.357349
2026-05-12T06:00:00Z,1.357773,1.357865,1.354646,1.354848
2026-05-12T07:00:00Z,1.354610,1.354958,1.351497,1.351717
2026-05-12T08:00:00Z,1.351808,1.353180,1.350348,1.353125
2026-05-12T09:00:00Z,1.353143,1.354628,1.352539,1.353968
2026-05-12T10:00:00Z,1.353894,1.355179,1.353381,1.353381
2026-05-12T11:00:00Z,1.353363,1.354463,1.352357,1.353473
2026-05-12T12:00:00Z,1.353198,1.354390,1.351589,1.353876
2026-05-12T13:00:00Z,1.353858,1.353950,1.350877,1.351132
2026-05-12T14:00:00Z,1.351242,1.353620,1.351242,1.352484
2026-05-12T15:00:00Z,1.352539,1.352832,1.350366,1.352832
2026-05-12T16:00:00Z,1.352521,1.353070,1.351680,1.351826
2026-05-12T17:00:00Z,1.351863,1.352795,1.351826,1.352247
2026-05-12T18:00:00Z,1.352375,1.353308,1.351881,1.353235
2026-05-12T19:00:00Z,1.353381,1.354426,1.353381,1.354005
2026-05-12T20:00:00Z,1.353931,1.354096,1.353675,1.354096
2026-05-12T21:00:00Z,1.354023,1.354078,1.353473,1.353913
2026-05-12T22:00:00Z,1.353894,1.354243,1.353840,1.354059
2026-05-12T23:00:00Z,1.354059,1.354280,1.353565,1.353565
2026-05-13T00:00:00Z,1.353565,1.353931,1.353125,1.353730
2026-05-13T01:00:00Z,1.353711,1.354591,1.352924,1.354059
2026-05-13T02:00:00Z,1.354169,1.354591,1.353785,1.354005
2026-05-13T03:00:00Z,1.353876,1.354041,1.353253,1.353821
2026-05-13T04:00:00Z,1.353840,1.353876,1.353271,1.353455
2026-05-13T05:00:00Z,1.353473,1.355014,1.353473,1.354903
2026-05-13T06:00:00Z,1.354848,1.355050,1.352594,1.352850
2026-05-13T07:00:00Z,1.352960,1.353748,1.352082,1.352082
2026-05-13T08:00:00Z,1.352082,1.353345,1.352082,1.352558
2026-05-13T09:00:00Z,1.352357,1.352411,1.350785,1.351808
2026-05-13T10:00:00Z,1.351899,1.352192,1.350184,1.350694
2026-05-13T11:00:00Z,1.350731,1.350986,1.350056,1.350348
2026-05-13T12:00:00Z,1.350567,1.351078,1.348690,1.348927
2026-05-13T13:00:00Z,1.349254,1.351753,1.349254,1.351753
2026-05-13T14:00:00Z,1.351479,1.352046,1.350548,1.351315
2026-05-13T15:00:00Z,1.351589,1.352905,1.351370,1.351936
2026-05-13T16:00:00Z,1.351972,1.352667,1.351333,1.351516
2026-05-13T17:00:00Z,1.351607,1.351991,1.351169,1.351297
2026-05-13T18:00:00Z,1.351351,1.352046,1.351260,1.351899
2026-05-13T19:00:00Z,1.352009,1.352393,1.351845,1.352320
2026-05-13T20:00:00Z,1.352320,1.352686,1.352100,1.352503
2026-05-13T21:00:00Z,1.351881,1.352631,1.351881,1.352283
2026-05-13T22:00:00Z,1.352393,1.353253,1.352393,1.352795
2026-05-13T23:00:00Z,1.352704,1.352979,1.352612,1.352704
2026-05-14T00:00:00Z,1.352576,1.353253,1.352539,1.353052
2026-05-14T01:00:00Z,1.352960,1.353107,1.352247,1.352247
2026-05-14T02:00:00Z,1.352265,1.352667,1.352247,1.352393
2026-05-14T03:00:00Z,1.352430,1.352997,1.352338,1.352759
2026-05-14T04:00:00Z,1.352686,1.353327,1.352558,1.352905
2026-05-14T05:00:00Z,1.352905,1.352905,1.351552,1.351771
2026-05-14T06:00:00Z,1.351936,1.353162,1.351735,1.352869
2026-05-14T07:00:00Z,1.352667,1.352686,1.350640,1.350640
2026-05-14T08:00:00Z,1.350640,1.352046,1.350494,1.352046
2026-05-14T09:00:00Z,1.352046,1.352082,1.351132,1.351662
2026-05-14T10:00:00Z,1.350968,1.351936,1.350968,1.351351
2026-05-14T11:00:00Z,1.351224,1.351771,1.350767,1.350767
2026-05-14T12:00:00Z,1.350548,1.351753,1.350512,1.350913
2026-05-14T13:00:00Z,1.351004,1.351078,1.349200,1.350147
2026-05-14T14:00:00Z,1.349892,1.351205,1.348563,1.348563
2026-05-14T15:00:00Z,1.348290,1.348727,1.347491,1.348000
2026-05-14T16:00:00Z,1.347800,1.347872,1.343454,1.344194
2026-05-14T17:00:00Z,1.344502,1.344592,1.341040,1.341040
2026-05-14T18:00:00Z,1.341022,1.341022,1.339674,1.340590
2026-05-14T19:00:00Z,1.340680,1.340806,1.339764,1.339908
2026-05-14T20:00:00Z,1.340195,1.340285,1.339585,1.340141
2026-05-14T21:00:00Z,1.341058,1.341058,1.339854,1.340285
2026-05-14T22:00:00Z,1.340375,1.340375,1.339764,1.339998
2026-05-14T23:00:00Z,1.339908,1.339908,1.338545,1.339100
2026-05-15T00:00:00Z,1.339100,1.339190,1.337596,1.338187
2026-05-15T01:00:00Z,1.338079,1.338187,1.336577,1.336773
2026-05-15T02:00:00Z,1.336595,1.338061,1.336273,1.337578
2026-05-15T03:00:00Z,1.337578,1.337846,1.337399,1.337614
2026-05-15T04:00:00Z,1.337614,1.337614,1.336327,1.336327
2026-05-15T05:00:00Z,1.336291,1.336291,1.334134,1.334312
2026-05-15T06:00:00Z,1.334258,1.335863,1.333582,1.335024
2026-05-15T07:00:00Z,1.334775,1.337542,1.334775,1.336434
2026-05-15T08:00:00Z,1.336595,1.336595,1.334330,1.334579
2026-05-15T09:00:00Z,1.334490,1.335185,1.332960,1.334739
2026-05-15T10:00:00Z,1.334864,1.339262,1.334864,1.338169
2026-05-15T11:00:00Z,1.338348,1.338366,1.335987,1.336184
2026-05-15T12:00:00Z,1.335952,1.336166,1.334098,1.335506
2026-05-15T13:00:00Z,1.335363,1.336202,1.333974,1.334152
2026-05-15T14:00:00Z,1.334134,1.336184,1.333689,1.334668
2026-05-15T15:00:00Z,1.334526,1.334543,1.331788,1.332978
2026-05-15T16:00:00Z,1.333227,1.333600,1.332179,1.333031
2026-05-15T17:00:00Z,1.332996,1.333849,1.332747,1.332960
2026-05-15T18:00:00Z,1.332960,1.332978,1.331948,1.332197
2026-05-15T19:00:00Z,1.332214,1.332534,1.331806,1.331806
2026-05-15T20:00:00Z,1.331913,1.332516,1.331576,1.332481
2026-05-15T21:00:00Z,1.332392,1.332392,1.332392,1.332392
2026-05-17T23:00:00Z,1.331788,1.332161,1.330867,1.330973
2026-05-18T00:00:00Z,1.331186,1.331895,1.330566,1.330831
2026-05-18T01:00:00Z,1.330938,1.331381,1.330389,1.331292
2026-05-18T02:00:00Z,1.331097,1.331593,1.330637,1.330884
2026-05-18T03:00:00Z,1.330991,1.331558,1.330849,1.331345
2026-05-18T04:00:00Z,1.331416,1.331966,1.331292,1.331558
2026-05-18T05:00:00Z,1.331647,1.332587,1.331363,1.332356
2026-05-18T06:00:00Z,1.332427,1.335863,1.332427,1.335577
2026-05-18T07:00:00Z,1.335559,1.335845,1.334383,1.335434
2026-05-18T08:00:00Z,1.335613,1.338348,1.335203,1.338115
2026-05-18T09:00:00Z,1.337739,1.337739,1.336112,1.336380
2026-05-18T10:00:00Z,1.336309,1.336630,1.334882,1.334882
2026-05-18T11:00:00Z,1.334900,1.338133,1.334900,1.337560
2026-05-18T12:00:00Z,1.337596,1.340303,1.337596,1.339567
2026-05-18T13:00:00Z,1.339656,1.339980,1.338079,1.339387
2026-05-18T14:00:00Z,1.339477,1.339998,1.338384,1.339567
2026-05-18T15:00:00Z,1.339387,1.342264,1.338384,1.342228
2026-05-18T16:00:00Z,1.341706,1.344972,1.341652,1.343256
2026-05-18T17:00:00Z,1.342985,1.343472,1.342408,1.342408
2026-05-18T18:00:00Z,1.342318,1.342318,1.340249,1.340249
2026-05-18T19:00:00Z,1.340087,1.343382,1.340087,1.343183
2026-05-18T20:00:00Z,1.343165,1.343941,1.343111,1.343382
2026-05-18T21:00:00Z,1.343183,1.343598,1.342769,1.343039
2026-05-18T22:00:00Z,1.343490,1.343779,1.343183,1.343508
2026-05-18T23:00:00Z,1.343544,1.343707,1.343219,1.343382
2026-05-19T00:00:00Z,1.343382,1.343382,1.342012,1.342048
2026-05-19T01:00:00Z,1.341868,1.342516,1.341418,1.341814
2026-05-19T02:00:00Z,1.341562,1.341904,1.341004,1.341688
2026-05-19T03:00:00Z,1.341652,1.341940,1.341382,1.341526
2026-05-19T04:00:00Z,1.341382,1.341580,1.340662,1.340698
2026-05-19T05:00:00Z,1.340788,1.341814,1.340159,1.341814
2026-05-19T06:00:00Z,1.341310,1.341634,1.339800,1.340141
2026-05-19T07:00:00Z,1.339890,1.340662,1.339136,1.340285
2026-05-19T08:00:00Z,1.340249,1.340249,1.339065,1.339405
2026-05-19T09:00:00Z,1.339262,1.340842,1.338814,1.340842
2026-05-19T10:00:00Z,1.340698,1.341526,1.339567,1.340680
2026-05-19T11:00:00Z,1.340680,1.340932,1.340357,1.340483
2026-05-19T12:00:00Z,1.340483,1.341850,1.340375,1.340932
2026-05-19T13:00:00Z,1.340788,1.340788,1.338849,1.340429
2026-05-19T14:00:00Z,1.340195,1.340195,1.337954,1.339369
2026-05-19T15:00:00Z,1.339334,1.340034,1.339082,1.339890
2026-05-19T16:00:00Z,1.339890,1.340249,1.338885,1.339980
2026-05-19T17:00:00Z,1.340087,1.341202,1.340087,1.340986
2026-05-19T18:00:00Z,1.340968,1.341202,1.339872,1.339926
2026-05-19T19:00:00Z,1.339980,1.340411,1.339818,1.340087
2026-05-19T20:00:00Z,1.340051,1.340357,1.339513,1.339513
2026-05-19T21:00:00Z,1.339998,1.340411,1.339495,1.340051
2026-05-19T22:00:00Z,1.339998,1.340069,1.339513,1.339782
2026-05-19T23:00:00Z,1.339818,1.340483,1.339656,1.339656
2026-05-20T00:00:00Z,1.339495,1.340159,1.338921,1.338921
2026-05-20T01:00:00Z,1.339011,1.339011,1.337882,1.338688
2026-05-20T02:00:00Z,1.338688,1.339549,1.338491,1.339172
2026-05-20T03:00:00Z,1.338921,1.340303,1.338867,1.339998
2026-05-20T04:00:00Z,1.340195,1.340644,1.339190,1.339190
2026-05-20T05:00:00Z,1.339280,1.339782,1.338975,1.339477
2026-05-20T06:00:00Z,1.338384,1.340680,1.338258,1.338867
2026-05-20T07:00:00Z,1.338670,1.339746,1.338419,1.338742
2026-05-20T08:00:00Z,1.338670,1.339208,1.337578,1.338437
2026-05-20T09:00:00Z,1.338312,1.339262,1.338294,1.338473
2026-05-20T10:00:00Z,1.338222,1.339890,1.338222,1.339656
2026-05-20T11:00:00Z,1.339710,1.340752,1.339549,1.339872
2026-05-20T12:00:00Z,1.340123,1.340680,1.339692,1.339692
2026-05-20T13:00:00Z,1.339656,1.340554,1.339208,1.339298
2026-05-20T14:00:00Z,1.339316,1.343941,1.338455,1.343490
2026-05-20T15:00:00Z,1.343526,1.346221,1.342156,1.343996
2026-05-20T16:00:00Z,1.344357,1.345316,1.343653,1.344068
2026-05-20T17:00:00Z,1.344122,1.344574,1.343671,1.343671
2026-05-20T18:00:00Z,1.343364,1.344936,1.343364,1.344628
2026-05-20T19:00:00Z,1.344321,1.344827,1.343887,1.343887
2026-05-20T20:00:00Z,1.343815,1.344068,1.343436,1.343526
2026-05-20T21:00:00Z,1.344068,1.344429,1.343580,1.343797
2026-05-20T22:00:00Z,1.343725,1.343887,1.343490,1.343743
2026-05-20T23:00:00Z,1.343725,1.343869,1.343256,1.343418
2026-05-21T00:00:00Z,1.343364,1.343960,1.343003,1.343815
2026-05-21T01:00:00Z,1.343887,1.344502,1.343219,1.343454
2026-05-21T02:00:00Z,1.343544,1.343797,1.342192,1.342660
2026-05-21T03:00:00Z,1.342606,1.343147,1.342606,1.342787
2026-05-21T04:00:00Z,1.342660,1.343346,1.342624,1.343310
2026-05-21T05:00:00Z,1.343256,1.343400,1.342769,1.343382
2026-05-21T06:00:00Z,1.343436,1.343905,1.342985,1.343508
2026-05-21T07:00:00Z,1.343472,1.343869,1.341688,1.342967
2026-05-21T08:00:00Z,1.343003,1.345388,1.342859,1.343580
2026-05-21T09:00:00Z,1.343562,1.344682,1.343364,1.344231
2026-05-21T10:00:00Z,1.344339,1.344610,1.341796,1.342696
2026-05-21T11:00:00Z,1.342516,1.343869,1.342048,1.342174
2026-05-21T12:00:00Z,1.342318,1.342967,1.341292,1.341598
2026-05-21T13:00:00Z,1.341526,1.342066,1.339405,1.340680
2026-05-21T14:00:00Z,1.340860,1.341310,1.339926,1.341130
2026-05-21T15:00:00Z,1.341238,1.341238,1.339710,1.340662
2026-05-21T16:00:00Z,1.340626,1.340986,1.340249,1.340878
2026-05-21T17:00:00Z,1.340896,1.344990,1.340698,1.344411
2026-05-21T18:00:00Z,1.344556,1.344845,1.342300,1.342696
2026-05-21T19:00:00Z,1.342805,1.344140,1.342732,1.343725
2026-05-21T20:00:00Z,1.343653,1.344050,1.342949,1.343057
2026-05-21T21:00:00Z,1.343671,1.343725,1.342769,1.343039
2026-05-21T22:00:00Z,1.343201,1.343400,1.342913,1.343292
2026-05-21T23:00:00Z,1.343201,1.343382,1.343057,1.343183
2026-05-22T00:00:00Z,1.343147,1.343147,1.342480,1.342660
2026-05-22T01:00:00Z,1.342498,1.343003,1.342390,1.342624
2026-05-22T02:00:00Z,1.342480,1.342985,1.342444,1.342642
2026-05-22T03:00:00Z,1.342769,1.342787,1.342336,1.342588
2026-05-22T04:00:00Z,1.342642,1.343183,1.342588,1.343057
2026-05-22T05:00:00Z,1.343111,1.343238,1.342066,1.342210
2026-05-22T06:00:00Z,1.342246,1.342805,1.341778,1.342444
2026-05-22T07:00:00Z,1.342174,1.342552,1.341508,1.342498
2026-05-22T08:00:00Z,1.342498,1.343526,1.342408,1.342570
2026-05-22T09:00:00Z,1.342588,1.342769,1.341724,1.342714
2026-05-22T10:00:00Z,1.342805,1.343219,1.342084,1.342210
2026-05-22T11:00:00Z,1.342354,1.342480,1.341904,1.342048
2026-05-22T12:00:00Z,1.342120,1.343346,1.341688,1.343346
2026-05-22T13:00:00Z,1.343634,1.345895,1.343454,1.343653
2026-05-22T14:00:00Z,1.343490,1.343580,1.341940,1.343219
2026-05-22T15:00:00Z,1.343075,1.344231,1.343075,1.343761
2026-05-22T16:00:00Z,1.343526,1.344556,1.343490,1.344339
2026-05-22T17:00:00Z,1.344520,1.345261,1.344321,1.344899
2026-05-22T18:00:00Z,1.344954,1.345008,1.344429,1.344845
2026-05-22T19:00:00Z,1.344701,1.344827,1.343905,1.344068
2026-05-22T20:00:00Z,1.343996,1.344213,1.343219,1.343219
2026-05-22T21:00:00Z,1.343292,1.343292,1.343292,1.343292
2026-05-24T23:00:00Z,1.348563,1.348854,1.348145,1.348145
2026-05-25T00:00:00Z,1.348181,1.348781,1.347727,1.347872
2026-05-25T01:00:00Z,1.347909,1.349036,1.347909,1.348036
2026-05-25T02:00:00Z,1.348127,1.348363,1.347654,1.347745
2026-05-25T03:00:00Z,1.347854,1.347927,1.347491,1.347564
2026-05-25T04:00:00Z,1.347564,1.348563,1.347509,1.348436
2026-05-25T05:00:00Z,1.348436,1.348836,1.348199,1.348290
2026-05-25T06:00:00Z,1.348236,1.348709,1.347963,1.348600
2026-05-25T07:00:00Z,1.348527,1.348600,1.347309,1.348490
2026-05-25T08:00:00Z,1.348254,1.349437,1.348000,1.349437
2026-05-25T09:00:00Z,1.349364,1.349619,1.349309,1.349327
2026-05-25T10:00:00Z,1.349437,1.349473,1.349018,1.349182
2026-05-25T11:00:00Z,1.349036,1.350640,1.348800,1.349928
2026-05-25T12:00:00Z,1.349801,1.350658,1.349801,1.350129
2026-05-25T13:00:00Z,1.350038,1.350439,1.349528,1.349528
2026-05-25T14:00:00Z,1.349455,1.350220,1.349346,1.350184
2026-05-25T15:00:00Z,1.350056,1.350585,1.349655,1.350257
2026-05-25T16:00:00Z,1.350147,1.350475,1.349983,1.350475
2026-05-25T17:00:00Z,1.350402,1.350785,1.350366,1.350567
2026-05-25T18:00:00Z,1.350658,1.350785,1.350512,1.350767
2026-05-25T19:00:00Z,1.350694,1.350950,1.350603,1.350822
2026-05-25T20:00:00Z,1.350858,1.350913,1.350694,1.350785
2026-05-25T21:00:00Z,1.350111,1.350713,1.349965,1.350384
2026-05-25T22:00:00Z,1.350311,1.350567,1.350129,1.350384
2026-05-25T23:00:00Z,1.350439,1.350567,1.349601,1.349601
2026-05-26T00:00:00Z,1.349637,1.349692,1.348872,1.349546
2026-05-26T01:00:00Z,1.349418,1.349509,1.348363,1.348745
2026-05-26T02:00:00Z,1.348745,1.349036,1.348381,1.348836
2026-05-26T03:00:00Z,1.348763,1.349218,1.348745,1.348945
2026-05-26T04:00:00Z,1.348909,1.348945,1.348163,1.348163
2026-05-26T05:00:00Z,1.348145,1.348145,1.347546,1.347618
2026-05-26T06:00:00Z,1.347455,1.348490,1.347455,1.347709
2026-05-26T07:00:00Z,1.347745,1.347800,1.346711,1.347509
2026-05-26T08:00:00Z,1.347364,1.348072,1.347291,1.347527
2026-05-26T09:00:00Z,1.347436,1.348472,1.347364,1.348399
2026-05-26T10:00:00Z,1.348272,1.348963,1.347818,1.348636
2026-05-26T11:00:00Z,1.348581,1.348927,1.346946,1.346946
2026-05-26T12:00:00Z,1.346892,1.347455,1.346747,1.346838
2026-05-26T13:00:00Z,1.346674,1.347037,1.345859,1.346384
2026-05-26T14:00:00Z,1.346221,1.346874,1.345135,1.345135
2026-05-26T15:00:00Z,1.345062,1.345062,1.343562,1.343598
2026-05-26T16:00:00Z,1.343707,1.344881,1.343671,1.344158
2026-05-26T17:00:00Z,1.344194,1.344809,1.343978,1.344122
2026-05-26T18:00:00Z,1.344104,1.344610,1.344050,1.344538
2026-05-26T19:00:00Z,1.344393,1.345008,1.344267,1.344845
2026-05-26T20:00:00Z,1.345044,1.345352,1.344538,1.344773
2026-05-26T21:00:00Z,1.344881,1.345316,1.344158,1.345026
2026-05-26T22:00:00Z,1.345044,1.345080,1.344755,1.345080
2026-05-26T23:00:00Z,1.345098,1.345931,1.345098,1.345533
2026-05-27T00:00:00Z,1.345659,1.345841,1.345479,1.345605
2026-05-27T01:00:00Z,1.345533,1.345587,1.344737,1.344755
2026-05-27T02:00:00Z,1.345008,1.345424,1.344737,1.345316
2026-05-27T03:00:00Z,1.345316,1.345823,1.345316,1.345497
2026-05-27T04:00:00Z,1.345533,1.345714,1.345352,1.345424
2026-05-27T05:00:00Z,1.345442,1.345750,1.344954,1.344954
2026-05-27T06:00:00Z,1.344773,1.345659,1.344538,1.345261
2026-05-27T07:00:00Z,1.345460,1.345569,1.344321,1.344339
2026-05-27T08:00:00Z,1.344267,1.345189,1.344267,1.344719
2026-05-27T09:00:00Z,1.344701,1.345207,1.344592,1.344701
2026-05-27T10:00:00Z,1.344520,1.344646,1.343689,1.344231
2026-05-27T11:00:00Z,1.344158,1.344158,1.343147,1.343418
2026-05-27T12:00:00Z,1.343454,1.345587,1.343219,1.343960
2026-05-27T13:00:00Z,1.344285,1.344863,1.344176,1.344701
2026-05-27T14:00:00Z,1.344701,1.345659,1.341994,1.341994
2026-05-27T15:00:00Z,1.341724,1.343129,1.341724,1.342823
2026-05-27T16:00:00Z,1.342750,1.343238,1.342318,1.343129
2026-05-27T17:00:00Z,1.343111,1.343165,1.341832,1.342769
2026-05-27T18:00:00Z,1.342642,1.343111,1.342282,1.343075
2026-05-27T19:00:00Z,1.343039,1.343310,1.342895,1.343057
2026-05-27T20:00:00Z,1.343057,1.343292,1.342750,1.342913
2026-05-27T21:00:00Z,1.341220,1.343147,1.341220,1.342913
2026-05-27T22:00:00Z,1.342949,1.343111,1.342660,1.342823
2026-05-27T23:00:00Z,1.342732,1.342967,1.341508,1.341652
2026-05-28T00:00:00Z,1.341580,1.342048,1.341004,1.341454
2026-05-28T01:00:00Z,1.341256,1.341310,1.339818,1.339818
2026-05-28T02:00:00Z,1.340051,1.340680,1.340016,1.340177
2026-05-28T03:00:00Z,1.340231,1.340285,1.336934,1.336934
2026-05-28T04:00:00Z,1.337023,1.337864,1.336881,1.337793
2026-05-28T05:00:00Z,1.337793,1.339621,1.337632,1.339316
2026-05-28T06:00:00Z,1.339262,1.340752,1.339262,1.340518
2026-05-28T07:00:00Z,1.340698,1.341148,1.340034,1.340303
2026-05-28T08:00:00Z,1.340429,1.340716,1.339656,1.340267
2026-05-28T09:00:00Z,1.340321,1.340968,1.339549,1.339656
2026-05-28T10:00:00Z,1.339567,1.339872,1.338760,1.338975
2026-05-28T11:00:00Z,1.339172,1.340932,1.339172,1.340716
2026-05-28T12:00:00Z,1.340698,1.342426,1.340447,1.342120
2026-05-28T13:00:00Z,1.342444,1.342660,1.341328,1.341328
2026-05-28T14:00:00Z,1.341166,1.344447,1.340860,1.343147
2026-05-28T15:00:00Z,1.343616,1.344158,1.343436,1.343653
2026-05-28T16:00:00Z,1.343653,1.344719,1.343400,1.344682
2026-05-28T17:00:00Z,1.344646,1.344773,1.344213,1.344520
2026-05-28T18:00:00Z,1.344520,1.344773,1.343761,1.344086
2026-05-28T19:00:00Z,1.343905,1.344411,1.343869,1.343960
2026-05-28T20:00:00Z,1.343923,1.344466,1.343923,1.344411
2026-05-28T21:00:00Z,1.344502,1.344809,1.344068,1.344664
2026-05-28T22:00:00Z,1.344502,1.344737,1.344194,1.344231
2026-05-28T23:00:00Z,1.344285,1.344628,1.344285,1.344502
2026-05-29T00:00:00Z,1.344447,1.344845,1.343996,1.344158
2026-05-29T01:00:00Z,1.344213,1.345062,1.343905,1.344050
2026-05-29T02:00:00Z,1.344140,1.344411,1.343923,1.343923
2026-05-29T03:00:00Z,1.343905,1.343905,1.343165,1.343274
2026-05-29T04:00:00Z,1.343418,1.343869,1.343292,1.343869
2026-05-29T05:00:00Z,1.343869,1.344231,1.343707,1.343905
2026-05-29T06:00:00Z,1.344032,1.344447,1.343743,1.344321
2026-05-29T07:00:00Z,1.343941,1.343941,1.341976,1.342606
2026-05-29T08:00:00Z,1.342498,1.342498,1.340896,1.341148
2026-05-29T09:00:00Z,1.341058,1.341940,1.341058,1.341940
2026-05-29T10:00:00Z,1.341652,1.341868,1.341058,1.341868
2026-05-29T11:00:00Z,1.341598,1.343003,1.341598,1.343003
2026-05-29T12:00:00Z,1.343003,1.343454,1.342282,1.343454
2026-05-29T13:00:00Z,1.343508,1.344646,1.343346,1.344050
2026-05-29T14:00:00Z,1.343941,1.347945,1.343057,1.347945
2026-05-29T15:00:00Z,1.348072,1.348490,1.347146,1.347509
2026-05-29T16:00:00Z,1.347509,1.347509,1.346566,1.346783
2026-05-29T17:00:00Z,1.346892,1.347019,1.345696,1.345750
2026-05-29T18:00:00Z,1.345659,1.346457,1.345623,1.346257
2026-05-29T19:00:00Z,1.346203,1.347128,1.346203,1.346838
2026-05-29T20:00:00Z,1.346820,1.346820,1.345460,1.345587
2026-05-29T21:00:00Z,1.345696,1.345696,1.345696,1.345696
2026-05-31T23:00:00Z,1.344972,1.345533,1.344881,1.345116
2026-06-01T00:00:00Z,1.345026,1.345424,1.344646,1.345153
2026-06-01T01:00:00Z,1.345116,1.345388,1.344899,1.345388
2026-06-01T02:00:00Z,1.345442,1.345678,1.345370,1.345605
2026-06-01T03:00:00Z,1.345678,1.345968,1.345026,1.345026
2026-06-01T04:00:00Z,1.345062,1.345804,1.345062,1.345768
2026-06-01T05:00:00Z,1.345750,1.346602,1.345750,1.346330
2026-06-01T06:00:00Z,1.346511,1.347654,1.345931,1.347291
2026-06-01T07:00:00Z,1.346910,1.347037,1.345678,1.346058
2026-06-01T08:00:00Z,1.346131,1.347328,1.346112,1.347128
2026-06-01T09:00:00Z,1.347455,1.347546,1.345823,1.346022
2026-06-01T10:00:00Z,1.346076,1.346566,1.345641,1.346330
2026-06-01T11:00:00Z,1.346312,1.346674,1.346076,1.346584
2026-06-01T12:00:00Z,1.346729,1.346910,1.346348,1.346457
2026-06-01T13:00:00Z,1.346221,1.346239,1.341166,1.341652
2026-06-01T14:00:00Z,1.341148,1.343689,1.340932,1.343689
2026-06-01T15:00:00Z,1.343761,1.345406,1.343418,1.345008
2026-06-01T16:00:00Z,1.345189,1.346312,1.344104,1.346112
2026-06-01T17:00:00Z,1.346131,1.346983,1.345424,1.346584
2026-06-01T18:00:00Z,1.346439,1.346620,1.345859,1.345859
2026-06-01T19:00:00Z,1.345659,1.346149,1.345460,1.345949
2026-06-01T20:00:00Z,1.346040,1.346131,1.345533,1.345587
2026-06-01T21:00:00Z,1.346529,1.346620,1.345334,1.345768
2026-06-01T22:00:00Z,1.345913,1.345949,1.345641,1.345859
2026-06-01T23:00:00Z,1.346004,1.346076,1.345732,1.346022
2026-06-02T00:00:00Z,1.346131,1.346221,1.345406,1.345424
2026-06-02T01:00:00Z,1.345533,1.346131,1.345189,1.345261
2026-06-02T02:00:00Z,1.345424,1.345623,1.345207,1.345388
2026-06-02T03:00:00Z,1.345460,1.345877,1.345388,1.345859
2026-06-02T04:00:00Z,1.345823,1.346475,1.345823,1.346457
2026-06-02T05:00:00Z,1.346421,1.346729,1.346167,1.346167
2026-06-02T06:00:00Z,1.346439,1.348199,1.346402,1.347836
2026-06-02T07:00:00Z,1.347800,1.347872,1.346838,1.347237
2026-06-02T08:00:00Z,1.347291,1.347600,1.346203,1.346348
2026-06-02T09:00:00Z,1.346276,1.347128,1.346185,1.347128
2026-06-02T10:00:00Z,1.346838,1.347455,1.346729,1.346856
2026-06-02T11:00:00Z,1.346892,1.347727,1.346638,1.347436
2026-06-02T12:00:00Z,1.347509,1.347727,1.347182,1.347219
2026-06-02T13:00:00Z,1.347291,1.347800,1.346856,1.347074
2026-06-02T14:00:00Z,1.346566,1.347981,1.346566,1.347201
2026-06-02T15:00:00Z,1.347328,1.348036,1.347309,1.347981
2026-06-02T16:00:00Z,1.347745,1.347981,1.346529,1.346638
2026-06-02T17:00:00Z,1.346801,1.346801,1.345804,1.345968
2026-06-02T18:00:00Z,1.346094,1.347055,1.345424,1.346946
2026-06-02T19:00:00Z,1.347037,1.347291,1.346783,1.346928
2026-06-02T20:00:00Z,1.346928,1.347219,1.346439,1.346511
2026-06-02T21:00:00Z,1.346674,1.347037,1.346384,1.346656
2026-06-02T22:00:00Z,1.346765,1.346820,1.346312,1.346493
2026-06-02T23:00:00Z,1.346239,1.346276,1.345189,1.345352
2026-06-03T00:00:00Z,1.345406,1.346729,1.345406,1.346656
2026-06-03T01:00:00Z,1.346475,1.347201,1.346312,1.346747
2026-06-03T02:00:00Z,1.346838,1.347128,1.346203,1.346421
2026-06-03T03:00:00Z,1.346312,1.346529,1.346167,1.346421
2026-06-03T04:00:00Z,1.346421,1.346421,1.345931,1.346167
2026-06-03T05:00:00Z,1.346040,1.346330,1.345026,1.345026
2026-06-03T06:00:00Z,1.345062,1.345316,1.343815,1.345008
2026-06-03T07:00:00Z,1.344845,1.346239,1.344502,1.345623
2026-06-03T08:00:00Z,1.345460,1.345732,1.344122,1.344321
2026-06-03T09:00:00Z,1.344483,1.345080,1.344483,1.344755
2026-06-03T10:00:00Z,1.344791,1.346004,1.344682,1.345080
2026-06-03T11:00:00Z,1.345080,1.345605,1.344936,1.344990
2026-06-03T12:00:00Z,1.344918,1.344972,1.342949,1.343256
2026-06-03T13:00:00Z,1.343147,1.343634,1.342390,1.342769
2026-06-03T14:00:00Z,1.342913,1.343725,1.342264,1.343725
2026-06-03T15:00:00Z,1.343580,1.343960,1.342678,1.343418
2026-06-03T16:00:00Z,1.343400,1.343400,1.341634,1.342246
2026-06-03T17:00:00Z,1.342318,1.342805,1.341544,1.341652
2026-06-03T18:00:00Z,1.341742,1.341850,1.341346,1.341724
2026-06-03T19:00:00Z,1.341742,1.342120,1.341742,1.342030
2026-06-03T20:00:00Z,1.342084,1.342138,1.341616,1.341778
2026-06-03T21:00:00Z,1.342300,1.342372,1.341580,1.341814
2026-06-03T22:00:00Z,1.341742,1.342426,1.341256,1.342120
2026-06-03T23:00:00Z,1.342282,1.342841,1.341850,1.342714
2026-06-04T00:00:00Z,1.342787,1.343147,1.342390,1.342660
2026-06-04T01:00:00Z,1.342354,1.342769,1.342318,1.342714
2026-06-04T02:00:00Z,1.342480,1.342750,1.342282,1.342642
2026-06-04T03:00:00Z,1.342534,1.342588,1.341796,1.342408
2026-06-04T04:00:00Z,1.342300,1.343147,1.342300,1.343147
2026-06-04T05:00:00Z,1.343219,1.343219,1.342156,1.342787
2026-06-04T06:00:00Z,1.342913,1.343526,1.342498,1.342805
2026-06-04T07:00:00Z,1.342949,1.342967,1.341238,1.342246
2026-06-04T08:00:00Z,1.342336,1.343490,1.342336,1.343147
2026-06-04T09:00:00Z,1.343256,1.344213,1.343238,1.343725
2026-06-04T10:00:00Z,1.343616,1.344393,1.343490,1.344393
2026-06-04T11:00:00Z,1.344520,1.346203,1.344520,1.345949
2026-06-04T12:00:00Z,1.346257,1.346257,1.345316,1.345696
2026-06-04T13:00:00Z,1.345623,1.345714,1.344936,1.345261
2026-06-04T14:00:00Z,1.345261,1.345261,1.343707,1.344466
2026-06-04T15:00:00Z,1.344303,1.344303,1.343093,1.343887
2026-06-04T16:00:00Z,1.343851,1.344231,1.343490,1.343634
2026-06-04T17:00:00Z,1.343562,1.343653,1.342750,1.342805
2026-06-04T18:00:00Z,1.342714,1.342877,1.342444,1.342516
2026-06-04T19:00:00Z,1.342588,1.342660,1.342228,1.342444
2026-06-04T20:00:00Z,1.342408,1.342534,1.342120,1.342444
2026-06-04T21:00:00Z,1.342516,1.343021,1.342264,1.342552
2026-06-04T22:00:00Z,1.342318,1.342660,1.342282,1.342390
2026-06-04T23:00:00Z,1.342462,1.342552,1.342264,1.342336
2026-06-05T00:00:00Z,1.342210,1.342408,1.341886,1.342372
2026-06-05T01:00:00Z,1.342318,1.342552,1.341724,1.342372
2026-06-05T02:00:00Z,1.342480,1.342859,1.342372,1.342498
2026-06-05T03:00:00Z,1.342444,1.342769,1.342372,1.342678
2026-06-05T04:00:00Z,1.342787,1.343129,1.342660,1.342985
2026-06-05T05:00:00Z,1.342895,1.343165,1.342606,1.342606
2026-06-05T06:00:00Z,1.342498,1.343598,1.342462,1.343580
2026-06-05T07:00:00Z,1.343580,1.344863,1.343490,1.344574
2026-06-05T08:00:00Z,1.344592,1.345841,1.344592,1.345587
2026-06-05T09:00:00Z,1.345406,1.346783,1.345316,1.346475
2026-06-05T10:00:00Z,1.346584,1.348309,1.346511,1.347436
2026-06-05T11:00:00Z,1.347509,1.347509,1.346747,1.346783
2026-06-05T12:00:00Z,1.346874,1.346874,1.340590,1.340590
2026-06-05T13:00:00Z,1.340411,1.342156,1.339549,1.340016
2026-06-05T14:00:00Z,1.339962,1.340752,1.338133,1.338634
2026-06-05T15:00:00Z,1.338688,1.338688,1.335791,1.335934
2026-06-05T16:00:00Z,1.335631,1.335934,1.334187,1.335577
2026-06-05T17:00:00Z,1.335524,1.335577,1.333831,1.334134
2026-06-05T18:00:00Z,1.334223,1.334365,1.333458,1.333725
2026-06-05T19:00:00Z,1.333707,1.334169,1.333120,1.333849
2026-06-05T20:00:00Z,1.333725,1.334223,1.333173,1.333725
2026-06-05T21:00:00Z,1.333618,1.333618,1.333618,1.333618
2026-06-07T23:00:00Z,1.332552,1.333600,1.332534,1.333565
2026-06-08T00:00:00Z,1.333565,1.334882,1.333565,1.334864
2026-06-08T01:00:00Z,1.335007,1.335042,1.331984,1.333600
2026-06-08T02:00:00Z,1.333725,1.334258,1.332871,1.334187
2026-06-08T03:00:00Z,1.334027,1.334241,1.333547,1.334169
2026-06-08T04:00:00Z,1.334169,1.334597,1.333902,1.333974
2026-06-08T05:00:00Z,1.334045,1.334846,1.332587,1.332711
2026-06-08T06:00:00Z,1.332711,1.333120,1.332108,1.332356
2026-06-08T07:00:00Z,1.332303,1.334704,1.332303,1.332924
2026-06-08T08:00:00Z,1.332729,1.333440,1.332161,1.332410
2026-06-08T09:00:00Z,1.332197,1.332765,1.330725,1.332765
2026-06-08T10:00:00Z,1.332765,1.334472,1.332552,1.334223
2026-06-08T11:00:00Z,1.334169,1.336952,1.334134,1.336184
2026-06-08T12:00:00Z,1.336095,1.336755,1.334615,1.334900
2026-06-08T13:00:00Z,1.335113,1.336541,1.334900,1.335345
2026-06-08T14:00:00Z,1.335167,1.335827,1.333992,1.334347
2026-06-08T15:00:00Z,1.334401,1.335024,1.333618,1.334935
2026-06-08T16:00:00Z,1.334721,1.334828,1.334330,1.334330
2026-06-08T17:00:00Z,1.334454,1.334686,1.334152,1.334561
2026-06-08T18:00:00Z,1.334632,1.335256,1.334080,1.334098
2026-06-08T19:00:00Z,1.333956,1.334437,1.333956,1.334187
2026-06-08T20:00:00Z,1.334187,1.334365,1.333920,1.333956
2026-06-08T21:00:00Z,1.334134,1.335310,1.333849,1.333956
2026-06-08T22:00:00Z,1.334045,1.334152,1.333885,1.334116
2026-06-08T23:00:00Z,1.334134,1.334152,1.333369,1.333369
2026-06-09T00:00:00Z,1.333369,1.333689,1.333227,1.333689
2026-06-09T01:00:00Z,1.333671,1.335060,1.333671,1.335060
2026-06-09T02:00:00Z,1.335149,1.335345,1.334864,1.334953
2026-06-09T03:00:00Z,1.334900,1.335220,1.334632,1.334935
2026-06-09T04:00:00Z,1.335007,1.336344,1.334810,1.335987
2026-06-09T05:00:00Z,1.336059,1.336505,1.335648,1.336166
2026-06-09T06:00:00Z,1.336148,1.337489,1.335934,1.336237
2026-06-09T07:00:00Z,1.336327,1.337327,1.335952,1.336845
2026-06-09T08:00:00Z,1.336827,1.338204,1.336612,1.338007
2026-06-09T09:00:00Z,1.338043,1.339190,1.338025,1.338796
2026-06-09T10:00:00Z,1.338849,1.339728,1.338616,1.339549
2026-06-09T11:00:00Z,1.339585,1.340644,1.339549,1.340321
2026-06-09T12:00:00Z,1.340375,1.340680,1.339998,1.340393
2026-06-09T13:00:00Z,1.340680,1.341022,1.339585,1.339980
2026-06-09T14:00:00Z,1.339890,1.340644,1.339011,1.339639
2026-06-09T15:00:00Z,1.339710,1.340393,1.337435,1.338849
2026-06-09T16:00:00Z,1.338832,1.338903,1.335952,1.337041
2026-06-09T17:00:00Z,1.337220,1.338885,1.337220,1.338384
2026-06-09T18:00:00Z,1.338366,1.339118,1.338204,1.338921
2026-06-09T19:00:00Z,1.338849,1.338849,1.337990,1.338043
2026-06-09T20:00:00Z,1.337972,1.338312,1.337793,1.337972
2026-06-09T21:00:00Z,1.338025,1.338169,1.336809,1.336970
2026-06-09T22:00:00Z,1.337399,1.337721,1.337149,1.337292
2026-06-09T23:00:00Z,1.337220,1.337524,1.336827,1.337077
2026-06-10T00:00:00Z,1.337095,1.337972,1.336898,1.337972
2026-06-10T01:00:00Z,1.337846,1.338007,1.337345,1.337471
2026-06-10T02:00:00Z,1.337453,1.338366,1.337345,1.337990
2026-06-10T03:00:00Z,1.337954,1.338993,1.337954,1.338939
2026-06-10T04:00:00Z,1.338921,1.338939,1.338025,1.338187
2026-06-10T05:00:00Z,1.338222,1.339351,1.338061,1.339154
2026-06-10T06:00:00Z,1.339280,1.339746,1.338616,1.338616
2026-06-10T07:00:00Z,1.338294,1.339334,1.338187,1.339118
2026-06-10T08:00:00Z,1.339029,1.339190,1.338437,1.338545
2026-06-10T09:00:00Z,1.338670,1.339926,1.338169,1.339800
2026-06-10T10:00:00Z,1.339621,1.339926,1.339190,1.339316
2026-06-10T11:00:00Z,1.339118,1.339387,1.337775,1.337918
2026-06-10T12:00:00Z,1.337918,1.340698,1.337811,1.339100
2026-06-10T13:00:00Z,1.339100,1.342282,1.339100,1.341058
2026-06-10T14:00:00Z,1.340878,1.341634,1.339728,1.340105
2026-06-10T15:00:00Z,1.340141,1.340518,1.338115,1.338903
2026-06-10T16:00:00Z,1.339029,1.339674,1.338814,1.338957
2026-06-10T17:00:00Z,1.339029,1.339423,1.338061,1.339244
2026-06-10T18:00:00Z,1.339244,1.339656,1.338097,1.338115
2026-06-10T19:00:00Z,1.338025,1.338025,1.337220,1.337274
2026-06-10T20:00:00Z,1.337274,1.337274,1.336755,1.336773
2026-06-10T21:00:00Z,1.337131,1.337453,1.336881,1.337399
2026-06-10T22:00:00Z,1.336773,1.336773,1.335595,1.335845
2026-06-10T23:00:00Z,1.335541,1.336523,1.335096,1.336255
2026-06-11T00:00:00Z,1.336362,1.337113,1.336309,1.337113
2026-06-11T01:00:00Z,1.337256,1.339208,1.337095,1.338616
2026-06-11T02:00:00Z,1.338598,1.338670,1.337793,1.337954
2026-06-11T03:00:00Z,1.338007,1.338097,1.337596,1.337882
2026-06-11T04:00:00Z,1.337954,1.338670,1.337703,1.338419
2026-06-11T05:00:00Z,1.338401,1.338742,1.338061,1.338240
2026-06-11T06:00:00Z,1.338348,1.338348,1.337596,1.337864
2026-06-11T07:00:00Z,1.337864,1.339172,1.337739,1.338330
2026-06-11T08:00:00Z,1.338330,1.338366,1.336220,1.336505
2026-06-11T09:00:00Z,1.336398,1.336916,1.335934,1.336612
2026-06-11T10:00:00Z,1.336523,1.336523,1.335256,1.336023
2026-06-11T11:00:00Z,1.336112,1.336612,1.336112,1.336612
2026-06-11T12:00:00Z,1.336612,1.336702,1.334205,1.335987
2026-06-11T13:00:00Z,1.336077,1.336112,1.334063,1.335434
2026-06-11T14:00:00Z,1.335363,1.335452,1.332694,1.332694
2026-06-11T15:00:00Z,1.332800,1.334437,1.332605,1.333529
2026-06-11T16:00:00Z,1.333618,1.333707,1.332942,1.333404
2026-06-11T17:00:00Z,1.333351,1.340267,1.332694,1.339011
2026-06-11T18:00:00Z,1.339065,1.340608,1.338025,1.340195
2026-06-11T19:00:00Z,1.340159,1.342823,1.340159,1.341616
2026-06-11T20:00:00Z,1.341652,1.342246,1.341400,1.341616
2026-06-11T21:00:00Z,1.341778,1.342426,1.341238,1.341616
2026-06-11T22:00:00Z,1.342012,1.342588,1.341508,1.342480
2026-06-11T23:00:00Z,1.342444,1.342570,1.341454,1.341454
2026-06-12T00:00:00Z,1.341598,1.341598,1.340698,1.340752
2026-06-12T01:00:00Z,1.340860,1.340860,1.340087,1.340339
2026-06-12T02:00:00Z,1.340429,1.341238,1.340321,1.340716
2026-06-12T03:00:00Z,1.340716,1.341742,1.340501,1.341454
2026-06-12T04:00:00Z,1.341472,1.341814,1.341094,1.341094
2026-06-12T05:00:00Z,1.341346,1.341382,1.339603,1.339603
2026-06-12T06:00:00Z,1.339800,1.341058,1.339800,1.340644
2026-06-12T07:00:00Z,1.340662,1.340662,1.338509,1.339621
2026-06-12T08:00:00Z,1.339692,1.341832,1.339621,1.341382
2026-06-12T09:00:00Z,1.341508,1.342534,1.340950,1.342246
2026-06-12T10:00:00Z,1.342048,1.342300,1.340842,1.341112
2026-06-12T11:00:00Z,1.341166,1.341796,1.340968,1.340986
2026-06-12T12:00:00Z,1.340950,1.340986,1.339082,1.339495
2026-06-12T13:00:00Z,1.339423,1.341292,1.339208,1.339890
2026-06-12T14:00:00Z,1.339944,1.341454,1.339603,1.341454
2026-06-12T15:00:00Z,1.341328,1.342426,1.340968,1.341328
2026-06-12T16:00:00Z,1.341346,1.341688,1.340896,1.341544
2026-06-12T17:00:00Z,1.341724,1.342138,1.341562,1.341724
2026-06-12T18:00:00Z,1.341760,1.342120,1.341292,1.341778
2026-06-12T19:00:00Z,1.341472,1.342012,1.340932,1.341094
2026-06-12T20:00:00Z,1.341130,1.341130,1.340267,1.340662
2026-06-12T21:00:00Z,1.340734,1.340734,1.340734,1.340734
2026-06-14T23:00:00Z,1.345243,1.345352,1.344610,1.345026
2026-06-15T00:00:00Z,1.345225,1.346094,1.344447,1.344447
2026-06-15T01:00:00Z,1.344303,1.344411,1.343779,1.343779
2026-06-15T02:00:00Z,1.343761,1.344032,1.343364,1.343941
2026-06-15T03:00:00Z,1.343996,1.344628,1.343887,1.344339
2026-06-15T04:00:00Z,1.344429,1.345135,1.344140,1.345116
2026-06-15T05:00:00Z,1.345297,1.345949,1.345189,1.345551
2026-06-15T06:00:00Z,1.345605,1.345605,1.343653,1.344176
2026-06-15T07:00:00Z,1.344249,1.344249,1.342985,1.343400
2026-06-15T08:00:00Z,1.343147,1.343598,1.341976,1.342354
2026-06-15T09:00:00Z,1.342480,1.343382,1.342372,1.342660
2026-06-15T10:00:00Z,1.342642,1.343472,1.342372,1.342444
2026-06-15T11:00:00Z,1.342642,1.343111,1.342066,1.342336
2026-06-15T12:00:00Z,1.342444,1.343039,1.341814,1.343003
2026-06-15T13:00:00Z,1.342913,1.343978,1.342859,1.343508
2026-06-15T14:00:00Z,1.343490,1.344429,1.342859,1.344140
2026-06-15T15:00:00Z,1.343851,1.343869,1.342444,1.342570
2026-06-15T16:00:00Z,1.342552,1.343328,1.342534,1.342985
2026-06-15T17:00:00Z,1.343039,1.343039,1.342624,1.342877
2026-06-15T18:00:00Z,1.342859,1.343075,1.341940,1.341940
2026-06-15T19:00:00Z,1.342084,1.342084,1.340878,1.340878
2026-06-15T20:00:00Z,1.340860,1.341382,1.340680,1.341292
2026-06-15T21:00:00Z,1.342264,1.342264,1.340716,1.340878
2026-06-15T22:00:00Z,1.341202,1.341526,1.340860,1.341166
2026-06-15T23:00:00Z,1.341256,1.341688,1.341238,1.341580
2026-06-16T00:00:00Z,1.341580,1.341580,1.341022,1.341472
2026-06-16T01:00:00Z,1.341400,1.341832,1.340554,1.340716
2026-06-16T02:00:00Z,1.340608,1.340644,1.339800,1.340554
2026-06-16T03:00:00Z,1.340483,1.340608,1.340195,1.340357
2026-06-16T04:00:00Z,1.340411,1.340483,1.339226,1.339764
2026-06-16T05:00:00Z,1.339764,1.340123,1.339298,1.339316
2026-06-16T06:00:00Z,1.339262,1.340716,1.339118,1.340590
2026-06-16T07:00:00Z,1.340429,1.341742,1.340429,1.341742
2026-06-16T08:00:00Z,1.341706,1.342426,1.341364,1.342426
2026-06-16T09:00:00Z,1.342498,1.342750,1.341562,1.341688
2026-06-16T10:00:00Z,1.341580,1.343093,1.341544,1.343093
2026-06-16T11:00:00Z,1.342714,1.342805,1.341220,1.341562
2026-06-16T12:00:00Z,1.341508,1.341760,1.340806,1.341688
2026-06-16T13:00:00Z,1.341652,1.341940,1.340752,1.341130
2026-06-16T14:00:00Z,1.341472,1.342841,1.340411,1.342805
2026-06-16T15:00:00Z,1.342823,1.344194,1.341940,1.343743
2026-06-16T16:00:00Z,1.343653,1.343941,1.342949,1.342985
2026-06-16T17:00:00Z,1.342823,1.342913,1.342552,1.342877
2026-06-16T18:00:00Z,1.343003,1.343238,1.342444,1.342859
2026-06-16T19:00:00Z,1.343039,1.343256,1.342300,1.342390
2026-06-16T20:00:00Z,1.342390,1.342714,1.342264,1.342606
2026-06-16T21:00:00Z,1.343238,1.343418,1.342174,1.343021
2026-06-16T22:00:00Z,1.342444,1.342913,1.342444,1.342823
2026-06-16T23:00:00Z,1.342769,1.343129,1.342552,1.342570
2026-06-17T00:00:00Z,1.342516,1.343238,1.342516,1.343093
2026-06-17T01:00:00Z,1.343021,1.343346,1.342732,1.342732
2026-06-17T02:00:00Z,1.342624,1.343129,1.342606,1.342606
2026-06-17T03:00:00Z,1.342642,1.342877,1.342588,1.342769
2026-06-17T04:00:00Z,1.342750,1.343310,1.342750,1.343165
2026-06-17T05:00:00Z,1.343129,1.343436,1.342841,1.342841
2026-06-17T06:00:00Z,1.342156,1.342498,1.340986,1.341472
2026-06-17T07:00:00Z,1.341562,1.342120,1.341220,1.342120
2026-06-17T08:00:00Z,1.341814,1.341958,1.340932,1.341706
2026-06-17T09:00:00Z,1.341634,1.341958,1.341364,1.341778
2026-06-17T10:00:00Z,1.341796,1.341814,1.341040,1.341202
2026-06-17T11:00:00Z,1.341238,1.341328,1.340087,1.340483
2026-06-17T12:00:00Z,1.340554,1.341670,1.340554,1.341598
2026-06-17T13:00:00Z,1.341544,1.341832,1.340644,1.340716
2026-06-17T14:00:00Z,1.340698,1.340734,1.338993,1.339423
2026-06-17T15:00:00Z,1.339423,1.339836,1.338867,1.339656
2026-06-17T16:00:00Z,1.339639,1.339764,1.339011,1.339656
2026-06-17T17:00:00Z,1.339603,1.340321,1.339549,1.340249
2026-06-17T18:00:00Z,1.335916,1.336648,1.333707,1.333707
2026-06-17T19:00:00Z,1.333920,1.333920,1.326436,1.328462
2026-06-17T20:00:00Z,1.328762,1.329946,1.327792,1.329416
2026-06-17T21:00:00Z,1.328568,1.329946,1.328339,1.328992
2026-06-17T22:00:00Z,1.329451,1.329752,1.329063,1.329628
2026-06-17T23:00:00Z,1.329716,1.330212,1.329716,1.330106
2026-06-18T00:00:00Z,1.330353,1.331806,1.330353,1.330725
2026-06-18T01:00:00Z,1.330867,1.331877,1.330867,1.331044
2026-06-18T02:00:00Z,1.331257,1.331611,1.330654,1.331274
2026-06-18T03:00:00Z,1.331239,1.331806,1.331239,1.331771
2026-06-18T04:00:00Z,1.331788,1.332001,1.331292,1.331452
2026-06-18T05:00:00Z,1.331327,1.331558,1.329982,1.329982
2026-06-18T06:00:00Z,1.330389,1.332534,1.330389,1.331310
2026-06-18T07:00:00Z,1.331203,1.331203,1.328974,1.329716
2026-06-18T08:00:00Z,1.329540,1.329593,1.324293,1.324626
2026-06-18T09:00:00Z,1.324293,1.324960,1.323434,1.324170
2026-06-18T10:00:00Z,1.323960,1.323960,1.322594,1.322839
2026-06-18T11:00:00Z,1.322664,1.322664,1.320620,1.321109
2026-06-18T12:00:00Z,1.321231,1.324714,1.321231,1.323522
2026-06-18T13:00:00Z,1.323434,1.324942,1.322576,1.323837
2026-06-18T14:00:00Z,1.323820,1.325293,1.323206,1.325293
2026-06-18T15:00:00Z,1.325381,1.325381,1.322786,1.322786
2026-06-18T16:00:00Z,1.322839,1.322839,1.321231,1.322227
2026-06-18T17:00:00Z,1.321929,1.323014,1.320987,1.320987
2026-06-18T18:00:00Z,1.320847,1.321178,1.320533,1.320533
2026-06-18T19:00:00Z,1.320324,1.320830,1.319383,1.320027
2026-06-18T20:00:00Z,1.319888,1.320777,1.319888,1.320603
2026-06-18T21:00:00Z,1.321912,1.322384,1.320219,1.321056
2026-06-18T22:00:00Z,1.320638,1.320760,1.320306,1.320585
2026-06-18T23:00:00Z,1.320550,1.320620,1.320149,1.320184
2026-06-19T00:00:00Z,1.320498,1.321161,1.320498,1.321039
2026-06-19T01:00:00Z,1.321074,1.321074,1.319522,1.319575
2026-06-19T02:00:00Z,1.319609,1.320603,1.319435,1.320184
2026-06-19T03:00:00Z,1.320202,1.320202,1.318687,1.318722
2026-06-19T04:00:00Z,1.318791,1.318826,1.316881,1.317003
2026-06-19T05:00:00Z,1.316933,1.319923,1.316378,1.319400
2026-06-19T06:00:00Z,1.318913,1.319975,1.318635,1.319853
2026-06-19T07:00:00Z,1.320219,1.320760,1.319226,1.319679
2026-06-19T08:00:00Z,1.319784,1.323329,1.319784,1.323241
2026-06-19T09:00:00Z,1.323329,1.323995,1.322891,1.323557
2026-06-19T10:00:00Z,1.323609,1.323609,1.322454,1.323171
2026-06-19T11:00:00Z,1.323679,1.323995,1.322786,1.322926
2026-06-19T12:00:00Z,1.322996,1.323960,1.322594,1.323574
2026-06-19T13:00:00Z,1.323574,1.323574,1.321755,1.322209
2026-06-19T14:00:00Z,1.321999,1.323574,1.321475,1.322944
2026-06-19T15:00:00Z,1.323276,1.323329,1.321860,1.322017
2026-06-19T16:00:00Z,1.321982,1.322909,1.321912,1.322909
2026-06-19T17:00:00Z,1.323311,1.323907,1.322944,1.323136
2026-06-19T18:00:00Z,1.323049,1.323802,1.323049,1.323311
2026-06-19T19:00:00Z,1.323382,1.323662,1.323049,1.323364
2026-06-19T20:00:00Z,1.323364,1.323714,1.322611,1.323714
2026-06-19T21:00:00Z,1.323714,1.323714,1.323714,1.323714
2026-06-21T23:00:00Z,1.320899,1.321074,1.320254,1.320725
2026-06-22T00:00:00Z,1.320934,1.322262,1.320934,1.322262
2026-06-22T01:00:00Z,1.322576,1.323382,1.322087,1.322087
2026-06-22T02:00:00Z,1.321912,1.322804,1.321807,1.322594
2026-06-22T03:00:00Z,1.322524,1.322716,1.321178,1.321283
2026-06-22T04:00:00Z,1.321318,1.321318,1.320463,1.320760
2026-06-22T05:00:00Z,1.320864,1.322104,1.320864,1.321091
2026-06-22T06:00:00Z,1.320707,1.321580,1.320237,1.320952
2026-06-22T07:00:00Z,1.321213,1.321737,1.319174,1.319540
2026-06-22T08:00:00Z,1.319714,1.320952,1.318444,1.320498
2026-06-22T09:00:00Z,1.320585,1.323522,1.320585,1.322909
2026-06-22T10:00:00Z,1.322909,1.324767,1.322874,1.323714
2026-06-22T11:00:00Z,1.323627,1.324416,1.323364,1.323644
2026-06-22T12:00:00Z,1.323662,1.327316,1.323609,1.326172
2026-06-22T13:00:00Z,1.325803,1.326524,1.323942,1.323942
2026-06-22T14:00:00Z,1.323995,1.326401,1.323942,1.326137
2026-06-22T15:00:00Z,1.326277,1.326753,1.324767,1.324767
2026-06-22T16:00:00Z,1.324872,1.324872,1.324065,1.324591
2026-06-22T17:00:00Z,1.324591,1.324644,1.324100,1.324468
2026-06-22T18:00:00Z,1.324451,1.324679,1.324152,1.324188
2026-06-22T19:00:00Z,1.324398,1.324960,1.324223,1.324784
2026-06-22T20:00:00Z,1.324802,1.325311,1.324784,1.325311
2026-06-22T21:00:00Z,1.326471,1.326471,1.324907,1.325381
2026-06-22T22:00:00Z,1.325240,1.325381,1.324696,1.324889
2026-06-22T23:00:00Z,1.324977,1.324995,1.324661,1.324714
2026-06-23T00:00:00Z,1.324556,1.324714,1.324047,1.324538
2026-06-23T01:00:00Z,1.324661,1.324661,1.323925,1.324433
2026-06-23T02:00:00Z,1.324398,1.324942,1.324240,1.324258
2026-06-23T03:00:00Z,1.324310,1.324942,1.323539,1.324942
2026-06-23T04:00:00Z,1.324942,1.324942,1.323609,1.323644
2026-06-23T05:00:00Z,1.323539,1.324293,1.323399,1.324293
2026-06-23T06:00:00Z,1.324100,1.324644,1.322944,1.323627
2026-06-23T07:00:00Z,1.323171,1.324924,1.322174,1.322646
2026-06-23T08:00:00Z,1.322734,1.323522,1.321336,1.321877
2026-06-23T09:00:00Z,1.322034,1.323066,1.321650,1.323066
2026-06-23T10:00:00Z,1.323136,1.323136,1.321126,1.322104
2026-06-23T11:00:00Z,1.322157,1.322419,1.320777,1.320847
2026-06-23T12:00:00Z,1.320812,1.321929,1.320812,1.321144
2026-06-23T13:00:00Z,1.321178,1.322157,1.320550,1.321318
2026-06-23T14:00:00Z,1.321458,1.321458,1.319575,1.320080
2026-06-23T15:00:00Z,1.320167,1.320254,1.318548,1.318931
2026-06-23T16:00:00Z,1.319070,1.319679,1.318652,1.318809
2026-06-23T17:00:00Z,1.318635,1.319209,1.318426,1.318878
2026-06-23T18:00:00Z,1.318861,1.318878,1.318374,1.318809
2026-06-23T19:00:00Z,1.318878,1.320097,1.318878,1.319697
2026-06-23T20:00:00Z,1.319522,1.320463,1.319522,1.320463
2026-06-23T21:00:00Z,1.320655,1.320655,1.320027,1.320254
2026-06-23T22:00:00Z,1.320080,1.320202,1.319923,1.320132
2026-06-23T23:00:00Z,1.320097,1.320393,1.319784,1.319993
2026-06-24T00:00:00Z,1.319993,1.320289,1.319453,1.319958
2026-06-24T01:00:00Z,1.319784,1.320219,1.319244,1.320167
2026-06-24T02:00:00Z,1.320149,1.320376,1.319261,1.319261
2026-06-24T03:00:00Z,1.319139,1.320132,1.318861,1.319940
2026-06-24T04:00:00Z,1.319888,1.319888,1.319209,1.319348
2026-06-24T05:00:00Z,1.319314,1.319818,1.319314,1.319557
2026-06-24T06:00:00Z,1.319435,1.320882,1.318635,1.318635
2026-06-24T07:00:00Z,1.318687,1.319784,1.318113,1.318826
2026-06-24T08:00:00Z,1.318774,1.319644,1.317211,1.319314
2026-06-24T09:00:00Z,1.319279,1.319557,1.317662,1.317662
2026-06-24T10:00:00Z,1.317593,1.317593,1.315616,1.315824
2026-06-24T11:00:00Z,1.315859,1.317349,1.315184,1.316101
2026-06-24T12:00:00Z,1.316413,1.316777,1.314406,1.315011
2026-06-24T13:00:00Z,1.315201,1.316552,1.314510,1.316188
2026-06-24T14:00:00Z,1.316170,1.316656,1.314043,1.314734
2026-06-24T15:00:00Z,1.314717,1.317037,1.314717,1.315911
2026-06-24T16:00:00Z,1.315911,1.317940,1.315703,1.317055
2026-06-24T17:00:00Z,1.317263,1.317263,1.315478,1.315703
2026-06-24T18:00:00Z,1.315755,1.317020,1.315686,1.316136
2026-06-24T19:00:00Z,1.316222,1.316534,1.315720,1.316101
2026-06-24T20:00:00Z,1.316049,1.317020,1.316049,1.316881
2026-06-24T21:00:00Z,1.318027,1.318027,1.316274,1.316846
2026-06-24T22:00:00Z,1.316638,1.316777,1.316413,1.316569
2026-06-24T23:00:00Z,1.316586,1.316812,1.316396,1.316465
2026-06-25T00:00:00Z,1.316205,1.316552,1.315911,1.316326
2026-06-25T01:00:00Z,1.316309,1.318270,1.316309,1.317072
2026-06-25T02:00:00Z,1.316951,1.318044,1.316951,1.317766
2026-06-25T03:00:00Z,1.317836,1.318392,1.317836,1.318218
2026-06-25T04:00:00Z,1.318235,1.318565,1.318061,1.318270
2026-06-25T05:00:00Z,1.318392,1.318531,1.317697,1.317766
2026-06-25T06:00:00Z,1.317818,1.317905,1.316881,1.317332
2026-06-25T07:00:00Z,1.317471,1.318513,1.317141,1.318513
2026-06-25T08:00:00Z,1.318600,1.319679,1.318444,1.319052
2026-06-25T09:00:00Z,1.319087,1.319644,1.318426,1.318687
2026-06-25T10:00:00Z,1.318548,1.318548,1.316517,1.316829
2026-06-25T11:00:00Z,1.316846,1.316846,1.315166,1.315409
2026-06-25T12:00:00Z,1.315582,1.318635,1.315478,1.317679
2026-06-25T13:00:00Z,1.317801,1.319731,1.317436,1.318844
2026-06-25T14:00:00Z,1.319070,1.321510,1.319070,1.320254
2026-06-25T15:00:00Z,1.320324,1.321615,1.319906,1.321580
2026-06-25T16:00:00Z,1.321336,1.321947,1.320516,1.320585
2026-06-25T17:00:00Z,1.320585,1.320620,1.319958,1.320254
2026-06-25T18:00:00Z,1.320149,1.320533,1.319557,1.319975
2026-06-25T19:00:00Z,1.320027,1.320533,1.319557,1.320010
2026-06-25T20:00:00Z,1.320184,1.320184,1.319087,1.319157
2026-06-25T21:00:00Z,1.319818,1.320934,1.319296,1.319714
2026-06-25T22:00:00Z,1.319592,1.319592,1.319087,1.319261
2026-06-25T23:00:00Z,1.319383,1.319383,1.318426,1.318757
2026-06-26T00:00:00Z,1.318861,1.319418,1.318809,1.319400
2026-06-26T01:00:00Z,1.319453,1.320010,1.318774,1.319018
2026-06-26T02:00:00Z,1.319122,1.319296,1.318113,1.318357
2026-06-26T03:00:00Z,1.318374,1.319818,1.318374,1.319818
2026-06-26T04:00:00Z,1.319801,1.320167,1.319609,1.320149
2026-06-26T05:00:00Z,1.320184,1.320795,1.319975,1.320638
2026-06-26T06:00:00Z,1.320603,1.320620,1.319470,1.319836
2026-06-26T07:00:00Z,1.319749,1.321074,1.319192,1.320568
2026-06-26T08:00:00Z,1.320603,1.322139,1.320045,1.321755
2026-06-26T09:00:00Z,1.321545,1.322874,1.320934,1.322104
2026-06-26T10:00:00Z,1.322069,1.322367,1.321685,1.322314
2026-06-26T11:00:00Z,1.322314,1.322454,1.321248,1.321650
2026-06-26T12:00:00Z,1.321685,1.322209,1.320341,1.321423
2026-06-26T13:00:00Z,1.321091,1.322541,1.320446,1.322541
2026-06-26T14:00:00Z,1.322629,1.323014,1.319888,1.319888
2026-06-26T15:00:00Z,1.320010,1.322262,1.319923,1.322087
2026-06-26T16:00:00Z,1.322139,1.322139,1.320533,1.320620
2026-06-26T17:00:00Z,1.320533,1.320969,1.319958,1.320115
2026-06-26T18:00:00Z,1.320097,1.320655,1.320045,1.320097
2026-06-26T19:00:00Z,1.320010,1.320324,1.319592,1.319958
2026-06-26T20:00:00Z,1.319940,1.320428,1.319383,1.319697
2026-06-26T21:00:00Z,1.319801,1.319801,1.319801,1.319801
2026-06-28T23:00:00Z,1.319505,1.319784,1.319261,1.319784
2026-06-29T00:00:00Z,1.319714,1.320132,1.319453,1.320062
2026-06-29T01:00:00Z,1.320010,1.320481,1.319749,1.319906
2026-06-29T02:00:00Z,1.319871,1.321039,1.319871,1.320341
2026-06-29T03:00:00Z,1.320341,1.320638,1.319940,1.319940
2026-06-29T04:00:00Z,1.319836,1.320080,1.319697,1.319923
2026-06-29T05:00:00Z,1.319993,1.321248,1.319993,1.321004
2026-06-29T06:00:00Z,1.321039,1.322769,1.320987,1.322751
2026-06-29T07:00:00Z,1.322576,1.322804,1.321405,1.321405
2026-06-29T08:00:00Z,1.321510,1.321667,1.320393,1.320725
2026-06-29T09:00:00Z,1.320707,1.321737,1.320707,1.321563
2026-06-29T10:00:00Z,1.321790,1.322541,1.321021,1.322297
2026-06-29T11:00:00Z,1.322367,1.323487,1.322367,1.323294
2026-06-29T12:00:00Z,1.323171,1.323942,1.322891,1.323276
2026-06-29T13:00:00Z,1.323627,1.324609,1.323522,1.324188
2026-06-29T14:00:00Z,1.323767,1.324749,1.323084,1.324626
2026-06-29T15:00:00Z,1.324538,1.325276,1.324328,1.325276
2026-06-29T16:00:00Z,1.325399,1.325855,1.325188,1.325504
2026-06-29T17:00:00Z,1.325504,1.325820,1.325153,1.325732
2026-06-29T18:00:00Z,1.325785,1.326084,1.325697,1.325785
2026-06-29T19:00:00Z,1.325820,1.326295,1.325539,1.326102
2026-06-29T20:00:00Z,1.326102,1.326260,1.325820,1.325979
2026-06-29T21:00:00Z,1.325715,1.326066,1.324345,1.325627
2026-06-29T22:00:00Z,1.326031,1.326207,1.325803,1.326207
2026-06-29T23:00:00Z,1.326102,1.326154,1.325399,1.325434
2026-06-30T00:00:00Z,1.325258,1.325486,1.323995,1.324451
2026-06-30T01:00:00Z,1.324679,1.324784,1.323574,1.323574
2026-06-30T02:00:00Z,1.323627,1.324012,1.323487,1.323662
2026-06-30T03:00:00Z,1.323749,1.323907,1.323206,1.323364
2026-06-30T04:00:00Z,1.323329,1.323662,1.323031,1.323031
2026-06-30T05:00:00Z,1.322926,1.323311,1.322611,1.322681
2026-06-30T06:00:00Z,1.322716,1.324521,1.322332,1.324135
2026-06-30T07:00:00Z,1.324223,1.324679,1.323434,1.323592
2026-06-30T08:00:00Z,1.323416,1.323522,1.322244,1.323119
2026-06-30T09:00:00Z,1.322996,1.323872,1.322996,1.323714
2026-06-30T10:00:00Z,1.323627,1.323977,1.323224,1.323697
2026-06-30T11:00:00Z,1.323627,1.323627,1.321633,1.322699
2026-06-30T12:00:00Z,1.322716,1.322716,1.321405,1.321737
2026-06-30T13:00:00Z,1.321633,1.323119,1.321510,1.322192
2026-06-30T14:00:00Z,1.322034,1.327351,1.321685,1.327316
2026-06-30T15:00:00Z,1.327246,1.327580,1.325662,1.325697
2026-06-30T16:00:00Z,1.325750,1.325820,1.324924,1.325100
2026-06-30T17:00:00Z,1.325188,1.325820,1.325082,1.325609
2026-06-30T18:00:00Z,1.325627,1.326365,1.325574,1.325627
2026-06-30T19:00:00Z,1.325504,1.326559,1.325293,1.326559
2026-06-30T20:00:00Z,1.326506,1.326612,1.325961,1.326190
2026-06-30T21:00:00Z,1.326207,1.326313,1.325170,1.326154
2026-06-30T22:00:00Z,1.326031,1.326066,1.325732,1.325785
2026-06-30T23:00:00Z,1.325820,1.325838,1.324977,1.325047
2026-07-01T00:00:00Z,1.325065,1.325205,1.324486,1.324644
2026-07-01T01:00:00Z,1.324626,1.324626,1.323609,1.323802
2026-07-01T02:00:00Z,1.323854,1.324100,1.323504,1.323767
2026-07-01T03:00:00Z,1.323679,1.323942,1.323206,1.323522
2026-07-01T04:00:00Z,1.323609,1.324433,1.323329,1.324240
2026-07-01T05:00:00Z,1.324188,1.324538,1.324082,1.324240
2026-07-01T06:00:00Z,1.324152,1.324468,1.323592,1.324433
2026-07-01T07:00:00Z,1.324398,1.324591,1.322996,1.324451
2026-07-01T08:00:00Z,1.324503,1.325240,1.323995,1.324486
2026-07-01T09:00:00Z,1.324591,1.325645,1.324433,1.324837
2026-07-01T10:00:00Z,1.324731,1.325645,1.324591,1.325522
2026-07-01T11:00:00Z,1.325293,1.325293,1.324258,1.324328
2026-07-01T12:00:00Z,1.324381,1.324907,1.323539,1.323872
2026-07-01T13:00:00Z,1.323697,1.327757,1.322104,1.326401
2026-07-01T14:00:00Z,1.326700,1.329169,1.326489,1.327704
2026-07-01T15:00:00Z,1.327845,1.328127,1.326717,1.327863
2026-07-01T16:00:00Z,1.327845,1.329169,1.327845,1.328304
2026-07-01T17:00:00Z,1.328268,1.328515,1.327810,1.327933
2026-07-01T18:00:00Z,1.327827,1.327951,1.327193,1.327880
2026-07-01T19:00:00Z,1.327845,1.328268,1.327827,1.327863
2026-07-01T20:00:00Z,1.327898,1.328092,1.327070,1.327669
2026-07-01T21:00:00Z,1.327598,1.328321,1.327351,1.327739
2026-07-01T22:00:00Z,1.327774,1.328039,1.327545,1.328004
2026-07-01T23:00:00Z,1.327986,1.328057,1.327863,1.327898
2026-07-02T00:00:00Z,1.327880,1.328356,1.327510,1.327845
2026-07-02T01:00:00Z,1.327898,1.329080,1.327845,1.328462
2026-07-02T02:00:00Z,1.328445,1.329504,1.328445,1.328639
2026-07-02T03:00:00Z,1.328586,1.328709,1.328074,1.328639
2026-07-02T04:00:00Z,1.328780,1.329204,1.328586,1.328992
2026-07-02T05:00:00Z,1.328992,1.329292,1.328762,1.329169
2026-07-02T06:00:00Z,1.329222,1.332090,1.329222,1.330725
2026-07-02T07:00:00Z,1.330477,1.333778,1.329964,1.333653
2026-07-02T08:00:00Z,1.333778,1.336273,1.333778,1.335666
2026-07-02T09:00:00Z,1.335577,1.335738,1.333974,1.334294
2026-07-02T10:00:00Z,1.334080,1.334490,1.332676,1.333333
2026-07-02T11:00:00Z,1.333315,1.333315,1.331044,1.331257
2026-07-02T12:00:00Z,1.330991,1.338169,1.329787,1.336237
2026-07-02T13:00:00Z,1.336666,1.337990,1.335595,1.337399
2026-07-02T14:00:00Z,1.337471,1.338545,1.335809,1.337524
2026-07-02T15:00:00Z,1.337578,1.337739,1.336202,1.336220
2026-07-02T16:00:00Z,1.336237,1.336237,1.335060,1.335452
2026-07-02T17:00:00Z,1.335327,1.335327,1.333849,1.334009
2026-07-02T18:00:00Z,1.334152,1.335167,1.334152,1.334810
2026-07-02T19:00:00Z,1.334810,1.334846,1.334258,1.334579
2026-07-02T20:00:00Z,1.334508,1.335167,1.334508,1.334828
2026-07-02T21:00:00Z,1.335577,1.335577,1.334205,1.334917
2026-07-02T22:00:00Z,1.335060,1.335060,1.334258,1.334365
2026-07-02T23:00:00Z,1.334490,1.334775,1.333867,1.333867
2026-07-03T00:00:00Z,1.334027,1.334810,1.333547,1.334810
2026-07-03T01:00:00Z,1.334828,1.336398,1.334810,1.335684
2026-07-03T02:00:00Z,1.335613,1.336648,1.335559,1.336130
2026-07-03T03:00:00Z,1.336184,1.336273,1.335773,1.336220
2026-07-03T04:00:00Z,1.336148,1.336612,1.335827,1.336541
2026-07-03T05:00:00Z,1.336595,1.337739,1.336523,1.336523
2026-07-03T06:00:00Z,1.336630,1.338025,1.336541,1.337023
2026-07-03T07:00:00Z,1.336791,1.337578,1.336398,1.337184
2026-07-03T08:00:00Z,1.337345,1.337345,1.335809,1.336130
2026-07-03T09:00:00Z,1.336041,1.336184,1.335203,1.335203
2026-07-03T10:00:00Z,1.335113,1.336095,1.335096,1.335755
2026-07-03T11:00:00Z,1.335613,1.336434,1.335399,1.335827
2026-07-03T12:00:00Z,1.335827,1.336059,1.335559,1.335666
2026-07-03T13:00:00Z,1.335541,1.335541,1.334775,1.334775
2026-07-03T14:00:00Z,1.334953,1.335845,1.334721,1.335720
2026-07-03T15:00:00Z,1.335684,1.335738,1.335131,1.335631
2026-07-03T16:00:00Z,1.335541,1.335613,1.335167,1.335524
2026-07-03T17:00:00Z,1.335559,1.335809,1.335488,1.335702
2026-07-03T18:00:00Z,1.335648,1.335791,1.335577,1.335773
2026-07-03T19:00:00Z,1.335631,1.335827,1.335363,1.335381
2026-07-03T20:00:00Z,1.335345,1.335452,1.334721,1.335007
2026-07-03T21:00:00Z,1.334989,1.334989,1.334989,1.334989
2026-07-05T23:00:00Z,1.334935,1.335363,1.334632,1.335274
2026-07-06T00:00:00Z,1.335203,1.335684,1.334828,1.335345
2026-07-06T01:00:00Z,1.335310,1.335417,1.333992,1.334027
2026-07-06T02:00:00Z,1.334063,1.334757,1.333992,1.334757
2026-07-06T03:00:00Z,1.334704,1.334793,1.334027,1.334241
2026-07-06T04:00:00Z,1.334258,1.334561,1.334223,1.334312
2026-07-06T05:00:00Z,1.334223,1.334419,1.333636,1.333671
2026-07-06T06:00:00Z,1.333831,1.334098,1.333173,1.333404
2026-07-06T07:00:00Z,1.333191,1.334917,1.332996,1.334917
2026-07-06T08:00:00Z,1.334989,1.334989,1.333156,1.333814
2026-07-06T09:00:00Z,1.333493,1.334134,1.333156,1.333493
2026-07-06T10:00:00Z,1.333440,1.334668,1.333298,1.334134
2026-07-06T11:00:00Z,1.334098,1.334543,1.333671,1.334508
2026-07-06T12:00:00Z,1.334828,1.335149,1.333831,1.334205
2026-07-06T13:00:00Z,1.334152,1.335613,1.334152,1.334650
2026-07-06T14:00:00Z,1.334615,1.335863,1.334472,1.335595
2026-07-06T15:00:00Z,1.335720,1.336791,1.335310,1.336791
2026-07-06T16:00:00Z,1.336738,1.337685,1.336559,1.337578
2026-07-06T17:00:00Z,1.337703,1.338384,1.337506,1.338240
2026-07-06T18:00:00Z,1.338222,1.339692,1.338151,1.339459
2026-07-06T19:00:00Z,1.339477,1.339674,1.339047,1.339172
2026-07-06T20:00:00Z,1.339262,1.339316,1.338867,1.339029
2026-07-06T21:00:00Z,1.338706,1.339441,1.338491,1.339154
2026-07-06T22:00:00Z,1.339316,1.339674,1.339047,1.339603
2026-07-06T23:00:00Z,1.339800,1.340123,1.339441,1.339441
2026-07-07T00:00:00Z,1.339459,1.339585,1.338939,1.338939
2026-07-07T01:00:00Z,1.338993,1.340141,1.338885,1.339656
2026-07-07T02:00:00Z,1.339872,1.340016,1.339154,1.339244
2026-07-07T03:00:00Z,1.339226,1.339746,1.338975,1.339065
2026-07-07T04:00:00Z,1.339065,1.339369,1.338975,1.338975
2026-07-07T05:00:00Z,1.338921,1.339065,1.338025,1.338419
2026-07-07T06:00:00Z,1.338634,1.338706,1.337614,1.337918
2026-07-07T07:00:00Z,1.337972,1.338491,1.337560,1.337936
2026-07-07T08:00:00Z,1.337972,1.339387,1.337936,1.339244
2026-07-07T09:00:00Z,1.339065,1.339190,1.338151,1.338169
2026-07-07T10:00:00Z,1.337954,1.338670,1.337113,1.338545
2026-07-07T11:00:00Z,1.338509,1.339405,1.338384,1.338975
2026-07-07T12:00:00Z,1.338814,1.339298,1.338204,1.338401
2026-07-07T13:00:00Z,1.338545,1.338598,1.337006,1.337006
2026-07-07T14:00:00Z,1.337327,1.338527,1.336202,1.338043
2026-07-07T15:00:00Z,1.337846,1.338097,1.337077,1.337077
2026-07-07T16:00:00Z,1.337292,1.337506,1.336612,1.337167
2026-07-07T17:00:00Z,1.337113,1.337560,1.336898,1.337506
2026-07-07T18:00:00Z,1.337417,1.337632,1.336184,1.336398
2026-07-07T19:00:00Z,1.336166,1.336255,1.335042,1.336130
2026-07-07T20:00:00Z,1.336041,1.336291,1.335684,1.335934
2026-07-07T21:00:00Z,1.334935,1.336166,1.334935,1.335880
2026-07-07T22:00:00Z,1.335345,1.335506,1.334953,1.335399
2026-07-07T23:00:00Z,1.335399,1.335452,1.334615,1.334775
2026-07-08T00:00:00Z,1.334668,1.335524,1.334258,1.335345
2026-07-08T01:00:00Z,1.335274,1.335506,1.334312,1.335024
2026-07-08T02:00:00Z,1.335024,1.335488,1.334882,1.335220
2026-07-08T03:00:00Z,1.335452,1.335916,1.335452,1.335452
2026-07-08T04:00:00Z,1.335381,1.335506,1.335149,1.335381
2026-07-08T05:00:00Z,1.335452,1.335916,1.335238,1.335666
2026-07-08T06:00:00Z,1.336023,1.336595,1.335559,1.336398
2026-07-08T07:00:00Z,1.336488,1.337006,1.335666,1.336595
2026-07-08T08:00:00Z,1.336505,1.336988,1.333814,1.334080
2026-07-08T09:00:00Z,1.333974,1.334882,1.332445,1.334294
2026-07-08T10:00:00Z,1.334294,1.335720,1.334223,1.334793
2026-07-08T11:00:00Z,1.334526,1.334704,1.333120,1.333476
2026-07-08T12:00:00Z,1.333671,1.335684,1.333600,1.334187
2026-07-08T13:00:00Z,1.334330,1.337739,1.334330,1.336863
2026-07-08T14:00:00Z,1.337149,1.337560,1.336488,1.337220
2026-07-08T15:00:00Z,1.337077,1.337453,1.335791,1.336130
2026-07-08T16:00:00Z,1.336130,1.338563,1.336130,1.338563
2026-07-08T17:00:00Z,1.338670,1.340806,1.338670,1.339674
2026-07-08T18:00:00Z,1.339531,1.340536,1.339531,1.340034
2026-07-08T19:00:00Z,1.340249,1.340788,1.339854,1.340339
2026-07-08T20:00:00Z,1.340195,1.340411,1.338616,1.338885
2026-07-08T21:00:00Z,1.339208,1.339674,1.338491,1.339280
2026-07-08T22:00:00Z,1.339082,1.339316,1.338903,1.339100
2026-07-08T23:00:00Z,1.339208,1.339495,1.338975,1.339423
2026-07-09T00:00:00Z,1.339405,1.340375,1.339405,1.339818
2026-07-09T01:00:00Z,1.339836,1.339926,1.338778,1.339656
2026-07-09T02:00:00Z,1.339746,1.340034,1.339513,1.339513
2026-07-09T03:00:00Z,1.339477,1.340105,1.339100,1.339656
2026-07-09T04:00:00Z,1.339585,1.339998,1.339477,1.339926
2026-07-09T05:00:00Z,1.339944,1.340770,1.339944,1.340465
2026-07-09T06:00:00Z,1.340842,1.342931,1.340824,1.342354
2026-07-09T07:00:00Z,1.342624,1.342732,1.341238,1.341490
2026-07-09T08:00:00Z,1.341580,1.342138,1.341202,1.341346
2026-07-09T09:00:00Z,1.341418,1.341580,1.340734,1.341220
2026-07-09T10:00:00Z,1.341238,1.341238,1.339513,1.339621
2026-07-09T11:00:00Z,1.339549,1.339549,1.338652,1.338903
2026-07-09T12:00:00Z,1.339082,1.339836,1.338151,1.338473
2026-07-09T13:00:00Z,1.338706,1.340249,1.338616,1.340177
2026-07-09T14:00:00Z,1.340303,1.341058,1.338885,1.339226
2026-07-09T15:00:00Z,1.339154,1.340788,1.338814,1.340788
2026-07-09T16:00:00Z,1.340824,1.341256,1.340339,1.341130
2026-07-09T17:00:00Z,1.341184,1.341652,1.340896,1.341580
2026-07-09T18:00:00Z,1.341724,1.341976,1.341130,1.341616
2026-07-09T19:00:00Z,1.341706,1.341706,1.340554,1.340842
2026-07-09T20:00:00Z,1.340896,1.341148,1.340824,1.340968
2026-07-09T21:00:00Z,1.340644,1.341310,1.340177,1.340554
2026-07-09T22:00:00Z,1.340752,1.341328,1.340752,1.341310
2026-07-09T23:00:00Z,1.341292,1.341364,1.341112,1.341346
2026-07-10T00:00:00Z,1.341400,1.342480,1.340914,1.342336
2026-07-10T01:00:00Z,1.342264,1.343815,1.342102,1.343707
2026-07-10T02:00:00Z,1.343508,1.345153,1.343508,1.344899
2026-07-10T03:00:00Z,1.344954,1.345080,1.343923,1.343960
2026-07-10T04:00:00Z,1.343887,1.343887,1.342823,1.343039
2026-07-10T05:00:00Z,1.343039,1.343400,1.342228,1.342805
2026-07-10T06:00:00Z,1.342949,1.343580,1.342534,1.342696
2026-07-10T07:00:00Z,1.342660,1.343075,1.342156,1.342156
2026-07-10T08:00:00Z,1.342120,1.342660,1.341058,1.341058
2026-07-10T09:00:00Z,1.341166,1.341652,1.340950,1.341022
2026-07-10T10:00:00Z,1.341112,1.343490,1.341112,1.343490
2026-07-10T11:00:00Z,1.343580,1.343707,1.341814,1.342660
2026-07-10T12:00:00Z,1.342750,1.343093,1.341634,1.342066
2026-07-10T13:00:00Z,1.342048,1.342048,1.340626,1.340626
2026-07-10T14:00:00Z,1.340339,1.341400,1.339908,1.341076
2026-07-10T15:00:00Z,1.340968,1.342228,1.340914,1.342138
2026-07-10T16:00:00Z,1.342120,1.342300,1.341112,1.341112
2026-07-10T17:00:00Z,1.341184,1.341310,1.339998,1.339998
2026-07-10T18:00:00Z,1.340105,1.340105,1.339334,1.339782
2026-07-10T19:00:00Z,1.339890,1.339998,1.339531,1.339998
2026-07-10T20:00:00Z,1.339998,1.340177,1.339405,1.340177
2026-07-10T21:00:00Z,1.339818,1.339818,1.339818,1.339818
2026-07-12T23:00:00Z,1.337542,1.338634,1.337310,1.338634
2026-07-13T00:00:00Z,1.338688,1.338688,1.337632,1.337632
2026-07-13T01:00:00Z,1.337560,1.338366,1.336970,1.338294
2026-07-13T02:00:00Z,1.338437,1.338437,1.337793,1.337882
2026-07-13T03:00:00Z,1.337739,1.337972,1.337238,1.337829
2026-07-13T04:00:00Z,1.337882,1.338491,1.337614,1.338473
2026-07-13T05:00:00Z,1.338437,1.338760,1.337882,1.337954
2026-07-13T06:00:00Z,1.338043,1.339244,1.337524,1.337793
2026-07-13T07:00:00Z,1.338007,1.339585,1.337900,1.339351
2026-07-13T08:00:00Z,1.339369,1.341202,1.339369,1.339549
2026-07-13T09:00:00Z,1.339495,1.339603,1.338598,1.339065
2026-07-13T10:00:00Z,1.339136,1.339692,1.338294,1.339692
2026-07-13T11:00:00Z,1.339998,1.340267,1.338724,1.339423
2026-07-13T12:00:00Z,1.339459,1.339782,1.338491,1.339782
2026-07-13T13:00:00Z,1.340016,1.340016,1.338545,1.338652
2026-07-13T14:00:00Z,1.338563,1.338616,1.336809,1.337506
2026-07-13T15:00:00Z,1.337918,1.338204,1.337077,1.338169
2026-07-13T16:00:00Z,1.338097,1.338401,1.335898,1.336220
2026-07-13T17:00:00Z,1.336291,1.336595,1.335791,1.336005
2026-07-13T18:00:00Z,1.335898,1.336130,1.335541,1.336005
2026-07-13T19:00:00Z,1.336059,1.336095,1.335238,1.335363
2026-07-13T20:00:00Z,1.335345,1.335541,1.334383,1.334721
2026-07-13T21:00:00Z,1.334294,1.335845,1.334294,1.335024
2026-07-13T22:00:00Z,1.334739,1.335345,1.334739,1.334882
2026-07-13T23:00:00Z,1.334864,1.335131,1.334739,1.334989
2026-07-14T00:00:00Z,1.335078,1.335702,1.334312,1.335434
2026-07-14T01:00:00Z,1.335203,1.335755,1.335203,1.335541
2026-07-14T02:00:00Z,1.335559,1.336023,1.335559,1.335773
2026-07-14T03:00:00Z,1.335720,1.336362,1.335524,1.336095
2026-07-14T04:00:00Z,1.336095,1.336291,1.335720,1.336005
2026-07-14T05:00:00Z,1.336041,1.336970,1.335970,1.336344
2026-07-14T06:00:00Z,1.336309,1.336470,1.335417,1.335720
2026-07-14T07:00:00Z,1.335595,1.336434,1.335292,1.335738
2026-07-14T08:00:00Z,1.335755,1.337614,1.335595,1.337489
2026-07-14T09:00:00Z,1.337506,1.338366,1.337453,1.338025
2026-07-14T10:00:00Z,1.337972,1.338204,1.337095,1.337238
2026-07-14T11:00:00Z,1.337310,1.338706,1.336434,1.338437
2026-07-14T12:00:00Z,1.338473,1.343833,1.338097,1.340536
2026-07-14T13:00:00Z,1.340860,1.341922,1.340195,1.341796
2026-07-14T14:00:00Z,1.341544,1.342228,1.339872,1.340698
2026-07-14T15:00:00Z,1.340572,1.340896,1.338151,1.338169
2026-07-14T16:00:00Z,1.338294,1.339244,1.337578,1.339011
2026-07-14T17:00:00Z,1.338957,1.339011,1.336970,1.337739
2026-07-14T18:00:00Z,1.337757,1.338384,1.337310,1.338240
2026-07-14T19:00:00Z,1.338348,1.339154,1.338187,1.338975
2026-07-14T20:00:00Z,1.338814,1.339208,1.338670,1.339208
2026-07-14T21:00:00Z,1.338742,1.339082,1.337864,1.338706
2026-07-14T22:00:00Z,1.338957,1.339513,1.338760,1.339011
2026-07-14T23:00:00Z,1.339136,1.339728,1.339100,1.339621
2026-07-15T00:00:00Z,1.339621,1.340429,1.339531,1.340429
2026-07-15T01:00:00Z,1.340501,1.340572,1.339980,1.340249
2026-07-15T02:00:00Z,1.340267,1.340914,1.340069,1.340734
2026-07-15T03:00:00Z,1.340662,1.340896,1.339926,1.340447
2026-07-15T04:00:00Z,1.340465,1.340572,1.340285,1.340285
2026-07-15T05:00:00Z,1.340267,1.341472,1.340123,1.341148
2026-07-15T06:00:00Z,1.341184,1.342084,1.341184,1.341742
2026-07-15T07:00:00Z,1.341508,1.341868,1.340249,1.340267
2026-07-15T08:00:00Z,1.340267,1.340734,1.339298,1.339621
2026-07-15T09:00:00Z,1.339728,1.339872,1.338957,1.339172
2026-07-15T10:00:00Z,1.339136,1.340016,1.338097,1.339674
2026-07-15T11:00:00Z,1.339998,1.341508,1.339674,1.341508
2026-07-15T12:00:00Z,1.341112,1.342967,1.340536,1.342967
2026-07-15T13:00:00Z,1.342877,1.344827,1.342336,1.344610
2026-07-15T14:00:00Z,1.344249,1.348145,1.343960,1.348109
2026-07-15T15:00:00Z,1.347945,1.349783,1.347255,1.349637
2026-07-15T16:00:00Z,1.349601,1.352722,1.349528,1.352704
2026-07-15T17:00:00Z,1.352612,1.354903,1.352612,1.354885
2026-07-15T18:00:00Z,1.354867,1.355840,1.353821,1.353821
2026-07-15T19:00:00Z,1.353675,1.354445,1.352887,1.353528
2026-07-15T20:00:00Z,1.353546,1.353950,1.353436,1.353950
2026-07-15T21:00:00Z,1.354059,1.354133,1.353088,1.353565
2026-07-15T22:00:00Z,1.354023,1.354243,1.353840,1.353840
2026-07-15T23:00:00Z,1.353913,1.354371,1.353748,1.354005
2026-07-16T00:00:00Z,1.353950,1.354445,1.353052,1.353418
2026-07-16T01:00:00Z,1.353473,1.353546,1.352649,1.352649
2026-07-16T02:00:00Z,1.352704,1.352722,1.352046,1.352722
2026-07-16T03:00:00Z,1.352741,1.353840,1.352631,1.353217
2026-07-16T04:00:00Z,1.353253,1.353510,1.353143,1.353308
2026-07-16T05:00:00Z,1.353381,1.354151,1.352887,1.352887
2026-07-16T06:00:00Z,1.353162,1.354224,1.353033,1.354005
2026-07-16T07:00:00Z,1.354041,1.354243,1.353235,1.353418
2026-07-16T08:00:00Z,1.353235,1.353381,1.352046,1.352155
2026-07-16T09:00:00Z,1.352155,1.352155,1.350640,1.350895
2026-07-16T10:00:00Z,1.350804,1.350986,1.350366,1.350402
2026-07-16T11:00:00Z,1.350366,1.350640,1.349564,1.350640
2026-07-16T12:00:00Z,1.350713,1.351333,1.349856,1.349892
2026-07-16T13:00:00Z,1.349856,1.351570,1.349746,1.350895
2026-07-16T14:00:00Z,1.351004,1.351278,1.348927,1.348927
2026-07-16T15:00:00Z,1.348818,1.349091,1.348090,1.348381
2026-07-16T16:00:00Z,1.348381,1.348381,1.346656,1.346656
2026-07-16T17:00:00Z,1.346674,1.347201,1.346076,1.347019
2026-07-16T18:00:00Z,1.347001,1.347146,1.346584,1.347146
2026-07-16T19:00:00Z,1.347092,1.347600,1.346765,1.347527
2026-07-16T20:00:00Z,1.347473,1.348072,1.347455,1.347782
2026-07-16T21:00:00Z,1.347872,1.348345,1.347455,1.347745
2026-07-16T22:00:00Z,1.347782,1.347782,1.347219,1.347473
2026-07-16T23:00:00Z,1.347473,1.347909,1.347418,1.347654
2026-07-17T00:00:00Z,1.347854,1.347854,1.347037,1.347763
2026-07-17T01:00:00Z,1.347727,1.347981,1.346475,1.346566
2026-07-17T02:00:00Z,1.346602,1.346928,1.346366,1.346384
2026-07-17T03:00:00Z,1.346421,1.346928,1.346348,1.346620
2026-07-17T04:00:00Z,1.346602,1.346602,1.345786,1.345949
2026-07-17T05:00:00Z,1.345949,1.346656,1.345841,1.346330
2026-07-17T06:00:00Z,1.346348,1.347473,1.346185,1.347418
2026-07-17T07:00:00Z,1.347382,1.347981,1.345895,1.345895
2026-07-17T08:00:00Z,1.345804,1.346149,1.344303,1.344411
2026-07-17T09:00:00Z,1.344339,1.344466,1.343653,1.344194
2026-07-17T10:00:00Z,1.344321,1.344321,1.342714,1.343111
2026-07-17T11:00:00Z,1.343274,1.344701,1.342859,1.343815
2026-07-17T12:00:00Z,1.343923,1.344050,1.342877,1.343183
2026-07-17T13:00:00Z,1.343238,1.345153,1.342985,1.345044
2026-07-17T14:00:00Z,1.345153,1.345479,1.344357,1.344357
2026-07-17T15:00:00Z,1.344646,1.345460,1.344375,1.344520
2026-07-17T16:00:00Z,1.344574,1.345605,1.343905,1.345605
2026-07-17T17:00:00Z,1.345696,1.345877,1.345207,1.345406
2026-07-17T18:00:00Z,1.345352,1.345605,1.345207,1.345479
2026-07-17T19:00:00Z,1.345460,1.345949,1.345243,1.345949
2026-07-17T20:00:00Z,1.345913,1.346004,1.345225,1.345406
2026-07-17T21:00:00Z,1.345243,1.345243,1.345243,1.345243
2026-07-19T23:00:00Z,1.344447,1.344592,1.344231,1.344520
2026-07-20T00:00:00Z,1.344502,1.345189,1.344466,1.345080
2026-07-20T01:00:00Z,1.345225,1.345424,1.344936,1.345424
2026-07-20T02:00:00Z,1.345442,1.346330,1.345442,1.346040
2026-07-20T03:00:00Z,1.345968,1.346221,1.345823,1.346185
2026-07-20T04:00:00Z,1.346185,1.346801,1.346149,1.346692
2026-07-20T05:00:00Z,1.346674,1.346783,1.346457,1.346711
2026-07-20T06:00:00Z,1.346692,1.346874,1.345841,1.345841
2026-07-20T07:00:00Z,1.345877,1.348000,1.345877,1.347618
2026-07-20T08:00:00Z,1.347709,1.347709,1.346692,1.347001
2026-07-20T09:00:00Z,1.346892,1.346892,1.345841,1.346348
2026-07-20T10:00:00Z,1.346257,1.347382,1.345986,1.347074
2026-07-20T11:00:00Z,1.346910,1.347709,1.346239,1.346239
2026-07-20T12:00:00Z,1.346149,1.346384,1.345026,1.345424
2026-07-20T13:00:00Z,1.345569,1.345841,1.344610,1.345352
2026-07-20T14:00:00Z,1.345442,1.345605,1.343671,1.343978
2026-07-20T15:00:00Z,1.343165,1.343382,1.341490,1.341958
2026-07-20T16:00:00Z,1.341868,1.342282,1.341562,1.341976
2026-07-20T17:00:00Z,1.342174,1.343292,1.342066,1.343183
2026-07-20T18:00:00Z,1.343219,1.343905,1.343219,1.343454
2026-07-20T19:00:00Z,1.343598,1.343960,1.343274,1.343616
2026-07-20T20:00:00Z,1.343689,1.343725,1.342967,1.343111
2026-07-20T21:00:00Z,1.342877,1.343580,1.342336,1.342444
2026-07-20T22:00:00Z,1.342732,1.342732,1.342354,1.342660
2026-07-20T23:00:00Z,1.342678,1.343183,1.342642,1.343129
2026-07-21T00:00:00Z,1.343292,1.343526,1.342769,1.343219
2026-07-21T01:00:00Z,1.343219,1.343689,1.343129,1.343544
2026-07-21T02:00:00Z,1.343598,1.343869,1.343165,1.343201
2026-07-21T03:00:00Z,1.343310,1.343978,1.343075,1.343743
2026-07-21T04:00:00Z,1.343707,1.344122,1.343689,1.344050
2026-07-21T05:00:00Z,1.344104,1.344664,1.343941,1.344357
2026-07-21T06:00:00Z,1.344483,1.345297,1.344483,1.344845
2026-07-21T07:00:00Z,1.344845,1.345623,1.343743,1.344140
2026-07-21T08:00:00Z,1.344213,1.344755,1.342931,1.343057
2026-07-21T09:00:00Z,1.342967,1.343310,1.342552,1.342732
2026-07-21T10:00:00Z,1.342534,1.343382,1.341526,1.341832
2026-07-21T11:00:00Z,1.341850,1.342084,1.340231,1.340465
2026-07-21T12:00:00Z,1.340644,1.340644,1.338276,1.338975
2026-07-21T13:00:00Z,1.338867,1.339549,1.336095,1.338061
2026-07-21T14:00:00Z,1.338437,1.339746,1.336809,1.337131
2026-07-21T15:00:00Z,1.337113,1.338025,1.336916,1.337220
2026-07-21T16:00:00Z,1.337345,1.338419,1.337059,1.338366
2026-07-21T17:00:00Z,1.338401,1.338778,1.338115,1.338527
2026-07-21T18:00:00Z,1.338473,1.338473,1.337560,1.338151
2026-07-21T19:00:00Z,1.338258,1.338509,1.337990,1.338061
2026-07-21T20:00:00Z,1.337954,1.338097,1.337399,1.337560
2026-07-21T21:00:00Z,1.337667,1.338115,1.337113,1.337757
2026-07-21T22:00:00Z,1.337667,1.337811,1.337489,1.337542
2026-07-21T23:00:00Z,1.337453,1.337900,1.337363,1.337900
2026-07-22T00:00:00Z,1.337864,1.338778,1.337864,1.338598
2026-07-22T01:00:00Z,1.338652,1.338778,1.338043,1.338419
2026-07-22T02:00:00Z,1.338330,1.338921,1.338169,1.338563
2026-07-22T03:00:00Z,1.338527,1.338742,1.338240,1.338330
2026-07-22T04:00:00Z,1.338330,1.338545,1.338151,1.338401
2026-07-22T05:00:00Z,1.338419,1.338634,1.338043,1.338133
2026-07-22T06:00:00Z,1.338169,1.339029,1.337006,1.337954
2026-07-22T07:00:00Z,1.337811,1.339351,1.337721,1.338384
2026-07-22T08:00:00Z,1.338312,1.338384,1.337238,1.337327
2026-07-22T09:00:00Z,1.337345,1.337524,1.336809,1.336916
2026-07-22T10:00:00Z,1.337023,1.337345,1.336702,1.337202
2026-07-22T11:00:00Z,1.337113,1.337310,1.336523,1.336773
2026-07-22T12:00:00Z,1.336809,1.337202,1.335809,1.336095
2026-07-22T13:00:00Z,1.336095,1.338903,1.336095,1.338598
2026-07-22T14:00:00Z,1.338814,1.339082,1.337381,1.337685
2026-07-22T15:00:00Z,1.337471,1.338043,1.337292,1.337596
2026-07-22T16:00:00Z,1.337614,1.337614,1.336648,1.337417
2026-07-22T17:00:00Z,1.337327,1.337435,1.336898,1.337184
2026-07-22T18:00:00Z,1.337131,1.337596,1.336988,1.337399
2026-07-22T19:00:00Z,1.337435,1.337489,1.337149,1.337399
2026-07-22T20:00:00Z,1.337399,1.337846,1.337399,1.337846
2026-07-22T21:00:00Z,1.338294,1.338294,1.337167,1.337739
2026-07-22T22:00:00Z,1.337238,1.337238,1.336827,1.337023
2026-07-22T23:00:00Z,1.337167,1.337596,1.337113,1.337542
2026-07-23T00:00:00Z,1.337524,1.338133,1.337381,1.338133
2026-07-23T01:00:00Z,1.338222,1.338598,1.338079,1.338204
2026-07-23T02:00:00Z,1.338294,1.339065,1.338294,1.339065
2026-07-23T03:00:00Z,1.339154,1.339154,1.338384,1.338903
2026-07-23T04:00:00Z,1.338832,1.339351,1.338563,1.338724
2026-07-23T05:00:00Z,1.338760,1.338814,1.338258,1.338688
2026-07-23T06:00:00Z,1.338688,1.339118,1.337685,1.337757
2026-07-23T07:00:00Z,1.337632,1.337990,1.336898,1.337345
2026-07-23T08:00:00Z,1.337453,1.337685,1.336255,1.336916
2026-07-23T09:00:00Z,1.336809,1.337793,1.336791,1.337149
2026-07-23T10:00:00Z,1.337363,1.337363,1.336237,1.336738
2026-07-23T11:00:00Z,1.336809,1.336863,1.334347,1.335666
2026-07-23T12:00:00Z,1.335470,1.335470,1.333671,1.334205
2026-07-23T13:00:00Z,1.334294,1.334454,1.332889,1.333031
2026-07-23T14:00:00Z,1.333013,1.333013,1.331327,1.331984
2026-07-23T15:00:00Z,1.331966,1.332339,1.330159,1.331009
2026-07-23T16:00:00Z,1.331079,1.332605,1.331079,1.332445
2026-07-23T17:00:00Z,1.332392,1.332463,1.331434,1.331434
2026-07-23T18:00:00Z,1.331452,1.331877,1.331398,1.331522
2026-07-23T19:00:00Z,1.331895,1.331895,1.331274,1.331806
2026-07-23T20:00:00Z,1.331859,1.331966,1.331487,1.331505
2026-07-23T21:00:00Z,1.331629,1.331930,1.331026,1.331611
2026-07-23T22:00:00Z,1.331753,1.331753,1.331363,1.331682
2026-07-23T23:00:00Z,1.331682,1.331682,1.331168,1.331345
2026-07-24T00:00:00Z,1.331274,1.332250,1.331274,1.332250
2026-07-24T01:00:00Z,1.332569,1.332711,1.332054,1.332090
2026-07-24T02:00:00Z,1.332179,1.332232,1.331452,1.331452
2026-07-24T03:00:00Z,1.331469,1.331505,1.331115,1.331487
2026-07-24T04:00:00Z,1.331416,1.331505,1.330743,1.331026
2026-07-24T05:00:00Z,1.331133,1.331700,1.331026,1.331026
2026-07-24T06:00:00Z,1.331097,1.332463,1.330955,1.332463
2026-07-24T07:00:00Z,1.332623,1.334490,1.332356,1.333582
2026-07-24T08:00:00Z,1.333671,1.333671,1.332126,1.332126
2026-07-24T09:00:00Z,1.332090,1.332250,1.331452,1.331771
2026-07-24T10:00:00Z,1.331913,1.332924,1.331434,1.332374
2026-07-24T11:00:00Z,1.332179,1.332818,1.331469,1.332303
2026-07-24T12:00:00Z,1.332534,1.332569,1.330654,1.331062
2026-07-24T13:00:00Z,1.331257,1.332676,1.330690,1.332676
2026-07-24T14:00:00Z,1.332711,1.333369,1.332143,1.332836
2026-07-24T15:00:00Z,1.332552,1.334793,1.332552,1.334116
2026-07-24T16:00:00Z,1.334223,1.334543,1.333244,1.333422
2026-07-24T17:00:00Z,1.333315,1.333315,1.332232,1.332552
2026-07-24T18:00:00Z,1.332552,1.332978,1.332445,1.332569
2026-07-24T19:00:00Z,1.332782,1.332782,1.332232,1.332250
2026-07-24T20:00:00Z,1.332214,1.332392,1.331735,1.332392
2026-07-24T21:00:00Z,1.331859,1.331859,1.331859,1.331859
2026-07-26T23:00:00Z,1.334437,1.335185,1.334258,1.335185
2026-07-27T00:00:00Z,1.335363,1.336309,1.335078,1.335078
2026-07-27T01:00:00Z,1.335327,1.336344,1.335292,1.336344
2026-07-27T02:00:00Z,1.336380,1.336380,1.335559,1.335631
2026-07-27T03:00:00Z,1.335684,1.335684,1.335113,1.335185
2026-07-27T04:00:00Z,1.335310,1.335541,1.335096,1.335292
2026-07-27T05:00:00Z,1.335060,1.335631,1.335060,1.335381
2026-07-27T06:00:00Z,1.335417,1.336112,1.334935,1.335060
2026-07-27T07:00:00Z,1.335078,1.335274,1.333867,1.333867
2026-07-27T08:00:00Z,1.333742,1.334027,1.333084,1.333974
2026-07-27T09:00:00Z,1.333760,1.334134,1.333067,1.333280
2026-07-27T10:00:00Z,1.333067,1.333653,1.331771,1.331771
2026-07-27T11:00:00Z,1.331859,1.332143,1.331133,1.331398
2026-07-27T12:00:00Z,1.331522,1.331824,1.330513,1.331735
2026-07-27T13:00:00Z,1.331345,1.332037,1.330955,1.330973
2026-07-27T14:00:00Z,1.330637,1.331735,1.330123,1.330247
2026-07-27T15:00:00Z,1.330336,1.330707,1.330123,1.330371
2026-07-27T16:00:00Z,1.330336,1.331363,1.330052,1.330424
2026-07-27T17:00:00Z,1.330318,1.330353,1.328498,1.329186
2026-07-27T18:00:00Z,1.329116,1.329275,1.328727,1.328727
2026-07-27T19:00:00Z,1.329186,1.329716,1.328904,1.329239
2026-07-27T20:00:00Z,1.329222,1.329292,1.328621,1.328939
2026-07-27T21:00:00Z,1.330212,1.330212,1.329010,1.329151
2026-07-27T22:00:00Z,1.329151,1.329204,1.328833,1.328904
2026-07-27T23:00:00Z,1.328886,1.329133,1.328745,1.329027
2026-07-28T00:00:00Z,1.328957,1.329363,1.328656,1.329328
2026-07-28T01:00:00Z,1.329345,1.329823,1.329063,1.329239
2026-07-28T02:00:00Z,1.329275,1.330035,1.329133,1.329929
2026-07-28T03:00:00Z,1.329929,1.330460,1.329628,1.329858
2026-07-28T04:00:00Z,1.329752,1.329752,1.329292,1.329469
2026-07-28T05:00:00Z,1.329557,1.329557,1.328674,1.328904
2026-07-28T06:00:00Z,1.328939,1.330141,1.328709,1.329982
2026-07-28T07:00:00Z,1.329646,1.330513,1.329257,1.329310
2026-07-28T08:00:00Z,1.329398,1.330495,1.329363,1.330247
2026-07-28T09:00:00Z,1.330336,1.330353,1.328092,1.328145
2026-07-28T10:00:00Z,1.327915,1.328180,1.327422,1.327951
2026-07-28T11:00:00Z,1.328127,1.328321,1.327528,1.328109
2026-07-28T12:00:00Z,1.328092,1.329946,1.327968,1.329946
2026-07-28T13:00:00Z,1.329840,1.330353,1.329557,1.330052
2026-07-28T14:00:00Z,1.330159,1.330176,1.328780,1.329204
2026-07-28T15:00:00Z,1.329363,1.331133,1.328957,1.330867
2026-07-28T16:00:00Z,1.330920,1.331079,1.330159,1.330159
2026-07-28T17:00:00Z,1.330176,1.330495,1.329222,1.329222
2026-07-28T18:00:00Z,1.329239,1.329292,1.328745,1.328939
2026-07-28T19:00:00Z,1.328921,1.329557,1.328868,1.328868
2026-07-28T20:00:00Z,1.328815,1.329151,1.328727,1.328904
2026-07-28T21:00:00Z,1.329911,1.330159,1.328798,1.328921
2026-07-28T22:00:00Z,1.328939,1.329169,1.328409,1.328551
2026-07-28T23:00:00Z,1.328374,1.328727,1.328092,1.328621
2026-07-29T00:00:00Z,1.328568,1.329345,1.328445,1.329345
2026-07-29T01:00:00Z,1.329292,1.329469,1.328268,1.328921
2026-07-29T02:00:00Z,1.328974,1.329805,1.328868,1.329487
2026-07-29T03:00:00Z,1.329434,1.329982,1.329434,1.329504
2026-07-29T04:00:00Z,1.329575,1.330176,1.329575,1.329858
2026-07-29T05:00:00Z,1.329876,1.330212,1.329752,1.329964
2026-07-29T06:00:00Z,1.330088,1.330353,1.329522,1.329752
2026-07-29T07:00:00Z,1.329734,1.330707,1.329663,1.330265
2026-07-29T08:00:00Z,1.330265,1.330938,1.329787,1.330583
2026-07-29T09:00:00Z,1.330460,1.330566,1.329628,1.329823
2026-07-29T10:00:00Z,1.329610,1.329646,1.328921,1.329116
2026-07-29T11:00:00Z,1.329151,1.329805,1.329151,1.329186
2026-07-29T12:00:00Z,1.329381,1.329381,1.328057,1.328356
2026-07-29T13:00:00Z,1.328551,1.329363,1.328233,1.329310
2026-07-29T14:00:00Z,1.329540,1.330424,1.328445,1.328798
2026-07-29T15:00:00Z,1.328851,1.329310,1.328427,1.328762
2026-07-29T16:00:00Z,1.328692,1.328851,1.328092,1.328851
2026-07-29T17:00:00Z,1.328957,1.330690,1.328868,1.330230
2026-07-29T18:00:00Z,1.332481,1.336559,1.331753,1.336416
2026-07-29T19:00:00Z,1.336702,1.338581,1.334793,1.334793
2026-07-29T20:00:00Z,1.334579,1.336916,1.334401,1.336827
2026-07-29T21:00:00Z,1.336773,1.337274,1.334526,1.336309
2026-07-29T22:00:00Z,1.336523,1.336988,1.336505,1.336970
2026-07-29T23:00:00Z,1.337095,1.337560,1.336505,1.336738
2026-07-30T00:00:00Z,1.336773,1.336791,1.335399,1.335541
2026-07-30T01:00:00Z,1.335541,1.335970,1.335256,1.335292
2026-07-30T02:00:00Z,1.335434,1.335631,1.334935,1.334989
2026-07-30T03:00:00Z,1.334989,1.335007,1.334294,1.334632
2026-07-30T04:00:00Z,1.334472,1.334971,1.334383,1.334472
2026-07-30T05:00:00Z,1.334490,1.335631,1.334490,1.334900
2026-07-30T06:00:00Z,1.335185,1.335185,1.333404,1.334205
2026-07-30T07:00:00Z,1.334526,1.335096,1.333760,1.333938
2026-07-30T08:00:00Z,1.334169,1.336184,1.333956,1.335541
2026-07-30T09:00:00Z,1.335666,1.338437,1.335666,1.338043
2026-07-30T10:00:00Z,1.337990,1.340554,1.337793,1.339154
2026-07-30T11:00:00Z,1.339710,1.339710,1.337417,1.338706
2026-07-30T12:00:00Z,1.338921,1.339567,1.337023,1.337345
2026-07-30T13:00:00Z,1.337256,1.342642,1.336934,1.342642
2026-07-30T14:00:00Z,1.342823,1.344592,1.342642,1.342823
2026-07-30T15:00:00Z,1.342444,1.346294,1.342300,1.345949
2026-07-30T16:00:00Z,1.346330,1.347037,1.345804,1.346330
2026-07-30T17:00:00Z,1.346566,1.347182,1.345732,1.347146
2026-07-30T18:00:00Z,1.347436,1.347564,1.346674,1.347564
2026-07-30T19:00:00Z,1.347636,1.347654,1.346892,1.347164
2026-07-30T20:00:00Z,1.346946,1.347255,1.346493,1.346602
2026-07-30T21:00:00Z,1.346312,1.346656,1.346131,1.346239
2026-07-30T22:00:00Z,1.346493,1.347037,1.346493,1.346692
2026-07-30T23:00:00Z,1.346910,1.346965,1.346040,1.346112
2026-07-31T00:00:00Z,1.346112,1.346529,1.345424,1.345895
2026-07-31T01:00:00Z,1.346040,1.346257,1.344936,1.345135
2026-07-31T02:00:00Z,1.345153,1.345968,1.345044,1.345062
2026-07-31T03:00:00Z,1.345062,1.345171,1.344592,1.345171
2026-07-31T04:00:00Z,1.345171,1.345261,1.344357,1.344610
2026-07-31T05:00:00Z,1.344574,1.344954,1.344122,1.344411
2026-07-31T06:00:00Z,1.344411,1.346131,1.344411,1.345297
2026-07-31T07:00:00Z,1.345207,1.346167,1.344610,1.345279
2026-07-31T08:00:00Z,1.345243,1.346257,1.343616,1.346257
2026-07-31T09:00:00Z,1.346239,1.346820,1.344701,1.344954
2026-07-31T10:00:00Z,1.344918,1.345116,1.344411,1.344574
2026-07-31T11:00:00Z,1.344285,1.344447,1.341922,1.341958
2026-07-31T12:00:00Z,1.341706,1.342841,1.341670,1.342228
2026-07-31T13:00:00Z,1.342192,1.343201,1.340321,1.340878
2026-07-31T14:00:00Z,1.340788,1.345949,1.340554,1.345750
2026-07-31T15:00:00Z,1.345968,1.347201,1.345587,1.346874
2026-07-31T16:00:00Z,1.346838,1.346928,1.346276,1.346638
2026-07-31T17:00:00Z,1.346584,1.348800,1.346547,1.348509
2026-07-31T18:00:00Z,1.348381,1.348709,1.347582,1.348236
2026-07-31T19:00:00Z,1.348527,1.348618,1.347745,1.347745
2026-07-31T20:00:00Z,1.347618,1.349400,1.347346,1.348345
2026-07-31T21:00:00Z,1.348672,1.348672,1.348672,1.348672
2026-08-02T23:00:00Z,1.349546,1.349601,1.348927,1.349145
2026-08-03T00:00:00Z,1.348963,1.350293,1.348418,1.348800
2026-08-03T01:00:00Z,1.348636,1.348854,1.347128,1.347436
2026-08-03T02:00:00Z,1.347436,1.347654,1.346965,1.347074
2026-08-03T03:00:00Z,1.347019,1.347019,1.346547,1.346838
2026-08-03T04:00:00Z,1.346874,1.347346,1.346747,1.347273
2026-08-03T05:00:00Z,1.347328,1.347727,1.347037,1.347709
2026-08-03T06:00:00Z,1.347709,1.347818,1.345877,1.346149
2026-08-03T07:00:00Z,1.346348,1.347019,1.345497,1.346185
2026-08-03T08:00:00Z,1.345949,1.346257,1.345533,1.345533
2026-08-03T09:00:00Z,1.345641,1.345859,1.345026,1.345062
2026-08-03T10:00:00Z,1.344881,1.346276,1.344881,1.346004
2026-08-03T11:00:00Z,1.346185,1.346820,1.345641,1.346820
2026-08-03T12:00:00Z,1.346856,1.347182,1.345931,1.346439
2026-08-03T13:00:00Z,1.346475,1.346656,1.344845,1.345243
2026-08-03T14:00:00Z,1.344863,1.345641,1.343815,1.343815
2026-08-03T15:00:00Z,1.343616,1.343616,1.342444,1.343436
2026-08-03T16:00:00Z,1.343364,1.343653,1.342552,1.342552
2026-08-03T17:00:00Z,1.342480,1.342714,1.341940,1.341940
2026-08-03T18:00:00Z,1.341958,1.343274,1.341868,1.343129
2026-08-03T19:00:00Z,1.343256,1.343472,1.343111,1.343111
2026-08-03T20:00:00Z,1.343129,1.343400,1.342859,1.343364
2026-08-03T21:00:00Z,1.343039,1.343436,1.342516,1.342985
2026-08-03T22:00:00Z,1.343183,1.343183,1.342823,1.343093
2026-08-03T23:00:00Z,1.343129,1.343165,1.342588,1.342750
2026-08-04T00:00:00Z,1.342769,1.343310,1.342444,1.342444
2026-08-04T01:00:00Z,1.342318,1.343165,1.341994,1.342841
2026-08-04T02:00:00Z,1.342949,1.343310,1.342642,1.342805
2026-08-04T03:00:00Z,1.343165,1.343219,1.342588,1.342732
2026-08-04T04:00:00Z,1.342696,1.342714,1.342444,1.342678
2026-08-04T05:00:00Z,1.342642,1.342660,1.342030,1.342516
2026-08-04T06:00:00Z,1.342588,1.343238,1.342354,1.342913
2026-08-04T07:00:00Z,1.343111,1.343905,1.342985,1.343671
2026-08-04T08:00:00Z,1.343707,1.344267,1.343364,1.344267
2026-08-04T09:00:00Z,1.344231,1.344303,1.343743,1.344194
2026-08-04T10:00:00Z,1.344194,1.344899,1.343851,1.344303
2026-08-04T11:00:00Z,1.344176,1.345424,1.344158,1.344719
2026-08-04T12:00:00Z,1.344791,1.345479,1.344339,1.344393
2026-08-04T13:00:00Z,1.344357,1.345153,1.343905,1.344755
2026-08-04T14:00:00Z,1.344809,1.345551,1.344466,1.344755
2026-08-04T15:00:00Z,1.344719,1.345569,1.344267,1.345442
2026-08-04T16:00:00Z,1.345460,1.345623,1.344628,1.344682
2026-08-04T17:00:00Z,1.344863,1.344881,1.344158,1.344429
2026-08-04T18:00:00Z,1.344447,1.345297,1.344032,1.345297
2026-08-04T19:00:00Z,1.345261,1.345388,1.344954,1.345080
2026-08-04T20:00:00Z,1.345189,1.345460,1.345044,1.345279
2026-08-04T21:00:00Z,1.345026,1.345460,1.344592,1.345026
2026-08-04T22:00:00Z,1.345243,1.345316,1.344881,1.345153
2026-08-04T23:00:00Z,1.345153,1.345225,1.344827,1.345135
2026-08-05T00:00:00Z,1.345044,1.345587,1.344990,1.345098
2026-08-05T01:00:00Z,1.344990,1.345135,1.344502,1.344610
2026-08-05T02:00:00Z,1.344664,1.345823,1.344664,1.345370
2026-08-05T03:00:00Z,1.345533,1.346004,1.345533,1.345623
2026-08-05T04:00:00Z,1.345659,1.346004,1.345442,1.345533
2026-08-05T05:00:00Z,1.345533,1.345859,1.345207,1.345641
2026-08-05T06:00:00Z,1.345587,1.346783,1.345171,1.346783
2026-08-05T07:00:00Z,1.346783,1.346801,1.345823,1.346801
2026-08-05T08:00:00Z,1.346965,1.346983,1.345442,1.345714
2026-08-05T09:00:00Z,1.345949,1.346747,1.345623,1.346729
2026-08-05T10:00:00Z,1.346983,1.346983,1.346384,1.346747
2026-08-05T11:00:00Z,1.346820,1.348163,1.346820,1.347945
2026-08-05T12:00:00Z,1.348090,1.348345,1.346765,1.347019
2026-08-05T13:00:00Z,1.346874,1.347564,1.346167,1.346566
2026-08-05T14:00:00Z,1.346928,1.348636,1.346892,1.347909
2026-08-05T15:00:00Z,1.348054,1.348363,1.345786,1.346203
2026-08-05T16:00:00Z,1.346384,1.346747,1.345986,1.345986
2026-08-05T17:00:00Z,1.346076,1.347128,1.345659,1.347055
2026-08-05T18:00:00Z,1.346946,1.347346,1.346747,1.346874
2026-08-05T19:00:00Z,1.347092,1.347092,1.346402,1.346457
2026-08-05T20:00:00Z,1.346566,1.346892,1.346257,1.346820
2026-08-05T21:00:00Z,1.346946,1.347182,1.346384,1.346638
2026-08-05T22:00:00Z,1.346874,1.346874,1.346511,1.346711
2026-08-05T23:00:00Z,1.346783,1.347128,1.346711,1.346946
2026-08-06T00:00:00Z,1.346783,1.347128,1.346638,1.346729
2026-08-06T01:00:00Z,1.346765,1.347092,1.346402,1.346910
2026-08-06T02:00:00Z,1.347055,1.347219,1.346783,1.346801
2026-08-06T03:00:00Z,1.346729,1.346729,1.345804,1.346022
2026-08-06T04:00:00Z,1.346131,1.346203,1.345931,1.346076
2026-08-06T05:00:00Z,1.346058,1.346366,1.345623,1.346330
2026-08-06T06:00:00Z,1.346529,1.346529,1.345551,1.346022
2026-08-06T07:00:00Z,1.346004,1.346276,1.345605,1.346004
2026-08-06T08:00:00Z,1.346076,1.346566,1.345859,1.346439
2026-08-06T09:00:00Z,1.346475,1.346620,1.345370,1.345659
2026-08-06T10:00:00Z,1.345623,1.346239,1.345515,1.346167
2026-08-06T11:00:00Z,1.346384,1.346874,1.345877,1.346874
2026-08-06T12:00:00Z,1.346801,1.347146,1.346366,1.347019
2026-08-06T13:00:00Z,1.347146,1.347981,1.346547,1.347872
2026-08-06T14:00:00Z,1.347782,1.347836,1.346439,1.346638
2026-08-06T15:00:00Z,1.346475,1.346511,1.345080,1.345406
2026-08-06T16:00:00Z,1.345279,1.345841,1.345135,1.345605
2026-08-06T17:00:00Z,1.345641,1.345986,1.345225,1.345641
2026-08-06T18:00:00Z,1.345641,1.345931,1.345297,1.345750
2026-08-06T19:00:00Z,1.345714,1.345931,1.344972,1.345533
2026-08-06T20:00:00Z,1.345551,1.345623,1.344899,1.345424
2026-08-06T21:00:00Z,1.345569,1.345696,1.344646,1.345497
2026-08-06T22:00:00Z,1.345171,1.345261,1.345098,1.345243
2026-08-06T23:00:00Z,1.345225,1.345551,1.345207,1.345460
2026-08-07T00:00:00Z,1.345424,1.345551,1.344845,1.345008
2026-08-07T01:00:00Z,1.345062,1.345587,1.344936,1.345352
2026-08-07T02:00:00Z,1.345424,1.345460,1.345153,1.345225
2026-08-07T03:00:00Z,1.345189,1.345370,1.345116,1.345370
2026-08-07T04:00:00Z,1.345352,1.345587,1.345261,1.345460
2026-08-07T05:00:00Z,1.345406,1.345641,1.345207,1.345334
2026-08-07T06:00:00Z,1.345587,1.345859,1.345243,1.345406
2026-08-07T07:00:00Z,1.345316,1.345370,1.344646,1.344827
2026-08-07T08:00:00Z,1.345044,1.345044,1.344375,1.344375
2026-08-07T09:00:00Z,1.344466,1.344646,1.343978,1.344213
2026-08-07T10:00:00Z,1.344321,1.344321,1.343508,1.343797
2026-08-07T11:00:00Z,1.343833,1.345008,1.343833,1.345008
2026-08-07T12:00:00Z,1.345098,1.350676,1.344701,1.350038
2026-08-07T13:00:00Z,1.350165,1.350749,1.348836,1.348836
2026-08-07T14:00:00Z,1.348963,1.350147,1.348509,1.348854
2026-08-07T15:00:00Z,1.349073,1.350038,1.348436,1.349655
2026-08-07T16:00:00Z,1.349601,1.350439,1.349564,1.349673
2026-08-07T17:00:00Z,1.349564,1.349874,1.349491,1.349601
2026-08-07T18:00:00Z,1.349437,1.350074,1.349236,1.349892
2026-08-07T19:00:00Z,1.349983,1.350330,1.349728,1.349783
2026-08-07T20:00:00Z,1.349856,1.349874,1.349000,1.349236
2026-08-07T21:00:00Z,1.349273,1.349273,1.349273,1.349273
2026-08-09T23:00:00Z,1.348963,1.349291,1.348891,1.348981
2026-08-10T00:00:00Z,1.349164,1.349400,1.348891,1.349073
2026-08-10T01:00:00Z,1.349127,1.349127,1.348509,1.348854
2026-08-10T02:00:00Z,1.348945,1.348981,1.348636,1.348636
2026-08-10T03:00:00Z,1.348727,1.348727,1.348418,1.348581
2026-08-10T04:00:00Z,1.348600,1.349036,1.348436,1.348945
2026-08-10T05:00:00Z,1.348909,1.349364,1.348800,1.349364
2026-08-10T06:00:00Z,1.349546,1.349710,1.349309,1.349473
2026-08-10T07:00:00Z,1.349455,1.350111,1.349236,1.349601
2026-08-10T08:00:00Z,1.349619,1.350548,1.349601,1.350384
2026-08-10T09:00:00Z,1.350348,1.350694,1.349601,1.349637
2026-08-10T10:00:00Z,1.349418,1.350165,1.349327,1.350074
2026-08-10T11:00:00Z,1.350129,1.350293,1.349673,1.350093
2026-08-10T12:00:00Z,1.350056,1.350311,1.349127,1.349564
2026-08-10T13:00:00Z,1.349710,1.350767,1.349546,1.350475
2026-08-10T14:00:00Z,1.350530,1.352997,1.350530,1.351991
2026-08-10T15:00:00Z,1.352027,1.352759,1.351735,1.352594
2026-08-10T16:00:00Z,1.352631,1.352686,1.351461,1.351497
2026-08-10T17:00:00Z,1.351424,1.351516,1.350603,1.350603
2026-08-10T18:00:00Z,1.350767,1.351205,1.350640,1.351041
2026-08-10T19:00:00Z,1.350840,1.350950,1.350640,1.350804
2026-08-10T20:00:00Z,1.350931,1.351023,1.350658,1.350804
2026-08-10T21:00:00Z,1.351169,1.351169,1.350567,1.350913
2026-08-10T22:00:00Z,1.350877,1.350968,1.350713,1.350913
2026-08-10T23:00:00Z,1.350986,1.351169,1.350731,1.351169
2026-08-11T00:00:00Z,1.351169,1.351534,1.351132,1.351205
2026-08-11T01:00:00Z,1.350986,1.351589,1.350694,1.351151
2026-08-11T02:00:00Z,1.351096,1.351169,1.350330,1.350475
2026-08-11T03:00:00Z,1.350567,1.351333,1.350567,1.351023
2026-08-11T04:00:00Z,1.351132,1.351315,1.350785,1.351132
2026-08-11T05:00:00Z,1.351114,1.351443,1.350804,1.351260
2026-08-11T06:00:00Z,1.351424,1.351570,1.350330,1.350457
2026-08-11T07:00:00Z,1.350713,1.350858,1.349546,1.349655
2026-08-11T08:00:00Z,1.349746,1.350877,1.349673,1.350402
2026-08-11T09:00:00Z,1.350457,1.350548,1.349965,1.350439
2026-08-11T10:00:00Z,1.350421,1.350512,1.349746,1.349819
2026-08-11T11:00:00Z,1.349764,1.350439,1.349418,1.349455
2026-08-11T12:00:00Z,1.349491,1.350111,1.349364,1.350038
2026-08-11T13:00:00Z,1.350220,1.350676,1.349783,1.350275
2026-08-11T14:00:00Z,1.350038,1.350950,1.349928,1.350895
2026-08-11T15:00:00Z,1.350968,1.351260,1.350311,1.351260
2026-08-11T16:00:00Z,1.351333,1.351351,1.350475,1.350640
2026-08-11T17:00:00Z,1.350640,1.350640,1.349801,1.350257
2026-08-11T18:00:00Z,1.350184,1.350402,1.349710,1.350330
2026-08-11T19:00:00Z,1.350439,1.350858,1.350330,1.350858
2026-08-11T20:00:00Z,1.350858,1.350968,1.350475,1.350840
2026-08-11T21:00:00Z,1.350785,1.350804,1.350293,1.350731
2026-08-11T22:00:00Z,1.350785,1.351132,1.350767,1.351132
2026-08-11T23:00:00Z,1.351004,1.351114,1.350804,1.350968
2026-08-12T00:00:00Z,1.350858,1.351169,1.350713,1.350785
2026-08-12T01:00:00Z,1.350785,1.350968,1.350257,1.350640
2026-08-12T02:00:00Z,1.350658,1.350785,1.350238,1.350694
2026-08-12T03:00:00Z,1.350767,1.350822,1.350567,1.350603
2026-08-12T04:00:00Z,1.350567,1.350785,1.350330,1.350749
2026-08-12T05:00:00Z,1.350713,1.350731,1.350330,1.350640
2026-08-12T06:00:00Z,1.350713,1.350858,1.350366,1.350858
2026-08-12T07:00:00Z,1.350986,1.351187,1.350804,1.350804
2026-08-12T08:00:00Z,1.350877,1.351278,1.350749,1.351059
2026-08-12T09:00:00Z,1.351224,1.352850,1.351132,1.351351
2026-08-12T10:00:00Z,1.351370,1.352247,1.351370,1.351680
2026-08-12T11:00:00Z,1.351406,1.352850,1.351406,1.352741
2026-08-12T12:00:00Z,1.352722,1.354059,1.351004,1.353436
2026-08-12T13:00:00Z,1.353894,1.354059,1.351808,1.352631
2026-08-12T14:00:00Z,1.352686,1.352942,1.350530,1.350950
2026-08-12T15:00:00Z,1.350804,1.351169,1.350238,1.351004
2026-08-12T16:00:00Z,1.350968,1.351078,1.349601,1.349764
2026-08-12T17:00:00Z,1.349819,1.350165,1.349254,1.349364
2026-08-12T18:00:00Z,1.349273,1.349764,1.348836,1.348836
2026-08-12T19:00:00Z,1.348872,1.349400,1.348854,1.349200
2026-08-12T20:00:00Z,1.349200,1.349655,1.349054,1.349637
2026-08-12T21:00:00Z,1.349455,1.350129,1.349109,1.349601
2026-08-12T22:00:00Z,1.349309,1.349764,1.349200,1.349619
2026-08-12T23:00:00Z,1.349655,1.349947,1.349546,1.349783
2026-08-13T00:00:00Z,1.349764,1.350111,1.349528,1.349764
2026-08-13T01:00:00Z,1.349819,1.349983,1.349182,1.349273
2026-08-13T02:00:00Z,1.349291,1.349309,1.348727,1.348891
2026-08-13T03:00:00Z,1.348891,1.349164,1.348709,1.349073
2026-08-13T04:00:00Z,1.349054,1.349710,1.348763,1.349710
2026-08-13T05:00:00Z,1.349601,1.349764,1.349254,1.349546
2026-08-13T06:00:00Z,1.349637,1.349692,1.347564,1.348290
2026-08-13T07:00:00Z,1.348218,1.348745,1.347618,1.348363
2026-08-13T08:00:00Z,1.348309,1.348327,1.347854,1.347927
2026-08-13T09:00:00Z,1.347818,1.349127,1.347600,1.349127
2026-08-13T10:00:00Z,1.349218,1.350129,1.348945,1.349091
2026-08-13T11:00:00Z,1.349054,1.349655,1.348836,1.349236
2026-08-13T12:00:00Z,1.349236,1.350931,1.348509,1.350931
2026-08-13T13:00:00Z,1.350858,1.351059,1.349801,1.349965
2026-08-13T14:00:00Z,1.350147,1.351224,1.349910,1.350767
2026-08-13T15:00:00Z,1.350749,1.350931,1.349546,1.349564
2026-08-13T16:00:00Z,1.349637,1.349637,1.348345,1.348581
2026-08-13T17:00:00Z,1.348690,1.348945,1.348018,1.348272
2026-08-13T18:00:00Z,1.348272,1.348781,1.348072,1.348436
2026-08-13T19:00:00Z,1.348509,1.348836,1.348363,1.348727
2026-08-13T20:00:00Z,1.348745,1.348836,1.348418,1.348690
2026-08-13T21:00:00Z,1.349182,1.349182,1.348418,1.348600
2026-08-13T22:00:00Z,1.348690,1.348909,1.348581,1.348872
2026-08-13T23:00:00Z,1.348927,1.349127,1.348836,1.349073
2026-08-14T00:00:00Z,1.349036,1.349874,1.349036,1.349874
2026-08-14T01:00:00Z,1.349801,1.349801,1.349000,1.349000
2026-08-14T02:00:00Z,1.349127,1.349455,1.348963,1.348981
2026-08-14T03:00:00Z,1.349000,1.349783,1.348909,1.349564
2026-08-14T04:00:00Z,1.349509,1.349947,1.349509,1.349801
2026-08-14T05:00:00Z,1.349764,1.350093,1.349746,1.350001
2026-08-14T06:00:00Z,1.350238,1.350457,1.349910,1.350439
2026-08-14T07:00:00Z,1.350439,1.351370,1.350311,1.351315
2026-08-14T08:00:00Z,1.351589,1.352667,1.351552,1.352375
2026-08-14T09:00:00Z,1.352338,1.352539,1.352046,1.352466
2026-08-14T10:00:00Z,1.352411,1.352979,1.352411,1.352814
2026-08-14T11:00:00Z,1.352905,1.354243,1.352795,1.353583
2026-08-14T12:00:00Z,1.353528,1.354977,1.353528,1.354059
2026-08-14T13:00:00Z,1.353803,1.356043,1.353565,1.355362
2026-08-14T14:00:00Z,1.355730,1.356153,1.354665,1.354830
2026-08-14T15:00:00Z,1.354903,1.355730,1.354151,1.355454
2026-08-14T16:00:00Z,1.355565,1.355693,1.353876,1.353931
2026-08-14T17:00:00Z,1.353968,1.353968,1.352795,1.353235
2026-08-14T18:00:00Z,1.353235,1.353620,1.353052,1.353327
2026-08-14T19:00:00Z,1.353363,1.353766,1.353327,1.353363
2026-08-14T20:00:00Z,1.353418,1.353675,1.353345,1.353546
2026-08-14T21:00:00Z,1.353583,1.353583,1.353583,1.353583
2026-08-16T23:00:00Z,1.354353,1.354775,1.354335,1.354683
2026-08-17T00:00:00Z,1.354885,1.355638,1.354885,1.355638
2026-08-17T01:00:00Z,1.355565,1.355657,1.355142,1.355583
2026-08-17T02:00:00Z,1.355546,1.355620,1.355050,1.355050
2026-08-17T03:00:00Z,1.355032,1.355234,1.354720,1.355234
2026-08-17T04:00:00Z,1.355142,1.355657,1.355142,1.355160
2026-08-17T05:00:00Z,1.355234,1.355877,1.355032,1.355418
2026-08-17T06:00:00Z,1.355546,1.355987,1.355124,1.355877
2026-08-17T07:00:00Z,1.355785,1.357147,1.355620,1.356300
2026-08-17T08:00:00Z,1.356245,1.357110,1.355032,1.355436
2026-08-17T09:00:00Z,1.355418,1.356208,1.355252,1.355914
2026-08-17T10:00:00Z,1.355767,1.356374,1.355583,1.355675
2026-08-17T11:00:00Z,1.355712,1.356079,1.355307,1.355693
2026-08-17T12:00:00Z,1.355675,1.356208,1.355326,1.356135
2026-08-17T13:00:00Z,1.356226,1.356594,1.355234,1.356043
2026-08-17T14:00:00Z,1.356061,1.356907,1.355216,1.355271
2026-08-17T15:00:00Z,1.355344,1.356245,1.355124,1.356245
2026-08-17T16:00:00Z,1.356245,1.356447,1.355840,1.355932
2026-08-17T17:00:00Z,1.355969,1.356024,1.354518,1.354518
2026-08-17T18:00:00Z,1.354463,1.354536,1.353730,1.353821
2026-08-17T19:00:00Z,1.353821,1.354518,1.353730,1.354390
2026-08-17T20:00:00Z,1.354518,1.354518,1.354096,1.354390
2026-08-17T21:00:00Z,1.354940,1.355252,1.354188,1.354188
2026-08-17T22:00:00Z,1.354500,1.354555,1.354316,1.354408
2026-08-17T23:00:00Z,1.354426,1.355216,1.354426,1.355069
2026-08-18T00:00:00Z,1.355105,1.355436,1.354573,1.355087
2026-08-18T01:00:00Z,1.354995,1.355344,1.354646,1.354665
2026-08-18T02:00:00Z,1.354646,1.354683,1.354041,1.354665
2026-08-18T03:00:00Z,1.354573,1.354573,1.353473,1.353565
2026-08-18T04:00:00Z,1.353656,1.353858,1.353143,1.353565
2026-08-18T05:00:00Z,1.353528,1.353931,1.353400,1.353656
2026-08-18T06:00:00Z,1.353693,1.353693,1.352302,1.352704
2026-08-18T07:00:00Z,1.352795,1.353052,1.352082,1.352942
2026-08-18T08:00:00Z,1.352759,1.353418,1.352430,1.353290
2026-08-18T09:00:00Z,1.353162,1.353381,1.352759,1.353235
2026-08-18T10:00:00Z,1.353198,1.353198,1.352484,1.352741
2026-08-18T11:00:00Z,1.352631,1.352777,1.352100,1.352777
2026-08-18T12:00:00Z,1.352722,1.353400,1.352484,1.353217
2026-08-18T13:00:00Z,1.353363,1.354371,1.353235,1.354133
2026-08-18T14:00:00Z,1.354243,1.355087,1.354059,1.354335
2026-08-18T15:00:00Z,1.354298,1.354812,1.353693,1.354316
2026-08-18T16:00:00Z,1.354463,1.354701,1.354115,1.354115
2026-08-18T17:00:00Z,1.354115,1.354115,1.353235,1.353528
2026-08-18T18:00:00Z,1.353436,1.353840,1.353290,1.353455
2026-08-18T19:00:00Z,1.353436,1.353986,1.353235,1.353290
2026-08-18T20:00:00Z,1.353217,1.353290,1.352924,1.353290
2026-08-18T21:00:00Z,1.353803,1.353840,1.353033,1.353565
2026-08-18T22:00:00Z,1.353180,1.353473,1.353070,1.353436
2026-08-18T23:00:00Z,1.353473,1.353656,1.353235,1.353638
2026-08-19T00:00:00Z,1.353638,1.354169,1.352942,1.353015
2026-08-19T01:00:00Z,1.352960,1.353107,1.352393,1.353052
2026-08-19T02:00:00Z,1.353125,1.354316,1.353088,1.354023
2026-08-19T03:00:00Z,1.354023,1.354151,1.353766,1.353766
2026-08-19T04:00:00Z,1.353840,1.354243,1.353711,1.354206
2026-08-19T05:00:00Z,1.354298,1.354518,1.354005,1.354426
2026-08-19T06:00:00Z,1.354353,1.355693,1.354353,1.355142
2026-08-19T07:00:00Z,1.355216,1.355657,1.354610,1.355657
2026-08-19T08:00:00Z,1.355565,1.356558,1.355344,1.355362
2026-08-19T09:00:00Z,1.355179,1.355932,1.355069,1.355859
2026-08-19T10:00:00Z,1.355803,1.356484,1.355620,1.355675
2026-08-19T11:00:00Z,1.355859,1.356043,1.354867,1.355362
2026-08-19T12:00:00Z,1.355454,1.360211,1.355344,1.359619
2026-08-19T13:00:00Z,1.360063,1.362342,1.359989,1.361823
2026-08-19T14:00:00Z,1.361841,1.362936,1.360822,1.360878
2026-08-19T15:00:00Z,1.361026,1.361359,1.360285,1.360674
2026-08-19T16:00:00Z,1.360766,1.361526,1.360544,1.361063
2026-08-19T17:00:00Z,1.361266,1.361637,1.359102,1.359157
2026-08-19T18:00:00Z,1.359342,1.360952,1.359083,1.360766
2026-08-19T19:00:00Z,1.360933,1.361192,1.360415,1.360822
2026-08-19T20:00:00Z,1.360729,1.361007,1.360285,1.360581
2026-08-19T21:00:00Z,1.360785,1.361100,1.360359,1.360803
2026-08-19T22:00:00Z,1.360822,1.361026,1.360470,1.360526
2026-08-19T23:00:00Z,1.360267,1.360711,1.359915,1.360082
2026-08-20T00:00:00Z,1.360285,1.360729,1.359841,1.360026
2026-08-20T01:00:00Z,1.360008,1.360822,1.359490,1.360822
2026-08-20T02:00:00Z,1.360748,1.361433,1.360341,1.360544
2026-08-20T03:00:00Z,1.360655,1.361470,1.360600,1.361433
2026-08-20T04:00:00Z,1.361359,1.361637,1.360748,1.360766
2026-08-20T05:00:00Z,1.360841,1.361007,1.360063,1.360526
2026-08-20T06:00:00Z,1.360544,1.361786,1.360378,1.361786
2026-08-20T07:00:00Z,1.361433,1.363104,1.360952,1.362528
2026-08-20T08:00:00Z,1.362454,1.363754,1.362454,1.363605
2026-08-20T09:00:00Z,1.363643,1.364815,1.363289,1.364815
2026-08-20T10:00:00Z,1.364424,1.365915,1.364126,1.364498
2026-08-20T11:00:00Z,1.364387,1.364387,1.363066,1.363234
2026-08-20T12:00:00Z,1.363252,1.364536,1.362305,1.364275
2026-08-20T13:00:00Z,1.364722,1.365206,1.363419,1.363438
2026-08-20T14:00:00Z,1.363680,1.363903,1.362899,1.363234
2026-08-20T15:00:00Z,1.363327,1.364741,1.362936,1.363736
2026-08-20T16:00:00Z,1.363605,1.363661,1.362509,1.363085
2026-08-20T17:00:00Z,1.363122,1.363141,1.362416,1.362806
2026-08-20T18:00:00Z,1.362825,1.362825,1.362119,1.362806
2026-08-20T19:00:00Z,1.362732,1.363104,1.362658,1.362862
2026-08-20T20:00:00Z,1.363011,1.363327,1.362825,1.363085
2026-08-20T21:00:00Z,1.363104,1.363364,1.362676,1.363104
2026-08-20T22:00:00Z,1.363234,1.363736,1.363234,1.363605
2026-08-20T23:00:00Z,1.363717,1.364387,1.363717,1.364331
2026-08-21T00:00:00Z,1.364368,1.364722,1.363829,1.363829
2026-08-21T01:00:00Z,1.363922,1.365001,1.363736,1.364517
2026-08-21T02:00:00Z,1.364573,1.365542,1.364145,1.364908
2026-08-21T03:00:00Z,1.364871,1.365150,1.364387,1.364592
2026-08-21T04:00:00Z,1.364517,1.364648,1.363977,1.364387
2026-08-21T05:00:00Z,1.364238,1.365300,1.364145,1.365262
2026-08-21T06:00:00Z,1.365039,1.365057,1.364219,1.365001
2026-08-21T07:00:00Z,1.365076,1.365318,1.363922,1.364163
2026-08-21T08:00:00Z,1.364275,1.366550,1.363587,1.366550
2026-08-21T09:00:00Z,1.366382,1.367540,1.365542,1.365542
2026-08-21T10:00:00Z,1.365393,1.366606,1.364703,1.364983
2026-08-21T11:00:00Z,1.364927,1.366325,1.364796,1.365766
2026-08-21T12:00:00Z,1.365840,1.366008,1.363643,1.364387
2026-08-21T13:00:00Z,1.364610,1.364629,1.363512,1.364498
2026-08-21T14:00:00Z,1.364145,1.364405,1.361915,1.362454
2026-08-21T15:00:00Z,1.362528,1.364238,1.362361,1.364238
2026-08-21T16:00:00Z,1.364312,1.364461,1.363717,1.364275
2026-08-21T17:00:00Z,1.364182,1.364945,1.364033,1.364890
2026-08-21T18:00:00Z,1.364983,1.365449,1.364945,1.365206
2026-08-21T19:00:00Z,1.365262,1.365262,1.364648,1.364759
2026-08-21T20:00:00Z,1.364666,1.364908,1.364201,1.364629
2026-08-21T21:00:00Z,1.364796,1.364796,1.364796,1.364796
2026-08-23T23:00:00Z,1.364350,1.365449,1.364350,1.365449
2026-08-24T00:00:00Z,1.365467,1.365635,1.365001,1.365542
2026-08-24T01:00:00Z,1.365579,1.365579,1.364257,1.364871
2026-08-24T02:00:00Z,1.364834,1.365225,1.364666,1.365001
2026-08-24T03:00:00Z,1.365057,1.365057,1.364424,1.364592
2026-08-24T04:00:00Z,1.364573,1.364741,1.364257,1.364741
2026-08-24T05:00:00Z,1.364741,1.364741,1.364015,1.364443
2026-08-24T06:00:00Z,1.364517,1.364666,1.363922,1.364405
2026-08-24T07:00:00Z,1.364759,1.364927,1.363345,1.363494
2026-08-24T08:00:00Z,1.363364,1.363773,1.362416,1.362416
2026-08-24T09:00:00Z,1.362379,1.363438,1.362379,1.363364
2026-08-24T10:00:00Z,1.363457,1.363587,1.362621,1.362621
2026-08-24T11:00:00Z,1.362695,1.364107,1.362491,1.363884
2026-08-24T12:00:00Z,1.363847,1.364573,1.363327,1.364257
2026-08-24T13:00:00Z,1.364480,1.364983,1.363903,1.364052
2026-08-24T14:00:00Z,1.364033,1.364312,1.363457,1.363531
2026-08-24T15:00:00Z,1.363475,1.364405,1.362973,1.362992
2026-08-24T16:00:00Z,1.363011,1.363754,1.363011,1.363494
2026-08-24T17:00:00Z,1.363531,1.363568,1.362565,1.362918
2026-08-24T18:00:00Z,1.362843,1.363512,1.362565,1.363196
2026-08-24T19:00:00Z,1.363085,1.363122,1.362583,1.362806
2026-08-24T20:00:00Z,1.362825,1.363159,1.362825,1.363141
2026-08-24T21:00:00Z,1.363940,1.363959,1.363011,1.363438
2026-08-24T22:00:00Z,1.363327,1.363494,1.363271,1.363419
2026-08-24T23:00:00Z,1.363568,1.363866,1.363382,1.363791
2026-08-25T00:00:00Z,1.363903,1.364070,1.363698,1.363977
2026-08-25T01:00:00Z,1.363829,1.363959,1.363215,1.363271
2026-08-25T02:00:00Z,1.363215,1.363643,1.363104,1.363122
2026-08-25T03:00:00Z,1.363234,1.363345,1.362862,1.362936
2026-08-25T04:00:00Z,1.362918,1.362918,1.362454,1.362713
2026-08-25T05:00:00Z,1.362621,1.362936,1.362286,1.362324
2026-08-25T06:00:00Z,1.362379,1.362843,1.362305,1.362825
2026-08-25T07:00:00Z,1.362936,1.364461,1.362936,1.363884
2026-08-25T08:00:00Z,1.363866,1.364238,1.363011,1.364163
2026-08-25T09:00:00Z,1.364350,1.364945,1.364182,1.364405
2026-08-25T10:00:00Z,1.364312,1.364312,1.363215,1.363419
2026-08-25T11:00:00Z,1.363364,1.363717,1.362881,1.363252
2026-08-25T12:00:00Z,1.363308,1.363680,1.362732,1.363643
2026-08-25T13:00:00Z,1.363605,1.365169,1.363531,1.364238
2026-08-25T14:00:00Z,1.364201,1.364331,1.363011,1.363438
2026-08-25T15:00:00Z,1.363438,1.363940,1.363122,1.363922
2026-08-25T16:00:00Z,1.364070,1.364107,1.363289,1.363419
2026-08-25T17:00:00Z,1.363438,1.364480,1.363438,1.364424
2026-08-25T18:00:00Z,1.364461,1.364703,1.364294,1.364536
2026-08-25T19:00:00Z,1.364648,1.365393,1.364443,1.365318
2026-08-25T20:00:00Z,1.365337,1.365523,1.364796,1.364796
2026-08-25T21:00:00Z,1.363940,1.365225,1.363494,1.364685
2026-08-25T22:00:00Z,1.364629,1.365057,1.364629,1.365001
2026-08-25T23:00:00Z,1.365020,1.365020,1.364517,1.364703
2026-08-26T00:00:00Z,1.364648,1.364908,1.364498,1.364629
2026-08-26T01:00:00Z,1.364666,1.364796,1.364461,1.364498
2026-08-26T02:00:00Z,1.364480,1.364703,1.364015,1.364107
2026-08-26T03:00:00Z,1.364015,1.364145,1.363661,1.363736
2026-08-26T04:00:00Z,1.363773,1.363773,1.363234,1.363364
2026-08-26T05:00:00Z,1.363345,1.363717,1.363141,1.363550
2026-08-26T06:00:00Z,1.363531,1.363531,1.362565,1.363345
2026-08-26T07:00:00Z,1.363345,1.364089,1.363104,1.363178
2026-08-26T08:00:00Z,1.363085,1.363717,1.362695,1.362825
2026-08-26T09:00:00Z,1.362936,1.363011,1.362398,1.362806
2026-08-26T10:00:00Z,1.362676,1.362676,1.361823,1.362045
2026-08-26T11:00:00Z,1.362119,1.363048,1.362119,1.363011
2026-08-26T12:00:00Z,1.362992,1.363587,1.360952,1.361044
2026-08-26T13:00:00Z,1.360692,1.360878,1.360267,1.360322
2026-08-26T14:00:00Z,1.360267,1.360267,1.358567,1.358973
2026-08-26T15:00:00Z,1.358825,1.359841,1.358751,1.359434
2026-08-26T16:00:00Z,1.359453,1.359675,1.358917,1.359176
2026-08-26T17:00:00Z,1.359120,1.359619,1.358991,1.359416
2026-08-26T18:00:00Z,1.359453,1.359638,1.359083,1.359213
2026-08-26T19:00:00Z,1.359231,1.359453,1.359065,1.359342
2026-08-26T20:00:00Z,1.359453,1.359804,1.359324,1.359804
2026-08-26T21:00:00Z,1.359619,1.359656,1.359028,1.359527
2026-08-26T22:00:00Z,1.359416,1.359693,1.359361,1.359527
2026-08-26T23:00:00Z,1.359508,1.359804,1.359508,1.359619
2026-08-27T00:00:00Z,1.359656,1.359656,1.359028,1.359213
2026-08-27T01:00:00Z,1.359268,1.359453,1.358973,1.359268
2026-08-27T02:00:00Z,1.359324,1.359490,1.358917,1.359139
2026-08-27T03:00:00Z,1.359139,1.359268,1.358751,1.358751
2026-08-27T04:00:00Z,1.358770,1.359102,1.358696,1.358751
2026-08-27T05:00:00Z,1.358770,1.359139,1.358603,1.358843
2026-08-27T06:00:00Z,1.358899,1.359157,1.358659,1.358936
2026-08-27T07:00:00Z,1.359083,1.359638,1.358677,1.358751
2026-08-27T08:00:00Z,1.358751,1.359416,1.358068,1.358142
2026-08-27T09:00:00Z,1.357995,1.358142,1.357239,1.357626
2026-08-27T10:00:00Z,1.357534,1.358160,1.357128,1.357663
2026-08-27T11:00:00Z,1.357515,1.358234,1.357110,1.357865
2026-08-27T12:00:00Z,1.357829,1.358290,1.357442,1.357442
2026-08-27T13:00:00Z,1.357386,1.360174,1.357386,1.359342
2026-08-27T14:00:00Z,1.359342,1.359582,1.358050,1.358179
2026-08-27T15:00:00Z,1.358253,1.359878,1.358216,1.359823
2026-08-27T16:00:00Z,1.359823,1.360119,1.359213,1.359287
2026-08-27T17:00:00Z,1.359398,1.359638,1.358825,1.358880
2026-08-27T18:00:00Z,1.358880,1.358954,1.358327,1.358917
2026-08-27T19:00:00Z,1.358917,1.358991,1.358511,1.358899
2026-08-27T20:00:00Z,1.358806,1.359342,1.358806,1.359287
2026-08-27T21:00:00Z,1.359250,1.359971,1.358936,1.359305
2026-08-27T22:00:00Z,1.359379,1.359619,1.359194,1.359619
2026-08-27T23:00:00Z,1.359619,1.359804,1.359545,1.359675
2026-08-28T00:00:00Z,1.359656,1.359767,1.359379,1.359619
2026-08-28T01:00:00Z,1.359619,1.359749,1.359065,1.359083
2026-08-28T02:00:00Z,1.359028,1.359342,1.358806,1.359342
2026-08-28T03:00:00Z,1.359398,1.359453,1.358917,1.358936
2026-08-28T04:00:00Z,1.358973,1.358973,1.358770,1.358843
2026-08-28T05:00:00Z,1.358862,1.359083,1.358733,1.359010
2026-08-28T06:00:00Z,1.358862,1.359379,1.358862,1.359342
2026-08-28T07:00:00Z,1.359287,1.359287,1.358105,1.358899
2026-08-28T08:00:00Z,1.358677,1.359102,1.358382,1.358640
2026-08-28T09:00:00Z,1.358751,1.358751,1.358124,1.358179
2026-08-28T10:00:00Z,1.358105,1.359176,1.358068,1.359139
2026-08-28T11:00:00Z,1.359157,1.359157,1.358474,1.358493
2026-08-28T12:00:00Z,1.358548,1.358567,1.357405,1.358419
2026-08-28T13:00:00Z,1.358456,1.358548,1.357405,1.358530
2026-08-28T14:00:00Z,1.357349,1.358308,1.353162,1.357405
2026-08-28T15:00:00Z,1.357239,1.357386,1.355289,1.355289
2026-08-28T16:00:00Z,1.355271,1.355271,1.353473,1.353711
2026-08-28T17:00:00Z,1.353601,1.353693,1.352741,1.352979
2026-08-28T18:00:00Z,1.353015,1.353107,1.352704,1.352979
2026-08-28T19:00:00Z,1.353070,1.354059,1.353052,1.353858
2026-08-28T20:00:00Z,1.353766,1.353894,1.353052,1.353418
2026-08-28T21:00:00Z,1.353748,1.353748,1.353748,1.353748
2026-08-30T23:00:00Z,1.353711,1.354115,1.353656,1.354059
2026-08-31T00:00:00Z,1.354133,1.354757,1.353510,1.354573
2026-08-31T01:00:00Z,1.354335,1.354757,1.353858,1.354390
2026-08-31T02:00:00Z,1.354408,1.354591,1.353968,1.354463
2026-08-31T03:00:00Z,1.354536,1.354757,1.354243,1.354463
2026-08-31T04:00:00Z,1.354555,1.354665,1.354243,1.354518
2026-08-31T05:00:00Z,1.354463,1.354738,1.354224,1.354738
2026-08-31T06:00:00Z,1.354628,1.354885,1.353986,1.354426
2026-08-31T07:00:00Z,1.354408,1.354848,1.353803,1.354646
2026-08-31T08:00:00Z,1.355014,1.355509,1.353968,1.354078
2026-08-31T09:00:00Z,1.354169,1.354555,1.354059,1.354335
2026-08-31T10:00:00Z,1.354298,1.354628,1.353693,1.354023
2026-08-31T11:00:00Z,1.354041,1.354610,1.353785,1.353876
2026-08-31T12:00:00Z,1.353986,1.354628,1.353675,1.353913
2026-08-31T13:00:00Z,1.353986,1.354830,1.353968,1.354426
2026-08-31T14:00:00Z,1.353840,1.356447,1.353675,1.355491
2026-08-31T15:00:00Z,1.355693,1.355840,1.354665,1.354922
2026-08-31T16:00:00Z,1.354922,1.355289,1.354701,1.354903
2026-08-31T17:00:00Z,1.354922,1.355362,1.354683,1.355050
2026-08-31T18:00:00Z,1.355014,1.355197,1.354720,1.354995
2026-08-31T19:00:00Z,1.354903,1.355197,1.354628,1.354958
2026-08-31T20:00:00Z,1.355105,1.355197,1.354665,1.355050
2026-08-31T21:00:00Z,1.354977,1.355362,1.354757,1.355307
2026-08-31T22:00:00Z,1.355160,1.355216,1.354591,1.354683
2026-08-31T23:00:00Z,1.354573,1.354958,1.354445,1.354885
2026-09-01T00:00:00Z,1.354738,1.355951,1.354738,1.355271
2026-09-01T01:00:00Z,1.355271,1.355326,1.354316,1.354628
2026-09-01T02:00:00Z,1.354591,1.354665,1.354188,1.354665
2026-09-01T03:00:00Z,1.354536,1.354665,1.354151,1.354151
2026-09-01T04:00:00Z,1.354115,1.354353,1.353858,1.354353
2026-09-01T05:00:00Z,1.354298,1.354940,1.354298,1.354757
2026-09-01T06:00:00Z,1.354536,1.354701,1.353638,1.354151
2026-09-01T07:00:00Z,1.354169,1.354261,1.353235,1.353675
2026-09-01T08:00:00Z,1.353546,1.354206,1.353015,1.354206
2026-09-01T09:00:00Z,1.354188,1.354830,1.354005,1.354005
2026-09-01T10:00:00Z,1.354059,1.354390,1.353436,1.353565
2026-09-01T11:00:00Z,1.353290,1.353950,1.353088,1.353601
2026-09-01T12:00:00Z,1.353491,1.353601,1.352979,1.353070
2026-09-01T13:00:00Z,1.352814,1.354555,1.352649,1.354555
2026-09-01T14:00:00Z,1.354371,1.355216,1.353785,1.353785
2026-09-01T15:00:00Z,1.354005,1.354005,1.352448,1.352777
2026-09-01T16:00:00Z,1.352832,1.352832,1.351552,1.351552
2026-09-01T17:00:00Z,1.351516,1.352137,1.351242,1.351388
2026-09-01T18:00:00Z,1.351424,1.351662,1.350713,1.351443
2026-09-01T19:00:00Z,1.351461,1.351625,1.351041,1.351205
2026-09-01T20:00:00Z,1.351041,1.351753,1.351004,1.351662
2026-09-01T21:00:00Z,1.351370,1.352046,1.351096,1.351662
2026-09-01T22:00:00Z,1.351899,1.351991,1.351461,1.351570
2026-09-01T23:00:00Z,1.351516,1.351698,1.351388,1.351388
2026-09-02T00:00:00Z,1.351333,1.351534,1.350767,1.350767
2026-09-02T01:00:00Z,1.350840,1.350840,1.350330,1.350548
2026-09-02T02:00:00Z,1.350220,1.350858,1.350165,1.350731
2026-09-02T03:00:00Z,1.350749,1.350804,1.350165,1.350311
2026-09-02T04:00:00Z,1.350311,1.350311,1.349710,1.349710
2026-09-02T05:00:00Z,1.349710,1.350512,1.349528,1.350311
2026-09-02T06:00:00Z,1.350129,1.350840,1.349382,1.349382
2026-09-02T07:00:00Z,1.349619,1.351242,1.349218,1.351151
2026-09-02T08:00:00Z,1.351169,1.351443,1.350202,1.350202
2026-09-02T09:00:00Z,1.350111,1.350676,1.348690,1.348709
2026-09-02T10:00:00Z,1.348836,1.348836,1.347836,1.348436
2026-09-02T11:00:00Z,1.348436,1.349145,1.348181,1.348509
2026-09-02T12:00:00Z,1.348509,1.348872,1.347564,1.347564
2026-09-02T13:00:00Z,1.347654,1.351260,1.347600,1.351260
2026-09-02T14:00:00Z,1.351260,1.351260,1.349819,1.350530
2026-09-02T15:00:00Z,1.350457,1.351059,1.349546,1.350111
2026-09-02T16:00:00Z,1.350348,1.350384,1.349509,1.349509
2026-09-02T17:00:00Z,1.349509,1.349637,1.348581,1.348854
2026-09-02T18:00:00Z,1.348727,1.349036,1.348600,1.348618
2026-09-02T19:00:00Z,1.348654,1.348872,1.348309,1.348872
2026-09-02T20:00:00Z,1.348927,1.349127,1.348509,1.348763
2026-09-02T21:00:00Z,1.349164,1.349200,1.348418,1.348454
2026-09-02T22:00:00Z,1.348509,1.348509,1.348181,1.348399
2026-09-02T23:00:00Z,1.348418,1.348418,1.348090,1.348327
2026-09-03T00:00:00Z,1.348127,1.349036,1.348127,1.348836
2026-09-03T01:00:00Z,1.348836,1.349127,1.348127,1.348218
2026-09-03T02:00:00Z,1.348236,1.349254,1.348163,1.348945
2026-09-03T03:00:00Z,1.349000,1.349619,1.348945,1.349509
2026-09-03T04:00:00Z,1.349546,1.349837,1.349327,1.349418
2026-09-03T05:00:00Z,1.349455,1.349710,1.349073,1.349200
2026-09-03T06:00:00Z,1.349109,1.349874,1.348399,1.349273
2026-09-03T07:00:00Z,1.349437,1.350457,1.349236,1.350330
2026-09-03T08:00:00Z,1.350184,1.350731,1.349710,1.350038
2026-09-03T09:00:00Z,1.350293,1.350293,1.349054,1.349819
2026-09-03T10:00:00Z,1.349819,1.349892,1.348509,1.349491
2026-09-03T11:00:00Z,1.349273,1.349928,1.349000,1.349528
2026-09-03T12:00:00Z,1.349327,1.352155,1.349018,1.351899
2026-09-03T13:00:00Z,1.351771,1.351936,1.350402,1.351845
2026-09-03T14:00:00Z,1.351187,1.352082,1.350129,1.351808
2026-09-03T15:00:00Z,1.351991,1.354078,1.351991,1.353327
2026-09-03T16:00:00Z,1.353345,1.354830,1.353217,1.354536
2026-09-03T17:00:00Z,1.354536,1.354646,1.353986,1.354005
2026-09-03T18:00:00Z,1.354078,1.354408,1.353858,1.353913
2026-09-03T19:00:00Z,1.353913,1.354005,1.352375,1.352631
2026-09-03T20:00:00Z,1.352576,1.352979,1.352430,1.352503
2026-09-03T21:00:00Z,1.353308,1.353308,1.352558,1.352558
2026-09-03T22:00:00Z,1.352649,1.352649,1.352357,1.352430
2026-09-03T23:00:00Z,1.352466,1.352924,1.352430,1.352905
2026-09-04T00:00:00Z,1.352924,1.353381,1.352594,1.353052
2026-09-04T01:00:00Z,1.353088,1.353528,1.352924,1.353528
2026-09-04T02:00:00Z,1.353491,1.353766,1.353052,1.353198
2026-09-04T03:00:00Z,1.353198,1.353528,1.352704,1.352997
2026-09-04T04:00:00Z,1.353015,1.353308,1.353015,1.353217
2026-09-04T05:00:00Z,1.353198,1.353601,1.353070,1.353565
2026-09-04T06:00:00Z,1.353620,1.354536,1.353620,1.354169
2026-09-04T07:00:00Z,1.354408,1.354793,1.353400,1.353455
2026-09-04T08:00:00Z,1.353565,1.354353,1.353107,1.353345
2026-09-04T09:00:00Z,1.353143,1.353253,1.352320,1.352357
2026-09-04T10:00:00Z,1.352375,1.353528,1.352320,1.353235
2026-09-04T11:00:00Z,1.353271,1.353913,1.353235,1.353308
2026-09-04T12:00:00Z,1.353491,1.353620,1.348963,1.350457
2026-09-04T13:00:00Z,1.349965,1.352430,1.349582,1.350694
2026-09-04T14:00:00Z,1.350658,1.352320,1.350658,1.351497
2026-09-04T15:00:00Z,1.351424,1.352521,1.351132,1.352100
2026-09-04T16:00:00Z,1.352228,1.352430,1.351845,1.351918
2026-09-04T17:00:00Z,1.351771,1.351771,1.351224,1.351370
2026-09-04T18:00:00Z,1.351461,1.351461,1.351169,1.351424
2026-09-04T19:00:00Z,1.351406,1.352210,1.351406,1.351954
2026-09-04T20:00:00Z,1.351845,1.351991,1.351497,1.351698
2026-09-04T21:00:00Z,1.351698,1.351698,1.351698,1.351698
2026-09-06T23:00:00Z,1.351717,1.352027,1.351717,1.351771
2026-09-07T00:00:00Z,1.351808,1.352247,1.351625,1.352064
2026-09-07T01:00:00Z,1.352009,1.352009,1.351224,1.351224
2026-09-07T02:00:00Z,1.351278,1.351278,1.350658,1.350749
2026-09-07T03:00:00Z,1.350749,1.351297,1.350731,1.351114
2026-09-07T04:00:00Z,1.351151,1.351242,1.350895,1.351242
2026-09-07T05:00:00Z,1.351205,1.351936,1.351023,1.351918
2026-09-07T06:00:00Z,1.351845,1.353125,1.351516,1.352686
2026-09-07T07:00:00Z,1.352686,1.353308,1.352283,1.353308
2026-09-07T08:00:00Z,1.353253,1.354500,1.353125,1.353583
2026-09-07T09:00:00Z,1.353528,1.354335,1.353327,1.353656
2026-09-07T10:00:00Z,1.353656,1.354115,1.353418,1.353931
2026-09-07T11:00:00Z,1.353950,1.354023,1.353327,1.353327
2026-09-07T12:00:00Z,1.353327,1.353913,1.352960,1.353785
2026-09-07T13:00:00Z,1.353858,1.354023,1.353601,1.353876
2026-09-07T14:00:00Z,1.353858,1.354628,1.353711,1.354628
2026-09-07T15:00:00Z,1.354628,1.354757,1.354005,1.354023
2026-09-07T16:00:00Z,1.354041,1.354812,1.353894,1.354738
2026-09-07T17:00:00Z,1.354610,1.354628,1.354224,1.354298
2026-09-07T18:00:00Z,1.354316,1.354335,1.354096,1.354188
2026-09-07T19:00:00Z,1.354224,1.354224,1.353950,1.354041
2026-09-07T20:00:00Z,1.354023,1.354169,1.354023,1.354133
2026-09-07T21:00:00Z,1.354628,1.354628,1.353931,1.354335
2026-09-07T22:00:00Z,1.354298,1.354426,1.354169,1.354316
2026-09-07T23:00:00Z,1.354353,1.354940,1.354353,1.354738
2026-09-08T00:00:00Z,1.354665,1.354922,1.354206,1.354335
2026-09-08T01:00:00Z,1.354353,1.355014,1.354188,1.354812
2026-09-08T02:00:00Z,1.354867,1.354922,1.353510,1.353528
2026-09-08T03:00:00Z,1.353418,1.354023,1.353418,1.353840
2026-09-08T04:00:00Z,1.353894,1.354041,1.353638,1.354023
2026-09-08T05:00:00Z,1.354005,1.354408,1.353766,1.354408
2026-09-08T06:00:00Z,1.354463,1.355326,1.353565,1.353785
2026-09-08T07:00:00Z,1.353601,1.354115,1.352795,1.353143
2026-09-08T08:00:00Z,1.353198,1.353510,1.352393,1.352521
2026-09-08T09:00:00Z,1.352466,1.353327,1.352411,1.353143
2026-09-08T10:00:00Z,1.352887,1.353601,1.352265,1.352905
2026-09-08T11:00:00Z,1.352832,1.354536,1.352320,1.354536
2026-09-08T12:00:00Z,1.354335,1.355601,1.354335,1.355399
2026-09-08T13:00:00Z,1.355381,1.356153,1.354867,1.355105
2026-09-08T14:00:00Z,1.355307,1.355657,1.354298,1.355234
2026-09-08T15:00:00Z,1.355197,1.355418,1.354059,1.354224
2026-09-08T16:00:00Z,1.354115,1.354169,1.353125,1.353565
2026-09-08T17:00:00Z,1.353821,1.354206,1.353693,1.354206
2026-09-08T18:00:00Z,1.354206,1.355087,1.354005,1.354481
2026-09-08T19:00:00Z,1.354701,1.354775,1.353858,1.354041
2026-09-08T20:00:00Z,1.354005,1.354206,1.353675,1.354059
2026-09-08T21:00:00Z,1.353528,1.353950,1.353473,1.353711
2026-09-08T22:00:00Z,1.353950,1.354224,1.353950,1.354133
2026-09-08T23:00:00Z,1.354096,1.354426,1.354078,1.354371
2026-09-09T00:00:00Z,1.354500,1.354830,1.354408,1.354830
2026-09-09T01:00:00Z,1.354757,1.354793,1.354243,1.354738
2026-09-09T02:00:00Z,1.354646,1.354757,1.354169,1.354757
2026-09-09T03:00:00Z,1.354683,1.354903,1.354500,1.354518
2026-09-09T04:00:00Z,1.354536,1.355087,1.354518,1.355050
2026-09-09T05:00:00Z,1.355105,1.355528,1.354903,1.355289
2026-09-09T06:00:00Z,1.355326,1.356355,1.355326,1.355969
2026-09-09T07:00:00Z,1.356061,1.356797,1.355767,1.355877
2026-09-09T08:00:00Z,1.355914,1.355914,1.354298,1.354335
2026-09-09T09:00:00Z,1.354316,1.354867,1.353327,1.353327
2026-09-09T10:00:00Z,1.353418,1.354243,1.353125,1.353675
2026-09-09T11:00:00Z,1.353711,1.356392,1.353675,1.356098
2026-09-09T12:00:00Z,1.356337,1.356558,1.354867,1.355014
2026-09-09T13:00:00Z,1.355160,1.356135,1.354958,1.355822
2026-09-09T14:00:00Z,1.355785,1.356318,1.355785,1.356300
2026-09-09T15:00:00Z,1.356282,1.356282,1.353620,1.354701
2026-09-09T16:00:00Z,1.354775,1.355601,1.354610,1.355197
2026-09-09T17:00:00Z,1.355271,1.356061,1.355234,1.355951
2026-09-09T18:00:00Z,1.356006,1.356006,1.354555,1.354646
2026-09-09T19:00:00Z,1.354628,1.354775,1.354243,1.354610
2026-09-09T20:00:00Z,1.354573,1.354848,1.354151,1.354848
2026-09-09T21:00:00Z,1.355730,1.355987,1.354610,1.354812
2026-09-09T22:00:00Z,1.354995,1.355271,1.354610,1.355252
2026-09-09T23:00:00Z,1.355271,1.355362,1.354940,1.354940
2026-09-10T00:00:00Z,1.354940,1.354977,1.354536,1.354646
2026-09-10T01:00:00Z,1.354701,1.355822,1.354610,1.355822
2026-09-10T02:00:00Z,1.355822,1.356006,1.355289,1.355932
2026-09-10T03:00:00Z,1.356024,1.356024,1.355473,1.355748
2026-09-10T04:00:00Z,1.355693,1.355748,1.355307,1.355399
2026-09-10T05:00:00Z,1.355528,1.355859,1.355307,1.355859
2026-09-10T06:00:00Z,1.355803,1.355914,1.355491,1.355767
2026-09-10T07:00:00Z,1.355693,1.355693,1.355160,1.355399
2026-09-10T08:00:00Z,1.355399,1.355712,1.354720,1.355712
2026-09-10T09:00:00Z,1.355693,1.355767,1.354298,1.354903
2026-09-10T10:00:00Z,1.354922,1.355344,1.353748,1.353968
2026-09-10T11:00:00Z,1.353894,1.353968,1.352777,1.352979
2026-09-10T12:00:00Z,1.353015,1.353015,1.349346,1.350840
2026-09-10T13:00:00Z,1.351059,1.352009,1.349874,1.351753
2026-09-10T14:00:00Z,1.351771,1.352924,1.351443,1.352924
2026-09-10T15:00:00Z,1.352924,1.353363,1.352722,1.353143
2026-09-10T16:00:00Z,1.353198,1.353217,1.352283,1.352448
2026-09-10T17:00:00Z,1.352357,1.353033,1.352082,1.352082
2026-09-10T18:00:00Z,1.352082,1.352119,1.351114,1.351333
2026-09-10T19:00:00Z,1.351315,1.351315,1.350822,1.351004
2026-09-10T20:00:00Z,1.350968,1.351242,1.350494,1.351242
2026-09-10T21:00:00Z,1.351954,1.351972,1.350275,1.351242
2026-09-10T22:00:00Z,1.351078,1.351333,1.351041,1.351260
2026-09-10T23:00:00Z,1.351169,1.351315,1.350913,1.351041
2026-09-11T00:00:00Z,1.351096,1.351589,1.351096,1.351589
2026-09-11T01:00:00Z,1.351589,1.351644,1.350785,1.350877
2026-09-11T02:00:00Z,1.350895,1.350895,1.350111,1.350475
2026-09-11T03:00:00Z,1.350475,1.350494,1.349582,1.350020
2026-09-11T04:00:00Z,1.349965,1.350694,1.349947,1.350366
2026-09-11T05:00:00Z,1.350275,1.351461,1.350257,1.351132
2026-09-11T06:00:00Z,1.351644,1.352649,1.351461,1.352503
2026-09-11T07:00:00Z,1.352612,1.352612,1.351461,1.351625
2026-09-11T08:00:00Z,1.351644,1.351735,1.350567,1.350640
2026-09-11T09:00:00Z,1.350676,1.351260,1.349947,1.350840
2026-09-11T10:00:00Z,1.350986,1.351260,1.350257,1.350530
2026-09-11T11:00:00Z,1.350676,1.351096,1.350293,1.350293
2026-09-11T12:00:00Z,1.350585,1.352228,1.348381,1.352228
2026-09-11T13:00:00Z,1.352539,1.353381,1.351570,1.353381
2026-09-11T14:00:00Z,1.352814,1.353345,1.352247,1.352997
2026-09-11T15:00:00Z,1.352942,1.353162,1.351881,1.352082
2026-09-11T16:00:00Z,1.352228,1.352612,1.352100,1.352393
2026-09-11T17:00:00Z,1.352302,1.352686,1.351790,1.352375
2026-09-11T18:00:00Z,1.352357,1.352814,1.351972,1.352503
2026-09-11T19:00:00Z,1.352393,1.352832,1.352393,1.352704
2026-09-11T20:00:00Z,1.352795,1.352905,1.352357,1.352869
2026-09-11T21:00:00Z,1.352887,1.352887,1.352887,1.352887
2026-09-13T23:00:00Z,1.352320,1.352649,1.352064,1.352594
2026-09-14T00:00:00Z,1.352430,1.352795,1.351625,1.351881
2026-09-14T01:00:00Z,1.351863,1.351918,1.351351,1.351753
2026-09-14T02:00:00Z,1.351717,1.351972,1.351278,1.351297
2026-09-14T03:00:00Z,1.351169,1.351169,1.350384,1.350603
2026-09-14T04:00:00Z,1.350585,1.350713,1.350257,1.350421
2026-09-14T05:00:00Z,1.350402,1.350640,1.350147,1.350621
2026-09-14T06:00:00Z,1.350548,1.350548,1.348763,1.349145
2026-09-14T07:00:00Z,1.349036,1.349910,1.348891,1.349236
2026-09-14T08:00:00Z,1.349127,1.349127,1.348018,1.348418
2026-09-14T09:00:00Z,1.348527,1.349127,1.347473,1.348818
2026-09-14T10:00:00Z,1.348545,1.348872,1.347909,1.348618
2026-09-14T11:00:00Z,1.348672,1.349655,1.348672,1.349091
2026-09-14T12:00:00Z,1.349200,1.349546,1.346838,1.346856
2026-09-14T13:00:00Z,1.346910,1.347763,1.346529,1.346838
2026-09-14T14:00:00Z,1.346965,1.348181,1.346584,1.347455
2026-09-14T15:00:00Z,1.347654,1.349364,1.347418,1.349291
2026-09-14T16:00:00Z,1.349382,1.350913,1.349145,1.350603
2026-09-14T17:00:00Z,1.350713,1.350986,1.350494,1.350840
2026-09-14T18:00:00Z,1.350804,1.351406,1.350694,1.351114
2026-09-14T19:00:00Z,1.351187,1.351224,1.350056,1.350056
2026-09-14T20:00:00Z,1.349910,1.350220,1.349673,1.350111
2026-09-14T21:00:00Z,1.350457,1.351041,1.349728,1.349928
2026-09-14T22:00:00Z,1.350056,1.350530,1.349837,1.350530
2026-09-14T23:00:00Z,1.350402,1.350494,1.349910,1.350165
2026-09-15T00:00:00Z,1.350038,1.350056,1.349546,1.349619
2026-09-15T01:00:00Z,1.349455,1.349655,1.348636,1.348672
2026-09-15T02:00:00Z,1.348781,1.348981,1.348418,1.348927
2026-09-15T03:00:00Z,1.349000,1.349036,1.348618,1.348636
2026-09-15T04:00:00Z,1.348618,1.348727,1.348363,1.348436
2026-09-15T05:00:00Z,1.348527,1.348654,1.348199,1.348254
2026-09-15T06:00:00Z,1.348127,1.348145,1.346493,1.346983
2026-09-15T07:00:00Z,1.347074,1.347981,1.346692,1.347981
2026-09-15T08:00:00Z,1.348000,1.348000,1.347001,1.347455
2026-09-15T09:00:00Z,1.347564,1.348163,1.346874,1.347945
2026-09-15T10:00:00Z,1.347963,1.347963,1.347509,1.347564
2026-09-15T11:00:00Z,1.347527,1.348963,1.347527,1.348490
2026-09-15T12:00:00Z,1.348363,1.348854,1.348127,1.348327
2026-09-15T13:00:00Z,1.348345,1.349655,1.348036,1.349382
2026-09-15T14:00:00Z,1.349273,1.349546,1.348781,1.348836
2026-09-15T15:00:00Z,1.348872,1.349073,1.347473,1.347890
2026-09-15T16:00:00Z,1.347782,1.348163,1.347074,1.348163
2026-09-15T17:00:00Z,1.348272,1.348272,1.347473,1.347509
2026-09-15T18:00:00Z,1.347546,1.348181,1.347309,1.348090
2026-09-15T19:00:00Z,1.348090,1.348090,1.347418,1.347418
2026-09-15T20:00:00Z,1.347418,1.347818,1.347182,1.347818
2026-09-15T21:00:00Z,1.348381,1.348381,1.346529,1.347382
2026-09-15T22:00:00Z,1.347890,1.348000,1.347436,1.347654
2026-09-15T23:00:00Z,1.347600,1.347600,1.347001,1.347110
2026-09-16T00:00:00Z,1.347110,1.347364,1.346747,1.347019
2026-09-16T01:00:00Z,1.346928,1.347110,1.346584,1.346584
2026-09-16T02:00:00Z,1.346729,1.347981,1.346692,1.347963
2026-09-16T03:00:00Z,1.348072,1.348254,1.347818,1.348036
2026-09-16T04:00:00Z,1.348072,1.348618,1.348054,1.348490
2026-09-16T05:00:00Z,1.348509,1.349528,1.348399,1.349236
2026-09-16T06:00:00Z,1.349109,1.349109,1.347673,1.348090
2026-09-16T07:00:00Z,1.347981,1.348454,1.347182,1.347219
2026-09-16T08:00:00Z,1.347146,1.347400,1.346747,1.347164
2026-09-16T09:00:00Z,1.347055,1.347382,1.346801,1.346801
2026-09-16T10:00:00Z,1.346874,1.347146,1.346656,1.347019
2026-09-16T11:00:00Z,1.347219,1.347219,1.345569,1.345641
2026-09-16T12:00:00Z,1.345641,1.346040,1.344863,1.345696
2026-09-16T13:00:00Z,1.345804,1.346112,1.345026,1.345026
2026-09-16T14:00:00Z,1.345044,1.346239,1.344682,1.345442
2026-09-16T15:00:00Z,1.345424,1.345841,1.344556,1.344574
2026-09-16T16:00:00Z,1.344447,1.345098,1.344339,1.344628
2026-09-16T17:00:00Z,1.344556,1.345080,1.344032,1.345080
2026-09-16T18:00:00Z,1.343996,1.343996,1.338222,1.338222
2026-09-16T19:00:00Z,1.338652,1.339154,1.337453,1.338706
2026-09-16T20:00:00Z,1.338706,1.338903,1.337560,1.338043
2026-09-16T21:00:00Z,1.338097,1.338473,1.337811,1.337918
2026-09-16T22:00:00Z,1.337846,1.338491,1.337524,1.338097
2026-09-16T23:00:00Z,1.337918,1.338616,1.337918,1.338222
2026-09-17T00:00:00Z,1.338330,1.338742,1.337256,1.337274
2026-09-17T01:00:00Z,1.337256,1.337900,1.337077,1.337131
2026-09-17T02:00:00Z,1.337399,1.337703,1.336988,1.337131
2026-09-17T03:00:00Z,1.337167,1.337506,1.337041,1.337399
2026-09-17T04:00:00Z,1.337363,1.338169,1.337363,1.338169
2026-09-17T05:00:00Z,1.338169,1.338366,1.337882,1.338187
2026-09-17T06:00:00Z,1.338151,1.340195,1.338133,1.339908
2026-09-17T07:00:00Z,1.339818,1.339818,1.338688,1.338921
2026-09-17T08:00:00Z,1.338885,1.339585,1.338007,1.339495
2026-09-17T09:00:00Z,1.339603,1.339926,1.339351,1.339423
2026-09-17T10:00:00Z,1.339495,1.340608,1.339495,1.340518
2026-09-17T11:00:00Z,1.339172,1.339172,1.335078,1.337023
2026-09-17T12:00:00Z,1.337059,1.339549,1.337059,1.338706
2026-09-17T13:00:00Z,1.338832,1.338832,1.337202,1.337417
2026-09-17T14:00:00Z,1.337417,1.338043,1.335256,1.335345
2026-09-17T15:00:00Z,1.335470,1.336005,1.333760,1.334579
2026-09-17T16:00:00Z,1.334508,1.335149,1.333974,1.334935
2026-09-17T17:00:00Z,1.334846,1.335310,1.334650,1.334882
2026-09-17T18:00:00Z,1.335024,1.335613,1.334935,1.335310
2026-09-17T19:00:00Z,1.335399,1.335970,1.335381,1.335827
2026-09-17T20:00:00Z,1.335898,1.335898,1.335363,1.335845
2026-09-17T21:00:00Z,1.335203,1.336309,1.335167,1.335684
2026-09-17T22:00:00Z,1.335631,1.336077,1.335631,1.335987
2026-09-17T23:00:00Z,1.335970,1.336023,1.335631,1.335631
2026-09-18T00:00:00Z,1.335666,1.336220,1.335666,1.336112
2026-09-18T01:00:00Z,1.336237,1.336309,1.335702,1.336309
2026-09-18T02:00:00Z,1.336220,1.336220,1.335791,1.335970
2026-09-18T03:00:00Z,1.336112,1.337327,1.336023,1.337256
2026-09-18T04:00:00Z,1.337453,1.337596,1.336970,1.336970
2026-09-18T05:00:00Z,1.337095,1.337095,1.336148,1.336220
2026-09-18T06:00:00Z,1.336505,1.337471,1.336434,1.337095
2026-09-18T07:00:00Z,1.337095,1.337292,1.336202,1.336773
2026-09-18T08:00:00Z,1.336773,1.337310,1.336612,1.337113
2026-09-18T09:00:00Z,1.337113,1.337292,1.336577,1.337131
2026-09-18T10:00:00Z,1.337023,1.337202,1.335096,1.335417
2026-09-18T11:00:00Z,1.335809,1.336416,1.334347,1.334739
2026-09-18T12:00:00Z,1.334739,1.335131,1.333653,1.334935
2026-09-18T13:00:00Z,1.334810,1.335024,1.334098,1.334223
2026-09-18T14:00:00Z,1.334009,1.336452,1.334009,1.336095
2026-09-18T15:00:00Z,1.335898,1.337667,1.335738,1.337095
2026-09-18T16:00:00Z,1.337131,1.338598,1.336988,1.338294
2026-09-18T17:00:00Z,1.338419,1.339459,1.338366,1.338921
2026-09-18T18:00:00Z,1.339011,1.339298,1.338796,1.339047
2026-09-18T19:00:00Z,1.339244,1.339764,1.339065,1.339477
2026-09-18T20:00:00Z,1.339513,1.339854,1.339369,1.339459
2026-09-18T21:00:00Z,1.339351,1.339351,1.339351,1.339351
2026-09-20T23:00:00Z,1.338975,1.339154,1.338832,1.338903
2026-09-21T00:00:00Z,1.339029,1.339244,1.338832,1.338939
2026-09-21T01:00:00Z,1.338885,1.339334,1.338885,1.338975
2026-09-21T02:00:00Z,1.338975,1.339011,1.338276,1.338330
2026-09-21T03:00:00Z,1.338330,1.338742,1.338187,1.338240
2026-09-21T04:00:00Z,1.338294,1.338401,1.337435,1.337846
2026-09-21T05:00:00Z,1.337811,1.337918,1.337596,1.337614
2026-09-21T06:00:00Z,1.337649,1.338348,1.337363,1.337775
2026-09-21T07:00:00Z,1.337721,1.338240,1.336952,1.338061
2026-09-21T08:00:00Z,1.338115,1.338885,1.338061,1.338312
2026-09-21T09:00:00Z,1.338348,1.338742,1.338097,1.338330
2026-09-21T10:00:00Z,1.338419,1.338563,1.338061,1.338061
2026-09-21T11:00:00Z,1.338204,1.339764,1.338204,1.339423
2026-09-21T12:00:00Z,1.339513,1.340016,1.338957,1.339172
2026-09-21T13:00:00Z,1.339226,1.339459,1.338061,1.338079
2026-09-21T14:00:00Z,1.338025,1.338025,1.337023,1.337399
2026-09-21T15:00:00Z,1.337399,1.337524,1.336791,1.336988
2026-09-21T16:00:00Z,1.337095,1.337524,1.336881,1.336970
2026-09-21T17:00:00Z,1.336827,1.337345,1.336827,1.337059
2026-09-21T18:00:00Z,1.337006,1.337345,1.336541,1.336809
2026-09-21T19:00:00Z,1.336881,1.337489,1.336845,1.336881
2026-09-21T20:00:00Z,1.336791,1.337167,1.336702,1.336934
2026-09-21T21:00:00Z,1.336488,1.337435,1.336470,1.337023
2026-09-21T22:00:00Z,1.336845,1.337113,1.336791,1.337095
2026-09-21T23:00:00Z,1.337077,1.337131,1.336773,1.336845
2026-09-22T00:00:00Z,1.336898,1.337614,1.336898,1.337417
2026-09-22T01:00:00Z,1.337542,1.337542,1.336309,1.336541
2026-09-22T02:00:00Z,1.336470,1.337578,1.336470,1.337489
2026-09-22T03:00:00Z,1.337506,1.338437,1.337399,1.338384
2026-09-22T04:00:00Z,1.338294,1.338742,1.338169,1.338742
2026-09-22T05:00:00Z,1.338724,1.338760,1.338061,1.338187
2026-09-22T06:00:00Z,1.338079,1.338079,1.336809,1.337345
2026-09-22T07:00:00Z,1.337327,1.337399,1.335773,1.335773
2026-09-22T08:00:00Z,1.335470,1.336380,1.332924,1.335684
2026-09-22T09:00:00Z,1.335666,1.337113,1.334917,1.337113
2026-09-22T10:00:00Z,1.336988,1.337327,1.336398,1.336505
2026-09-22T11:00:00Z,1.336612,1.336612,1.335524,1.336112
2026-09-22T12:00:00Z,1.336202,1.337077,1.335488,1.335595
2026-09-22T13:00:00Z,1.335595,1.336595,1.335488,1.336041
2026-09-22T14:00:00Z,1.335916,1.336309,1.334454,1.334650
2026-09-22T15:00:00Z,1.334704,1.334704,1.332410,1.332410
2026-09-22T16:00:00Z,1.332427,1.333191,1.332232,1.333191
2026-09-22T17:00:00Z,1.332960,1.333476,1.332392,1.333315
2026-09-22T18:00:00Z,1.333191,1.333814,1.333031,1.333458
2026-09-22T19:00:00Z,1.333493,1.334953,1.333493,1.334330
2026-09-22T20:00:00Z,1.334383,1.334668,1.334169,1.334330
2026-09-22T21:00:00Z,1.334775,1.335113,1.334098,1.334508
2026-09-22T22:00:00Z,1.334419,1.334597,1.334116,1.334330
2026-09-22T23:00:00Z,1.334312,1.334632,1.334205,1.334294
2026-09-23T00:00:00Z,1.334294,1.334437,1.333796,1.333849
2026-09-23T01:00:00Z,1.333814,1.333814,1.332676,1.332747
2026-09-23T02:00:00Z,1.332853,1.332853,1.332339,1.332463
2026-09-23T03:00:00Z,1.332427,1.332445,1.331629,1.331629
2026-09-23T04:00:00Z,1.331647,1.332037,1.331540,1.331664
2026-09-23T05:00:00Z,1.331647,1.331806,1.331168,1.331327
2026-09-23T06:00:00Z,1.331327,1.332232,1.330920,1.331735
2026-09-23T07:00:00Z,1.331859,1.331859,1.330159,1.330247
2026-09-23T08:00:00Z,1.330265,1.330902,1.329416,1.330318
2026-09-23T09:00:00Z,1.330159,1.330176,1.328092,1.328215
2026-09-23T10:00:00Z,1.328057,1.329080,1.327845,1.328992
2026-09-23T11:00:00Z,1.329186,1.329628,1.327492,1.328021
2026-09-23T12:00:00Z,1.328074,1.328074,1.326453,1.327492
2026-09-23T13:00:00Z,1.327633,1.328886,1.325311,1.326190
2026-09-23T14:00:00Z,1.326313,1.326788,1.324960,1.326418
2026-09-23T15:00:00Z,1.326541,1.326594,1.324889,1.325223
2026-09-23T16:00:00Z,1.325170,1.325381,1.323189,1.323382
2026-09-23T17:00:00Z,1.323346,1.325504,1.322471,1.325293
2026-09-23T18:00:00Z,1.325311,1.325399,1.323960,1.324258
2026-09-23T19:00:00Z,1.324345,1.324556,1.323960,1.324223
2026-09-23T20:00:00Z,1.324188,1.324679,1.323820,1.324082
2026-09-23T21:00:00Z,1.323960,1.324960,1.323960,1.324293
2026-09-23T22:00:00Z,1.324065,1.324381,1.324065,1.324240
2026-09-23T23:00:00Z,1.324205,1.324328,1.323767,1.323907
2026-09-24T00:00:00Z,1.323890,1.324065,1.322419,1.322786
2026-09-24T01:00:00Z,1.322926,1.323732,1.322926,1.323189
2026-09-24T02:00:00Z,1.323259,1.324328,1.322559,1.324275
2026-09-24T03:00:00Z,1.324310,1.324503,1.323557,1.323574
2026-09-24T04:00:00Z,1.323522,1.324521,1.323382,1.324293
2026-09-24T05:00:00Z,1.324205,1.324468,1.323364,1.323364
2026-09-24T06:00:00Z,1.323294,1.324960,1.323294,1.324275
2026-09-24T07:00:00Z,1.324503,1.325627,1.324047,1.324837
2026-09-24T08:00:00Z,1.324784,1.325539,1.323136,1.323784
2026-09-24T09:00:00Z,1.323732,1.324118,1.322646,1.322874
2026-09-24T10:00:00Z,1.322909,1.323014,1.321528,1.322926
2026-09-24T11:00:00Z,1.322926,1.323189,1.322174,1.322192
2026-09-24T12:00:00Z,1.322279,1.323311,1.321580,1.323311
2026-09-24T13:00:00Z,1.323241,1.323364,1.321790,1.322244
2026-09-24T14:00:00Z,1.322034,1.322664,1.321196,1.321825
2026-09-24T15:00:00Z,1.321860,1.322017,1.321056,1.321475
2026-09-24T16:00:00Z,1.321685,1.323977,1.321336,1.323014
2026-09-24T17:00:00Z,1.322874,1.323434,1.321196,1.321336
2026-09-24T18:00:00Z,1.321301,1.322139,1.320585,1.321895
2026-09-24T19:00:00Z,1.321790,1.322069,1.321266,1.322069
2026-09-24T20:00:00Z,1.322087,1.322104,1.321248,1.321912
2026-09-24T21:00:00Z,1.321336,1.322122,1.321336,1.321440
2026-09-24T22:00:00Z,1.321667,1.321947,1.321493,1.321702
2026-09-24T23:00:00Z,1.321633,1.321755,1.321039,1.321039
2026-09-25T00:00:00Z,1.321074,1.321598,1.321021,1.321598
2026-09-25T01:00:00Z,1.321475,1.322349,1.321371,1.321493
2026-09-25T02:00:00Z,1.321563,1.321929,1.321371,1.321388
2026-09-25T03:00:00Z,1.321371,1.321388,1.321074,1.321248
2026-09-25T04:00:00Z,1.321196,1.321423,1.321126,1.321336
2026-09-25T05:00:00Z,1.321336,1.322017,1.321301,1.321790
2026-09-25T06:00:00Z,1.321877,1.322926,1.321772,1.322471
2026-09-25T07:00:00Z,1.322506,1.323084,1.321807,1.323084
2026-09-25T08:00:00Z,1.323154,1.324065,1.322944,1.323399
2026-09-25T09:00:00Z,1.323346,1.324100,1.323154,1.324100
2026-09-25T10:00:00Z,1.324100,1.324995,1.324100,1.324486
2026-09-25T11:00:00Z,1.324433,1.325732,1.324433,1.325170
2026-09-25T12:00:00Z,1.325047,1.325768,1.324819,1.325609
2026-09-25T13:00:00Z,1.325803,1.326277,1.324977,1.325381
2026-09-25T14:00:00Z,1.325399,1.325399,1.324082,1.324556
2026-09-25T15:00:00Z,1.324486,1.324644,1.322996,1.324381
2026-09-25T16:00:00Z,1.324942,1.326190,1.323942,1.324363
