time,open,high,low,close
2025-09-24T06:00:00Z,147.876999,148.106003,147.863998,148.052994
2025-09-24T07:00:00Z,148.052994,148.100006,147.998993,148.039001
2025-09-24T08:00:00Z,148.037994,148.292007,148.011002,148.264008
2025-09-24T09:00:00Z,148.259995,148.343994,148.203003,148.272003
2025-09-24T10:00:00Z,148.278000,148.421005,148.272003,148.389999
2025-09-24T11:00:00Z,148.389999,148.518005,148.369003,148.494995
2025-09-24T12:00:00Z,148.494995,148.716003,148.425995,148.667007
2025-09-24T13:00:00Z,148.664993,148.774994,148.610992,148.699997
2025-09-24T14:00:00Z,148.709000,148.779999,148.587006,148.705994
2025-09-24T15:00:00Z,148.705994,148.774002,148.690002,148.707001
2025-09-24T16:00:00Z,148.712006,148.792007,148.679993,148.759995
2025-09-24T17:00:00Z,148.759995,148.766998,148.699997,148.733994
2025-09-24T18:00:00Z,148.735992,148.871994,148.731995,148.835007
2025-09-24T19:00:00Z,148.843002,148.888000,148.830002,148.854996
2025-09-24T20:00:00Z,148.858994,148.914993,148.848999,148.889999
2025-09-24T21:00:00Z,148.891998,148.891998,148.671997,148.768005
2025-09-24T22:00:00Z,148.753998,148.848999,148.753998,148.794998
2025-09-24T23:00:00Z,148.798996,148.832993,148.720993,148.778000
2025-09-25T00:00:00Z,148.778000,148.792007,148.557007,148.569000
2025-09-25T01:00:00Z,148.569000,148.858994,148.554001,148.746994
2025-09-25T02:00:00Z,148.746994,148.757996,148.608994,148.744003
2025-09-25T03:00:00Z,148.748001,148.774002,148.654007,148.667999
2025-09-25T04:00:00Z,148.664001,148.699997,148.595001,148.600006
2025-09-25T05:00:00Z,148.602005,148.813004,148.593002,148.806000
2025-09-25T06:00:00Z,148.804993,148.860992,148.723999,148.778000
2025-09-25T07:00:00Z,148.781006,148.826996,148.630005,148.822006
2025-09-25T08:00:00Z,148.815002,148.824005,148.658005,148.737000
2025-09-25T09:00:00Z,148.737000,148.811996,148.679993,148.785995
2025-09-25T10:00:00Z,148.791000,148.798996,148.720001,148.798996
2025-09-25T11:00:00Z,148.794998,148.893005,148.789993,148.830002
2025-09-25T12:00:00Z,148.835007,149.354996,148.794006,149.242004
2025-09-25T13:00:00Z,149.237000,149.475006,149.132004,149.421997
2025-09-25T14:00:00Z,149.425003,149.636002,149.335007,149.630005
2025-09-25T15:00:00Z,149.628998,149.843002,149.619003,149.783005
2025-09-25T16:00:00Z,149.785004,149.865997,149.703995,149.806000
2025-09-25T17:00:00Z,149.813004,149.919998,149.753006,149.804993
2025-09-25T18:00:00Z,149.804993,149.927994,149.720001,149.882996
2025-09-25T19:00:00Z,149.886002,149.897003,149.720993,149.770996
2025-09-25T20:00:00Z,149.766998,149.811005,149.740997,149.783997
2025-09-25T21:00:00Z,149.781998,149.824005,149.723007,149.759995
2025-09-25T22:00:00Z,149.740997,149.804993,149.710007,149.751007
2025-09-25T23:00:00Z,149.729004,149.955994,149.725006,149.867996
2025-09-26T00:00:00Z,149.867996,149.945007,149.632004,149.679001
2025-09-26T01:00:00Z,149.677994,149.848007,149.626999,149.822006
2025-09-26T02:00:00Z,149.824997,149.832001,149.686005,149.716995
2025-09-26T03:00:00Z,149.716995,149.744003,149.666000,149.699997
2025-09-26T04:00:00Z,149.699997,149.729996,149.638000,149.639008
2025-09-26T05:00:00Z,149.639008,149.720993,149.610992,149.707993
2025-09-26T06:00:00Z,149.710007,149.798004,149.690002,149.716995
2025-09-26T07:00:00Z,149.720001,149.884995,149.718994,149.845993
2025-09-26T08:00:00Z,149.841995,149.848007,149.645004,149.744003
2025-09-26T09:00:00Z,149.744995,149.796005,149.705994,149.781006
2025-09-26T10:00:00Z,149.785004,149.951004,149.774002,149.886002
2025-09-26T11:00:00Z,149.891998,149.897995,149.750000,149.781998
2025-09-26T12:00:00Z,149.781998,149.839005,149.580994,149.623001
2025-09-26T13:00:00Z,149.617996,149.783005,149.505005,149.735001
2025-09-26T14:00:00Z,149.740997,149.740997,149.457001,149.498001
2025-09-26T15:00:00Z,149.496994,149.574005,149.419998,149.518997
2025-09-26T16:00:00Z,149.518997,149.595001,149.488007,149.552002
2025-09-26T17:00:00Z,149.546005,149.559998,149.472000,149.514999
2025-09-26T18:00:00Z,149.516998,149.552994,149.399994,149.434006
2025-09-26T19:00:00Z,149.440002,149.559006,149.431000,149.501999
2025-09-26T20:00:00Z,149.505997,149.548996,149.438995,149.453995
2025-09-28T23:00:00Z,149.464005,149.473999,149.332993,149.410004
2025-09-29T00:00:00Z,149.408005,149.421005,149.106003,149.171997
2025-09-29T01:00:00Z,149.171005,149.279007,149.011993,149.085999
2025-09-29T02:00:00Z,149.089005,149.104996,148.895996,148.938004
2025-09-29T03:00:00Z,148.936996,148.959000,148.878998,148.929001
2025-09-29T04:00:00Z,148.931000,148.977997,148.882004,148.942993
2025-09-29T05:00:00Z,148.942993,148.979004,148.737000,148.776993
2025-09-29T06:00:00Z,148.772995,148.852997,148.705002,148.817001
2025-09-29T07:00:00Z,148.822006,148.837006,148.516998,148.570007
2025-09-29T08:00:00Z,148.572998,148.621002,148.466995,148.522003
2025-09-29T09:00:00Z,148.522995,148.634995,148.466995,148.598007
2025-09-29T10:00:00Z,148.598007,148.684998,148.565994,148.664993
2025-09-29T11:00:00Z,148.662003,148.798996,148.615997,148.628998
2025-09-29T12:00:00Z,148.623993,148.811996,148.570007,148.598007
2025-09-29T13:00:00Z,148.598007,148.738007,148.475006,148.576996
2025-09-29T14:00:00Z,148.572998,148.651993,148.524994,148.643997
2025-09-29T15:00:00Z,148.649994,148.651001,148.494995,148.567993
2025-09-29T16:00:00Z,148.563004,148.615005,148.552994,148.578003
2025-09-29T17:00:00Z,148.574997,148.647995,148.544998,148.580994
2025-09-29T18:00:00Z,148.580002,148.641006,148.539993,148.634003
2025-09-29T19:00:00Z,148.632004,148.673996,148.552002,148.626999
2025-09-29T20:00:00Z,148.626007,148.695999,148.559006,148.578003
2025-09-29T21:00:00Z,148.582993,148.651001,148.529007,148.582001
2025-09-29T22:00:00Z,148.576004,148.653000,148.554993,148.595993
2025-09-29T23:00:00Z,148.591995,148.630005,148.494995,148.613007
2025-09-30T00:00:00Z,148.613998,148.845001,148.546005,148.789993
2025-09-30T01:00:00Z,148.792999,148.792999,148.595993,148.746994
2025-09-30T02:00:00Z,148.746002,148.802002,148.621994,148.714005
2025-09-30T03:00:00Z,148.710999,148.720993,148.507996,148.511002
2025-09-30T04:00:00Z,148.511002,148.591003,148.382996,148.401993
2025-09-30T05:00:00Z,148.397003,148.444000,148.220001,148.285004
2025-09-30T06:00:00Z,148.281006,148.350998,148.042007,148.072006
2025-09-30T07:00:00Z,148.061996,148.177994,147.934998,148.046997
2025-09-30T08:00:00Z,148.044998,148.093994,147.832001,147.852997
2025-09-30T09:00:00Z,147.850006,147.985992,147.826004,147.968002
2025-09-30T10:00:00Z,147.968002,148.035995,147.893997,148.024002
2025-09-30T11:00:00Z,148.020004,148.098007,147.960007,147.964005
2025-09-30T12:00:00Z,147.966003,148.026001,147.889999,147.951004
2025-09-30T13:00:00Z,147.955002,148.061996,147.802994,147.908997
2025-09-30T14:00:00Z,147.897003,148.003998,147.647003,147.681000
2025-09-30T15:00:00Z,147.684006,148.018005,147.654999,147.966995
2025-09-30T16:00:00Z,147.962006,147.966003,147.699005,147.738007
2025-09-30T17:00:00Z,147.735992,147.847000,147.645004,147.776993
2025-09-30T18:00:00Z,147.781006,147.882996,147.764008,147.863007
2025-09-30T19:00:00Z,147.871002,147.923996,147.822998,147.860001
2025-09-30T20:00:00Z,147.865005,147.979996,147.852997,147.893005
2025-09-30T21:00:00Z,147.884003,147.884003,147.778000,147.839996
2025-09-30T22:00:00Z,147.845001,147.923004,147.800003,147.906006
2025-09-30T23:00:00Z,147.908997,148.028000,147.800995,148.020996
2025-10-01T00:00:00Z,148.016006,148.225998,148.014999,148.100998
2025-10-01T01:00:00Z,148.102005,148.167007,147.934998,147.949005
2025-10-01T02:00:00Z,147.949005,148.039001,147.880997,147.910995
2025-10-01T03:00:00Z,147.908997,147.998993,147.863007,147.925003
2025-10-01T04:00:00Z,147.921005,147.957001,147.544006,147.550003
2025-10-01T05:00:00Z,147.552994,147.641998,147.453995,147.522003
2025-10-01T06:00:00Z,147.526993,147.526993,147.162994,147.225998
2025-10-01T07:00:00Z,147.229996,147.322006,147.013000,147.123001
2025-10-01T08:00:00Z,147.119003,147.153000,146.891998,147.149002
2025-10-01T09:00:00Z,147.143997,147.227005,147.065002,147.203003
2025-10-01T10:00:00Z,147.205994,147.266006,147.050995,147.072998
2025-10-01T11:00:00Z,147.074005,147.108002,146.990005,146.996994
2025-10-01T12:00:00Z,147.000000,147.117004,146.580002,146.794006
2025-10-01T13:00:00Z,146.789993,146.873001,146.612000,146.714996
2025-10-01T14:00:00Z,146.714005,147.048996,146.682999,146.858002
2025-10-01T15:00:00Z,146.860001,147.210999,146.837006,147.149994
2025-10-01T16:00:00Z,147.141006,147.253998,147.089005,147.156006
2025-10-01T17:00:00Z,147.156998,147.190994,147.108994,147.166000
2025-10-01T18:00:00Z,147.162994,147.229004,147.016998,147.084000
2025-10-01T19:00:00Z,147.087997,147.158997,147.046997,147.091995
2025-10-01T20:00:00Z,147.091995,147.166000,147.029999,147.046005
2025-10-01T21:00:00Z,147.044006,147.057999,147.013000,147.020996
2025-10-01T22:00:00Z,147.035995,147.065994,146.992996,147.005005
2025-10-01T23:00:00Z,147.003998,147.112000,146.992996,147.104004
2025-10-02T00:00:00Z,147.108002,147.322006,147.102005,147.188004
2025-10-02T01:00:00Z,147.188004,147.225006,146.953003,146.981003
2025-10-02T02:00:00Z,146.979996,147.184998,146.932007,147.160004
2025-10-02T03:00:00Z,147.160995,147.195007,147.046005,147.080994
2025-10-02T04:00:00Z,147.080994,147.199005,147.067993,147.167999
2025-10-02T05:00:00Z,147.167999,147.266998,147.112000,147.160004
2025-10-02T06:00:00Z,147.158005,147.380005,146.884995,147.156006
2025-10-02T07:00:00Z,147.156006,147.216003,147.005997,147.076996
2025-10-02T08:00:00Z,147.076004,147.082001,146.720993,146.789001
2025-10-02T09:00:00Z,146.787994,146.809006,146.593994,146.615997
2025-10-02T10:00:00Z,146.617996,146.770004,146.615997,146.639008
2025-10-02T11:00:00Z,146.636002,146.860992,146.619995,146.792007
2025-10-02T12:00:00Z,146.791000,147.199005,146.738998,147.156998
2025-10-02T13:00:00Z,147.160004,147.268005,147.052994,147.218002
2025-10-02T14:00:00Z,147.223007,147.343002,147.147003,147.328995
2025-10-02T15:00:00Z,147.326004,147.514008,147.322998,147.343994
2025-10-02T16:00:00Z,147.345993,147.365997,147.156998,147.160995
2025-10-02T17:00:00Z,147.162994,147.235992,147.136002,147.173996
2025-10-02T18:00:00Z,147.173996,147.218994,147.158005,147.212997
2025-10-02T19:00:00Z,147.207993,147.251999,147.125000,147.235992
2025-10-02T20:00:00Z,147.231995,147.292999,147.182007,147.248001
2025-10-02T21:00:00Z,147.246994,147.257996,147.167999,147.199997
2025-10-02T22:00:00Z,147.197006,147.223999,147.151993,147.184006
2025-10-02T23:00:00Z,147.186005,147.203995,147.087997,147.151001
2025-10-03T00:00:00Z,147.149994,147.380997,147.149002,147.347000
2025-10-03T01:00:00Z,147.347000,147.684006,147.173996,147.507996
2025-10-03T02:00:00Z,147.505005,147.686005,147.492004,147.649994
2025-10-03T03:00:00Z,147.645004,147.766006,147.608994,147.623001
2025-10-03T04:00:00Z,147.623001,147.742996,147.587997,147.718994
2025-10-03T05:00:00Z,147.718994,147.815002,147.567993,147.783005
2025-10-03T06:00:00Z,147.783005,147.804001,147.492996,147.600006
2025-10-03T07:00:00Z,147.600006,147.682999,147.403000,147.410995
2025-10-03T08:00:00Z,147.406998,147.440994,147.274002,147.324997
2025-10-03T09:00:00Z,147.324997,147.434006,147.306000,147.369995
2025-10-03T10:00:00Z,147.365005,147.391006,147.306000,147.322998
2025-10-03T11:00:00Z,147.315002,147.421997,147.214005,147.274002
2025-10-03T12:00:00Z,147.274002,147.412003,147.225006,147.263000
2025-10-03T13:00:00Z,147.257996,147.382004,147.212006,147.354996
2025-10-03T14:00:00Z,147.356995,147.518005,147.018005,147.445999
2025-10-03T15:00:00Z,147.440002,147.490997,147.300003,147.332001
2025-10-03T16:00:00Z,147.337006,147.535995,147.320999,147.505005
2025-10-03T17:00:00Z,147.498993,147.514008,147.401993,147.505997
2025-10-03T18:00:00Z,147.505997,147.544006,147.459000,147.496002
2025-10-03T19:00:00Z,147.496994,147.524994,147.451004,147.457993
2025-10-03T20:00:00Z,147.451996,147.514999,147.376999,147.487000
2025-10-05T23:00:00Z,149.324005,149.656998,149.220001,149.576996
2025-10-06T00:00:00Z,149.578003,149.860992,149.445999,149.707001
2025-10-06T01:00:00Z,149.699997,149.832001,149.580002,149.770004
2025-10-06T02:00:00Z,149.766998,149.917999,149.714005,149.871002
2025-10-06T03:00:00Z,149.871002,150.100006,149.813995,150.057007
2025-10-06T04:00:00Z,150.057007,150.343002,149.839996,150.311996
2025-10-06T05:00:00Z,150.309006,150.436005,150.220001,150.251999
2025-10-06T06:00:00Z,150.255005,150.348999,150.003998,150.031006
2025-10-06T07:00:00Z,150.026001,150.216995,149.944000,150.024994
2025-10-06T08:00:00Z,150.029007,150.399994,149.992004,150.365005
2025-10-06T09:00:00Z,150.363007,150.475998,150.294998,150.371994
2025-10-06T10:00:00Z,150.376999,150.434006,150.272003,150.279007
2025-10-06T11:00:00Z,150.279007,150.406006,150.214005,150.367996
2025-10-06T12:00:00Z,150.365997,150.389008,149.746002,149.778000
2025-10-06T13:00:00Z,149.778000,150.082993,149.748001,149.929993
2025-10-06T14:00:00Z,149.927994,150.113007,149.794998,149.955002
2025-10-06T15:00:00Z,149.960999,150.113998,149.917007,150.020004
2025-10-06T16:00:00Z,150.024002,150.171997,149.949005,150.156998
2025-10-06T17:00:00Z,150.156006,150.238007,150.072998,150.201004
2025-10-06T18:00:00Z,150.205002,150.320999,150.156006,150.292999
2025-10-06T19:00:00Z,150.294006,150.334000,150.220993,150.317001
2025-10-06T20:00:00Z,150.317001,150.397003,150.281006,150.345001
2025-10-06T21:00:00Z,150.343994,150.343994,150.188995,150.244995
2025-10-06T22:00:00Z,150.307007,150.388000,150.291000,150.320007
2025-10-06T23:00:00Z,150.313004,150.395004,150.255997,150.360001
2025-10-07T00:00:00Z,150.358994,150.617996,150.354004,150.485992
2025-10-07T01:00:00Z,150.485992,150.612000,150.360992,150.501999
2025-10-07T02:00:00Z,150.503006,150.535995,150.335999,150.531006
2025-10-07T03:00:00Z,150.526001,150.533997,150.354996,150.360992
2025-10-07T04:00:00Z,150.356995,150.442993,150.242996,150.408997
2025-10-07T05:00:00Z,150.410995,150.541000,150.397003,150.492004
2025-10-07T06:00:00Z,150.492996,150.697006,150.490997,150.621994
2025-10-07T07:00:00Z,150.619995,150.710999,150.531998,150.619003
2025-10-07T08:00:00Z,150.621994,150.832001,150.520004,150.785995
2025-10-07T09:00:00Z,150.785995,150.830002,150.720993,150.750000
2025-10-07T10:00:00Z,150.751007,150.794006,150.701996,150.763000
2025-10-07T11:00:00Z,150.772003,150.949997,150.755997,150.891006
2025-10-07T12:00:00Z,150.897003,151.039001,150.800995,150.826996
2025-10-07T13:00:00Z,150.826996,150.940994,150.729004,150.929001
2025-10-07T14:00:00Z,150.934006,151.205002,150.904007,151.173996
2025-10-07T15:00:00Z,151.169998,151.203995,150.975998,151.175003
2025-10-07T16:00:00Z,151.171997,151.408997,151.095001,151.322998
2025-10-07T17:00:00Z,151.320007,151.533005,151.246994,151.514999
2025-10-07T18:00:00Z,151.511993,151.934006,151.490005,151.822998
2025-10-07T19:00:00Z,151.819000,151.953003,151.733994,151.899994
2025-10-07T20:00:00Z,151.903000,152.044006,151.873001,151.891998
2025-10-07T21:00:00Z,151.891006,151.951004,151.820007,151.871994
2025-10-07T22:00:00Z,151.841003,151.891006,151.729004,151.841003
2025-10-07T23:00:00Z,151.809006,152.093002,151.787994,152.054993
2025-10-08T00:00:00Z,152.052002,152.376999,152.052002,152.304993
2025-10-08T01:00:00Z,152.304993,152.602005,152.266006,152.595993
2025-10-08T02:00:00Z,152.602005,152.647003,152.300003,152.483002
2025-10-08T03:00:00Z,152.479996,152.563995,152.397995,152.406998
2025-10-08T04:00:00Z,152.406998,152.492996,152.304001,152.363007
2025-10-08T05:00:00Z,152.360001,152.440994,152.281006,152.404999
2025-10-08T06:00:00Z,152.404007,152.520996,152.248993,152.339005
2025-10-08T07:00:00Z,152.339005,152.554001,152.324997,152.539001
2025-10-08T08:00:00Z,152.539001,152.787003,152.371002,152.748001
2025-10-08T09:00:00Z,152.742996,152.998001,152.712006,152.972000
2025-10-08T10:00:00Z,152.966995,152.996994,152.645004,152.727005
2025-10-08T11:00:00Z,152.735001,152.848007,152.639999,152.686996
2025-10-08T12:00:00Z,152.686996,152.746994,152.432007,152.501999
2025-10-08T13:00:00Z,152.505005,152.662003,152.369003,152.587997
2025-10-08T14:00:00Z,152.582001,152.671005,152.425995,152.500000
2025-10-08T15:00:00Z,152.498993,152.792007,152.498001,152.727005
2025-10-08T16:00:00Z,152.723007,152.796997,152.686996,152.757996
2025-10-08T17:00:00Z,152.751999,152.886002,152.740997,152.865997
2025-10-08T18:00:00Z,152.869995,152.945007,152.639008,152.712006
2025-10-08T19:00:00Z,152.716003,152.751999,152.634995,152.705994
2025-10-08T20:00:00Z,152.707993,152.733994,152.643997,152.677002
2025-10-08T21:00:00Z,152.677002,152.697006,152.550995,152.643005
2025-10-08T22:00:00Z,152.651001,152.669006,152.485992,152.520004
2025-10-08T23:00:00Z,152.522995,152.720993,152.457993,152.709000
2025-10-09T00:00:00Z,152.707993,152.737000,152.449997,152.699005
2025-10-09T01:00:00Z,152.701996,152.764999,152.404007,152.514999
2025-10-09T02:00:00Z,152.520996,152.606003,152.399994,152.457993
2025-10-09T03:00:00Z,152.457993,152.578995,152.447998,152.505005
2025-10-09T04:00:00Z,152.505005,152.597000,152.447998,152.462006
2025-10-09T05:00:00Z,152.466003,152.656006,152.460999,152.630005
2025-10-09T06:00:00Z,152.632996,153.136002,152.628006,152.979996
2025-10-09T07:00:00Z,152.979004,153.216995,152.848999,153.063995
2025-10-09T08:00:00Z,153.067993,153.136993,152.753006,152.796005
2025-10-09T09:00:00Z,152.791000,152.854996,152.464005,152.548004
2025-10-09T10:00:00Z,152.552002,152.748001,152.490005,152.660004
2025-10-09T11:00:00Z,152.654007,152.841003,152.651001,152.794006
2025-10-09T12:00:00Z,152.791000,152.843002,152.649002,152.744995
2025-10-09T13:00:00Z,152.738998,152.953995,152.095993,152.854996
2025-10-09T14:00:00Z,152.865997,153.184006,152.854996,153.037003
2025-10-09T15:00:00Z,153.037003,153.231995,152.940994,153.050995
2025-10-09T16:00:00Z,153.044998,153.145996,152.988007,153.003006
2025-10-09T17:00:00Z,152.998993,153.098999,152.903000,153.046005
2025-10-09T18:00:00Z,153.048004,153.212997,152.994995,153.177002
2025-10-09T19:00:00Z,153.177994,153.179001,153.042999,153.061996
2025-10-09T20:00:00Z,153.061996,153.100998,152.998993,153.061005
2025-10-09T21:00:00Z,152.908997,153.076996,152.908997,153.042999
2025-10-09T22:00:00Z,153.050003,153.084000,152.968002,153.026993
2025-10-09T23:00:00Z,153.024002,153.274994,152.957001,153.020004
2025-10-10T00:00:00Z,153.022995,153.164993,152.940994,152.951004
2025-10-10T01:00:00Z,152.949997,153.048996,152.835007,153.016006
2025-10-10T02:00:00Z,153.016006,153.035004,152.858994,152.914001
2025-10-10T03:00:00Z,152.908997,152.934998,152.638000,152.660004
2025-10-10T04:00:00Z,152.660004,152.830002,152.632004,152.751007
2025-10-10T05:00:00Z,152.744995,152.848999,152.681000,152.824997
2025-10-10T06:00:00Z,152.832001,152.916000,152.376999,152.526993
2025-10-10T07:00:00Z,152.531998,152.949997,152.479004,152.843002
2025-10-10T08:00:00Z,152.847000,152.936996,152.589996,152.641006
2025-10-10T09:00:00Z,152.639999,152.845993,152.606995,152.789993
2025-10-10T10:00:00Z,152.787003,152.809998,152.625000,152.712006
2025-10-10T11:00:00Z,152.714996,152.757996,152.539001,152.625000
2025-10-10T12:00:00Z,152.625000,152.651001,152.511993,152.552002
2025-10-10T13:00:00Z,152.552994,152.692001,152.524994,152.643997
2025-10-10T14:00:00Z,152.654007,152.712997,152.412994,152.460007
2025-10-10T15:00:00Z,152.459000,152.462006,151.500000,151.942001
2025-10-10T16:00:00Z,151.936996,152.186996,151.837006,151.889008
2025-10-10T17:00:00Z,151.884003,151.947006,151.716995,151.862000
2025-10-10T18:00:00Z,151.858994,151.899002,151.628006,151.716995
2025-10-10T19:00:00Z,151.710007,151.806000,151.522995,151.593002
2025-10-10T20:00:00Z,151.591003,151.727997,151.119003,151.119003
2025-10-12T23:00:00Z,151.925995,152.085007,151.731995,152.063995
2025-10-13T00:00:00Z,152.061005,152.074997,151.792007,151.839996
2025-10-13T01:00:00Z,151.837006,151.977997,151.800003,151.951996
2025-10-13T02:00:00Z,151.953003,151.985001,151.845001,151.934998
2025-10-13T03:00:00Z,151.929993,152.014008,151.897003,151.923996
2025-10-13T04:00:00Z,151.927002,151.968002,151.804993,151.906006
2025-10-13T05:00:00Z,151.906998,151.914001,151.755997,151.876999
2025-10-13T06:00:00Z,151.869995,152.026993,151.712006,151.936996
2025-10-13T07:00:00Z,151.938004,152.376007,151.906998,152.294998
2025-10-13T08:00:00Z,152.296005,152.447998,152.244003,152.339996
2025-10-13T09:00:00Z,152.334000,152.369995,152.156998,152.166000
2025-10-13T10:00:00Z,152.166000,152.231003,152.121994,152.166000
2025-10-13T11:00:00Z,152.162994,152.171997,151.973007,152.102005
2025-10-13T12:00:00Z,152.102005,152.266998,152.046997,152.210999
2025-10-13T13:00:00Z,152.209000,152.264999,152.098999,152.182999
2025-10-13T14:00:00Z,152.186996,152.447006,152.177994,152.363007
2025-10-13T15:00:00Z,152.363998,152.391006,152.235001,152.259995
2025-10-13T16:00:00Z,152.253998,152.302002,152.188995,152.276993
2025-10-13T17:00:00Z,152.274994,152.347000,152.227997,152.259995
2025-10-13T18:00:00Z,152.259003,152.334000,152.212006,152.283005
2025-10-13T19:00:00Z,152.276993,152.324997,152.246994,152.320999
2025-10-13T20:00:00Z,152.322006,152.350006,152.259003,152.263000
2025-10-13T21:00:00Z,152.264008,152.264008,152.156006,152.229996
2025-10-13T22:00:00Z,152.235992,152.345001,152.179001,152.339996
2025-10-13T23:00:00Z,152.334000,152.460007,152.274994,152.451004
2025-10-14T00:00:00Z,152.451004,152.613007,152.423004,152.466995
2025-10-14T01:00:00Z,152.462006,152.498993,152.348999,152.457993
2025-10-14T02:00:00Z,152.451996,152.485992,152.354004,152.376007
2025-10-14T03:00:00Z,152.376007,152.393997,152.044006,152.143005
2025-10-14T04:00:00Z,152.145996,152.149994,151.772003,151.854996
2025-10-14T05:00:00Z,151.852997,151.945999,151.664001,151.712997
2025-10-14T06:00:00Z,151.705994,151.975006,151.615997,151.889999
2025-10-14T07:00:00Z,151.893005,152.076996,151.667999,151.955994
2025-10-14T08:00:00Z,151.955994,152.126007,151.925995,151.973999
2025-10-14T09:00:00Z,151.968994,152.153000,151.966003,152.106003
2025-10-14T10:00:00Z,152.110001,152.123001,151.908997,151.942993
2025-10-14T11:00:00Z,151.944000,152.128006,151.932999,152.085999
2025-10-14T12:00:00Z,152.085999,152.126999,151.856003,152.046005
2025-10-14T13:00:00Z,152.044998,152.164001,151.815002,151.992004
2025-10-14T14:00:00Z,151.988007,152.102005,151.826004,151.830994
2025-10-14T15:00:00Z,151.826004,151.938004,151.735992,151.776001
2025-10-14T16:00:00Z,151.774002,151.917007,151.662994,151.731003
2025-10-14T17:00:00Z,151.731003,151.867996,151.669006,151.723999
2025-10-14T18:00:00Z,151.723007,151.802002,151.692001,151.755005
2025-10-14T19:00:00Z,151.755005,151.774994,151.598007,151.686005
2025-10-14T20:00:00Z,151.682999,151.834000,151.679001,151.832001
2025-10-14T21:00:00Z,151.815002,151.830002,151.677994,151.697006
2025-10-14T22:00:00Z,151.692993,151.869995,151.690002,151.800003
2025-10-14T23:00:00Z,151.800003,151.852005,151.688995,151.701996
2025-10-15T00:00:00Z,151.699997,151.832001,151.492004,151.565994
2025-10-15T01:00:00Z,151.563995,151.604004,151.294998,151.300003
2025-10-15T02:00:00Z,151.296005,151.315002,151.029999,151.048996
2025-10-15T03:00:00Z,151.052994,151.167999,150.998001,151.132004
2025-10-15T04:00:00Z,151.132004,151.248993,151.085007,151.242004
2025-10-15T05:00:00Z,151.242996,151.270996,151.106003,151.203995
2025-10-15T06:00:00Z,151.199005,151.201996,150.893997,151.037994
2025-10-15T07:00:00Z,151.031998,151.296997,150.979996,151.246002
2025-10-15T08:00:00Z,151.246002,151.395004,151.119995,151.216003
2025-10-15T09:00:00Z,151.209000,151.432999,151.209000,151.345001
2025-10-15T10:00:00Z,151.345001,151.492996,151.328995,151.360992
2025-10-15T11:00:00Z,151.362000,151.511002,151.315994,151.498993
2025-10-15T12:00:00Z,151.496994,151.686996,151.449997,151.634995
2025-10-15T13:00:00Z,151.630005,151.737000,151.393997,151.397995
2025-10-15T14:00:00Z,151.397995,151.511993,151.311005,151.395996
2025-10-15T15:00:00Z,151.395996,151.460007,151.031998,151.212006
2025-10-15T16:00:00Z,151.216995,151.322006,151.171005,151.190994
2025-10-15T17:00:00Z,151.192001,151.341003,151.059998,151.324005
2025-10-15T18:00:00Z,151.324997,151.391006,151.209000,151.326996
2025-10-15T19:00:00Z,151.335007,151.343994,151.227997,151.248001
2025-10-15T20:00:00Z,151.255005,151.274002,151.026001,151.033005
2025-10-15T21:00:00Z,151.033997,151.201996,150.998993,151.054993
2025-10-15T22:00:00Z,151.050995,151.102005,150.742004,150.899994
2025-10-15T23:00:00Z,150.906998,151.037994,150.876999,150.983002
2025-10-16T00:00:00Z,150.983002,151.091003,150.507004,150.707001
2025-10-16T01:00:00Z,150.701996,150.772995,150.507996,150.595993
2025-10-16T02:00:00Z,150.595001,150.776993,150.563004,150.772995
2025-10-16T03:00:00Z,150.772003,150.886002,150.723999,150.863998
2025-10-16T04:00:00Z,150.863998,151.113007,150.860001,151.039001
2025-10-16T05:00:00Z,151.033997,151.192001,151.011993,151.057007
2025-10-16T06:00:00Z,151.050995,151.270996,150.955002,151.195007
2025-10-16T07:00:00Z,151.197998,151.382004,150.936005,151.233994
2025-10-16T08:00:00Z,151.240005,151.287994,151.054001,151.238007
2025-10-16T09:00:00Z,151.238007,151.397003,151.235992,151.285995
2025-10-16T10:00:00Z,151.289001,151.300995,151.158005,151.173996
2025-10-16T11:00:00Z,151.173004,151.371994,151.156998,151.237000
2025-10-16T12:00:00Z,151.237000,151.281998,151.022003,151.098007
2025-10-16T13:00:00Z,151.098999,151.287003,151.011002,151.100998
2025-10-16T14:00:00Z,151.100006,151.121002,150.748993,150.774002
2025-10-16T15:00:00Z,150.768997,150.867004,150.714996,150.753998
2025-10-16T16:00:00Z,150.751007,150.792999,150.229996,150.397995
2025-10-16T17:00:00Z,150.397995,150.473007,150.244995,150.328995
2025-10-16T18:00:00Z,150.324997,150.421997,150.218002,150.330002
2025-10-16T19:00:00Z,150.335999,150.429993,150.203995,150.399002
2025-10-16T20:00:00Z,150.397003,150.449997,150.339996,150.419006
2025-10-16T21:00:00Z,150.419006,150.440994,150.320999,150.382004
2025-10-16T22:00:00Z,150.382004,150.434006,150.238007,150.261002
2025-10-16T23:00:00Z,150.251999,150.292007,150.046005,150.149002
2025-10-17T00:00:00Z,150.147995,150.231003,150.037003,150.229004
2025-10-17T01:00:00Z,150.223999,150.360992,150.167007,150.309998
2025-10-17T02:00:00Z,150.309006,150.389008,150.054001,150.175995
2025-10-17T03:00:00Z,150.182007,150.182007,149.884003,150.011993
2025-10-17T04:00:00Z,150.007004,150.139999,149.934006,149.960007
2025-10-17T05:00:00Z,149.957993,149.972000,149.731995,149.746994
2025-10-17T06:00:00Z,149.740997,149.977005,149.619995,149.626007
2025-10-17T07:00:00Z,149.630997,149.783005,149.369995,149.701996
2025-10-17T08:00:00Z,149.697998,149.916000,149.578995,149.779007
2025-10-17T09:00:00Z,149.776001,149.903000,149.598007,149.667007
2025-10-17T10:00:00Z,149.667999,149.960999,149.664001,149.925003
2025-10-17T11:00:00Z,149.925003,150.330994,149.863007,150.233994
2025-10-17T12:00:00Z,150.231995,150.542007,150.225998,150.384003
2025-10-17T13:00:00Z,150.382996,150.447006,150.156006,150.356995
2025-10-17T14:00:00Z,150.345993,150.591995,150.341003,150.419998
2025-10-17T15:00:00Z,150.414001,150.453995,150.199005,150.324997
2025-10-17T16:00:00Z,150.343994,150.500000,150.324005,150.408005
2025-10-17T17:00:00Z,150.408005,150.492004,150.354004,150.468002
2025-10-17T18:00:00Z,150.488007,150.533997,150.404007,150.494995
2025-10-17T19:00:00Z,150.498001,150.520996,150.447006,150.481003
2025-10-17T20:00:00Z,150.468002,150.639999,150.457001,150.584000
2025-10-19T23:00:00Z,150.822998,150.964996,150.798004,150.917007
2025-10-20T00:00:00Z,150.912994,150.977005,150.759995,150.908005
2025-10-20T01:00:00Z,150.901993,151.199997,150.858002,150.951004
2025-10-20T02:00:00Z,150.951004,150.996994,150.800995,150.865005
2025-10-20T03:00:00Z,150.865005,150.886993,150.634003,150.722000
2025-10-20T04:00:00Z,150.718994,150.768997,150.501999,150.593994
2025-10-20T05:00:00Z,150.595993,150.690002,150.487000,150.643005
2025-10-20T06:00:00Z,150.647995,150.744003,150.542999,150.686996
2025-10-20T07:00:00Z,150.677994,150.830002,150.645004,150.740005
2025-10-20T08:00:00Z,150.737000,150.796005,150.570999,150.578995
2025-10-20T09:00:00Z,150.578003,150.770996,150.266006,150.720001
2025-10-20T10:00:00Z,150.729996,150.835007,150.660995,150.712006
2025-10-20T11:00:00Z,150.699997,150.856003,150.662994,150.695999
2025-10-20T12:00:00Z,150.697998,150.774994,150.600998,150.667999
2025-10-20T13:00:00Z,150.671997,150.852005,150.606995,150.761002
2025-10-20T14:00:00Z,150.761002,150.811005,150.404999,150.587997
2025-10-20T15:00:00Z,150.591003,150.621994,150.479996,150.589005
2025-10-20T16:00:00Z,150.584000,150.695999,150.522995,150.671005
2025-10-20T17:00:00Z,150.667999,150.796997,150.658997,150.776001
2025-10-20T18:00:00Z,150.776993,150.826996,150.656006,150.684998
2025-10-20T19:00:00Z,150.690002,150.731003,150.621994,150.692993
2025-10-20T20:00:00Z,150.690994,150.766006,150.677994,150.731003
2025-10-20T21:00:00Z,150.729996,150.731995,150.636993,150.651993
2025-10-20T22:00:00Z,150.643997,150.763000,150.615997,150.742996
2025-10-20T23:00:00Z,150.725006,150.822006,150.709000,150.817993
2025-10-21T00:00:00Z,150.807007,150.850006,150.462997,150.654007
2025-10-21T01:00:00Z,150.651993,150.994003,150.518005,150.975006
2025-10-21T02:00:00Z,150.973999,151.145004,150.957001,151.110992
2025-10-21T03:00:00Z,151.117996,151.149002,150.994995,151.042999
2025-10-21T04:00:00Z,151.041000,151.238998,150.876007,151.076004
2025-10-21T05:00:00Z,151.074997,151.520996,150.856003,151.498993
2025-10-21T06:00:00Z,151.509003,151.606995,151.212006,151.255997
2025-10-21T07:00:00Z,151.246994,151.263000,151.056000,151.151001
2025-10-21T08:00:00Z,151.149994,151.677002,151.061996,151.608994
2025-10-21T09:00:00Z,151.604004,151.802002,151.585007,151.789993
2025-10-21T10:00:00Z,151.792007,152.048004,151.733994,151.917007
2025-10-21T11:00:00Z,151.925995,152.009003,151.802994,151.944000
2025-10-21T12:00:00Z,151.945007,152.173996,151.886993,152.026993
2025-10-21T13:00:00Z,152.022995,152.091003,151.580002,151.598007
2025-10-21T14:00:00Z,151.593002,151.882996,151.449005,151.871002
2025-10-21T15:00:00Z,151.869003,151.876007,151.675003,151.722000
2025-10-21T16:00:00Z,151.723007,151.949997,151.645996,151.850006
2025-10-21T17:00:00Z,151.854996,151.972000,151.800995,151.919006
2025-10-21T18:00:00Z,151.919006,151.927002,151.869995,151.908005
2025-10-21T19:00:00Z,151.910004,151.970001,151.886002,151.912994
2025-10-21T20:00:00Z,151.908005,151.947006,151.863998,151.921997
2025-10-21T21:00:00Z,151.921997,151.923996,151.856995,151.871994
2025-10-21T22:00:00Z,151.865997,151.925995,151.848999,151.925003
2025-10-21T23:00:00Z,151.931000,151.959000,151.856003,151.873001
2025-10-22T00:00:00Z,151.873001,151.876999,151.598007,151.628006
2025-10-22T01:00:00Z,151.626007,151.753006,151.483994,151.744003
2025-10-22T02:00:00Z,151.742996,151.759995,151.582993,151.628998
2025-10-22T03:00:00Z,151.626999,151.817993,151.623001,151.794006
2025-10-22T04:00:00Z,151.794006,151.875000,151.750000,151.757996
2025-10-22T05:00:00Z,151.751999,151.873001,151.714005,151.854996
2025-10-22T06:00:00Z,151.854996,151.949005,151.690002,151.737000
2025-10-22T07:00:00Z,151.738007,151.858994,151.615005,151.822006
2025-10-22T08:00:00Z,151.822006,151.908997,151.625000,151.682999
2025-10-22T09:00:00Z,151.684006,151.826004,151.641998,151.815002
2025-10-22T10:00:00Z,151.813004,151.834000,151.710999,151.813004
2025-10-22T11:00:00Z,151.813004,151.893005,151.714005,151.781998
2025-10-22T12:00:00Z,151.783005,151.968002,151.748001,151.921997
2025-10-22T13:00:00Z,151.925003,152.044998,151.863998,151.966995
2025-10-22T14:00:00Z,151.964005,152.009995,151.854004,151.880005
2025-10-22T15:00:00Z,151.880005,151.910004,151.744995,151.792007
2025-10-22T16:00:00Z,151.781998,151.843994,151.496994,151.761993
2025-10-22T17:00:00Z,151.753006,151.811005,151.591995,151.630997
2025-10-22T18:00:00Z,151.630997,151.891006,151.628006,151.869003
2025-10-22T19:00:00Z,151.878998,152.007004,151.839996,151.975998
2025-10-22T20:00:00Z,151.975998,152.011002,151.893997,151.979996
2025-10-22T21:00:00Z,151.966995,151.966995,151.856003,151.880997
2025-10-22T22:00:00Z,151.858002,151.927002,151.813004,151.895996
2025-10-22T23:00:00Z,151.893997,151.996994,151.893997,151.981003
2025-10-23T00:00:00Z,151.975998,152.261993,151.960999,152.136993
2025-10-23T01:00:00Z,152.139999,152.455994,152.104996,152.412994
2025-10-23T02:00:00Z,152.408005,152.501007,152.373001,152.459000
2025-10-23T03:00:00Z,152.455994,152.483994,152.384003,152.470993
2025-10-23T04:00:00Z,152.464005,152.574997,152.397995,152.406998
2025-10-23T05:00:00Z,152.408005,152.425995,152.311005,152.373993
2025-10-23T06:00:00Z,152.369003,152.647995,152.320999,152.636002
2025-10-23T07:00:00Z,152.636002,152.645996,152.371002,152.496002
2025-10-23T08:00:00Z,152.492996,152.649994,152.449005,152.606995
2025-10-23T09:00:00Z,152.602997,152.664993,152.501007,152.569000
2025-10-23T10:00:00Z,152.563004,152.774994,152.559998,152.759003
2025-10-23T11:00:00Z,152.764999,152.792007,152.656998,152.666000
2025-10-23T12:00:00Z,152.666000,152.718994,152.447998,152.533997
2025-10-23T13:00:00Z,152.529999,152.731995,152.468002,152.677994
2025-10-23T14:00:00Z,152.684998,152.709000,152.570007,152.606995
2025-10-23T15:00:00Z,152.610992,152.764008,152.576004,152.725998
2025-10-23T16:00:00Z,152.722000,152.796997,152.664001,152.712006
2025-10-23T17:00:00Z,152.712006,152.768005,152.606003,152.613998
2025-10-23T18:00:00Z,152.606995,152.647995,152.514999,152.531998
2025-10-23T19:00:00Z,152.531998,152.567993,152.488007,152.552994
2025-10-23T20:00:00Z,152.559006,152.608994,152.535995,152.552002
2025-10-23T21:00:00Z,152.561996,152.595993,152.498001,152.542999
2025-10-23T22:00:00Z,152.529999,152.593002,152.496994,152.589005
2025-10-23T23:00:00Z,152.580002,152.673996,152.557007,152.598007
2025-10-24T00:00:00Z,152.606003,152.664001,152.464996,152.641998
2025-10-24T01:00:00Z,152.641998,152.899994,152.632004,152.893005
2025-10-24T02:00:00Z,152.893005,152.914001,152.761002,152.882996
2025-10-24T03:00:00Z,152.886002,152.914001,152.703995,152.761993
2025-10-24T04:00:00Z,152.768997,152.912003,152.759995,152.886002
2025-10-24T05:00:00Z,152.886002,153.035995,152.871994,152.949997
2025-10-24T06:00:00Z,152.949997,153.061996,152.903000,152.914993
2025-10-24T07:00:00Z,152.903000,152.953003,152.746002,152.826996
2025-10-24T08:00:00Z,152.826996,153.018997,152.804001,152.936005
2025-10-24T09:00:00Z,152.932007,152.994995,152.897003,152.947998
2025-10-24T10:00:00Z,152.957001,152.983002,152.897003,152.973999
2025-10-24T11:00:00Z,152.973007,152.992004,152.893997,152.934998
2025-10-24T12:00:00Z,152.925003,152.960999,152.216995,152.658997
2025-10-24T13:00:00Z,152.673004,153.018997,152.585999,152.824997
2025-10-24T14:00:00Z,152.826996,152.901993,152.690002,152.766998
2025-10-24T15:00:00Z,152.764008,152.878006,152.701004,152.820999
2025-10-24T16:00:00Z,152.817001,152.876007,152.776001,152.837006
2025-10-24T17:00:00Z,152.828995,152.839005,152.744003,152.804993
2025-10-24T18:00:00Z,152.800003,152.889999,152.789993,152.858002
2025-10-24T19:00:00Z,152.858002,152.895996,152.796005,152.824997
2025-10-24T20:00:00Z,152.820999,152.889999,152.744003,152.863007
2025-10-27T00:00:00Z,153.061005,153.153000,152.820999,152.891006
2025-10-27T01:00:00Z,152.886002,152.990005,152.641006,152.834000
2025-10-27T02:00:00Z,152.826996,153.014008,152.817993,152.968002
2025-10-27T03:00:00Z,152.981003,153.050995,152.944000,153.035995
2025-10-27T04:00:00Z,153.035995,153.164001,153.028000,153.130005
2025-10-27T05:00:00Z,153.130005,153.255005,153.104996,153.123001
2025-10-27T06:00:00Z,153.125000,153.136993,152.826996,152.972000
2025-10-27T07:00:00Z,152.970001,153.029007,152.854996,153.014008
2025-10-27T08:00:00Z,153.007996,153.076996,152.733994,152.811996
2025-10-27T09:00:00Z,152.815994,152.820999,152.692001,152.738998
2025-10-27T10:00:00Z,152.738998,152.848999,152.716995,152.766998
2025-10-27T11:00:00Z,152.766998,152.807007,152.589996,152.634995
2025-10-27T12:00:00Z,152.632004,152.897995,152.559006,152.835999
2025-10-27T13:00:00Z,152.834000,153.195999,152.802002,153.108002
2025-10-27T14:00:00Z,153.104996,153.190002,152.992996,152.996994
2025-10-27T15:00:00Z,153.001007,153.119995,152.979996,153.084000
2025-10-27T16:00:00Z,153.085007,153.091003,152.970993,152.992004
2025-10-27T17:00:00Z,152.990005,153.093994,152.936005,153.057007
2025-10-27T18:00:00Z,153.054993,153.070999,152.753998,152.813995
2025-10-27T19:00:00Z,152.819000,152.953003,152.809998,152.906998
2025-10-27T20:00:00Z,152.899002,152.910995,152.839005,152.873993
2025-10-27T21:00:00Z,152.869003,152.869003,152.811996,152.848007
2025-10-27T22:00:00Z,152.839996,152.839996,152.727005,152.740005
2025-10-27T23:00:00Z,152.742004,152.776993,152.626007,152.703995
2025-10-28T00:00:00Z,152.692001,152.735992,152.389008,152.492996
2025-10-28T01:00:00Z,152.488998,152.511993,152.257996,152.399002
2025-10-28T02:00:00Z,152.399002,152.472000,152.291000,152.451996
2025-10-28T03:00:00Z,152.455002,152.473999,152.160004,152.276993
2025-10-28T04:00:00Z,152.268997,152.302002,151.847000,151.873001
2025-10-28T05:00:00Z,151.873001,151.970001,151.753006,151.906006
2025-10-28T06:00:00Z,151.906006,152.059006,151.804993,152.013000
2025-10-28T07:00:00Z,152.018997,152.352997,152.011993,152.141998
2025-10-28T08:00:00Z,152.138000,152.162003,151.837006,151.945999
2025-10-28T09:00:00Z,151.945999,152.080002,151.867996,151.910004
2025-10-28T10:00:00Z,151.910004,151.987000,151.820007,151.856995
2025-10-28T11:00:00Z,151.858002,152.082001,151.854004,152.029999
2025-10-28T12:00:00Z,152.029007,152.218002,152.014008,152.128006
2025-10-28T13:00:00Z,152.132996,152.371002,152.123993,152.195007
2025-10-28T14:00:00Z,152.192993,152.261993,151.968002,151.985992
2025-10-28T15:00:00Z,151.981995,152.177994,151.845993,152.136002
2025-10-28T16:00:00Z,152.136002,152.306000,152.104996,152.106003
2025-10-28T17:00:00Z,152.108994,152.195007,152.087006,152.171005
2025-10-28T18:00:00Z,152.175003,152.246002,152.084000,152.098007
2025-10-28T19:00:00Z,152.098999,152.104004,151.940994,152.048996
2025-10-28T20:00:00Z,152.048004,152.130997,152.037003,152.098999
2025-10-28T21:00:00Z,152.100998,152.113998,152.009995,152.042999
2025-10-28T22:00:00Z,152.033997,152.179001,152.020004,152.164001
2025-10-28T23:00:00Z,152.160995,152.192993,151.781998,151.828003
2025-10-29T00:00:00Z,151.735992,151.888000,151.529999,151.634003
2025-10-29T01:00:00Z,151.626999,151.916000,151.542007,151.889999
2025-10-29T02:00:00Z,151.888000,152.141998,151.884003,151.981003
2025-10-29T03:00:00Z,151.977005,152.054993,151.910004,152.052002
2025-10-29T04:00:00Z,152.048996,152.113998,151.953995,152.070007
2025-10-29T05:00:00Z,152.067993,152.542999,152.057007,152.360992
2025-10-29T06:00:00Z,152.358002,152.451996,152.123001,152.139999
2025-10-29T07:00:00Z,152.141006,152.179001,151.996002,152.054001
2025-10-29T08:00:00Z,152.059998,152.332993,152.042007,152.332993
2025-10-29T09:00:00Z,152.332001,152.468994,152.188995,152.231995
2025-10-29T10:00:00Z,152.231003,152.343002,152.201004,152.240997
2025-10-29T11:00:00Z,152.237000,152.406006,152.130005,152.240997
2025-10-29T12:00:00Z,152.238998,152.296997,152.156006,152.238998
2025-10-29T13:00:00Z,152.242004,152.242996,151.858994,151.992996
2025-10-29T14:00:00Z,151.996002,152.167999,151.977997,152.029999
2025-10-29T15:00:00Z,152.029999,152.061005,151.899994,151.912003
2025-10-29T16:00:00Z,151.906998,152.177994,151.891998,152.147003
2025-10-29T17:00:00Z,152.145004,152.317001,152.084000,152.244003
2025-10-29T18:00:00Z,152.246994,153.054993,152.173996,152.809998
2025-10-29T19:00:00Z,152.820999,153.059998,152.744995,152.813995
2025-10-29T20:00:00Z,152.815994,152.876007,152.582001,152.714005
2025-10-29T21:00:00Z,152.714996,152.735992,152.565002,152.645004
2025-10-29T22:00:00Z,152.645996,152.735992,152.602005,152.690002
2025-10-29T23:00:00Z,152.684006,152.755997,152.580002,152.725006
2025-10-30T00:00:00Z,152.718994,152.945999,152.498001,152.626999
2025-10-30T01:00:00Z,152.626999,152.679001,152.445999,152.537994
2025-10-30T02:00:00Z,152.541000,152.561005,152.309998,152.322006
2025-10-30T03:00:00Z,152.322006,153.138000,152.154999,152.957993
2025-10-30T04:00:00Z,152.957001,153.020996,152.554001,152.766006
2025-10-30T05:00:00Z,152.755997,153.042007,152.667999,153.037003
2025-10-30T06:00:00Z,153.035995,153.516998,152.927994,153.332001
2025-10-30T07:00:00Z,153.337997,153.546005,153.270996,153.401001
2025-10-30T08:00:00Z,153.397995,153.886993,153.397995,153.742004
2025-10-30T09:00:00Z,153.740005,153.800995,153.617996,153.779007
2025-10-30T10:00:00Z,153.774994,153.959000,153.766006,153.955994
2025-10-30T11:00:00Z,153.951996,154.173996,153.858994,154.115005
2025-10-30T12:00:00Z,154.112000,154.287994,154.074005,154.287994
2025-10-30T13:00:00Z,154.283997,154.444000,154.130997,154.192993
2025-10-30T14:00:00Z,154.197998,154.320999,154.048004,154.285995
2025-10-30T15:00:00Z,154.283997,154.341995,154.039001,154.169998
2025-10-30T16:00:00Z,154.167999,154.229004,154.063004,154.093994
2025-10-30T17:00:00Z,154.093994,154.169998,154.044998,154.098007
2025-10-30T18:00:00Z,154.097000,154.149002,154.044998,154.078003
2025-10-30T19:00:00Z,154.080002,154.089996,154.014999,154.070007
2025-10-30T20:00:00Z,154.076996,154.156006,154.035004,154.115005
2025-10-30T21:00:00Z,154.115005,154.132996,154.022003,154.046997
2025-10-30T22:00:00Z,154.059006,154.136993,154.024002,154.106995
2025-10-30T23:00:00Z,154.102005,154.164001,153.830994,153.904999
2025-10-31T00:00:00Z,153.899994,154.035995,153.815002,153.893005
2025-10-31T01:00:00Z,153.888000,153.921005,153.645004,153.830002
2025-10-31T02:00:00Z,153.828995,153.884003,153.733994,153.882004
2025-10-31T03:00:00Z,153.880005,154.067993,153.845993,154.035004
2025-10-31T04:00:00Z,154.031998,154.057007,153.899994,153.936005
2025-10-31T05:00:00Z,153.931000,154.054993,153.826004,153.910995
2025-10-31T06:00:00Z,153.906998,154.235001,153.876999,154.220993
2025-10-31T07:00:00Z,154.218994,154.395004,154.164993,154.304993
2025-10-31T08:00:00Z,154.304001,154.412994,154.216995,154.242004
2025-10-31T09:00:00Z,154.242004,154.291000,154.095993,154.123001
2025-10-31T10:00:00Z,154.134003,154.184006,154.078003,154.125000
2025-10-31T11:00:00Z,154.125000,154.184006,154.039993,154.089005
2025-10-31T12:00:00Z,154.098999,154.251999,153.878998,154.128998
2025-10-31T13:00:00Z,154.132996,154.231003,154.042999,154.070999
2025-10-31T14:00:00Z,154.076996,154.095993,153.886993,153.942001
2025-10-31T15:00:00Z,153.940994,154.093994,153.910995,154.039993
2025-10-31T16:00:00Z,154.035004,154.173004,153.962997,154.110992
2025-10-31T17:00:00Z,154.112000,154.175995,154.076004,154.089996
2025-10-31T18:00:00Z,154.091003,154.134003,154.029999,154.082001
2025-10-31T19:00:00Z,154.085999,154.134995,154.056000,154.108002
2025-10-31T20:00:00Z,154.110001,154.119995,153.932999,153.936005
2025-10-31T21:00:00Z,153.927994,153.940002,153.927994,153.940002
2025-11-03T00:00:00Z,154.199005,154.216003,154.113998,154.169998
2025-11-03T01:00:00Z,154.169998,154.188004,154.070999,154.110001
2025-11-03T02:00:00Z,154.108994,154.126007,154.029999,154.078995
2025-11-03T03:00:00Z,154.082001,154.095001,154.035004,154.063004
2025-11-03T04:00:00Z,154.059998,154.085999,153.983994,154.072998
2025-11-03T05:00:00Z,154.070007,154.134003,154.054001,154.117996
2025-11-03T06:00:00Z,154.117996,154.242004,154.098007,154.184006
2025-11-03T07:00:00Z,154.184006,154.283997,154.102005,154.104996
2025-11-03T08:00:00Z,154.106995,154.205994,154.044998,154.102997
2025-11-03T09:00:00Z,154.102997,154.169006,154.080994,154.160995
2025-11-03T10:00:00Z,154.160995,154.190002,154.126007,154.164993
2025-11-03T11:00:00Z,154.166000,154.184998,154.091995,154.147003
2025-11-03T12:00:00Z,154.147003,154.190994,154.136002,154.177002
2025-11-03T13:00:00Z,154.175995,154.296005,154.171005,154.246002
2025-11-03T14:00:00Z,154.242996,154.272995,154.069000,154.095001
2025-11-03T15:00:00Z,154.085999,154.158005,153.884003,154.093994
2025-11-03T16:00:00Z,154.097000,154.166000,154.063004,154.126999
2025-11-03T17:00:00Z,154.126007,154.175003,154.054993,154.149994
2025-11-03T18:00:00Z,154.149002,154.240005,154.110001,154.167007
2025-11-03T19:00:00Z,154.162994,154.251999,154.132004,154.184998
2025-11-03T20:00:00Z,154.190002,154.218994,154.169006,154.188995
2025-11-03T21:00:00Z,154.188995,154.216003,154.171997,154.199005
2025-11-03T22:00:00Z,154.205002,154.250000,154.175003,154.190994
2025-11-03T23:00:00Z,154.190002,154.223999,154.151001,154.195999
2025-11-04T00:00:00Z,154.203995,154.397003,154.192001,154.332993
2025-11-04T01:00:00Z,154.332993,154.481995,154.294998,154.322998
2025-11-04T02:00:00Z,154.322998,154.358002,154.100006,154.102997
2025-11-04T03:00:00Z,154.102005,154.158005,154.048004,154.082993
2025-11-04T04:00:00Z,154.078995,154.100998,153.804993,154.056000
2025-11-04T05:00:00Z,154.056000,154.080994,153.684006,153.727005
2025-11-04T06:00:00Z,153.729996,153.789993,153.488998,153.621002
2025-11-04T07:00:00Z,153.619995,153.630997,153.326996,153.574997
2025-11-04T08:00:00Z,153.578003,153.697006,153.380997,153.649002
2025-11-04T09:00:00Z,153.643997,153.755005,153.397003,153.479996
2025-11-04T10:00:00Z,153.481003,153.600998,153.311996,153.574997
2025-11-04T11:00:00Z,153.572006,153.591995,153.367996,153.570007
2025-11-04T12:00:00Z,153.569000,153.625000,153.498993,153.522995
2025-11-04T13:00:00Z,153.522003,153.541000,153.311005,153.386993
2025-11-04T14:00:00Z,153.382004,153.541000,153.363998,153.475006
2025-11-04T15:00:00Z,153.468994,153.597000,153.332993,153.378998
2025-11-04T16:00:00Z,153.380997,153.552002,153.334000,153.548996
2025-11-04T17:00:00Z,153.546005,153.639999,153.518005,153.585007
2025-11-04T18:00:00Z,153.585007,153.660995,153.541000,153.563004
2025-11-04T19:00:00Z,153.557999,153.641006,153.557999,153.626999
2025-11-04T20:00:00Z,153.626999,153.690994,153.617004,153.621994
2025-11-04T21:00:00Z,153.626007,153.682999,153.593994,153.654007
2025-11-04T22:00:00Z,153.664993,153.666000,153.610992,153.639999
2025-11-04T23:00:00Z,153.630997,153.692993,153.503998,153.580002
2025-11-05T00:00:00Z,153.544006,153.746994,153.225998,153.235001
2025-11-05T01:00:00Z,153.229996,153.298004,152.955002,153.162003
2025-11-05T02:00:00Z,153.156998,153.322998,153.061005,153.311005
2025-11-05T03:00:00Z,153.311005,153.565994,153.294998,153.505997
2025-11-05T04:00:00Z,153.505997,153.528000,153.384003,153.481003
2025-11-05T05:00:00Z,153.477997,153.565002,153.401993,153.516998
2025-11-05T06:00:00Z,153.514999,153.740005,153.447006,153.660995
2025-11-05T07:00:00Z,153.662003,153.690002,153.442993,153.554001
2025-11-05T08:00:00Z,153.559006,153.664001,153.412003,153.492004
2025-11-05T09:00:00Z,153.492004,153.707001,153.481995,153.682999
2025-11-05T10:00:00Z,153.684006,153.841995,153.613998,153.626007
2025-11-05T11:00:00Z,153.619995,153.707993,153.570007,153.610001
2025-11-05T12:00:00Z,153.610001,153.748993,153.559006,153.705002
2025-11-05T13:00:00Z,153.705002,153.990997,153.684998,153.975998
2025-11-05T14:00:00Z,153.981003,154.031998,153.891998,153.936005
2025-11-05T15:00:00Z,153.936996,154.311005,153.927994,154.300003
2025-11-05T16:00:00Z,154.300995,154.356003,154.102005,154.115005
2025-11-05T17:00:00Z,154.115005,154.143997,154.050995,154.072006
2025-11-05T18:00:00Z,154.076004,154.143005,154.001999,154.125000
2025-11-05T19:00:00Z,154.121002,154.130005,154.052994,154.108994
2025-11-05T20:00:00Z,154.102997,154.134995,154.076996,154.115997
2025-11-05T21:00:00Z,154.115997,154.141998,154.076004,154.110001
2025-11-05T22:00:00Z,154.113007,154.113007,154.009995,154.052002
2025-11-05T23:00:00Z,154.052002,154.087006,153.973007,154.076004
2025-11-06T00:00:00Z,154.082001,154.139999,153.843994,153.886993
2025-11-06T01:00:00Z,153.886993,153.940994,153.798004,153.865005
2025-11-06T02:00:00Z,153.865005,154.001007,153.789993,153.942993
2025-11-06T03:00:00Z,153.942993,153.994003,153.828003,153.865005
2025-11-06T04:00:00Z,153.867004,154.024994,153.854996,153.947006
2025-11-06T05:00:00Z,153.949005,154.005997,153.826004,153.880005
2025-11-06T06:00:00Z,153.878006,154.005997,153.804001,153.975998
2025-11-06T07:00:00Z,153.975998,153.992996,153.768997,153.863007
2025-11-06T08:00:00Z,153.862000,153.871002,153.526993,153.557007
2025-11-06T09:00:00Z,153.561005,153.770996,153.552002,153.718002
2025-11-06T10:00:00Z,153.714005,153.774002,153.697998,153.742004
2025-11-06T11:00:00Z,153.742004,153.764008,153.584000,153.645004
2025-11-06T12:00:00Z,153.639008,153.740005,153.580002,153.600998
2025-11-06T13:00:00Z,153.600998,153.636993,153.401001,153.500000
2025-11-06T14:00:00Z,153.496002,153.585999,153.380005,153.404999
2025-11-06T15:00:00Z,153.408005,153.410004,153.039001,153.044006
2025-11-06T16:00:00Z,153.044006,153.167999,152.968994,152.975998
2025-11-06T17:00:00Z,152.975998,153.061996,152.826004,153.009003
2025-11-06T18:00:00Z,153.009003,153.087006,152.914001,153.046005
2025-11-06T19:00:00Z,153.048996,153.158005,153.022995,153.143005
2025-11-06T20:00:00Z,153.139999,153.143997,152.992996,153.024002
2025-11-06T21:00:00Z,153.031006,153.102005,152.992004,153.041000
2025-11-06T22:00:00Z,153.054001,153.082993,152.964005,153.044998
2025-11-06T23:00:00Z,153.042999,153.067001,152.813995,152.962997
2025-11-07T00:00:00Z,152.949997,153.248993,152.852997,153.179993
2025-11-07T01:00:00Z,153.181000,153.307007,153.044998,153.126007
2025-11-07T02:00:00Z,153.126999,153.175003,152.955994,153.141006
2025-11-07T03:00:00Z,153.141998,153.186996,153.011993,153.056000
2025-11-07T04:00:00Z,153.054001,153.182007,153.009995,153.110992
2025-11-07T05:00:00Z,153.110001,153.367004,153.108002,153.352005
2025-11-07T06:00:00Z,153.348007,153.526001,153.347000,153.505005
2025-11-07T07:00:00Z,153.505005,153.539001,153.378006,153.388000
2025-11-07T08:00:00Z,153.386993,153.514999,153.345993,153.503006
2025-11-07T09:00:00Z,153.507996,153.522003,153.438004,153.492004
2025-11-07T10:00:00Z,153.490997,153.496002,153.317001,153.352005
2025-11-07T11:00:00Z,153.350998,153.360992,153.005997,153.128998
2025-11-07T12:00:00Z,153.126007,153.175995,153.033005,153.089996
2025-11-07T13:00:00Z,153.093002,153.375000,153.003998,153.352997
2025-11-07T14:00:00Z,153.352997,153.475006,153.130997,153.309998
2025-11-07T15:00:00Z,153.326004,153.343994,153.018997,153.134995
2025-11-07T16:00:00Z,153.134003,153.175995,153.009003,153.059006
2025-11-07T17:00:00Z,153.056000,153.223999,153.035004,153.093994
2025-11-07T18:00:00Z,153.089996,153.266998,153.029999,153.251999
2025-11-07T19:00:00Z,153.257996,153.582993,153.216003,153.557007
2025-11-07T20:00:00Z,153.552002,153.595001,153.354996,153.429001
2025-11-07T21:00:00Z,153.425003,153.483994,153.369003,153.378006
2025-11-10T00:00:00Z,153.824005,153.914001,153.401001,153.847000
2025-11-10T01:00:00Z,153.852997,153.953995,153.774002,153.822006
2025-11-10T02:00:00Z,153.822998,153.899994,153.796997,153.884995
2025-11-10T03:00:00Z,153.884995,154.026001,153.884995,153.932007
2025-11-10T04:00:00Z,153.929993,153.953995,153.781006,153.878998
2025-11-10T05:00:00Z,153.873993,154.070999,153.862000,153.938995
2025-11-10T06:00:00Z,153.936005,154.082993,153.895996,154.022003
2025-11-10T07:00:00Z,154.026001,154.151993,153.945999,154.039993
2025-11-10T08:00:00Z,154.042007,154.179001,153.944000,154.166000
2025-11-10T09:00:00Z,154.166000,154.231003,154.141006,154.158005
2025-11-10T10:00:00Z,154.154007,154.177994,154.056000,154.156006
2025-11-10T11:00:00Z,154.162003,154.248993,154.110001,154.123993
2025-11-10T12:00:00Z,154.126999,154.167007,154.033005,154.108994
2025-11-10T13:00:00Z,154.115005,154.139008,153.979996,154.057007
2025-11-10T14:00:00Z,154.054993,154.164993,153.998001,154.078003
2025-11-10T15:00:00Z,154.082001,154.141998,154.005997,154.024002
2025-11-10T16:00:00Z,154.026001,154.067993,153.884995,153.990997
2025-11-10T17:00:00Z,153.992996,154.042999,153.919998,153.955994
2025-11-10T18:00:00Z,153.955002,154.020004,153.917999,153.987000
2025-11-10T19:00:00Z,153.992004,154.074997,153.947998,154.052002
2025-11-10T20:00:00Z,154.048996,154.082993,153.992996,154.029999
2025-11-10T21:00:00Z,154.029999,154.169998,154.018997,154.141006
2025-11-10T22:00:00Z,154.143005,154.143997,153.988007,154.041000
2025-11-10T23:00:00Z,154.031998,154.154999,154.024994,154.138000
2025-11-11T00:00:00Z,154.145996,154.311005,154.097000,154.309998
2025-11-11T01:00:00Z,154.309006,154.494995,154.302994,154.320999
2025-11-11T02:00:00Z,154.317993,154.391006,154.253006,154.362000
2025-11-11T03:00:00Z,154.360001,154.365005,154.216003,154.259995
2025-11-11T04:00:00Z,154.259003,154.352005,154.218994,154.294006
2025-11-11T05:00:00Z,154.298996,154.309998,154.082001,154.123001
2025-11-11T06:00:00Z,154.121002,154.266998,154.082993,154.194000
2025-11-11T07:00:00Z,154.190002,154.251007,154.145996,154.188995
2025-11-11T08:00:00Z,154.190002,154.389008,154.162994,154.373993
2025-11-11T09:00:00Z,154.378998,154.440994,154.279999,154.324997
2025-11-11T10:00:00Z,154.330002,154.360992,154.203003,154.246002
2025-11-11T11:00:00Z,154.237000,154.266006,154.209000,154.253006
2025-11-11T12:00:00Z,154.246002,154.268005,154.164001,154.188995
2025-11-11T13:00:00Z,154.188995,154.197998,153.660004,153.774994
2025-11-11T14:00:00Z,153.770004,154.007004,153.695007,153.996994
2025-11-11T15:00:00Z,153.998001,154.132996,153.917007,153.966995
2025-11-11T16:00:00Z,153.968994,154.022995,153.940002,154.003006
2025-11-11T17:00:00Z,153.996002,154.121994,153.994003,154.067001
2025-11-11T18:00:00Z,154.074997,154.145004,154.044998,154.106003
2025-11-11T19:00:00Z,154.102005,154.145004,154.057007,154.115005
2025-11-11T20:00:00Z,154.115005,154.143005,154.076004,154.115997
2025-11-11T21:00:00Z,154.115997,154.175995,154.110992,154.145996
2025-11-11T22:00:00Z,154.145996,154.145996,154.013000,154.028000
2025-11-11T23:00:00Z,154.054001,154.158005,154.026001,154.080002
2025-11-12T00:00:00Z,154.078003,154.302002,154.042007,154.292999
2025-11-12T01:00:00Z,154.292999,154.352005,154.255997,154.322998
2025-11-12T02:00:00Z,154.315994,154.412994,154.307999,154.343994
2025-11-12T03:00:00Z,154.343994,154.380005,154.233994,154.341995
2025-11-12T04:00:00Z,154.339996,154.742996,154.335007,154.731995
2025-11-12T05:00:00Z,154.731003,154.789993,154.561005,154.634995
2025-11-12T06:00:00Z,154.634995,154.759003,154.578003,154.606003
2025-11-12T07:00:00Z,154.606003,154.669998,154.488007,154.615005
2025-11-12T08:00:00Z,154.615997,154.774994,154.612000,154.757996
2025-11-12T09:00:00Z,154.757004,154.906998,154.699005,154.843994
2025-11-12T10:00:00Z,154.839005,154.897003,154.751999,154.858994
2025-11-12T11:00:00Z,154.865005,154.886993,154.798004,154.802002
2025-11-12T12:00:00Z,154.800995,154.834000,154.692993,154.807999
2025-11-12T13:00:00Z,154.800995,154.994995,154.757996,154.942001
2025-11-12T14:00:00Z,154.942001,155.046005,154.854996,154.865997
2025-11-12T15:00:00Z,154.863007,154.923004,154.727005,154.733994
2025-11-12T16:00:00Z,154.737000,154.774002,154.639999,154.641998
2025-11-12T17:00:00Z,154.641998,154.645996,154.490997,154.593994
2025-11-12T18:00:00Z,154.589996,154.686996,154.574997,154.686005
2025-11-12T19:00:00Z,154.679001,154.729996,154.602005,154.712006
2025-11-12T20:00:00Z,154.714005,154.766998,154.686996,154.748993
2025-11-12T21:00:00Z,154.757996,154.869003,154.748001,154.768005
2025-11-12T22:00:00Z,154.774994,154.798004,154.688004,154.690994
2025-11-12T23:00:00Z,154.690002,154.755997,154.682999,154.712997
2025-11-13T00:00:00Z,154.701004,154.959000,154.686996,154.942001
2025-11-13T01:00:00Z,154.936005,155.014999,154.701004,154.731995
2025-11-13T02:00:00Z,154.731995,154.789993,154.615997,154.654007
2025-11-13T03:00:00Z,154.654007,154.759995,154.617996,154.729004
2025-11-13T04:00:00Z,154.729004,154.854996,154.636993,154.820007
2025-11-13T05:00:00Z,154.815994,154.998993,154.806000,154.945007
2025-11-13T06:00:00Z,154.947998,155.005997,154.858994,154.884003
2025-11-13T07:00:00Z,154.888000,154.951004,154.697998,154.710007
2025-11-13T08:00:00Z,154.710007,154.774002,154.507996,154.520004
2025-11-13T09:00:00Z,154.513000,154.585999,154.320007,154.526993
2025-11-13T10:00:00Z,154.520996,154.677002,154.479004,154.654999
2025-11-13T11:00:00Z,154.654007,154.764999,154.636002,154.735992
2025-11-13T12:00:00Z,154.735001,154.755005,154.584000,154.602005
2025-11-13T13:00:00Z,154.595993,154.740005,154.533997,154.645996
2025-11-13T14:00:00Z,154.643005,154.677002,154.382996,154.393005
2025-11-13T15:00:00Z,154.389999,154.539001,154.121994,154.194000
2025-11-13T16:00:00Z,154.192993,154.436005,154.154007,154.399002
2025-11-13T17:00:00Z,154.395004,154.475006,154.235992,154.315002
2025-11-13T18:00:00Z,154.311996,154.442001,154.268997,154.421997
2025-11-13T19:00:00Z,154.417007,154.485992,154.348007,154.464996
2025-11-13T20:00:00Z,154.468002,154.541000,154.453995,154.535004
2025-11-13T21:00:00Z,154.539993,154.585999,154.459000,154.550003
2025-11-13T22:00:00Z,154.544998,154.591995,154.417007,154.520004
2025-11-13T23:00:00Z,154.514008,154.686005,154.500000,154.634995
2025-11-14T00:00:00Z,154.630005,154.744995,154.559006,154.602997
2025-11-14T01:00:00Z,154.598999,154.684006,154.434998,154.505005
2025-11-14T02:00:00Z,154.498001,154.576004,154.429993,154.445007
2025-11-14T03:00:00Z,154.444000,154.574005,154.304001,154.537003
2025-11-14T04:00:00Z,154.535995,154.574997,154.414993,154.414993
2025-11-14T05:00:00Z,154.414993,154.503998,154.360992,154.475998
2025-11-14T06:00:00Z,154.475998,154.660995,154.427002,154.593994
2025-11-14T07:00:00Z,154.595001,154.682007,154.447998,154.673996
2025-11-14T08:00:00Z,154.675995,154.735001,154.449997,154.548996
2025-11-14T09:00:00Z,154.548996,154.701004,154.548996,154.684998
2025-11-14T10:00:00Z,154.688004,154.763000,154.660004,154.742004
2025-11-14T11:00:00Z,154.740997,154.748001,154.625000,154.651993
2025-11-14T12:00:00Z,154.651001,154.662994,153.802994,153.813004
2025-11-14T13:00:00Z,153.804001,154.143005,153.610992,154.085999
2025-11-14T14:00:00Z,154.082993,154.345993,153.979004,154.339005
2025-11-14T15:00:00Z,154.337997,154.494003,154.229996,154.421997
2025-11-14T16:00:00Z,154.421997,154.664001,154.345993,154.636002
2025-11-14T17:00:00Z,154.636002,154.742996,154.612000,154.636993
2025-11-14T18:00:00Z,154.636993,154.660995,154.550995,154.574997
2025-11-14T19:00:00Z,154.574997,154.582001,154.520996,154.554001
2025-11-14T20:00:00Z,154.557007,154.567993,154.494995,154.524002
2025-11-14T21:00:00Z,154.529999,154.598007,154.459000,154.492996
2025-11-17T00:00:00Z,154.591995,154.658997,154.410004,154.636002
2025-11-17T01:00:00Z,154.632004,154.654007,154.505997,154.569000
2025-11-17T02:00:00Z,154.569000,154.710007,154.565994,154.688004
2025-11-17T03:00:00Z,154.684998,154.785995,154.682007,154.707001
2025-11-17T04:00:00Z,154.707001,154.731003,154.602997,154.628006
2025-11-17T05:00:00Z,154.623001,154.716003,154.584000,154.686996
2025-11-17T06:00:00Z,154.682999,154.813004,154.634003,154.677002
2025-11-17T07:00:00Z,154.673004,154.792999,154.639008,154.688004
2025-11-17T08:00:00Z,154.692001,154.832001,154.619995,154.710999
2025-11-17T09:00:00Z,154.705994,154.785995,154.649002,154.748993
2025-11-17T10:00:00Z,154.750000,154.843994,154.690994,154.839005
2025-11-17T11:00:00Z,154.837006,154.871002,154.763000,154.789001
2025-11-17T12:00:00Z,154.789001,154.871994,154.731995,154.845001
2025-11-17T13:00:00Z,154.843002,154.916000,154.832001,154.888000
2025-11-17T14:00:00Z,154.884995,155.035004,154.860992,155.024994
2025-11-17T15:00:00Z,155.031998,155.304001,155.000000,155.194000
2025-11-17T16:00:00Z,155.192993,155.205002,155.052002,155.197006
2025-11-17T17:00:00Z,155.199997,155.231995,155.136002,155.158005
2025-11-17T18:00:00Z,155.151993,155.207001,155.121994,155.136002
2025-11-17T19:00:00Z,155.134995,155.251007,155.063995,155.240997
2025-11-17T20:00:00Z,155.242004,155.257004,155.160995,155.223007
2025-11-17T21:00:00Z,155.222000,155.261002,155.205002,155.261002
2025-11-17T22:00:00Z,155.231995,155.242004,155.141006,155.184006
2025-11-17T23:00:00Z,155.175995,155.287003,155.167007,155.266006
2025-11-18T00:00:00Z,155.272995,155.378998,155.173996,155.253998
2025-11-18T01:00:00Z,155.257996,155.360992,155.139999,155.194000
2025-11-18T02:00:00Z,155.197006,155.283005,155.166000,155.182999
2025-11-18T03:00:00Z,155.188004,155.201004,155.106003,155.169998
2025-11-18T04:00:00Z,155.169998,155.190994,154.809006,155.050995
2025-11-18T05:00:00Z,155.052002,155.102005,154.990005,155.076996
2025-11-18T06:00:00Z,155.076996,155.216003,154.862000,155.177994
2025-11-18T07:00:00Z,155.169998,155.216995,154.865997,154.990005
2025-11-18T08:00:00Z,154.990005,155.218994,154.904999,155.123001
2025-11-18T09:00:00Z,155.123001,155.264999,155.078003,155.231003
2025-11-18T10:00:00Z,155.227005,155.423996,155.201004,155.423004
2025-11-18T11:00:00Z,155.421997,155.440994,155.354004,155.421005
2025-11-18T12:00:00Z,155.423004,155.438004,155.171005,155.182007
2025-11-18T13:00:00Z,155.175003,155.261993,155.056000,155.167007
2025-11-18T14:00:00Z,155.164993,155.380997,155.136002,155.222000
2025-11-18T15:00:00Z,155.227997,155.281998,155.046997,155.272995
2025-11-18T16:00:00Z,155.274002,155.505005,155.253006,155.442001
2025-11-18T17:00:00Z,155.436996,155.695007,155.423996,155.686005
2025-11-18T18:00:00Z,155.686996,155.733994,155.554001,155.589996
2025-11-18T19:00:00Z,155.591995,155.636993,155.494995,155.520004
2025-11-18T20:00:00Z,155.520996,155.563004,155.472000,155.520996
2025-11-18T21:00:00Z,155.526001,155.548996,155.477997,155.477997
2025-11-18T22:00:00Z,155.481003,155.546997,155.395996,155.513000
2025-11-18T23:00:00Z,155.496002,155.591995,155.473999,155.539993
2025-11-19T00:00:00Z,155.524002,155.578995,155.367004,155.470001
2025-11-19T01:00:00Z,155.464996,155.537003,155.425995,155.496002
2025-11-19T02:00:00Z,155.488998,155.552002,155.317993,155.352005
2025-11-19T03:00:00Z,155.348007,155.384003,155.205994,155.285995
2025-11-19T04:00:00Z,155.285995,155.468002,155.285995,155.317001
2025-11-19T05:00:00Z,155.317001,155.378998,155.255005,155.363998
2025-11-19T06:00:00Z,155.363998,155.459000,155.319000,155.444000
2025-11-19T07:00:00Z,155.449997,155.529999,155.401993,155.516006
2025-11-19T08:00:00Z,155.511002,155.677994,155.473999,155.630005
2025-11-19T09:00:00Z,155.630005,155.964996,155.550003,155.955002
2025-11-19T10:00:00Z,155.947006,156.255997,155.929993,156.242996
2025-11-19T11:00:00Z,156.240997,156.300995,156.076996,156.100998
2025-11-19T12:00:00Z,156.100998,156.264008,156.059998,156.240997
2025-11-19T13:00:00Z,156.240997,156.296997,156.033997,156.276993
2025-11-19T14:00:00Z,156.281006,156.630997,156.259995,156.617004
2025-11-19T15:00:00Z,156.628998,156.718994,156.492004,156.501007
2025-11-19T16:00:00Z,156.498993,156.707001,156.457993,156.632004
2025-11-19T17:00:00Z,156.630997,156.873001,156.615997,156.750000
2025-11-19T18:00:00Z,156.748993,156.850006,156.686005,156.781006
2025-11-19T19:00:00Z,156.779007,157.039993,156.751999,157.024994
2025-11-19T20:00:00Z,157.020996,157.046005,156.932999,156.962006
2025-11-19T21:00:00Z,156.959000,157.184998,156.953995,157.138000
2025-11-19T22:00:00Z,157.139008,157.143997,157.014999,157.067993
2025-11-19T23:00:00Z,157.070007,157.158997,156.977997,156.979004
2025-11-20T00:00:00Z,156.990005,157.209000,156.873001,157.072998
2025-11-20T01:00:00Z,157.069000,157.436996,157.031998,157.414993
2025-11-20T02:00:00Z,157.414993,157.477997,157.283005,157.311996
2025-11-20T03:00:00Z,157.317993,157.436005,157.272995,157.417999
2025-11-20T04:00:00Z,157.410995,157.421997,157.255997,157.391998
2025-11-20T05:00:00Z,157.391998,157.580994,157.389008,157.552002
2025-11-20T06:00:00Z,157.554001,157.738007,157.485001,157.731995
2025-11-20T07:00:00Z,157.727997,157.781998,157.371002,157.455002
2025-11-20T08:00:00Z,157.449997,157.500000,157.104004,157.145004
2025-11-20T09:00:00Z,157.145004,157.278000,157.119995,157.175003
2025-11-20T10:00:00Z,157.175003,157.412994,157.147003,157.376999
2025-11-20T11:00:00Z,157.376999,157.544998,157.350006,157.509003
2025-11-20T12:00:00Z,157.503998,157.738998,157.501007,157.695007
2025-11-20T13:00:00Z,157.695007,157.875000,157.210999,157.563004
2025-11-20T14:00:00Z,157.563995,157.830994,157.488007,157.619995
2025-11-20T15:00:00Z,157.613998,157.891998,157.612000,157.673996
2025-11-20T16:00:00Z,157.673996,157.690002,157.281006,157.419998
2025-11-20T17:00:00Z,157.417999,157.544998,157.257004,157.514008
2025-11-20T18:00:00Z,157.520004,157.697006,157.421005,157.453003
2025-11-20T19:00:00Z,157.466003,157.563995,157.444000,157.533997
2025-11-20T20:00:00Z,157.535004,157.649002,157.511002,157.569000
2025-11-20T21:00:00Z,157.569000,157.595993,157.427002,157.457001
2025-11-20T22:00:00Z,157.462997,157.522995,157.397995,157.451004
2025-11-20T23:00:00Z,157.455994,157.481003,157.184006,157.382004
2025-11-21T00:00:00Z,157.380005,157.541000,157.214996,157.309006
2025-11-21T01:00:00Z,157.313995,157.498993,157.201996,157.481995
2025-11-21T02:00:00Z,157.479996,157.494003,157.292999,157.343002
2025-11-21T03:00:00Z,157.341995,157.431000,157.289001,157.302994
2025-11-21T04:00:00Z,157.294006,157.309006,157.076996,157.268997
2025-11-21T05:00:00Z,157.268005,157.307999,157.160004,157.223007
2025-11-21T06:00:00Z,157.222000,157.259995,157.044998,157.171997
2025-11-21T07:00:00Z,157.164001,157.195999,156.606995,156.735992
2025-11-21T08:00:00Z,156.733002,156.949997,156.561996,156.910995
2025-11-21T09:00:00Z,156.906006,156.953003,156.667999,156.753006
2025-11-21T10:00:00Z,156.759003,156.826004,156.550995,156.776993
2025-11-21T11:00:00Z,156.776993,156.899002,156.742004,156.847000
2025-11-21T12:00:00Z,156.847000,156.899002,156.602997,156.753998
2025-11-21T13:00:00Z,156.742004,156.867004,156.673004,156.807999
2025-11-21T14:00:00Z,156.807999,156.970001,156.649002,156.697998
2025-11-21T15:00:00Z,156.701996,156.723999,156.192001,156.531006
2025-11-21T16:00:00Z,156.533005,156.759003,156.457001,156.565994
2025-11-21T17:00:00Z,156.565994,156.733002,156.492004,156.539001
2025-11-21T18:00:00Z,156.535995,156.647003,156.455002,156.570007
2025-11-21T19:00:00Z,156.574005,156.585007,156.257004,156.324005
2025-11-21T20:00:00Z,156.324997,156.455002,156.311996,156.389999
2025-11-21T21:00:00Z,156.378998,156.503998,156.294998,156.378006
2025-11-24T00:00:00Z,156.677994,156.804001,156.651993,156.729004
2025-11-24T01:00:00Z,156.729996,156.755997,156.630997,156.714996
2025-11-24T02:00:00Z,156.710999,156.738998,156.600998,156.684006
2025-11-24T03:00:00Z,156.684006,156.695999,156.582993,156.645004
2025-11-24T04:00:00Z,156.634995,156.667007,156.503998,156.546005
2025-11-24T05:00:00Z,156.552994,156.593002,156.494995,156.574997
2025-11-24T06:00:00Z,156.574997,156.740005,156.537994,156.731003
2025-11-24T07:00:00Z,156.720001,156.893997,156.671005,156.835007
2025-11-24T08:00:00Z,156.843002,156.938995,156.643005,156.893997
2025-11-24T09:00:00Z,156.893997,156.938995,156.673996,156.750000
2025-11-24T10:00:00Z,156.742004,156.781006,156.692001,156.705994
2025-11-24T11:00:00Z,156.707001,156.865997,156.694000,156.832001
2025-11-24T12:00:00Z,156.830002,156.873993,156.738998,156.850006
2025-11-24T13:00:00Z,156.847000,156.988007,156.843994,156.912994
2025-11-24T14:00:00Z,156.908997,157.162994,156.880005,157.050003
2025-11-24T15:00:00Z,157.044006,157.192993,156.733002,156.791000
2025-11-24T16:00:00Z,156.792007,156.947006,156.763000,156.938995
2025-11-24T17:00:00Z,156.934998,156.983994,156.850006,156.880997
2025-11-24T18:00:00Z,156.880997,156.895996,156.783005,156.789001
2025-11-24T19:00:00Z,156.783997,156.880997,156.705002,156.733002
2025-11-24T20:00:00Z,156.729996,156.848999,156.725998,156.832993
2025-11-24T21:00:00Z,156.822998,156.921997,156.815002,156.876999
2025-11-24T22:00:00Z,156.880005,156.901001,156.785995,156.860001
2025-11-24T23:00:00Z,156.854004,156.960999,156.834000,156.917999
2025-11-25T00:00:00Z,156.901001,156.988998,156.667999,156.694000
2025-11-25T01:00:00Z,156.682999,156.751999,156.548004,156.647003
2025-11-25T02:00:00Z,156.656998,156.731003,156.600998,156.669006
2025-11-25T03:00:00Z,156.669006,156.785004,156.608002,156.772995
2025-11-25T04:00:00Z,156.768997,156.854996,156.751999,156.796997
2025-11-25T05:00:00Z,156.796997,156.850006,156.690002,156.735001
2025-11-25T06:00:00Z,156.727005,156.802994,156.664001,156.675995
2025-11-25T07:00:00Z,156.675003,156.699005,156.518005,156.619003
2025-11-25T08:00:00Z,156.610992,156.701996,156.432999,156.490005
2025-11-25T09:00:00Z,156.485992,156.501007,156.138000,156.292999
2025-11-25T10:00:00Z,156.294998,156.401993,156.197006,156.348007
2025-11-25T11:00:00Z,156.341003,156.526001,156.341003,156.438004
2025-11-25T12:00:00Z,156.436005,156.514008,156.289993,156.294006
2025-11-25T13:00:00Z,156.294006,156.348999,156.024002,156.139999
2025-11-25T14:00:00Z,156.139999,156.281998,155.889008,156.065002
2025-11-25T15:00:00Z,156.048004,156.177994,155.888000,156.147995
2025-11-25T16:00:00Z,156.147995,156.317993,156.054993,156.298996
2025-11-25T17:00:00Z,156.311996,156.334000,155.796997,155.893005
2025-11-25T18:00:00Z,155.891998,155.977997,155.828995,155.906998
2025-11-25T19:00:00Z,155.906998,155.959000,155.800995,155.822006
2025-11-25T20:00:00Z,155.822006,156.188004,155.817001,156.097000
2025-11-25T21:00:00Z,156.095001,156.110992,156.022003,156.041000
2025-11-25T22:00:00Z,156.044006,156.136002,155.936996,156.037003
2025-11-25T23:00:00Z,156.001007,156.235001,155.992004,156.186005
2025-11-26T00:00:00Z,156.192001,156.354004,156.087997,156.248993
2025-11-26T01:00:00Z,156.248993,156.373001,155.809006,155.942001
2025-11-26T02:00:00Z,155.938004,156.022995,155.645004,155.841995
2025-11-26T03:00:00Z,155.841995,155.910995,155.740997,155.875000
2025-11-26T04:00:00Z,155.875000,156.132996,155.871002,156.026993
2025-11-26T05:00:00Z,156.035004,156.184998,156.024002,156.108002
2025-11-26T06:00:00Z,156.112000,156.287003,156.044006,156.201996
2025-11-26T07:00:00Z,156.201004,156.462006,156.143997,156.378006
2025-11-26T08:00:00Z,156.386993,156.494995,156.311996,156.447006
2025-11-26T09:00:00Z,156.447006,156.503998,156.328995,156.451996
2025-11-26T10:00:00Z,156.449005,156.513000,156.322006,156.472000
2025-11-26T11:00:00Z,156.472000,156.578995,156.369995,156.473007
2025-11-26T12:00:00Z,156.470001,156.591003,156.436005,156.473007
2025-11-26T13:00:00Z,156.472000,156.688004,156.326004,156.658997
2025-11-26T14:00:00Z,156.656998,156.740997,156.494003,156.606995
2025-11-26T15:00:00Z,156.610001,156.645996,156.410004,156.412994
2025-11-26T16:00:00Z,156.410995,156.468002,156.283997,156.384995
2025-11-26T17:00:00Z,156.378006,156.464005,156.335007,156.399002
2025-11-26T18:00:00Z,156.399002,156.516006,156.339996,156.466995
2025-11-26T19:00:00Z,156.460999,156.511002,156.425003,156.455002
2025-11-26T20:00:00Z,156.449997,156.494995,156.401993,156.444000
2025-11-26T21:00:00Z,156.447006,156.477997,156.401993,156.449997
2025-11-26T22:00:00Z,156.457993,156.462006,156.376007,156.417007
2025-11-26T23:00:00Z,156.417007,156.425003,156.212997,156.223007
2025-11-27T00:00:00Z,156.216003,156.242004,155.854004,156.029999
2025-11-27T01:00:00Z,156.031006,156.182999,155.716003,156.044998
2025-11-27T02:00:00Z,156.050995,156.188995,155.923004,156.113998
2025-11-27T03:00:00Z,156.113998,156.156998,156.026001,156.074005
2025-11-27T04:00:00Z,156.076004,156.102997,155.932999,156.005997
2025-11-27T05:00:00Z,156.007004,156.020004,155.809006,155.988007
2025-11-27T06:00:00Z,155.981003,156.209000,155.908005,156.136002
2025-11-27T07:00:00Z,156.130997,156.304993,156.104004,156.115997
2025-11-27T08:00:00Z,156.104996,156.369995,156.074997,156.315994
2025-11-27T09:00:00Z,156.315994,156.408997,156.306000,156.356995
2025-11-27T10:00:00Z,156.350998,156.360992,156.253998,156.289001
2025-11-27T11:00:00Z,156.279007,156.352005,156.246002,156.313995
2025-11-27T12:00:00Z,156.304993,156.391998,156.259995,156.376999
2025-11-27T13:00:00Z,156.376007,156.388000,156.238998,156.268005
2025-11-27T14:00:00Z,156.259003,156.365005,156.229996,156.330002
2025-11-27T15:00:00Z,156.326996,156.345001,156.246002,156.300003
2025-11-27T16:00:00Z,156.300995,156.358002,156.253006,156.268005
2025-11-27T17:00:00Z,156.276993,156.367996,156.264999,156.324997
2025-11-27T18:00:00Z,156.324997,156.369995,156.319000,156.360001
2025-11-27T19:00:00Z,156.356003,156.363998,156.315994,156.337997
2025-11-27T20:00:00Z,156.324997,156.339996,156.261002,156.311996
2025-11-27T21:00:00Z,156.307007,156.315994,156.257004,156.272995
2025-11-27T22:00:00Z,156.272995,156.313995,156.244003,156.253998
2025-11-27T23:00:00Z,156.253998,156.317993,156.192993,156.294006
2025-11-28T00:00:00Z,156.283997,156.582001,156.167007,156.447998
2025-11-28T01:00:00Z,156.449005,156.464996,156.315994,156.378006
2025-11-28T02:00:00Z,156.371994,156.382004,156.087997,156.285995
2025-11-28T03:00:00Z,156.266006,156.313995,156.115997,156.259003
2025-11-28T04:00:00Z,156.259995,156.294998,156.171005,156.203995
2025-11-28T05:00:00Z,156.203995,156.408997,156.195007,156.337997
2025-11-28T06:00:00Z,156.317993,156.442993,156.311996,156.384003
2025-11-28T07:00:00Z,156.367004,156.401001,156.270004,156.292999
2025-11-28T08:00:00Z,156.296997,156.388000,156.253006,156.356995
2025-11-28T09:00:00Z,156.343994,156.375000,156.195999,156.322006
2025-11-28T10:00:00Z,156.319000,156.388000,156.231003,156.259995
2025-11-28T11:00:00Z,156.259003,156.300003,156.141006,156.188004
2025-11-28T12:00:00Z,156.199005,156.261002,156.085999,156.108002
2025-11-28T13:00:00Z,156.110001,156.158997,155.996994,156.011993
2025-11-28T14:00:00Z,156.011002,156.393005,155.975998,156.240005
2025-11-28T15:00:00Z,156.244995,156.341003,155.990997,156.033997
2025-11-28T16:00:00Z,156.026993,156.201996,155.988007,156.171997
2025-11-28T17:00:00Z,156.171997,156.266998,156.123001,156.209000
2025-11-28T18:00:00Z,156.205002,156.235992,156.076996,156.128998
2025-11-28T19:00:00Z,156.134995,156.171005,156.063004,156.117996
2025-11-28T20:00:00Z,156.117996,156.151993,156.057999,156.139999
2025-11-28T21:00:00Z,156.141998,156.182007,156.059998,156.136993
2025-12-01T00:00:00Z,155.901001,155.908997,155.669998,155.802002
2025-12-01T01:00:00Z,155.798996,155.992004,155.475006,155.634003
2025-12-01T02:00:00Z,155.634003,155.651993,155.423996,155.496994
2025-12-01T03:00:00Z,155.500000,155.598007,155.406998,155.455002
2025-12-01T04:00:00Z,155.455002,155.604996,155.389008,155.544006
2025-12-01T05:00:00Z,155.542007,155.619995,155.406006,155.591003
2025-12-01T06:00:00Z,155.591003,155.692001,155.550003,155.557999
2025-12-01T07:00:00Z,155.561005,155.628006,155.298996,155.360992
2025-12-01T08:00:00Z,155.360992,155.561996,155.253998,155.483002
2025-12-01T09:00:00Z,155.479996,155.533005,155.253998,155.285995
2025-12-01T10:00:00Z,155.281006,155.307999,155.156006,155.253998
2025-12-01T11:00:00Z,155.248001,155.343002,155.093994,155.098007
2025-12-01T12:00:00Z,155.098007,155.149994,154.757004,154.783005
2025-12-01T13:00:00Z,154.783005,154.897003,154.658997,154.835007
2025-12-01T14:00:00Z,154.841995,155.063004,154.830002,154.985001
2025-12-01T15:00:00Z,154.994003,155.197006,154.848999,155.097000
2025-12-01T16:00:00Z,155.091003,155.313995,155.091003,155.287003
2025-12-01T17:00:00Z,155.281006,155.384995,155.255997,155.350006
2025-12-01T18:00:00Z,155.343994,155.498001,155.335007,155.488007
2025-12-01T19:00:00Z,155.487000,155.522003,155.444000,155.479004
2025-12-01T20:00:00Z,155.475006,155.518005,155.429001,155.440994
2025-12-01T21:00:00Z,155.447006,155.507996,155.425003,155.432999
2025-12-01T22:00:00Z,155.423004,155.468002,155.391998,155.423004
2025-12-01T23:00:00Z,155.416000,155.572006,155.416000,155.548004
2025-12-02T00:00:00Z,155.556000,155.679993,155.455002,155.628006
2025-12-02T01:00:00Z,155.628006,155.774994,155.587997,155.626007
2025-12-02T02:00:00Z,155.626007,155.705002,155.584000,155.653000
2025-12-02T03:00:00Z,155.653000,155.718002,155.552994,155.625000
2025-12-02T04:00:00Z,155.625000,155.666000,155.544998,155.638000
2025-12-02T05:00:00Z,155.632996,155.733002,155.628006,155.651993
2025-12-02T06:00:00Z,155.647995,155.817001,155.632996,155.761002
2025-12-02T07:00:00Z,155.755005,155.835999,155.710007,155.761002
2025-12-02T08:00:00Z,155.761002,156.005005,155.761002,155.990005
2025-12-02T09:00:00Z,155.992004,156.097000,155.927002,155.975006
2025-12-02T10:00:00Z,155.960007,156.078003,155.931000,156.029999
2025-12-02T11:00:00Z,156.029999,156.061996,155.888000,155.925003
2025-12-02T12:00:00Z,155.917999,156.039001,155.906006,156.011002
2025-12-02T13:00:00Z,156.003998,156.084000,155.960007,155.970001
2025-12-02T14:00:00Z,155.968994,156.098007,155.927002,155.945007
2025-12-02T15:00:00Z,155.945007,156.188995,155.813004,155.882004
2025-12-02T16:00:00Z,155.867996,155.996994,155.748001,155.914001
2025-12-02T17:00:00Z,155.917007,156.097000,155.910995,155.955994
2025-12-02T18:00:00Z,155.938995,156.029007,155.906006,155.988007
2025-12-02T19:00:00Z,155.988007,156.007996,155.839005,155.893005
2025-12-02T20:00:00Z,155.891006,155.910004,155.798004,155.824005
2025-12-02T21:00:00Z,155.828003,155.916000,155.820999,155.884995
2025-12-02T22:00:00Z,155.809998,155.876999,155.766998,155.845001
2025-12-02T23:00:00Z,155.854996,155.906998,155.778000,155.798004
2025-12-03T00:00:00Z,155.757004,155.811996,155.654007,155.778000
2025-12-03T01:00:00Z,155.770996,155.791000,155.600006,155.653000
2025-12-03T02:00:00Z,155.649994,155.806000,155.643997,155.703995
2025-12-03T03:00:00Z,155.703995,155.727005,155.621994,155.654007
2025-12-03T04:00:00Z,155.647995,155.751999,155.645996,155.660004
2025-12-03T05:00:00Z,155.656006,155.705002,155.621002,155.686005
2025-12-03T06:00:00Z,155.686005,155.692001,155.503998,155.602005
2025-12-03T07:00:00Z,155.604996,155.707993,155.507004,155.684998
2025-12-03T08:00:00Z,155.679001,155.757004,155.658997,155.669998
2025-12-03T09:00:00Z,155.677994,155.681000,155.522995,155.615005
2025-12-03T10:00:00Z,155.615005,155.643005,155.498993,155.520996
2025-12-03T11:00:00Z,155.520996,155.529007,155.406998,155.417999
2025-12-03T12:00:00Z,155.410004,155.432999,155.354004,155.408997
2025-12-03T13:00:00Z,155.408997,155.528000,155.192993,155.488998
2025-12-03T14:00:00Z,155.490005,155.522003,155.272995,155.350998
2025-12-03T15:00:00Z,155.369003,155.598007,155.203995,155.210999
2025-12-03T16:00:00Z,155.212006,155.248001,155.005005,155.162994
2025-12-03T17:00:00Z,155.166000,155.214996,155.082001,155.119995
2025-12-03T18:00:00Z,155.125000,155.177994,155.070007,155.119995
2025-12-03T19:00:00Z,155.126999,155.167007,155.074005,155.143997
2025-12-03T20:00:00Z,155.143997,155.248993,155.121002,155.229996
2025-12-03T21:00:00Z,155.229996,155.317001,155.197998,155.231003
2025-12-03T22:00:00Z,155.220993,155.281006,155.128998,155.169998
2025-12-03T23:00:00Z,155.169006,155.238007,155.078995,155.110992
2025-12-04T00:00:00Z,155.106003,155.251007,155.014999,155.113998
2025-12-04T01:00:00Z,155.112000,155.410995,155.093002,155.253006
2025-12-04T02:00:00Z,155.251007,155.429993,155.250000,155.406998
2025-12-04T03:00:00Z,155.414993,155.542007,155.380005,155.384003
2025-12-04T04:00:00Z,155.384995,155.468994,155.319000,155.455994
2025-12-04T05:00:00Z,155.457001,155.503006,155.179001,155.216995
2025-12-04T06:00:00Z,155.216995,155.451004,155.205002,155.296005
2025-12-04T07:00:00Z,155.289993,155.352005,155.201004,155.235001
2025-12-04T08:00:00Z,155.235001,155.250000,154.766006,154.981995
2025-12-04T09:00:00Z,154.987000,155.057007,154.792007,154.807007
2025-12-04T10:00:00Z,154.813995,154.891998,154.735001,154.746994
2025-12-04T11:00:00Z,154.746994,154.794006,154.520004,154.529007
2025-12-04T12:00:00Z,154.524002,154.781006,154.501999,154.662003
2025-12-04T13:00:00Z,154.664001,155.059006,154.653000,154.798004
2025-12-04T14:00:00Z,154.798004,154.854996,154.556000,154.761002
2025-12-04T15:00:00Z,154.759003,154.899002,154.550995,154.630997
2025-12-04T16:00:00Z,154.634003,154.919998,154.628006,154.901001
2025-12-04T17:00:00Z,154.901001,154.966003,154.884003,154.929993
2025-12-04T18:00:00Z,154.934998,154.992996,154.889999,154.983002
2025-12-04T19:00:00Z,154.981003,155.042999,154.949005,155.014999
2025-12-04T20:00:00Z,155.013000,155.132996,154.990997,155.100998
2025-12-04T21:00:00Z,155.102005,155.139008,155.069000,155.070999
2025-12-04T22:00:00Z,155.076996,155.078003,154.970001,155.020004
2025-12-04T23:00:00Z,155.029999,155.162003,155.009995,155.143005
2025-12-05T00:00:00Z,155.125000,155.231995,154.947006,154.966003
2025-12-05T01:00:00Z,154.962006,155.102005,154.912003,155.009003
2025-12-05T02:00:00Z,155.009003,155.100006,154.998001,155.044006
2025-12-05T03:00:00Z,155.054001,155.156998,155.031998,155.115005
2025-12-05T04:00:00Z,155.115005,155.125000,154.791000,154.914001
2025-12-05T05:00:00Z,154.914001,154.923004,154.539001,154.593994
2025-12-05T06:00:00Z,154.593994,154.699997,154.453995,154.567993
2025-12-05T07:00:00Z,154.561005,154.651001,154.337997,154.623993
2025-12-05T08:00:00Z,154.625000,154.891998,154.600998,154.856995
2025-12-05T09:00:00Z,154.850998,154.966995,154.828003,154.912003
2025-12-05T10:00:00Z,154.910995,155.173004,154.884995,155.130005
2025-12-05T11:00:00Z,155.130005,155.223999,155.110001,155.139999
2025-12-05T12:00:00Z,155.143997,155.261002,155.076004,155.171997
2025-12-05T13:00:00Z,155.166000,155.261002,155.100998,155.195999
2025-12-05T14:00:00Z,155.188995,155.281998,155.108994,155.218994
2025-12-05T15:00:00Z,155.218002,155.354996,155.110992,155.253998
2025-12-05T16:00:00Z,155.246994,155.494003,155.201996,155.294998
2025-12-05T17:00:00Z,155.294998,155.348007,155.251999,155.283005
2025-12-05T18:00:00Z,155.279999,155.322006,155.233994,155.285995
2025-12-05T19:00:00Z,155.276001,155.322998,155.259003,155.285995
2025-12-05T20:00:00Z,155.285995,155.326996,155.264008,155.300995
2025-12-05T21:00:00Z,155.300003,155.375000,155.283997,155.298996
2025-12-08T00:00:00Z,155.313004,155.324997,155.054001,155.065994
2025-12-08T01:00:00Z,155.065002,155.151001,154.906006,154.919006
2025-12-08T02:00:00Z,154.912003,155.069000,154.893997,154.998993
2025-12-08T03:00:00Z,155.001007,155.115997,154.968994,155.095993
2025-12-08T04:00:00Z,155.100006,155.123001,155.050995,155.067993
2025-12-08T05:00:00Z,155.072006,155.268005,155.063995,155.195999
2025-12-08T06:00:00Z,155.201004,155.292999,155.100006,155.223999
2025-12-08T07:00:00Z,155.225006,155.354004,155.162994,155.348007
2025-12-08T08:00:00Z,155.345993,155.462006,155.255997,155.391998
2025-12-08T09:00:00Z,155.384995,155.542999,155.384995,155.470001
2025-12-08T10:00:00Z,155.470993,155.533005,155.404007,155.514008
2025-12-08T11:00:00Z,155.507996,155.589996,155.470001,155.580002
2025-12-08T12:00:00Z,155.580002,155.658005,155.539001,155.554993
2025-12-08T13:00:00Z,155.554001,155.662994,155.468994,155.623993
2025-12-08T14:00:00Z,155.623001,155.880005,155.386002,155.820007
2025-12-08T15:00:00Z,155.820007,155.987000,155.751007,155.858994
2025-12-08T16:00:00Z,155.852997,155.957993,155.822998,155.901993
2025-12-08T17:00:00Z,155.899002,155.927002,155.722000,155.744003
2025-12-08T18:00:00Z,155.744003,155.783005,155.697998,155.742996
2025-12-08T19:00:00Z,155.742996,155.917007,155.727997,155.904999
2025-12-08T20:00:00Z,155.908997,155.936996,155.845993,155.925995
2025-12-08T21:00:00Z,155.927994,155.960999,155.891998,155.914993
2025-12-08T22:00:00Z,155.914993,155.932007,155.813995,155.886002
2025-12-08T23:00:00Z,155.878006,155.979004,155.841995,155.848999
2025-12-09T00:00:00Z,155.841003,156.022003,155.761993,156.003006
2025-12-09T01:00:00Z,156.005997,156.037003,155.759995,155.789993
2025-12-09T02:00:00Z,155.789993,155.908005,155.735992,155.863998
2025-12-09T03:00:00Z,155.862000,155.891998,155.796997,155.817993
2025-12-09T04:00:00Z,155.824997,155.988007,155.804001,155.934998
2025-12-09T05:00:00Z,155.927994,156.110001,155.854996,156.003998
2025-12-09T06:00:00Z,156.007004,156.126999,155.955002,156.007004
2025-12-09T07:00:00Z,156.000000,156.197998,155.977997,156.190994
2025-12-09T08:00:00Z,156.190994,156.432999,156.177002,156.334000
2025-12-09T09:00:00Z,156.328995,156.341995,155.970993,156.085007
2025-12-09T10:00:00Z,156.080002,156.201996,156.039993,156.070007
2025-12-09T11:00:00Z,156.072998,156.199005,156.063995,156.181000
2025-12-09T12:00:00Z,156.186005,156.358002,156.179993,156.350006
2025-12-09T13:00:00Z,156.356995,156.514999,156.279007,156.337006
2025-12-09T14:00:00Z,156.337006,156.535004,156.307999,156.406998
2025-12-09T15:00:00Z,156.408997,156.914993,156.384995,156.869003
2025-12-09T16:00:00Z,156.862000,156.921005,156.804993,156.860001
2025-12-09T17:00:00Z,156.852997,156.925003,156.826004,156.912003
2025-12-09T18:00:00Z,156.916000,156.927994,156.871002,156.889999
2025-12-09T19:00:00Z,156.893005,156.955002,156.802002,156.826996
2025-12-09T20:00:00Z,156.826996,156.921997,156.815002,156.901993
2025-12-09T21:00:00Z,156.897003,156.942993,156.848007,156.848007
2025-12-09T22:00:00Z,156.867004,156.917999,156.750000,156.824005
2025-12-09T23:00:00Z,156.820999,156.917007,156.792007,156.835007
2025-12-10T00:00:00Z,156.798996,156.938995,156.697006,156.714996
2025-12-10T01:00:00Z,156.707001,156.770004,156.664001,156.703003
2025-12-10T02:00:00Z,156.699997,156.723007,156.625000,156.649994
2025-12-10T03:00:00Z,156.654999,156.684006,156.552994,156.584000
2025-12-10T04:00:00Z,156.584000,156.667007,156.574997,156.619995
2025-12-10T05:00:00Z,156.619995,156.720993,156.589996,156.699997
2025-12-10T06:00:00Z,156.701996,156.764999,156.654999,156.664993
2025-12-10T07:00:00Z,156.666000,156.751999,156.630005,156.645004
2025-12-10T08:00:00Z,156.645004,156.707001,156.572006,156.666000
2025-12-10T09:00:00Z,156.673004,156.889999,156.667007,156.815994
2025-12-10T10:00:00Z,156.813004,156.860001,156.731003,156.764999
2025-12-10T11:00:00Z,156.764999,156.778000,156.682007,156.703995
2025-12-10T12:00:00Z,156.703995,156.757996,156.667007,156.709000
2025-12-10T13:00:00Z,156.709000,156.718002,156.546005,156.546005
2025-12-10T14:00:00Z,156.546005,156.630005,156.434006,156.500000
2025-12-10T15:00:00Z,156.494003,156.535995,156.348007,156.473007
2025-12-10T16:00:00Z,156.473007,156.490005,156.320007,156.335999
2025-12-10T17:00:00Z,156.330994,156.399002,156.238998,156.300003
2025-12-10T18:00:00Z,156.300003,156.479004,156.289001,156.417999
2025-12-10T19:00:00Z,156.382004,156.677994,156.095001,156.257996
2025-12-10T20:00:00Z,156.257004,156.311005,155.787003,155.929001
2025-12-10T21:00:00Z,155.932007,156.100006,155.919006,155.998993
2025-12-10T22:00:00Z,156.014008,156.022995,155.897003,156.007004
2025-12-10T23:00:00Z,155.992004,156.029007,155.621994,155.759003
2025-12-11T00:00:00Z,155.748993,155.886002,155.561996,155.804001
2025-12-11T01:00:00Z,155.804993,155.822006,155.565002,155.714005
2025-12-11T02:00:00Z,155.712997,155.776993,155.483002,155.774002
2025-12-11T03:00:00Z,155.766998,155.787994,155.630005,155.688995
2025-12-11T04:00:00Z,155.688995,155.856995,155.610992,155.845001
2025-12-11T05:00:00Z,155.837006,156.070999,155.830002,156.059998
2025-12-11T06:00:00Z,156.059998,156.164993,155.938004,155.966003
2025-12-11T07:00:00Z,155.960007,156.054993,155.863998,156.026993
2025-12-11T08:00:00Z,156.024002,156.070007,155.779999,155.878998
2025-12-11T09:00:00Z,155.880005,156.029999,155.841995,155.862000
2025-12-11T10:00:00Z,155.858994,155.949997,155.796005,155.860001
2025-12-11T11:00:00Z,155.860001,155.884003,155.751999,155.759003
2025-12-11T12:00:00Z,155.759995,155.820007,155.514008,155.585007
2025-12-11T13:00:00Z,155.584000,155.623993,155.223999,155.276001
2025-12-11T14:00:00Z,155.276001,155.298996,154.940002,154.977005
2025-12-11T15:00:00Z,154.979004,155.179001,154.947998,155.164001
2025-12-11T16:00:00Z,155.169998,155.291000,155.104004,155.151001
2025-12-11T17:00:00Z,155.145004,155.292999,155.065002,155.233994
2025-12-11T18:00:00Z,155.233002,155.412994,155.207001,155.360001
2025-12-11T19:00:00Z,155.356003,155.598007,155.356003,155.589005
2025-12-11T20:00:00Z,155.589005,155.673004,155.501007,155.589996
2025-12-11T21:00:00Z,155.591995,155.623001,155.531998,155.561005
2025-12-11T22:00:00Z,155.593994,155.595001,155.492996,155.516998
2025-12-11T23:00:00Z,155.516998,155.619003,155.440002,155.522003
2025-12-12T00:00:00Z,155.498001,155.731995,155.451004,155.688995
2025-12-12T01:00:00Z,155.694000,155.770004,155.539993,155.660004
2025-12-12T02:00:00Z,155.669006,155.748001,155.647995,155.669998
2025-12-12T03:00:00Z,155.667999,155.725998,155.626007,155.712997
2025-12-12T04:00:00Z,155.703995,155.764008,155.684006,155.742996
2025-12-12T05:00:00Z,155.737000,155.772995,155.667999,155.735992
2025-12-12T06:00:00Z,155.735992,155.826996,155.647003,155.649002
2025-12-12T07:00:00Z,155.654999,155.725998,155.535995,155.643997
2025-12-12T08:00:00Z,155.643005,155.843002,155.617996,155.837006
2025-12-12T09:00:00Z,155.832993,155.910995,155.750000,155.888000
2025-12-12T10:00:00Z,155.882996,155.964996,155.843002,155.914001
2025-12-12T11:00:00Z,155.910004,155.992996,155.904999,155.908005
2025-12-12T12:00:00Z,155.908005,156.128998,155.766006,156.029999
2025-12-12T13:00:00Z,156.029999,156.056000,155.895004,156.039993
2025-12-12T14:00:00Z,156.039001,156.100006,155.839996,155.904007
2025-12-12T15:00:00Z,155.904999,156.061005,155.806000,155.878998
2025-12-12T16:00:00Z,155.878998,155.884003,155.671997,155.809006
2025-12-12T17:00:00Z,155.815994,155.906006,155.746994,155.781998
2025-12-12T18:00:00Z,155.774994,155.815994,155.710007,155.776993
2025-12-12T19:00:00Z,155.779999,155.938995,155.776001,155.895004
2025-12-12T20:00:00Z,155.901001,155.908005,155.768997,155.875000
2025-12-12T21:00:00Z,155.878998,155.891998,155.757004,155.757004
2025-12-12T22:00:00Z,155.746002,155.746002,155.746002,155.746002
2025-12-15T00:00:00Z,155.858994,155.985992,155.856995,155.891998
2025-12-15T01:00:00Z,155.895004,155.897995,155.598999,155.608002
2025-12-15T02:00:00Z,155.604004,155.649994,155.350998,155.427002
2025-12-15T03:00:00Z,155.429001,155.475998,155.296997,155.412994
2025-12-15T04:00:00Z,155.419006,155.423996,155.177002,155.250000
2025-12-15T05:00:00Z,155.250000,155.257004,155.026001,155.031006
2025-12-15T06:00:00Z,155.026993,155.158005,154.942001,155.089996
2025-12-15T07:00:00Z,155.082993,155.296005,155.065002,155.257996
2025-12-15T08:00:00Z,155.259995,155.287003,155.098007,155.179993
2025-12-15T09:00:00Z,155.184006,155.201004,154.932007,154.960999
2025-12-15T10:00:00Z,154.964996,155.154007,154.953995,155.078003
2025-12-15T11:00:00Z,155.078995,155.102005,154.847000,154.917999
2025-12-15T12:00:00Z,154.917007,155.093994,154.882004,155.072006
2025-12-15T13:00:00Z,155.070999,155.158005,154.962006,155.151993
2025-12-15T14:00:00Z,155.158005,155.227005,154.845993,154.906006
2025-12-15T15:00:00Z,154.912003,155.158997,154.830002,155.149994
2025-12-15T16:00:00Z,155.156998,155.330002,155.141998,155.283997
2025-12-15T17:00:00Z,155.289993,155.367996,155.251999,155.300995
2025-12-15T18:00:00Z,155.300995,155.389008,155.274002,155.350998
2025-12-15T19:00:00Z,155.356003,155.399002,155.212006,155.238998
2025-12-15T20:00:00Z,155.238007,155.268997,155.214005,155.248001
2025-12-15T21:00:00Z,155.242004,155.259003,155.156998,155.167999
2025-12-15T22:00:00Z,155.188004,155.291000,155.147995,155.212006
2025-12-15T23:00:00Z,155.203003,155.240005,154.973007,155.005005
2025-12-16T00:00:00Z,155.033997,155.102997,154.727997,155.005005
2025-12-16T01:00:00Z,155.000000,155.125000,154.847000,154.858002
2025-12-16T02:00:00Z,154.860992,154.925003,154.753998,154.776001
2025-12-16T03:00:00Z,154.774002,154.908997,154.695999,154.884995
2025-12-16T04:00:00Z,154.884995,154.917007,154.763000,154.813004
2025-12-16T05:00:00Z,154.813004,154.856003,154.675995,154.839005
2025-12-16T06:00:00Z,154.841003,154.947998,154.813004,154.850998
2025-12-16T07:00:00Z,154.843002,154.981003,154.828003,154.884003
2025-12-16T08:00:00Z,154.878998,154.942993,154.791000,154.862000
2025-12-16T09:00:00Z,154.856995,154.897995,154.764999,154.832001
2025-12-16T10:00:00Z,154.828995,154.906006,154.768997,154.863998
2025-12-16T11:00:00Z,154.869995,154.901993,154.783005,154.813995
2025-12-16T12:00:00Z,154.815002,154.856995,154.595001,154.604996
2025-12-16T13:00:00Z,154.602997,154.869995,154.386002,154.714996
2025-12-16T14:00:00Z,154.705994,154.998993,154.589005,154.595993
2025-12-16T15:00:00Z,154.591995,154.781998,154.457001,154.772995
2025-12-16T16:00:00Z,154.770004,154.906998,154.744003,154.802994
2025-12-16T17:00:00Z,154.802002,154.839996,154.561996,154.679001
2025-12-16T18:00:00Z,154.673996,154.806000,154.667007,154.740005
2025-12-16T19:00:00Z,154.746994,154.931000,154.598999,154.666000
2025-12-16T20:00:00Z,154.666000,154.796997,154.563004,154.796997
2025-12-16T21:00:00Z,154.798996,154.835007,154.688995,154.712997
2025-12-16T22:00:00Z,154.718002,154.779999,154.660004,154.712006
2025-12-16T23:00:00Z,154.705994,154.811996,154.671005,154.781998
2025-12-17T00:00:00Z,154.770996,154.873993,154.557007,154.576996
2025-12-17T01:00:00Z,154.582993,154.707993,154.507996,154.666000
2025-12-17T02:00:00Z,154.671997,155.028000,154.664993,155.011993
2025-12-17T03:00:00Z,155.009003,155.029007,154.854004,154.884995
2025-12-17T04:00:00Z,154.886002,155.151001,154.867004,155.126999
2025-12-17T05:00:00Z,155.132996,155.171005,155.061996,155.145004
2025-12-17T06:00:00Z,155.151001,155.444000,155.121994,155.363998
2025-12-17T07:00:00Z,155.365997,155.569000,155.350998,155.498993
2025-12-17T08:00:00Z,155.501007,155.600006,155.421997,155.514008
2025-12-17T09:00:00Z,155.516006,155.559006,155.453995,155.529999
2025-12-17T10:00:00Z,155.531998,155.548004,155.434006,155.453995
2025-12-17T11:00:00Z,155.462006,155.595993,155.447998,155.542007
2025-12-17T12:00:00Z,155.544998,155.574997,155.447006,155.483002
2025-12-17T13:00:00Z,155.481003,155.638000,155.380005,155.432007
2025-12-17T14:00:00Z,155.429001,155.632996,155.345993,155.481003
2025-12-17T15:00:00Z,155.481995,155.544006,155.345993,155.397003
2025-12-17T16:00:00Z,155.397995,155.598999,155.378006,155.591003
2025-12-17T17:00:00Z,155.591995,155.613007,155.522995,155.529999
2025-12-17T18:00:00Z,155.528000,155.675003,155.490005,155.641006
2025-12-17T19:00:00Z,155.643005,155.690002,155.585007,155.639008
2025-12-17T20:00:00Z,155.639008,155.748993,155.612000,155.699005
2025-12-17T21:00:00Z,155.692993,155.746002,155.654999,155.658005
2025-12-17T22:00:00Z,155.671005,155.671997,155.556000,155.582001
2025-12-17T23:00:00Z,155.582001,155.645004,155.470001,155.494003
2025-12-18T00:00:00Z,155.488998,155.584000,155.417007,155.473999
2025-12-18T01:00:00Z,155.473999,155.764008,155.451996,155.733002
2025-12-18T02:00:00Z,155.746002,155.807999,155.654007,155.783997
2025-12-18T03:00:00Z,155.783005,155.796005,155.701004,155.757996
2025-12-18T04:00:00Z,155.755005,155.785004,155.692993,155.729004
2025-12-18T05:00:00Z,155.735992,155.884003,155.701004,155.806000
2025-12-18T06:00:00Z,155.800003,155.910004,155.761002,155.897003
2025-12-18T07:00:00Z,155.906006,155.953995,155.807007,155.925003
2025-12-18T08:00:00Z,155.919006,155.945999,155.792999,155.854004
2025-12-18T09:00:00Z,155.847000,155.951996,155.794998,155.929001
2025-12-18T10:00:00Z,155.927994,155.977005,155.843994,155.854996
2025-12-18T11:00:00Z,155.858994,155.871002,155.714996,155.785004
2025-12-18T12:00:00Z,155.791000,155.865997,155.731995,155.813995
2025-12-18T13:00:00Z,155.813995,155.837006,155.307999,155.585999
2025-12-18T14:00:00Z,155.593994,155.606995,155.276993,155.485001
2025-12-18T15:00:00Z,155.492004,155.695007,155.436005,155.524994
2025-12-18T16:00:00Z,155.522995,155.576004,155.356003,155.528000
2025-12-18T17:00:00Z,155.528000,155.686996,155.520996,155.636002
2025-12-18T18:00:00Z,155.638000,155.710007,155.572006,155.632004
2025-12-18T19:00:00Z,155.632004,155.662994,155.490997,155.511993
2025-12-18T20:00:00Z,155.514999,155.632996,155.492996,155.608002
2025-12-18T21:00:00Z,155.604996,155.634995,155.522003,155.526993
2025-12-18T22:00:00Z,155.539993,155.567001,155.449005,155.542999
2025-12-18T23:00:00Z,155.546997,155.641998,155.505997,155.587006
2025-12-19T00:00:00Z,155.576004,155.776993,155.550995,155.744003
2025-12-19T01:00:00Z,155.744003,155.792007,155.684006,155.742004
2025-12-19T02:00:00Z,155.740005,155.854004,155.677994,155.820999
2025-12-19T03:00:00Z,155.832001,156.171005,155.567001,155.878006
2025-12-19T04:00:00Z,155.873001,156.085999,155.725006,156.059006
2025-12-19T05:00:00Z,156.063004,156.072998,155.876999,155.990997
2025-12-19T06:00:00Z,155.985992,156.442001,155.843994,156.005005
2025-12-19T07:00:00Z,156.011002,156.742004,155.960007,156.731995
2025-12-19T08:00:00Z,156.725998,156.936996,156.714996,156.929001
2025-12-19T09:00:00Z,156.927002,157.212997,156.852005,157.197998
2025-12-19T10:00:00Z,157.199997,157.399994,157.125000,157.319000
2025-12-19T11:00:00Z,157.322006,157.380997,157.227997,157.311996
2025-12-19T12:00:00Z,157.317993,157.354004,157.175995,157.233994
2025-12-19T13:00:00Z,157.233994,157.382996,157.201004,157.320999
2025-12-19T14:00:00Z,157.317001,157.425995,156.923004,157.419006
2025-12-19T15:00:00Z,157.416000,157.498001,157.348999,157.472000
2025-12-19T16:00:00Z,157.466995,157.496002,157.399002,157.427002
2025-12-19T17:00:00Z,157.423004,157.677994,157.410004,157.434998
2025-12-19T18:00:00Z,157.429993,157.533005,157.395004,157.518997
2025-12-19T19:00:00Z,157.514999,157.589996,157.494995,157.528000
2025-12-19T20:00:00Z,157.524002,157.699997,157.472000,157.690002
2025-12-19T21:00:00Z,157.684998,157.778000,157.632996,157.733994
2025-12-19T22:00:00Z,157.746994,157.750000,157.738007,157.750000
2025-12-22T00:00:00Z,157.608994,157.662003,157.500000,157.557999
2025-12-22T01:00:00Z,157.548996,157.574005,157.248001,157.294998
2025-12-22T02:00:00Z,157.292007,157.425003,157.223999,157.419006
2025-12-22T03:00:00Z,157.416000,157.470001,157.266998,157.328995
2025-12-22T04:00:00Z,157.332001,157.365997,157.250000,157.302994
2025-12-22T05:00:00Z,157.307999,157.391006,157.257996,157.354996
2025-12-22T06:00:00Z,157.363007,157.434006,157.261993,157.347000
2025-12-22T07:00:00Z,157.335999,157.563995,157.300995,157.488998
2025-12-22T08:00:00Z,157.483994,157.550003,157.363998,157.544998
2025-12-22T09:00:00Z,157.546005,157.572006,157.412994,157.455002
2025-12-22T10:00:00Z,157.457001,157.464005,157.343002,157.393997
2025-12-22T11:00:00Z,157.397995,157.427994,157.328995,157.410004
2025-12-22T12:00:00Z,157.404999,157.432007,157.348999,157.395004
2025-12-22T13:00:00Z,157.395996,157.397003,156.850006,157.184998
2025-12-22T14:00:00Z,157.182007,157.222000,156.901001,157.009003
2025-12-22T15:00:00Z,157.016998,157.121002,156.908005,156.970001
2025-12-22T16:00:00Z,156.968994,157.046005,156.848999,156.927002
2025-12-22T17:00:00Z,156.936996,156.938995,156.699997,156.843002
2025-12-22T18:00:00Z,156.837997,157.024994,156.837997,156.947998
2025-12-22T19:00:00Z,156.942001,157.033005,156.878998,156.897995
2025-12-22T20:00:00Z,156.891998,157.005997,156.889999,156.987000
2025-12-22T21:00:00Z,156.988998,157.057999,156.973999,157.031006
2025-12-22T22:00:00Z,157.048996,157.061996,156.813004,157.016998
2025-12-22T23:00:00Z,157.018997,157.024994,156.813004,156.876007
2025-12-23T00:00:00Z,156.917007,156.927002,156.595993,156.610001
2025-12-23T01:00:00Z,156.615005,156.656006,156.414993,156.453003
2025-12-23T02:00:00Z,156.453003,156.485001,156.268997,156.348007
2025-12-23T03:00:00Z,156.345001,156.352005,156.182007,156.182007
2025-12-23T04:00:00Z,156.188995,156.188995,155.955002,155.985001
2025-12-23T05:00:00Z,155.988998,156.080002,155.904999,156.007996
2025-12-23T06:00:00Z,156.009995,156.188004,155.987000,156.108994
2025-12-23T07:00:00Z,156.106995,156.169998,155.945007,156.070007
2025-12-23T08:00:00Z,156.069000,156.117004,155.945007,155.951996
2025-12-23T09:00:00Z,155.957001,156.022995,155.641006,155.964996
2025-12-23T10:00:00Z,155.959000,156.048996,155.858002,155.919006
2025-12-23T11:00:00Z,155.921005,156.035995,155.863998,155.964005
2025-12-23T12:00:00Z,155.972000,156.033997,155.863998,156.018997
2025-12-23T13:00:00Z,156.013000,156.363998,155.940994,156.335007
2025-12-23T14:00:00Z,156.335999,156.546005,156.330002,156.399002
2025-12-23T15:00:00Z,156.399002,156.447998,156.201996,156.389999
2025-12-23T16:00:00Z,156.388000,156.434998,156.294998,156.332993
2025-12-23T17:00:00Z,156.330994,156.350998,156.242004,156.292007
2025-12-23T18:00:00Z,156.294998,156.343002,156.218994,156.225998
2025-12-23T19:00:00Z,156.227005,156.253006,156.171005,156.192001
2025-12-23T20:00:00Z,156.186005,156.309006,156.171005,156.298004
2025-12-23T21:00:00Z,156.300003,156.315994,156.169998,156.220993
2025-12-23T22:00:00Z,156.212006,156.227997,156.149002,156.160004
2025-12-23T23:00:00Z,156.158997,156.283997,156.082001,156.167007
2025-12-24T00:00:00Z,156.169998,156.283005,155.968994,155.981995
2025-12-24T01:00:00Z,155.988998,156.151993,155.593994,155.645996
2025-12-24T02:00:00Z,155.649994,155.744003,155.550995,155.742004
2025-12-24T03:00:00Z,155.740997,155.990005,155.733002,155.970993
2025-12-24T04:00:00Z,155.975006,156.061996,155.794006,155.826996
2025-12-24T05:00:00Z,155.826996,155.847000,155.738007,155.798004
2025-12-24T06:00:00Z,155.792999,155.798004,155.654999,155.727005
2025-12-24T07:00:00Z,155.731995,155.871994,155.695999,155.822006
2025-12-24T08:00:00Z,155.826004,155.970001,155.742996,155.748001
2025-12-24T09:00:00Z,155.755997,155.882004,155.679001,155.834000
2025-12-24T10:00:00Z,155.832993,155.968994,155.811996,155.927002
2025-12-24T11:00:00Z,155.934998,155.977005,155.856995,155.923996
2025-12-24T12:00:00Z,155.921997,156.046005,155.867004,156.046005
2025-12-24T13:00:00Z,156.044998,156.070999,155.960999,156.013000
2025-12-24T14:00:00Z,156.011993,156.037003,155.671005,155.742996
2025-12-24T15:00:00Z,155.746994,155.901001,155.714996,155.813004
2025-12-24T16:00:00Z,155.809998,155.919006,155.744003,155.826996
2025-12-24T17:00:00Z,155.832993,156.022995,155.817001,155.966003
2025-12-24T18:00:00Z,155.960999,156.020996,155.932007,155.964005
2025-12-24T19:00:00Z,155.964005,155.977005,155.794998,155.865005
2025-12-24T20:00:00Z,155.830002,155.947006,155.822006,155.925003
2025-12-24T21:00:00Z,155.942001,155.973007,155.813004,155.876999
2025-12-24T22:00:00Z,155.908005,155.908005,155.718002,155.761993
2025-12-24T23:00:00Z,155.804001,155.966003,155.740005,155.897003
2025-12-25T00:00:00Z,155.858994,155.932007,155.744995,155.792007
2025-12-25T01:00:00Z,155.798004,155.921997,155.720993,155.733994
2025-12-25T02:00:00Z,155.733994,155.858002,155.677002,155.776993
2025-12-25T03:00:00Z,155.779007,155.817993,155.660004,155.697998
2025-12-25T04:00:00Z,155.723007,155.828003,155.576996,155.729996
2025-12-25T05:00:00Z,155.699997,155.834000,155.643005,155.792999
2025-12-25T06:00:00Z,155.792999,155.968002,155.697998,155.837006
2025-12-25T07:00:00Z,155.837006,156.070007,155.819000,156.046997
2025-12-25T08:00:00Z,155.998993,156.119995,155.791000,155.862000
2025-12-25T11:00:00Z,155.998993,155.998993,155.998993,155.998993
2025-12-25T18:00:00Z,155.731003,155.731003,155.690002,155.690002
2025-12-25T19:00:00Z,155.641998,155.654999,155.595993,155.598999
2025-12-25T20:00:00Z,155.598999,155.753998,155.598007,155.701996
2025-12-25T21:00:00Z,155.598007,155.796005,155.589005,155.759003
2025-12-25T22:00:00Z,155.798004,155.947998,155.746994,155.882996
2025-12-25T23:00:00Z,155.860001,156.130997,155.733994,156.093002
2025-12-26T00:00:00Z,156.106003,156.488007,156.095993,156.399994
2025-12-26T01:00:00Z,156.408997,156.438995,156.156006,156.274994
2025-12-26T02:00:00Z,156.281998,156.307007,156.160004,156.220993
2025-12-26T03:00:00Z,156.223007,156.251999,156.039001,156.052994
2025-12-26T04:00:00Z,156.052002,156.190002,155.977997,156.162994
2025-12-26T05:00:00Z,156.160995,156.283005,156.084000,156.201004
2025-12-26T06:00:00Z,156.195007,156.319000,156.072998,156.274002
2025-12-26T07:00:00Z,156.276993,156.444000,156.203995,156.363998
2025-12-26T08:00:00Z,156.375000,156.445007,156.289001,156.319000
2025-12-26T09:00:00Z,156.315002,156.472000,156.306000,156.449997
2025-12-26T10:00:00Z,156.459000,156.468994,156.352005,156.391006
2025-12-26T11:00:00Z,156.391006,156.421005,156.313995,156.389999
2025-12-26T12:00:00Z,156.399002,156.485992,156.382004,156.414001
2025-12-26T13:00:00Z,156.406998,156.444000,156.218994,156.322006
2025-12-26T14:00:00Z,156.322998,156.485001,156.268005,156.449005
2025-12-26T15:00:00Z,156.449997,156.539001,156.302002,156.423004
2025-12-26T16:00:00Z,156.425003,156.656998,156.358994,156.632996
2025-12-26T17:00:00Z,156.632004,156.729996,156.544998,156.570999
2025-12-26T18:00:00Z,156.567001,156.589996,156.427002,156.542999
2025-12-26T19:00:00Z,156.537994,156.598007,156.492996,156.492996
2025-12-26T20:00:00Z,156.500000,156.529999,156.432999,156.485001
2025-12-26T21:00:00Z,156.494003,156.604004,156.483002,156.557999
2025-12-29T00:00:00Z,156.483994,156.485001,156.044006,156.274994
2025-12-29T01:00:00Z,156.276001,156.373001,156.182999,156.304001
2025-12-29T02:00:00Z,156.311996,156.511002,156.292007,156.427994
2025-12-29T03:00:00Z,156.423996,156.447006,156.313995,156.375000
2025-12-29T04:00:00Z,156.369995,156.473007,156.238007,156.363998
2025-12-29T05:00:00Z,156.371994,156.397995,156.233002,156.304001
2025-12-29T06:00:00Z,156.304993,156.324997,156.162994,156.184998
2025-12-29T07:00:00Z,156.177994,156.244995,156.042999,156.074997
2025-12-29T08:00:00Z,156.080002,156.311996,156.070007,156.278000
2025-12-29T09:00:00Z,156.270004,156.399002,156.098999,156.326004
2025-12-29T10:00:00Z,156.322006,156.347000,156.197998,156.324005
2025-12-29T11:00:00Z,156.320999,156.414001,156.279999,156.401993
2025-12-29T12:00:00Z,156.401001,156.423004,156.302002,156.326004
2025-12-29T13:00:00Z,156.330994,156.367996,156.188004,156.229996
2025-12-29T14:00:00Z,156.220993,156.238007,156.005005,156.136993
2025-12-29T15:00:00Z,156.136993,156.289001,155.910004,155.936005
2025-12-29T16:00:00Z,155.936005,156.119003,155.923004,156.100006
2025-12-29T17:00:00Z,156.106995,156.216995,156.061005,156.184006
2025-12-29T18:00:00Z,156.182999,156.223999,156.115997,156.218002
2025-12-29T19:00:00Z,156.220993,156.250000,156.000000,156.029999
2025-12-29T20:00:00Z,156.033005,156.084000,155.975006,156.065994
2025-12-29T21:00:00Z,156.059006,156.085999,155.988998,156.052994
2025-12-29T22:00:00Z,156.028000,156.098007,155.949005,156.022995
2025-12-29T23:00:00Z,156.022003,156.134003,155.947998,156.011993
2025-12-30T00:00:00Z,155.990997,156.326004,155.914993,156.255997
2025-12-30T01:00:00Z,156.255997,156.330994,156.205002,156.218002
2025-12-30T02:00:00Z,156.214005,156.339996,156.147995,156.307999
2025-12-30T03:00:00Z,156.298996,156.334000,156.207993,156.261993
2025-12-30T04:00:00Z,156.270996,156.285004,156.044006,156.076996
2025-12-30T05:00:00Z,156.080002,156.104996,156.005997,156.039993
2025-12-30T06:00:00Z,156.035995,156.098007,155.929993,156.039993
2025-12-30T07:00:00Z,156.039001,156.108002,155.912003,155.977005
2025-12-30T08:00:00Z,155.975006,156.024002,155.848007,155.975998
2025-12-30T09:00:00Z,155.979004,156.007996,155.862000,155.919006
2025-12-30T10:00:00Z,155.914993,155.929993,155.735992,155.848999
2025-12-30T11:00:00Z,155.852005,155.947006,155.815994,155.884995
2025-12-30T12:00:00Z,155.891998,156.011993,155.876007,155.947998
2025-12-30T13:00:00Z,155.951004,156.212997,155.938004,156.190994
2025-12-30T14:00:00Z,156.186996,156.320999,156.117004,156.266006
2025-12-30T15:00:00Z,156.266006,156.567993,156.264008,156.320007
2025-12-30T16:00:00Z,156.326004,156.373001,156.216995,156.257996
2025-12-30T17:00:00Z,156.255997,156.406998,156.238998,156.330002
2025-12-30T18:00:00Z,156.332001,156.432999,156.302994,156.395004
2025-12-30T19:00:00Z,156.393005,156.522995,156.348999,156.492996
2025-12-30T20:00:00Z,156.496002,156.503006,156.419998,156.462006
2025-12-30T21:00:00Z,156.459000,156.470001,156.335999,156.408997
2025-12-30T22:00:00Z,156.345993,156.389999,156.306000,156.358994
2025-12-30T23:00:00Z,156.330994,156.468002,156.317993,156.404999
2025-12-31T00:00:00Z,156.391006,156.466003,156.322006,156.386002
2025-12-31T01:00:00Z,156.389008,156.451996,156.345993,156.427002
2025-12-31T02:00:00Z,156.421997,156.490997,156.416000,156.481003
2025-12-31T03:00:00Z,156.475998,156.498001,156.440994,156.490005
2025-12-31T04:00:00Z,156.487000,156.636002,156.485001,156.608994
2025-12-31T05:00:00Z,156.610992,156.632004,156.542999,156.585007
2025-12-31T06:00:00Z,156.591995,156.654999,156.574005,156.613998
2025-12-31T07:00:00Z,156.604996,156.647003,156.559998,156.559998
2025-12-31T08:00:00Z,156.567001,156.610992,156.494003,156.591995
2025-12-31T09:00:00Z,156.587006,156.649994,156.548004,156.621994
2025-12-31T10:00:00Z,156.621994,156.675995,156.589996,156.653000
2025-12-31T11:00:00Z,156.647995,156.679001,156.600006,156.602997
2025-12-31T12:00:00Z,156.608994,156.643005,156.542999,156.598007
2025-12-31T13:00:00Z,156.593994,156.835007,156.580994,156.809006
2025-12-31T14:00:00Z,156.811005,156.949005,156.792999,156.923004
2025-12-31T15:00:00Z,156.919006,156.994003,156.714005,156.744995
2025-12-31T16:00:00Z,156.738998,156.848999,156.638000,156.800995
2025-12-31T17:00:00Z,156.807007,156.854996,156.755997,156.824997
2025-12-31T18:00:00Z,156.820999,156.923004,156.792007,156.882996
2025-12-31T19:00:00Z,156.889999,156.889999,156.667007,156.744995
2025-12-31T20:00:00Z,156.744003,156.753006,156.621002,156.626007
2025-12-31T21:00:00Z,156.626007,156.729996,156.578995,156.656998
2026-01-01T18:00:00Z,156.729996,156.798004,156.690994,156.690994
2026-01-01T19:00:00Z,156.748993,156.748993,156.748993,156.748993
2026-01-01T20:00:00Z,156.750000,156.750000,156.750000,156.750000
2026-01-01T21:00:00Z,156.660004,156.660004,156.578003,156.578003
2026-01-01T22:00:00Z,156.688995,156.764999,156.682007,156.742996
2026-01-01T23:00:00Z,156.768005,156.888000,156.651001,156.742004
2026-01-02T00:00:00Z,156.720001,156.770996,156.533997,156.565002
2026-01-02T01:00:00Z,156.565002,156.656998,156.509003,156.628006
2026-01-02T02:00:00Z,156.636002,156.686996,156.585999,156.679001
2026-01-02T03:00:00Z,156.679993,156.723007,156.641998,156.712006
2026-01-02T04:00:00Z,156.714005,156.858994,156.707001,156.817993
2026-01-02T05:00:00Z,156.819000,156.942993,156.809998,156.908005
2026-01-02T06:00:00Z,156.908997,156.996994,156.903000,156.953003
2026-01-02T07:00:00Z,156.947998,156.992004,156.824997,156.854004
2026-01-02T08:00:00Z,156.860992,156.998001,156.813004,156.869995
2026-01-02T09:00:00Z,156.876999,156.917999,156.764008,156.910995
2026-01-02T10:00:00Z,156.906006,156.927002,156.794998,156.843002
2026-01-02T11:00:00Z,156.834000,156.949005,156.817001,156.914993
2026-01-02T12:00:00Z,156.914001,157.001007,156.865997,156.936996
2026-01-02T13:00:00Z,156.940002,156.959000,156.824997,156.903000
2026-01-02T14:00:00Z,156.904999,156.919006,156.800003,156.845001
2026-01-02T15:00:00Z,156.850998,156.893997,156.556000,156.587006
2026-01-02T16:00:00Z,156.589005,156.772995,156.556000,156.718002
2026-01-02T17:00:00Z,156.723007,156.781998,156.701004,156.766998
2026-01-02T18:00:00Z,156.764999,156.947998,156.757004,156.886993
2026-01-02T19:00:00Z,156.886002,156.955002,156.839005,156.852005
2026-01-02T20:00:00Z,156.852997,156.910004,156.839005,156.871994
2026-01-02T21:00:00Z,156.873993,156.886993,156.781998,156.830994
2026-01-02T22:00:00Z,156.839996,156.841995,156.839996,156.841995
2026-01-05T00:00:00Z,156.988007,157.250000,156.912003,157.145004
2026-01-05T01:00:00Z,157.147995,157.182007,156.934006,157.007996
2026-01-05T02:00:00Z,157.014008,157.205994,156.942001,157.151001
2026-01-05T03:00:00Z,157.139999,157.238998,157.121994,157.229996
2026-01-05T04:00:00Z,157.223999,157.298004,157.212006,157.272995
2026-01-05T05:00:00Z,157.281006,157.292007,157.108994,157.175995
2026-01-05T06:00:00Z,157.179001,157.231995,157.005005,157.031998
2026-01-05T07:00:00Z,157.033997,157.080002,156.968002,156.981995
2026-01-05T08:00:00Z,156.990997,157.041000,156.681000,156.828995
2026-01-05T09:00:00Z,156.830994,157.001007,156.776001,156.927002
2026-01-05T10:00:00Z,156.925003,156.938995,156.565994,156.595993
2026-01-05T11:00:00Z,156.595993,156.662003,156.522995,156.621002
2026-01-05T12:00:00Z,156.619995,156.686005,156.459000,156.641998
2026-01-05T13:00:00Z,156.645996,156.979004,156.639008,156.822998
2026-01-05T14:00:00Z,156.819000,156.854004,156.697998,156.746994
2026-01-05T15:00:00Z,156.748993,156.757004,156.447998,156.574997
2026-01-05T16:00:00Z,156.574997,156.587997,156.298996,156.320007
2026-01-05T17:00:00Z,156.322998,156.386002,156.259003,156.324005
2026-01-05T18:00:00Z,156.324997,156.358994,156.173996,156.181000
2026-01-05T19:00:00Z,156.186005,156.244995,156.108994,156.233002
2026-01-05T20:00:00Z,156.231995,156.339005,156.175995,156.332993
2026-01-05T21:00:00Z,156.337006,156.419006,156.313995,156.317993
2026-01-05T22:00:00Z,156.358994,156.516006,156.279007,156.503006
2026-01-05T23:00:00Z,156.487000,156.645004,156.459000,156.639999
2026-01-06T00:00:00Z,156.608002,156.796997,156.522995,156.529999
2026-01-06T01:00:00Z,156.535995,156.710999,156.444000,156.445007
2026-01-06T02:00:00Z,156.453003,156.503998,156.264008,156.307007
2026-01-06T03:00:00Z,156.311005,156.438995,156.287994,156.360001
2026-01-06T04:00:00Z,156.352005,156.440002,156.233994,156.373993
2026-01-06T05:00:00Z,156.373993,156.449005,156.281006,156.429001
2026-01-06T06:00:00Z,156.429001,156.479004,156.322998,156.367004
2026-01-06T07:00:00Z,156.369995,156.373001,156.225006,156.335007
2026-01-06T08:00:00Z,156.326996,156.389008,156.156006,156.319000
2026-01-06T09:00:00Z,156.313995,156.483994,156.223999,156.375000
2026-01-06T10:00:00Z,156.369995,156.464005,156.270004,156.436996
2026-01-06T11:00:00Z,156.445007,156.535995,156.399002,156.445007
2026-01-06T12:00:00Z,156.449005,156.516998,156.287003,156.494003
2026-01-06T13:00:00Z,156.488998,156.580994,156.343994,156.362000
2026-01-06T14:00:00Z,156.362000,156.479996,156.292007,156.401001
2026-01-06T15:00:00Z,156.404999,156.692001,156.397003,156.574997
2026-01-06T16:00:00Z,156.576004,156.727005,156.565002,156.701996
2026-01-06T17:00:00Z,156.699005,156.738998,156.664993,156.688995
2026-01-06T18:00:00Z,156.686005,156.748993,156.660004,156.733002
2026-01-06T19:00:00Z,156.737000,156.742996,156.602997,156.628998
2026-01-06T20:00:00Z,156.625000,156.630005,156.565002,156.598007
2026-01-06T21:00:00Z,156.654007,156.684998,156.613007,156.619995
2026-01-06T22:00:00Z,156.641006,156.658005,156.563995,156.619003
2026-01-06T23:00:00Z,156.587997,156.705002,156.585999,156.682007
2026-01-07T00:00:00Z,156.664993,156.806000,156.533997,156.636993
2026-01-07T01:00:00Z,156.628998,156.748001,156.554001,156.712006
2026-01-07T02:00:00Z,156.712006,156.731003,156.636002,156.638000
2026-01-07T03:00:00Z,156.645004,156.653000,156.501999,156.559006
2026-01-07T04:00:00Z,156.554993,156.585999,156.501999,156.539001
2026-01-07T05:00:00Z,156.535004,156.539993,156.356995,156.382004
2026-01-07T06:00:00Z,156.378998,156.391998,156.298004,156.341003
2026-01-07T07:00:00Z,156.343994,156.514999,156.289001,156.479004
2026-01-07T08:00:00Z,156.485992,156.587006,156.451996,156.524994
2026-01-07T09:00:00Z,156.520004,156.574997,156.423996,156.460999
2026-01-07T10:00:00Z,156.462006,156.535995,156.434006,156.526993
2026-01-07T11:00:00Z,156.522003,156.582001,156.503006,156.513000
2026-01-07T12:00:00Z,156.514999,156.567001,156.468994,156.509003
2026-01-07T13:00:00Z,156.511993,156.584000,156.356995,156.414001
2026-01-07T14:00:00Z,156.406998,156.554993,156.382996,156.404007
2026-01-07T15:00:00Z,156.403000,156.725006,156.397995,156.677002
2026-01-07T16:00:00Z,156.679993,156.800995,156.636002,156.723999
2026-01-07T17:00:00Z,156.733002,156.733994,156.567993,156.613998
2026-01-07T18:00:00Z,156.613998,156.703995,156.589005,156.690994
2026-01-07T19:00:00Z,156.692001,156.761993,156.677002,156.733994
2026-01-07T20:00:00Z,156.742004,156.789001,156.714996,156.772003
2026-01-07T21:00:00Z,156.768005,156.800995,156.725998,156.748993
2026-01-07T22:00:00Z,156.742004,156.766006,156.604004,156.681000
2026-01-07T23:00:00Z,156.636993,156.755005,156.613998,156.709000
2026-01-08T00:00:00Z,156.697006,156.800995,156.669006,156.776993
2026-01-08T01:00:00Z,156.785995,156.945007,156.709000,156.908997
2026-01-08T02:00:00Z,156.904007,156.955994,156.817001,156.839005
2026-01-08T03:00:00Z,156.835007,156.841003,156.621994,156.718002
2026-01-08T04:00:00Z,156.714996,156.731995,156.656998,156.686996
2026-01-08T05:00:00Z,156.682007,156.731003,156.634003,156.666000
2026-01-08T06:00:00Z,156.667999,156.690994,156.494003,156.576004
2026-01-08T07:00:00Z,156.572998,156.695007,156.462006,156.462006
2026-01-08T08:00:00Z,156.468002,156.714005,156.451004,156.703003
2026-01-08T09:00:00Z,156.701996,156.783005,156.625000,156.740997
2026-01-08T10:00:00Z,156.738998,156.779999,156.673004,156.679001
2026-01-08T11:00:00Z,156.675995,156.781006,156.658005,156.764008
2026-01-08T12:00:00Z,156.761002,156.783997,156.682007,156.720001
2026-01-08T13:00:00Z,156.723007,156.962997,156.639008,156.955002
2026-01-08T14:00:00Z,156.966003,157.072006,156.932999,156.968002
2026-01-08T15:00:00Z,156.975998,157.056000,156.843994,156.858994
2026-01-08T16:00:00Z,156.865005,156.987000,156.841995,156.901993
2026-01-08T17:00:00Z,156.895004,156.906006,156.766998,156.804993
2026-01-08T18:00:00Z,156.807999,156.893005,156.789001,156.888000
2026-01-08T19:00:00Z,156.891998,156.985992,156.884995,156.964005
2026-01-08T20:00:00Z,156.960007,156.994003,156.910004,156.947006
2026-01-08T21:00:00Z,156.953003,156.992004,156.807007,156.865997
2026-01-08T22:00:00Z,156.863998,156.865997,156.725998,156.828995
2026-01-08T23:00:00Z,156.828995,156.934006,156.781006,156.880997
2026-01-09T00:00:00Z,156.863007,157.059998,156.860001,157.001999
2026-01-09T01:00:00Z,157.001999,157.167999,156.985992,157.154007
2026-01-09T02:00:00Z,157.153000,157.259995,157.115005,157.175995
2026-01-09T03:00:00Z,157.175995,157.240997,157.149994,157.229004
2026-01-09T04:00:00Z,157.229996,157.294998,157.186996,157.203003
2026-01-09T05:00:00Z,157.203003,157.389999,157.203003,157.369003
2026-01-09T06:00:00Z,157.369003,157.438995,157.334000,157.393997
2026-01-09T07:00:00Z,157.393005,157.572006,157.380005,157.473007
2026-01-09T08:00:00Z,157.479996,157.669998,157.451004,157.639999
2026-01-09T09:00:00Z,157.639008,157.738007,157.567993,157.703003
2026-01-09T10:00:00Z,157.703003,157.725006,157.632004,157.645996
2026-01-09T11:00:00Z,157.645996,157.684006,157.557999,157.578995
2026-01-09T12:00:00Z,157.572998,157.707993,157.554001,157.647995
2026-01-09T13:00:00Z,157.643005,157.828003,157.365997,157.481995
2026-01-09T14:00:00Z,157.485001,158.050995,157.365005,157.912994
2026-01-09T15:00:00Z,157.921997,158.186996,157.802994,157.869995
2026-01-09T16:00:00Z,157.863998,158.132004,157.824005,158.078003
2026-01-09T17:00:00Z,158.070999,158.104996,157.983002,158.044998
2026-01-09T18:00:00Z,158.046005,158.067001,157.854996,157.906998
2026-01-09T19:00:00Z,157.906998,157.923004,157.822998,157.878006
2026-01-09T20:00:00Z,157.882996,157.910004,157.850006,157.882004
2026-01-09T21:00:00Z,157.884003,157.957993,157.847000,157.919006
2026-01-12T00:00:00Z,158.136993,158.205002,157.546997,157.567993
2026-01-12T01:00:00Z,157.574997,157.751007,157.507004,157.742004
2026-01-12T02:00:00Z,157.746002,158.074997,157.660004,158.046997
2026-01-12T03:00:00Z,158.048004,158.121002,157.936996,158.119995
2026-01-12T04:00:00Z,158.121002,158.182999,158.108002,158.117004
2026-01-12T05:00:00Z,158.119003,158.147995,157.988998,158.001007
2026-01-12T06:00:00Z,158.005997,158.069000,157.957001,158.009995
2026-01-12T07:00:00Z,158.005997,158.031998,157.794998,157.839996
2026-01-12T08:00:00Z,157.845993,157.865005,157.667999,157.772003
2026-01-12T09:00:00Z,157.778000,157.901993,157.714996,157.886002
2026-01-12T10:00:00Z,157.895004,157.962006,157.824005,157.850006
2026-01-12T11:00:00Z,157.845993,157.925995,157.776993,157.893997
2026-01-12T12:00:00Z,157.897003,157.955994,157.804001,157.856003
2026-01-12T13:00:00Z,157.856995,157.897003,157.699997,157.841003
2026-01-12T14:00:00Z,157.837006,158.048996,157.826996,157.938995
2026-01-12T15:00:00Z,157.938995,157.979004,157.848007,157.968994
2026-01-12T16:00:00Z,157.972000,158.156006,157.940002,158.151993
2026-01-12T17:00:00Z,158.145996,158.171005,158.057999,158.078995
2026-01-12T18:00:00Z,158.082993,158.145996,158.046997,158.132004
2026-01-12T19:00:00Z,158.126999,158.151001,158.087006,158.138000
2026-01-12T20:00:00Z,158.134003,158.199997,158.108002,158.186996
2026-01-12T21:00:00Z,158.181000,158.194000,158.110001,158.117004
2026-01-12T22:00:00Z,158.097000,158.149994,157.994003,158.095993
2026-01-12T23:00:00Z,158.098999,158.177994,157.884003,157.957993
2026-01-13T00:00:00Z,157.977005,158.287003,157.955994,158.158997
2026-01-13T01:00:00Z,158.162003,158.501007,158.151993,158.477997
2026-01-13T02:00:00Z,158.481995,158.690002,158.328995,158.667999
2026-01-13T03:00:00Z,158.671005,158.824997,158.638000,158.811005
2026-01-13T04:00:00Z,158.807007,158.912003,158.623001,158.714996
2026-01-13T05:00:00Z,158.710007,158.828995,158.697998,158.787003
2026-01-13T06:00:00Z,158.783997,158.964005,158.735992,158.759003
2026-01-13T07:00:00Z,158.753998,158.955994,158.727005,158.938004
2026-01-13T08:00:00Z,158.942001,159.048996,158.863007,158.921997
2026-01-13T09:00:00Z,158.925003,159.018005,158.809006,158.889008
2026-01-13T10:00:00Z,158.889999,158.947998,158.796005,158.804001
2026-01-13T11:00:00Z,158.798004,158.947998,158.798004,158.848999
2026-01-13T12:00:00Z,158.856003,158.936996,158.834000,158.891998
2026-01-13T13:00:00Z,158.886002,158.957001,158.567993,158.878998
2026-01-13T14:00:00Z,158.875000,158.996994,158.796005,158.908997
2026-01-13T15:00:00Z,158.912003,159.087997,158.852997,158.925995
2026-01-13T16:00:00Z,158.921997,159.190994,158.897003,159.065002
2026-01-13T17:00:00Z,159.070007,159.141006,158.968002,159.024002
2026-01-13T18:00:00Z,159.020996,159.095001,158.994003,159.041000
2026-01-13T19:00:00Z,159.035995,159.147003,159.033005,159.115005
2026-01-13T20:00:00Z,159.108002,159.158005,159.082993,159.115997
2026-01-13T21:00:00Z,159.112000,159.177994,159.093994,159.113007
2026-01-13T22:00:00Z,159.134995,159.175003,159.041000,159.117996
2026-01-13T23:00:00Z,159.115997,159.201996,159.067993,159.188004
2026-01-14T00:00:00Z,159.190002,159.289001,159.087006,159.186005
2026-01-14T01:00:00Z,159.195007,159.455002,159.186005,159.337006
2026-01-14T02:00:00Z,159.330994,159.393005,159.177994,159.199005
2026-01-14T03:00:00Z,159.201996,159.207993,159.070007,159.153000
2026-01-14T04:00:00Z,159.153000,159.242004,159.121002,159.197006
2026-01-14T05:00:00Z,159.203995,159.341003,159.156998,159.335007
2026-01-14T06:00:00Z,159.328995,159.350998,159.126999,159.139999
2026-01-14T07:00:00Z,159.143005,159.197006,159.102005,159.173996
2026-01-14T08:00:00Z,159.171005,159.194000,158.856995,158.927002
2026-01-14T09:00:00Z,158.927994,158.949997,158.658005,158.755005
2026-01-14T10:00:00Z,158.761993,158.813995,158.574997,158.677994
2026-01-14T11:00:00Z,158.673996,158.822998,158.567001,158.714005
2026-01-14T12:00:00Z,158.712997,158.718994,158.136993,158.552002
2026-01-14T13:00:00Z,158.557999,158.742004,158.501007,158.595001
2026-01-14T14:00:00Z,158.587997,158.673004,158.153000,158.207993
2026-01-14T15:00:00Z,158.212997,158.414993,158.098007,158.119003
2026-01-14T16:00:00Z,158.123993,158.283997,158.097000,158.134003
2026-01-14T17:00:00Z,158.136993,158.343002,158.115997,158.296997
2026-01-14T18:00:00Z,158.300995,158.462997,158.294998,158.453995
2026-01-14T19:00:00Z,158.460007,158.518005,158.414993,158.496002
2026-01-14T20:00:00Z,158.503998,158.597000,158.453003,158.589005
2026-01-14T21:00:00Z,158.589996,158.598007,158.382004,158.410004
2026-01-14T22:00:00Z,158.395996,158.427002,158.184998,158.257004
2026-01-14T23:00:00Z,158.274994,158.432999,158.227005,158.410995
2026-01-15T00:00:00Z,158.421005,158.576996,158.373001,158.404007
2026-01-15T01:00:00Z,158.408005,158.436005,158.220993,158.348007
2026-01-15T02:00:00Z,158.354004,158.544998,158.302002,158.518005
2026-01-15T03:00:00Z,158.520996,158.643005,158.488007,158.507004
2026-01-15T04:00:00Z,158.507004,158.647003,158.470993,158.585999
2026-01-15T05:00:00Z,158.585007,158.613998,158.373993,158.427002
2026-01-15T06:00:00Z,158.429993,158.651993,158.393005,158.612000
2026-01-15T07:00:00Z,158.608002,158.731995,158.444000,158.578995
2026-01-15T08:00:00Z,158.572998,158.712997,158.533005,158.688004
2026-01-15T09:00:00Z,158.690002,158.699005,158.296997,158.397003
2026-01-15T10:00:00Z,158.397995,158.473007,158.339005,158.466995
2026-01-15T11:00:00Z,158.466003,158.565994,158.427994,158.565002
2026-01-15T12:00:00Z,158.565994,158.604996,158.483002,158.589996
2026-01-15T13:00:00Z,158.595001,158.854996,158.526993,158.830002
2026-01-15T14:00:00Z,158.830002,158.878998,158.639999,158.733994
2026-01-15T15:00:00Z,158.740005,158.744003,158.468994,158.537994
2026-01-15T16:00:00Z,158.533005,158.569000,158.408005,158.498001
2026-01-15T17:00:00Z,158.490997,158.539001,158.436996,158.501999
2026-01-15T18:00:00Z,158.507996,158.522003,158.468994,158.492996
2026-01-15T19:00:00Z,158.492004,158.561005,158.455994,158.522003
2026-01-15T20:00:00Z,158.526993,158.643997,158.507004,158.634995
2026-01-15T21:00:00Z,158.643005,158.673996,158.582993,158.628998
2026-01-15T22:00:00Z,158.615997,158.630997,158.542007,158.598007
2026-01-15T23:00:00Z,158.628006,158.671005,158.554001,158.585999
2026-01-16T00:00:00Z,158.582001,158.703995,158.513000,158.654999
2026-01-16T01:00:00Z,158.649002,158.682007,158.464005,158.597000
2026-01-16T02:00:00Z,158.589005,158.628998,157.957993,158.300003
2026-01-16T03:00:00Z,158.304001,158.313004,158.100006,158.106003
2026-01-16T04:00:00Z,158.108002,158.292999,158.091995,158.272003
2026-01-16T05:00:00Z,158.274002,158.380005,158.220001,158.378998
2026-01-16T06:00:00Z,158.378006,158.449997,158.328995,158.384995
2026-01-16T07:00:00Z,158.380005,158.404999,158.091995,158.171997
2026-01-16T08:00:00Z,158.164993,158.255005,158.003998,158.207993
2026-01-16T09:00:00Z,158.209000,158.214996,158.067001,158.195999
2026-01-16T10:00:00Z,158.188004,158.220001,158.070007,158.115005
2026-01-16T11:00:00Z,158.134995,158.154007,158.044006,158.085007
2026-01-16T12:00:00Z,158.093002,158.223999,158.069000,158.149994
2026-01-16T13:00:00Z,158.153000,158.154007,157.936005,158.020996
2026-01-16T14:00:00Z,158.016006,158.119003,157.835007,157.901993
2026-01-16T15:00:00Z,157.901993,158.266006,157.815002,158.061996
2026-01-16T16:00:00Z,158.063004,158.100998,157.929001,158.020996
2026-01-16T17:00:00Z,158.016006,158.160995,158.013000,158.139008
2026-01-16T18:00:00Z,158.139999,158.242004,158.121002,158.179001
2026-01-16T19:00:00Z,158.179001,158.210999,158.095001,158.115005
2026-01-16T20:00:00Z,158.119995,158.121002,158.031998,158.076996
2026-01-16T21:00:00Z,158.078003,158.139008,158.037994,158.082993
2026-01-19T00:00:00Z,157.548004,157.878998,157.436005,157.475006
2026-01-19T01:00:00Z,157.473007,157.699997,157.414993,157.679001
2026-01-19T02:00:00Z,157.684006,157.929993,157.675995,157.856003
2026-01-19T03:00:00Z,157.863007,157.945999,157.802994,157.871994
2026-01-19T04:00:00Z,157.878998,157.916000,157.815994,157.822006
2026-01-19T05:00:00Z,157.822998,157.947006,157.746994,157.899994
2026-01-19T06:00:00Z,157.903000,157.936996,157.781998,157.809006
2026-01-19T07:00:00Z,157.807999,158.123001,157.737000,158.078003
2026-01-19T08:00:00Z,158.070999,158.149994,157.992996,158.022995
2026-01-19T09:00:00Z,158.024994,158.166000,157.856003,157.927002
2026-01-19T10:00:00Z,157.923996,157.994003,157.819000,157.882004
2026-01-19T11:00:00Z,157.876999,158.108002,157.875000,158.039993
2026-01-19T12:00:00Z,158.039993,158.061996,157.910995,158.011993
2026-01-19T13:00:00Z,158.020996,158.029999,157.869003,157.919998
2026-01-19T14:00:00Z,157.912994,157.947998,157.858002,157.897003
2026-01-19T15:00:00Z,157.903000,158.078995,157.856003,158.059998
2026-01-19T16:00:00Z,158.059998,158.138000,158.031998,158.072998
2026-01-19T17:00:00Z,158.070007,158.108002,158.005997,158.024994
2026-01-19T18:00:00Z,158.033005,158.074005,157.998993,158.069000
2026-01-19T19:00:00Z,158.074005,158.113007,158.063995,158.080994
2026-01-19T20:00:00Z,158.082001,158.154999,158.072998,158.126999
2026-01-19T21:00:00Z,158.128006,158.145004,158.069000,158.076004
2026-01-19T22:00:00Z,158.072998,158.110992,158.022995,158.085007
2026-01-19T23:00:00Z,158.087006,158.227005,158.052994,158.179001
2026-01-20T00:00:00Z,158.156998,158.281998,157.895004,157.936005
2026-01-20T01:00:00Z,157.938004,158.192001,157.841995,157.947998
2026-01-20T02:00:00Z,157.940994,158.078995,157.932999,158.026001
2026-01-20T03:00:00Z,158.028000,158.035004,157.897003,157.973999
2026-01-20T04:00:00Z,157.972000,158.102997,157.888000,158.026993
2026-01-20T05:00:00Z,158.022003,158.123993,157.942993,158.102005
2026-01-20T06:00:00Z,158.098999,158.466995,158.093002,158.410004
2026-01-20T07:00:00Z,158.404999,158.604004,158.298004,158.369995
2026-01-20T08:00:00Z,158.371994,158.393997,157.738998,157.815002
2026-01-20T09:00:00Z,157.809006,157.817001,157.550003,157.731003
2026-01-20T10:00:00Z,157.731995,157.938995,157.688004,157.809006
2026-01-20T11:00:00Z,157.813004,157.914001,157.677994,157.748001
2026-01-20T12:00:00Z,157.748993,157.895004,157.647995,157.860992
2026-01-20T13:00:00Z,157.862000,157.973999,157.449997,157.839996
2026-01-20T14:00:00Z,157.843002,158.078995,157.727005,158.028000
2026-01-20T15:00:00Z,158.035004,158.112000,157.865005,157.925003
2026-01-20T16:00:00Z,157.923004,158.076004,157.848007,157.893997
2026-01-20T17:00:00Z,157.888000,157.987000,157.850006,157.949997
2026-01-20T18:00:00Z,157.957001,158.059006,157.944000,158.052994
2026-01-20T19:00:00Z,158.052002,158.298004,158.035995,158.283997
2026-01-20T20:00:00Z,158.281998,158.289993,158.181000,158.205994
2026-01-20T21:00:00Z,158.209000,158.231995,158.113007,158.136002
2026-01-20T22:00:00Z,158.138000,158.167007,158.076004,158.156006
2026-01-20T23:00:00Z,158.138000,158.207001,158.029999,158.167999
2026-01-21T00:00:00Z,158.145996,158.281998,158.106995,158.115005
2026-01-21T01:00:00Z,158.115005,158.169998,157.850006,157.960999
2026-01-21T02:00:00Z,157.959000,158.078003,157.880005,157.916000
2026-01-21T03:00:00Z,157.910004,158.149002,157.884003,158.087006
2026-01-21T04:00:00Z,158.087997,158.132004,157.990005,158.029999
2026-01-21T05:00:00Z,158.035004,158.240005,158.026001,158.203995
2026-01-21T06:00:00Z,158.205002,158.257004,158.076996,158.145004
2026-01-21T07:00:00Z,158.143005,158.167007,157.867996,157.919998
2026-01-21T08:00:00Z,157.925003,157.987000,157.813995,157.867004
2026-01-21T09:00:00Z,157.871002,158.039001,157.826996,158.005005
2026-01-21T10:00:00Z,158.003998,158.089005,157.981995,158.016998
2026-01-21T11:00:00Z,158.024002,158.076996,157.906998,157.912994
2026-01-21T12:00:00Z,157.912003,157.940994,157.740005,157.787003
2026-01-21T13:00:00Z,157.791000,157.942001,157.757996,157.886002
2026-01-21T14:00:00Z,157.880005,158.153000,157.869003,158.113998
2026-01-21T15:00:00Z,158.108994,158.311005,158.054001,158.216003
2026-01-21T16:00:00Z,158.210007,158.259003,158.070999,158.166000
2026-01-21T17:00:00Z,158.167999,158.214996,158.031998,158.141998
2026-01-21T18:00:00Z,158.141998,158.229996,158.108002,158.218994
2026-01-21T19:00:00Z,158.216003,158.533997,158.134995,158.376007
2026-01-21T20:00:00Z,158.386002,158.498993,158.322998,158.365997
2026-01-21T21:00:00Z,158.375000,158.421005,158.259003,158.259003
2026-01-21T22:00:00Z,158.287003,158.337997,158.231995,158.291000
2026-01-21T23:00:00Z,158.294006,158.473007,158.251999,158.470001
2026-01-22T00:00:00Z,158.460007,158.492004,158.171005,158.235001
2026-01-22T01:00:00Z,158.235001,158.367996,158.210007,158.343002
2026-01-22T02:00:00Z,158.348999,158.479996,158.334000,158.466995
2026-01-22T03:00:00Z,158.459000,158.589005,158.393997,158.557007
2026-01-22T04:00:00Z,158.554993,158.705002,158.546005,158.641006
2026-01-22T05:00:00Z,158.641006,158.733994,158.621994,158.710007
2026-01-22T06:00:00Z,158.716003,158.850998,158.697998,158.772003
2026-01-22T07:00:00Z,158.778000,158.893005,158.753006,158.774994
2026-01-22T08:00:00Z,158.776001,158.856995,158.725006,158.764008
2026-01-22T09:00:00Z,158.768997,158.779007,158.602005,158.694000
2026-01-22T10:00:00Z,158.690002,158.764008,158.619003,158.623993
2026-01-22T11:00:00Z,158.632996,158.703003,158.529999,158.591003
2026-01-22T12:00:00Z,158.585007,158.828995,158.533005,158.819000
2026-01-22T13:00:00Z,158.819000,158.858002,158.615005,158.701004
2026-01-22T14:00:00Z,158.692993,158.761993,158.529999,158.617996
2026-01-22T15:00:00Z,158.610992,158.647995,158.345993,158.389999
2026-01-22T16:00:00Z,158.391998,158.425995,158.251999,158.354004
2026-01-22T17:00:00Z,158.363998,158.507996,158.229004,158.307007
2026-01-22T18:00:00Z,158.300995,158.337997,158.270004,158.311005
2026-01-22T19:00:00Z,158.309006,158.470993,158.289993,158.408997
2026-01-22T20:00:00Z,158.399002,158.442993,158.330002,158.432999
2026-01-22T21:00:00Z,158.438995,158.470993,158.371002,158.386002
2026-01-22T22:00:00Z,158.384003,158.408005,158.326004,158.393005
2026-01-22T23:00:00Z,158.367996,158.533997,158.324997,158.498001
2026-01-23T00:00:00Z,158.477997,158.582993,158.429001,158.518005
2026-01-23T01:00:00Z,158.518005,158.662994,158.473007,158.634995
2026-01-23T02:00:00Z,158.639999,158.684006,158.490997,158.585007
2026-01-23T03:00:00Z,158.598007,158.742004,158.473007,158.632004
2026-01-23T04:00:00Z,158.630997,158.667007,158.526001,158.535995
2026-01-23T05:00:00Z,158.548004,158.636993,158.464005,158.613998
2026-01-23T06:00:00Z,158.623993,158.949005,158.537994,158.867004
2026-01-23T07:00:00Z,158.873993,159.225998,157.274994,158.373001
2026-01-23T08:00:00Z,158.384995,158.492004,158.097000,158.134003
2026-01-23T09:00:00Z,158.126007,158.149994,157.858002,158.007004
2026-01-23T10:00:00Z,157.996002,158.248001,157.988007,158.194000
2026-01-23T11:00:00Z,158.194000,158.317001,158.126999,158.128006
2026-01-23T12:00:00Z,158.128006,158.264999,158.084000,158.156006
2026-01-23T13:00:00Z,158.153000,158.276993,158.084000,158.264999
2026-01-23T14:00:00Z,158.259003,158.337997,158.195999,158.242996
2026-01-23T15:00:00Z,158.261002,158.307999,158.089005,158.106995
2026-01-23T16:00:00Z,158.113007,158.225006,157.358002,157.563995
2026-01-23T17:00:00Z,157.556000,157.619995,156.113998,156.358002
2026-01-23T18:00:00Z,156.356995,156.636993,156.005997,156.164001
2026-01-23T19:00:00Z,156.164993,156.261993,155.673996,155.880997
2026-01-23T20:00:00Z,155.886002,155.962006,155.723999,155.815002
2026-01-23T21:00:00Z,155.804001,155.871002,155.602997,155.714996
2026-01-23T22:00:00Z,155.716995,155.718994,155.716995,155.718994
2026-01-26T00:00:00Z,155.149994,155.345001,154.656998,154.832993
2026-01-26T01:00:00Z,154.841003,154.932007,154.294006,154.417999
2026-01-26T02:00:00Z,154.423996,154.483002,153.878006,153.985992
2026-01-26T03:00:00Z,153.992004,154.341003,153.940994,154.210007
2026-01-26T04:00:00Z,154.207001,154.276001,153.800995,154.022995
2026-01-26T05:00:00Z,154.033005,154.115997,153.914993,154.106003
2026-01-26T06:00:00Z,154.098007,154.417999,154.022003,154.242004
2026-01-26T07:00:00Z,154.235001,154.324005,153.901993,154.246994
2026-01-26T08:00:00Z,154.242004,154.348007,153.389008,153.908997
2026-01-26T09:00:00Z,153.917999,154.138000,153.518997,153.667999
2026-01-26T10:00:00Z,153.662003,153.886993,153.518997,153.561005
2026-01-26T11:00:00Z,153.559006,153.826996,153.298004,153.738998
2026-01-26T12:00:00Z,153.738998,154.190994,153.725998,154.130005
2026-01-26T13:00:00Z,154.123001,154.337997,154.035995,154.061005
2026-01-26T14:00:00Z,154.052002,154.134003,153.686996,153.731003
2026-01-26T15:00:00Z,153.742004,153.884995,153.608994,153.806000
2026-01-26T16:00:00Z,153.813004,154.029007,153.709000,153.878006
2026-01-26T17:00:00Z,153.882004,154.112000,153.858002,153.970993
2026-01-26T18:00:00Z,153.972000,154.194000,153.889999,154.160995
2026-01-26T19:00:00Z,154.158997,154.274994,154.020004,154.039001
2026-01-26T20:00:00Z,154.039993,154.147003,153.852005,154.080002
2026-01-26T21:00:00Z,154.087006,154.261002,154.052994,154.169006
2026-01-26T22:00:00Z,154.175995,154.264999,154.078995,154.164001
2026-01-26T23:00:00Z,154.143997,154.427994,154.076996,154.371994
2026-01-27T00:00:00Z,154.386002,154.449997,154.113998,154.287994
2026-01-27T01:00:00Z,154.287994,154.408997,154.231003,154.339005
2026-01-27T02:00:00Z,154.347000,154.365005,154.076996,154.259003
2026-01-27T03:00:00Z,154.255997,154.468994,154.231003,154.417007
2026-01-27T04:00:00Z,154.416000,154.623993,154.404007,154.593994
2026-01-27T05:00:00Z,154.595001,154.641998,154.423996,154.501999
2026-01-27T06:00:00Z,154.501999,154.612000,154.362000,154.533005
2026-01-27T07:00:00Z,154.531006,154.764999,154.459000,154.731003
2026-01-27T08:00:00Z,154.733002,154.878006,154.630997,154.697006
2026-01-27T09:00:00Z,154.703003,154.735001,153.160004,153.738007
2026-01-27T10:00:00Z,153.742004,154.192993,153.544998,153.731003
2026-01-27T11:00:00Z,153.742996,153.764999,153.554001,153.727005
2026-01-27T12:00:00Z,153.729004,153.792999,153.251007,153.306000
2026-01-27T13:00:00Z,153.304001,153.423004,152.983002,153.251007
2026-01-27T14:00:00Z,153.248001,153.375000,152.919998,153.209000
2026-01-27T15:00:00Z,153.222000,153.339005,152.865997,153.235992
2026-01-27T16:00:00Z,153.242996,153.266998,152.938004,153.041000
2026-01-27T17:00:00Z,153.039993,153.151001,152.600998,152.766006
2026-01-27T18:00:00Z,152.764999,152.882996,152.563995,152.763000
2026-01-27T19:00:00Z,152.763000,152.839996,152.695999,152.710007
2026-01-27T20:00:00Z,152.714005,152.841995,152.085007,152.380005
2026-01-27T21:00:00Z,152.376999,152.483002,152.134003,152.194000
2026-01-27T22:00:00Z,152.156006,152.438004,152.115005,152.292007
2026-01-27T23:00:00Z,152.294006,152.623001,152.214996,152.432999
2026-01-28T00:00:00Z,152.496002,152.716995,152.427994,152.628998
2026-01-28T01:00:00Z,152.636993,152.994995,152.589005,152.987000
2026-01-28T02:00:00Z,152.987000,153.067993,152.804993,152.839005
2026-01-28T03:00:00Z,152.837006,152.841995,152.641998,152.720001
2026-01-28T04:00:00Z,152.720993,152.837006,152.518997,152.557007
2026-01-28T05:00:00Z,152.552994,152.735992,152.466995,152.626999
2026-01-28T06:00:00Z,152.628998,152.727005,152.548996,152.647995
2026-01-28T07:00:00Z,152.641998,152.733994,152.270996,152.647995
2026-01-28T08:00:00Z,152.641998,152.806000,152.399002,152.634995
2026-01-28T09:00:00Z,152.636993,152.764999,152.554001,152.710999
2026-01-28T10:00:00Z,152.712997,152.725006,152.343994,152.561005
2026-01-28T11:00:00Z,152.561005,152.723999,152.542007,152.602997
2026-01-28T12:00:00Z,152.604996,152.641998,152.382004,152.570007
2026-01-28T13:00:00Z,152.565994,152.917007,152.537003,152.847000
2026-01-28T14:00:00Z,152.841003,152.994003,152.647003,152.828003
2026-01-28T15:00:00Z,152.828003,153.735992,152.761993,153.459000
2026-01-28T16:00:00Z,153.464005,153.787003,153.410995,153.600998
2026-01-28T17:00:00Z,153.597000,153.757004,153.518997,153.522003
2026-01-28T18:00:00Z,153.524994,153.949005,153.520004,153.820007
2026-01-28T19:00:00Z,153.820007,154.046997,153.455994,153.488998
2026-01-28T20:00:00Z,153.490005,153.576004,153.298996,153.380005
2026-01-28T21:00:00Z,153.380997,153.464996,153.289993,153.401001
2026-01-28T22:00:00Z,153.412003,153.429001,153.339996,153.414993
2026-01-28T23:00:00Z,153.417999,153.421997,153.022995,153.106003
2026-01-29T00:00:00Z,153.082993,153.216003,152.757996,153.087997
2026-01-29T01:00:00Z,153.093002,153.356003,153.065002,153.253006
2026-01-29T02:00:00Z,153.259995,153.391998,153.020004,153.106995
2026-01-29T03:00:00Z,153.113998,153.182999,152.897003,152.919998
2026-01-29T04:00:00Z,152.919998,153.231995,152.895004,152.975006
2026-01-29T05:00:00Z,152.968002,153.091995,152.897995,153.020004
2026-01-29T06:00:00Z,153.016998,153.154007,152.910995,153.048996
2026-01-29T07:00:00Z,153.050995,153.421997,152.979996,153.307999
2026-01-29T08:00:00Z,153.315002,153.457993,153.151993,153.315994
2026-01-29T09:00:00Z,153.313995,153.382996,153.132996,153.311996
2026-01-29T10:00:00Z,153.309998,153.451004,153.268997,153.432007
2026-01-29T11:00:00Z,153.436005,153.537003,153.371002,153.462006
2026-01-29T12:00:00Z,153.457993,153.475998,153.218002,153.225006
2026-01-29T13:00:00Z,153.220001,153.404999,153.167999,153.326996
2026-01-29T14:00:00Z,153.328995,153.393997,153.000000,153.056000
2026-01-29T15:00:00Z,153.072006,153.514008,152.673004,152.806000
2026-01-29T16:00:00Z,152.802994,153.048996,152.714005,152.889008
2026-01-29T17:00:00Z,152.891006,152.970993,152.796005,152.901993
2026-01-29T18:00:00Z,152.901993,153.147003,152.895004,153.009003
2026-01-29T19:00:00Z,153.014999,153.169998,153.005005,153.070007
2026-01-29T20:00:00Z,153.076004,153.212997,153.011993,153.110001
2026-01-29T21:00:00Z,153.113007,153.175003,153.048004,153.113007
2026-01-29T22:00:00Z,153.089005,153.136002,152.938004,152.960999
2026-01-29T23:00:00Z,152.972000,153.188004,152.856003,153.173004
2026-01-30T00:00:00Z,153.132004,153.649994,153.070999,153.494995
2026-01-30T01:00:00Z,153.501999,153.792007,153.451004,153.753006
2026-01-30T02:00:00Z,153.746994,153.979004,153.643997,153.802002
2026-01-30T03:00:00Z,153.804993,153.970001,153.761002,153.945007
2026-01-30T04:00:00Z,153.949997,153.972000,153.834000,153.921005
2026-01-30T05:00:00Z,153.923004,154.139008,153.764008,153.912003
2026-01-30T06:00:00Z,153.914001,153.987000,153.744995,153.901993
2026-01-30T07:00:00Z,153.899002,154.056000,153.707001,153.800003
2026-01-30T08:00:00Z,153.794998,153.957993,153.699005,153.940002
2026-01-30T09:00:00Z,153.942001,154.285004,153.921997,154.266998
2026-01-30T10:00:00Z,154.279007,154.388000,154.078995,154.154999
2026-01-30T11:00:00Z,154.166000,154.173996,153.845993,153.856995
2026-01-30T12:00:00Z,153.850006,154.072998,153.787994,154.035004
2026-01-30T13:00:00Z,154.029007,154.375000,153.970001,154.365997
2026-01-30T14:00:00Z,154.358994,154.522003,154.238007,154.455994
2026-01-30T15:00:00Z,154.464996,154.761002,154.447998,154.746994
2026-02-02T20:00:00Z,155.626007,155.638000,155.518005,155.580002
2026-02-02T21:00:00Z,155.576996,155.621002,155.518005,155.619003
2026-02-02T22:00:00Z,155.619003,155.641006,155.501007,155.535004
2026-02-02T23:00:00Z,155.516998,155.598999,155.406998,155.475006
2026-02-03T00:00:00Z,155.462006,155.597000,155.431000,155.466995
2026-02-03T01:00:00Z,155.464005,155.617996,155.403000,155.462006
2026-02-03T02:00:00Z,155.462006,155.544998,155.371002,155.531998
2026-02-03T03:00:00Z,155.528000,155.556000,155.393997,155.466003
2026-02-03T04:00:00Z,155.473007,155.496994,155.294998,155.412994
2026-02-03T05:00:00Z,155.410004,155.473999,155.328995,155.431000
2026-02-03T06:00:00Z,155.421005,155.477005,155.348007,155.410004
2026-02-03T07:00:00Z,155.410995,155.526001,155.296005,155.403000
2026-02-03T08:00:00Z,155.399994,155.582001,155.358002,155.533997
2026-02-03T09:00:00Z,155.533005,155.876999,155.501999,155.865997
2026-02-03T10:00:00Z,155.865005,155.953003,155.779007,155.921997
2026-02-03T11:00:00Z,155.917007,155.983994,155.865997,155.951004
2026-02-03T12:00:00Z,155.942993,155.959000,155.845001,155.875000
2026-02-03T13:00:00Z,155.867004,155.893997,155.763000,155.882996
2026-02-03T14:00:00Z,155.882004,156.082993,155.787994,155.856003
2026-02-03T15:00:00Z,155.863998,155.932999,155.697006,155.707001
2026-02-03T16:00:00Z,155.707001,155.776993,155.654007,155.709000
2026-02-03T17:00:00Z,155.703995,155.731003,155.518005,155.712997
2026-02-03T18:00:00Z,155.716995,155.802002,155.595001,155.649002
2026-02-03T19:00:00Z,155.643997,155.804001,155.639008,155.768005
2026-02-03T20:00:00Z,155.770004,155.809998,155.688995,155.731003
2026-02-03T21:00:00Z,155.729996,155.787003,155.686996,155.725006
2026-02-03T22:00:00Z,155.729004,155.807007,155.694000,155.751007
2026-02-03T23:00:00Z,155.729996,155.856003,155.677002,155.794998
2026-02-04T00:00:00Z,155.792999,156.035995,155.792999,156.026001
2026-02-04T01:00:00Z,156.018997,156.186996,156.009003,156.132996
2026-02-04T02:00:00Z,156.128006,156.291000,156.115005,156.255005
2026-02-04T03:00:00Z,156.255005,156.391998,156.238998,156.313995
2026-02-04T04:00:00Z,156.309998,156.362000,156.240005,156.270004
2026-02-04T05:00:00Z,156.270004,156.352997,156.227997,156.298004
2026-02-04T06:00:00Z,156.292999,156.388000,156.225998,156.354004
2026-02-04T07:00:00Z,156.348007,156.466995,156.311005,156.417999
2026-02-04T08:00:00Z,156.423996,156.494995,156.386002,156.460007
2026-02-04T09:00:00Z,156.466003,156.667999,156.388000,156.643997
2026-02-04T10:00:00Z,156.641998,156.807007,156.604004,156.725998
2026-02-04T11:00:00Z,156.725998,156.854004,156.707001,156.817993
2026-02-04T12:00:00Z,156.815994,156.824005,156.587997,156.621994
2026-02-04T13:00:00Z,156.619003,156.763000,156.453003,156.470993
2026-02-04T14:00:00Z,156.477005,156.593002,156.401993,156.447998
2026-02-04T15:00:00Z,156.440994,156.707001,156.339996,156.647003
2026-02-04T16:00:00Z,156.651993,156.738007,156.544998,156.612000
2026-02-04T17:00:00Z,156.612000,156.694000,156.453995,156.664001
2026-02-04T18:00:00Z,156.667999,156.787003,156.623001,156.781006
2026-02-04T19:00:00Z,156.770004,156.893005,156.733994,156.819000
2026-02-04T20:00:00Z,156.819000,156.940994,156.800995,156.919998
2026-02-04T21:00:00Z,156.917999,156.947006,156.815994,156.828003
2026-02-04T22:00:00Z,156.828003,156.867004,156.669998,156.798004
2026-02-04T23:00:00Z,156.813995,156.940994,156.774994,156.895004
2026-02-05T00:00:00Z,156.906006,156.985992,156.699997,156.776993
2026-02-05T01:00:00Z,156.778000,156.944000,156.774994,156.852997
2026-02-05T02:00:00Z,156.863007,156.970001,156.776001,156.873993
2026-02-05T03:00:00Z,156.871994,156.914993,156.675995,156.796005
2026-02-05T04:00:00Z,156.785995,156.869995,156.785995,156.809998
2026-02-05T05:00:00Z,156.807999,156.988007,156.806000,156.970993
2026-02-05T06:00:00Z,156.970993,157.063004,156.841995,157.001007
2026-02-05T07:00:00Z,157.009995,157.199005,156.908997,157.091003
2026-02-05T08:00:00Z,157.095993,157.158997,156.996994,157.001999
2026-02-05T09:00:00Z,157.000000,157.337006,156.992996,157.322006
2026-02-05T10:00:00Z,157.320999,157.335999,157.156006,157.238007
2026-02-05T11:00:00Z,157.238007,157.281006,157.113998,157.139008
2026-02-05T12:00:00Z,157.139999,157.287994,156.852997,156.951004
2026-02-05T13:00:00Z,156.951004,156.951996,156.524002,156.593994
2026-02-05T14:00:00Z,156.593994,156.921005,156.582993,156.875000
2026-02-05T15:00:00Z,156.863998,156.880997,156.537994,156.835007
2026-02-05T16:00:00Z,156.820007,157.020996,156.785004,156.906998
2026-02-05T17:00:00Z,156.906998,156.934998,156.794006,156.807007
2026-02-05T18:00:00Z,156.798996,156.903000,156.757996,156.841003
2026-02-05T19:00:00Z,156.841003,156.910004,156.787994,156.897995
2026-02-05T20:00:00Z,156.897995,157.050995,156.869995,157.035995
2026-02-05T21:00:00Z,157.035995,157.095001,156.985992,157.050003
2026-02-05T22:00:00Z,157.048004,157.078003,156.886993,157.007004
2026-02-05T23:00:00Z,156.985992,157.052994,156.705002,156.794006
2026-02-06T00:00:00Z,156.800995,156.835007,156.582993,156.653000
2026-02-06T01:00:00Z,156.649002,156.789993,156.503998,156.651993
2026-02-06T02:00:00Z,156.651993,156.830002,156.643997,156.725006
2026-02-06T03:00:00Z,156.733002,156.770996,156.671997,156.729004
2026-02-06T04:00:00Z,156.733994,156.751007,156.619003,156.636993
2026-02-06T05:00:00Z,156.647003,156.768997,156.582993,156.751007
2026-02-06T06:00:00Z,156.755997,156.904007,156.748993,156.779007
2026-02-06T07:00:00Z,156.778000,156.888000,156.664001,156.858002
2026-02-06T08:00:00Z,156.880997,156.990005,156.787003,156.987000
2026-02-06T09:00:00Z,156.981003,157.074005,156.966003,157.042007
2026-02-06T10:00:00Z,157.048996,157.080002,156.895996,156.957993
2026-02-06T11:00:00Z,156.951004,157.156006,156.942993,157.037003
2026-02-06T12:00:00Z,157.039993,157.132004,156.985001,157.080002
2026-02-06T13:00:00Z,157.070007,157.126007,156.893997,156.925003
2026-02-06T14:00:00Z,156.923004,156.953003,156.772003,156.860001
2026-02-06T15:00:00Z,156.843002,157.113007,156.826996,156.828003
2026-02-06T16:00:00Z,156.828003,157.121002,156.828003,157.095001
2026-02-06T17:00:00Z,157.095993,157.132004,156.985001,157.044998
2026-02-06T18:00:00Z,157.044998,157.110992,156.992004,157.082993
2026-02-06T19:00:00Z,157.076996,157.136993,157.063995,157.095001
2026-02-06T20:00:00Z,157.102997,157.141006,157.067001,157.091003
2026-02-06T21:00:00Z,157.097000,157.270996,157.085999,157.184006
2026-02-09T00:00:00Z,157.246994,157.292007,156.654007,156.880997
2026-02-09T01:00:00Z,156.876007,156.906006,156.203995,156.630997
2026-02-09T02:00:00Z,156.630997,156.938004,156.612000,156.835007
2026-02-09T03:00:00Z,156.834000,156.914993,156.761002,156.858994
2026-02-09T04:00:00Z,156.869003,156.884995,156.641006,156.682007
2026-02-09T05:00:00Z,156.682007,156.710007,156.511993,156.608002
2026-02-09T06:00:00Z,156.600998,156.613007,156.279999,156.524994
2026-02-09T07:00:00Z,156.524002,156.684006,156.281998,156.591995
2026-02-09T08:00:00Z,156.587997,156.781998,156.550003,156.584000
2026-02-09T09:00:00Z,156.589996,156.701004,156.389999,156.634003
2026-02-09T10:00:00Z,156.639008,156.744995,156.563004,156.673996
2026-02-09T11:00:00Z,156.673996,156.750000,156.401993,156.457993
2026-02-09T12:00:00Z,156.460999,156.557007,156.326004,156.378998
2026-02-09T13:00:00Z,156.371994,156.391998,155.903000,155.925003
2026-02-09T14:00:00Z,155.927002,155.942993,155.514008,155.604004
2026-02-09T15:00:00Z,155.608002,155.889008,155.561996,155.845993
2026-02-09T16:00:00Z,155.845993,156.143997,155.826004,156.082993
2026-02-09T17:00:00Z,156.082993,156.136002,155.949005,155.964005
2026-02-09T18:00:00Z,155.953995,156.031998,155.893997,155.901001
2026-02-09T19:00:00Z,155.901001,155.944000,155.634003,155.709000
2026-02-09T20:00:00Z,155.714996,155.884995,155.701996,155.876007
2026-02-09T21:00:00Z,155.869995,155.929001,155.841003,155.876999
2026-02-09T22:00:00Z,155.860992,156.069000,155.727005,155.824997
2026-02-09T23:00:00Z,155.824997,156.147995,155.804001,156.125000
2026-02-10T00:00:00Z,156.126007,156.294006,155.957993,155.983994
2026-02-10T01:00:00Z,155.975006,156.059006,155.666000,155.722000
2026-02-10T02:00:00Z,155.722000,155.835999,155.358002,155.369003
2026-02-10T03:00:00Z,155.362000,155.397995,155.141998,155.319000
2026-02-10T04:00:00Z,155.330994,155.365005,155.128998,155.251007
2026-02-10T05:00:00Z,155.261993,155.324005,155.078995,155.300003
2026-02-10T06:00:00Z,155.302002,155.449005,155.270996,155.410995
2026-02-10T07:00:00Z,155.403000,155.610992,155.278000,155.554001
2026-02-10T08:00:00Z,155.561005,155.632996,155.483002,155.548996
2026-02-10T09:00:00Z,155.544006,155.554001,155.240997,155.276993
2026-02-10T10:00:00Z,155.276993,155.285995,155.039993,155.128998
2026-02-10T11:00:00Z,155.139008,155.302994,155.098999,155.270996
2026-02-10T12:00:00Z,155.261993,155.306000,155.054001,155.169006
2026-02-10T13:00:00Z,155.175003,155.231003,154.720993,154.757996
2026-02-10T14:00:00Z,154.753998,154.794006,154.205994,154.382996
2026-02-10T15:00:00Z,154.382996,154.462997,154.061005,154.210999
2026-02-10T16:00:00Z,154.207993,154.326996,154.046997,154.278000
2026-02-10T17:00:00Z,154.285004,154.419998,154.145996,154.380005
2026-02-10T18:00:00Z,154.373993,154.546005,154.358994,154.494003
2026-02-10T19:00:00Z,154.501999,154.587006,154.292999,154.309998
2026-02-10T20:00:00Z,154.311005,154.369003,154.238007,154.341995
2026-02-10T21:00:00Z,154.339005,154.432999,154.309006,154.382004
2026-02-10T22:00:00Z,154.382996,154.419998,154.263000,154.378998
2026-02-10T23:00:00Z,154.356003,154.507996,154.347000,154.485001
2026-02-11T00:00:00Z,154.496994,154.516998,153.985992,154.048004
2026-02-11T01:00:00Z,154.042007,154.065002,153.828003,153.968002
2026-02-11T02:00:00Z,153.968002,153.979996,153.604996,153.608002
2026-02-11T03:00:00Z,153.608994,153.733002,153.539993,153.552002
2026-02-11T04:00:00Z,153.554993,153.582993,153.255005,153.315994
2026-02-11T05:00:00Z,153.306000,153.391998,152.987000,153.033997
2026-02-11T06:00:00Z,153.031998,153.182999,152.792007,153.143005
2026-02-11T07:00:00Z,153.134995,153.324005,153.074997,153.102997
2026-02-11T08:00:00Z,153.098999,153.313995,153.016006,153.139999
2026-02-11T09:00:00Z,153.139999,153.404999,153.098999,153.199997
2026-02-11T10:00:00Z,153.199997,153.330994,153.169006,153.302002
2026-02-11T11:00:00Z,153.302002,153.522995,153.302002,153.487000
2026-02-11T12:00:00Z,153.485992,153.662003,153.459000,153.589996
2026-02-11T13:00:00Z,153.593002,154.654007,152.822006,153.828003
2026-02-11T14:00:00Z,153.830994,153.962997,153.332993,153.445999
2026-02-11T15:00:00Z,153.447998,153.688004,153.164001,153.613007
2026-02-11T16:00:00Z,153.613007,153.684998,152.921997,152.927002
2026-02-11T17:00:00Z,152.936996,153.024002,152.542999,152.828003
2026-02-11T18:00:00Z,152.824997,152.962006,152.556000,152.699997
2026-02-11T19:00:00Z,152.710007,152.945007,152.699997,152.936005
2026-02-11T20:00:00Z,152.936005,153.253006,152.912994,153.214005
2026-02-11T21:00:00Z,153.214005,153.311996,153.190994,153.235992
2026-02-11T22:00:00Z,153.235001,153.266998,153.031006,153.100006
2026-02-11T23:00:00Z,153.098999,153.283005,153.061996,153.268997
2026-02-12T00:00:00Z,153.257996,153.447998,153.082001,153.110001
2026-02-12T01:00:00Z,153.100998,153.160995,152.785004,152.845001
2026-02-12T02:00:00Z,152.852997,152.895004,152.513000,152.541000
2026-02-12T03:00:00Z,152.533997,152.641998,152.259003,152.554993
2026-02-12T04:00:00Z,152.552002,152.856995,152.421005,152.854996
2026-02-12T05:00:00Z,152.848007,153.190994,152.813004,153.095001
2026-02-12T06:00:00Z,153.095993,153.548996,152.938004,153.313004
2026-02-12T07:00:00Z,153.298004,153.354996,152.850998,153.035004
2026-02-12T08:00:00Z,153.033005,153.067001,152.802994,152.914993
2026-02-12T09:00:00Z,152.908997,153.014999,152.792999,152.914001
2026-02-12T10:00:00Z,152.910995,153.117996,152.889999,153.117996
2026-02-12T11:00:00Z,153.110001,153.332993,153.028000,153.311996
2026-02-12T12:00:00Z,153.307007,153.757996,153.268997,153.660995
2026-02-12T13:00:00Z,153.667999,153.723999,153.216003,153.266006
2026-02-12T14:00:00Z,153.257004,153.397995,152.947998,153.020996
2026-02-12T15:00:00Z,153.020004,153.063004,152.617996,152.645004
2026-02-12T16:00:00Z,152.639008,152.820007,152.358994,152.649994
2026-02-12T17:00:00Z,152.654007,152.888000,152.539993,152.845001
2026-02-12T18:00:00Z,152.852997,152.973007,152.740005,152.921997
2026-02-12T19:00:00Z,152.929001,152.990005,152.865997,152.897003
2026-02-12T20:00:00Z,152.897003,152.927002,152.677994,152.681000
2026-02-12T21:00:00Z,152.686005,152.787994,152.656998,152.727997
2026-02-12T22:00:00Z,152.727997,152.794006,152.626999,152.664993
2026-02-12T23:00:00Z,152.684998,152.875000,152.645004,152.772995
2026-02-13T00:00:00Z,152.794006,152.960999,152.723007,152.757996
2026-02-13T01:00:00Z,152.761993,153.347000,152.751007,153.264008
2026-02-13T02:00:00Z,153.264008,153.311996,153.041000,153.145004
2026-02-13T03:00:00Z,153.156006,153.160004,152.835999,152.951996
2026-02-13T04:00:00Z,152.940994,153.255997,152.837006,153.238998
2026-02-13T05:00:00Z,153.248001,153.395996,153.059006,153.292999
2026-02-13T06:00:00Z,153.285004,153.412994,153.106003,153.397003
2026-02-13T07:00:00Z,153.388000,153.595993,153.313004,153.395996
2026-02-13T08:00:00Z,153.389999,153.651993,153.356003,153.580994
2026-02-13T09:00:00Z,153.572006,153.667007,153.442001,153.507004
2026-02-13T10:00:00Z,153.500000,153.591003,153.429993,153.447006
2026-02-13T11:00:00Z,153.447998,153.468994,153.223999,153.350998
2026-02-13T12:00:00Z,153.358994,153.397003,153.229996,153.244003
2026-02-13T13:00:00Z,153.248001,153.337997,152.901993,153.070007
2026-02-13T14:00:00Z,153.065994,153.123993,152.776993,153.042999
2026-02-13T15:00:00Z,153.039993,153.151001,152.897995,153.130997
2026-02-13T16:00:00Z,153.128006,153.225998,152.731995,152.781006
2026-02-13T17:00:00Z,152.789993,152.871002,152.585007,152.804001
2026-02-13T18:00:00Z,152.802002,152.889008,152.750000,152.824005
2026-02-13T19:00:00Z,152.832993,152.858002,152.720001,152.779999
2026-02-13T20:00:00Z,152.770004,152.839005,152.656006,152.755005
2026-02-13T21:00:00Z,152.757996,152.766006,152.613007,152.621002
2026-02-16T00:00:00Z,152.800003,153.112000,152.755005,153.098007
2026-02-16T01:00:00Z,153.093994,153.164001,152.955994,153.013000
2026-02-16T02:00:00Z,153.013000,153.113998,152.960999,153.007996
2026-02-16T03:00:00Z,153.005997,153.104004,152.987000,153.059006
2026-02-16T04:00:00Z,153.065994,153.250000,152.977997,153.235992
2026-02-16T05:00:00Z,153.227005,153.244995,153.136002,153.195999
2026-02-16T06:00:00Z,153.197006,153.225998,153.070007,153.132004
2026-02-16T07:00:00Z,153.126999,153.389008,153.123993,153.337006
2026-02-16T08:00:00Z,153.335007,153.460007,153.207001,153.337006
2026-02-16T09:00:00Z,153.335999,153.615005,153.287994,153.572998
2026-02-16T10:00:00Z,153.572006,153.636993,153.509003,153.522003
2026-02-16T11:00:00Z,153.516998,153.552002,153.350006,153.363007
2026-02-16T12:00:00Z,153.371002,153.414001,153.315002,153.365005
2026-02-16T13:00:00Z,153.369995,153.449997,153.289001,153.328995
2026-02-16T14:00:00Z,153.326996,153.393997,153.244003,153.352997
2026-02-16T15:00:00Z,153.348999,153.481003,153.294006,153.460999
2026-02-16T16:00:00Z,153.457001,153.572006,153.397003,153.483994
2026-02-16T17:00:00Z,153.487000,153.563995,153.449005,153.470993
2026-02-16T18:00:00Z,153.470001,153.520004,153.449997,153.503998
2026-02-16T19:00:00Z,153.505005,153.529007,153.464005,153.477005
2026-02-16T20:00:00Z,153.477005,153.505005,153.445007,153.503006
2026-02-16T21:00:00Z,153.494003,153.537994,153.404007,153.404007
2026-02-16T22:00:00Z,153.421005,153.522995,153.362000,153.509995
2026-02-16T23:00:00Z,153.470993,153.757004,153.470993,153.550995
2026-02-17T00:00:00Z,153.550995,153.585007,153.156998,153.177994
2026-02-17T01:00:00Z,153.182007,153.397003,153.119995,153.141998
2026-02-17T02:00:00Z,153.136002,153.261002,153.044006,153.132996
2026-02-17T03:00:00Z,153.126999,153.184006,153.014999,153.169998
2026-02-17T04:00:00Z,153.177002,153.223007,152.983002,153.087997
2026-02-17T05:00:00Z,153.078995,153.151993,152.889999,152.955994
2026-02-17T06:00:00Z,152.947006,152.968994,152.832001,152.955002
2026-02-17T07:00:00Z,152.947006,153.110001,152.820007,153.076004
2026-02-17T08:00:00Z,153.078003,153.179993,152.714996,152.718002
2026-02-17T09:00:00Z,152.723007,152.945007,152.690994,152.899002
2026-02-17T10:00:00Z,152.897995,153.095001,152.841003,152.983002
2026-02-17T11:00:00Z,152.985001,153.182007,152.945007,153.128006
2026-02-17T12:00:00Z,153.123001,153.184998,153.052002,153.061996
2026-02-17T13:00:00Z,153.056000,153.391006,153.013000,153.266998
2026-02-17T14:00:00Z,153.266998,153.529007,153.259003,153.453003
2026-02-17T15:00:00Z,153.445999,153.923996,153.442001,153.798996
2026-02-17T16:00:00Z,153.796997,153.847000,153.485992,153.569000
2026-02-17T17:00:00Z,153.565002,153.582993,153.427002,153.470993
2026-02-17T18:00:00Z,153.464996,153.479996,153.298004,153.345993
2026-02-17T19:00:00Z,153.347000,153.397995,153.220001,153.251007
2026-02-17T20:00:00Z,153.246994,153.302002,153.177994,153.274994
2026-02-17T21:00:00Z,153.281998,153.343002,153.216003,153.343002
2026-02-17T22:00:00Z,153.298996,153.315994,153.147995,153.253006
2026-02-17T23:00:00Z,153.250000,153.304001,153.095993,153.128998
2026-02-18T00:00:00Z,153.119995,153.304001,153.059998,153.220993
2026-02-18T01:00:00Z,153.220993,153.464005,153.218002,153.438004
2026-02-18T02:00:00Z,153.429993,153.701996,153.429993,153.509003
2026-02-18T03:00:00Z,153.511002,153.604004,153.457001,153.598007
2026-02-18T04:00:00Z,153.593994,153.619995,153.503006,153.600998
2026-02-18T05:00:00Z,153.591003,153.615005,153.445007,153.455994
2026-02-18T06:00:00Z,153.453995,153.531006,153.384003,153.408997
2026-02-18T07:00:00Z,153.408997,153.714996,153.406998,153.671005
2026-02-18T08:00:00Z,153.664993,153.789993,153.567001,153.712006
2026-02-18T09:00:00Z,153.716995,153.798004,153.634003,153.722000
2026-02-18T10:00:00Z,153.720001,153.856995,153.688004,153.802002
2026-02-18T11:00:00Z,153.809998,153.815994,153.645004,153.712006
2026-02-18T12:00:00Z,153.697006,153.802002,153.544998,153.684006
2026-02-18T13:00:00Z,153.677994,153.947006,153.606995,153.944000
2026-02-18T14:00:00Z,153.936996,154.442993,153.908005,154.378998
2026-02-18T15:00:00Z,154.378998,154.434998,154.238998,154.279007
2026-02-18T16:00:00Z,154.283005,154.488998,154.225006,154.445007
2026-02-18T17:00:00Z,154.447998,154.606003,154.406998,154.522995
2026-02-18T18:00:00Z,154.531006,154.794998,154.514008,154.738998
2026-02-18T19:00:00Z,154.697998,154.869995,154.341995,154.714996
2026-02-18T20:00:00Z,154.716003,154.837006,154.695007,154.807007
2026-02-18T21:00:00Z,154.804001,154.852997,154.764008,154.781998
2026-02-18T22:00:00Z,154.781006,154.794998,154.692993,154.716003
2026-02-18T23:00:00Z,154.716003,154.796005,154.684998,154.694000
2026-02-19T00:00:00Z,154.682999,154.837006,154.606995,154.725006
2026-02-19T01:00:00Z,154.729004,154.981995,154.647003,154.945999
2026-02-19T02:00:00Z,154.945007,155.046005,154.748993,154.988007
2026-02-19T03:00:00Z,154.987000,155.261993,154.919006,155.132996
2026-02-19T04:00:00Z,155.134003,155.294006,155.091995,155.113007
2026-02-19T05:00:00Z,155.115997,155.330002,155.093994,155.302994
2026-02-19T06:00:00Z,155.304001,155.343994,154.955002,155.072006
2026-02-19T07:00:00Z,155.059998,155.192993,154.925003,154.968994
2026-02-19T08:00:00Z,154.970001,155.026993,154.697998,154.807007
2026-02-19T09:00:00Z,154.813995,154.977997,154.746002,154.809006
2026-02-19T10:00:00Z,154.800003,154.854996,154.654007,154.697998
2026-02-19T11:00:00Z,154.697006,154.723007,154.567001,154.623001
2026-02-19T12:00:00Z,154.626007,154.813995,154.531998,154.798004
2026-02-19T13:00:00Z,154.798996,155.042007,154.785004,154.912994
2026-02-19T14:00:00Z,154.917007,155.283997,154.888000,155.212006
2026-02-19T15:00:00Z,155.207993,155.264999,154.947998,154.990005
2026-02-19T16:00:00Z,154.990997,155.011993,154.850006,154.960999
2026-02-19T17:00:00Z,154.962006,155.031998,154.914001,155.014008
2026-02-19T18:00:00Z,155.011002,155.029007,154.822998,154.875000
2026-02-19T19:00:00Z,154.869995,155.130005,154.822998,155.080002
2026-02-19T20:00:00Z,155.078995,155.123001,154.996994,155.078003
2026-02-19T21:00:00Z,155.085999,155.104996,154.938995,155.020004
2026-02-19T22:00:00Z,154.981003,155.046997,154.847000,154.891006
2026-02-19T23:00:00Z,154.945007,155.210999,154.889999,155.160004
2026-02-20T00:00:00Z,155.192993,155.237000,154.884995,155.063004
2026-02-20T01:00:00Z,155.063004,155.315994,154.955994,155.132004
2026-02-20T02:00:00Z,155.132004,155.237000,155.048004,155.194000
2026-02-20T03:00:00Z,155.197998,155.212006,155.085007,155.134995
2026-02-20T04:00:00Z,155.139008,155.225006,155.063004,155.203995
2026-02-20T05:00:00Z,155.201004,155.365997,155.166000,155.292999
2026-02-20T06:00:00Z,155.285004,155.375000,155.138000,155.162003
2026-02-20T07:00:00Z,155.151001,155.505005,154.938995,155.494995
2026-02-20T08:00:00Z,155.487000,155.598999,155.285004,155.554001
2026-02-20T09:00:00Z,155.554001,155.643005,155.356003,155.386002
2026-02-20T10:00:00Z,155.395004,155.436005,155.147003,155.169006
2026-02-20T11:00:00Z,155.173004,155.274994,155.117996,155.216995
2026-02-20T12:00:00Z,155.218994,155.317001,155.169006,155.251007
2026-02-20T13:00:00Z,155.242996,155.447998,155.020996,155.410004
2026-02-20T14:00:00Z,155.410004,155.537003,155.313004,155.382996
2026-02-20T15:00:00Z,155.356995,155.531006,154.761002,154.841995
2026-02-20T16:00:00Z,154.850998,155.095001,154.705994,154.981003
2026-02-20T17:00:00Z,154.990997,155.205994,154.927994,154.988998
2026-02-20T18:00:00Z,154.994995,155.078995,154.802994,155.014999
2026-02-20T19:00:00Z,155.018005,155.186996,154.953995,155.128998
2026-02-20T20:00:00Z,155.121994,155.164993,154.973007,155.057007
2026-02-20T21:00:00Z,155.059006,155.078995,154.938995,154.988998
2026-02-23T00:00:00Z,154.339996,154.473007,154.044998,154.054993
2026-02-23T01:00:00Z,154.050995,154.283005,153.988007,154.207993
2026-02-23T02:00:00Z,154.207001,154.274994,154.065002,154.207993
2026-02-23T03:00:00Z,154.210999,154.432007,154.209000,154.261002
2026-02-23T04:00:00Z,154.259995,154.445007,154.214996,154.389008
2026-02-23T05:00:00Z,154.384995,154.490005,154.376007,154.429001
2026-02-23T06:00:00Z,154.427002,154.494003,154.216995,154.468994
2026-02-23T07:00:00Z,154.457001,154.608994,154.447006,154.473999
2026-02-23T08:00:00Z,154.477005,154.783005,154.447998,154.710007
2026-02-23T09:00:00Z,154.710007,154.863998,154.615005,154.806000
2026-02-23T10:00:00Z,154.811005,154.891998,154.746994,154.785004
2026-02-23T11:00:00Z,154.781006,154.947006,154.746994,154.923004
2026-02-23T12:00:00Z,154.914993,155.044006,154.841995,154.899994
2026-02-23T13:00:00Z,154.889999,154.951004,154.557999,154.619995
2026-02-23T14:00:00Z,154.613007,154.824997,154.535004,154.544998
2026-02-23T15:00:00Z,154.544998,154.554001,154.345993,154.417007
2026-02-23T16:00:00Z,154.421997,154.475998,154.264999,154.302994
2026-02-23T17:00:00Z,154.292999,154.414001,154.214005,154.382996
2026-02-23T18:00:00Z,154.389008,154.645996,154.380005,154.487000
2026-02-23T19:00:00Z,154.487000,154.667007,154.473999,154.617996
2026-02-23T20:00:00Z,154.610992,154.723007,154.595001,154.705994
2026-02-23T21:00:00Z,154.703003,154.766006,154.604004,154.628006
2026-02-23T22:00:00Z,154.630997,154.636002,154.537994,154.593994
2026-02-23T23:00:00Z,154.572998,154.703003,154.514008,154.671005
2026-02-24T00:00:00Z,154.662003,154.871994,154.615005,154.860001
2026-02-24T01:00:00Z,154.858994,155.136993,154.839996,154.972000
2026-02-24T02:00:00Z,154.962006,155.108002,154.863007,154.912003
2026-02-24T03:00:00Z,154.906006,155.121002,154.854996,155.117004
2026-02-24T04:00:00Z,155.115997,155.311996,155.061005,155.240005
2026-02-24T05:00:00Z,155.235992,155.307999,155.156006,155.164001
2026-02-24T06:00:00Z,155.162994,155.192001,154.962997,154.964996
2026-02-24T07:00:00Z,154.973007,156.167999,154.936005,156.087997
2026-02-24T08:00:00Z,156.100006,156.281006,155.899002,155.947998
2026-02-24T09:00:00Z,155.945007,155.977997,155.723999,155.847000
2026-02-24T10:00:00Z,155.850006,155.932999,155.735992,155.886993
2026-02-24T11:00:00Z,155.886002,155.949005,155.671005,155.878998
2026-02-24T12:00:00Z,155.871002,156.020996,155.824997,155.873993
2026-02-24T13:00:00Z,155.873993,156.093002,155.763000,156.048996
2026-02-24T14:00:00Z,156.056000,156.173996,155.910995,155.968002
2026-02-24T15:00:00Z,155.968994,156.106003,155.804993,155.904999
2026-02-24T16:00:00Z,155.908005,155.932999,155.576004,155.662994
2026-02-24T17:00:00Z,155.654999,155.781998,155.617996,155.748001
2026-02-24T18:00:00Z,155.751007,155.802002,155.684006,155.772995
2026-02-24T19:00:00Z,155.770996,155.817993,155.697006,155.774994
2026-02-24T20:00:00Z,155.774994,155.882996,155.733002,155.878998
2026-02-24T21:00:00Z,155.876007,155.925995,155.781006,155.781006
2026-02-24T22:00:00Z,155.822006,155.882996,155.761993,155.809998
2026-02-24T23:00:00Z,155.809998,155.904999,155.764999,155.897995
2026-02-25T00:00:00Z,155.908997,155.992996,155.658005,155.671005
2026-02-25T01:00:00Z,155.658997,155.839996,155.610992,155.772995
2026-02-25T02:00:00Z,155.764999,155.806000,155.384995,155.466003
2026-02-25T03:00:00Z,155.455994,156.044006,155.332993,155.811005
2026-02-25T04:00:00Z,155.811996,156.042999,155.690002,155.727005
2026-02-25T05:00:00Z,155.729996,155.796997,155.563995,155.584000
2026-02-25T06:00:00Z,155.584000,155.796005,155.518997,155.705002
2026-02-25T07:00:00Z,155.705002,155.925003,155.681000,155.912994
2026-02-25T08:00:00Z,155.921005,156.300995,155.903000,156.292007
2026-02-25T09:00:00Z,156.296997,156.662003,156.296997,156.550003
2026-02-25T10:00:00Z,156.550995,156.779999,156.535004,156.770004
2026-02-25T11:00:00Z,156.764008,156.824005,156.720993,156.789001
2026-02-25T12:00:00Z,156.789001,156.800003,156.647003,156.679993
2026-02-25T13:00:00Z,156.675995,156.746994,156.580994,156.697006
2026-02-25T14:00:00Z,156.684998,156.759995,156.436005,156.612000
2026-02-25T15:00:00Z,156.606003,156.613998,156.326004,156.371002
2026-02-25T16:00:00Z,156.360992,156.473999,156.296997,156.300995
2026-02-25T17:00:00Z,156.298004,156.373001,156.231003,156.320007
2026-02-25T18:00:00Z,156.322998,156.410995,156.272995,156.393005
2026-02-25T19:00:00Z,156.391998,156.539993,156.362000,156.438995
2026-02-25T20:00:00Z,156.438004,156.455994,156.335999,156.442993
2026-02-25T21:00:00Z,156.432999,156.483994,156.330994,156.343994
2026-02-25T22:00:00Z,156.356003,156.438995,156.214005,156.257996
2026-02-25T23:00:00Z,156.298004,156.332001,156.108002,156.179001
2026-02-26T00:00:00Z,156.166000,156.233002,155.953003,155.990005
2026-02-26T01:00:00Z,155.983994,156.054993,155.802002,155.824997
2026-02-26T02:00:00Z,155.820007,156.050995,155.744003,155.927994
2026-02-26T03:00:00Z,155.934998,155.996994,155.792007,155.940994
2026-02-26T04:00:00Z,155.931000,156.100006,155.876999,155.899994
2026-02-26T05:00:00Z,155.893005,155.970993,155.690002,155.940002
2026-02-26T06:00:00Z,155.936005,156.072998,155.884995,155.979004
2026-02-26T07:00:00Z,155.970001,156.173004,155.970001,156.042007
2026-02-26T08:00:00Z,156.052002,156.175003,155.910004,155.992996
2026-02-26T09:00:00Z,156.000000,156.089005,155.908997,156.061996
2026-02-26T10:00:00Z,156.063995,156.100006,155.947006,155.951004
2026-02-26T11:00:00Z,155.951004,156.084000,155.916000,156.076996
2026-02-26T12:00:00Z,156.070999,156.151001,155.977005,156.063995
2026-02-26T13:00:00Z,156.063995,156.175003,155.936996,156.160004
2026-02-26T14:00:00Z,156.153000,156.251007,155.822006,155.925003
2026-02-26T15:00:00Z,155.919998,156.126007,155.835007,156.031006
2026-02-26T16:00:00Z,156.035995,156.274994,156.031006,156.123993
2026-02-26T17:00:00Z,156.123993,156.399994,156.113007,156.389008
2026-02-26T18:00:00Z,156.382996,156.432007,156.283005,156.378006
2026-02-26T19:00:00Z,156.380005,156.391006,156.108002,156.125000
2026-02-26T20:00:00Z,156.130005,156.149002,156.057999,156.130005
2026-02-26T21:00:00Z,156.132004,156.149994,156.046997,156.123993
2026-02-26T22:00:00Z,156.108002,156.186996,156.009003,156.091995
2026-02-26T23:00:00Z,156.085007,156.102997,155.817001,155.876999
2026-02-27T00:00:00Z,155.850998,155.975998,155.651001,155.886993
2026-02-27T01:00:00Z,155.878006,155.988007,155.695007,155.981995
2026-02-27T02:00:00Z,155.977005,155.983002,155.727005,155.735992
2026-02-27T03:00:00Z,155.737000,155.817993,155.686996,155.772995
2026-02-27T04:00:00Z,155.764999,155.835999,155.526993,155.587006
2026-02-27T05:00:00Z,155.584000,155.834000,155.570007,155.824005
2026-02-27T06:00:00Z,155.824005,155.955002,155.768005,155.873001
2026-02-27T07:00:00Z,155.873001,156.123993,155.873001,156.078003
2026-02-27T08:00:00Z,156.078003,156.175003,155.953003,156.130997
2026-02-27T09:00:00Z,156.134995,156.233994,156.048004,156.067993
2026-02-27T10:00:00Z,156.072006,156.087006,155.917007,155.973007
2026-02-27T11:00:00Z,155.975998,156.001999,155.856003,155.899994
2026-02-27T12:00:00Z,155.908997,155.953995,155.824997,155.884995
2026-02-27T13:00:00Z,155.884995,156.182999,155.880005,156.164993
2026-02-27T14:00:00Z,156.164001,156.225998,155.919998,156.171997
2026-02-27T15:00:00Z,156.171005,156.207993,155.945999,156.061005
2026-02-27T16:00:00Z,156.070007,156.143005,155.957001,156.050995
2026-02-27T17:00:00Z,156.050995,156.130997,155.908997,156.046005
2026-02-27T18:00:00Z,156.050995,156.098007,155.983994,156.007004
2026-02-27T19:00:00Z,156.014008,156.024994,155.878998,156.020004
2026-02-27T20:00:00Z,156.011002,156.177994,155.953995,156.173004
2026-02-27T21:00:00Z,156.166000,156.192993,156.013000,156.016998
2026-02-27T22:00:00Z,156.035004,156.035004,156.035004,156.035004
2026-03-02T00:00:00Z,156.621994,156.806000,156.317001,156.391998
2026-03-02T01:00:00Z,156.395004,156.602005,156.203003,156.218994
2026-03-02T02:00:00Z,156.212006,156.442993,156.162994,156.272995
2026-03-02T03:00:00Z,156.272995,156.341003,156.147995,156.319000
2026-03-02T04:00:00Z,156.315994,156.585999,156.276001,156.513000
2026-03-02T05:00:00Z,156.518997,156.858994,156.513000,156.832993
2026-03-02T06:00:00Z,156.822998,157.016998,156.809006,156.878006
2026-03-02T07:00:00Z,156.888000,157.037994,156.876999,156.981003
2026-03-02T08:00:00Z,156.970993,157.251007,156.889008,156.966995
2026-03-02T09:00:00Z,156.973007,157.022995,156.789993,157.007004
2026-03-02T10:00:00Z,157.000000,157.016006,156.791000,156.916000
2026-03-02T11:00:00Z,156.912003,157.007004,156.850998,156.959000
2026-03-02T12:00:00Z,156.953003,157.406006,156.949997,157.376999
2026-03-02T13:00:00Z,157.373993,157.604996,157.341995,157.507996
2026-03-02T14:00:00Z,157.516006,157.567993,157.404999,157.485992
2026-03-02T15:00:00Z,157.436005,157.753006,157.436005,157.727005
2026-03-02T16:00:00Z,157.725998,157.751999,157.363998,157.487000
2026-03-02T17:00:00Z,157.477997,157.496002,157.330002,157.360001
2026-03-02T18:00:00Z,157.354004,157.492004,157.324005,157.373993
2026-03-02T19:00:00Z,157.375000,157.378006,157.113007,157.151993
2026-03-02T20:00:00Z,157.145004,157.494003,157.108002,157.348007
2026-03-02T21:00:00Z,157.347000,157.401993,157.270996,157.362000
2026-03-02T22:00:00Z,157.354996,157.447006,157.244003,157.354004
2026-03-02T23:00:00Z,157.373001,157.408005,157.164993,157.246002
2026-03-03T00:00:00Z,157.264008,157.514999,157.184998,157.483002
2026-03-03T01:00:00Z,157.473007,157.598007,157.274994,157.289993
2026-03-03T02:00:00Z,157.281006,157.391006,157.167007,157.240997
2026-03-03T03:00:00Z,157.240997,157.384995,157.190002,157.276993
2026-03-03T04:00:00Z,157.272995,157.419006,157.188995,157.397995
2026-03-03T05:00:00Z,157.391006,157.434998,157.259003,157.391998
2026-03-03T06:00:00Z,157.386002,157.485992,157.201004,157.216003
2026-03-03T07:00:00Z,157.218994,157.455002,157.141006,157.408997
2026-03-03T08:00:00Z,157.406006,157.582993,157.294998,157.503998
2026-03-03T09:00:00Z,157.503998,157.820999,157.453003,157.662003
2026-03-03T10:00:00Z,157.664001,157.850006,157.593002,157.832001
2026-03-03T11:00:00Z,157.830994,157.968994,157.662994,157.682007
2026-03-03T12:00:00Z,157.671005,157.768997,157.490997,157.641006
2026-03-03T13:00:00Z,157.641006,157.820007,157.606995,157.794998
2026-03-03T14:00:00Z,157.794998,157.953995,157.707993,157.707993
2026-03-03T15:00:00Z,157.710007,157.914993,157.587997,157.837997
2026-03-03T16:00:00Z,157.837997,157.923996,157.600998,157.690002
2026-03-03T17:00:00Z,157.686996,157.865997,157.667007,157.826996
2026-03-03T18:00:00Z,157.832993,157.847000,157.488998,157.641998
2026-03-03T19:00:00Z,157.647995,157.820999,157.462997,157.669006
2026-03-03T20:00:00Z,157.667007,157.675003,157.475006,157.654007
2026-03-03T21:00:00Z,157.654007,157.755005,157.626999,157.695999
2026-03-03T22:00:00Z,157.697006,157.701996,157.410004,157.520996
2026-03-03T23:00:00Z,157.554993,157.792999,157.513000,157.789993
2026-03-04T00:00:00Z,157.763000,157.860992,157.473999,157.531998
2026-03-04T01:00:00Z,157.537994,157.766006,157.528000,157.591003
2026-03-04T02:00:00Z,157.585007,157.615005,157.466995,157.602005
2026-03-04T03:00:00Z,157.591003,157.643005,157.358002,157.404999
2026-03-04T04:00:00Z,157.395004,157.423996,157.167007,157.373001
2026-03-04T05:00:00Z,157.371994,157.630005,157.341995,157.567993
2026-03-04T06:00:00Z,157.557007,157.654999,157.371002,157.429001
2026-03-04T07:00:00Z,157.421997,157.481003,157.246994,157.464005
2026-03-04T08:00:00Z,157.462997,157.537003,157.248001,157.401001
2026-03-04T09:00:00Z,157.393005,157.464996,157.080994,157.201004
2026-03-04T10:00:00Z,157.192001,157.328995,156.843002,157.279007
2026-03-04T11:00:00Z,157.283997,157.348999,157.059006,157.222000
2026-03-04T12:00:00Z,157.216995,157.341995,157.029007,157.304001
2026-03-04T13:00:00Z,157.311005,157.322006,157.080002,157.287003
2026-03-04T14:00:00Z,157.292999,157.414993,157.229004,157.233994
2026-03-04T15:00:00Z,157.253998,157.395004,157.095001,157.110992
2026-03-04T16:00:00Z,157.119995,157.121002,156.884995,156.938004
2026-03-04T17:00:00Z,156.936005,157.033997,156.875000,156.970001
2026-03-04T18:00:00Z,156.964996,157.169006,156.964996,157.154999
2026-03-04T19:00:00Z,157.160995,157.160995,156.962997,157.001999
2026-03-04T20:00:00Z,156.998001,157.104996,156.960007,157.078995
2026-03-04T21:00:00Z,157.087006,157.115997,156.994003,157.031998
2026-03-04T22:00:00Z,157.022003,157.089996,156.953003,157.003006
2026-03-04T23:00:00Z,157.007004,157.091995,156.947998,156.977005
2026-03-05T00:00:00Z,156.968994,157.009995,156.531006,156.569000
2026-03-05T01:00:00Z,156.561005,156.768997,156.442001,156.763000
2026-03-05T02:00:00Z,156.764008,156.960999,156.710007,156.944000
2026-03-05T03:00:00Z,156.947998,157.080994,156.884003,156.988998
2026-03-05T04:00:00Z,156.983002,157.147995,156.981003,157.112000
2026-03-05T05:00:00Z,157.119995,157.214996,156.966003,157.186996
2026-03-05T06:00:00Z,157.182999,157.251999,156.951996,157.037003
2026-03-05T07:00:00Z,157.031006,157.287994,156.951996,157.251999
2026-03-05T08:00:00Z,157.257004,157.375000,157.167007,157.272995
2026-03-05T09:00:00Z,157.270004,157.307999,156.889008,157.153000
2026-03-05T10:00:00Z,157.156006,157.296005,157.100998,157.285004
2026-03-05T11:00:00Z,157.292007,157.363007,157.233994,157.347000
2026-03-05T12:00:00Z,157.345001,157.498001,157.281998,157.438004
2026-03-05T13:00:00Z,157.442001,157.779999,157.423996,157.759003
2026-03-05T14:00:00Z,157.753998,157.772003,157.518005,157.561996
2026-03-05T15:00:00Z,157.554001,157.779999,157.382004,157.626007
2026-03-05T16:00:00Z,157.613998,157.798004,157.529007,157.570999
2026-03-05T17:00:00Z,157.570007,157.845001,157.544006,157.686005
2026-03-05T18:00:00Z,157.682999,157.848007,157.626999,157.729004
2026-03-05T19:00:00Z,157.723007,157.852005,157.679993,157.820007
2026-03-05T20:00:00Z,157.809006,157.852005,157.406006,157.552002
2026-03-05T21:00:00Z,157.554001,157.608994,157.464996,157.576996
2026-03-05T22:00:00Z,157.537994,157.639999,157.408997,157.500000
2026-03-05T23:00:00Z,157.500000,157.604004,157.442001,157.544998
2026-03-06T00:00:00Z,157.563004,157.565994,157.369003,157.453003
2026-03-06T01:00:00Z,157.462997,157.589005,157.406998,157.472000
2026-03-06T02:00:00Z,157.479996,157.546005,157.438995,157.498001
2026-03-06T03:00:00Z,157.498993,157.511993,157.457993,157.483002
2026-03-06T04:00:00Z,157.483002,157.684006,157.481995,157.664001
2026-03-06T05:00:00Z,157.658997,157.873993,157.630997,157.841003
2026-03-06T06:00:00Z,157.834000,157.899994,157.712006,157.725006
2026-03-06T07:00:00Z,157.720993,157.768997,157.526001,157.526993
2026-03-06T08:00:00Z,157.533005,157.662003,157.494003,157.647995
2026-03-06T09:00:00Z,157.653000,157.891006,157.643005,157.848007
2026-03-06T10:00:00Z,157.848007,157.897995,157.751007,157.875000
2026-03-06T11:00:00Z,157.865997,157.990997,157.822998,157.949005
2026-03-06T12:00:00Z,157.942001,158.085007,157.839005,157.990997
2026-03-06T13:00:00Z,158.001007,158.003006,157.352005,157.865005
2026-03-06T14:00:00Z,157.867996,158.087997,157.632996,157.664993
2026-03-06T15:00:00Z,157.658005,157.770996,157.533997,157.582993
2026-03-06T16:00:00Z,157.582993,157.716003,157.503006,157.639008
2026-03-06T17:00:00Z,157.630005,157.852997,157.587997,157.796005
2026-03-06T18:00:00Z,157.800003,157.873993,157.602997,157.806000
2026-03-06T19:00:00Z,157.807007,157.876007,157.738007,157.867996
2026-03-06T20:00:00Z,157.865997,157.960999,157.826996,157.899994
2026-03-06T21:00:00Z,157.899994,157.910004,157.759003,157.787003
2026-03-09T00:00:00Z,158.399994,158.694000,158.298996,158.645004
2026-03-09T01:00:00Z,158.639999,158.735001,158.559998,158.692001
2026-03-09T02:00:00Z,158.684998,158.759995,158.626007,158.703003
2026-03-09T03:00:00Z,158.699005,158.897995,158.651993,158.860001
2026-03-09T04:00:00Z,158.854004,158.869003,158.649002,158.720001
2026-03-09T05:00:00Z,158.710007,158.772003,158.315002,158.369995
2026-03-09T06:00:00Z,158.363998,158.643005,158.350006,158.619995
2026-03-09T07:00:00Z,158.610992,158.656006,158.393005,158.451996
2026-03-09T08:00:00Z,158.459000,158.686996,158.348007,158.625000
2026-03-09T09:00:00Z,158.628998,158.647003,158.179001,158.423996
2026-03-09T10:00:00Z,158.425995,158.574997,158.348007,158.449997
2026-03-09T11:00:00Z,158.455002,158.507004,158.356003,158.468002
2026-03-09T12:00:00Z,158.462997,158.598007,158.341995,158.570007
2026-03-09T13:00:00Z,158.565002,158.582001,158.177994,158.322006
2026-03-09T14:00:00Z,158.313995,158.544006,158.285004,158.384003
2026-03-09T15:00:00Z,158.380005,158.395996,157.990005,158.080994
2026-03-09T16:00:00Z,158.082993,158.223999,157.962006,158.128998
2026-03-09T17:00:00Z,158.134995,158.347000,158.106995,158.337006
2026-03-09T18:00:00Z,158.337006,158.408997,158.233002,158.395004
2026-03-09T19:00:00Z,158.397003,158.414993,157.632996,157.856003
2026-03-09T20:00:00Z,157.856003,157.917999,157.584000,157.647995
2026-03-09T21:00:00Z,157.630005,157.757996,157.608002,157.677002
2026-03-09T22:00:00Z,157.651001,157.903000,157.610992,157.807999
2026-03-09T23:00:00Z,157.807999,157.953995,157.746002,157.858002
2026-03-10T00:00:00Z,157.873001,157.947998,157.552002,157.589005
2026-03-10T01:00:00Z,157.589996,157.772995,157.522003,157.613998
2026-03-10T02:00:00Z,157.623001,157.822006,157.589005,157.811005
2026-03-10T03:00:00Z,157.809998,157.917999,157.792007,157.888000
2026-03-10T04:00:00Z,157.878006,157.929993,157.753006,157.772995
2026-03-10T05:00:00Z,157.768005,157.785995,157.613998,157.628006
2026-03-10T06:00:00Z,157.634003,157.651001,157.460007,157.544006
2026-03-10T07:00:00Z,157.542007,157.617996,157.261993,157.296997
2026-03-10T08:00:00Z,157.298004,157.712997,157.289993,157.695999
2026-03-10T09:00:00Z,157.692001,157.722000,157.537003,157.660004
2026-03-10T10:00:00Z,157.660004,157.893997,157.653000,157.764999
2026-03-10T11:00:00Z,157.757004,157.839005,157.621994,157.794006
2026-03-10T12:00:00Z,157.794998,157.975998,157.753998,157.800003
2026-03-10T13:00:00Z,157.804993,157.867004,157.647995,157.832001
2026-03-10T14:00:00Z,157.834000,157.914993,157.634995,157.682999
2026-03-10T15:00:00Z,157.690994,157.761993,157.541000,157.597000
2026-03-10T16:00:00Z,157.595001,157.705994,157.518997,157.563995
2026-03-10T17:00:00Z,157.569000,157.651001,157.389999,157.598007
2026-03-10T18:00:00Z,157.598999,157.981003,157.585007,157.869995
2026-03-10T19:00:00Z,157.867996,158.132004,157.839005,158.028000
2026-03-10T20:00:00Z,158.031006,158.087997,157.966003,158.035004
2026-03-10T21:00:00Z,158.035004,158.093994,157.988998,158.087006
2026-03-10T22:00:00Z,158.093002,158.179001,158.029007,158.160004
2026-03-10T23:00:00Z,158.154007,158.184006,158.044006,158.132004
2026-03-11T00:00:00Z,158.097000,158.223007,157.908997,158.186996
2026-03-11T01:00:00Z,158.190002,158.334000,158.169998,158.270004
2026-03-11T02:00:00Z,158.274002,158.391998,158.214996,158.289993
2026-03-11T03:00:00Z,158.287994,158.306000,158.162003,158.195007
2026-03-11T04:00:00Z,158.194000,158.255005,158.089996,158.098007
2026-03-11T05:00:00Z,158.102005,158.182007,158.056000,158.164993
2026-03-11T06:00:00Z,158.164993,158.175995,157.850006,157.987000
2026-03-11T07:00:00Z,157.994995,158.274002,157.955002,158.216003
2026-03-11T08:00:00Z,158.220993,158.444000,158.186996,158.389999
2026-03-11T09:00:00Z,158.397003,158.488998,158.337997,158.464005
2026-03-11T10:00:00Z,158.473999,158.485992,158.242996,158.279999
2026-03-11T11:00:00Z,158.283005,158.501999,158.238998,158.498993
2026-03-11T12:00:00Z,158.498001,158.626999,158.289993,158.608994
2026-03-11T13:00:00Z,158.606003,158.647995,158.468994,158.472000
2026-03-11T14:00:00Z,158.470993,158.695007,158.298996,158.686996
2026-03-11T15:00:00Z,158.684006,158.852997,158.667999,158.822998
2026-03-11T16:00:00Z,158.830002,158.863007,158.759995,158.828003
2026-03-11T17:00:00Z,158.828003,158.977005,158.807999,158.837997
2026-03-11T18:00:00Z,158.837997,158.940994,158.830002,158.919006
2026-03-11T19:00:00Z,158.921997,158.968002,158.901993,158.940002
2026-03-11T20:00:00Z,158.945999,158.968994,158.903000,158.942993
2026-03-11T21:00:00Z,158.927002,158.944000,158.766006,158.839005
2026-03-11T22:00:00Z,158.854004,158.994003,158.822006,158.983994
2026-03-11T23:00:00Z,158.981995,159.130997,158.932999,159.074005
2026-03-12T00:00:00Z,159.084000,159.235001,158.921005,158.975006
2026-03-12T01:00:00Z,158.968002,158.981995,158.774994,158.856995
2026-03-12T02:00:00Z,158.854004,159.110001,158.828995,159.052002
2026-03-12T03:00:00Z,159.046997,159.067001,158.966995,159.018997
2026-03-12T04:00:00Z,159.018997,159.154999,159.000000,159.123001
2026-03-12T05:00:00Z,159.123001,159.125000,158.964005,159.110992
2026-03-12T06:00:00Z,159.104996,159.113998,158.875000,158.895996
2026-03-12T07:00:00Z,158.897995,158.996994,158.774994,158.794006
2026-03-12T08:00:00Z,158.792999,158.940994,158.664001,158.878006
2026-03-12T09:00:00Z,158.880005,158.934998,158.705994,158.753006
2026-03-12T10:00:00Z,158.748001,158.822998,158.679001,158.712006
2026-03-12T11:00:00Z,158.712006,158.742996,158.561996,158.688004
2026-03-12T12:00:00Z,158.684998,158.932999,158.673004,158.886002
2026-03-12T13:00:00Z,158.886002,159.059998,158.796005,158.988007
2026-03-12T14:00:00Z,158.996002,159.197998,158.936005,159.182007
2026-03-12T15:00:00Z,159.179001,159.287003,159.095001,159.205994
2026-03-12T16:00:00Z,159.210999,159.287003,159.123001,159.201996
2026-03-12T17:00:00Z,159.207001,159.345993,159.104004,159.311005
2026-03-12T18:00:00Z,159.309006,159.412994,159.272003,159.397995
2026-03-12T19:00:00Z,159.397995,159.429001,159.304001,159.367004
2026-03-12T20:00:00Z,159.373001,159.416000,159.279999,159.330002
2026-03-12T21:00:00Z,159.319000,159.373001,159.164001,159.309998
2026-03-12T22:00:00Z,159.320999,159.427002,159.240997,159.266006
2026-03-12T23:00:00Z,159.264999,159.360992,159.175003,159.216003
2026-03-13T00:00:00Z,159.233002,159.240005,159.001007,159.091995
2026-03-13T01:00:00Z,159.087006,159.281998,159.026001,159.268005
2026-03-13T02:00:00Z,159.263000,159.371002,159.186005,159.279999
2026-03-13T03:00:00Z,159.274994,159.416000,159.244003,159.352997
2026-03-13T04:00:00Z,159.347000,159.684006,159.337997,159.501007
2026-03-13T05:00:00Z,159.492996,159.505005,159.304001,159.429001
2026-03-13T06:00:00Z,159.421005,159.464005,159.306000,159.419006
2026-03-13T07:00:00Z,159.427994,159.542007,159.337997,159.436996
2026-03-13T08:00:00Z,159.429993,159.531006,159.320999,159.328995
2026-03-13T09:00:00Z,159.320999,159.492996,159.238007,159.470993
2026-03-13T10:00:00Z,159.477005,159.501007,159.322998,159.399994
2026-03-13T11:00:00Z,159.399002,159.449997,159.279007,159.285004
2026-03-13T12:00:00Z,159.281006,159.434006,159.197998,159.324997
2026-03-13T13:00:00Z,159.326004,159.360992,159.001999,159.104004
2026-03-13T14:00:00Z,159.091995,159.380005,159.084000,159.358002
2026-03-13T15:00:00Z,159.367996,159.598999,159.352997,159.537994
2026-03-13T16:00:00Z,159.539993,159.636002,159.503998,159.608994
2026-03-13T17:00:00Z,159.606003,159.684998,159.542007,159.570999
2026-03-13T18:00:00Z,159.565994,159.675995,159.556000,159.628006
2026-03-13T19:00:00Z,159.634003,159.692001,159.593002,159.675995
2026-03-13T20:00:00Z,159.675995,159.748993,159.641006,159.720993
2026-03-13T21:00:00Z,159.720001,159.720001,159.720001,159.720001
2026-03-13T22:00:00Z,159.720001,159.720001,159.720001,159.720001
2026-03-16T00:00:00Z,159.552002,159.559998,159.244003,159.298004
2026-03-16T01:00:00Z,159.298004,159.507004,159.279007,159.423004
2026-03-16T02:00:00Z,159.414993,159.604004,159.401001,159.587006
2026-03-16T03:00:00Z,159.585007,159.639008,159.464996,159.496002
2026-03-16T04:00:00Z,159.492004,159.619003,159.485001,159.557999
2026-03-16T05:00:00Z,159.552994,159.584000,159.313004,159.343002
2026-03-16T06:00:00Z,159.337006,159.408005,159.264008,159.289993
2026-03-16T07:00:00Z,159.289001,159.382996,159.166000,159.287003
2026-03-16T08:00:00Z,159.279007,159.371994,159.216003,159.348007
2026-03-16T09:00:00Z,159.341995,159.384003,159.240005,159.313995
2026-03-16T10:00:00Z,159.317993,159.345001,159.192993,159.222000
2026-03-16T11:00:00Z,159.220993,159.261002,159.091003,159.117004
2026-03-16T12:00:00Z,159.126007,159.141998,158.953995,159.132004
2026-03-16T13:00:00Z,159.125000,159.175003,158.895004,158.929993
2026-03-16T14:00:00Z,158.925003,159.188995,158.843002,159.132996
2026-03-16T15:00:00Z,159.132996,159.326996,159.046997,159.287003
2026-03-16T16:00:00Z,159.287994,159.354996,159.188004,159.264008
2026-03-16T17:00:00Z,159.255997,159.302002,159.126999,159.264008
2026-03-16T18:00:00Z,159.266998,159.268997,158.904999,158.957993
2026-03-16T19:00:00Z,158.962997,159.182999,158.925003,159.145004
2026-03-16T20:00:00Z,159.145004,159.154999,159.009003,159.020996
2026-03-16T21:00:00Z,159.007996,159.134995,158.970993,159.029007
2026-03-16T22:00:00Z,159.031006,159.143997,158.992004,159.102005
2026-03-16T23:00:00Z,159.102005,159.220001,159.069000,159.117004
2026-03-17T00:00:00Z,159.123993,159.345001,159.110992,159.315002
2026-03-17T01:00:00Z,159.315002,159.451996,159.289001,159.375000
2026-03-17T02:00:00Z,159.373993,159.429993,159.309006,159.360001
2026-03-17T03:00:00Z,159.356003,159.404999,159.266998,159.348007
2026-03-17T04:00:00Z,159.347000,159.393005,159.207993,159.229996
2026-03-17T05:00:00Z,159.222000,159.445007,159.197998,159.440002
2026-03-17T06:00:00Z,159.434006,159.496002,159.335007,159.339996
2026-03-17T07:00:00Z,159.339996,159.401001,159.162994,159.227997
2026-03-17T08:00:00Z,159.231995,159.235001,159.050003,159.104996
2026-03-17T09:00:00Z,159.095993,159.192993,159.057007,159.128998
2026-03-17T10:00:00Z,159.119995,159.214005,159.039001,159.119995
2026-03-17T11:00:00Z,159.108994,159.139999,158.955002,159.100998
2026-03-17T12:00:00Z,159.098007,159.153000,158.955994,159.031006
2026-03-17T13:00:00Z,159.024994,159.033005,158.714996,158.867996
2026-03-17T14:00:00Z,158.873001,159.014008,158.807999,158.923004
2026-03-17T15:00:00Z,158.929001,159.113007,158.839996,159.029999
2026-03-17T16:00:00Z,159.024994,159.113998,158.873001,158.940002
2026-03-17T17:00:00Z,158.936005,159.011993,158.912003,158.960999
2026-03-17T18:00:00Z,158.966003,159.048996,158.886002,159.046005
2026-03-17T19:00:00Z,159.037003,159.063995,158.973999,159.041000
2026-03-17T20:00:00Z,159.033997,159.057007,158.944000,158.979996
2026-03-17T21:00:00Z,158.977005,159.022003,158.843994,158.977005
2026-03-17T22:00:00Z,158.977005,158.996994,158.873993,158.964005
2026-03-17T23:00:00Z,158.964996,158.979996,158.854996,158.901993
2026-03-18T00:00:00Z,158.908997,159.138000,158.792999,159.063995
2026-03-18T01:00:00Z,159.057007,159.085999,158.962997,159.011002
2026-03-18T02:00:00Z,159.003006,159.035004,158.873001,158.904007
2026-03-18T03:00:00Z,158.910995,158.987000,158.899002,158.931000
2026-03-18T04:00:00Z,158.925995,158.932999,158.746002,158.807999
2026-03-18T05:00:00Z,158.807999,158.815994,158.645996,158.692993
2026-03-18T06:00:00Z,158.695007,158.779007,158.561005,158.744995
2026-03-18T07:00:00Z,158.737000,158.873993,158.673996,158.753998
2026-03-18T08:00:00Z,158.755005,158.988007,158.751007,158.942993
2026-03-18T09:00:00Z,158.942993,159.048996,158.888000,158.901993
2026-03-18T10:00:00Z,158.908005,159.026993,158.901993,159.000000
2026-03-18T11:00:00Z,159.001007,159.112000,158.889999,158.973999
2026-03-18T12:00:00Z,158.975006,159.473007,158.949997,159.444000
2026-03-18T13:00:00Z,159.445999,159.584000,159.425995,159.487000
2026-03-18T14:00:00Z,159.494995,159.531998,159.412003,159.414001
2026-03-18T15:00:00Z,159.421005,159.496002,159.362000,159.485001
2026-03-18T16:00:00Z,159.477005,159.514008,159.388000,159.464005
2026-03-18T17:00:00Z,159.460007,159.541000,159.356995,159.389999
2026-03-18T18:00:00Z,159.389999,159.731003,159.242996,159.718002
2026-03-18T19:00:00Z,159.718994,159.837006,159.679001,159.813995
2026-03-18T20:00:00Z,159.822998,159.901001,159.794006,159.811005
2026-03-18T21:00:00Z,159.813004,159.852005,159.690002,159.705994
2026-03-18T22:00:00Z,159.697998,159.847000,159.692001,159.755997
2026-03-18T23:00:00Z,159.768005,159.839996,159.740005,159.798004
2026-03-19T00:00:00Z,159.809006,159.847000,159.673004,159.774994
2026-03-19T01:00:00Z,159.770004,159.817001,159.572006,159.651001
2026-03-19T02:00:00Z,159.651001,159.705002,159.529007,159.645996
2026-03-19T03:00:00Z,159.651993,159.710999,159.593994,159.613998
2026-03-19T04:00:00Z,159.623993,159.675003,159.578003,159.641998
2026-03-19T05:00:00Z,159.643005,159.746002,159.623993,159.707993
2026-03-19T06:00:00Z,159.701004,159.804001,159.591003,159.675995
2026-03-19T07:00:00Z,159.662994,159.697006,159.190002,159.223007
2026-03-19T08:00:00Z,159.233002,159.386993,159.028000,159.175995
2026-03-19T09:00:00Z,159.175995,159.279007,159.057999,159.147995
2026-03-19T10:00:00Z,159.149994,159.244995,159.100998,159.121002
2026-03-19T11:00:00Z,159.112000,159.160995,159.035004,159.054993
2026-03-19T12:00:00Z,159.061005,159.292007,158.841995,158.899002
2026-03-19T13:00:00Z,158.904999,158.938995,158.112000,158.220993
2026-03-19T14:00:00Z,158.218002,158.425003,158.057007,158.365997
2026-03-19T15:00:00Z,158.365005,158.559998,158.130005,158.192001
2026-03-19T16:00:00Z,158.190994,158.220001,158.035004,158.039001
2026-03-19T17:00:00Z,158.042007,158.093994,157.789993,157.811005
2026-03-19T18:00:00Z,157.811005,157.912003,157.682007,157.695007
2026-03-19T19:00:00Z,157.690994,157.699005,157.498993,157.649002
2026-03-19T20:00:00Z,157.636993,157.725998,157.597000,157.725998
2026-03-19T21:00:00Z,157.699005,157.798004,157.591003,157.798004
2026-03-19T22:00:00Z,157.755997,157.895004,157.681000,157.871002
2026-03-19T23:00:00Z,157.862000,157.988998,157.798004,157.923996
2026-03-20T00:00:00Z,157.921997,157.983002,157.796997,157.856995
2026-03-20T01:00:00Z,157.856003,158.139008,157.735992,158.098999
2026-03-20T02:00:00Z,158.102005,158.347000,158.098007,158.298996
2026-03-20T03:00:00Z,158.302994,158.401001,158.270996,158.386002
2026-03-20T04:00:00Z,158.382996,158.412994,158.335007,158.378006
2026-03-20T05:00:00Z,158.367996,158.431000,158.339996,158.417007
2026-03-20T06:00:00Z,158.417007,158.434006,158.326996,158.414001
2026-03-20T07:00:00Z,158.414993,158.451004,158.274002,158.287003
2026-03-20T08:00:00Z,158.294006,158.490005,158.248001,158.481003
2026-03-20T09:00:00Z,158.487000,158.860992,158.442993,158.828995
2026-03-20T10:00:00Z,158.830994,158.899002,158.671005,158.703995
2026-03-20T11:00:00Z,158.716995,158.727005,158.511002,158.578995
2026-03-20T12:00:00Z,158.572998,158.712997,158.511993,158.692993
2026-03-20T13:00:00Z,158.695999,159.020996,158.666000,159.014008
2026-03-20T14:00:00Z,159.018997,159.179001,159.001007,159.119003
2026-03-20T15:00:00Z,159.126999,159.266006,158.955994,159.259003
2026-03-20T16:00:00Z,159.255997,159.285995,159.141006,159.264999
2026-03-20T17:00:00Z,159.268005,159.360001,159.134003,159.216003
2026-03-20T18:00:00Z,159.216003,159.386002,159.177002,159.341995
2026-03-20T19:00:00Z,159.352997,159.371994,159.222000,159.294006
2026-03-20T20:00:00Z,159.298004,159.332001,159.184998,159.214996
2026-03-20T21:00:00Z,159.220001,159.220001,159.220001,159.220001
2026-03-23T00:00:00Z,159.149002,159.522995,159.003006,159.492004
2026-03-23T01:00:00Z,159.496994,159.528000,159.324005,159.473999
2026-03-23T02:00:00Z,159.473007,159.587006,159.408005,159.514008
2026-03-23T03:00:00Z,159.524002,159.617004,159.317993,159.453995
2026-03-23T04:00:00Z,159.445999,159.464005,159.335999,159.389999
2026-03-23T05:00:00Z,159.389999,159.584000,159.347000,159.561996
2026-03-23T06:00:00Z,159.567993,159.656998,159.457001,159.472000
2026-03-23T07:00:00Z,159.459000,159.626007,159.373001,159.585999
2026-03-23T08:00:00Z,159.580002,159.651993,159.296997,159.429993
2026-03-23T09:00:00Z,159.434006,159.602005,159.397995,159.544006
2026-03-23T10:00:00Z,159.535004,159.630997,159.475006,159.619995
2026-03-23T11:00:00Z,159.619003,159.630997,158.225998,158.919006
2026-03-23T12:00:00Z,158.925003,159.039001,158.481995,158.509003
2026-03-23T13:00:00Z,158.505005,158.720993,158.416000,158.457001
2026-03-23T14:00:00Z,158.453003,158.503006,158.190002,158.429993
2026-03-23T15:00:00Z,158.423996,158.766998,158.205994,158.701004
2026-03-23T16:00:00Z,158.692993,158.843994,158.584000,158.681000
2026-03-23T17:00:00Z,158.681000,158.731003,158.397995,158.445007
2026-03-23T18:00:00Z,158.440002,158.524994,158.014008,158.072006
2026-03-23T19:00:00Z,158.069000,158.421005,158.059006,158.417999
2026-03-23T20:00:00Z,158.414001,158.475006,158.365997,158.431000
2026-03-23T21:00:00Z,158.423996,158.432007,158.229004,158.376007
2026-03-23T22:00:00Z,158.375000,158.410004,158.270004,158.330002
2026-03-23T23:00:00Z,158.319000,158.507996,158.261002,158.488998
2026-03-24T00:00:00Z,158.485001,158.707001,158.425003,158.572006
2026-03-24T01:00:00Z,158.570999,158.641006,158.438995,158.584000
2026-03-24T02:00:00Z,158.582001,158.673996,158.492004,158.658005
2026-03-24T03:00:00Z,158.656006,158.742996,158.602005,158.731003
2026-03-24T04:00:00Z,158.723007,158.794006,158.701996,158.748001
2026-03-24T05:00:00Z,158.748001,158.781998,158.563004,158.619003
2026-03-24T06:00:00Z,158.626007,158.714005,158.556000,158.600006
2026-03-24T07:00:00Z,158.593994,158.636993,158.397995,158.494003
2026-03-24T08:00:00Z,158.492996,158.667007,158.423004,158.645004
2026-03-24T09:00:00Z,158.651001,158.772995,158.604996,158.623001
2026-03-24T10:00:00Z,158.623001,158.796997,158.608002,158.684998
2026-03-24T11:00:00Z,158.688004,158.794006,158.602997,158.768997
2026-03-24T12:00:00Z,158.766998,158.858002,158.682999,158.811005
2026-03-24T13:00:00Z,158.815994,158.953995,158.759003,158.802994
2026-03-24T14:00:00Z,158.804001,158.809006,158.539993,158.723999
2026-03-24T15:00:00Z,158.731003,158.901001,158.621002,158.899002
2026-03-24T16:00:00Z,158.897003,158.947998,158.791000,158.912994
2026-03-24T17:00:00Z,158.914993,159.190002,158.912994,159.072998
2026-03-24T18:00:00Z,159.063995,159.167007,158.843994,158.964996
2026-03-24T19:00:00Z,158.972000,158.996002,158.843994,158.987000
2026-03-24T20:00:00Z,158.981003,159.033997,158.354004,158.686996
2026-03-24T21:00:00Z,158.677994,158.694000,158.550995,158.643997
2026-03-24T22:00:00Z,158.617004,158.764008,158.587997,158.684006
2026-03-24T23:00:00Z,158.669006,158.757004,158.619003,158.699005
2026-03-25T00:00:00Z,158.699997,158.835007,158.561005,158.643005
2026-03-25T01:00:00Z,158.639999,158.755005,158.600006,158.712997
2026-03-25T02:00:00Z,158.707001,158.832993,158.675995,158.802002
2026-03-25T03:00:00Z,158.796005,158.826004,158.746994,158.796997
2026-03-25T04:00:00Z,158.796997,158.940002,158.781006,158.878006
2026-03-25T05:00:00Z,158.871994,159.020004,158.871994,158.985001
2026-03-25T06:00:00Z,158.985992,159.044998,158.945007,159.003998
2026-03-25T07:00:00Z,158.996994,159.147003,158.936005,159.134995
2026-03-25T08:00:00Z,159.130005,159.201004,158.714996,158.757996
2026-03-25T09:00:00Z,158.768005,158.960999,158.718002,158.880005
2026-03-25T10:00:00Z,158.886002,158.972000,158.839996,158.884995
2026-03-25T11:00:00Z,158.888000,158.949997,158.811996,158.848007
2026-03-25T12:00:00Z,158.848007,159.085007,158.757004,159.014999
2026-03-25T13:00:00Z,159.020996,159.160995,158.929993,159.139008
2026-03-25T14:00:00Z,159.143005,159.203003,158.988007,159.050003
2026-03-25T15:00:00Z,159.042007,159.246002,159.018997,159.205002
2026-03-25T16:00:00Z,159.199997,159.298004,159.115997,159.238007
2026-03-25T17:00:00Z,159.244003,159.289993,159.145996,159.255005
2026-03-25T18:00:00Z,159.246994,159.449005,159.231003,159.412003
2026-03-25T19:00:00Z,159.414993,159.501007,159.406006,159.451996
2026-03-25T20:00:00Z,159.455002,159.494003,159.427002,159.464005
2026-03-25T21:00:00Z,159.459000,159.468994,159.324005,159.367996
2026-03-25T22:00:00Z,159.380005,159.464005,159.356995,159.406006
2026-03-25T23:00:00Z,159.403000,159.429001,159.362000,159.384995
2026-03-26T00:00:00Z,159.384995,159.501007,159.320007,159.468002
2026-03-26T01:00:00Z,159.468002,159.513000,159.380005,159.470001
2026-03-26T02:00:00Z,159.468994,159.537003,159.427994,159.514999
2026-03-26T03:00:00Z,159.518997,159.528000,159.397995,159.449005
2026-03-26T04:00:00Z,159.442993,159.466995,159.360992,159.427002
2026-03-26T05:00:00Z,159.427002,159.490005,159.367004,159.479004
2026-03-26T06:00:00Z,159.485001,159.505005,159.274994,159.304001
2026-03-26T07:00:00Z,159.309998,159.501007,159.289993,159.494003
2026-03-26T08:00:00Z,159.492004,159.541000,159.429993,159.460999
2026-03-26T09:00:00Z,159.460999,159.535995,159.425995,159.483994
2026-03-26T10:00:00Z,159.483002,159.548004,159.417007,159.481003
2026-03-26T11:00:00Z,159.483994,159.669006,159.460999,159.649994
2026-03-26T12:00:00Z,159.651993,159.695007,159.529007,159.626999
2026-03-26T13:00:00Z,159.626999,159.656006,159.460999,159.516006
2026-03-26T14:00:00Z,159.522003,159.602997,159.423004,159.546997
2026-03-26T15:00:00Z,159.548996,159.694000,159.526993,159.653000
2026-03-26T16:00:00Z,159.654007,159.699005,159.608994,159.654999
2026-03-26T17:00:00Z,159.656006,159.764999,159.623993,159.761002
2026-03-26T18:00:00Z,159.755005,159.800995,159.709000,159.735001
2026-03-26T19:00:00Z,159.738998,159.832001,159.727005,159.824005
2026-03-26T20:00:00Z,159.815994,159.845001,159.326996,159.800995
2026-03-26T21:00:00Z,159.776001,159.794998,159.608002,159.673004
2026-03-26T22:00:00Z,159.669998,159.742996,159.613998,159.649994
2026-03-26T23:00:00Z,159.634995,159.727005,159.615997,159.718002
2026-03-27T00:00:00Z,159.718002,159.764008,159.470993,159.548996
2026-03-27T01:00:00Z,159.548996,159.595001,159.442993,159.473007
2026-03-27T02:00:00Z,159.472000,159.582993,159.442001,159.526001
2026-03-27T03:00:00Z,159.524994,159.623993,159.494995,159.613007
2026-03-27T04:00:00Z,159.608994,159.643005,159.544998,159.613998
2026-03-27T05:00:00Z,159.613998,159.647995,159.565002,159.621002
2026-03-27T06:00:00Z,159.615005,159.768997,159.565002,159.746002
2026-03-27T07:00:00Z,159.742004,159.975998,159.727005,159.940002
2026-03-27T08:00:00Z,159.938995,159.951996,159.744003,159.828995
2026-03-27T09:00:00Z,159.832001,159.940994,159.755005,159.858002
2026-03-27T10:00:00Z,159.858002,159.945007,159.768005,159.910995
2026-03-27T11:00:00Z,159.910995,159.936005,159.802002,159.850998
2026-03-27T12:00:00Z,159.856003,159.929001,159.785004,159.873993
2026-03-27T13:00:00Z,159.867004,159.951996,159.826004,159.891006
2026-03-27T14:00:00Z,159.865005,159.919998,159.789001,159.886993
2026-03-27T15:00:00Z,159.889008,160.171997,159.692001,160.162994
2026-03-27T16:00:00Z,160.164993,160.294998,160.059006,160.132996
2026-03-27T17:00:00Z,160.143997,160.414001,160.061996,160.330002
2026-03-27T18:00:00Z,160.330002,160.393997,160.238007,160.240005
2026-03-27T19:00:00Z,160.240005,160.292007,160.134003,160.139999
2026-03-27T20:00:00Z,160.143005,160.328003,160.095993,160.266006
2026-03-29T23:00:00Z,160.406006,160.442001,160.216995,160.229996
2026-03-30T00:00:00Z,160.223999,160.250000,159.871002,159.875000
2026-03-30T01:00:00Z,159.873001,159.996994,159.835999,159.921005
2026-03-30T02:00:00Z,159.923996,159.987000,159.746994,159.841995
2026-03-30T03:00:00Z,159.839996,159.843994,159.727997,159.783997
2026-03-30T04:00:00Z,159.781998,159.798004,159.649002,159.783005
2026-03-30T05:00:00Z,159.789993,159.809006,159.662994,159.718994
2026-03-30T06:00:00Z,159.727997,159.835999,159.602997,159.798996
2026-03-30T07:00:00Z,159.800995,159.856995,159.563004,159.774994
2026-03-30T08:00:00Z,159.770004,159.809006,159.578995,159.684006
2026-03-30T09:00:00Z,159.684998,159.725998,159.563995,159.595001
2026-03-30T10:00:00Z,159.597000,159.643997,159.477997,159.606003
2026-03-30T11:00:00Z,159.598007,159.606995,159.399002,159.514008
2026-03-30T12:00:00Z,159.511002,159.563995,159.326996,159.371002
2026-03-30T13:00:00Z,159.363998,159.544998,159.317001,159.518997
2026-03-30T14:00:00Z,159.522995,159.617996,159.487000,159.528000
2026-03-30T15:00:00Z,159.531006,159.639008,159.378006,159.483002
2026-03-30T16:00:00Z,159.473007,159.507996,159.401993,159.442001
2026-03-30T17:00:00Z,159.436996,159.587997,159.410004,159.559006
2026-03-30T18:00:00Z,159.563995,159.638000,159.442001,159.615997
2026-03-30T19:00:00Z,159.623993,159.712997,159.604004,159.690994
2026-03-30T20:00:00Z,159.686005,159.738998,159.628006,159.697998
2026-03-30T21:00:00Z,159.675995,159.757004,159.610001,159.725006
2026-03-30T22:00:00Z,159.716003,159.806000,159.675995,159.783997
2026-03-30T23:00:00Z,159.800003,159.865997,159.787994,159.837006
2026-03-31T00:00:00Z,159.837997,159.938004,159.682999,159.878006
2026-03-31T01:00:00Z,159.873993,159.970001,159.658997,159.748993
2026-03-31T02:00:00Z,159.742004,159.779999,159.578995,159.602005
2026-03-31T03:00:00Z,159.598007,159.744003,159.591003,159.720001
2026-03-31T04:00:00Z,159.714996,159.729004,159.593002,159.617996
2026-03-31T05:00:00Z,159.612000,159.634003,159.473999,159.608994
2026-03-31T06:00:00Z,159.602997,159.742004,159.485992,159.725998
2026-03-31T07:00:00Z,159.718002,159.787003,159.615997,159.634995
2026-03-31T08:00:00Z,159.639999,159.677994,159.516006,159.570007
2026-03-31T09:00:00Z,159.563004,159.675003,159.501007,159.647003
2026-03-31T10:00:00Z,159.639999,159.772003,159.630005,159.727005
2026-03-31T11:00:00Z,159.727005,159.761993,159.358994,159.416000
2026-03-31T12:00:00Z,159.414993,159.565002,159.337997,159.358994
2026-03-31T13:00:00Z,159.358994,159.442001,159.044998,159.076004
2026-03-31T14:00:00Z,159.089005,159.320007,159.039993,159.087997
2026-03-31T15:00:00Z,159.098007,159.121994,158.889008,159.076004
2026-03-31T16:00:00Z,159.072998,159.203995,158.811005,158.951004
2026-03-31T17:00:00Z,158.951004,158.960007,158.740997,158.940994
2026-03-31T18:00:00Z,158.940002,158.966003,158.781006,158.873993
2026-03-31T19:00:00Z,158.869995,158.998993,158.673996,158.710007
2026-03-31T20:00:00Z,158.710007,158.764008,158.647995,158.714996
2026-03-31T21:00:00Z,158.701996,158.807007,158.636993,158.686005
2026-03-31T22:00:00Z,158.679001,158.819000,158.664993,158.712997
2026-03-31T23:00:00Z,158.723999,158.778000,158.550995,158.585999
2026-04-01T00:00:00Z,158.587006,158.841995,158.440002,158.778000
2026-04-01T01:00:00Z,158.781998,159.013000,158.725998,158.757004
2026-04-01T02:00:00Z,158.755997,158.787994,158.651001,158.716995
2026-04-01T03:00:00Z,158.714996,158.862000,158.578003,158.856995
2026-04-01T04:00:00Z,158.858002,158.934998,158.772003,158.781998
2026-04-01T05:00:00Z,158.779999,158.919998,158.610001,158.669998
2026-04-01T06:00:00Z,158.675003,158.686996,158.281998,158.307007
2026-04-01T07:00:00Z,158.300003,158.792007,158.266006,158.772995
2026-04-01T08:00:00Z,158.766998,158.871002,158.412994,158.572006
2026-04-01T09:00:00Z,158.572006,158.772995,158.475006,158.705002
2026-04-01T10:00:00Z,158.703995,158.731003,158.505997,158.511002
2026-04-01T11:00:00Z,158.509003,158.548004,158.337997,158.339996
2026-04-01T12:00:00Z,158.343994,158.578995,158.287003,158.520996
2026-04-01T13:00:00Z,158.528000,158.671997,158.449997,158.604996
2026-04-01T14:00:00Z,158.612000,158.757004,158.457993,158.481003
2026-04-01T15:00:00Z,158.481003,158.695007,158.399002,158.626007
2026-04-01T16:00:00Z,158.621002,158.727997,158.537994,158.548996
2026-04-01T17:00:00Z,158.548996,158.720993,158.442993,158.710007
2026-04-01T18:00:00Z,158.703003,158.862000,158.682999,158.848007
2026-04-01T19:00:00Z,158.850998,158.945007,158.830994,158.901001
2026-04-01T20:00:00Z,158.895996,158.904999,158.735001,158.783997
2026-04-01T21:00:00Z,158.785995,158.809006,158.557999,158.677994
2026-04-01T22:00:00Z,158.690002,158.731995,158.570007,158.608002
2026-04-01T23:00:00Z,158.604004,158.716003,158.528000,158.710007
2026-04-02T00:00:00Z,158.699005,158.763000,158.574005,158.664993
2026-04-02T01:00:00Z,158.656998,159.285995,158.593994,159.274994
2026-04-02T02:00:00Z,159.281006,159.477005,159.164001,159.419998
2026-04-02T03:00:00Z,159.412003,159.445007,159.302994,159.367004
2026-04-02T04:00:00Z,159.358002,159.434006,159.322998,159.339996
2026-04-02T05:00:00Z,159.332993,159.444000,159.324997,159.434006
2026-04-02T06:00:00Z,159.438004,159.464996,159.294006,159.384003
2026-04-02T07:00:00Z,159.382996,159.712997,159.365997,159.567993
2026-04-02T08:00:00Z,159.572006,159.703995,159.541000,159.673004
2026-04-02T09:00:00Z,159.673004,159.727005,159.556000,159.557007
2026-04-02T10:00:00Z,159.563995,159.699997,159.537003,159.681000
2026-04-02T11:00:00Z,159.682999,159.742996,159.666000,159.697998
2026-04-02T12:00:00Z,159.699997,159.709000,159.554001,159.625000
2026-04-02T13:00:00Z,159.623993,159.688995,159.447006,159.459000
2026-04-02T14:00:00Z,159.459000,159.503006,159.233002,159.358994
2026-04-02T15:00:00Z,159.360992,159.388000,159.223007,159.337006
2026-04-02T16:00:00Z,159.337006,159.511002,159.304001,159.509003
2026-04-02T17:00:00Z,159.503998,159.613007,159.488007,159.589996
2026-04-02T18:00:00Z,159.585999,159.727005,159.570007,159.625000
2026-04-02T19:00:00Z,159.632996,159.679001,159.531998,159.660004
2026-04-02T20:00:00Z,159.673996,159.675995,159.524002,159.589996
2026-04-02T21:00:00Z,159.591995,159.643005,159.509003,159.544006
2026-04-02T22:00:00Z,159.546005,159.600998,159.490997,159.533005
2026-04-02T23:00:00Z,159.526001,159.529999,159.475006,159.490005
2026-04-03T00:00:00Z,159.485992,159.626999,159.417999,159.595001
2026-04-03T01:00:00Z,159.593994,159.651993,159.537003,159.636993
2026-04-03T02:00:00Z,159.643005,159.712006,159.604996,159.664993
2026-04-03T03:00:00Z,159.671005,159.694000,159.563995,159.570999
2026-04-03T04:00:00Z,159.576004,159.630997,159.529999,159.613998
2026-04-03T05:00:00Z,159.617996,159.656998,159.591995,159.647995
2026-04-03T06:00:00Z,159.641006,159.692001,159.576996,159.626007
2026-04-03T07:00:00Z,159.626007,159.632996,159.535995,159.585007
2026-04-03T08:00:00Z,159.572998,159.638000,159.559998,159.598007
2026-04-03T09:00:00Z,159.598007,159.615997,159.570007,159.589005
2026-04-03T10:00:00Z,159.582993,159.610001,159.554001,159.591995
2026-04-03T11:00:00Z,159.582993,159.593994,159.529007,159.554993
2026-04-03T12:00:00Z,159.552994,159.822998,159.518997,159.610992
2026-04-03T13:00:00Z,159.613007,159.628998,159.473999,159.513000
2026-04-03T14:00:00Z,159.503998,159.598007,159.477005,159.584000
2026-04-03T15:00:00Z,159.584000,159.643005,159.548996,159.636993
2026-04-03T16:00:00Z,159.626999,159.645996,159.602005,159.619003
2026-04-03T17:00:00Z,159.634995,159.649002,159.608002,159.628006
2026-04-03T18:00:00Z,159.619995,159.664993,159.606003,159.647003
2026-04-03T19:00:00Z,159.647995,159.658005,159.613007,159.619995
2026-04-03T20:00:00Z,159.619003,159.682007,159.488998,159.632996
2026-04-05T23:00:00Z,159.675003,159.830002,159.595001,159.768997
2026-04-06T00:00:00Z,159.779007,159.802002,159.647003,159.744995
2026-04-06T01:00:00Z,159.740005,159.744003,159.604004,159.682007
2026-04-06T02:00:00Z,159.682007,159.690002,159.518005,159.548004
2026-04-06T03:00:00Z,159.548004,159.636993,159.526001,159.623001
2026-04-06T04:00:00Z,159.623993,159.632004,159.531998,159.569000
2026-04-06T05:00:00Z,159.557999,159.580994,159.541000,159.567001
2026-04-06T06:00:00Z,159.561996,159.653000,159.535995,159.602005
2026-04-06T07:00:00Z,159.608002,159.709000,159.334000,159.384995
2026-04-06T08:00:00Z,159.382004,159.438995,159.292999,159.375000
2026-04-06T09:00:00Z,159.386002,159.468002,159.335007,159.427994
2026-04-06T10:00:00Z,159.425995,159.557999,159.403000,159.451996
2026-04-06T11:00:00Z,159.453995,159.587006,159.447006,159.550003
2026-04-06T12:00:00Z,159.552994,159.570999,159.350998,159.404007
2026-04-06T13:00:00Z,159.391998,159.503998,159.382004,159.477005
2026-04-06T14:00:00Z,159.475998,159.720993,159.389999,159.703003
2026-04-06T15:00:00Z,159.707993,159.802002,159.697998,159.707001
2026-04-06T16:00:00Z,159.703995,159.712006,159.610001,159.669006
2026-04-06T17:00:00Z,159.675003,159.796005,159.671005,159.768005
2026-04-06T18:00:00Z,159.770996,159.789993,159.582993,159.673996
2026-04-06T19:00:00Z,159.686996,159.733994,159.645004,159.692001
2026-04-06T20:00:00Z,159.690994,159.712997,159.634003,159.669998
2026-04-06T21:00:00Z,159.662003,159.731995,159.589005,159.610992
2026-04-06T22:00:00Z,159.645996,159.710007,159.626007,159.654007
2026-04-06T23:00:00Z,159.667999,159.746994,159.645996,159.729004
2026-04-07T00:00:00Z,159.682999,159.876999,159.664001,159.869003
2026-04-07T01:00:00Z,159.820007,159.960999,159.774994,159.921005
2026-04-07T02:00:00Z,159.873001,159.968002,159.839005,159.910004
2026-04-07T03:00:00Z,159.863007,159.923004,159.809998,159.828003
2026-04-07T04:00:00Z,159.824005,159.867996,159.720001,159.770996
2026-04-07T05:00:00Z,159.727997,159.856003,159.716995,159.761002
2026-04-07T06:00:00Z,159.766998,159.850998,159.727005,159.774002
2026-04-07T07:00:00Z,159.781998,159.916000,159.764008,159.856003
2026-04-07T08:00:00Z,159.860992,159.901993,159.473999,159.483994
2026-04-07T09:00:00Z,159.488998,159.636002,159.460999,159.636002
2026-04-07T10:00:00Z,159.632004,159.791000,159.608994,159.776001
2026-04-07T11:00:00Z,159.783005,159.862000,159.759995,159.826996
2026-04-07T12:00:00Z,159.822998,159.875000,159.705002,159.778000
2026-04-07T13:00:00Z,159.770996,159.891006,159.716995,159.882004
2026-04-07T14:00:00Z,159.882004,159.964996,159.770004,159.949997
2026-04-07T15:00:00Z,159.951004,160.029007,159.860001,159.891006
2026-04-07T16:00:00Z,159.895004,159.908997,159.787994,159.903000
2026-04-07T17:00:00Z,159.904007,159.955994,159.694000,159.781006
2026-04-07T18:00:00Z,159.779999,159.865997,159.690002,159.835007
2026-04-07T19:00:00Z,159.835007,159.867004,159.535004,159.572006
2026-04-07T20:00:00Z,159.578003,159.686996,159.496002,159.580994
2026-04-07T21:00:00Z,159.578995,159.626999,159.488998,159.546005
2026-04-07T22:00:00Z,159.531998,159.738998,158.835999,158.845993
2026-04-07T23:00:00Z,158.919006,158.964005,158.587997,158.709000
2026-04-08T00:00:00Z,158.714996,158.791000,158.529999,158.686996
2026-04-08T01:00:00Z,158.688004,158.712997,158.335999,158.404999
2026-04-08T02:00:00Z,158.399994,158.576996,158.281998,158.427994
2026-04-08T03:00:00Z,158.429993,158.462006,158.341995,158.438995
2026-04-08T04:00:00Z,158.442001,158.460007,158.332993,158.348007
2026-04-08T05:00:00Z,158.348007,158.429993,158.138000,158.270996
2026-04-08T06:00:00Z,158.276001,158.375000,158.041000,158.192993
2026-04-08T07:00:00Z,158.192993,158.365005,158.102997,158.214005
2026-04-08T08:00:00Z,158.212006,158.488007,158.117996,158.369003
2026-04-08T09:00:00Z,158.363998,158.496002,158.266006,158.485992
2026-04-08T10:00:00Z,158.483994,158.533997,158.376999,158.432007
2026-04-08T11:00:00Z,158.431000,158.485001,158.210999,158.244003
2026-04-08T12:00:00Z,158.250000,158.324005,157.940994,158.013000
2026-04-08T13:00:00Z,158.005005,158.324997,157.880997,158.268005
2026-04-08T14:00:00Z,158.270996,158.419006,158.175003,158.279007
2026-04-08T15:00:00Z,158.279007,158.464996,158.246002,158.386002
2026-04-08T16:00:00Z,158.376999,158.496994,158.347000,158.414993
2026-04-08T17:00:00Z,158.410004,158.522995,158.378998,158.427994
2026-04-08T18:00:00Z,158.425995,158.744003,158.371994,158.729004
2026-04-08T19:00:00Z,158.735992,158.794998,158.492004,158.524994
2026-04-08T20:00:00Z,158.533997,158.628998,158.509003,158.559998
2026-04-08T21:00:00Z,158.561996,158.649002,158.436005,158.537003
2026-04-08T22:00:00Z,158.501999,158.582001,158.472000,158.556000
2026-04-08T23:00:00Z,158.552002,158.677994,158.546997,158.641998
2026-04-09T00:00:00Z,158.643005,158.871994,158.610992,158.852997
2026-04-09T01:00:00Z,158.850006,158.951996,158.781006,158.824005
2026-04-09T02:00:00Z,158.822998,158.856995,158.695999,158.718002
2026-04-09T03:00:00Z,158.716003,158.804993,158.684006,158.751999
2026-04-09T04:00:00Z,158.746994,158.753998,158.634003,158.729996
2026-04-09T05:00:00Z,158.727005,158.863007,158.707993,158.841995
2026-04-09T06:00:00Z,158.835999,158.929001,158.761002,158.783997
2026-04-09T07:00:00Z,158.776993,158.975998,158.761002,158.964005
2026-04-09T08:00:00Z,158.964005,159.106995,158.901993,158.992004
2026-04-09T09:00:00Z,159.001007,159.057007,158.931000,158.985001
2026-04-09T10:00:00Z,158.979004,159.082001,158.945999,159.072006
2026-04-09T11:00:00Z,159.072998,159.087006,158.830994,158.889008
2026-04-09T12:00:00Z,158.882004,159.115005,158.847000,158.996994
2026-04-09T13:00:00Z,158.992996,159.097000,158.880005,159.078003
2026-04-09T14:00:00Z,159.082993,159.240997,158.983994,159.182007
2026-04-09T15:00:00Z,159.182999,159.296997,158.856995,158.869995
2026-04-09T16:00:00Z,158.862000,158.899994,158.617004,158.757996
2026-04-09T17:00:00Z,158.755997,158.792999,158.669998,158.759995
2026-04-09T18:00:00Z,158.759003,159.024994,158.755997,159.003998
2026-04-09T19:00:00Z,159.001999,159.095993,158.962997,159.082993
2026-04-09T20:00:00Z,159.089005,159.132004,158.923996,158.947006
2026-04-09T21:00:00Z,158.921005,158.975006,158.908005,158.968994
2026-04-09T22:00:00Z,158.960007,159.098999,158.923004,159.076004
2026-04-09T23:00:00Z,159.076004,159.123993,159.035995,159.091995
2026-04-10T00:00:00Z,159.085999,159.242004,159.080002,159.179993
2026-04-10T01:00:00Z,159.179993,159.229004,159.013000,159.028000
2026-04-10T02:00:00Z,159.031998,159.192993,159.011993,159.156006
2026-04-10T03:00:00Z,159.151001,159.175003,159.108994,159.130997
2026-04-10T04:00:00Z,159.130997,159.214005,159.113998,159.184998
2026-04-10T05:00:00Z,159.179001,159.272003,159.177002,159.248001
2026-04-10T06:00:00Z,159.248001,159.373993,159.199005,159.276993
2026-04-10T07:00:00Z,159.276001,159.341995,159.186005,159.337006
2026-04-10T08:00:00Z,159.332993,159.352997,159.235001,159.309998
2026-04-10T09:00:00Z,159.315002,159.330002,159.169998,159.244003
2026-04-10T10:00:00Z,159.235992,159.292007,159.171997,159.197006
2026-04-10T11:00:00Z,159.190002,159.240005,159.153000,159.177994
2026-04-10T12:00:00Z,159.171997,159.190002,158.848007,159.147995
2026-04-10T13:00:00Z,159.147995,159.203003,159.061005,159.164993
2026-04-10T14:00:00Z,159.167007,159.242996,159.085007,159.119995
2026-04-10T15:00:00Z,159.126007,159.233002,159.028000,159.225006
2026-04-10T16:00:00Z,159.222000,159.350006,159.210007,159.264999
2026-04-10T17:00:00Z,159.259003,159.307999,159.235992,159.287994
2026-04-10T18:00:00Z,159.287994,159.341995,159.233994,159.281998
2026-04-10T19:00:00Z,159.276001,159.311005,159.257004,159.298004
2026-04-10T20:00:00Z,159.302994,159.319000,159.225006,159.272003
2026-04-12T23:00:00Z,159.798004,159.850998,159.643005,159.677994
2026-04-13T00:00:00Z,159.675003,159.845001,159.660004,159.699005
2026-04-13T01:00:00Z,159.703995,159.783997,159.647995,159.679993
2026-04-13T02:00:00Z,159.679993,159.755997,159.653000,159.705994
2026-04-13T03:00:00Z,159.714005,159.748993,159.669998,159.681000
2026-04-13T04:00:00Z,159.673004,159.774002,159.660995,159.720001
2026-04-13T05:00:00Z,159.720993,159.750000,159.667007,159.673004
2026-04-13T06:00:00Z,159.675003,159.731995,159.552994,159.669998
2026-04-13T07:00:00Z,159.671997,159.720993,159.597000,159.598007
2026-04-13T08:00:00Z,159.600006,159.720993,159.559006,159.703995
2026-04-13T09:00:00Z,159.707993,159.742004,159.662994,159.731003
2026-04-13T10:00:00Z,159.727005,159.738998,159.660004,159.686996
2026-04-13T11:00:00Z,159.679993,159.848999,159.636993,159.841995
2026-04-13T12:00:00Z,159.834000,159.860992,159.681000,159.733002
2026-04-13T13:00:00Z,159.742004,159.802002,159.533005,159.542999
2026-04-13T14:00:00Z,159.533997,159.662003,159.501007,159.567993
2026-04-13T15:00:00Z,159.567993,159.753998,159.567001,159.740005
2026-04-13T16:00:00Z,159.740997,159.787003,159.444000,159.526993
2026-04-13T17:00:00Z,159.514999,159.533997,159.356003,159.408005
2026-04-13T18:00:00Z,159.404999,159.410995,159.287994,159.320999
2026-04-13T19:00:00Z,159.324997,159.393005,159.283997,159.376007
2026-04-13T20:00:00Z,159.384995,159.457993,159.358002,159.438995
2026-04-13T21:00:00Z,159.427994,159.444000,159.279007,159.322998
2026-04-13T22:00:00Z,159.335007,159.416000,159.292999,159.365997
2026-04-13T23:00:00Z,159.356003,159.376999,159.199005,159.216003
2026-04-14T00:00:00Z,159.218002,159.335007,159.132996,159.162994
2026-04-14T01:00:00Z,159.158005,159.227997,159.076004,159.203003
2026-04-14T02:00:00Z,159.210007,159.263000,159.117004,159.141006
2026-04-14T03:00:00Z,159.136993,159.164993,159.065994,159.091003
2026-04-14T04:00:00Z,159.087997,159.119003,159.001007,159.022003
2026-04-14T05:00:00Z,159.022995,159.156998,158.951996,159.123993
2026-04-14T06:00:00Z,159.128006,159.281998,159.106995,159.158005
2026-04-14T07:00:00Z,159.156998,159.167007,158.940994,159.059998
2026-04-14T08:00:00Z,159.059006,159.167999,159.016006,159.063995
2026-04-14T09:00:00Z,159.061005,159.093002,158.845001,158.968002
2026-04-14T10:00:00Z,158.968994,158.979996,158.796005,158.817993
2026-04-14T11:00:00Z,158.824005,158.832993,158.701996,158.770004
2026-04-14T12:00:00Z,158.764008,158.875000,158.669998,158.710007
2026-04-14T13:00:00Z,158.710007,158.897995,158.669006,158.852997
2026-04-14T14:00:00Z,158.858002,158.862000,158.595001,158.744003
2026-04-14T15:00:00Z,158.744003,158.919998,158.740997,158.912003
2026-04-14T16:00:00Z,158.904999,158.936005,158.807007,158.837006
2026-04-14T17:00:00Z,158.822998,158.893005,158.690994,158.733994
2026-04-14T18:00:00Z,158.727997,158.835007,158.677002,158.809006
2026-04-14T19:00:00Z,158.813004,158.910995,158.791000,158.865005
2026-04-14T20:00:00Z,158.863007,158.891006,158.744995,158.768997
2026-04-14T21:00:00Z,158.746002,158.824005,158.731003,158.783005
2026-04-14T22:00:00Z,158.794998,158.839996,158.733994,158.835007
2026-04-14T23:00:00Z,158.824005,158.882996,158.761002,158.792007
2026-04-15T00:00:00Z,158.796997,158.884003,158.729996,158.815002
2026-04-15T01:00:00Z,158.807999,158.977997,158.807999,158.904999
2026-04-15T02:00:00Z,158.903000,159.063995,158.878006,159.029999
2026-04-15T03:00:00Z,159.029007,159.048004,158.949997,158.983002
2026-04-15T04:00:00Z,158.979996,159.011993,158.945999,158.983994
2026-04-15T05:00:00Z,158.975998,158.998001,158.904007,158.960007
2026-04-15T06:00:00Z,158.955002,159.024994,158.856003,159.016998
2026-04-15T07:00:00Z,159.022003,159.026993,158.876999,158.919998
2026-04-15T08:00:00Z,158.927002,158.936996,158.636002,158.766998
2026-04-15T09:00:00Z,158.772003,158.934006,158.705994,158.889008
2026-04-15T10:00:00Z,158.889008,159.050995,158.817993,158.973007
2026-04-15T11:00:00Z,158.966995,159.095001,158.919006,159.020004
2026-04-15T12:00:00Z,159.020004,159.151001,159.018997,159.100006
2026-04-15T13:00:00Z,159.100006,159.121002,158.973999,159.016006
2026-04-15T14:00:00Z,159.020996,159.063004,158.916000,158.983994
2026-04-15T15:00:00Z,158.987000,159.026993,158.858002,159.024002
2026-04-15T16:00:00Z,159.016998,159.035004,158.740005,158.873001
2026-04-15T17:00:00Z,158.873001,159.112000,158.865997,159.102997
2026-04-15T18:00:00Z,159.095993,159.121002,158.994003,159.018997
2026-04-15T19:00:00Z,159.014008,159.057007,158.944000,158.970001
2026-04-15T20:00:00Z,158.968002,159.033997,158.925003,159.033997
2026-04-15T21:00:00Z,158.966003,159.033005,158.871994,158.921997
2026-04-15T22:00:00Z,158.921997,158.936005,158.820999,158.860001
2026-04-15T23:00:00Z,158.854004,158.884995,158.783005,158.807999
2026-04-16T00:00:00Z,158.809006,158.850998,158.701996,158.729004
2026-04-16T01:00:00Z,158.723999,158.824997,158.671997,158.744995
2026-04-16T02:00:00Z,158.746002,158.813995,158.498993,158.509995
2026-04-16T03:00:00Z,158.507004,158.673996,158.257996,158.664993
2026-04-16T04:00:00Z,158.662003,158.740997,158.645996,158.707993
2026-04-16T05:00:00Z,158.705994,158.854996,158.690994,158.841995
2026-04-16T06:00:00Z,158.847000,158.951996,158.744995,158.791000
2026-04-16T07:00:00Z,158.781998,158.886993,158.718994,158.863007
2026-04-16T08:00:00Z,158.863998,159.057999,158.843994,158.985001
2026-04-16T09:00:00Z,158.981995,159.067001,158.951996,159.029999
2026-04-16T10:00:00Z,159.031998,159.130005,159.003998,159.020004
2026-04-16T11:00:00Z,159.014008,159.020004,158.871002,158.955002
2026-04-16T12:00:00Z,158.955994,159.113007,158.921997,159.112000
2026-04-16T13:00:00Z,159.104004,159.304993,158.979004,159.216003
2026-04-16T14:00:00Z,159.210007,159.272995,159.080002,159.255005
2026-04-16T15:00:00Z,159.257996,159.283005,159.069000,159.076004
2026-04-16T16:00:00Z,159.069000,159.263000,159.018005,159.179001
2026-04-16T17:00:00Z,159.177002,159.289993,159.162003,159.253006
2026-04-16T18:00:00Z,159.248001,159.257004,159.151993,159.210007
2026-04-16T19:00:00Z,159.210007,159.216003,159.089005,159.171005
2026-04-16T20:00:00Z,159.173004,159.197998,159.110001,159.136993
2026-04-16T21:00:00Z,159.136993,159.205002,159.061005,159.130005
2026-04-16T22:00:00Z,159.130005,159.139999,158.998993,159.097000
2026-04-16T23:00:00Z,159.106995,159.227005,159.076004,159.195007
2026-04-17T00:00:00Z,159.205002,159.360992,159.167999,159.324005
2026-04-17T01:00:00Z,159.324005,159.427002,159.289001,159.358002
2026-04-17T02:00:00Z,159.354004,159.444000,159.352997,159.365997
2026-04-17T03:00:00Z,159.371994,159.464005,159.358002,159.388000
2026-04-17T04:00:00Z,159.389008,159.481995,159.367004,159.462006
2026-04-17T05:00:00Z,159.464005,159.529007,159.445999,159.479004
2026-04-17T06:00:00Z,159.479004,159.516998,159.363007,159.403000
2026-04-17T07:00:00Z,159.404007,159.404007,159.268005,159.270996
2026-04-17T08:00:00Z,159.272995,159.300003,159.130997,159.134995
2026-04-17T09:00:00Z,159.134995,159.186996,159.000000,159.035995
2026-04-17T10:00:00Z,159.035995,159.177002,159.020004,159.156006
2026-04-17T11:00:00Z,159.156006,159.225006,159.130997,159.173996
2026-04-17T12:00:00Z,159.169006,159.179001,158.399002,158.414001
2026-04-17T13:00:00Z,158.414001,158.513000,158.063995,158.179993
2026-04-17T14:00:00Z,158.184998,158.231003,157.587006,157.845001
2026-04-17T15:00:00Z,157.850006,158.175995,157.789993,158.095001
2026-04-17T16:00:00Z,158.098007,158.199005,157.951996,158.037994
2026-04-17T17:00:00Z,158.039993,158.276993,158.031006,158.158005
2026-04-17T18:00:00Z,158.162994,158.464996,158.130997,158.429993
2026-04-17T19:00:00Z,158.431000,158.585007,158.360001,158.556000
2026-04-17T20:00:00Z,158.554993,158.636993,158.524994,158.602005
2026-04-19T23:00:00Z,158.996002,159.199005,158.923004,159.156006
2026-04-20T00:00:00Z,159.151001,159.201004,158.888000,158.998001
2026-04-20T01:00:00Z,159.001007,159.016006,158.828995,158.852005
2026-04-20T02:00:00Z,158.850998,158.914001,158.783005,158.876007
2026-04-20T03:00:00Z,158.876007,158.934006,158.789993,158.878998
2026-04-20T04:00:00Z,158.876999,158.945007,158.839005,158.891998
2026-04-20T05:00:00Z,158.889008,159.009003,158.888000,158.944000
2026-04-20T06:00:00Z,158.940994,158.979004,158.906006,158.934998
2026-04-20T09:00:00Z,158.916000,158.951996,158.897995,158.912994
2026-04-20T10:00:00Z,158.912994,158.972000,158.848007,158.904007
2026-04-20T11:00:00Z,158.904007,158.957001,158.751999,158.830994
2026-04-20T12:00:00Z,158.830994,158.973007,158.800995,158.869003
2026-04-20T13:00:00Z,158.876007,158.936005,158.554993,158.628998
2026-04-20T14:00:00Z,158.623001,158.893005,158.621002,158.720001
2026-04-20T15:00:00Z,158.710007,158.787003,158.542999,158.669006
2026-04-20T16:00:00Z,158.669006,158.707993,158.608994,158.651993
2026-04-20T17:00:00Z,158.647003,158.768005,158.600006,158.746994
2026-04-20T18:00:00Z,158.746994,158.921005,158.660004,158.899002
2026-04-20T19:00:00Z,158.899002,158.919006,158.787994,158.834000
2026-04-20T20:00:00Z,158.837997,158.903000,158.729004,158.729996
2026-04-20T21:00:00Z,158.764999,158.800995,158.684006,158.727005
2026-04-20T22:00:00Z,158.746002,158.813004,158.688995,158.783005
2026-04-20T23:00:00Z,158.763000,158.862000,158.748993,158.843994
2026-04-21T00:00:00Z,158.850006,158.994003,158.828995,158.947006
2026-04-21T01:00:00Z,158.949005,158.975998,158.899994,158.949005
2026-04-21T02:00:00Z,158.940002,158.994995,158.912994,158.947998
2026-04-21T03:00:00Z,158.951004,158.990997,158.923004,158.985001
2026-04-21T04:00:00Z,158.985001,158.990997,158.938995,158.955994
2026-04-21T05:00:00Z,158.951004,158.957993,158.837997,158.904007
2026-04-21T06:00:00Z,158.895996,158.914001,158.785995,158.809998
2026-04-21T07:00:00Z,158.804001,159.016006,158.789993,159.009995
2026-04-21T08:00:00Z,159.018997,159.214005,159.009995,159.173996
2026-04-21T09:00:00Z,159.169998,159.253998,159.097000,159.194000
2026-04-21T10:00:00Z,159.192001,159.231003,159.177994,159.184006
2026-04-21T11:00:00Z,159.182007,159.248001,159.029999,159.046005
2026-04-21T12:00:00Z,159.046997,159.244995,159.007004,159.171997
2026-04-21T13:00:00Z,159.169998,159.195999,159.007996,159.082001
2026-04-21T14:00:00Z,159.087997,159.382996,159.035004,159.373993
2026-04-21T15:00:00Z,159.371994,159.440994,159.270004,159.395004
2026-04-21T16:00:00Z,159.388000,159.503006,159.337006,159.459000
2026-04-21T17:00:00Z,159.462006,159.613998,159.160995,159.319000
2026-04-21T18:00:00Z,159.315002,159.490997,159.276993,159.363998
2026-04-21T19:00:00Z,159.371002,159.636993,159.220993,159.600998
2026-04-21T20:00:00Z,159.604996,159.636993,159.281998,159.311005
2026-04-21T21:00:00Z,159.326996,159.429993,159.294998,159.386002
2026-04-21T22:00:00Z,159.410004,159.419006,159.324997,159.406006
2026-04-21T23:00:00Z,159.412003,159.457001,159.352005,159.375000
2026-04-22T00:00:00Z,159.376999,159.380997,159.164993,159.283005
2026-04-22T01:00:00Z,159.281998,159.330002,159.218994,159.253998
2026-04-22T02:00:00Z,159.246994,159.373001,159.242996,159.348999
2026-04-22T03:00:00Z,159.352005,159.401001,159.324005,159.389999
2026-04-22T04:00:00Z,159.389999,159.395004,159.289993,159.335999
2026-04-22T05:00:00Z,159.335999,159.345993,159.093994,159.227005
2026-04-22T06:00:00Z,159.220993,159.255005,159.123993,159.126007
2026-04-22T07:00:00Z,159.126007,159.296997,159.102997,159.216003
2026-04-22T08:00:00Z,159.214005,159.367996,159.192993,159.350998
2026-04-22T09:00:00Z,159.350998,159.371994,159.307007,159.343002
2026-04-22T10:00:00Z,159.330994,159.369995,159.201996,159.216003
2026-04-22T11:00:00Z,159.214005,159.279999,159.181000,159.244995
2026-04-22T12:00:00Z,159.238998,159.362000,159.141998,159.360001
2026-04-22T13:00:00Z,159.354004,159.367004,159.106995,159.169006
2026-04-22T14:00:00Z,159.175003,159.393997,159.134003,159.389999
2026-04-22T15:00:00Z,159.389008,159.511993,159.362000,159.488007
2026-04-22T16:00:00Z,159.492004,159.531006,159.440994,159.496002
2026-04-22T17:00:00Z,159.496994,159.520996,159.416000,159.438004
2026-04-22T18:00:00Z,159.431000,159.490997,159.408005,159.475998
2026-04-22T19:00:00Z,159.475998,159.550995,159.453995,159.546997
2026-04-22T20:00:00Z,159.542999,159.572998,159.421997,159.423004
2026-04-22T21:00:00Z,159.440002,159.488998,159.339005,159.429993
2026-04-22T22:00:00Z,159.429001,159.488007,159.382004,159.475998
2026-04-22T23:00:00Z,159.464005,159.494995,159.429001,159.488998
2026-04-23T00:00:00Z,159.488998,159.686996,159.272003,159.324005
2026-04-23T01:00:00Z,159.324005,159.417999,159.287003,159.373993
2026-04-23T02:00:00Z,159.378998,159.563995,159.348999,159.535004
2026-04-23T03:00:00Z,159.535004,159.548004,159.457993,159.537994
2026-04-23T04:00:00Z,159.542007,159.584000,159.507996,159.546005
2026-04-23T05:00:00Z,159.542007,159.604996,159.507996,159.535004
2026-04-23T06:00:00Z,159.529007,159.667007,159.514008,159.649994
2026-04-23T07:00:00Z,159.651001,159.697998,159.587997,159.591995
2026-04-23T08:00:00Z,159.591003,159.697006,159.578003,159.684006
2026-04-23T09:00:00Z,159.684006,159.738998,159.645004,159.725006
2026-04-23T10:00:00Z,159.731003,159.779007,159.656998,159.714005
2026-04-23T11:00:00Z,159.705994,159.750000,159.492004,159.542007
2026-04-23T12:00:00Z,159.548004,159.600998,159.427994,159.494995
2026-04-23T13:00:00Z,159.503006,159.628006,159.457993,159.565994
2026-04-23T14:00:00Z,159.572998,159.617004,159.373001,159.391998
2026-04-23T15:00:00Z,159.395004,159.488007,159.304993,159.440002
2026-04-23T16:00:00Z,159.429001,159.485992,159.417999,159.455994
2026-04-23T17:00:00Z,159.451004,159.841995,159.447998,159.559998
2026-04-23T18:00:00Z,159.552994,159.636002,159.460007,159.623993
2026-04-23T19:00:00Z,159.628006,159.755005,159.600998,159.692001
2026-04-23T20:00:00Z,159.692001,159.751999,159.664993,159.709000
2026-04-23T21:00:00Z,159.654999,159.714996,159.574005,159.639999
2026-04-23T22:00:00Z,159.641998,159.729996,159.606003,159.690994
2026-04-23T23:00:00Z,159.690002,159.783997,159.688995,159.753006
2026-04-24T00:00:00Z,159.746994,159.809006,159.667999,159.785995
2026-04-24T01:00:00Z,159.791000,159.809006,159.746994,159.751007
2026-04-24T02:00:00Z,159.751007,159.796997,159.744995,159.770004
2026-04-24T03:00:00Z,159.764008,159.839996,159.757004,159.785995
2026-04-24T04:00:00Z,159.791000,159.798996,159.716003,159.776993
2026-04-24T05:00:00Z,159.774002,159.815002,159.738998,159.764008
2026-04-24T06:00:00Z,159.764008,159.791000,159.595993,159.688004
2026-04-24T07:00:00Z,159.677994,159.716995,159.619995,159.660995
2026-04-24T08:00:00Z,159.664001,159.757004,159.656998,159.718994
2026-04-24T09:00:00Z,159.707993,159.761002,159.682007,159.744003
2026-04-24T10:00:00Z,159.735992,159.770004,159.639008,159.649994
2026-04-24T11:00:00Z,159.645004,159.673004,159.328003,159.421997
2026-04-24T12:00:00Z,159.421997,159.621002,159.369995,159.548996
2026-04-24T13:00:00Z,159.542999,159.651993,159.468994,159.569000
2026-04-24T14:00:00Z,159.591003,159.643997,159.378006,159.501999
2026-04-24T15:00:00Z,159.509995,159.585999,159.322006,159.352005
2026-04-24T16:00:00Z,159.348999,159.419006,159.307007,159.354996
2026-04-24T17:00:00Z,159.345001,159.429993,159.304001,159.412994
2026-04-24T18:00:00Z,159.412003,159.466995,159.393005,159.425995
2026-04-24T19:00:00Z,159.425995,159.447006,159.367996,159.421997
2026-04-24T20:00:00Z,159.417007,159.427002,159.292007,159.358994
2026-04-26T23:00:00Z,159.542007,159.595993,159.501007,159.574997
2026-04-27T00:00:00Z,159.578995,159.582993,159.440002,159.477005
2026-04-27T01:00:00Z,159.473007,159.477997,159.246002,159.320007
2026-04-27T02:00:00Z,159.324997,159.363998,159.259995,159.296005
2026-04-27T03:00:00Z,159.292007,159.313004,159.186005,159.223007
2026-04-27T04:00:00Z,159.216003,159.261002,159.139008,159.229996
2026-04-27T05:00:00Z,159.235992,159.417999,159.225006,159.410995
2026-04-27T06:00:00Z,159.404999,159.483994,159.251007,159.263000
2026-04-27T07:00:00Z,159.255005,159.302002,159.177994,159.216995
2026-04-27T08:00:00Z,159.216995,159.266998,159.102005,159.141998
2026-04-27T09:00:00Z,159.149002,159.231003,159.085007,159.218002
2026-04-27T10:00:00Z,159.223007,159.272003,159.125000,159.149994
2026-04-27T11:00:00Z,159.141998,159.214005,159.098999,159.192993
2026-04-27T12:00:00Z,159.186005,159.231003,159.095993,159.222000
2026-04-27T13:00:00Z,159.227005,159.287003,159.136993,159.253006
2026-04-27T14:00:00Z,159.257004,159.291000,159.100998,159.216995
2026-04-27T15:00:00Z,159.212997,159.313995,159.203003,159.289001
2026-04-27T16:00:00Z,159.292999,159.386993,159.270996,159.384995
2026-04-27T17:00:00Z,159.382996,159.462006,159.339005,159.382996
2026-04-27T18:00:00Z,159.380997,159.453995,159.376999,159.438995
2026-04-27T19:00:00Z,159.438995,159.447998,159.362000,159.421005
2026-04-27T20:00:00Z,159.421997,159.427002,159.371994,159.408997
2026-04-27T21:00:00Z,159.408997,159.410995,159.332993,159.393997
2026-04-27T22:00:00Z,159.371994,159.460999,159.362000,159.393997
2026-04-27T23:00:00Z,159.391006,159.449997,159.345001,159.358002
2026-04-28T00:00:00Z,159.356995,159.485001,159.302994,159.466003
2026-04-28T01:00:00Z,159.466003,159.552994,159.453003,159.544998
2026-04-28T02:00:00Z,159.548996,159.565994,159.479004,159.503998
2026-04-28T03:00:00Z,159.511993,159.563004,158.975006,159.074005
2026-04-28T04:00:00Z,159.074997,159.087997,158.947998,159.080002
2026-04-28T05:00:00Z,159.080002,159.212006,159.044998,159.190994
2026-04-28T06:00:00Z,159.190994,159.358994,159.022003,159.350998
2026-04-28T07:00:00Z,159.350998,159.544998,159.257004,159.524002
2026-04-28T08:00:00Z,159.524002,159.684998,159.447006,159.468994
2026-04-28T09:00:00Z,159.468994,159.593994,159.408997,159.572006
2026-04-28T10:00:00Z,159.572006,159.645996,159.526993,159.621994
2026-04-28T11:00:00Z,159.634003,159.787003,159.593002,159.755005
2026-04-28T12:00:00Z,159.751999,159.783005,159.408005,159.457001
2026-04-28T13:00:00Z,159.462006,159.606003,159.414993,159.507996
2026-04-28T14:00:00Z,159.507004,159.750000,159.487000,159.718002
2026-04-28T15:00:00Z,159.720001,159.720993,159.518005,159.542007
2026-04-28T16:00:00Z,159.529999,159.623993,159.500000,159.554993
2026-04-28T17:00:00Z,159.554993,159.626007,159.503998,159.537994
2026-04-28T18:00:00Z,159.537994,159.628998,159.520004,159.615997
2026-04-28T19:00:00Z,159.617996,159.686996,159.570007,159.651001
2026-04-28T20:00:00Z,159.651993,159.664001,159.580002,159.604004
2026-04-28T21:00:00Z,159.593002,159.613007,159.468002,159.539001
2026-04-28T22:00:00Z,159.552994,159.606003,159.528000,159.582993
2026-04-28T23:00:00Z,159.570007,159.597000,159.529007,159.557007
2026-04-29T00:00:00Z,159.552002,159.591003,159.511993,159.544006
2026-04-29T01:00:00Z,159.546005,159.667999,159.518005,159.604004
2026-04-29T02:00:00Z,159.602005,159.632004,159.561005,159.617996
2026-04-29T03:00:00Z,159.617996,159.638000,159.580994,159.606003
2026-04-29T04:00:00Z,159.615997,159.647995,159.604996,159.632996
2026-04-29T05:00:00Z,159.628998,159.712006,159.626999,159.707993
2026-04-29T06:00:00Z,159.703003,159.738998,159.597000,159.651001
2026-04-29T07:00:00Z,159.645004,159.703995,159.610992,159.669006
2026-04-29T08:00:00Z,159.667007,159.787994,159.628006,159.781998
2026-04-29T09:00:00Z,159.776001,159.841995,159.740997,159.830994
2026-04-29T10:00:00Z,159.832993,159.841003,159.740005,159.755005
2026-04-29T11:00:00Z,159.751999,159.850998,159.729004,159.843994
2026-04-29T12:00:00Z,159.845001,159.977997,159.807007,159.968002
2026-04-29T13:00:00Z,159.977005,160.188995,159.944000,160.184006
2026-04-29T14:00:00Z,160.182999,160.197998,160.005005,160.102005
2026-04-29T15:00:00Z,160.102005,160.326004,160.087997,160.227997
2026-04-29T16:00:00Z,160.233002,160.317993,160.160995,160.307999
2026-04-29T17:00:00Z,160.302994,160.365997,160.184006,160.184006
2026-04-29T18:00:00Z,160.210007,160.429001,160.141006,160.348007
2026-04-29T19:00:00Z,160.341995,160.442001,160.279999,160.375000
2026-04-29T20:00:00Z,160.376999,160.477997,160.343002,160.425003
2026-04-29T21:00:00Z,160.375000,160.410995,160.283005,160.369003
2026-04-29T22:00:00Z,160.365005,160.440002,160.309998,160.322998
2026-04-29T23:00:00Z,160.315002,160.345001,160.141998,160.199005
2026-04-30T00:00:00Z,160.199997,160.304001,160.063995,160.289993
2026-04-30T01:00:00Z,160.296005,160.319000,160.199997,160.218002
2026-04-30T02:00:00Z,160.223007,160.401993,160.203995,160.343994
2026-04-30T03:00:00Z,160.341995,160.427002,160.309998,160.423996
2026-04-30T04:00:00Z,160.421997,160.580002,160.358994,160.529007
2026-04-30T05:00:00Z,160.531998,160.654007,160.455994,160.647995
2026-04-30T06:00:00Z,160.649994,160.723007,160.528000,160.604996
2026-04-30T07:00:00Z,160.606003,160.619003,159.772003,160.134995
2026-04-30T08:00:00Z,160.128006,160.179001,159.442993,159.582001
2026-04-30T09:00:00Z,159.576996,159.595001,159.210999,159.339996
2026-04-30T10:00:00Z,159.339005,159.352997,156.966995,157.156006
2026-04-30T11:00:00Z,157.156006,157.468002,155.513000,156.373993
2026-04-30T12:00:00Z,156.354996,157.108002,156.332993,156.822006
2026-04-30T13:00:00Z,156.815994,156.959000,156.188004,156.917007
2026-04-30T14:00:00Z,156.921005,156.962997,156.449005,156.675003
2026-04-30T15:00:00Z,156.675003,156.832993,156.595001,156.656006
2026-04-30T16:00:00Z,156.664993,156.740005,156.501999,156.578995
2026-04-30T17:00:00Z,156.572006,156.697998,156.419006,156.477005
2026-04-30T18:00:00Z,156.475998,156.483994,156.306000,156.412003
2026-04-30T19:00:00Z,156.414993,156.569000,156.296005,156.565994
2026-04-30T20:00:00Z,156.565002,156.630997,156.500000,156.561005
2026-04-30T21:00:00Z,156.539993,156.651001,156.470001,156.561996
2026-04-30T22:00:00Z,156.563004,156.748001,156.518005,156.651993
2026-04-30T23:00:00Z,156.662003,157.020996,156.632004,156.988998
2026-05-01T00:00:00Z,156.981995,157.306000,156.955002,157.076004
2026-05-01T01:00:00Z,157.078995,157.255005,157.039001,157.194000
2026-05-01T02:00:00Z,157.190994,157.326004,157.119995,157.233994
2026-05-01T03:00:00Z,157.227997,157.291000,156.981995,157.177002
2026-05-01T04:00:00Z,157.177002,157.279999,157.100006,157.233994
2026-05-01T05:00:00Z,157.233994,157.298004,157.192001,157.270996
2026-05-01T06:00:00Z,157.274002,157.294998,155.453003,155.964005
2026-05-01T07:00:00Z,155.951004,156.723999,155.848007,156.623993
2026-05-01T08:00:00Z,156.613998,156.656006,156.251999,156.462006
2026-05-01T09:00:00Z,156.462006,156.761002,156.414993,156.565002
2026-05-01T10:00:00Z,156.574005,156.626999,156.481003,156.589005
2026-05-01T11:00:00Z,156.597000,156.625000,156.429001,156.580994
2026-05-01T12:00:00Z,156.572006,156.643005,156.378998,156.587006
2026-05-01T13:00:00Z,156.593002,156.753998,156.324005,156.496002
2026-05-01T14:00:00Z,156.494995,156.725006,156.358002,156.639008
2026-05-01T15:00:00Z,156.628998,156.895996,156.613998,156.757996
2026-05-01T16:00:00Z,156.753998,156.944000,156.660004,156.942001
2026-05-01T17:00:00Z,156.940994,157.028000,156.848007,156.929993
2026-05-01T18:00:00Z,156.923004,157.117996,156.908005,157.007996
2026-05-01T19:00:00Z,157.007996,157.091003,156.990997,157.061005
2026-05-01T20:00:00Z,157.057007,157.091003,156.947998,157.039993
2026-05-04T04:00:00Z,156.664001,156.789993,156.621994,156.727005
2026-05-04T05:00:00Z,156.722000,156.862000,156.516998,156.781006
2026-05-04T06:00:00Z,156.768997,156.940002,156.718002,156.925003
2026-05-04T07:00:00Z,156.914001,156.979996,156.811005,156.893997
2026-05-04T08:00:00Z,156.880997,156.979004,156.876007,156.938995
2026-05-04T09:00:00Z,156.951996,157.013000,156.888000,156.959000
2026-05-04T10:00:00Z,156.959000,157.203995,156.949997,157.108002
2026-05-04T11:00:00Z,157.108994,157.182999,157.057007,157.169006
2026-05-04T12:00:00Z,157.167007,157.182007,157.011993,157.139008
2026-05-04T13:00:00Z,157.139008,157.184006,156.960999,157.007996
2026-05-04T14:00:00Z,157.011002,157.151993,156.919006,157.091003
2026-05-04T15:00:00Z,157.095993,157.300003,156.938004,157.192001
2026-05-04T16:00:00Z,157.195007,157.302994,157.130005,157.266998
2026-05-04T17:00:00Z,157.266006,157.283997,157.158005,157.218002
2026-05-04T18:00:00Z,157.220001,157.279007,156.518005,156.709000
2026-05-04T19:00:00Z,156.716003,157.130997,156.716003,157.084000
2026-05-04T20:00:00Z,157.098007,157.287003,157.084000,157.216003
2026-05-04T21:00:00Z,157.199997,157.231995,157.098999,157.126007
2026-05-04T22:00:00Z,157.113007,157.268997,157.110992,157.227005
2026-05-04T23:00:00Z,157.216995,157.238007,157.166000,157.207993
2026-05-05T00:00:00Z,157.205994,157.255005,157.156998,157.201004
2026-05-05T01:00:00Z,157.203003,157.270996,157.173996,157.210999
2026-05-05T02:00:00Z,157.207001,157.231995,157.173996,157.216995
2026-05-05T03:00:00Z,157.212997,157.268005,157.199005,157.266006
2026-05-05T04:00:00Z,157.266998,157.298004,157.223999,157.276001
2026-05-05T05:00:00Z,157.279999,157.300003,157.207001,157.270996
2026-05-05T06:00:00Z,157.274994,157.298996,157.184998,157.225998
2026-05-05T07:00:00Z,157.216003,157.238998,157.076996,157.225998
2026-05-05T08:00:00Z,157.225998,157.285004,157.195007,157.279007
2026-05-05T09:00:00Z,157.274002,157.891998,157.098007,157.511993
2026-05-05T10:00:00Z,157.500000,157.669006,157.477997,157.612000
2026-05-05T11:00:00Z,157.602997,157.792007,157.597000,157.746002
2026-05-05T12:00:00Z,157.733002,157.837997,157.628006,157.763000
2026-05-05T13:00:00Z,157.766006,157.798004,157.662994,157.774002
2026-05-05T14:00:00Z,157.764008,157.828003,157.667007,157.671997
2026-05-05T15:00:00Z,157.673004,157.729004,157.598999,157.675003
2026-05-05T16:00:00Z,157.675003,157.802002,157.645004,157.783005
2026-05-05T17:00:00Z,157.783005,157.886002,157.761993,157.845001
2026-05-05T18:00:00Z,157.843994,157.917999,157.828995,157.869995
2026-05-05T19:00:00Z,157.873001,157.916000,157.852997,157.873001
2026-05-05T20:00:00Z,157.876999,157.899002,157.830002,157.862000
2026-05-05T21:00:00Z,157.863007,157.895004,157.785995,157.848999
2026-05-05T22:00:00Z,157.884003,157.929993,157.576004,157.755005
2026-05-05T23:00:00Z,157.722000,157.733002,157.524994,157.673004
2026-05-06T00:00:00Z,157.664993,157.709000,157.542007,157.591003
2026-05-06T01:00:00Z,157.585999,157.697006,157.567001,157.690002
2026-05-06T02:00:00Z,157.695007,157.832993,157.645004,157.804001
2026-05-06T03:00:00Z,157.811996,157.893005,157.716003,157.776001
2026-05-06T04:00:00Z,157.770004,157.824005,154.992004,155.932007
2026-05-06T05:00:00Z,155.908005,156.389999,155.733994,156.317993
2026-05-06T06:00:00Z,156.330994,156.455002,156.292007,156.376007
2026-05-06T07:00:00Z,156.380005,156.565002,155.703003,155.811005
2026-05-06T08:00:00Z,155.804993,156.291000,155.738998,155.975998
2026-05-06T09:00:00Z,155.972000,156.108994,155.908005,155.917999
2026-05-06T10:00:00Z,155.925995,156.123001,155.606003,155.750000
2026-05-06T11:00:00Z,155.750000,156.106995,155.695007,156.078995
2026-05-06T12:00:00Z,156.078995,156.306000,156.078995,156.274994
2026-05-06T13:00:00Z,156.283005,156.317001,156.048996,156.110001
2026-05-06T14:00:00Z,156.117004,156.296997,156.037994,156.276993
2026-05-06T15:00:00Z,156.279999,156.457001,156.263000,156.438004
2026-05-06T16:00:00Z,156.431000,156.488007,156.356995,156.423996
2026-05-06T17:00:00Z,156.419998,156.514999,156.343002,156.488998
2026-05-06T18:00:00Z,156.479996,156.488007,156.348999,156.399002
2026-05-06T19:00:00Z,156.399002,156.440002,156.343994,156.410004
2026-05-06T20:00:00Z,156.414993,156.455002,156.289001,156.378006
2026-05-06T21:00:00Z,156.345001,156.369995,156.201996,156.229004
2026-05-06T22:00:00Z,156.216003,156.378998,156.210007,156.343002
2026-05-06T23:00:00Z,156.326004,156.524994,156.264999,156.511002
2026-05-07T00:00:00Z,156.511993,156.526993,156.210007,156.320999
2026-05-07T01:00:00Z,156.317001,156.352997,156.011002,156.209000
2026-05-07T02:00:00Z,156.218002,156.350998,156.143005,156.330994
2026-05-07T03:00:00Z,156.324997,156.438004,156.300003,156.410004
2026-05-07T04:00:00Z,156.408997,156.421997,156.300003,156.358002
2026-05-07T05:00:00Z,156.352005,156.397995,156.298004,156.373993
2026-05-07T06:00:00Z,156.369003,156.410995,156.098007,156.289001
2026-05-07T07:00:00Z,156.278000,156.294006,156.014008,156.261002
2026-05-07T08:00:00Z,156.261993,156.339996,156.175003,156.320007
2026-05-07T09:00:00Z,156.317001,156.417007,156.294998,156.371002
2026-05-07T10:00:00Z,156.373993,156.401993,156.283997,156.397003
2026-05-07T11:00:00Z,156.397003,156.473007,156.341003,156.395996
2026-05-07T12:00:00Z,156.404999,156.421005,156.233994,156.285004
2026-05-07T13:00:00Z,156.276001,156.408005,156.246994,156.339005
2026-05-07T14:00:00Z,156.339005,156.404007,156.162994,156.253006
2026-05-07T15:00:00Z,156.253006,156.513000,156.240005,156.483994
2026-05-07T16:00:00Z,156.477997,156.645996,156.462997,156.623993
2026-05-07T17:00:00Z,156.623993,156.863007,156.613007,156.660995
2026-05-07T18:00:00Z,156.660995,156.865005,156.600998,156.740997
2026-05-07T19:00:00Z,156.735001,156.876999,156.677002,156.869995
2026-05-07T20:00:00Z,156.862000,156.955994,156.735992,156.869995
2026-05-07T21:00:00Z,156.882996,156.906998,156.707993,156.820999
2026-05-07T22:00:00Z,156.807999,156.953003,156.807999,156.871994
2026-05-07T23:00:00Z,156.871002,156.916000,156.815002,156.837997
2026-05-08T00:00:00Z,156.845993,156.992004,156.804001,156.964005
2026-05-08T01:00:00Z,156.964005,156.973999,156.843994,156.897995
2026-05-08T02:00:00Z,156.895004,156.957001,156.865997,156.891006
2026-05-08T03:00:00Z,156.882004,156.897995,156.761993,156.830994
2026-05-08T04:00:00Z,156.832001,156.899994,156.819000,156.847000
2026-05-08T05:00:00Z,156.841995,156.884003,156.804993,156.826004
2026-05-08T06:00:00Z,156.830002,156.847000,156.707001,156.824005
2026-05-08T07:00:00Z,156.824005,156.852005,156.729004,156.832993
2026-05-08T08:00:00Z,156.826996,156.858002,156.628006,156.699005
2026-05-08T09:00:00Z,156.703995,156.710007,156.621994,156.673996
2026-05-08T10:00:00Z,156.673004,156.787003,156.645996,156.774994
2026-05-08T11:00:00Z,156.774994,156.785995,156.718994,156.750000
2026-05-08T12:00:00Z,156.746994,156.826996,156.514008,156.641998
2026-05-08T13:00:00Z,156.632996,156.701996,156.425003,156.496994
2026-05-08T14:00:00Z,156.496002,156.664993,156.477997,156.623001
2026-05-08T15:00:00Z,156.623993,156.673004,156.546005,156.639008
2026-05-08T16:00:00Z,156.638000,156.705002,156.589996,156.697998
2026-05-08T17:00:00Z,156.692993,156.716003,156.604996,156.682999
2026-05-08T18:00:00Z,156.682999,156.746994,156.584000,156.694000
2026-05-08T19:00:00Z,156.688004,156.772995,156.662994,156.722000
2026-05-08T20:00:00Z,156.723999,156.757996,156.621002,156.621002
2026-05-10T23:00:00Z,156.889999,156.897003,156.824005,156.858002
2026-05-11T00:00:00Z,156.863007,157.063004,156.824997,156.936005
2026-05-11T01:00:00Z,156.929993,157.097000,156.916000,157.095001
2026-05-11T02:00:00Z,157.089005,157.151001,157.044998,157.136002
2026-05-11T03:00:00Z,157.136993,157.175003,157.085999,157.156998
2026-05-11T04:00:00Z,157.156998,157.160995,157.082001,157.125000
2026-05-11T05:00:00Z,157.123993,157.147995,157.061996,157.136002
2026-05-11T06:00:00Z,157.126999,157.147995,156.983002,156.996994
2026-05-11T07:00:00Z,156.990997,157.136002,156.983002,157.121002
2026-05-11T08:00:00Z,157.115997,157.145996,156.940002,157.078995
2026-05-11T09:00:00Z,157.084000,157.147003,157.061996,157.139999
2026-05-11T10:00:00Z,157.136002,157.160995,157.076004,157.136993
2026-05-11T11:00:00Z,157.134003,157.147995,157.061996,157.119995
2026-05-11T12:00:00Z,157.113998,157.139008,157.050995,157.113998
2026-05-11T13:00:00Z,157.108994,157.126007,156.985001,157.035004
2026-05-11T14:00:00Z,157.022003,157.095001,156.972000,156.988007
2026-05-11T15:00:00Z,156.992004,157.072006,156.975998,157.046997
2026-05-11T16:00:00Z,157.042999,157.164993,157.026001,157.151993
2026-05-11T17:00:00Z,157.151993,157.212006,157.098007,157.113007
2026-05-11T18:00:00Z,157.104004,157.209000,157.087997,157.205002
2026-05-11T19:00:00Z,157.199997,157.266006,157.194000,157.237000
2026-05-11T20:00:00Z,157.242004,157.274002,157.134003,157.182999
2026-05-11T21:00:00Z,157.177002,157.177002,157.070007,157.091003
2026-05-11T22:00:00Z,157.123993,157.201004,157.091003,157.177994
2026-05-11T23:00:00Z,157.177994,157.246994,157.169998,157.240005
2026-05-12T00:00:00Z,157.231003,157.432999,157.229004,157.419998
2026-05-12T01:00:00Z,157.414993,157.585999,157.365005,157.533997
2026-05-12T02:00:00Z,157.528000,157.651993,157.520996,157.582993
2026-05-12T03:00:00Z,157.582001,157.639999,157.539993,157.612000
2026-05-12T04:00:00Z,157.604996,157.639999,157.542007,157.580002
2026-05-12T05:00:00Z,157.585007,157.748993,156.707001,157.304993
2026-05-12T06:00:00Z,157.306000,157.526001,157.037994,157.505997
2026-05-12T07:00:00Z,157.507996,157.567993,157.384995,157.500000
2026-05-12T08:00:00Z,157.505997,157.656998,157.481995,157.617004
2026-05-12T09:00:00Z,157.612000,157.664993,157.533005,157.557999
2026-05-12T10:00:00Z,157.552994,157.615005,157.485001,157.548996
2026-05-12T11:00:00Z,157.548996,157.606003,157.492996,157.567001
2026-05-12T12:00:00Z,157.572006,157.643997,157.509995,157.548004
2026-05-12T13:00:00Z,157.550995,157.669006,157.475998,157.647995
2026-05-12T14:00:00Z,157.643005,157.701004,157.567993,157.617004
2026-05-12T15:00:00Z,157.623993,157.751999,157.604996,157.705994
2026-05-12T16:00:00Z,157.705002,157.764008,157.667999,157.748993
2026-05-12T17:00:00Z,157.744995,157.755005,157.667999,157.686996
2026-05-12T18:00:00Z,157.686996,157.723007,157.576004,157.587997
2026-05-12T19:00:00Z,157.585007,157.638000,157.513000,157.628006
2026-05-12T20:00:00Z,157.636993,157.660004,157.557007,157.598007
2026-05-12T21:00:00Z,157.598999,157.626999,157.522003,157.544006
2026-05-12T22:00:00Z,157.544998,157.619995,157.542007,157.602005
2026-05-12T23:00:00Z,157.587006,157.679001,157.554001,157.662003
2026-05-13T00:00:00Z,157.664001,157.770004,157.625000,157.705994
2026-05-13T01:00:00Z,157.707001,157.781998,157.556000,157.645996
2026-05-13T02:00:00Z,157.645996,157.729004,157.591995,157.653000
2026-05-13T03:00:00Z,157.649994,157.684998,157.617996,157.681000
2026-05-13T04:00:00Z,157.675003,157.751999,157.662003,157.714005
2026-05-13T05:00:00Z,157.712006,157.735992,157.677994,157.679993
2026-05-13T06:00:00Z,157.688004,157.787994,157.679001,157.766998
2026-05-13T07:00:00Z,157.763000,157.843994,157.669006,157.826004
2026-05-13T08:00:00Z,157.826004,157.843002,157.740005,157.804993
2026-05-13T09:00:00Z,157.800995,157.895996,157.778000,157.826996
2026-05-13T10:00:00Z,157.826996,157.854996,157.776001,157.813995
2026-05-13T11:00:00Z,157.806000,157.837006,157.737000,157.759995
2026-05-13T12:00:00Z,157.766998,157.897995,157.744995,157.839996
2026-05-13T13:00:00Z,157.847000,157.865005,157.751007,157.772003
2026-05-13T14:00:00Z,157.768005,157.895996,157.751007,157.862000
2026-05-13T15:00:00Z,157.863007,157.876007,157.768005,157.832001
2026-05-13T16:00:00Z,157.832993,157.862000,157.735992,157.848999
2026-05-13T17:00:00Z,157.848999,157.925003,157.824997,157.916000
2026-05-13T18:00:00Z,157.916000,157.923996,157.845993,157.891998
2026-05-13T19:00:00Z,157.888000,157.901001,157.826996,157.865005
2026-05-13T20:00:00Z,157.865005,157.904007,157.841003,157.843994
2026-05-13T21:00:00Z,157.845993,157.867996,157.654007,157.822006
2026-05-13T22:00:00Z,157.802002,157.841995,157.744003,157.776001
2026-05-13T23:00:00Z,157.796997,157.860992,157.746994,157.826004
2026-05-14T00:00:00Z,157.845993,157.873001,157.774994,157.848007
2026-05-14T01:00:00Z,157.848007,157.919998,157.815994,157.904999
2026-05-14T02:00:00Z,157.908005,157.949997,157.854004,157.919998
2026-05-14T03:00:00Z,157.916000,157.992004,157.888000,157.962997
2026-05-14T04:00:00Z,157.938995,157.973999,157.473999,157.835007
2026-05-14T05:00:00Z,157.860992,157.947006,157.832001,157.878006
2026-05-14T06:00:00Z,157.901993,157.917007,157.776001,157.839005
2026-05-14T07:00:00Z,157.841003,157.934006,157.787003,157.906998
2026-05-14T08:00:00Z,157.906998,157.947006,157.820999,157.897995
2026-05-14T09:00:00Z,157.893997,157.931000,157.852997,157.880997
2026-05-14T10:00:00Z,157.880005,157.940002,157.843002,157.925995
2026-05-14T11:00:00Z,157.925995,157.975006,157.878998,157.966995
2026-05-14T12:00:00Z,157.940994,157.992996,157.871994,157.962997
2026-05-14T13:00:00Z,157.942001,158.167007,157.266006,157.873001
2026-05-14T14:00:00Z,157.908005,158.156006,157.811996,158.145996
2026-05-14T15:00:00Z,158.156006,158.192001,158.046005,158.087006
2026-05-14T16:00:00Z,158.080002,158.201004,158.048996,158.162994
2026-05-14T17:00:00Z,158.162994,158.199005,158.102997,158.188004
2026-05-14T18:00:00Z,158.188004,158.203003,158.136993,158.182007
2026-05-14T19:00:00Z,158.182007,158.382004,158.136993,158.345001
2026-05-14T20:00:00Z,158.352997,158.419006,158.313004,158.341995
2026-05-14T21:00:00Z,158.335007,158.363998,158.250000,158.332993
2026-05-14T22:00:00Z,158.315994,158.393997,158.294998,158.363998
2026-05-14T23:00:00Z,158.362000,158.440002,158.313004,158.378998
2026-05-15T00:00:00Z,158.371994,158.514008,158.315002,158.468994
2026-05-15T01:00:00Z,158.470001,158.563004,158.417007,158.528000
2026-05-15T02:00:00Z,158.522003,158.587997,158.432999,158.524994
2026-05-15T03:00:00Z,158.518997,158.533005,158.468002,158.479004
2026-05-15T04:00:00Z,158.483002,158.524002,158.468994,158.511002
2026-05-15T05:00:00Z,158.509995,158.645996,158.509995,158.608002
2026-05-15T06:00:00Z,158.606003,158.673996,158.421005,158.425995
2026-05-15T07:00:00Z,158.432007,158.483002,158.343994,158.440002
2026-05-15T08:00:00Z,158.445007,158.576004,158.393997,158.559006
2026-05-15T09:00:00Z,158.567001,158.602997,158.451004,158.509003
2026-05-15T10:00:00Z,158.507004,158.535004,158.283997,158.367004
2026-05-15T11:00:00Z,158.356003,158.585999,158.350006,158.561005
2026-05-15T12:00:00Z,158.561996,158.585999,158.503998,158.574005
2026-05-15T13:00:00Z,158.567993,158.740997,158.518005,158.686005
2026-05-15T14:00:00Z,158.682007,158.744003,158.582993,158.591003
2026-05-15T15:00:00Z,158.589996,158.744995,158.544998,158.690994
2026-05-15T16:00:00Z,158.697998,158.733994,158.660004,158.697998
2026-05-15T17:00:00Z,158.699005,158.727997,158.636993,158.725006
2026-05-15T18:00:00Z,158.727997,158.751007,158.694000,158.703995
2026-05-15T19:00:00Z,158.697998,158.785995,158.688004,158.766998
2026-05-15T20:00:00Z,158.766006,158.845001,158.705002,158.731003
2026-05-17T23:00:00Z,158.772995,158.882004,158.753998,158.847000
2026-05-18T00:00:00Z,158.843994,158.953995,158.796005,158.932999
2026-05-18T01:00:00Z,158.927994,158.953995,158.856003,158.932999
2026-05-18T02:00:00Z,158.925003,158.947998,158.882004,158.908005
2026-05-18T03:00:00Z,158.906998,159.057999,158.897995,159.031006
2026-05-18T04:00:00Z,159.029999,159.072998,158.796997,158.981995
2026-05-18T05:00:00Z,158.983002,159.000000,158.895004,158.942993
2026-05-18T06:00:00Z,158.938995,158.953003,158.826004,158.884995
2026-05-18T07:00:00Z,158.884003,158.983994,158.798996,158.919998
2026-05-18T08:00:00Z,158.912003,158.932999,158.783997,158.826004
2026-05-18T09:00:00Z,158.819000,158.934006,158.817001,158.932007
2026-05-18T10:00:00Z,158.927994,158.953003,158.889999,158.923004
2026-05-18T11:00:00Z,158.921997,158.957993,158.671005,158.830002
2026-05-18T12:00:00Z,158.826996,158.843994,158.604004,158.684006
2026-05-18T13:00:00Z,158.682999,158.781998,158.636002,158.740005
2026-05-18T14:00:00Z,158.738007,158.916000,158.725006,158.841995
2026-05-18T15:00:00Z,158.835007,158.938995,158.792007,158.832001
2026-05-18T16:00:00Z,158.830994,158.945007,158.764999,158.934006
2026-05-18T17:00:00Z,158.934006,158.951004,158.882004,158.910995
2026-05-18T18:00:00Z,158.912003,159.078003,158.908005,159.069000
2026-05-18T19:00:00Z,159.074997,159.082993,158.796997,158.888000
2026-05-18T20:00:00Z,158.880997,158.886993,158.729996,158.779999
2026-05-18T21:00:00Z,158.783997,158.820007,158.714996,158.751007
2026-05-18T22:00:00Z,158.731003,158.832001,158.707001,158.815994
2026-05-18T23:00:00Z,158.815994,158.873001,158.794998,158.860992
2026-05-19T00:00:00Z,158.860992,159.020004,158.852005,159.011993
2026-05-19T01:00:00Z,159.013000,159.028000,158.884995,158.975006
2026-05-19T02:00:00Z,158.975006,159.005997,158.944000,158.960007
2026-05-19T03:00:00Z,158.957993,158.990997,158.919998,158.957993
2026-05-19T04:00:00Z,158.951996,159.005997,158.912994,158.983994
2026-05-19T05:00:00Z,158.983994,159.033005,158.944000,158.996994
2026-05-19T06:00:00Z,158.996994,159.112000,158.996994,159.070007
2026-05-19T07:00:00Z,159.061996,159.143005,158.996002,159.044006
2026-05-19T08:00:00Z,159.039001,159.145004,158.994995,159.134003
2026-05-19T09:00:00Z,159.136002,159.171997,159.061005,159.097000
2026-05-19T10:00:00Z,159.093994,159.177994,159.048004,159.093994
2026-05-19T11:00:00Z,159.091995,159.143005,159.067993,159.132996
2026-05-19T12:00:00Z,159.126007,159.141006,158.639999,159.065002
2026-05-19T13:00:00Z,159.065002,159.194000,158.916000,159.044998
2026-05-19T14:00:00Z,159.048004,159.251007,158.979004,159.063004
2026-05-19T15:00:00Z,159.061996,159.173996,158.957993,159.119003
2026-05-19T16:00:00Z,159.117996,159.177002,158.770996,158.820999
2026-05-19T17:00:00Z,158.809998,158.889008,158.776993,158.856003
2026-05-19T18:00:00Z,158.856003,159.091003,158.850998,159.044006
2026-05-19T19:00:00Z,159.039001,159.078003,158.987000,159.050003
2026-05-19T20:00:00Z,159.050003,159.104996,159.037003,159.046005
2026-05-19T21:00:00Z,159.057999,159.108002,158.973999,159.033005
2026-05-19T22:00:00Z,159.033005,159.117004,159.022995,159.067001
2026-05-19T23:00:00Z,159.056000,159.072006,158.979996,159.042999
2026-05-20T00:00:00Z,159.035004,159.102997,158.947998,158.990997
2026-05-20T01:00:00Z,158.992004,159.091995,158.968002,159.031998
2026-05-20T02:00:00Z,159.029999,159.044998,158.830994,158.917999
2026-05-20T03:00:00Z,158.923996,158.953003,158.848999,158.865005
2026-05-20T04:00:00Z,158.863998,159.001999,158.809998,158.979996
2026-05-20T05:00:00Z,158.973999,158.992996,158.910004,158.973007
2026-05-20T06:00:00Z,158.966995,159.001999,158.865997,158.968994
2026-05-20T07:00:00Z,158.973007,159.061996,158.923004,159.061005
2026-05-20T08:00:00Z,159.054993,159.102997,159.009995,159.044006
2026-05-20T09:00:00Z,159.035995,159.080002,158.985992,159.067993
2026-05-20T10:00:00Z,159.057999,159.070999,158.949997,158.990005
2026-05-20T11:00:00Z,158.994995,159.052994,158.957993,159.028000
2026-05-20T12:00:00Z,159.029007,159.041000,158.975998,159.011993
2026-05-20T13:00:00Z,159.013000,159.113007,159.000000,159.098999
2026-05-20T14:00:00Z,159.098999,159.169006,158.785995,158.871002
2026-05-20T15:00:00Z,158.871002,158.923004,158.578995,158.843002
2026-05-20T16:00:00Z,158.841003,158.914993,158.746994,158.832993
2026-05-20T17:00:00Z,158.828995,158.934998,158.802994,158.882996
2026-05-20T18:00:00Z,158.917999,158.964996,158.789001,158.841995
2026-05-20T19:00:00Z,158.834000,158.897003,158.772995,158.858002
2026-05-20T20:00:00Z,158.852997,158.934006,158.837997,158.899994
2026-05-20T21:00:00Z,158.876999,158.899994,158.785004,158.889999
2026-05-20T22:00:00Z,158.835999,158.921997,158.800003,158.826004
2026-05-20T23:00:00Z,158.837006,158.923996,158.811996,158.889008
2026-05-21T00:00:00Z,158.880005,158.927994,158.837006,158.856995
2026-05-21T01:00:00Z,158.865997,158.899994,158.804001,158.886002
2026-05-21T02:00:00Z,158.886002,158.979996,158.843002,158.973999
2026-05-21T03:00:00Z,158.975998,158.985992,158.914001,158.960999
2026-05-21T04:00:00Z,158.962006,159.003006,158.940994,158.998993
2026-05-21T05:00:00Z,158.992996,159.050003,158.970001,159.009003
2026-05-21T06:00:00Z,159.009995,159.074005,158.983994,159.057007
2026-05-21T07:00:00Z,159.057999,159.085007,158.992004,159.026993
2026-05-21T08:00:00Z,159.026001,159.031006,158.895004,158.973999
2026-05-21T09:00:00Z,158.979996,158.990997,158.901001,158.973999
2026-05-21T10:00:00Z,158.968994,159.136993,158.953003,159.125000
2026-05-21T11:00:00Z,159.119003,159.167007,159.035995,159.160004
2026-05-21T12:00:00Z,159.158997,159.184998,159.082001,159.156006
2026-05-21T13:00:00Z,159.156006,159.350006,159.113998,159.199997
2026-05-21T14:00:00Z,159.199005,159.279007,159.115005,159.160004
2026-05-21T15:00:00Z,159.160004,159.255997,159.139999,159.169006
2026-05-21T16:00:00Z,159.160995,159.197998,159.110992,159.143005
2026-05-21T17:00:00Z,159.136993,159.173996,158.811996,158.876007
2026-05-21T18:00:00Z,158.876007,159.102997,158.828003,159.072998
2026-05-21T19:00:00Z,159.080002,159.095001,158.865997,158.910004
2026-05-21T20:00:00Z,158.910004,159.009003,158.878006,158.953995
2026-05-21T21:00:00Z,158.932999,158.983994,158.852997,158.927994
2026-05-21T22:00:00Z,158.929993,159.022003,158.929993,158.985992
2026-05-21T23:00:00Z,158.992004,159.044006,158.977005,159.022003
2026-05-22T00:00:00Z,159.018005,159.130005,159.016006,159.085999
2026-05-22T01:00:00Z,159.085999,159.126999,159.048996,159.091995
2026-05-22T02:00:00Z,159.091995,159.104996,158.996002,159.029007
2026-05-22T03:00:00Z,159.029007,159.054993,159.001007,159.033005
2026-05-22T04:00:00Z,159.033005,159.074005,159.003998,159.063004
2026-05-22T05:00:00Z,159.063995,159.141006,159.050003,159.123993
2026-05-22T06:00:00Z,159.126007,159.143005,159.057007,159.098999
2026-05-22T07:00:00Z,159.098999,159.145996,159.098007,159.128998
2026-05-22T08:00:00Z,159.126007,159.136993,159.048004,159.084000
2026-05-22T09:00:00Z,159.085007,159.145996,159.074005,159.098007
2026-05-22T10:00:00Z,159.098007,159.134995,159.069000,159.117996
2026-05-22T11:00:00Z,159.119995,159.145004,159.104996,159.134003
2026-05-22T12:00:00Z,159.132004,159.149994,159.052994,159.076004
2026-05-22T13:00:00Z,159.076996,159.139999,158.983002,159.087006
2026-05-22T14:00:00Z,159.100998,159.177994,159.016998,159.100998
2026-05-22T15:00:00Z,159.097000,159.235001,159.078003,159.192993
2026-05-22T16:00:00Z,159.192993,159.233002,159.147995,159.175003
2026-05-22T17:00:00Z,159.167999,159.182007,159.052002,159.125000
2026-05-22T18:00:00Z,159.123001,159.171005,159.091995,159.134003
2026-05-22T19:00:00Z,159.130005,159.171997,159.093994,159.158005
2026-05-22T20:00:00Z,159.158997,159.214005,159.130997,159.154999
2026-05-24T23:00:00Z,158.869995,158.964996,158.830002,158.953995
2026-05-25T00:00:00Z,158.945999,158.964005,158.820007,158.901993
2026-05-25T01:00:00Z,158.891006,158.901993,158.750000,158.876999
2026-05-25T02:00:00Z,158.869003,158.880005,158.826996,158.841003
2026-05-25T03:00:00Z,158.841003,158.891998,158.826004,158.878006
2026-05-25T04:00:00Z,158.878006,158.914001,158.837997,158.852997
2026-05-25T05:00:00Z,158.852997,158.938995,158.832993,158.925995
2026-05-25T06:00:00Z,158.923996,158.940002,158.878998,158.897995
2026-05-25T07:00:00Z,158.906006,159.042007,158.893005,158.968994
2026-05-25T08:00:00Z,158.966995,158.992996,158.893997,158.908005
2026-05-25T09:00:00Z,158.917999,158.942993,158.886993,158.919006
2026-05-25T10:00:00Z,158.919006,158.951996,158.908997,158.940002
2026-05-25T11:00:00Z,158.940994,158.962006,158.880005,158.931000
2026-05-25T12:00:00Z,158.929001,158.942993,158.871002,158.897003
2026-05-25T13:00:00Z,158.895004,158.925995,158.873993,158.912994
2026-05-25T14:00:00Z,158.910995,158.925003,158.876999,158.917007
2026-05-25T15:00:00Z,158.912003,158.951004,158.876007,158.897995
2026-05-25T16:00:00Z,158.893997,158.923996,158.884003,158.888000
2026-05-25T17:00:00Z,158.889008,158.906998,158.878998,158.893997
2026-05-25T18:00:00Z,158.889008,158.906006,158.878006,158.897995
2026-05-25T19:00:00Z,158.895996,158.919998,158.884003,158.906006
2026-05-25T20:00:00Z,158.906998,158.940994,158.869995,158.886993
2026-05-25T21:00:00Z,158.865997,158.895996,158.819000,158.873993
2026-05-25T22:00:00Z,158.863007,158.966003,158.848007,158.914001
2026-05-25T23:00:00Z,158.914993,158.968002,158.901001,158.949005
2026-05-26T00:00:00Z,158.949005,158.992996,158.925995,158.964996
2026-05-26T01:00:00Z,158.960999,159.003998,158.938004,158.966995
2026-05-26T02:00:00Z,158.960999,158.987000,158.925995,158.938995
2026-05-26T03:00:00Z,158.938995,158.945999,158.903000,158.932999
2026-05-26T04:00:00Z,158.932999,159.022003,158.925003,158.990997
2026-05-26T05:00:00Z,158.996002,159.035004,158.964005,159.018997
2026-05-26T06:00:00Z,159.028000,159.121002,159.013000,159.098007
2026-05-26T07:00:00Z,159.098999,159.203003,159.087997,159.195999
2026-05-26T08:00:00Z,159.192001,159.240005,159.188004,159.205994
2026-05-26T09:00:00Z,159.212997,159.225006,159.151001,159.156006
2026-05-26T10:00:00Z,159.153000,159.181000,159.102005,159.139999
2026-05-26T11:00:00Z,159.139999,159.214996,159.126007,159.186005
2026-05-26T12:00:00Z,159.186005,159.231003,159.179993,159.229004
2026-05-26T13:00:00Z,159.223999,159.302994,159.220001,159.274002
2026-05-26T14:00:00Z,159.276001,159.326996,159.218994,159.319000
2026-05-26T15:00:00Z,159.317001,159.382004,159.294006,159.356995
2026-05-26T16:00:00Z,159.358002,159.363007,159.276001,159.304001
2026-05-26T17:00:00Z,159.298996,159.380005,159.276993,159.358002
2026-05-26T18:00:00Z,159.358994,159.373993,159.296005,159.328003
2026-05-26T19:00:00Z,159.332993,159.347000,159.294998,159.315994
2026-05-26T20:00:00Z,159.313004,159.334000,159.270996,159.285004
2026-05-26T21:00:00Z,159.270996,159.309998,159.238007,159.242996
2026-05-26T22:00:00Z,159.242996,159.302002,159.207001,159.266998
2026-05-26T23:00:00Z,159.248993,159.276001,159.190994,159.251999
2026-05-27T00:00:00Z,159.242996,159.313004,159.167007,159.276001
2026-05-27T01:00:00Z,159.276001,159.304993,159.209000,159.292007
2026-05-27T02:00:00Z,159.292007,159.304001,159.216995,159.222000
2026-05-27T03:00:00Z,159.218002,159.233002,159.179993,159.199997
2026-05-27T04:00:00Z,159.197998,159.246002,159.192001,159.238998
2026-05-27T05:00:00Z,159.242004,159.350006,159.223999,159.348999
2026-05-27T06:00:00Z,159.343994,159.378998,159.289993,159.350006
2026-05-27T07:00:00Z,159.348999,159.365997,159.298004,159.350998
2026-05-27T08:00:00Z,159.350998,159.445007,159.309998,159.393997
2026-05-27T09:00:00Z,159.388000,159.399994,159.309998,159.358994
2026-05-27T10:00:00Z,159.350998,159.391998,159.339005,159.382996
2026-05-27T11:00:00Z,159.376007,159.449005,159.367996,159.429001
2026-05-27T12:00:00Z,159.427994,159.449005,159.240997,159.414993
2026-05-27T13:00:00Z,159.417007,159.436996,159.373993,159.384003
2026-05-27T14:00:00Z,159.373993,159.511002,159.360992,159.507004
2026-05-27T15:00:00Z,159.507996,159.537003,159.429993,159.466003
2026-05-27T16:00:00Z,159.468994,159.524994,159.460007,159.494003
2026-05-27T17:00:00Z,159.485992,159.580002,159.485001,159.518005
2026-05-27T18:00:00Z,159.518997,159.557007,159.488007,159.507004
2026-05-27T19:00:00Z,159.505997,159.552002,159.496002,159.541000
2026-05-27T20:00:00Z,159.539993,159.542999,159.488007,159.501007
2026-05-27T21:00:00Z,159.494003,159.513000,159.391006,159.438995
2026-05-27T22:00:00Z,159.462006,159.518005,159.432999,159.501999
2026-05-27T23:00:00Z,159.496994,159.578995,159.485001,159.559998
2026-05-28T00:00:00Z,159.567993,159.602997,159.537003,159.559006
2026-05-28T01:00:00Z,159.557999,159.593002,159.529999,159.589005
2026-05-28T02:00:00Z,159.582993,159.604004,159.516006,159.559006
2026-05-28T03:00:00Z,159.554001,159.653000,159.531006,159.619003
2026-05-28T04:00:00Z,159.610001,159.619995,159.514999,159.569000
2026-05-28T05:00:00Z,159.569000,159.582993,159.522995,159.546005
2026-05-28T06:00:00Z,159.557999,159.572006,159.460999,159.487000
2026-05-28T07:00:00Z,159.483994,159.524002,159.434998,159.473999
2026-05-28T08:00:00Z,159.473999,159.526993,159.444000,159.457001
2026-05-28T09:00:00Z,159.447006,159.470993,159.373001,159.410004
2026-05-28T10:00:00Z,159.408005,159.466995,159.371002,159.460007
2026-05-28T11:00:00Z,159.466003,159.468994,159.408005,159.462006
2026-05-28T12:00:00Z,159.457993,159.464005,159.294006,159.363998
2026-05-28T13:00:00Z,159.365997,159.457993,159.313004,159.442993
2026-05-28T14:00:00Z,159.449005,159.492996,159.158005,159.227005
2026-05-28T15:00:00Z,159.225998,159.296997,159.173996,159.285004
2026-05-28T16:00:00Z,159.292999,159.339005,159.104996,159.158997
2026-05-28T17:00:00Z,159.164993,159.238998,159.141998,159.194000
2026-05-28T18:00:00Z,159.194000,159.287003,159.169998,159.257004
2026-05-28T19:00:00Z,159.257004,159.289001,159.201996,159.242004
2026-05-28T20:00:00Z,159.246994,159.276001,159.214996,159.222000
2026-05-28T21:00:00Z,159.216995,159.233002,159.166000,159.225998
2026-05-28T22:00:00Z,159.212997,159.281006,159.167007,159.259995
2026-05-28T23:00:00Z,159.259995,159.287994,159.212997,159.266998
2026-05-29T00:00:00Z,159.261002,159.324997,159.238998,159.285004
2026-05-29T01:00:00Z,159.287994,159.330994,159.246002,159.315994
2026-05-29T02:00:00Z,159.317001,159.324005,159.263000,159.315002
2026-05-29T03:00:00Z,159.306000,159.369995,159.302994,159.360992
2026-05-29T04:00:00Z,159.350998,159.378006,159.294006,159.294998
2026-05-29T05:00:00Z,159.294998,159.332993,159.278000,159.313004
2026-05-29T06:00:00Z,159.304993,159.332993,159.188004,159.207001
2026-05-29T07:00:00Z,159.210999,159.319000,159.194000,159.253998
2026-05-29T08:00:00Z,159.259003,159.319000,159.205002,159.289993
2026-05-29T09:00:00Z,159.289993,159.300995,159.231003,159.292999
2026-05-29T10:00:00Z,159.292007,159.322006,159.255005,159.279999
2026-05-29T11:00:00Z,159.279007,159.302002,159.240005,159.250000
2026-05-29T12:00:00Z,159.251999,159.309006,159.238998,159.253998
2026-05-29T13:00:00Z,159.253006,159.309998,159.233994,159.302002
2026-05-29T14:00:00Z,159.302994,159.358002,159.156998,159.186996
2026-05-29T15:00:00Z,159.188995,159.246994,159.089996,159.227005
2026-05-29T16:00:00Z,159.227005,159.253006,159.175995,159.192993
2026-05-29T17:00:00Z,159.192993,159.287994,159.177002,159.285004
2026-05-29T18:00:00Z,159.276993,159.306000,159.214005,159.257996
2026-05-29T19:00:00Z,159.263000,159.274994,159.209000,159.248993
2026-05-29T20:00:00Z,159.259995,159.292007,159.210007,159.248993
2026-05-29T21:00:00Z,159.255005,159.255005,159.255005,159.255005
2026-05-31T23:00:00Z,159.388000,159.399994,159.292007,159.360992
2026-06-01T00:00:00Z,159.352997,159.470993,159.352997,159.453995
2026-06-01T01:00:00Z,159.449005,159.498993,159.442001,159.488007
2026-06-01T02:00:00Z,159.483994,159.498993,159.445007,159.464005
2026-06-01T03:00:00Z,159.457993,159.487000,159.429993,159.472000
2026-06-01T04:00:00Z,159.472000,159.483002,159.447006,159.453003
2026-06-01T05:00:00Z,159.453003,159.481995,159.429001,159.464005
2026-06-01T06:00:00Z,159.459000,159.501007,159.408005,159.425995
2026-06-01T07:00:00Z,159.419006,159.485992,159.403000,159.460007
2026-06-01T08:00:00Z,159.460999,159.475006,159.434006,159.445999
2026-06-01T09:00:00Z,159.447998,159.483002,159.436005,159.451004
2026-06-01T10:00:00Z,159.449997,159.479004,159.436005,159.447998
2026-06-01T11:00:00Z,159.447998,159.494995,159.436005,159.490997
2026-06-01T12:00:00Z,159.483002,159.494995,159.427002,159.479996
2026-06-01T13:00:00Z,159.481995,159.742004,159.479004,159.710007
2026-06-01T14:00:00Z,159.720993,159.764008,159.651993,159.716003
2026-06-01T15:00:00Z,159.723999,159.737000,159.572006,159.656998
2026-06-01T16:00:00Z,159.654007,159.712006,159.559006,159.595001
2026-06-01T17:00:00Z,159.602005,159.684006,159.563995,159.628006
2026-06-01T18:00:00Z,159.630005,159.764999,159.612000,159.764008
2026-06-01T19:00:00Z,159.759003,159.761002,159.643005,159.692993
2026-06-01T20:00:00Z,159.686996,159.705002,159.636002,159.641006
2026-06-01T21:00:00Z,159.643005,159.673996,159.531006,159.602005
2026-06-01T22:00:00Z,159.602005,159.671005,159.565002,159.654007
2026-06-01T23:00:00Z,159.660995,159.660995,159.610992,159.634995
2026-06-02T00:00:00Z,159.634995,159.727005,159.628998,159.660004
2026-06-02T01:00:00Z,159.656998,159.723999,159.630005,159.707001
2026-06-02T02:00:00Z,159.707993,159.723007,159.671005,159.707001
2026-06-02T03:00:00Z,159.714996,159.723999,159.679993,159.720001
2026-06-02T04:00:00Z,159.712997,159.729996,159.703995,159.720993
2026-06-02T05:00:00Z,159.720993,159.742996,159.705994,159.740997
2026-06-02T06:00:00Z,159.733994,159.748001,159.679993,159.697006
2026-06-02T07:00:00Z,159.697006,159.727997,159.684998,159.688995
2026-06-02T08:00:00Z,159.692993,159.746002,159.647003,159.742996
2026-06-02T09:00:00Z,159.744003,159.751007,159.688004,159.735001
2026-06-02T10:00:00Z,159.731995,159.753998,159.701004,159.727997
2026-06-02T11:00:00Z,159.727997,159.751999,159.707001,159.746994
2026-06-02T12:00:00Z,159.738007,159.785995,159.729004,159.778000
2026-06-02T13:00:00Z,159.776001,159.835007,159.759003,159.774002
2026-06-02T14:00:00Z,159.796997,159.876999,159.766998,159.858994
2026-06-02T15:00:00Z,159.860001,159.901993,159.852005,159.873993
2026-06-02T16:00:00Z,159.871994,159.949005,159.856003,159.901993
2026-06-02T17:00:00Z,159.903000,159.968994,159.884995,159.959000
2026-06-02T18:00:00Z,159.955002,159.990005,159.895996,159.899994
2026-06-02T19:00:00Z,159.899002,159.953995,159.884003,159.921997
2026-06-02T20:00:00Z,159.927002,159.949997,159.863007,159.863998
2026-06-02T21:00:00Z,159.865997,159.914993,159.815994,159.897003
2026-06-02T22:00:00Z,159.867004,159.977997,159.845001,159.944000
2026-06-02T23:00:00Z,159.951996,159.998001,159.936996,159.979996
2026-06-03T00:00:00Z,159.979004,159.987000,159.886993,159.934998
2026-06-03T01:00:00Z,159.934006,159.945007,159.807007,159.854004
2026-06-03T02:00:00Z,159.854004,159.880005,159.824005,159.865997
2026-06-03T03:00:00Z,159.865005,159.903000,159.862000,159.878998
2026-06-03T04:00:00Z,159.880005,159.897995,159.860992,159.882004
2026-06-03T05:00:00Z,159.882004,159.932999,159.860992,159.921005
2026-06-03T06:00:00Z,159.927002,159.987000,159.899994,159.972000
2026-06-03T07:00:00Z,159.972000,159.996994,159.537994,159.701004
2026-06-03T08:00:00Z,159.697998,159.817001,159.350998,159.748001
2026-06-03T09:00:00Z,159.748001,159.884003,159.746002,159.789001
2026-06-03T10:00:00Z,159.779999,159.854996,159.656998,159.785995
2026-06-03T11:00:00Z,159.791000,159.839996,159.774994,159.837997
2026-06-03T12:00:00Z,159.834000,159.931000,159.772995,159.910995
2026-06-03T13:00:00Z,159.910995,159.985001,159.886993,159.951996
2026-06-03T14:00:00Z,159.973999,160.001999,159.891006,159.940002
2026-06-03T15:00:00Z,159.940002,160.005005,159.932007,159.970993
2026-06-03T16:00:00Z,159.962997,160.048996,159.942993,159.983002
2026-06-03T17:00:00Z,159.977997,160.050995,159.945999,160.037994
2026-06-03T18:00:00Z,160.048996,160.059998,160.011002,160.033005
2026-06-03T19:00:00Z,160.031998,160.080002,159.994003,160.070999
2026-06-03T20:00:00Z,160.076004,160.093994,160.024002,160.024002
2026-06-03T21:00:00Z,160.035995,160.054993,159.934998,159.988998
2026-06-03T22:00:00Z,159.988998,160.082993,159.817001,159.945007
2026-06-03T23:00:00Z,159.912003,159.981003,159.882004,159.942993
2026-06-04T00:00:00Z,159.942001,159.968002,159.878006,159.903000
2026-06-04T01:00:00Z,159.901993,159.932007,159.865005,159.876999
2026-06-04T02:00:00Z,159.884003,159.912994,159.865005,159.897995
2026-06-04T03:00:00Z,159.891006,159.988998,159.889999,159.966995
2026-06-04T04:00:00Z,159.970001,159.992004,159.574005,159.865005
2026-06-04T05:00:00Z,159.865005,159.932999,159.847000,159.882996
2026-06-04T06:00:00Z,159.876999,159.921005,159.817993,159.901001
2026-06-04T07:00:00Z,159.897995,159.929001,159.858002,159.903000
2026-06-04T08:00:00Z,159.901993,159.919998,159.837997,159.869995
2026-06-04T09:00:00Z,159.869003,159.897003,159.835007,159.858002
2026-06-04T10:00:00Z,159.848999,159.897995,159.848999,159.869995
2026-06-04T11:00:00Z,159.873001,159.878006,159.742004,159.759995
2026-06-04T12:00:00Z,159.759003,159.878006,159.746002,159.856995
2026-06-04T13:00:00Z,159.856995,159.921997,159.835999,159.912003
2026-06-04T14:00:00Z,159.912003,160.003998,159.871002,159.987000
2026-06-04T15:00:00Z,159.979996,160.031006,159.949997,159.966995
2026-06-04T16:00:00Z,159.966003,159.994003,159.934006,159.968994
2026-06-04T17:00:00Z,159.966995,160.001007,159.962997,159.988007
2026-06-04T18:00:00Z,159.988007,160.035004,159.960999,160.022995
2026-06-04T19:00:00Z,160.024002,160.033997,160.000000,160.007996
2026-06-04T20:00:00Z,160.014999,160.046005,159.988007,160.013000
2026-06-04T21:00:00Z,159.998001,160.042007,159.916000,159.966995
2026-06-04T22:00:00Z,159.940002,160.024002,159.931000,159.998001
2026-06-04T23:00:00Z,159.990005,160.013000,159.964005,159.990005
2026-06-05T00:00:00Z,159.988007,160.007004,159.936996,159.960999
2026-06-05T01:00:00Z,159.953003,159.972000,159.893005,159.955994
2026-06-05T02:00:00Z,159.953003,159.977005,159.929993,159.975006
2026-06-05T03:00:00Z,159.970993,159.994003,159.932999,159.949997
2026-06-05T04:00:00Z,159.949997,159.970993,159.934998,159.951996
2026-06-05T05:00:00Z,159.953995,159.970993,159.908997,159.962997
2026-06-05T06:00:00Z,159.955994,159.973999,159.919998,159.934006
2026-06-05T07:00:00Z,159.932999,159.953003,159.903000,159.951996
2026-06-05T08:00:00Z,159.945007,159.953995,159.914993,159.942993
2026-06-05T09:00:00Z,159.942001,159.960007,159.889008,159.934998
2026-06-05T10:00:00Z,159.934998,159.951004,159.897995,159.904007
2026-06-05T11:00:00Z,159.903000,159.932999,159.820007,159.837997
2026-06-05T12:00:00Z,159.841003,160.223007,159.822998,160.207993
2026-06-05T13:00:00Z,160.216995,160.264999,159.705994,160.138000
2026-06-05T14:00:00Z,160.139008,160.281998,160.054001,160.266006
2026-06-05T15:00:00Z,160.264999,160.300995,160.207993,160.259003
2026-06-05T16:00:00Z,160.259003,160.343002,160.235001,160.274002
2026-06-05T17:00:00Z,160.274994,160.341995,160.264008,160.313995
2026-06-05T18:00:00Z,160.315002,160.341003,160.082993,160.158005
2026-06-05T19:00:00Z,160.158997,160.207001,160.110992,160.171005
2026-06-05T20:00:00Z,160.184006,160.334000,160.169006,160.292999
2026-06-07T23:00:00Z,160.328003,160.345001,160.231995,160.328003
2026-06-08T00:00:00Z,160.328003,160.347000,160.231003,160.322998
2026-06-08T01:00:00Z,160.320007,160.352005,160.257996,160.326996
2026-06-08T02:00:00Z,160.326004,160.378998,160.320007,160.369995
2026-06-08T03:00:00Z,160.369003,160.393997,160.332001,160.339005
2026-06-08T04:00:00Z,160.339996,160.354996,160.281006,160.343002
2026-06-08T05:00:00Z,160.337997,160.347000,160.199005,160.259003
2026-06-08T06:00:00Z,160.253998,160.341995,160.222000,160.257996
2026-06-08T07:00:00Z,160.264008,160.266006,160.143997,160.229996
2026-06-08T08:00:00Z,160.222000,160.242996,159.839996,160.026001
2026-06-08T09:00:00Z,160.011002,160.076004,159.975998,160.001999
2026-06-08T10:00:00Z,160.009995,160.082001,159.917999,159.996002
2026-06-08T11:00:00Z,159.996994,160.013000,159.875000,159.962997
2026-06-08T12:00:00Z,159.962997,159.983994,159.908005,159.953003
2026-06-08T13:00:00Z,159.960007,160.039001,159.929993,160.026993
2026-06-08T14:00:00Z,160.026993,160.203995,160.024002,160.074997
2026-06-08T15:00:00Z,160.070007,160.139999,160.031998,160.119003
2026-06-08T16:00:00Z,160.113998,160.171005,160.074005,160.156998
2026-06-08T17:00:00Z,160.158997,160.205002,160.112000,160.162003
2026-06-08T18:00:00Z,160.160004,160.270996,160.134003,160.251007
2026-06-08T19:00:00Z,160.251007,160.270004,160.197998,160.207001
2026-06-08T20:00:00Z,160.212997,160.225998,160.117996,160.139008
2026-06-08T21:00:00Z,160.117996,160.182007,160.078003,160.108002
2026-06-08T22:00:00Z,160.108002,160.188995,160.085007,160.162994
2026-06-08T23:00:00Z,160.160995,160.229004,160.145996,160.173996
2026-06-09T00:00:00Z,160.173996,160.285004,160.126007,160.231995
2026-06-09T01:00:00Z,160.231003,160.251999,160.167999,160.192993
2026-06-09T02:00:00Z,160.184006,160.225006,160.179001,160.223007
2026-06-09T03:00:00Z,160.218994,160.257996,160.197998,160.248993
2026-06-09T04:00:00Z,160.253006,160.257996,160.179993,160.184998
2026-06-09T05:00:00Z,160.188995,160.207993,160.104996,160.145004
2026-06-09T06:00:00Z,160.147995,160.181000,160.044998,160.167999
2026-06-09T07:00:00Z,160.160004,160.218994,160.147995,160.192001
2026-06-09T08:00:00Z,160.194000,160.223999,160.162994,160.173004
2026-06-09T09:00:00Z,160.171005,160.201996,160.138000,160.184006
2026-06-09T10:00:00Z,160.184998,160.214996,160.139999,160.162003
2026-06-09T11:00:00Z,160.162003,160.181000,160.139008,160.153000
2026-06-09T12:00:00Z,160.153000,160.199005,160.141006,160.188995
2026-06-09T13:00:00Z,160.182999,160.227005,160.143005,160.197006
2026-06-09T14:00:00Z,160.195007,160.261993,160.143997,160.246994
2026-06-09T15:00:00Z,160.248001,160.304993,160.210999,160.223007
2026-06-09T16:00:00Z,160.225006,160.449005,160.207001,160.397003
2026-06-09T17:00:00Z,160.401993,160.406006,160.278000,160.352005
2026-06-09T18:00:00Z,160.348007,160.376007,160.320007,160.352005
2026-06-09T19:00:00Z,160.352005,160.421997,160.350006,160.408997
2026-06-09T20:00:00Z,160.406998,160.423996,160.332993,160.348007
2026-06-09T21:00:00Z,160.328003,160.384003,160.294998,160.322006
2026-06-09T22:00:00Z,160.324005,160.406998,160.302002,160.399002
2026-06-09T23:00:00Z,160.399994,160.421005,160.369003,160.382004
2026-06-10T00:00:00Z,160.382004,160.438004,160.345001,160.378998
2026-06-10T01:00:00Z,160.378998,160.395996,160.225006,160.373993
2026-06-10T02:00:00Z,160.371994,160.384003,160.330994,160.358994
2026-06-10T03:00:00Z,160.360001,160.373001,160.332001,160.350998
2026-06-10T04:00:00Z,160.350006,160.371994,160.339005,160.371002
2026-06-10T05:00:00Z,160.371994,160.378006,160.320999,160.337997
2026-06-10T06:00:00Z,160.337997,160.389999,160.319000,160.378006
2026-06-10T07:00:00Z,160.378006,160.399002,160.339005,160.386993
2026-06-10T08:00:00Z,160.386002,160.432999,160.376999,160.419006
2026-06-10T09:00:00Z,160.423996,160.481003,160.397003,160.444000
2026-06-10T10:00:00Z,160.436996,160.477997,160.434998,160.460999
2026-06-10T11:00:00Z,160.460007,160.529999,160.451996,160.498993
2026-06-10T12:00:00Z,160.488998,160.516006,160.304001,160.431000
2026-06-10T13:00:00Z,160.434006,160.457993,160.335999,160.386002
2026-06-10T14:00:00Z,160.378998,160.494995,160.365005,160.488007
2026-06-10T15:00:00Z,160.477997,160.531006,160.436005,160.470001
2026-06-10T16:00:00Z,160.466003,160.511002,160.434006,160.481003
2026-06-10T17:00:00Z,160.481003,160.544006,160.449997,160.498993
2026-06-10T18:00:00Z,160.500000,160.505997,160.447006,160.490997
2026-06-10T19:00:00Z,160.490997,160.541000,160.488007,160.531998
2026-06-10T20:00:00Z,160.539001,160.576996,160.509003,160.528000
2026-06-10T21:00:00Z,160.509003,160.520996,160.445007,160.472000
2026-06-10T22:00:00Z,160.477997,160.565002,160.419006,160.539001
2026-06-10T23:00:00Z,160.548996,160.563004,160.505997,160.526993
2026-06-11T00:00:00Z,160.526993,160.550003,160.488007,160.518997
2026-06-11T01:00:00Z,160.507996,160.546997,160.419998,160.483002
2026-06-11T02:00:00Z,160.488998,160.537003,160.466003,160.507996
2026-06-11T03:00:00Z,160.507004,160.537003,160.501007,160.505005
2026-06-11T04:00:00Z,160.507004,160.533005,160.487000,160.505997
2026-06-11T05:00:00Z,160.501007,160.550003,160.487000,160.546005
2026-06-11T06:00:00Z,160.537994,160.589996,160.529007,160.552002
2026-06-11T07:00:00Z,160.552994,160.557999,160.487000,160.507004
2026-06-11T08:00:00Z,160.498001,160.542999,160.490997,160.533997
2026-06-11T09:00:00Z,160.524002,160.550003,160.507004,160.531998
2026-06-11T10:00:00Z,160.524002,160.554993,160.513000,160.522995
2026-06-11T11:00:00Z,160.518997,160.537994,160.498993,160.529007
2026-06-11T12:00:00Z,160.537003,160.602005,160.481003,160.524994
2026-06-11T13:00:00Z,160.522995,160.559006,160.451004,160.481995
2026-06-11T14:00:00Z,160.479996,160.552994,160.464996,160.503006
2026-06-11T15:00:00Z,160.503006,160.520996,160.462006,160.505005
2026-06-11T16:00:00Z,160.503998,160.557999,160.498993,160.522003
2026-06-11T17:00:00Z,160.524994,160.548004,160.020996,160.119995
2026-06-11T18:00:00Z,160.123993,160.285995,159.932007,160.074005
2026-06-11T19:00:00Z,160.080002,160.082001,159.516006,159.787994
2026-06-11T20:00:00Z,159.794006,159.975998,159.740005,159.923004
2026-06-11T21:00:00Z,159.884003,159.975998,159.865005,159.942993
2026-06-11T22:00:00Z,159.932007,160.089005,159.897003,160.009995
2026-06-11T23:00:00Z,160.007004,160.151001,159.962997,160.138000
2026-06-12T00:00:00Z,160.130005,160.220993,160.113007,160.162003
2026-06-12T01:00:00Z,160.162003,160.268997,160.145996,160.259995
2026-06-12T02:00:00Z,160.255005,160.307007,160.238998,160.291000
2026-06-12T03:00:00Z,160.283997,160.296997,160.203003,160.227005
2026-06-12T04:00:00Z,160.233994,160.270996,160.220001,160.250000
2026-06-12T05:00:00Z,160.251007,160.350998,160.231995,160.341003
2026-06-12T06:00:00Z,160.337997,160.360001,160.250000,160.315002
2026-06-12T07:00:00Z,160.311005,160.376999,160.264008,160.279999
2026-06-12T08:00:00Z,160.278000,160.294998,159.945999,160.087006
2026-06-12T09:00:00Z,160.085007,160.112000,159.947006,160.057999
2026-06-12T10:00:00Z,160.057007,160.194000,160.031006,160.087997
2026-06-12T11:00:00Z,160.089005,160.184998,160.084000,160.166000
2026-06-12T12:00:00Z,160.166000,160.307999,160.166000,160.248993
2026-06-12T13:00:00Z,160.250000,160.345993,160.186005,160.253006
2026-06-12T14:00:00Z,160.266998,160.292007,160.153000,160.235992
2026-06-12T15:00:00Z,160.242004,160.250000,160.160004,160.246994
2026-06-12T16:00:00Z,160.242004,160.281006,160.175003,160.225998
2026-06-12T17:00:00Z,160.227005,160.238007,160.177994,160.195007
2026-06-12T18:00:00Z,160.194000,160.242004,160.186005,160.235001
2026-06-12T19:00:00Z,160.229004,160.242996,160.192993,160.199005
2026-06-12T20:00:00Z,160.205994,160.235992,160.153000,160.207001
2026-06-12T21:00:00Z,160.184998,160.184998,160.184998,160.184998
2026-06-14T23:00:00Z,159.931000,159.979996,159.891998,159.953003
2026-06-15T00:00:00Z,159.955002,160.128998,159.876999,160.104996
2026-06-15T01:00:00Z,160.104996,160.218002,160.087997,160.207993
2026-06-15T02:00:00Z,160.207001,160.231003,160.115997,160.138000
2026-06-15T03:00:00Z,160.138000,160.145996,160.042999,160.059006
2026-06-15T04:00:00Z,160.052002,160.095993,160.007996,160.044998
2026-06-15T05:00:00Z,160.044998,160.057999,159.987000,160.046997
2026-06-15T06:00:00Z,160.046997,160.162994,160.037994,160.125000
2026-06-15T07:00:00Z,160.126007,160.139999,160.035995,160.104996
2026-06-15T08:00:00Z,160.106995,160.151993,160.069000,160.136993
2026-06-15T09:00:00Z,160.132004,160.147003,160.080994,160.117004
2026-06-15T10:00:00Z,160.115005,160.147995,160.082993,160.121994
2026-06-15T11:00:00Z,160.121002,160.207993,160.104996,160.182999
2026-06-15T12:00:00Z,160.179001,160.194000,160.112000,160.132996
2026-06-15T13:00:00Z,160.134995,160.154999,160.061005,160.067993
2026-06-15T14:00:00Z,160.067993,160.139008,160.022003,160.130005
2026-06-15T15:00:00Z,160.132004,160.205002,160.121994,160.195999
2026-06-15T16:00:00Z,160.195999,160.242996,160.139999,160.212006
2026-06-15T17:00:00Z,160.210999,160.281006,160.207993,160.266006
2026-06-15T18:00:00Z,160.266998,160.317993,160.248993,160.304993
2026-06-15T19:00:00Z,160.302002,160.391998,160.274994,160.389999
2026-06-15T20:00:00Z,160.380005,160.397003,160.304001,160.332001
2026-06-15T21:00:00Z,160.285995,160.358994,160.261993,160.298996
2026-06-15T22:00:00Z,160.332993,160.356995,160.270996,160.322998
2026-06-15T23:00:00Z,160.315994,160.326996,160.214996,160.240005
2026-06-16T00:00:00Z,160.240005,160.276001,160.151001,160.192993
2026-06-16T01:00:00Z,160.194000,160.216003,160.093002,160.154999
2026-06-16T02:00:00Z,160.153000,160.197998,160.089996,160.139008
2026-06-16T03:00:00Z,160.128006,160.251007,160.035004,160.203995
2026-06-16T04:00:00Z,160.201996,160.352005,160.184998,160.248993
2026-06-16T05:00:00Z,160.246994,160.304001,160.227997,160.289001
2026-06-16T06:00:00Z,160.296005,160.298004,160.141998,160.205994
2026-06-16T07:00:00Z,160.201996,160.347000,160.188995,160.237000
2026-06-16T08:00:00Z,160.229996,160.332993,160.218002,160.322006
2026-06-16T09:00:00Z,160.313995,160.360992,160.298996,160.337006
2026-06-16T10:00:00Z,160.337006,160.347000,160.272003,160.285004
2026-06-16T11:00:00Z,160.285995,160.362000,160.285004,160.354996
2026-06-16T12:00:00Z,160.352005,160.378998,160.311996,160.319000
2026-06-16T13:00:00Z,160.322998,160.410004,160.315994,160.391006
2026-06-16T14:00:00Z,160.397995,160.466995,160.367004,160.397003
2026-06-16T15:00:00Z,160.397003,160.462006,160.330002,160.389008
2026-06-16T16:00:00Z,160.380997,160.408997,160.326996,160.397995
2026-06-16T17:00:00Z,160.389008,160.445007,160.380005,160.434998
2026-06-16T18:00:00Z,160.434006,160.462997,160.414001,160.429001
2026-06-16T19:00:00Z,160.429993,160.479004,160.388000,160.468994
2026-06-16T20:00:00Z,160.462997,160.481995,160.378998,160.393005
2026-06-16T21:00:00Z,160.365997,160.442993,160.337997,160.376007
2026-06-16T22:00:00Z,160.376007,160.442001,160.356995,160.408005
2026-06-16T23:00:00Z,160.399994,160.444000,160.384995,160.419006
2026-06-17T00:00:00Z,160.427002,160.427994,160.339996,160.348007
2026-06-17T01:00:00Z,160.347000,160.373001,160.307007,160.343994
2026-06-17T02:00:00Z,160.343994,160.354004,160.302002,160.326004
2026-06-17T03:00:00Z,160.328995,160.354996,160.306000,160.311996
2026-06-17T04:00:00Z,160.311996,160.326004,160.246002,160.259003
2026-06-17T05:00:00Z,160.259003,160.330002,160.257004,160.320999
2026-06-17T06:00:00Z,160.320999,160.337006,160.244003,160.248001
2026-06-17T07:00:00Z,160.248001,160.306000,160.177002,160.184006
2026-06-17T08:00:00Z,160.184998,160.255005,160.112000,160.201004
2026-06-17T09:00:00Z,160.203003,160.225998,160.154999,160.177994
2026-06-17T10:00:00Z,160.184998,160.244995,160.175003,160.227997
2026-06-17T11:00:00Z,160.229004,160.335007,160.220993,160.311996
2026-06-17T12:00:00Z,160.302002,160.324997,160.227005,160.242004
2026-06-17T13:00:00Z,160.242996,160.300995,160.179993,160.190002
2026-06-17T14:00:00Z,160.190002,160.352005,160.188004,160.317001
2026-06-17T15:00:00Z,160.315002,160.337006,160.186005,160.216003
2026-06-17T16:00:00Z,160.216003,160.237000,160.188995,160.190002
2026-06-17T17:00:00Z,160.192001,160.237000,160.169998,160.169998
2026-06-17T18:00:00Z,160.182007,160.514999,160.182007,160.494995
2026-06-17T19:00:00Z,160.488007,160.796005,160.462997,160.731003
2026-06-17T20:00:00Z,160.729996,160.757996,160.600998,160.630005
2026-06-17T21:00:00Z,160.630005,160.634003,160.490005,160.552994
2026-06-17T22:00:00Z,160.544006,160.654999,160.511002,160.600006
2026-06-17T23:00:00Z,160.598999,160.623993,160.529999,160.602005
2026-06-18T00:00:00Z,160.600006,160.751007,160.526001,160.692993
2026-06-18T01:00:00Z,160.692993,160.699005,160.617996,160.632004
2026-06-18T02:00:00Z,160.632004,160.664993,160.554001,160.582001
2026-06-18T03:00:00Z,160.580994,160.615997,160.557999,160.576004
2026-06-18T04:00:00Z,160.576004,160.623001,160.569000,160.595001
2026-06-18T05:00:00Z,160.589005,160.651993,160.576004,160.645004
2026-06-18T06:00:00Z,160.638000,160.682999,160.585999,160.626007
2026-06-18T07:00:00Z,160.630997,160.682999,160.567001,160.589005
2026-06-18T08:00:00Z,160.589005,160.779007,160.582993,160.770004
2026-06-18T09:00:00Z,160.768997,160.806000,160.464996,160.792007
2026-06-18T10:00:00Z,160.783997,160.951004,160.746002,160.916000
2026-06-18T11:00:00Z,160.914993,160.951996,160.858994,160.929993
2026-06-18T12:00:00Z,160.923004,160.945007,160.824005,160.867004
2026-06-18T13:00:00Z,160.869003,160.929001,160.792999,160.880997
2026-06-18T14:00:00Z,160.880997,160.914993,160.834000,160.852997
2026-06-18T15:00:00Z,160.858002,161.373993,160.843002,161.367996
2026-06-18T16:00:00Z,161.365997,161.453995,161.186996,161.425003
2026-06-18T17:00:00Z,161.419998,161.457993,161.330994,161.445999
2026-06-18T18:00:00Z,161.438004,161.688004,161.395996,161.671997
2026-06-18T19:00:00Z,161.675003,161.809006,160.882996,161.432999
2026-06-18T20:00:00Z,161.432007,161.460999,161.322006,161.360992
2026-06-18T21:00:00Z,161.334000,161.404999,161.272995,161.317993
2026-06-18T22:00:00Z,161.317993,161.429001,161.164001,161.253006
2026-06-18T23:00:00Z,161.264999,161.360001,161.238007,161.289993
2026-06-19T00:00:00Z,161.292999,161.302994,160.996994,161.100006
2026-06-19T01:00:00Z,161.093994,161.210999,160.975998,161.192001
2026-06-19T02:00:00Z,161.190002,161.244003,161.098007,161.229996
2026-06-19T03:00:00Z,161.223007,161.347000,161.197006,161.345993
2026-06-19T04:00:00Z,161.341003,161.412003,161.324997,161.371002
2026-06-19T05:00:00Z,161.371994,161.459000,161.326004,161.337997
2026-06-19T06:00:00Z,161.330994,161.401993,161.259995,161.268997
2026-06-19T07:00:00Z,161.270004,161.352997,161.233002,161.313004
2026-06-19T08:00:00Z,161.311005,161.326004,161.235001,161.279007
2026-06-19T09:00:00Z,161.278000,161.328995,161.223007,161.257004
2026-06-19T10:00:00Z,161.264008,161.332993,161.233994,161.274002
2026-06-19T11:00:00Z,161.279007,161.309006,161.229004,161.255005
2026-06-19T12:00:00Z,161.250000,161.283005,161.151001,161.164001
2026-06-19T13:00:00Z,161.162003,161.307999,161.147995,161.289001
2026-06-19T14:00:00Z,161.287003,161.322006,161.138000,161.154007
2026-06-19T15:00:00Z,161.162994,161.309006,161.125000,161.300003
2026-06-19T16:00:00Z,161.300995,161.341995,161.255005,161.322006
2026-06-19T17:00:00Z,161.332001,161.335999,161.253998,161.268005
2026-06-19T18:00:00Z,161.266006,161.283005,161.227005,161.261002
2026-06-19T19:00:00Z,161.261002,161.292999,161.222000,161.283997
2026-06-19T20:00:00Z,161.287003,161.320007,161.197006,161.279999
2026-06-19T21:00:00Z,161.274994,161.279999,161.274994,161.279999
2026-06-21T23:00:00Z,161.447006,161.518997,161.408005,161.434006
2026-06-22T00:00:00Z,161.432999,161.569000,161.412003,161.488998
2026-06-22T01:00:00Z,161.496002,161.548996,161.429993,161.529007
2026-06-22T02:00:00Z,161.531006,161.600006,161.511993,161.533997
2026-06-22T03:00:00Z,161.528000,161.606995,161.524994,161.587997
2026-06-22T04:00:00Z,161.578995,161.694000,161.576004,161.658997
2026-06-22T05:00:00Z,161.658997,161.703003,161.632004,161.695007
2026-06-22T06:00:00Z,161.692993,161.716003,161.606995,161.682007
2026-06-22T07:00:00Z,161.675995,161.768005,161.641998,161.735001
2026-06-22T08:00:00Z,161.735001,161.787994,161.699997,161.770996
2026-06-22T09:00:00Z,161.761993,161.774994,161.701996,161.742996
2026-06-22T10:00:00Z,161.740005,161.751007,161.649002,161.720001
2026-06-22T11:00:00Z,161.720001,161.787003,161.669006,161.761002
2026-06-22T12:00:00Z,161.759995,161.787003,161.718002,161.766998
2026-06-22T13:00:00Z,161.768005,161.906998,161.729004,161.899002
2026-06-22T14:00:00Z,161.891998,161.927994,161.050995,161.330994
2026-06-22T15:00:00Z,161.322006,161.548996,161.156006,161.501007
2026-06-22T16:00:00Z,161.507996,161.649002,161.470001,161.550995
2026-06-22T17:00:00Z,161.548996,161.565002,161.479996,161.496994
2026-06-22T18:00:00Z,161.494003,161.524994,161.391998,161.419998
2026-06-22T19:00:00Z,161.410995,161.690002,161.410995,161.606995
2026-06-22T20:00:00Z,161.610001,161.615005,161.537994,161.572006
2026-06-22T21:00:00Z,161.524002,161.539001,161.483994,161.516006
2026-06-22T22:00:00Z,161.520004,161.639999,161.513000,161.576004
2026-06-22T23:00:00Z,161.572998,161.589005,161.544998,161.570007
2026-06-23T00:00:00Z,161.570007,161.634003,161.514999,161.582001
2026-06-23T01:00:00Z,161.572006,161.608002,161.546997,161.589996
2026-06-23T02:00:00Z,161.584000,161.598007,161.516998,161.576004
2026-06-23T03:00:00Z,161.576004,161.606995,161.531998,161.548004
2026-06-23T04:00:00Z,161.548004,161.615005,161.542999,161.610992
2026-06-23T05:00:00Z,161.604004,161.686996,161.584000,161.651993
2026-06-23T06:00:00Z,161.647995,161.740997,161.632004,161.638000
2026-06-23T07:00:00Z,161.636993,161.660995,161.309006,161.457993
2026-06-23T08:00:00Z,161.460007,161.485001,161.263000,161.436005
2026-06-23T09:00:00Z,161.429001,161.468994,161.334000,161.384995
2026-06-23T10:00:00Z,161.382996,161.479996,161.345001,161.453995
2026-06-23T11:00:00Z,161.447006,161.617004,161.423004,161.585007
2026-06-23T12:00:00Z,161.584000,161.608002,161.438004,161.557999
2026-06-23T13:00:00Z,161.550003,161.580994,161.442001,161.518005
2026-06-23T14:00:00Z,161.518005,161.585999,161.481003,161.544006
2026-06-23T15:00:00Z,161.537994,161.587006,161.496994,161.544006
2026-06-23T16:00:00Z,161.544006,161.600006,161.531998,161.598007
2026-06-23T17:00:00Z,161.589005,161.621002,161.535004,161.554001
2026-06-23T18:00:00Z,161.548996,161.595993,161.533997,161.561996
2026-06-23T19:00:00Z,161.563004,161.574005,161.507004,161.570007
2026-06-23T20:00:00Z,161.567993,161.610992,161.507996,161.550003
2026-06-23T21:00:00Z,161.481995,161.552994,161.464996,161.501999
2026-06-23T22:00:00Z,161.503006,161.606995,161.490997,161.554001
2026-06-23T23:00:00Z,161.557999,161.608994,161.520996,161.602005
2026-06-24T00:00:00Z,161.595001,161.636002,161.542007,161.625000
2026-06-24T01:00:00Z,161.619003,161.628006,161.542999,161.563995
2026-06-24T02:00:00Z,161.563004,161.587997,161.526993,161.541000
2026-06-24T03:00:00Z,161.544998,161.604004,161.537994,161.544006
2026-06-24T04:00:00Z,161.546005,161.565002,161.522995,161.550003
2026-06-24T05:00:00Z,161.550003,161.617996,161.535004,161.608002
2026-06-24T06:00:00Z,161.602005,161.718002,161.572998,161.703995
2026-06-24T07:00:00Z,161.710007,161.740005,161.656998,161.725006
2026-06-24T08:00:00Z,161.710007,161.757004,161.675003,161.748993
2026-06-24T09:00:00Z,161.751007,161.781006,161.703995,161.742996
2026-06-24T10:00:00Z,161.733002,161.751999,161.673996,161.682999
2026-06-24T11:00:00Z,161.684006,161.718002,161.617996,161.654999
2026-06-24T12:00:00Z,161.647003,161.753006,161.628998,161.748001
2026-06-24T13:00:00Z,161.748001,161.766006,161.695007,161.748001
2026-06-24T14:00:00Z,161.746002,161.817001,161.697998,161.781998
2026-06-24T15:00:00Z,161.781998,161.813004,161.727005,161.751007
2026-06-24T16:00:00Z,161.751007,161.770996,161.684006,161.753006
2026-06-24T17:00:00Z,161.753006,161.822006,161.727997,161.809998
2026-06-24T18:00:00Z,161.809998,161.830002,161.755005,161.755997
2026-06-24T19:00:00Z,161.757004,161.843002,161.744003,161.815002
2026-06-24T20:00:00Z,161.824005,161.832001,161.748001,161.755005
2026-06-24T21:00:00Z,161.727997,161.785995,161.709000,161.738998
2026-06-24T22:00:00Z,161.738998,161.783005,161.688995,161.768997
2026-06-24T23:00:00Z,161.759995,161.791000,161.742996,161.763000
2026-06-25T00:00:00Z,161.763000,161.781998,161.690994,161.705994
2026-06-25T01:00:00Z,161.707001,161.744003,161.550003,161.718994
2026-06-25T02:00:00Z,161.718002,161.729996,161.656006,161.707001
2026-06-25T03:00:00Z,161.709000,161.753998,161.688004,161.725006
2026-06-25T04:00:00Z,161.716995,161.776001,161.699997,161.766006
2026-06-25T05:00:00Z,161.759003,161.828003,161.720001,161.822998
2026-06-25T06:00:00Z,161.830994,161.891006,161.778000,161.880005
2026-06-25T07:00:00Z,161.878006,161.899994,161.744995,161.804993
2026-06-25T08:00:00Z,161.807999,161.835999,161.768997,161.792999
2026-06-25T09:00:00Z,161.792999,161.839996,161.781998,161.809006
2026-06-25T10:00:00Z,161.815994,161.897003,161.798004,161.878006
2026-06-25T11:00:00Z,161.869995,161.949997,161.735992,161.858002
2026-06-25T12:00:00Z,161.858002,161.901993,161.759995,161.832993
2026-06-25T13:00:00Z,161.832001,161.856995,161.695999,161.738007
2026-06-25T14:00:00Z,161.737000,161.761993,161.556000,161.675003
2026-06-25T15:00:00Z,161.675995,161.723999,161.606995,161.667999
2026-06-25T16:00:00Z,161.667007,161.764999,161.651993,161.761993
2026-06-25T17:00:00Z,161.763000,161.809998,161.723007,161.770004
2026-06-25T18:00:00Z,161.770004,161.843994,161.755005,161.794006
2026-06-25T19:00:00Z,161.789993,161.826004,161.742004,161.783005
2026-06-25T20:00:00Z,161.789993,161.815002,161.766998,161.774002
2026-06-25T21:00:00Z,161.763000,161.811996,161.662003,161.735001
2026-06-25T22:00:00Z,161.759995,161.807999,161.735001,161.783997
2026-06-25T23:00:00Z,161.778000,161.817993,161.753006,161.802002
2026-06-26T00:00:00Z,161.796997,161.841995,161.783005,161.832001
2026-06-26T01:00:00Z,161.824005,161.850006,161.787003,161.804993
2026-06-26T02:00:00Z,161.796997,161.817993,161.763000,161.768997
2026-06-26T03:00:00Z,161.770004,161.779999,161.613998,161.647995
2026-06-26T04:00:00Z,161.643005,161.684998,161.559006,161.621994
2026-06-26T05:00:00Z,161.621002,161.643005,161.531006,161.535995
2026-06-26T06:00:00Z,161.535995,161.750000,161.524994,161.710999
2026-06-26T07:00:00Z,161.710999,161.727005,161.612000,161.626999
2026-06-26T08:00:00Z,161.617996,161.656998,161.531006,161.589005
2026-06-26T09:00:00Z,161.580002,161.630997,161.526001,161.604996
2026-06-26T10:00:00Z,161.600006,161.643005,161.563995,161.613007
2026-06-26T11:00:00Z,161.613007,161.682007,161.600998,161.660995
2026-06-26T12:00:00Z,161.656998,161.705002,161.630005,161.653000
2026-06-26T13:00:00Z,161.654999,161.723007,161.606003,161.621994
2026-06-26T14:00:00Z,161.602997,161.740997,161.572998,161.729996
2026-06-26T15:00:00Z,161.720001,161.746002,161.626999,161.666000
2026-06-26T16:00:00Z,161.664993,161.770996,161.653000,161.751007
2026-06-26T17:00:00Z,161.750000,161.776993,161.723007,161.772003
2026-06-26T18:00:00Z,161.764999,161.776993,161.705002,161.731995
2026-06-26T19:00:00Z,161.731003,161.766006,161.703003,161.757004
2026-06-26T20:00:00Z,161.757996,161.781006,161.692993,161.692993
2026-06-26T21:00:00Z,161.684998,161.729996,161.684998,161.729996
2026-06-28T23:00:00Z,161.779999,161.809998,161.761993,161.787003
2026-06-29T00:00:00Z,161.787003,161.796997,161.710999,161.753998
2026-06-29T01:00:00Z,161.753006,161.794006,161.727005,161.789993
2026-06-29T02:00:00Z,161.787003,161.792007,161.725006,161.783005
2026-06-29T03:00:00Z,161.781998,161.798996,161.766998,161.798996
2026-06-29T04:00:00Z,161.789993,161.815002,161.778000,161.807999
2026-06-29T05:00:00Z,161.807999,161.815994,161.774994,161.802994
2026-06-29T06:00:00Z,161.796005,161.852005,161.770004,161.791000
2026-06-29T07:00:00Z,161.785004,161.832001,161.781998,161.820007
2026-06-29T08:00:00Z,161.819000,161.860001,161.796005,161.848007
2026-06-29T09:00:00Z,161.848007,161.899994,161.824997,161.884995
2026-06-29T10:00:00Z,161.878998,161.901001,161.839996,161.852005
2026-06-29T11:00:00Z,161.850006,161.863007,161.804993,161.834000
2026-06-29T12:00:00Z,161.832001,161.904999,161.826996,161.888000
2026-06-29T13:00:00Z,161.889008,161.964996,161.876999,161.951996
2026-06-29T14:00:00Z,161.953003,161.957001,161.802994,161.923996
2026-06-29T15:00:00Z,161.923996,161.953003,161.914993,161.929001
2026-06-29T16:00:00Z,161.932999,161.945999,161.910995,161.936996
2026-06-29T17:00:00Z,161.938004,161.960007,161.912003,161.927002
2026-06-29T18:00:00Z,161.931000,161.983994,161.921005,161.964996
2026-06-29T19:00:00Z,161.964996,161.972000,161.899994,161.942001
2026-06-29T20:00:00Z,161.942993,161.968994,161.904007,161.925995
2026-06-29T21:00:00Z,161.927994,161.927994,161.835007,161.895004
2026-06-29T22:00:00Z,161.889999,161.944000,161.828995,161.925003
2026-06-29T23:00:00Z,161.923996,161.929993,161.899994,161.925995
2026-06-30T00:00:00Z,161.917999,162.404007,161.916000,162.125000
2026-06-30T01:00:00Z,162.132996,162.306000,162.044998,162.175995
2026-06-30T02:00:00Z,162.175995,162.199997,162.102005,162.147995
2026-06-30T03:00:00Z,162.141998,162.244003,162.039001,162.167007
2026-06-30T04:00:00Z,162.166000,162.203003,162.141998,162.195999
2026-06-30T05:00:00Z,162.190002,162.292007,162.145004,162.283005
2026-06-30T06:00:00Z,162.285995,162.412994,162.195999,162.203003
2026-06-30T07:00:00Z,162.205994,162.268005,162.108002,162.250000
2026-06-30T08:00:00Z,162.259003,162.412003,162.216995,162.306000
2026-06-30T09:00:00Z,162.307999,162.345993,162.261993,162.289001
2026-06-30T10:00:00Z,162.292999,162.356995,162.283005,162.307007
2026-06-30T11:00:00Z,162.311996,162.427994,162.307007,162.408005
2026-06-30T12:00:00Z,162.408005,162.514008,162.011993,162.397995
2026-06-30T13:00:00Z,162.397995,162.477005,162.309006,162.447998
2026-06-30T14:00:00Z,162.462006,162.554001,162.348007,162.516006
2026-06-30T15:00:00Z,162.511002,162.662003,162.464005,162.613998
2026-06-30T16:00:00Z,162.613998,162.669998,162.595001,162.647995
2026-06-30T17:00:00Z,162.643005,162.649002,162.550995,162.585007
2026-06-30T18:00:00Z,162.578003,162.621002,162.554001,162.612000
2026-06-30T19:00:00Z,162.612000,162.632004,162.570007,162.572998
2026-06-30T20:00:00Z,162.578003,162.613998,162.473007,162.473007
2026-06-30T21:00:00Z,162.520004,162.617004,162.468002,162.544006
2026-06-30T22:00:00Z,162.548004,162.626999,162.539001,162.604996
2026-06-30T23:00:00Z,162.600006,162.649002,162.520004,162.626999
2026-07-01T00:00:00Z,162.626999,162.776993,162.626007,162.681000
2026-07-01T01:00:00Z,162.686005,162.735001,162.582001,162.677994
2026-07-01T02:00:00Z,162.677994,162.792999,162.653000,162.744003
2026-07-01T03:00:00Z,162.742996,162.841003,162.725006,162.794006
2026-07-01T04:00:00Z,162.792007,162.813004,162.556000,162.727997
2026-07-01T05:00:00Z,162.718002,162.761993,162.677994,162.703003
2026-07-01T06:00:00Z,162.707001,162.757996,162.649994,162.669006
2026-07-01T07:00:00Z,162.669006,162.720993,162.604004,162.669006
2026-07-01T08:00:00Z,162.666000,162.703995,162.626007,162.664993
2026-07-01T09:00:00Z,162.653000,162.744003,162.643005,162.735992
2026-07-01T10:00:00Z,162.729004,162.746994,162.667007,162.684006
2026-07-01T11:00:00Z,162.682007,162.735992,162.675995,162.690002
2026-07-01T12:00:00Z,162.688004,162.766998,162.645996,162.695007
2026-07-01T13:00:00Z,162.697998,162.733994,162.285995,162.397003
2026-07-01T14:00:00Z,162.393005,162.451996,162.304001,162.391006
2026-07-01T15:00:00Z,162.389999,162.477005,162.365997,162.408997
2026-07-01T16:00:00Z,162.408005,162.462997,162.350998,162.451004
2026-07-01T17:00:00Z,162.453003,162.546997,162.419006,162.529007
2026-07-01T18:00:00Z,162.533005,162.582993,162.505997,162.518005
2026-07-01T19:00:00Z,162.522003,162.584000,162.503006,162.569000
2026-07-01T20:00:00Z,162.565994,162.619003,162.544006,162.574997
2026-07-01T21:00:00Z,162.570999,162.593994,162.501999,162.507004
2026-07-01T22:00:00Z,162.507004,162.572006,162.505005,162.531006
2026-07-01T23:00:00Z,162.531998,162.587997,162.509003,162.541000
2026-07-02T00:00:00Z,162.541000,162.600006,162.475998,162.559006
2026-07-02T01:00:00Z,162.556000,162.585999,162.498001,162.526993
2026-07-02T02:00:00Z,162.528000,162.554001,162.490005,162.516998
2026-07-02T03:00:00Z,162.520996,162.544998,162.429001,162.457001
2026-07-02T04:00:00Z,162.453003,162.460999,162.354004,162.425003
2026-07-02T05:00:00Z,162.425995,162.434006,162.309998,162.328995
2026-07-02T06:00:00Z,162.326004,162.335999,161.104004,161.811005
2026-07-02T07:00:00Z,161.811005,161.949997,161.365997,161.423004
2026-07-02T08:00:00Z,161.432007,161.460999,160.891998,161.020996
2026-07-02T09:00:00Z,161.018005,161.341995,161.014999,161.192001
2026-07-02T10:00:00Z,161.188004,161.490005,161.186996,161.352005
2026-07-02T11:00:00Z,161.360001,161.501999,161.315994,161.473999
2026-07-02T12:00:00Z,161.470001,161.643997,160.619995,161.016998
2026-07-02T13:00:00Z,161.016998,161.158997,160.845001,160.858002
2026-07-02T14:00:00Z,160.850006,161.119995,160.824997,161.037994
2026-07-02T15:00:00Z,161.035004,161.080994,160.753006,160.903000
2026-07-02T16:00:00Z,160.906998,161.095001,160.886002,160.987000
2026-07-02T17:00:00Z,160.977997,161.126007,160.975998,161.067001
2026-07-02T18:00:00Z,161.067001,161.104996,161.014008,161.042999
2026-07-02T19:00:00Z,161.042999,161.173004,161.042007,161.121994
2026-07-02T20:00:00Z,161.119995,161.141006,161.057007,161.085007
2026-07-02T21:00:00Z,161.104004,161.115997,160.985992,161.063995
2026-07-02T22:00:00Z,161.067001,161.304001,160.998993,161.268005
2026-07-02T23:00:00Z,161.248993,161.468994,161.223007,161.449005
2026-07-03T00:00:00Z,161.449005,161.524002,161.179993,161.192001
2026-07-03T01:00:00Z,161.186996,161.274002,160.908997,161.229996
2026-07-03T02:00:00Z,161.225998,161.248993,161.112000,161.164993
2026-07-03T03:00:00Z,161.166000,161.223999,161.134995,161.164993
2026-07-03T04:00:00Z,161.164993,161.210999,161.119003,161.119003
2026-07-03T05:00:00Z,161.119995,161.179993,160.973999,161.158005
2026-07-03T06:00:00Z,161.154999,161.166000,160.466003,160.860001
2026-07-03T07:00:00Z,160.862000,160.998001,160.707001,160.794998
2026-07-03T08:00:00Z,160.791000,161.037994,160.764999,161.028000
2026-07-03T09:00:00Z,161.031998,161.130005,160.955002,161.128006
2026-07-03T10:00:00Z,161.117996,161.169006,161.067001,161.091995
2026-07-03T11:00:00Z,161.089005,161.160995,161.048004,161.110992
2026-07-03T12:00:00Z,161.104996,161.173004,161.100006,161.167007
2026-07-03T13:00:00Z,161.169006,161.274994,161.160995,161.253998
2026-07-03T14:00:00Z,161.244003,161.294998,161.197006,161.287003
2026-07-03T15:00:00Z,161.289001,161.345001,161.263000,161.317001
2026-07-03T16:00:00Z,161.306000,161.393997,161.292007,161.337997
2026-07-03T17:00:00Z,161.337997,161.358994,161.263000,161.304001
2026-07-03T18:00:00Z,161.287994,161.358994,161.274994,161.339005
2026-07-03T19:00:00Z,161.341003,161.380005,161.322006,161.358994
2026-07-03T20:00:00Z,161.358994,161.429001,161.261993,161.337006
2026-07-05T23:00:00Z,161.404999,161.507004,161.404999,161.460007
2026-07-06T00:00:00Z,161.451996,161.606995,161.449005,161.528000
2026-07-06T01:00:00Z,161.531998,161.817001,161.524002,161.804001
2026-07-06T02:00:00Z,161.804993,161.852005,161.742004,161.768005
2026-07-06T03:00:00Z,161.766998,161.863007,161.757004,161.832001
2026-07-06T04:00:00Z,161.832001,161.947006,161.802002,161.934006
2026-07-06T05:00:00Z,161.934006,162.085999,161.876007,162.072006
2026-07-06T06:00:00Z,162.069000,162.307999,162.020996,162.246002
2026-07-06T07:00:00Z,162.248001,162.315002,162.149002,162.153000
2026-07-06T08:00:00Z,162.154999,162.292999,162.153000,162.240005
2026-07-06T09:00:00Z,162.240005,162.348999,162.223007,162.324997
2026-07-06T10:00:00Z,162.324005,162.412003,162.248993,162.302002
2026-07-06T11:00:00Z,162.304001,162.356003,162.276993,162.330994
2026-07-06T12:00:00Z,162.328995,162.427002,162.294998,162.397995
2026-07-06T13:00:00Z,162.395004,162.419998,162.302002,162.320007
2026-07-06T14:00:00Z,162.326996,162.384995,162.266006,162.358994
2026-07-06T15:00:00Z,162.360001,162.369003,162.264999,162.283997
2026-07-06T16:00:00Z,162.278000,162.317001,162.235001,162.255005
2026-07-06T17:00:00Z,162.253998,162.274002,162.136993,162.169998
2026-07-06T18:00:00Z,162.167007,162.188995,162.007996,162.039993
2026-07-06T19:00:00Z,162.035995,162.115997,162.024994,162.044006
2026-07-06T20:00:00Z,162.042999,162.113998,162.022995,162.070007
2026-07-06T21:00:00Z,162.067993,162.128006,162.026001,162.057999
2026-07-06T22:00:00Z,162.059006,162.113007,162.014999,162.069000
2026-07-06T23:00:00Z,162.061005,162.110001,161.992996,162.095993
2026-07-07T00:00:00Z,162.087997,162.182999,162.074005,162.123993
2026-07-07T01:00:00Z,162.128998,162.147003,161.673004,161.862000
2026-07-07T02:00:00Z,161.867996,161.927002,161.785004,161.916000
2026-07-07T03:00:00Z,161.912994,161.927002,161.785995,161.869003
2026-07-07T04:00:00Z,161.860992,161.886993,161.673004,161.785004
2026-07-07T05:00:00Z,161.785004,161.893997,161.744995,161.863007
2026-07-07T06:00:00Z,161.873001,162.044006,161.854004,162.016006
2026-07-07T07:00:00Z,162.016998,162.082001,161.656006,161.962006
2026-07-07T08:00:00Z,161.962997,161.972000,161.817993,161.889008
2026-07-07T09:00:00Z,161.889008,161.966995,161.807007,161.940002
2026-07-07T10:00:00Z,161.929001,161.962997,161.869995,161.927002
2026-07-07T11:00:00Z,161.932999,161.957001,161.837997,161.914993
2026-07-07T12:00:00Z,161.906998,161.929001,161.748993,161.832001
2026-07-07T13:00:00Z,161.830002,161.903000,161.802994,161.886993
2026-07-07T14:00:00Z,161.895004,162.022995,161.850998,161.914993
2026-07-07T15:00:00Z,161.904999,161.945999,161.850006,161.912003
2026-07-07T16:00:00Z,161.906998,161.959000,161.860992,161.936005
2026-07-07T17:00:00Z,161.927994,161.942993,161.865005,161.891998
2026-07-07T18:00:00Z,161.880997,161.972000,161.854004,161.921997
2026-07-07T19:00:00Z,161.932007,162.141998,161.921997,162.076004
2026-07-07T20:00:00Z,162.070999,162.128006,162.046997,162.089996
2026-07-07T21:00:00Z,162.085007,162.173996,161.977997,162.139008
2026-07-07T22:00:00Z,162.121994,162.203995,162.091003,162.182999
2026-07-07T23:00:00Z,162.173004,162.365997,162.160995,162.352997
2026-07-08T00:00:00Z,162.356003,162.404007,162.248001,162.348999
2026-07-08T01:00:00Z,162.341003,162.462997,162.278000,162.350998
2026-07-08T02:00:00Z,162.352005,162.432999,162.332001,162.343002
2026-07-08T03:00:00Z,162.339996,162.354004,162.283997,162.335999
2026-07-08T04:00:00Z,162.335999,162.408005,162.330002,162.367996
2026-07-08T05:00:00Z,162.360992,162.376007,162.203003,162.292007
2026-07-08T06:00:00Z,162.292007,162.309998,162.070007,162.197998
2026-07-08T07:00:00Z,162.197998,162.291000,162.173996,162.225006
2026-07-08T08:00:00Z,162.220001,162.498001,162.203003,162.485992
2026-07-08T09:00:00Z,162.483994,162.557007,162.246002,162.457001
2026-07-08T10:00:00Z,162.459000,162.479004,162.399002,162.473999
2026-07-08T11:00:00Z,162.472000,162.559006,162.414001,162.542007
2026-07-08T12:00:00Z,162.531998,162.546005,162.436996,162.514008
2026-07-08T13:00:00Z,162.514008,162.569000,162.475006,162.533997
2026-07-08T14:00:00Z,162.535004,162.623001,162.507996,162.606003
2026-07-08T15:00:00Z,162.604996,162.707993,162.587997,162.666000
2026-07-08T16:00:00Z,162.664001,162.671997,162.498001,162.531006
2026-07-08T17:00:00Z,162.531006,162.552994,162.412003,162.498001
2026-07-08T18:00:00Z,162.526993,162.561005,162.438004,162.477005
2026-07-08T19:00:00Z,162.468002,162.556000,162.416000,162.466995
2026-07-08T20:00:00Z,162.470993,162.645996,162.462997,162.584000
2026-07-08T21:00:00Z,162.548004,162.598007,162.485001,162.537003
2026-07-08T22:00:00Z,162.535995,162.613998,162.511002,162.552002
2026-07-08T23:00:00Z,162.559998,162.582001,162.524994,162.544006
2026-07-09T00:00:00Z,162.533997,162.542999,162.356003,162.438995
2026-07-09T01:00:00Z,162.438995,162.574005,162.406998,162.445007
2026-07-09T02:00:00Z,162.445007,162.503998,162.429993,162.470993
2026-07-09T03:00:00Z,162.464005,162.498993,162.401993,162.447998
2026-07-09T04:00:00Z,162.447006,162.464996,162.406006,162.425995
2026-07-09T05:00:00Z,162.432999,162.438004,162.337006,162.371994
2026-07-09T06:00:00Z,162.363998,162.375000,162.240005,162.289001
2026-07-09T07:00:00Z,162.292007,162.399002,162.289001,162.341995
2026-07-09T08:00:00Z,162.341995,162.404007,162.294006,162.388000
2026-07-09T09:00:00Z,162.388000,162.451004,162.373001,162.397995
2026-07-09T10:00:00Z,162.395996,162.507996,162.395004,162.479996
2026-07-09T11:00:00Z,162.477005,162.509995,162.449005,162.468994
2026-07-09T12:00:00Z,162.468994,162.477005,162.380997,162.436005
2026-07-09T13:00:00Z,162.444000,162.453995,162.287994,162.330994
2026-07-09T14:00:00Z,162.339005,162.423004,162.279007,162.367996
2026-07-09T15:00:00Z,162.358002,162.414993,162.250000,162.287003
2026-07-09T16:00:00Z,162.281006,162.326996,162.251007,162.315994
2026-07-09T17:00:00Z,162.307007,162.330002,162.266006,162.281998
2026-07-09T18:00:00Z,162.283005,162.376999,162.279999,162.328995
2026-07-09T19:00:00Z,162.328995,162.414993,162.313995,162.388000
2026-07-09T20:00:00Z,162.380005,162.406006,162.328995,162.358002
2026-07-09T21:00:00Z,162.341995,162.393997,162.328003,162.350998
2026-07-09T22:00:00Z,162.348007,162.429001,162.313004,162.350998
2026-07-09T23:00:00Z,162.339005,162.388000,162.330002,162.358002
2026-07-10T00:00:00Z,162.358002,162.425003,161.886993,162.042007
2026-07-10T01:00:00Z,162.046005,162.106003,161.630005,161.731995
2026-07-10T02:00:00Z,161.735001,161.753998,161.278000,161.447998
2026-07-10T03:00:00Z,161.447006,161.578003,161.343994,161.520004
2026-07-10T04:00:00Z,161.511993,161.710007,161.511993,161.626999
2026-07-10T05:00:00Z,161.626999,161.667007,161.468994,161.578003
2026-07-10T06:00:00Z,161.574005,161.615997,161.404007,161.574005
2026-07-10T07:00:00Z,161.574005,161.774994,161.565994,161.690002
2026-07-10T08:00:00Z,161.688995,161.746994,161.531998,161.679001
2026-07-10T09:00:00Z,161.679001,161.860992,161.632004,161.824005
2026-07-10T10:00:00Z,161.820999,161.830002,161.688995,161.761002
2026-07-10T11:00:00Z,161.759995,161.886002,161.740005,161.845001
2026-07-10T12:00:00Z,161.843002,161.895004,161.679001,161.787994
2026-07-10T13:00:00Z,161.787003,161.860992,161.716003,161.759003
2026-07-10T14:00:00Z,161.768005,161.869003,161.740997,161.822006
2026-07-10T15:00:00Z,161.828995,161.845001,161.276001,161.315002
2026-07-10T16:00:00Z,161.311996,161.513000,161.294006,161.503006
2026-07-10T17:00:00Z,161.511002,161.653000,161.487000,161.636993
2026-07-10T18:00:00Z,161.641998,161.735001,161.623993,161.681000
2026-07-10T19:00:00Z,161.682007,161.748993,161.671005,161.729004
2026-07-10T20:00:00Z,161.729996,161.763000,161.647995,161.671997
2026-07-12T23:00:00Z,162.014008,162.069000,161.875000,161.888000
2026-07-13T00:00:00Z,161.878006,162.102997,161.873001,162.089996
2026-07-13T01:00:00Z,162.095001,162.173996,161.949997,161.973007
2026-07-13T02:00:00Z,161.970001,162.093994,161.953995,162.072998
2026-07-13T03:00:00Z,162.067001,162.126999,162.057999,162.063995
2026-07-13T04:00:00Z,162.063995,162.095993,161.955994,161.996994
2026-07-13T05:00:00Z,161.988998,162.337997,161.932999,162.257996
2026-07-13T06:00:00Z,162.261993,162.358994,162.192001,162.240997
2026-07-13T07:00:00Z,162.233002,162.281998,161.822998,162.098999
2026-07-13T08:00:00Z,162.102005,162.143997,162.011002,162.076004
2026-07-13T09:00:00Z,162.072998,162.104004,161.970993,161.985992
2026-07-13T10:00:00Z,161.992996,162.125000,161.983002,162.059998
2026-07-13T11:00:00Z,162.065002,162.145996,162.022995,162.115997
2026-07-13T12:00:00Z,162.112000,162.195999,162.091995,162.108002
2026-07-13T13:00:00Z,162.108002,162.231995,162.067001,162.218002
2026-07-13T14:00:00Z,162.218994,162.412994,162.181000,162.343002
2026-07-13T15:00:00Z,162.350006,162.382004,162.298996,162.326996
2026-07-13T16:00:00Z,162.317001,162.466995,162.302994,162.449005
2026-07-13T17:00:00Z,162.447998,162.468994,162.419006,162.460007
2026-07-13T18:00:00Z,162.464005,162.481003,162.348999,162.350998
2026-07-13T19:00:00Z,162.350998,162.466995,162.348007,162.445999
2026-07-13T20:00:00Z,162.445999,162.488007,162.388000,162.432007
2026-07-13T21:00:00Z,162.358994,162.459000,162.313004,162.427002
2026-07-13T22:00:00Z,162.427002,162.473007,162.403000,162.434998
2026-07-13T23:00:00Z,162.442001,162.457001,162.382996,162.414001
2026-07-14T00:00:00Z,162.412994,162.470001,162.223007,162.384003
2026-07-14T01:00:00Z,162.378006,162.425995,162.317001,162.386993
2026-07-14T02:00:00Z,162.389999,162.414993,162.302994,162.322998
2026-07-14T03:00:00Z,162.317001,162.373993,162.222000,162.287994
2026-07-14T04:00:00Z,162.283997,162.341995,162.255997,162.320007
2026-07-14T05:00:00Z,162.313004,162.319000,162.235992,162.289001
2026-07-14T06:00:00Z,162.283997,162.371994,162.270004,162.347000
2026-07-14T07:00:00Z,162.339005,162.373001,162.289993,162.339996
2026-07-14T08:00:00Z,162.337997,162.388000,162.039993,162.266006
2026-07-14T09:00:00Z,162.270004,162.283005,162.149002,162.177994
2026-07-14T10:00:00Z,162.175995,162.264008,162.149002,162.244003
2026-07-14T11:00:00Z,162.246994,162.276993,162.177002,162.195007
2026-07-14T12:00:00Z,162.192993,162.235001,161.587997,161.912003
2026-07-14T13:00:00Z,161.901993,161.979004,161.822998,161.925995
2026-07-14T14:00:00Z,161.919006,162.016998,161.820007,161.964996
2026-07-14T15:00:00Z,161.964996,162.171005,161.869003,162.145004
2026-07-14T16:00:00Z,162.138000,162.201996,162.100998,162.108994
2026-07-14T17:00:00Z,162.106995,162.237000,162.106995,162.192001
2026-07-14T18:00:00Z,162.188004,162.287994,162.156006,162.186996
2026-07-14T19:00:00Z,162.192001,162.214996,162.126999,162.210007
2026-07-14T20:00:00Z,162.203995,162.270004,162.199005,162.233002
2026-07-14T21:00:00Z,162.223999,162.253998,162.134003,162.188004
2026-07-14T22:00:00Z,162.188995,162.266006,162.158005,162.225998
2026-07-14T23:00:00Z,162.225998,162.240005,162.156006,162.186996
2026-07-15T00:00:00Z,162.188995,162.240005,162.070007,162.098999
2026-07-15T01:00:00Z,162.098007,162.128006,161.957001,162.097000
2026-07-15T02:00:00Z,162.089005,162.123993,162.026993,162.102005
2026-07-15T03:00:00Z,162.102997,162.181000,162.078003,162.143005
2026-07-15T04:00:00Z,162.132996,162.229996,162.128006,162.212006
2026-07-15T05:00:00Z,162.205002,162.237000,162.167007,162.195999
2026-07-15T06:00:00Z,162.195999,162.216003,162.093002,162.201996
2026-07-15T07:00:00Z,162.207993,162.311005,162.190002,162.268005
2026-07-15T08:00:00Z,162.261002,162.350998,162.238007,162.289993
2026-07-15T09:00:00Z,162.289993,162.373001,162.235992,162.358002
2026-07-15T10:00:00Z,162.358002,162.423004,162.302994,162.328003
2026-07-15T11:00:00Z,162.320999,162.395004,162.287994,162.345993
2026-07-15T12:00:00Z,162.335007,162.395004,162.134003,162.156998
2026-07-15T13:00:00Z,162.156006,162.279999,162.123993,162.201004
2026-07-15T14:00:00Z,162.201004,162.238007,162.117004,162.143005
2026-07-15T15:00:00Z,162.134995,162.216003,162.069000,162.126999
2026-07-15T16:00:00Z,162.125000,162.199005,162.110001,162.158005
2026-07-15T17:00:00Z,162.158997,162.169998,161.960999,161.979996
2026-07-15T18:00:00Z,161.987000,162.061996,161.884995,162.046005
2026-07-15T19:00:00Z,162.039993,162.283997,162.005005,162.223999
2026-07-15T20:00:00Z,162.223999,162.233002,162.153000,162.171997
2026-07-15T21:00:00Z,162.156006,162.250000,162.067993,162.100998
2026-07-15T22:00:00Z,162.100998,162.151993,162.044006,162.113007
2026-07-15T23:00:00Z,162.112000,162.123993,162.022995,162.074005
2026-07-16T00:00:00Z,162.067001,162.154999,162.044998,162.093002
2026-07-16T01:00:00Z,162.093002,162.119003,162.022995,162.108994
2026-07-16T02:00:00Z,162.104996,162.169006,162.080994,162.145004
2026-07-16T03:00:00Z,162.143997,162.160004,162.063004,162.082001
2026-07-16T04:00:00Z,162.082001,162.141998,162.074997,162.091995
2026-07-16T05:00:00Z,162.093002,162.182007,162.074997,162.158997
2026-07-16T06:00:00Z,162.149994,162.175995,162.104004,162.112000
2026-07-16T07:00:00Z,162.119995,162.128998,161.977005,162.076004
2026-07-16T08:00:00Z,162.076004,162.179001,162.059006,162.145996
2026-07-16T09:00:00Z,162.136993,162.195999,162.104996,162.167007
2026-07-16T10:00:00Z,162.169006,162.194000,162.123001,162.143005
2026-07-16T11:00:00Z,162.143997,162.233002,162.108002,162.147995
2026-07-16T12:00:00Z,162.154999,162.300995,162.123001,162.296005
2026-07-16T13:00:00Z,162.289993,162.348007,162.207001,162.324005
2026-07-16T14:00:00Z,162.324997,162.453003,162.300995,162.440994
2026-07-16T15:00:00Z,162.440002,162.477005,162.404007,162.417007
2026-07-16T16:00:00Z,162.417007,162.546005,162.412994,162.464005
2026-07-16T17:00:00Z,162.475998,162.505997,162.388000,162.404999
2026-07-16T18:00:00Z,162.404999,162.425003,162.363007,162.382004
2026-07-16T19:00:00Z,162.389008,162.432999,162.371002,162.395004
2026-07-16T20:00:00Z,162.393997,162.406006,162.332993,162.382004
2026-07-16T21:00:00Z,162.376007,162.425003,162.324005,162.352005
2026-07-16T22:00:00Z,162.343994,162.382996,162.294998,162.363998
2026-07-16T23:00:00Z,162.352005,162.395004,162.311996,162.373001
2026-07-17T00:00:00Z,162.373993,162.455994,162.352005,162.421005
2026-07-17T01:00:00Z,162.414993,162.475006,162.403000,162.466995
2026-07-17T02:00:00Z,162.462997,162.468994,162.334000,162.363998
2026-07-17T03:00:00Z,162.363998,162.410995,162.350998,162.388000
2026-07-17T04:00:00Z,162.393997,162.431000,162.362000,162.417999
2026-07-17T05:00:00Z,162.414993,162.445007,162.360001,162.401001
2026-07-17T06:00:00Z,162.395004,162.423004,162.110992,162.264008
2026-07-17T07:00:00Z,162.259995,162.292007,162.143997,162.283005
2026-07-17T08:00:00Z,162.285004,162.423004,162.253998,162.382996
2026-07-17T09:00:00Z,162.382996,162.453003,162.348999,162.356995
2026-07-17T10:00:00Z,162.363007,162.419006,162.348007,162.358994
2026-07-17T11:00:00Z,162.360001,162.371994,162.294998,162.362000
2026-07-17T12:00:00Z,162.356003,162.419006,162.294998,162.404007
2026-07-17T13:00:00Z,162.410995,162.444000,162.315994,162.352005
2026-07-17T14:00:00Z,162.337006,162.412003,162.322006,162.404007
2026-07-17T15:00:00Z,162.403000,162.440002,162.341995,162.423996
2026-07-17T16:00:00Z,162.427994,162.518997,162.423004,162.432999
2026-07-17T17:00:00Z,162.421997,162.477005,162.395996,162.440994
2026-07-17T18:00:00Z,162.440994,162.460999,162.408005,162.438004
2026-07-17T19:00:00Z,162.444000,162.475006,162.376999,162.380005
2026-07-17T20:00:00Z,162.380005,162.445007,162.334000,162.352997
2026-07-19T23:00:00Z,162.503998,162.548004,162.472000,162.511993
2026-07-20T00:00:00Z,162.511993,162.537994,162.320007,162.339005
2026-07-20T01:00:00Z,162.326996,162.412994,162.296997,162.360992
2026-07-20T02:00:00Z,162.356003,162.373993,162.324997,162.367004
2026-07-20T03:00:00Z,162.363007,162.380005,162.345993,162.367004
2026-07-20T04:00:00Z,162.367004,162.386002,162.320007,162.335007
2026-07-20T05:00:00Z,162.330994,162.375000,162.311996,162.373993
2026-07-20T06:00:00Z,162.363998,162.416000,162.350006,162.404999
2026-07-20T07:00:00Z,162.404007,162.453003,162.307999,162.356995
2026-07-20T08:00:00Z,162.358002,162.378998,162.326996,162.371002
2026-07-20T09:00:00Z,162.363007,162.436005,162.358994,162.408997
2026-07-20T10:00:00Z,162.410004,162.429993,162.382004,162.399994
2026-07-20T11:00:00Z,162.397995,162.427994,162.188004,162.341995
2026-07-20T12:00:00Z,162.345001,162.431000,162.337006,162.401993
2026-07-20T13:00:00Z,162.406006,162.477997,162.382004,162.468994
2026-07-20T14:00:00Z,162.477005,162.589005,162.459000,162.518997
2026-07-20T15:00:00Z,162.516998,162.587006,162.516006,162.563004
2026-07-20T16:00:00Z,162.563004,162.600006,162.516006,162.516006
2026-07-20T17:00:00Z,162.520996,162.531006,162.449997,162.459000
2026-07-20T18:00:00Z,162.457993,162.533997,162.414001,162.498993
2026-07-20T19:00:00Z,162.498993,162.516998,162.451996,162.511002
2026-07-20T20:00:00Z,162.511002,162.531998,162.468002,162.475006
2026-07-20T21:00:00Z,162.477005,162.509995,162.436996,162.485001
2026-07-20T22:00:00Z,162.440994,162.516998,162.410004,162.498001
2026-07-20T23:00:00Z,162.490997,162.509003,162.479004,162.479996
2026-07-21T00:00:00Z,162.479996,162.535995,162.438004,162.529007
2026-07-21T01:00:00Z,162.529007,162.537003,162.425995,162.501999
2026-07-21T02:00:00Z,162.501007,162.526001,162.477005,162.488007
2026-07-21T03:00:00Z,162.488007,162.516998,162.445999,162.485992
2026-07-21T04:00:00Z,162.481995,162.500000,162.464005,162.483002
2026-07-21T05:00:00Z,162.483002,162.526993,162.462006,162.507004
2026-07-21T06:00:00Z,162.503006,162.559006,162.479996,162.520996
2026-07-21T07:00:00Z,162.520004,162.617996,162.516006,162.595001
2026-07-21T08:00:00Z,162.595993,162.699997,162.576996,162.686005
2026-07-21T09:00:00Z,162.677002,162.695999,162.608994,162.662003
2026-07-21T10:00:00Z,162.662003,162.705994,162.634995,162.671005
2026-07-21T11:00:00Z,162.662003,162.757996,162.645996,162.725998
2026-07-21T12:00:00Z,162.723999,162.800995,162.690002,162.718002
2026-07-21T13:00:00Z,162.720993,162.893997,162.718002,162.863998
2026-07-21T14:00:00Z,162.865005,163.042007,162.852997,163.011002
2026-07-21T15:00:00Z,163.014999,163.037994,162.908005,163.014999
2026-07-21T16:00:00Z,163.011993,163.029999,162.949997,163.001007
2026-07-21T17:00:00Z,163.005005,163.029999,162.968002,163.026001
2026-07-21T18:00:00Z,163.028000,163.237000,163.020996,163.182999
2026-07-21T19:00:00Z,163.182007,163.220993,163.156998,163.199997
2026-07-21T20:00:00Z,163.201996,163.238998,163.154007,163.169006
2026-07-21T21:00:00Z,163.149994,163.182007,163.106003,163.141006
2026-07-21T22:00:00Z,163.141006,163.214996,163.136002,163.199005
2026-07-21T23:00:00Z,163.199005,163.227997,163.179001,163.182999
2026-07-22T00:00:00Z,163.184998,163.207001,163.022003,163.130997
2026-07-22T01:00:00Z,163.132004,163.203995,163.098007,163.143005
2026-07-22T02:00:00Z,163.143997,163.179993,163.065994,163.119995
2026-07-22T03:00:00Z,163.115997,163.167999,163.106995,163.154007
2026-07-22T04:00:00Z,163.149994,163.197006,163.143005,163.169998
2026-07-22T05:00:00Z,163.167007,163.188004,163.076996,163.087006
2026-07-22T06:00:00Z,163.082001,163.145004,163.042007,163.085007
2026-07-22T07:00:00Z,163.089005,163.136993,162.662003,162.936005
2026-07-22T08:00:00Z,162.942001,163.113007,162.904007,162.959000
2026-07-22T09:00:00Z,162.957001,163.052002,162.938004,163.026993
2026-07-22T10:00:00Z,163.026993,163.076996,163.000000,163.016006
2026-07-22T11:00:00Z,163.016006,163.080002,162.987000,163.070007
2026-07-22T12:00:00Z,163.070007,163.136002,163.033005,163.102005
2026-07-22T13:00:00Z,163.098999,163.108994,163.005005,163.052002
2026-07-22T14:00:00Z,163.052002,163.119995,163.033997,163.115005
2026-07-22T15:00:00Z,163.113007,163.132996,163.061996,163.078995
2026-07-22T16:00:00Z,163.076004,163.126007,163.059998,163.110001
2026-07-22T17:00:00Z,163.106003,163.177994,163.100998,163.156006
2026-07-22T18:00:00Z,163.153000,163.173996,163.100006,163.123001
2026-07-22T19:00:00Z,163.126999,163.160995,163.112000,163.147003
2026-07-22T20:00:00Z,163.147995,163.166000,163.126999,163.130997
2026-07-22T21:00:00Z,163.115997,163.128998,163.054001,163.089005
2026-07-22T22:00:00Z,163.080994,163.151993,163.050995,163.119995
2026-07-22T23:00:00Z,163.106003,163.125000,163.080994,163.080994
2026-07-23T00:00:00Z,163.080994,163.139999,163.035995,163.046005
2026-07-23T01:00:00Z,163.046005,163.087006,162.987000,163.063995
2026-07-23T02:00:00Z,163.052002,163.100006,163.039993,163.063995
2026-07-23T03:00:00Z,163.069000,163.085999,163.026001,163.042999
2026-07-23T04:00:00Z,163.039001,163.084000,163.022003,163.072006
2026-07-23T05:00:00Z,163.065994,163.110001,163.059998,163.108994
2026-07-23T06:00:00Z,163.104004,163.119995,163.063004,163.104004
2026-07-23T07:00:00Z,163.104004,163.427002,163.104004,163.311996
2026-07-23T08:00:00Z,163.311005,163.440994,163.278000,163.334000
2026-07-23T09:00:00Z,163.330002,163.397003,163.283005,163.371002
2026-07-23T10:00:00Z,163.367996,163.384003,163.339996,163.367996
2026-07-23T11:00:00Z,163.367996,163.647995,163.298996,163.481995
2026-07-23T12:00:00Z,163.490005,163.757996,163.447006,163.666000
2026-07-23T13:00:00Z,163.673996,163.964996,163.658997,163.957993
2026-07-23T14:00:00Z,163.962997,163.988007,163.865997,163.917999
2026-07-23T15:00:00Z,163.917007,163.953995,163.768997,163.800003
2026-07-23T16:00:00Z,163.798996,163.835007,163.712997,163.764008
2026-07-23T17:00:00Z,163.764008,163.843994,163.710007,163.841003
2026-07-23T18:00:00Z,163.839005,163.847000,163.770996,163.796997
2026-07-23T19:00:00Z,163.802994,163.856995,163.764008,163.819000
2026-07-23T20:00:00Z,163.817001,163.876999,163.792007,163.852997
2026-07-23T21:00:00Z,163.813995,163.916000,163.735001,163.779007
2026-07-23T22:00:00Z,163.783005,163.850998,163.740005,163.843994
2026-07-23T23:00:00Z,163.835999,163.869995,163.796997,163.835999
2026-07-24T00:00:00Z,163.832001,163.940002,163.789001,163.817993
2026-07-24T01:00:00Z,163.811996,163.862000,163.718002,163.768997
2026-07-24T02:00:00Z,163.772003,163.807999,163.722000,163.770004
2026-07-24T03:00:00Z,163.770996,163.867004,163.764008,163.802994
2026-07-24T04:00:00Z,163.804001,163.847000,163.774002,163.828003
2026-07-24T05:00:00Z,163.820999,163.847000,163.789993,163.841995
2026-07-24T06:00:00Z,163.832993,163.848007,163.757996,163.759003
2026-07-24T07:00:00Z,163.759995,163.802002,163.643997,163.761002
2026-07-24T08:00:00Z,163.759995,163.811996,163.716995,163.725998
2026-07-24T09:00:00Z,163.723999,163.766006,163.677994,163.682999
2026-07-24T10:00:00Z,163.688995,163.806000,163.669006,163.787994
2026-07-24T11:00:00Z,163.785995,163.839996,163.753998,163.796005
2026-07-24T12:00:00Z,163.802002,163.863998,163.792999,163.845993
2026-07-24T13:00:00Z,163.848007,163.880005,163.772995,163.779007
2026-07-24T14:00:00Z,163.776993,163.835999,163.688004,163.753998
2026-07-24T15:00:00Z,163.755005,163.772995,163.636002,163.703995
2026-07-24T16:00:00Z,163.710999,163.779999,163.697998,163.778000
2026-07-24T17:00:00Z,163.779007,163.839005,163.768005,163.813004
2026-07-24T18:00:00Z,163.807007,163.856003,163.792007,163.835999
2026-07-24T19:00:00Z,163.841995,163.854004,163.802994,163.848007
2026-07-24T20:00:00Z,163.847000,163.869995,163.791000,163.791000
2026-07-26T23:00:00Z,163.690002,163.699997,163.602005,163.610992
2026-07-27T00:00:00Z,163.615997,163.654999,163.513000,163.628998
2026-07-27T01:00:00Z,163.626999,163.638000,163.472000,163.472000
2026-07-27T02:00:00Z,163.473007,163.582001,163.449005,163.570007
2026-07-27T03:00:00Z,163.570007,163.613998,163.546997,163.572998
2026-07-27T04:00:00Z,163.570999,163.598007,163.544006,163.572006
2026-07-27T05:00:00Z,163.572998,163.606995,163.552994,163.584000
2026-07-27T06:00:00Z,163.584000,163.604004,163.503006,163.507004
2026-07-27T07:00:00Z,163.514999,163.537994,163.320999,163.520996
2026-07-27T08:00:00Z,163.520004,163.557007,163.487000,163.520004
2026-07-27T09:00:00Z,163.516006,163.606995,163.490005,163.524994
2026-07-27T10:00:00Z,163.524994,163.600006,163.524994,163.591995
2026-07-27T11:00:00Z,163.585007,163.651001,163.576996,163.639999
2026-07-27T12:00:00Z,163.639999,163.705994,163.619995,163.686005
2026-07-27T13:00:00Z,163.686005,163.759003,163.647003,163.742996
2026-07-27T14:00:00Z,163.744003,163.768005,163.688004,163.697998
2026-07-27T15:00:00Z,163.701996,163.723999,163.651993,163.709000
2026-07-27T16:00:00Z,163.709000,163.714996,163.578995,163.649002
2026-07-27T17:00:00Z,163.651993,163.735001,163.645996,163.723007
2026-07-27T18:00:00Z,163.723007,163.789993,163.684006,163.776001
2026-07-27T19:00:00Z,163.776001,163.776001,163.690994,163.733002
2026-07-27T20:00:00Z,163.733994,163.768997,163.718002,163.744995
2026-07-27T21:00:00Z,163.673004,163.718994,163.654007,163.712997
2026-07-27T22:00:00Z,163.712006,163.761993,163.692993,163.740005
2026-07-27T23:00:00Z,163.740005,163.785995,163.710007,163.770996
2026-07-28T00:00:00Z,163.770996,163.843002,163.731003,163.738007
2026-07-28T01:00:00Z,163.744995,163.792007,163.707993,163.768005
2026-07-28T02:00:00Z,163.759003,163.792007,163.669006,163.707993
2026-07-28T03:00:00Z,163.707001,163.768997,163.692993,163.755997
2026-07-28T04:00:00Z,163.755997,163.778000,163.738998,163.744995
2026-07-28T05:00:00Z,163.744003,163.772003,163.716995,163.733002
2026-07-28T06:00:00Z,163.733002,163.742004,163.662003,163.709000
2026-07-28T07:00:00Z,163.703995,163.794006,163.703995,163.783997
2026-07-28T08:00:00Z,163.779007,163.852997,163.753998,163.819000
2026-07-28T09:00:00Z,163.820999,163.889008,163.804001,163.873993
2026-07-28T10:00:00Z,163.875000,163.949005,163.858994,163.932007
2026-07-28T11:00:00Z,163.931000,163.938004,163.899994,163.927002
2026-07-28T12:00:00Z,163.927002,163.934006,163.837006,163.871994
2026-07-28T13:00:00Z,163.875000,163.884995,163.811996,163.817993
2026-07-28T14:00:00Z,163.826996,163.882004,163.811996,163.863007
2026-07-28T15:00:00Z,163.863007,163.865997,163.638000,163.651001
2026-07-28T16:00:00Z,163.649994,163.748001,163.638000,163.737000
2026-07-28T17:00:00Z,163.737000,163.815002,163.712006,163.800003
2026-07-28T18:00:00Z,163.798004,163.860992,163.764999,163.856003
2026-07-28T19:00:00Z,163.852997,163.871002,163.820007,163.854996
2026-07-28T20:00:00Z,163.854004,163.889008,163.807999,163.811005
2026-07-28T21:00:00Z,163.781006,163.839996,163.649994,163.794006
2026-07-28T22:00:00Z,163.779007,163.889999,163.768997,163.841995
2026-07-28T23:00:00Z,163.848999,163.873993,163.837006,163.858994
2026-07-29T00:00:00Z,163.858994,163.882996,163.662003,163.695007
2026-07-29T01:00:00Z,163.705002,163.779999,163.677002,163.712997
2026-07-29T02:00:00Z,163.718994,163.753006,163.651001,163.716995
2026-07-29T03:00:00Z,163.714005,163.723007,163.554993,163.626007
2026-07-29T04:00:00Z,163.617996,163.625000,163.272003,163.423004
2026-07-29T05:00:00Z,163.417999,163.496994,163.337006,163.494003
2026-07-29T06:00:00Z,163.494003,163.580994,163.445999,163.529999
2026-07-29T07:00:00Z,163.524994,163.692993,163.488998,163.679001
2026-07-29T08:00:00Z,163.673004,163.694000,163.550003,163.578003
2026-07-29T09:00:00Z,163.578995,163.617996,163.496994,163.604996
2026-07-29T10:00:00Z,163.606995,163.695999,163.597000,163.651993
2026-07-29T11:00:00Z,163.660995,163.688004,163.632996,163.639008
2026-07-29T12:00:00Z,163.636993,163.820999,163.626007,163.800003
2026-07-29T13:00:00Z,163.792007,163.811996,163.723007,163.744995
2026-07-29T14:00:00Z,163.744003,163.886993,163.731003,163.882996
2026-07-29T15:00:00Z,163.882004,163.888000,163.822998,163.858002
2026-07-29T16:00:00Z,163.852997,163.904007,163.852005,163.888000
2026-07-29T17:00:00Z,163.886002,163.897003,163.759995,163.763000
2026-07-29T18:00:00Z,163.783997,163.847000,163.309998,163.317001
2026-07-29T19:00:00Z,163.311996,163.518997,163.223999,163.507996
2026-07-29T20:00:00Z,163.507996,163.570007,163.343994,163.369995
2026-07-29T21:00:00Z,163.376007,163.414001,163.332001,163.376999
2026-07-29T22:00:00Z,163.376007,163.453995,163.358994,163.376007
2026-07-29T23:00:00Z,163.375000,163.389008,163.263000,163.300003
2026-07-30T00:00:00Z,163.307999,163.516998,163.201996,163.492996
2026-07-30T01:00:00Z,163.485992,163.535004,163.408005,163.501999
2026-07-30T02:00:00Z,163.496994,163.505997,163.444000,163.483002
2026-07-30T03:00:00Z,163.483002,163.552994,163.481003,163.496002
2026-07-30T04:00:00Z,163.494995,163.520004,163.455994,163.483994
2026-07-30T05:00:00Z,163.485001,163.548004,163.449005,163.531998
2026-07-30T06:00:00Z,163.531998,163.643997,163.526993,163.634003
2026-07-30T07:00:00Z,163.630997,163.738998,163.552994,163.731995
2026-07-30T08:00:00Z,163.722000,163.735001,163.598999,163.647995
2026-07-30T09:00:00Z,163.645004,163.651001,163.274994,163.306000
2026-07-30T10:00:00Z,163.300995,163.313995,162.257996,162.815002
2026-07-30T11:00:00Z,162.817001,163.042999,162.712006,162.886993
2026-07-30T12:00:00Z,162.888000,162.957001,162.686005,162.955994
2026-07-30T13:00:00Z,162.951004,162.959000,159.720993,159.744995
2026-07-30T14:00:00Z,159.740005,159.955002,157.923004,159.278000
2026-07-30T15:00:00Z,159.279999,159.621994,158.873993,159.472000
2026-07-30T16:00:00Z,159.462997,159.688995,159.363007,159.561996
2026-07-30T17:00:00Z,159.572006,159.845001,158.498001,158.996002
2026-07-30T18:00:00Z,158.981003,159.098999,158.835999,158.888000
2026-07-30T19:00:00Z,158.882004,159.431000,158.882004,159.337006
2026-07-30T20:00:00Z,159.345993,159.604996,159.334000,159.524002
2026-07-30T21:00:00Z,159.522003,159.671005,159.421005,159.619003
2026-07-30T22:00:00Z,159.645996,159.783997,159.352997,159.703995
2026-07-30T23:00:00Z,159.643997,160.212997,159.563995,160.173996
2026-07-31T00:00:00Z,160.186996,160.690002,160.136002,160.535995
2026-07-31T01:00:00Z,160.531006,160.746002,160.324005,160.727005
2026-07-31T02:00:00Z,160.738007,160.740005,160.427002,160.511993
2026-07-31T03:00:00Z,160.490005,160.878006,160.455002,160.608002
2026-07-31T04:00:00Z,160.602997,160.806000,160.554993,160.682007
2026-07-31T05:00:00Z,160.673004,160.748001,160.535995,160.597000
2026-07-31T06:00:00Z,160.593002,160.608002,159.921005,160.281998
2026-07-31T07:00:00Z,160.289001,160.647003,160.199005,160.199997
2026-07-31T08:00:00Z,160.203995,160.518005,158.518005,158.923004
2026-07-31T09:00:00Z,158.921005,160.087006,158.550003,159.988998
2026-07-31T10:00:00Z,159.996002,160.141006,159.852997,159.985001
2026-07-31T11:00:00Z,159.985001,160.257996,159.981995,160.207993
2026-07-31T12:00:00Z,160.205002,160.453003,160.160995,160.365005
2026-07-31T13:00:00Z,160.373993,160.539001,159.123001,159.481995
2026-07-31T14:00:00Z,159.494995,159.557999,158.895004,159.237000
2026-07-31T15:00:00Z,159.240005,159.425003,158.843002,159.164993
2026-07-31T16:00:00Z,159.166000,159.369995,159.110992,159.358994
2026-07-31T17:00:00Z,159.358994,159.507996,158.149002,158.488998
2026-07-31T18:00:00Z,158.485992,159.130005,158.302002,158.882996
2026-07-31T19:00:00Z,158.899002,159.240005,158.848007,159.175003
2026-07-31T20:00:00Z,159.166000,159.201996,157.151001,157.537994
2026-07-31T21:00:00Z,157.399994,157.399994,157.399994,157.399994
2026-08-02T23:00:00Z,157.300995,157.875000,157.046997,157.582001
2026-08-03T00:00:00Z,157.587006,157.886002,155.214996,156.115005
2026-08-03T01:00:00Z,156.125000,156.457001,155.414993,156.343002
2026-08-03T02:00:00Z,156.341995,156.630997,156.209000,156.485001
2026-08-03T03:00:00Z,156.475006,156.645996,156.289001,156.518997
2026-08-03T04:00:00Z,156.518005,156.546997,156.360992,156.451004
2026-08-03T05:00:00Z,156.451004,156.509003,156.360001,156.397003
2026-08-03T06:00:00Z,156.393997,156.852005,156.319000,156.766006
2026-08-03T07:00:00Z,156.774002,156.802994,156.470993,156.772003
2026-08-03T08:00:00Z,156.776993,156.983994,156.554001,156.981003
2026-08-03T09:00:00Z,156.977005,157.136002,156.845993,157.082993
2026-08-03T10:00:00Z,157.091995,157.095993,156.664993,156.817001
2026-08-03T11:00:00Z,156.815002,156.994003,156.565994,156.654999
2026-08-03T12:00:00Z,156.654999,156.895004,156.582001,156.822006
2026-08-03T13:00:00Z,156.813995,156.862000,156.296997,156.434006
2026-08-03T14:00:00Z,156.479004,156.753006,156.222000,156.550003
2026-08-03T15:00:00Z,156.559998,157.035004,156.548004,156.970001
2026-08-03T16:00:00Z,156.957993,156.975006,156.576996,156.888000
2026-08-03T17:00:00Z,156.891006,157.037994,156.871994,157.024994
2026-08-03T18:00:00Z,157.013000,157.082993,156.666000,156.783005
2026-08-03T19:00:00Z,156.776001,156.966003,156.740997,156.940994
2026-08-03T20:00:00Z,156.949005,157.223007,156.852005,157.190002
2026-08-03T21:00:00Z,157.143005,157.199005,157.128998,157.167007
2026-08-03T22:00:00Z,157.167007,157.438004,157.143997,157.358994
2026-08-03T23:00:00Z,157.339005,157.669006,157.248001,157.544006
2026-08-04T00:00:00Z,157.542999,157.552002,157.214005,157.488998
2026-08-04T01:00:00Z,157.488998,157.623001,157.382996,157.604996
2026-08-04T02:00:00Z,157.604004,157.748001,157.580994,157.716995
2026-08-04T03:00:00Z,157.709000,157.718994,157.425995,157.653000
2026-08-04T04:00:00Z,157.651001,157.673996,157.466003,157.535995
2026-08-04T05:00:00Z,157.537994,157.742004,157.494995,157.703003
2026-08-04T06:00:00Z,157.703003,157.770004,157.548004,157.671997
2026-08-04T07:00:00Z,157.681000,157.841003,157.604996,157.804993
2026-08-04T08:00:00Z,157.809006,157.820007,157.716995,157.796997
2026-08-04T09:00:00Z,157.798004,157.957993,157.785995,157.912994
2026-08-04T10:00:00Z,157.908997,157.957001,157.751999,157.819000
2026-08-04T11:00:00Z,157.815994,157.854004,157.339996,157.466995
2026-08-04T12:00:00Z,157.455002,157.593994,157.296005,157.526993
2026-08-04T13:00:00Z,157.522003,157.570999,157.205002,157.423996
2026-08-04T14:00:00Z,157.395004,157.639008,157.287994,157.554001
2026-08-04T15:00:00Z,157.552002,157.617996,157.371994,157.440002
2026-08-04T16:00:00Z,157.434998,157.634003,157.423004,157.570999
2026-08-04T17:00:00Z,157.570999,157.645996,157.518997,157.598007
2026-08-04T18:00:00Z,157.597000,157.699005,157.595993,157.651993
2026-08-04T19:00:00Z,157.647995,157.835007,157.628006,157.757004
2026-08-04T20:00:00Z,157.757004,157.781006,157.669006,157.748993
2026-08-04T21:00:00Z,157.712997,157.796997,157.682999,157.703003
2026-08-04T22:00:00Z,157.703003,157.764008,157.660995,157.716003
2026-08-04T23:00:00Z,157.720001,157.809006,157.647995,157.705994
2026-08-05T00:00:00Z,157.692001,157.755997,157.442993,157.552002
2026-08-05T01:00:00Z,157.561005,157.681000,157.501999,157.643997
2026-08-05T02:00:00Z,157.634995,157.699997,157.298004,157.457993
2026-08-05T03:00:00Z,157.449997,157.531998,157.348007,157.414993
2026-08-05T04:00:00Z,157.419006,157.682999,157.363998,157.651993
2026-08-05T05:00:00Z,157.647995,157.709000,157.582001,157.632996
2026-08-05T06:00:00Z,157.634003,157.766998,157.570007,157.610001
2026-08-05T07:00:00Z,157.608994,157.740005,157.524002,157.710999
2026-08-05T08:00:00Z,157.712997,157.875000,157.699005,157.813995
2026-08-05T09:00:00Z,157.813995,157.865997,157.686996,157.748993
2026-08-05T10:00:00Z,157.746002,157.813004,157.686996,157.697006
2026-08-05T11:00:00Z,157.697006,157.703995,157.477005,157.559998
2026-08-05T12:00:00Z,157.552002,157.636002,157.410004,157.623993
2026-08-05T13:00:00Z,157.621002,157.649002,157.419998,157.535995
2026-08-05T14:00:00Z,157.531006,157.606995,157.304001,157.494003
2026-08-05T15:00:00Z,157.490997,157.666000,157.404007,157.658005
2026-08-05T16:00:00Z,157.656006,157.755997,157.598007,157.744995
2026-08-05T17:00:00Z,157.737000,157.800003,157.651001,157.679993
2026-08-05T18:00:00Z,157.679993,157.709000,157.613998,157.667007
2026-08-05T19:00:00Z,157.669006,157.748993,157.645004,157.716995
2026-08-05T20:00:00Z,157.716995,157.813995,157.686005,157.727005
2026-08-05T21:00:00Z,157.727997,157.729996,157.615997,157.669006
2026-08-05T22:00:00Z,157.669998,157.716995,157.654007,157.658005
2026-08-05T23:00:00Z,157.662994,157.675003,157.548004,157.604004
2026-08-06T00:00:00Z,157.600006,157.759995,157.600006,157.729996
2026-08-06T01:00:00Z,157.722000,157.748001,157.587997,157.664993
2026-08-06T02:00:00Z,157.656006,157.684998,157.584000,157.673004
2026-08-06T03:00:00Z,157.662994,157.744995,157.662994,157.727005
2026-08-06T04:00:00Z,157.727005,157.748993,157.701004,157.733994
2026-08-06T05:00:00Z,157.733994,157.776993,157.701996,157.748001
2026-08-06T06:00:00Z,157.744995,157.850998,157.718994,157.826996
2026-08-06T07:00:00Z,157.822006,157.895004,157.742996,157.858002
2026-08-06T08:00:00Z,157.858994,157.880997,157.785995,157.835007
2026-08-06T09:00:00Z,157.832001,157.880997,157.815994,157.867004
2026-08-06T10:00:00Z,157.863998,157.891998,157.828003,157.867996
2026-08-06T11:00:00Z,157.867996,157.938004,157.848999,157.848999
2026-08-06T12:00:00Z,157.850006,157.925003,157.809998,157.901993
2026-08-06T13:00:00Z,157.899002,157.944000,157.815002,157.863007
2026-08-06T14:00:00Z,157.865005,158.283005,157.858994,158.199005
2026-08-06T15:00:00Z,158.199005,158.462997,158.197006,158.447006
2026-08-06T16:00:00Z,158.442993,158.554993,158.216003,158.503998
2026-08-06T17:00:00Z,158.503998,158.509995,158.386002,158.397003
2026-08-06T18:00:00Z,158.397995,158.417999,158.319000,158.320999
2026-08-06T19:00:00Z,158.328003,158.479996,158.285995,158.393997
2026-08-06T20:00:00Z,158.401001,158.507996,158.382004,158.382004
2026-08-06T21:00:00Z,158.389999,158.472000,158.371994,158.434998
2026-08-06T22:00:00Z,158.434998,158.507996,158.425003,158.464005
2026-08-06T23:00:00Z,158.451004,158.468002,158.367004,158.412994
2026-08-07T00:00:00Z,158.408997,158.576004,158.406998,158.518997
2026-08-07T01:00:00Z,158.518997,158.537003,158.207993,158.322998
2026-08-07T02:00:00Z,158.322998,158.386993,158.300995,158.373993
2026-08-07T03:00:00Z,158.367996,158.447998,158.356995,158.404999
2026-08-07T04:00:00Z,158.401993,158.429993,158.367004,158.371002
2026-08-07T05:00:00Z,158.369995,158.393005,158.315002,158.326996
2026-08-07T06:00:00Z,158.326996,158.367996,158.281006,158.356995
2026-08-07T07:00:00Z,158.360992,158.457001,158.317001,158.399994
2026-08-07T08:00:00Z,158.410004,158.477997,158.334000,158.375000
2026-08-07T09:00:00Z,158.365997,158.395004,158.311996,158.350006
2026-08-07T10:00:00Z,158.350006,158.414993,158.240005,158.300995
2026-08-07T11:00:00Z,158.300995,158.373001,158.257996,158.326004
2026-08-07T12:00:00Z,158.326004,158.397003,156.651993,157.380005
2026-08-07T13:00:00Z,157.378998,157.761002,157.233002,157.738998
2026-08-07T14:00:00Z,157.733002,157.949005,157.664001,157.925995
2026-08-07T15:00:00Z,157.925003,157.988998,157.434998,157.548004
2026-08-07T16:00:00Z,157.548996,157.552002,157.298996,157.447006
2026-08-07T17:00:00Z,157.449005,157.500000,157.365997,157.483002
2026-08-07T18:00:00Z,157.481995,157.625000,157.472000,157.531998
2026-08-07T19:00:00Z,157.529007,157.619995,157.445999,157.552994
2026-08-07T20:00:00Z,157.556000,157.871002,157.533997,157.744995
2026-08-09T23:00:00Z,157.916000,157.936005,157.819000,157.899994
2026-08-10T00:00:00Z,157.901993,157.968994,157.830994,157.942993
2026-08-10T01:00:00Z,157.942993,158.317001,157.923004,158.266006
2026-08-10T02:00:00Z,158.266006,158.304001,158.214005,158.225006
2026-08-10T03:00:00Z,158.229004,158.233994,158.147003,158.195999
2026-08-10T04:00:00Z,158.190002,158.341995,158.190002,158.337006
2026-08-10T05:00:00Z,158.332001,158.386993,158.292007,158.339005
2026-08-10T06:00:00Z,158.339005,158.457001,158.332001,158.378998
2026-08-10T07:00:00Z,158.375000,158.522995,158.375000,158.479996
2026-08-10T08:00:00Z,158.479996,158.684998,158.425995,158.658005
2026-08-10T09:00:00Z,158.662994,158.858002,158.641998,158.843002
2026-08-10T10:00:00Z,158.845001,158.891006,158.725998,158.779999
2026-08-10T11:00:00Z,158.781006,158.876007,158.733994,158.809998
2026-08-10T12:00:00Z,158.809998,158.947998,158.401001,158.938004
2026-08-10T13:00:00Z,158.934006,159.063995,158.852997,159.013000
2026-08-10T14:00:00Z,159.007996,159.016998,158.856995,158.936005
2026-08-10T15:00:00Z,158.929993,159.007004,158.850006,158.895996
2026-08-10T16:00:00Z,158.895996,159.044006,158.889008,159.028000
2026-08-10T17:00:00Z,159.031006,159.162994,159.022003,159.130997
2026-08-10T18:00:00Z,159.130005,159.358002,159.076996,159.235992
2026-08-10T19:00:00Z,159.235001,159.363007,159.216995,159.300003
2026-08-10T20:00:00Z,159.296005,159.343994,159.278000,159.283997
2026-08-10T21:00:00Z,159.257004,159.268005,159.154007,159.222000
2026-08-10T22:00:00Z,159.220993,159.309006,159.199005,159.255997
2026-08-10T23:00:00Z,159.240997,159.289993,159.121002,159.149994
2026-08-11T00:00:00Z,159.149994,159.197998,158.919998,159.145004
2026-08-11T01:00:00Z,159.141998,159.182999,159.061005,159.162994
2026-08-11T02:00:00Z,159.162003,159.311996,159.154007,159.259995
2026-08-11T03:00:00Z,159.257004,159.270004,159.139008,159.199997
2026-08-11T04:00:00Z,159.195999,159.251007,159.154999,159.184006
2026-08-11T05:00:00Z,159.182999,159.231003,159.147003,159.201004
2026-08-11T06:00:00Z,159.199997,159.240997,159.173004,159.207993
2026-08-11T07:00:00Z,159.205002,159.376999,159.195007,159.356003
2026-08-11T08:00:00Z,159.360992,159.371002,159.276993,159.348999
2026-08-11T09:00:00Z,159.348999,159.389999,159.264999,159.281998
2026-08-11T10:00:00Z,159.276001,159.330994,159.186005,159.225006
2026-08-11T11:00:00Z,159.223999,159.253006,159.048996,159.244003
2026-08-11T12:00:00Z,159.244995,159.365005,159.184006,159.270004
2026-08-11T13:00:00Z,159.264999,159.270996,159.167007,159.229996
2026-08-11T14:00:00Z,159.229004,159.294006,159.192001,159.229996
2026-08-11T15:00:00Z,159.229996,159.328003,159.195999,159.244003
2026-08-11T16:00:00Z,159.244003,159.268997,159.205002,159.261002
2026-08-11T17:00:00Z,159.264999,159.352005,159.253998,159.306000
2026-08-11T18:00:00Z,159.311996,159.345993,159.253006,159.270996
2026-08-11T19:00:00Z,159.259995,159.304993,159.240005,159.279999
2026-08-11T20:00:00Z,159.283997,159.365005,159.233994,159.259995
2026-08-11T21:00:00Z,159.242004,159.300003,159.218002,159.259995
2026-08-11T22:00:00Z,159.259995,159.304993,159.251007,159.264999
2026-08-11T23:00:00Z,159.255997,159.300003,159.253998,159.276001
2026-08-12T00:00:00Z,159.264999,159.369003,159.194000,159.335999
2026-08-12T01:00:00Z,159.335999,159.376007,159.289993,159.326004
2026-08-12T02:00:00Z,159.334000,159.432007,159.326004,159.391998
2026-08-12T03:00:00Z,159.391998,159.457993,159.391998,159.425995
2026-08-12T04:00:00Z,159.419998,159.460999,159.362000,159.412994
2026-08-12T05:00:00Z,159.408005,159.436996,159.306000,159.406006
2026-08-12T06:00:00Z,159.404999,159.427002,159.339005,159.378998
2026-08-12T07:00:00Z,159.376999,159.397003,159.326004,159.365005
2026-08-12T08:00:00Z,159.367996,159.371994,159.279999,159.315002
2026-08-12T09:00:00Z,159.309006,159.335999,158.567001,159.149994
2026-08-12T10:00:00Z,159.149994,159.223999,159.091003,159.175003
2026-08-12T11:00:00Z,159.175995,159.182007,159.050003,159.093002
2026-08-12T12:00:00Z,159.093002,159.188995,158.639008,158.802002
2026-08-12T13:00:00Z,158.802994,159.039993,158.688004,159.014999
2026-08-12T14:00:00Z,159.018997,159.242004,158.990005,159.197998
2026-08-12T15:00:00Z,159.197998,159.289993,159.179993,159.229004
2026-08-12T16:00:00Z,159.225998,159.410004,159.195999,159.380005
2026-08-12T17:00:00Z,159.388000,159.526993,159.350006,159.494995
2026-08-12T18:00:00Z,159.501999,159.544006,159.423996,159.488998
2026-08-12T19:00:00Z,159.494995,159.516006,159.449005,159.488007
2026-08-12T20:00:00Z,159.485992,159.505005,159.391998,159.401001
2026-08-12T21:00:00Z,159.399002,159.425003,159.360001,159.388000
2026-08-12T22:00:00Z,159.386993,159.453995,159.384003,159.386993
2026-08-12T23:00:00Z,159.378998,159.389999,159.311996,159.335007
2026-08-13T00:00:00Z,159.335999,159.384003,159.238007,159.313995
2026-08-13T01:00:00Z,159.317001,159.367996,159.272995,159.341995
2026-08-13T02:00:00Z,159.341995,159.483002,159.332993,159.425003
2026-08-13T03:00:00Z,159.425003,159.488007,159.399994,159.429001
2026-08-13T04:00:00Z,159.421005,159.477005,159.171997,159.242996
2026-08-13T05:00:00Z,159.242996,159.371002,159.220001,159.274002
2026-08-13T06:00:00Z,159.274002,159.445007,159.253998,159.378998
2026-08-13T07:00:00Z,159.388000,159.410995,159.313995,159.356995
2026-08-13T08:00:00Z,159.360992,159.412003,159.337006,159.397995
2026-08-13T09:00:00Z,159.399002,159.436996,159.317993,159.334000
2026-08-13T10:00:00Z,159.334000,159.365997,159.311005,159.337997
2026-08-13T11:00:00Z,159.337997,159.352005,159.246002,159.330002
2026-08-13T12:00:00Z,159.330994,159.412994,159.167999,159.169006
2026-08-13T13:00:00Z,159.169998,159.337006,159.147003,159.261993
2026-08-13T14:00:00Z,159.261993,159.326996,159.018005,159.162994
2026-08-13T15:00:00Z,159.162994,159.386993,159.151993,159.348999
2026-08-13T16:00:00Z,159.350006,159.496994,159.337006,159.477005
2026-08-13T17:00:00Z,159.475006,159.569000,159.464005,159.514008
2026-08-13T18:00:00Z,159.516998,159.542007,159.431000,159.503998
2026-08-13T19:00:00Z,159.503998,159.542007,159.483002,159.513000
2026-08-13T20:00:00Z,159.513000,159.565994,159.468002,159.468994
2026-08-13T21:00:00Z,159.457001,159.528000,159.429001,159.464005
2026-08-13T22:00:00Z,159.472000,159.522003,159.445007,159.466995
2026-08-13T23:00:00Z,159.457993,159.483994,159.423004,159.429001
2026-08-14T00:00:00Z,159.427002,159.509995,159.345001,159.367996
2026-08-14T01:00:00Z,159.367996,159.457993,159.348007,159.442993
2026-08-14T02:00:00Z,159.440994,159.451004,159.369995,159.404007
2026-08-14T03:00:00Z,159.404007,159.421005,159.320007,159.375000
2026-08-14T04:00:00Z,159.375000,159.386002,159.328995,159.352997
2026-08-14T05:00:00Z,159.348007,159.356003,159.128998,159.259003
2026-08-14T06:00:00Z,159.255005,159.283997,159.139999,159.238998
2026-08-14T07:00:00Z,159.238998,159.313004,159.195999,159.203003
2026-08-14T08:00:00Z,159.199997,159.227005,159.056000,159.173996
2026-08-14T09:00:00Z,159.169006,159.195999,159.106995,159.136993
2026-08-14T10:00:00Z,159.143997,159.192993,159.082001,159.173996
2026-08-14T11:00:00Z,159.173996,159.192993,159.033997,159.106995
2026-08-14T12:00:00Z,159.104004,159.113998,158.595001,158.917999
2026-08-14T13:00:00Z,158.921005,159.093002,158.789001,158.940994
2026-08-14T14:00:00Z,158.936996,159.063004,158.891006,159.029007
2026-08-14T15:00:00Z,159.026001,159.216003,158.942993,159.209000
2026-08-14T16:00:00Z,159.209000,159.371994,159.197998,159.362000
2026-08-14T17:00:00Z,159.360001,159.401001,159.339005,159.358002
2026-08-14T18:00:00Z,159.358994,159.393005,159.339996,159.376007
2026-08-14T19:00:00Z,159.373001,159.397995,159.356995,159.358002
2026-08-14T20:00:00Z,159.358002,159.369995,159.246002,159.285004
2026-08-14T21:00:00Z,159.304993,159.304993,159.304993,159.304993
2026-08-16T23:00:00Z,159.134003,159.250000,159.126999,159.218994
2026-08-17T00:00:00Z,159.222000,159.248993,158.998993,159.018005
2026-08-17T01:00:00Z,159.020004,159.104996,158.979996,159.052002
2026-08-17T02:00:00Z,159.052002,159.069000,158.945999,159.033005
2026-08-17T03:00:00Z,159.033997,159.147003,159.033005,159.089005
2026-08-17T04:00:00Z,159.089996,159.128998,159.042999,159.119995
2026-08-17T05:00:00Z,159.115005,159.123001,158.972000,159.082001
2026-08-17T06:00:00Z,159.080994,159.110992,158.932007,158.959000
2026-08-17T07:00:00Z,158.960007,159.001007,158.839005,158.951996
2026-08-17T08:00:00Z,158.947006,159.149994,158.925003,159.121994
2026-08-17T09:00:00Z,159.121994,159.184998,159.061996,159.167007
2026-08-17T10:00:00Z,159.162994,159.205994,159.098007,159.182999
2026-08-17T11:00:00Z,159.182999,159.283997,159.154007,159.238007
2026-08-17T12:00:00Z,159.233994,159.287994,159.188995,159.246002
2026-08-17T13:00:00Z,159.242004,159.384003,159.212006,159.263000
2026-08-17T14:00:00Z,159.259995,159.309998,159.182007,159.283997
2026-08-17T15:00:00Z,159.283997,159.403000,159.272995,159.339005
2026-08-17T16:00:00Z,159.339996,159.395004,159.326004,159.363007
2026-08-17T17:00:00Z,159.360992,159.505005,159.348999,159.490997
2026-08-17T18:00:00Z,159.487000,159.597000,159.479004,159.589996
2026-08-17T19:00:00Z,159.589005,159.593994,159.404007,159.455994
2026-08-17T20:00:00Z,159.457001,159.511993,159.414993,159.414993
2026-08-17T21:00:00Z,159.404007,159.490997,159.281006,159.397003
2026-08-17T22:00:00Z,159.376999,159.477005,159.350998,159.410995
2026-08-17T23:00:00Z,159.406006,159.423996,159.307999,159.324997
2026-08-18T00:00:00Z,159.324997,159.524002,159.304001,159.421997
2026-08-18T01:00:00Z,159.421997,159.511993,159.389008,159.500000
2026-08-18T02:00:00Z,159.498001,159.544998,159.449005,159.455002
2026-08-18T03:00:00Z,159.451996,159.569000,159.451996,159.548004
2026-08-18T04:00:00Z,159.548004,159.750000,159.544006,159.697006
2026-08-18T05:00:00Z,159.688995,159.733994,159.615997,159.662994
2026-08-18T06:00:00Z,159.656006,159.779007,159.643005,159.716003
2026-08-18T07:00:00Z,159.718002,159.761993,159.671997,159.716995
2026-08-18T08:00:00Z,159.722000,159.744003,159.626999,159.664993
2026-08-18T09:00:00Z,159.667999,159.694000,159.580994,159.604004
2026-08-18T10:00:00Z,159.604004,159.714996,159.597000,159.705994
2026-08-18T11:00:00Z,159.701996,159.744995,159.688004,159.694000
2026-08-18T12:00:00Z,159.699005,159.720993,159.632004,159.664001
2026-08-18T13:00:00Z,159.662994,159.723007,159.559998,159.572006
2026-08-18T14:00:00Z,159.580002,159.580002,159.423004,159.550003
2026-08-18T15:00:00Z,159.548996,159.645996,159.488007,159.595993
2026-08-18T16:00:00Z,159.593002,159.639008,159.535995,159.567001
2026-08-18T17:00:00Z,159.570999,159.638000,159.557007,159.598007
2026-08-18T18:00:00Z,159.595993,159.630997,159.559006,159.600006
2026-08-18T19:00:00Z,159.602997,159.649002,159.570999,159.636002
2026-08-18T20:00:00Z,159.643005,159.675003,159.584000,159.595993
2026-08-18T21:00:00Z,159.591995,159.621002,159.468994,159.580994
2026-08-18T22:00:00Z,159.576996,159.645004,159.554001,159.589005
2026-08-18T23:00:00Z,159.582993,159.608994,159.531006,159.550003
2026-08-19T00:00:00Z,159.550003,159.552994,159.384995,159.462006
2026-08-19T01:00:00Z,159.455994,159.524994,159.436005,159.447998
2026-08-19T02:00:00Z,159.445999,159.470993,159.285995,159.363998
2026-08-19T03:00:00Z,159.365005,159.442993,159.330994,159.419998
2026-08-19T04:00:00Z,159.419998,159.425003,159.231003,159.326004
2026-08-19T05:00:00Z,159.326004,159.332001,159.203995,159.294998
2026-08-19T06:00:00Z,159.289993,159.296997,159.110992,159.238998
2026-08-19T07:00:00Z,159.244003,159.281006,159.119995,159.162994
2026-08-19T08:00:00Z,159.162994,159.182007,159.048996,159.162003
2026-08-19T09:00:00Z,159.162003,159.266006,159.065002,159.084000
2026-08-19T10:00:00Z,159.084000,159.110992,158.994003,159.095001
2026-08-19T11:00:00Z,159.093002,159.186996,159.080994,159.134003
2026-08-19T12:00:00Z,159.141998,159.154007,158.154007,158.600006
2026-08-19T13:00:00Z,158.587006,158.600998,158.313004,158.432007
2026-08-19T14:00:00Z,158.434006,158.468994,158.037994,158.343994
2026-08-19T15:00:00Z,158.348007,158.524994,158.341995,158.453003
2026-08-19T16:00:00Z,158.449997,158.501007,158.309998,158.384995
2026-08-19T17:00:00Z,158.380005,158.613998,158.317993,158.582001
2026-08-19T18:00:00Z,158.584000,158.597000,158.257004,158.319000
2026-08-19T19:00:00Z,158.313004,158.367996,158.093002,158.139008
2026-08-19T20:00:00Z,158.145004,158.223007,158.085007,158.143997
2026-08-19T21:00:00Z,158.121994,158.145004,158.057007,158.100006
2026-08-19T22:00:00Z,158.095001,158.197006,158.011993,158.171997
2026-08-19T23:00:00Z,158.181000,158.281006,158.175995,158.259003
2026-08-20T00:00:00Z,158.255005,158.438995,158.154999,158.404007
2026-08-20T01:00:00Z,158.399002,158.567993,158.320007,158.529999
2026-08-20T02:00:00Z,158.524002,158.537994,158.298004,158.438995
2026-08-20T03:00:00Z,158.438004,158.490997,158.369995,158.429993
2026-08-20T04:00:00Z,158.427994,158.634003,158.410995,158.563995
2026-08-20T05:00:00Z,158.567001,158.731003,158.528000,158.628998
2026-08-20T06:00:00Z,158.630005,158.658997,158.352997,158.360001
2026-08-20T07:00:00Z,158.358994,158.546005,158.320007,158.434998
2026-08-20T08:00:00Z,158.436996,158.535004,158.369003,158.488998
2026-08-20T09:00:00Z,158.490005,158.496002,158.195999,158.335007
2026-08-20T10:00:00Z,158.339005,158.522003,158.233994,158.466995
2026-08-20T11:00:00Z,158.466995,158.710999,158.466995,158.656998
2026-08-20T12:00:00Z,158.660004,158.800995,158.593002,158.634995
2026-08-20T13:00:00Z,158.638000,158.835007,158.533997,158.824997
2026-08-20T14:00:00Z,158.820007,158.893005,158.703003,158.723007
2026-08-20T15:00:00Z,158.720993,158.977005,158.488998,158.848007
2026-08-20T16:00:00Z,158.850006,159.098007,158.835007,158.994003
2026-08-20T17:00:00Z,158.992004,159.100998,158.964005,159.046997
2026-08-20T18:00:00Z,159.048996,159.175003,159.031006,159.141006
2026-08-20T19:00:00Z,159.134995,159.179001,159.098999,159.112000
2026-08-20T20:00:00Z,159.112000,159.141006,159.013000,159.016006
2026-08-20T21:00:00Z,159.011993,159.076996,158.981995,159.020004
2026-08-20T22:00:00Z,159.026001,159.078995,158.934006,158.955002
2026-08-20T23:00:00Z,158.951004,158.960999,158.863998,158.889999
2026-08-21T00:00:00Z,158.893005,159.128998,158.863998,159.097000
2026-08-21T01:00:00Z,159.089005,159.134003,158.901001,158.945007
2026-08-21T02:00:00Z,158.949005,159.024002,158.871994,158.964996
2026-08-21T03:00:00Z,158.962006,159.087997,158.932999,158.992996
2026-08-21T04:00:00Z,158.994003,159.063995,158.947006,158.996994
2026-08-21T05:00:00Z,158.996994,159.031006,158.809998,158.830002
2026-08-21T06:00:00Z,158.830002,158.988007,158.785004,158.886993
2026-08-21T07:00:00Z,158.889008,158.932999,158.729004,158.817001
2026-08-21T08:00:00Z,158.817001,158.869995,158.507996,158.522003
2026-08-21T09:00:00Z,158.528000,158.608002,158.347000,158.597000
2026-08-21T10:00:00Z,158.602997,158.735001,158.518005,158.695007
2026-08-21T11:00:00Z,158.697998,158.768005,158.546997,158.682007
2026-08-21T12:00:00Z,158.682007,158.845993,158.617996,158.753006
2026-08-21T13:00:00Z,158.746994,158.895996,158.716003,158.770004
2026-08-21T14:00:00Z,158.772995,159.007996,158.763000,158.951996
2026-08-21T15:00:00Z,158.951996,159.039993,158.897003,158.916000
2026-08-21T16:00:00Z,158.910004,158.981003,158.820007,158.959000
2026-08-21T17:00:00Z,158.959000,159.044006,158.957001,159.016006
2026-08-21T18:00:00Z,159.011993,159.052002,158.979004,159.014008
2026-08-21T19:00:00Z,159.014999,159.042007,158.955002,158.994995
2026-08-21T20:00:00Z,158.998001,159.018005,158.862000,158.862000
2026-08-21T22:00:00Z,158.940002,158.940002,158.940002,158.940002
2026-08-23T23:00:00Z,158.962997,159.003006,158.863998,158.871002
2026-08-24T00:00:00Z,158.869995,158.888000,158.697998,158.723999
2026-08-24T01:00:00Z,158.723999,158.953003,158.710999,158.841995
2026-08-24T02:00:00Z,158.835999,158.917999,158.804001,158.873001
2026-08-24T03:00:00Z,158.873001,158.970001,158.871994,158.927002
2026-08-24T04:00:00Z,158.927002,158.962997,158.807999,158.858002
2026-08-24T05:00:00Z,158.858994,158.975998,158.850998,158.897995
2026-08-24T06:00:00Z,158.897995,159.031998,158.852005,159.031006
2026-08-24T07:00:00Z,159.026993,159.186996,158.979004,159.158005
2026-08-24T08:00:00Z,159.154999,159.281998,159.143997,159.188995
2026-08-24T09:00:00Z,159.192001,159.233994,159.145004,159.197998
2026-08-24T10:00:00Z,159.205002,159.214996,159.115005,159.197998
2026-08-24T11:00:00Z,159.205994,159.231995,158.990005,159.059998
2026-08-24T12:00:00Z,159.061996,159.121994,158.876999,159.042007
2026-08-24T13:00:00Z,159.042007,159.162003,159.011002,159.100998
2026-08-24T14:00:00Z,159.106995,159.201004,159.067993,159.195999
2026-08-24T15:00:00Z,159.195007,159.201004,159.063004,159.169998
2026-08-24T16:00:00Z,159.169998,159.195007,159.000000,159.072998
2026-08-24T17:00:00Z,159.069000,159.192001,158.979996,159.156998
2026-08-24T18:00:00Z,159.154007,159.214005,159.130997,159.175003
2026-08-24T19:00:00Z,159.175995,159.216995,159.119995,159.162994
2026-08-24T20:00:00Z,159.158005,159.181000,159.057007,159.074997
2026-08-24T21:00:00Z,159.061996,159.121002,158.992004,159.065994
2026-08-24T22:00:00Z,159.052994,159.121994,159.007996,159.093994
2026-08-24T23:00:00Z,159.093994,159.158997,159.052002,159.128006
2026-08-25T00:00:00Z,159.126999,159.192993,159.084000,159.186005
2026-08-25T01:00:00Z,159.184998,159.309998,159.121002,159.268005
2026-08-25T02:00:00Z,159.259995,159.397003,159.244003,159.354996
2026-08-25T03:00:00Z,159.354996,159.393997,159.313995,159.324005
2026-08-25T04:00:00Z,159.324005,159.369995,159.207001,159.300995
2026-08-25T05:00:00Z,159.302002,159.348999,159.274994,159.332001
2026-08-25T06:00:00Z,159.330994,159.410995,159.268005,159.408005
2026-08-25T07:00:00Z,159.403000,159.455994,159.309998,159.438995
2026-08-25T08:00:00Z,159.438004,159.490997,159.320007,159.339996
2026-08-25T09:00:00Z,159.341003,159.358994,159.218002,159.281006
2026-08-25T10:00:00Z,159.276001,159.328003,159.237000,159.279007
2026-08-25T11:00:00Z,159.281998,159.332001,159.227005,159.244003
2026-08-25T12:00:00Z,159.244003,159.294998,159.188004,159.289993
2026-08-25T13:00:00Z,159.292007,159.300995,159.108002,159.197006
2026-08-25T14:00:00Z,159.210999,159.326004,159.182999,159.253006
2026-08-25T15:00:00Z,159.248001,159.292007,159.175003,159.207993
2026-08-25T16:00:00Z,159.207993,159.292999,159.197998,159.272995
2026-08-25T17:00:00Z,159.268997,159.313995,159.209000,159.216003
2026-08-25T18:00:00Z,159.214996,159.255005,159.186005,159.218002
2026-08-25T19:00:00Z,159.223007,159.237000,159.074997,159.134995
2026-08-25T20:00:00Z,159.134995,159.238007,159.119003,159.164001
2026-08-25T21:00:00Z,159.134995,159.220993,159.132996,159.195007
2026-08-25T22:00:00Z,159.186996,159.235992,159.181000,159.192993
2026-08-25T23:00:00Z,159.192001,159.261993,159.192001,159.209000
2026-08-26T00:00:00Z,159.209000,159.259003,159.098007,159.164001
2026-08-26T01:00:00Z,159.164993,159.184998,158.957993,159.044006
2026-08-26T02:00:00Z,159.046005,159.052994,158.875000,159.031998
2026-08-26T03:00:00Z,159.037994,159.039001,158.893005,158.955994
2026-08-26T04:00:00Z,158.951996,159.041000,158.936005,159.026993
2026-08-26T05:00:00Z,159.033005,159.050003,158.957001,159.009003
2026-08-26T06:00:00Z,159.007004,159.123001,159.000000,159.054993
2026-08-26T07:00:00Z,159.050003,159.061996,158.957993,159.003998
2026-08-26T08:00:00Z,159.011993,159.033005,158.925003,159.005997
2026-08-26T09:00:00Z,159.005997,159.057007,158.951004,158.981995
2026-08-26T10:00:00Z,158.985001,159.121002,158.977997,159.089005
2026-08-26T11:00:00Z,159.087006,159.160995,159.054001,159.078003
2026-08-26T12:00:00Z,159.078003,159.255005,158.888000,159.229996
2026-08-26T13:00:00Z,159.229996,159.395004,159.225998,159.395004
2026-08-26T14:00:00Z,159.389999,159.444000,159.341003,159.403000
2026-08-26T15:00:00Z,159.403000,159.412994,159.313004,159.365005
2026-08-26T16:00:00Z,159.362000,159.427994,159.294006,159.417007
2026-08-26T17:00:00Z,159.412003,159.427002,159.356003,159.386993
2026-08-26T18:00:00Z,159.388000,159.417007,159.367996,159.395996
2026-08-26T19:00:00Z,159.395996,159.412003,159.319000,159.345001
2026-08-26T20:00:00Z,159.341003,159.363007,159.278000,159.285995
2026-08-26T21:00:00Z,159.274002,159.317993,159.225998,159.244003
2026-08-26T22:00:00Z,159.261993,159.332993,159.238007,159.268005
2026-08-26T23:00:00Z,159.257996,159.274002,159.203003,159.244995
2026-08-27T00:00:00Z,159.248993,159.255005,159.108002,159.175995
2026-08-27T01:00:00Z,159.177002,159.281998,159.126007,159.253006
2026-08-27T02:00:00Z,159.246002,159.399994,159.244003,159.326996
2026-08-27T03:00:00Z,159.332993,159.373993,159.300995,159.343002
2026-08-27T04:00:00Z,159.341995,159.384003,159.324997,159.360992
2026-08-27T05:00:00Z,159.354996,159.386002,159.279007,159.360001
2026-08-27T06:00:00Z,159.360001,159.389999,159.330002,159.352005
2026-08-27T07:00:00Z,159.352005,159.373001,159.268005,159.352005
2026-08-27T08:00:00Z,159.352005,159.367996,159.274994,159.317993
2026-08-27T09:00:00Z,159.319000,159.490005,159.304993,159.473007
2026-08-27T10:00:00Z,159.470993,159.526001,159.412994,159.473999
2026-08-27T11:00:00Z,159.470993,159.514999,159.412003,159.434006
2026-08-27T12:00:00Z,159.434006,159.447006,159.341995,159.408005
2026-08-27T13:00:00Z,159.410004,159.466995,159.335007,159.360992
2026-08-27T14:00:00Z,159.363007,159.375000,159.270004,159.326004
2026-08-27T15:00:00Z,159.330994,159.330994,159.233002,159.261993
2026-08-27T16:00:00Z,159.257996,159.306000,159.240005,159.289001
2026-08-27T17:00:00Z,159.289001,159.408005,159.259995,159.401993
2026-08-27T18:00:00Z,159.399994,159.460007,159.395996,159.429001
2026-08-27T19:00:00Z,159.427994,159.447998,159.395004,159.416000
2026-08-27T20:00:00Z,159.412003,159.421997,159.362000,159.367004
2026-08-27T21:00:00Z,159.376007,159.417007,159.304001,159.362000
2026-08-27T22:00:00Z,159.362000,159.395004,159.347000,159.350998
2026-08-27T23:00:00Z,159.350006,159.373993,159.304001,159.307999
2026-08-28T00:00:00Z,159.307007,159.389999,159.292007,159.360001
2026-08-28T01:00:00Z,159.365005,159.445007,159.324997,159.425995
2026-08-28T02:00:00Z,159.425995,159.466995,159.386002,159.432999
2026-08-28T03:00:00Z,159.436005,159.464005,159.427994,159.444000
2026-08-28T04:00:00Z,159.444000,159.514999,159.444000,159.492996
2026-08-28T05:00:00Z,159.492996,159.559998,159.492004,159.518005
2026-08-28T06:00:00Z,159.522995,159.542007,159.408005,159.414001
2026-08-28T07:00:00Z,159.414993,159.507004,159.404007,159.501007
2026-08-28T08:00:00Z,159.501999,159.587997,159.494995,159.567993
2026-08-28T09:00:00Z,159.567993,159.692001,159.563995,159.682999
2026-08-28T10:00:00Z,159.682999,159.694000,159.630997,159.632996
2026-08-28T11:00:00Z,159.632996,159.686005,159.626999,159.647995
2026-08-28T12:00:00Z,159.647995,159.679001,159.557999,159.574997
2026-08-28T13:00:00Z,159.570007,159.692993,159.531006,159.662003
2026-08-28T14:00:00Z,159.639999,159.945007,159.384995,159.867996
2026-08-28T15:00:00Z,159.871994,160.059998,159.824997,159.975006
2026-08-28T16:00:00Z,159.975006,160.201996,159.953995,160.195007
2026-08-28T17:00:00Z,160.188995,160.201996,160.132004,160.177994
2026-08-28T18:00:00Z,160.175995,160.190994,160.128998,160.132996
2026-08-28T19:00:00Z,160.136993,160.147995,160.042999,160.078003
2026-08-28T20:00:00Z,160.080994,160.139999,160.003998,160.037994
2026-08-30T23:00:00Z,160.104004,160.201004,160.102005,160.110992
2026-08-31T00:00:00Z,160.113998,160.117004,159.949997,159.959000
2026-08-31T01:00:00Z,159.960007,159.981003,159.748001,159.817993
2026-08-31T02:00:00Z,159.817993,159.843994,159.725998,159.768997
2026-08-31T03:00:00Z,159.768005,159.843002,159.744995,159.796005
2026-08-31T04:00:00Z,159.796005,159.830994,159.740005,159.787003
2026-08-31T05:00:00Z,159.785004,159.875000,159.761002,159.828003
2026-08-31T06:00:00Z,159.822998,159.914993,159.779999,159.800003
2026-08-31T07:00:00Z,159.794998,159.819000,159.539001,159.576004
2026-08-31T08:00:00Z,159.574997,159.750000,159.470001,159.735001
2026-08-31T09:00:00Z,159.737000,159.766998,159.684006,159.727997
2026-08-31T10:00:00Z,159.735001,159.776993,159.697998,159.720993
2026-08-31T11:00:00Z,159.720993,159.733002,159.600006,159.707001
2026-08-31T12:00:00Z,159.701996,159.884995,159.673004,159.875000
2026-08-31T13:00:00Z,159.878006,159.895996,159.759995,159.824005
2026-08-31T14:00:00Z,159.824997,159.856003,159.593002,159.703003
2026-08-31T15:00:00Z,159.707001,159.800003,159.677994,159.742996
2026-08-31T16:00:00Z,159.740005,159.742004,159.660004,159.675995
2026-08-31T17:00:00Z,159.679993,159.720993,159.662003,159.686996
2026-08-31T18:00:00Z,159.688995,159.815002,159.671005,159.792999
2026-08-31T19:00:00Z,159.794998,159.813995,159.703003,159.744995
2026-08-31T20:00:00Z,159.746994,159.774002,159.716003,159.725998
2026-08-31T21:00:00Z,159.725006,159.764999,159.699005,159.707001
2026-08-31T22:00:00Z,159.709000,159.783997,159.694000,159.768005
2026-08-31T23:00:00Z,159.768005,159.830002,159.733994,159.750000
2026-09-01T00:00:00Z,159.744003,159.837006,159.628006,159.796997
2026-09-01T01:00:00Z,159.792007,159.850006,159.697998,159.753998
2026-09-01T02:00:00Z,159.744995,159.845001,159.744995,159.779999
2026-09-01T03:00:00Z,159.779999,159.813004,159.763000,159.798996
2026-09-01T04:00:00Z,159.806000,159.882004,159.794998,159.865997
2026-09-01T05:00:00Z,159.865997,159.904999,159.822006,159.873993
2026-09-01T06:00:00Z,159.880005,159.981995,159.860001,159.945999
2026-09-01T07:00:00Z,159.940002,160.022995,159.914001,159.979004
2026-09-01T08:00:00Z,159.979004,160.024002,159.917999,159.921005
2026-09-01T09:00:00Z,159.919998,160.061005,159.886002,160.048996
2026-09-01T10:00:00Z,160.048996,160.113007,159.975006,160.082993
2026-09-01T11:00:00Z,160.085999,160.147995,159.983002,160.108002
2026-09-01T12:00:00Z,160.108002,160.209000,160.009995,160.100998
2026-09-01T13:00:00Z,160.102005,160.162994,159.992004,159.992004
2026-09-01T14:00:00Z,160.003998,160.089996,159.888000,160.070999
2026-09-01T15:00:00Z,160.065994,160.108002,160.013000,160.028000
2026-09-01T16:00:00Z,160.026001,160.177002,160.000000,160.160995
2026-09-01T17:00:00Z,160.160995,160.248001,160.141006,160.238007
2026-09-01T18:00:00Z,160.240997,160.272003,160.186005,160.197998
2026-09-01T19:00:00Z,160.199005,160.248993,160.171997,160.220001
2026-09-01T20:00:00Z,160.220001,160.244003,160.151993,160.162994
2026-09-01T21:00:00Z,160.141006,160.188004,160.093994,160.139999
2026-09-01T22:00:00Z,160.136002,160.207993,160.113998,160.192993
2026-09-01T23:00:00Z,160.194000,160.233994,160.147003,160.192993
2026-09-02T00:00:00Z,160.194000,160.292999,160.128998,160.283997
2026-09-02T01:00:00Z,160.283997,160.393997,160.261002,160.365005
2026-09-02T02:00:00Z,160.365005,160.393997,160.240005,160.257996
2026-09-02T03:00:00Z,160.257996,160.272995,160.194000,160.205994
2026-09-02T04:00:00Z,160.205994,160.216995,160.029999,160.104004
2026-09-02T05:00:00Z,160.102997,160.132996,159.792999,159.824005
2026-09-02T06:00:00Z,159.817001,159.819000,159.427002,159.595001
2026-09-02T07:00:00Z,159.589996,159.768005,159.542007,159.686996
2026-09-02T08:00:00Z,159.686996,159.854996,159.638000,159.845993
2026-09-02T09:00:00Z,159.845993,159.882004,159.766998,159.852997
2026-09-02T10:00:00Z,159.854004,159.921997,159.835007,159.888000
2026-09-02T11:00:00Z,159.888000,159.904999,159.613998,159.630005
2026-09-02T12:00:00Z,159.630005,159.710999,159.492996,159.587006
2026-09-02T13:00:00Z,159.585999,159.615997,158.194000,158.565994
2026-09-02T14:00:00Z,158.561005,158.856995,158.496994,158.742996
2026-09-02T15:00:00Z,158.738007,158.824997,158.600998,158.792007
2026-09-02T16:00:00Z,158.792999,158.882996,158.778000,158.841995
2026-09-02T17:00:00Z,158.843002,158.964005,158.764999,158.873001
2026-09-02T18:00:00Z,158.873993,158.975006,158.820007,158.931000
2026-09-02T19:00:00Z,158.936996,159.013000,158.751007,158.761993
2026-09-02T20:00:00Z,158.761993,158.783997,158.604996,158.695007
2026-09-02T21:00:00Z,158.673996,158.722000,158.626999,158.662994
2026-09-02T22:00:00Z,158.673996,158.839996,158.656006,158.789001
2026-09-02T23:00:00Z,158.768005,158.934998,158.751007,158.901993
2026-09-03T00:00:00Z,158.893005,158.968002,158.542007,158.707993
2026-09-03T01:00:00Z,158.705994,158.725998,158.218002,158.507996
2026-09-03T02:00:00Z,158.500000,158.529007,157.910004,158.022003
2026-09-03T03:00:00Z,158.033005,158.033005,157.615997,157.768005
2026-09-03T04:00:00Z,157.764999,157.871994,157.535995,157.679001
2026-09-03T05:00:00Z,157.679001,157.785995,157.360992,157.369003
2026-09-03T06:00:00Z,157.365005,157.436005,156.994003,157.125000
2026-09-03T07:00:00Z,157.123001,157.360992,156.343002,157.050003
2026-09-03T08:00:00Z,157.039993,157.145004,156.524002,156.697998
2026-09-03T09:00:00Z,156.694000,156.854996,156.188004,156.408997
2026-09-03T10:00:00Z,156.401001,156.477005,156.167999,156.317001
2026-09-03T11:00:00Z,156.317993,156.365005,155.830002,156.087997
2026-09-03T12:00:00Z,156.084000,156.160004,155.386002,155.559006
2026-09-03T13:00:00Z,155.563004,155.742004,155.367996,155.376999
2026-09-03T14:00:00Z,155.378998,155.783005,155.335999,155.416000
2026-09-03T15:00:00Z,155.419998,155.751007,155.343994,155.388000
2026-09-03T16:00:00Z,155.384003,155.440994,155.294006,155.350998
2026-09-03T17:00:00Z,155.350998,155.490997,155.345993,155.462997
2026-09-03T18:00:00Z,155.464996,155.580994,155.384003,155.494995
2026-09-03T19:00:00Z,155.488998,155.850998,155.475998,155.748993
2026-09-03T20:00:00Z,155.748993,155.815002,155.722000,155.804993
2026-09-03T21:00:00Z,155.779007,155.889999,155.768997,155.848007
2026-09-03T22:00:00Z,155.848007,156.123001,155.774002,156.121002
2026-09-03T23:00:00Z,156.108002,156.167007,155.619995,155.634003
2026-09-04T00:00:00Z,155.634003,155.955994,155.281998,155.763000
2026-09-04T01:00:00Z,155.761002,156.076996,155.667999,155.848007
2026-09-04T02:00:00Z,155.848007,156.095001,155.768997,156.061005
2026-09-04T03:00:00Z,156.065002,156.440994,156.028000,156.365005
2026-09-04T04:00:00Z,156.358002,156.447998,156.248001,156.320007
2026-09-04T05:00:00Z,156.317001,156.417999,156.229996,156.328003
2026-09-04T06:00:00Z,156.328003,156.447006,156.074997,156.276001
2026-09-04T07:00:00Z,156.270004,156.412003,156.207993,156.296997
2026-09-04T08:00:00Z,156.302994,156.436996,156.283997,156.410004
2026-09-04T09:00:00Z,156.408005,156.580994,156.300003,156.479004
2026-09-04T10:00:00Z,156.472000,156.483002,156.274994,156.322998
2026-09-04T11:00:00Z,156.320007,156.367004,156.169998,156.259003
2026-09-04T12:00:00Z,156.261993,156.751999,155.341995,155.684998
2026-09-04T13:00:00Z,155.684006,156.145004,155.477997,155.841003
2026-09-04T14:00:00Z,155.839005,156.195999,155.828003,156.119003
2026-09-04T15:00:00Z,156.117996,156.171005,155.925995,156.106995
2026-09-04T16:00:00Z,156.108994,156.136002,155.964005,155.990997
2026-09-04T17:00:00Z,156.024002,156.192993,155.985992,156.138000
2026-09-04T18:00:00Z,156.138000,156.283005,156.113998,156.216995
2026-09-04T19:00:00Z,156.218994,156.257996,156.192001,156.231003
2026-09-04T20:00:00Z,156.231003,156.276001,156.169006,156.220993
2026-09-06T23:00:00Z,156.207993,156.244003,156.082993,156.197998
2026-09-07T00:00:00Z,156.197998,156.259003,155.794998,155.889008
2026-09-07T01:00:00Z,155.882004,156.125000,155.843994,156.026993
2026-09-07T02:00:00Z,156.033005,156.244995,156.014008,156.184998
2026-09-07T03:00:00Z,156.184998,156.214996,156.035004,156.044998
2026-09-07T04:00:00Z,156.048004,156.173996,156.024002,156.039001
2026-09-07T05:00:00Z,156.050995,156.100006,155.778000,155.796997
2026-09-07T06:00:00Z,155.800003,155.908005,155.533005,155.862000
2026-09-07T07:00:00Z,155.869995,155.904999,155.514999,155.544006
2026-09-07T08:00:00Z,155.546997,155.572998,154.048004,154.455002
2026-09-07T09:00:00Z,154.460007,154.569000,154.210999,154.496002
2026-09-07T10:00:00Z,154.498993,154.751007,154.455002,154.645996
2026-09-07T11:00:00Z,154.641998,154.772003,154.602997,154.727005
2026-09-07T12:00:00Z,154.723007,154.807007,154.242004,154.479996
2026-09-07T13:00:00Z,154.481995,154.582993,154.352005,154.507996
2026-09-07T14:00:00Z,154.507996,154.636002,154.264008,154.283997
2026-09-07T15:00:00Z,154.283005,154.440002,154.223007,154.389008
2026-09-07T16:00:00Z,154.384995,154.429993,154.270004,154.285995
2026-09-07T17:00:00Z,154.287994,154.388000,154.283005,154.345993
2026-09-07T18:00:00Z,154.345993,154.363007,154.330994,154.334000
2026-09-07T19:00:00Z,154.332001,154.378006,154.328003,154.350998
2026-09-07T20:00:00Z,154.350006,154.386002,154.302002,154.343994
2026-09-07T21:00:00Z,154.347000,154.378998,154.276993,154.328995
2026-09-07T22:00:00Z,154.328003,154.373993,154.145004,154.164993
2026-09-07T23:00:00Z,154.149994,154.167007,153.791000,153.817993
2026-09-08T00:00:00Z,153.826996,153.893005,153.520996,153.789001
2026-09-08T01:00:00Z,153.783997,153.809998,153.348999,153.348999
2026-09-08T02:00:00Z,153.363998,153.369003,152.880997,153.341003
2026-09-08T03:00:00Z,153.352005,153.362000,153.113998,153.322006
2026-09-08T04:00:00Z,153.328995,153.584000,153.227997,153.460999
2026-09-08T05:00:00Z,153.460999,153.591995,153.272995,153.315994
2026-09-08T06:00:00Z,153.320999,153.921005,153.253006,153.776993
2026-09-08T07:00:00Z,153.774002,153.970001,153.716003,153.800003
2026-09-08T08:00:00Z,153.794998,154.287994,153.727997,154.164993
2026-09-08T09:00:00Z,154.171997,154.188004,153.809006,153.912994
2026-09-08T10:00:00Z,153.903000,154.259003,153.901993,154.240997
2026-09-08T11:00:00Z,154.233002,154.423004,154.136002,154.255997
2026-09-08T12:00:00Z,154.257004,154.315994,153.787003,153.804993
2026-09-08T13:00:00Z,153.792999,153.929001,153.695007,153.804993
2026-09-08T14:00:00Z,153.804993,154.128998,153.781998,154.001999
2026-09-08T15:00:00Z,153.998001,154.264008,153.996002,154.244003
2026-09-08T16:00:00Z,154.235992,154.382996,154.212006,154.274994
2026-09-08T17:00:00Z,154.264008,154.324997,154.210007,154.218002
2026-09-08T18:00:00Z,154.216995,154.393005,153.438995,153.582001
2026-09-08T19:00:00Z,153.591003,154.007004,153.591003,153.981003
2026-09-08T20:00:00Z,153.985992,154.018997,153.917007,153.957001
2026-09-08T21:00:00Z,153.938995,153.979996,153.815994,153.850998
2026-09-08T22:00:00Z,153.830994,153.973999,153.613007,153.748001
2026-09-08T23:00:00Z,153.722000,153.737000,153.417007,153.444000
2026-09-09T00:00:00Z,153.444000,153.740005,153.246002,153.565994
2026-09-09T01:00:00Z,153.567993,153.830994,153.533997,153.552002
2026-09-09T02:00:00Z,153.546997,153.705002,153.451996,153.509995
2026-09-09T03:00:00Z,153.505005,153.598007,153.330002,153.447006
2026-09-09T04:00:00Z,153.440002,153.487000,153.296997,153.464996
2026-09-09T05:00:00Z,153.459000,153.483994,153.227997,153.300003
2026-09-09T06:00:00Z,153.294006,153.393005,152.929993,153.337997
2026-09-09T07:00:00Z,153.339005,153.371994,153.085999,153.102997
2026-09-09T08:00:00Z,153.108994,153.682007,153.097000,153.654999
2026-09-09T09:00:00Z,153.641998,153.664001,153.406998,153.647995
2026-09-09T10:00:00Z,153.639999,153.727997,153.481003,153.548996
2026-09-09T11:00:00Z,153.552994,153.582993,153.188004,153.225006
2026-09-09T12:00:00Z,153.227997,153.485992,153.190002,153.334000
2026-09-09T13:00:00Z,153.324005,153.447006,153.229996,153.279007
2026-09-09T14:00:00Z,153.279007,153.347000,153.095993,153.197006
2026-09-09T15:00:00Z,153.197006,153.800995,153.143997,153.533997
2026-09-09T16:00:00Z,153.533997,153.684998,153.419006,153.570999
2026-09-09T17:00:00Z,153.570999,153.597000,153.457993,153.466995
2026-09-09T18:00:00Z,153.464996,153.671005,153.432999,153.593002
2026-09-09T19:00:00Z,153.593002,153.727005,153.576996,153.632004
2026-09-09T20:00:00Z,153.632996,153.688995,153.501999,153.546005
2026-09-09T21:00:00Z,153.501007,153.593994,153.479996,153.535004
2026-09-09T22:00:00Z,153.537003,153.595001,153.319000,153.332993
2026-09-09T23:00:00Z,153.341995,153.619995,153.296997,153.529007
2026-09-10T00:00:00Z,153.533997,153.714996,153.472000,153.697998
2026-09-10T01:00:00Z,153.701996,153.744003,153.419006,153.432999
2026-09-10T02:00:00Z,153.432007,153.597000,153.274994,153.406998
2026-09-10T03:00:00Z,153.408997,153.488007,153.362000,153.382996
2026-09-10T04:00:00Z,153.380005,153.475006,153.291000,153.464996
2026-09-10T05:00:00Z,153.464996,153.679001,153.391006,153.604004
2026-09-10T06:00:00Z,153.591995,153.617996,153.404999,153.414993
2026-09-10T07:00:00Z,153.416000,153.565002,153.315002,153.389008
2026-09-10T08:00:00Z,153.393997,153.692001,153.386993,153.621002
2026-09-10T09:00:00Z,153.626999,153.776001,153.548004,153.694000
2026-09-10T10:00:00Z,153.694000,154.173996,153.654007,154.069000
2026-09-10T11:00:00Z,154.074005,154.201004,154.031006,154.151993
2026-09-10T12:00:00Z,154.151993,154.669998,154.130005,154.345001
2026-09-10T13:00:00Z,154.345001,154.363998,153.968002,154.042007
2026-09-10T14:00:00Z,154.046997,154.082993,153.841003,153.884995
2026-09-10T15:00:00Z,153.886993,154.119003,153.845993,154.059998
2026-09-10T16:00:00Z,154.059998,154.393005,154.044006,154.268997
2026-09-10T17:00:00Z,154.274994,154.348007,154.201996,154.251999
2026-09-10T18:00:00Z,154.251999,154.399002,154.235992,154.317001
2026-09-10T19:00:00Z,154.311996,154.395004,154.302994,154.339996
2026-09-10T20:00:00Z,154.334000,154.503998,154.332001,154.410995
2026-09-10T21:00:00Z,154.404007,154.404999,154.304993,154.365997
2026-09-10T22:00:00Z,154.356003,154.535995,154.347000,154.382996
2026-09-10T23:00:00Z,154.367004,154.617004,154.356995,154.455994
2026-09-11T00:00:00Z,154.464996,154.606995,154.311005,154.496002
2026-09-11T01:00:00Z,154.496002,154.531006,154.203995,154.350006
2026-09-11T02:00:00Z,154.345993,154.522003,154.313004,154.386002
2026-09-11T03:00:00Z,154.378998,154.507996,154.319000,154.393005
2026-09-11T04:00:00Z,154.393005,154.412994,154.257996,154.339996
2026-09-11T05:00:00Z,154.345001,154.352997,154.003998,154.052002
2026-09-11T06:00:00Z,154.052002,154.220001,153.955994,154.167999
2026-09-11T07:00:00Z,154.169006,154.283997,154.070007,154.216995
2026-09-11T08:00:00Z,154.220001,154.373993,154.039993,154.100006
2026-09-11T09:00:00Z,154.095993,154.229996,154.029999,154.098007
2026-09-11T10:00:00Z,154.097000,154.166000,153.949005,153.966003
2026-09-11T11:00:00Z,153.964996,154.089996,153.873001,154.022995
2026-09-11T12:00:00Z,154.022995,154.492004,153.431000,153.453003
2026-09-11T13:00:00Z,153.460999,153.641006,153.233994,153.431000
2026-09-11T14:00:00Z,153.417999,153.656998,153.393997,153.481003
2026-09-11T15:00:00Z,153.479996,153.738007,153.414001,153.703995
2026-09-11T16:00:00Z,153.705002,153.737000,153.630997,153.703995
2026-09-11T17:00:00Z,153.703995,153.757004,153.654007,153.692993
2026-09-11T18:00:00Z,153.692993,153.761002,153.669006,153.723007
2026-09-11T19:00:00Z,153.718002,153.774994,153.675003,153.682007
2026-09-11T20:00:00Z,153.690002,153.759995,153.438004,153.554001
2026-09-13T23:00:00Z,153.675003,153.735992,153.391998,153.410995
2026-09-14T00:00:00Z,153.417999,153.759003,153.367996,153.645004
2026-09-14T01:00:00Z,153.651001,153.873001,153.623993,153.731995
2026-09-14T02:00:00Z,153.735001,154.061996,153.731995,154.022995
2026-09-14T03:00:00Z,154.022003,154.141006,154.001007,154.052002
2026-09-14T04:00:00Z,154.048004,154.085007,153.931000,154.020996
2026-09-14T05:00:00Z,154.020004,154.106995,153.944000,154.024002
2026-09-14T06:00:00Z,154.018005,154.332001,153.985992,154.274994
2026-09-14T07:00:00Z,154.270004,154.462997,154.242996,154.388000
2026-09-14T08:00:00Z,154.388000,154.612000,154.352997,154.557999
2026-09-14T09:00:00Z,154.552994,154.589996,154.445007,154.548004
2026-09-14T10:00:00Z,154.554001,154.750000,154.537994,154.567993
2026-09-14T11:00:00Z,154.567001,154.630997,154.472000,154.574005
2026-09-14T12:00:00Z,154.574005,154.889008,154.494003,154.856003
2026-09-14T13:00:00Z,154.856003,155.000000,154.787994,154.917999
2026-09-14T14:00:00Z,154.912003,154.962006,154.621994,154.716995
2026-09-14T15:00:00Z,154.712997,154.731003,154.332001,154.423996
2026-09-14T16:00:00Z,154.417999,154.457993,154.261002,154.320007
2026-09-14T17:00:00Z,154.319000,154.425995,154.294006,154.395004
2026-09-14T18:00:00Z,154.399002,154.412994,153.968994,154.022003
2026-09-14T19:00:00Z,154.026993,154.360992,154.026993,154.350006
2026-09-14T20:00:00Z,154.350006,154.419006,154.313995,154.322998
2026-09-14T21:00:00Z,154.317001,154.335007,154.270996,154.300003
2026-09-14T22:00:00Z,154.322006,154.369995,154.250000,154.253006
2026-09-14T23:00:00Z,154.251999,154.442993,154.201996,154.421997
2026-09-15T00:00:00Z,154.414001,154.669006,154.397003,154.664001
2026-09-15T01:00:00Z,154.660004,154.768005,154.606003,154.744003
2026-09-15T02:00:00Z,154.737000,154.893005,154.705994,154.783997
2026-09-15T03:00:00Z,154.785995,154.792007,154.623001,154.647995
2026-09-15T04:00:00Z,154.653000,154.746002,154.621002,154.737000
2026-09-15T05:00:00Z,154.731995,154.912994,154.666000,154.804993
2026-09-15T06:00:00Z,154.807999,154.951996,154.705994,154.906006
2026-09-15T07:00:00Z,154.906006,154.949005,154.751999,154.884003
2026-09-15T08:00:00Z,154.875000,155.238007,154.779007,154.996994
2026-09-15T09:00:00Z,154.992004,155.057999,154.867004,154.914001
2026-09-15T10:00:00Z,154.908005,154.912994,154.725006,154.845001
2026-09-15T11:00:00Z,154.843994,154.901993,154.694000,154.893997
2026-09-15T12:00:00Z,154.893997,155.087006,154.826004,154.960999
2026-09-15T13:00:00Z,154.960999,155.166000,154.886993,154.979004
2026-09-15T14:00:00Z,154.981003,155.085999,154.882004,155.078003
2026-09-15T15:00:00Z,155.078003,155.169006,154.996002,155.106003
2026-09-15T16:00:00Z,155.100998,155.158005,155.033997,155.063004
2026-09-15T17:00:00Z,155.063004,155.192993,155.024994,155.167007
2026-09-15T18:00:00Z,155.162003,155.207993,155.072998,155.084000
2026-09-15T19:00:00Z,155.085999,155.141006,155.057999,155.121994
2026-09-15T20:00:00Z,155.125000,155.151001,155.063995,155.100998
2026-09-15T21:00:00Z,155.100006,155.123001,155.016998,155.067993
2026-09-15T22:00:00Z,155.072006,155.115997,155.007996,155.091995
2026-09-15T23:00:00Z,155.108002,155.427994,155.104996,155.285004
2026-09-16T00:00:00Z,155.274002,155.434998,155.134003,155.367996
2026-09-16T01:00:00Z,155.360992,155.490005,155.294998,155.417007
2026-09-16T02:00:00Z,155.417007,155.449997,155.233994,155.242004
2026-09-16T03:00:00Z,155.244995,155.401993,155.216995,155.369003
2026-09-16T04:00:00Z,155.367004,155.380997,155.285004,155.296997
2026-09-16T05:00:00Z,155.300003,155.339996,155.132004,155.184006
2026-09-16T06:00:00Z,155.182999,155.233002,154.957993,154.966995
2026-09-16T07:00:00Z,154.966003,155.067993,154.876999,154.977997
2026-09-16T08:00:00Z,154.972000,155.117004,154.947006,155.104004
2026-09-16T09:00:00Z,155.106995,155.156998,155.029007,155.132996
2026-09-16T10:00:00Z,155.126999,155.197998,155.091003,155.115005
2026-09-16T11:00:00Z,155.091995,155.153000,154.938004,155.031998
2026-09-16T12:00:00Z,155.031998,155.255997,155.005997,155.214996
2026-09-16T13:00:00Z,155.216003,155.300003,155.188995,155.279007
2026-09-16T14:00:00Z,155.281006,155.326004,155.063995,155.080994
2026-09-16T15:00:00Z,155.078003,155.115997,154.970001,155.080994
2026-09-16T16:00:00Z,155.080994,155.251007,155.061996,155.113007
2026-09-16T17:00:00Z,155.113998,155.158005,154.955002,154.990005
2026-09-16T18:00:00Z,155.024002,155.932007,154.817001,155.921997
2026-09-16T19:00:00Z,155.914993,156.197006,155.753998,156.162994
2026-09-16T20:00:00Z,156.160004,156.416000,156.106995,156.242996
2026-09-16T21:00:00Z,156.229996,156.242004,156.167007,156.229004
2026-09-16T22:00:00Z,156.231003,156.317993,156.195007,156.227005
2026-09-16T23:00:00Z,156.240005,156.291000,156.009003,156.041000
2026-09-17T00:00:00Z,156.033005,156.212006,155.869003,156.207993
2026-09-17T01:00:00Z,156.201004,156.268997,156.007004,156.162003
2026-09-17T02:00:00Z,156.162003,156.278000,156.098999,156.188004
2026-09-17T03:00:00Z,156.184998,156.197998,156.024994,156.115997
2026-09-17T04:00:00Z,156.113998,156.134003,156.009003,156.026993
2026-09-17T05:00:00Z,156.022995,156.029007,155.649002,155.703003
2026-09-17T06:00:00Z,155.697998,155.779007,155.520004,155.634003
2026-09-17T07:00:00Z,155.634003,155.766998,155.539993,155.673004
2026-09-17T08:00:00Z,155.673004,155.876007,155.656998,155.757996
2026-09-17T09:00:00Z,155.759003,155.776993,155.552002,155.738998
2026-09-17T10:00:00Z,155.738998,155.748993,155.550003,155.647003
2026-09-17T11:00:00Z,155.641998,155.910004,155.615005,155.871994
2026-09-17T12:00:00Z,155.880005,155.917007,155.291000,155.580002
2026-09-17T13:00:00Z,155.574997,155.802002,155.554993,155.664993
2026-09-17T14:00:00Z,155.669006,155.757996,155.585007,155.729996
2026-09-17T15:00:00Z,155.729996,155.886002,155.679993,155.850006
2026-09-17T16:00:00Z,155.848999,156.065002,155.826996,156.052002
2026-09-17T17:00:00Z,156.052002,156.102997,155.970001,155.996002
2026-09-17T18:00:00Z,155.994995,156.067993,155.988998,156.031006
2026-09-17T19:00:00Z,156.035995,156.046005,155.929993,155.981003
2026-09-17T20:00:00Z,155.979004,156.031998,155.934006,155.934006
2026-09-17T21:00:00Z,155.936005,155.964996,155.884003,155.947006
2026-09-17T22:00:00Z,155.925003,156.026001,155.919998,155.942001
2026-09-17T23:00:00Z,155.945007,156.169006,155.863998,156.145996
2026-09-18T00:00:00Z,156.156006,156.285995,156.112000,156.173004
2026-09-18T01:00:00Z,156.173004,156.319000,156.138000,156.218002
2026-09-18T02:00:00Z,156.214005,156.867996,156.126999,156.639008
2026-09-18T03:00:00Z,156.649994,157.145996,156.542007,157.041000
2026-09-18T04:00:00Z,157.042007,157.158005,156.880997,157.134003
2026-09-18T05:00:00Z,157.126999,157.326996,157.076004,157.186996
2026-09-18T06:00:00Z,157.186005,157.315994,156.492996,156.863007
2026-09-18T07:00:00Z,156.863007,157.546997,156.733994,157.488007
2026-09-18T08:00:00Z,157.494995,157.910004,157.485001,157.791000
2026-09-18T09:00:00Z,157.792007,158.054001,157.617004,157.945999
2026-09-18T10:00:00Z,157.945999,158.011993,157.746994,157.753998
2026-09-18T11:00:00Z,157.751007,157.897995,157.671997,157.826004
2026-09-18T12:00:00Z,157.835999,157.962997,157.694000,157.699997
2026-09-18T13:00:00Z,157.699997,157.891006,157.636993,157.863998
2026-09-18T14:00:00Z,157.865005,157.895996,156.964996,157.442993
2026-09-18T15:00:00Z,157.442001,157.507004,156.746002,156.875000
2026-09-18T16:00:00Z,156.867004,156.923004,156.671005,156.787003
2026-09-18T17:00:00Z,156.787003,156.794006,156.598007,156.667007
2026-09-18T18:00:00Z,156.673004,156.789993,156.645004,156.675995
2026-09-18T19:00:00Z,156.679001,156.768005,156.595001,156.729996
2026-09-18T20:00:00Z,156.725006,156.903000,156.701996,156.843002
2026-09-18T21:00:00Z,156.854996,156.854996,156.854996,156.854996
2026-09-20T23:00:00Z,157.059998,157.110001,156.895004,156.981003
2026-09-21T00:00:00Z,156.983994,157.069000,156.667007,156.862000
2026-09-21T01:00:00Z,156.858994,156.906998,156.570007,156.714005
2026-09-21T02:00:00Z,156.712006,156.893005,156.699005,156.882004
2026-09-21T03:00:00Z,156.882004,156.973999,156.869003,156.944000
2026-09-21T04:00:00Z,156.949997,157.084000,156.938995,157.020004
2026-09-21T05:00:00Z,157.014008,157.141998,156.968002,157.056000
2026-09-21T06:00:00Z,157.057007,157.119003,156.981995,157.061005
2026-09-21T07:00:00Z,157.061005,157.278000,157.048004,157.264999
2026-09-21T08:00:00Z,157.264999,157.272003,157.098007,157.238998
2026-09-21T09:00:00Z,157.240997,157.313995,157.162994,157.255997
2026-09-21T10:00:00Z,157.250000,157.283005,157.160995,157.272003
2026-09-21T11:00:00Z,157.274002,157.302002,157.162003,157.205994
2026-09-21T12:00:00Z,157.205994,157.371002,157.162003,157.324005
2026-09-21T13:00:00Z,157.328003,157.438004,157.276993,157.427994
2026-09-21T14:00:00Z,157.425003,157.522003,157.319000,157.459000
2026-09-21T15:00:00Z,157.453995,157.529007,157.410995,157.485001
2026-09-21T16:00:00Z,157.483002,157.492996,157.306000,157.419998
2026-09-21T17:00:00Z,157.419998,157.488007,157.391998,157.464005
2026-09-21T18:00:00Z,157.462997,157.505005,157.436005,157.445007
2026-09-21T19:00:00Z,157.447998,157.505997,157.335007,157.421005
2026-09-21T20:00:00Z,157.417999,157.442001,157.302002,157.302002
2026-09-21T21:00:00Z,157.311005,157.367996,157.218994,157.317001
2026-09-21T22:00:00Z,157.279999,157.444000,157.279999,157.311005
2026-09-21T23:00:00Z,157.300995,157.399002,157.283997,157.375000
2026-09-22T00:00:00Z,157.373993,157.404999,157.257996,157.347000
2026-09-22T01:00:00Z,157.347000,157.570007,157.347000,157.518005
2026-09-22T02:00:00Z,157.529007,157.529007,157.417007,157.492996
2026-09-22T03:00:00Z,157.492004,157.524994,157.384003,157.490005
2026-09-22T04:00:00Z,157.483002,157.529999,157.434006,157.462006
2026-09-22T05:00:00Z,157.455002,157.496002,157.423996,157.455994
2026-09-22T06:00:00Z,157.455994,157.688004,157.453995,157.604004
2026-09-22T07:00:00Z,157.604004,157.759003,157.604004,157.737000
2026-09-22T08:00:00Z,157.731003,157.776001,156.847000,157.171005
2026-09-22T09:00:00Z,157.162003,157.292007,156.848999,156.867996
2026-09-22T10:00:00Z,156.876007,157.104996,156.815994,157.018005
2026-09-22T11:00:00Z,157.018005,157.218994,157.014008,157.160004
2026-09-22T12:00:00Z,157.156998,157.360992,157.069000,157.296005
2026-09-22T13:00:00Z,157.300003,157.345001,157.164993,157.278000
2026-09-22T14:00:00Z,157.270004,157.384003,157.154007,157.268005
2026-09-22T15:00:00Z,157.266998,157.563004,157.266998,157.552002
2026-09-22T16:00:00Z,157.544006,157.604004,157.436005,157.455002
2026-09-22T17:00:00Z,157.455002,157.589996,157.354996,157.408997
2026-09-22T18:00:00Z,157.408005,157.516006,157.343994,157.490997
2026-09-22T19:00:00Z,157.498001,157.511002,157.225998,157.416000
2026-09-22T20:00:00Z,157.408997,157.419998,157.341995,157.395004
2026-09-22T21:00:00Z,157.307999,157.417999,157.306000,157.343002
2026-09-22T22:00:00Z,157.337997,157.490005,157.289993,157.470001
2026-09-22T23:00:00Z,157.438995,157.503998,157.427994,157.460999
2026-09-23T00:00:00Z,157.451996,157.582993,157.425003,157.578995
2026-09-23T01:00:00Z,157.574997,157.664993,157.552994,157.576004
2026-09-23T02:00:00Z,157.574997,157.651993,157.574997,157.625000
2026-09-23T03:00:00Z,157.625000,157.675995,157.574997,157.662994
2026-09-23T04:00:00Z,157.662994,157.677002,157.505997,157.587006
2026-09-23T05:00:00Z,157.587006,157.681000,157.567001,157.645996
2026-09-23T06:00:00Z,157.645996,157.714005,157.615997,157.701996
2026-09-23T07:00:00Z,157.699997,157.856995,157.692993,157.759995
2026-09-23T08:00:00Z,157.759995,157.878998,157.738998,157.878006
2026-09-23T09:00:00Z,157.871002,157.917999,157.828995,157.845993
2026-09-23T10:00:00Z,157.837997,157.867004,157.768997,157.822998
2026-09-23T11:00:00Z,157.822006,157.973999,157.798996,157.916000
2026-09-23T12:00:00Z,157.912003,157.985001,157.876999,157.880005
2026-09-23T13:00:00Z,157.880005,158.285004,157.764008,158.231995
2026-09-23T14:00:00Z,158.240997,158.365005,158.014999,158.184998
2026-09-23T15:00:00Z,158.182999,158.399002,158.158997,158.294006
2026-09-23T16:00:00Z,158.294006,158.382996,158.207993,158.363998
2026-09-23T17:00:00Z,158.356995,158.401001,158.097000,158.192993
2026-09-23T18:00:00Z,158.192001,158.330994,158.145996,158.259995
2026-09-23T19:00:00Z,158.268005,158.367004,158.242004,158.345993
2026-09-23T20:00:00Z,158.352005,158.369003,158.287003,158.304993
2026-09-23T21:00:00Z,158.287003,158.350998,158.177002,158.278000
2026-09-23T22:00:00Z,158.279007,158.319000,158.227997,158.266006
2026-09-23T23:00:00Z,158.253998,158.369003,158.218994,158.257996
2026-09-24T00:00:00Z,158.268005,158.350998,157.899002,158.056000
2026-09-24T01:00:00Z,158.054993,158.102997,157.828995,157.865997
2026-09-24T02:00:00Z,157.865997,157.968994,157.791000,157.895004
2026-09-24T03:00:00Z,157.895996,158.098007,157.856003,158.035004
2026-09-24T04:00:00Z,158.031006,158.076004,157.839005,157.886002
2026-09-24T05:00:00Z,157.886993,158.244995,157.837997,158.216995
2026-09-24T06:00:00Z,158.216995,158.485992,158.156998,158.431000
2026-09-24T07:00:00Z,158.432007,158.455002,158.065994,158.209000
2026-09-24T08:00:00Z,158.201996,158.492996,158.104996,158.483002
2026-09-24T09:00:00Z,158.487000,158.787003,158.483994,158.746994
2026-09-24T10:00:00Z,158.746994,158.802994,158.707001,158.737000
2026-09-24T11:00:00Z,158.738007,158.886993,158.639008,158.820999
2026-09-24T12:00:00Z,158.817993,158.865997,158.656998,158.688995
2026-09-24T13:00:00Z,158.682007,158.873001,158.600998,158.695999
2026-09-24T14:00:00Z,158.699005,158.901001,158.651993,158.891006
2026-09-24T15:00:00Z,158.895004,159.035995,158.865997,158.919006
2026-09-24T16:00:00Z,158.919006,158.938004,158.617004,158.800995
2026-09-24T17:00:00Z,158.804993,158.938995,158.679993,158.910004
2026-09-24T18:00:00Z,158.910004,159.029999,158.757004,158.852005
2026-09-24T19:00:00Z,158.850998,158.944000,158.817993,158.889008
2026-09-24T20:00:00Z,158.889999,158.947998,158.820007,158.832001
2026-09-24T21:00:00Z,158.835999,158.925995,158.733002,158.796005
2026-09-24T22:00:00Z,158.796997,158.856003,158.725006,158.755005
2026-09-24T23:00:00Z,158.755005,158.845993,158.740005,158.839005
2026-09-25T00:00:00Z,158.830002,158.850998,158.634003,158.645996
2026-09-25T01:00:00Z,158.645996,158.705994,158.580002,158.604004
2026-09-25T02:00:00Z,158.604004,158.612000,158.317001,158.464996
2026-09-25T03:00:00Z,158.466003,158.470001,158.302002,158.354996
2026-09-25T04:00:00Z,158.354996,158.457001,158.272003,158.414001
2026-09-25T05:00:00Z,158.417999,158.423996,158.108994,158.261993
2026-09-25T06:00:00Z,158.255005,158.255997,157.945007,158.048004
2026-09-25T07:00:00Z,158.048004,158.158005,157.945999,158.091995
2026-09-25T08:00:00Z,158.085007,158.294006,158.084000,158.119003
2026-09-25T09:00:00Z,158.121994,158.145004,157.654007,158.050995
2026-09-25T10:00:00Z,158.057007,158.067993,157.725006,157.834000
2026-09-25T11:00:00Z,157.837006,157.858002,157.488007,157.584000
2026-09-25T12:00:00Z,157.589005,157.766998,157.496002,157.498993
2026-09-25T13:00:00Z,157.509003,157.531006,156.932007,157.029999
2026-09-25T14:00:00Z,157.024002,157.472000,156.998993,157.147995
2026-09-25T15:00:00Z,157.141998,157.447006,157.130005,157.175995
2026-09-25T16:00:00Z,157.182007,157.255005,156.964005,157.197998
2026-09-25T17:00:00Z,157.199005,157.376007,157.190002,157.246994
2026-09-25T18:00:00Z,157.240005,157.309998,157.108002,157.126007
2026-09-25T19:00:00Z,157.126999,157.261002,157.104004,157.261002
